{"type":"FeatureCollection", "features": [
{"type":"Feature","geometry":{"type":"Polygon","coordinates":[[[-77.22096318,38.73394588],[-77.22090834,38.73372975],[-77.22097634,38.73344675],[-77.22098934,38.73314075],[-77.22092934,38.73284174],[-77.22082234,38.73264774],[-77.22049834,38.73233574],[-77.22011134,38.73189974],[-77.21937234,38.73155175],[-77.21918434,38.73130974],[-77.21906134,38.73098174],[-77.21891134,38.73081774],[-77.21876534,38.73041474],[-77.21851134,38.73013874],[-77.21814434,38.72989574],[-77.21803534,38.72962974],[-77.21786134,38.72939074],[-77.21738534,38.72895474],[-77.21690934,38.72844474],[-77.21683034,38.72802674],[-77.21673934,38.72781374],[-77.21644234,38.72747274],[-77.21623034,38.72697274],[-77.21622434,38.72686174],[-77.21587234,38.72633774],[-77.21558134,38.72550574],[-77.21553834,38.72517474],[-77.21555134,38.72471174],[-77.21549434,38.72458074],[-77.21539734,38.72399174],[-77.21530334,38.72372974],[-77.21506734,38.72345974],[-77.21471734,38.72327774],[-77.21461934,38.72313874],[-77.21379134,38.72229374],[-77.21374034,38.72214574],[-77.21375334,38.72167774],[-77.21384834,38.72151874],[-77.21375934,38.72135174],[-77.21326134,38.72097874],[-77.21288834,38.72061674],[-77.21251134,38.72048974],[-77.21233334,38.72032874],[-77.21211834,38.72023974],[-77.21167564,38.71989798],[-77.21102105,38.72017949],[-77.21049707,38.72046893],[-77.21022687,38.72068015],[-77.20993699,38.72101199],[-77.20951223,38.72163205],[-77.209214,38.72223291],[-77.20897654,38.72218223],[-77.20884207,38.72205718],[-77.20853836,38.72126809],[-77.20841746,38.72087847],[-77.20698149,38.72201332],[-77.20524141,38.72345366],[-77.20250253,38.72584544],[-77.20215365,38.7261409],[-77.2012091,38.72700233],[-77.20011606,38.72793212],[-77.19894595,38.72905053],[-77.19808475,38.72995131],[-77.19749457,38.73059832],[-77.19558652,38.73277261],[-77.19477774,38.73367806],[-77.1942941,38.73424661],[-77.19335448,38.73540461],[-77.19278102,38.73609161],[-77.19173284,38.73743237],[-77.19094545,38.73850554],[-77.19065828,38.73887169],[-77.18979029,38.74007241],[-77.1903512,38.74110084],[-77.19098675,38.74206008],[-77.19126552,38.74172481],[-77.19177845,38.74128429],[-77.1921149,38.74090771],[-77.19238163,38.74050838],[-77.19255802,38.74064216],[-77.19426141,38.74203146],[-77.19499999,38.74152204],[-77.19558811,38.74118807],[-77.19611239,38.74104671],[-77.19615736,38.74143186],[-77.19593805,38.7418253],[-77.1961223,38.74215463],[-77.19629368,38.74224062],[-77.19668527,38.74255254],[-77.19712836,38.74265564],[-77.19742811,38.74297804],[-77.19755614,38.74354033],[-77.19754541,38.74379208],[-77.19739419,38.74429659],[-77.19733977,38.74461953],[-77.19710203,38.74515556],[-77.19715004,38.74534478],[-77.19732787,38.74547338],[-77.19751472,38.74584417],[-77.19775357,38.74613742],[-77.19783843,38.74631961],[-77.19823384,38.74678598],[-77.19852583,38.7472744],[-77.1987103,38.74777506],[-77.19871038,38.74833235],[-77.19892424,38.74889306],[-77.19911777,38.74923814],[-77.19942306,38.74962244],[-77.19994428,38.75012363],[-77.20005877,38.75028943],[-77.20035091,38.75050692],[-77.20049879,38.75077125],[-77.20040683,38.7510454],[-77.1999734,38.75135677],[-77.19964953,38.75153734],[-77.19957137,38.7516981],[-77.19977294,38.75253768],[-77.1997792,38.75307752],[-77.20011341,38.75319],[-77.200279,38.75310349],[-77.20064996,38.7525334],[-77.20113575,38.75213453],[-77.20135368,38.75201526],[-77.20199692,38.75195697],[-77.20222958,38.75214422],[-77.20233079,38.75260706],[-77.20224805,38.75278589],[-77.20194774,38.75313677],[-77.20191703,38.75362882],[-77.20241995,38.75444761],[-77.20268064,38.75468979],[-77.20285673,38.75493455],[-77.20336068,38.75538214],[-77.20368075,38.75587658],[-77.20409162,38.75631961],[-77.20726494,38.75616557],[-77.20749266,38.75676398],[-77.2079668,38.75789648],[-77.20803666,38.75791235],[-77.21308421,38.75591242],[-77.215896,38.75549918],[-77.21594999,38.75549074],[-77.21597928,38.75483338],[-77.21589177,38.75325342],[-77.21575439,38.75269857],[-77.21541039,38.75232408],[-77.2144924,38.75149431],[-77.21372323,38.75057967],[-77.2134349,38.74983918],[-77.2133159,38.74963054],[-77.21223024,38.74837601],[-77.21220369,38.74829196],[-77.2120686,38.74565423],[-77.21210273,38.74511912],[-77.21227612,38.74445371],[-77.21233033,38.74435408],[-77.21230868,38.74399685],[-77.21205525,38.74326773],[-77.21190013,38.74292276],[-77.21171698,38.74198982],[-77.21128058,38.73875424],[-77.21114394,38.7383573],[-77.21081416,38.73797746],[-77.21014079,38.73701029],[-77.20942412,38.73611266],[-77.20906465,38.73562951],[-77.2086831,38.73501018],[-77.20842599,38.7344897],[-77.2083624,38.73428538],[-77.22096085,38.73394619],[-77.22096318,38.73394588]]]},"properties":{"PREC_IDENT":623,"PREC_NAME":"ALBAN","DISTRICT":"Mount Vernon","cx":-77.20431505388882,"cy":38.74006876648092},"id":623},
{"type":"Feature","geometry":{"type":"Polygon","coordinates":[[[-77.215896,38.75549918],[-77.21574454,38.75658693],[-77.2158514,38.75728011],[-77.2159867,38.75755895],[-77.21634752,38.75817116],[-77.2166365,38.758486],[-77.21727768,38.75906389],[-77.21770556,38.7589151],[-77.21892414,38.75843276],[-77.21952676,38.75827046],[-77.21991735,38.75819783],[-77.22034931,38.75816547],[-77.22134437,38.75822027],[-77.22230286,38.75835978],[-77.2235715,38.75841342],[-77.22424275,38.7583356],[-77.2246406,38.75824931],[-77.22523361,38.7580347],[-77.22692627,38.75750645],[-77.22656549,38.75741555],[-77.22621793,38.75705865],[-77.22573769,38.75667353],[-77.22553306,38.75664577],[-77.22534736,38.75644923],[-77.22533417,38.7561627],[-77.22509086,38.75603679],[-77.22500569,38.75590364],[-77.2252267,38.75566304],[-77.22526829,38.75516561],[-77.22542751,38.7549447],[-77.2259736,38.75465402],[-77.22607179,38.7543617],[-77.22620361,38.75416027],[-77.22661876,38.75390571],[-77.22656896,38.75366781],[-77.22660483,38.75340411],[-77.22649378,38.75325547],[-77.22618471,38.75308981],[-77.2258334,38.75275622],[-77.22536136,38.75256347],[-77.22502016,38.75247128],[-77.22455698,38.75245592],[-77.22435695,38.75236603],[-77.22414508,38.75239896],[-77.22394448,38.75256849],[-77.22374507,38.75258897],[-77.22328914,38.75248174],[-77.22305521,38.7522612],[-77.22306644,38.75206625],[-77.22329832,38.75158624],[-77.22375755,38.75099708],[-77.22367766,38.75089982],[-77.22307527,38.75080037],[-77.22232843,38.75043769],[-77.22174199,38.74995875],[-77.22135422,38.74990582],[-77.22110776,38.7497949],[-77.22103599,38.74957295],[-77.22106443,38.74936049],[-77.22134523,38.74920768],[-77.22199512,38.74909982],[-77.22222184,38.74902825],[-77.22280856,38.74875028],[-77.22271734,38.74843321],[-77.22258614,38.74823587],[-77.22254599,38.74800124],[-77.2227284,38.74715484],[-77.222679,38.74686531],[-77.22265165,38.74629197],[-77.22259749,38.74624583],[-77.2226525,38.74586698],[-77.22281263,38.74571154],[-77.22325672,38.74549287],[-77.22336448,38.7451786],[-77.22373267,38.74437696],[-77.22382411,38.74403361],[-77.22435024,38.74373089],[-77.22467512,38.74368172],[-77.22554519,38.74331042],[-77.225623,38.74321152],[-77.2257466,38.74256969],[-77.22564004,38.74236449],[-77.22555448,38.74187275],[-77.22538066,38.74149319],[-77.22535431,38.74108017],[-77.22538962,38.74094255],[-77.22563153,38.74052668],[-77.2257849,38.74012279],[-77.2257966,38.73996639],[-77.22571854,38.73935944],[-77.22566337,38.7392014],[-77.22544072,38.73896313],[-77.22463027,38.73822203],[-77.22430009,38.73801199],[-77.22378546,38.73735229],[-77.22367223,38.73712441],[-77.22366552,38.73668106],[-77.22376812,38.73632424],[-77.22297019,38.73583125],[-77.22255846,38.73552259],[-77.22197232,38.73484526],[-77.22177205,38.73455648],[-77.22112262,38.73412003],[-77.22096085,38.73394619],[-77.2083624,38.73428538],[-77.20842599,38.7344897],[-77.2086831,38.73501018],[-77.20906465,38.73562951],[-77.20942412,38.73611266],[-77.21014079,38.73701029],[-77.21081416,38.73797746],[-77.21114394,38.7383573],[-77.21128058,38.73875424],[-77.21171698,38.74198982],[-77.21190013,38.74292276],[-77.21205525,38.74326773],[-77.21230868,38.74399685],[-77.21233033,38.74435408],[-77.21227612,38.74445371],[-77.21210273,38.74511912],[-77.2120686,38.74565423],[-77.21220369,38.74829196],[-77.21223024,38.74837601],[-77.2133159,38.74963054],[-77.2134349,38.74983918],[-77.21372323,38.75057967],[-77.2144924,38.75149431],[-77.21541039,38.75232408],[-77.21575439,38.75269857],[-77.21589177,38.75325342],[-77.21597928,38.75483338],[-77.21594999,38.75549074],[-77.215896,38.75549918]]]},"properties":{"PREC_IDENT":855,"PREC_NAME":"SARATOGA","DISTRICT":"Springfield","cx":-77.2179632108257,"cy":38.74231057908748},"id":855},
{"type":"Feature","geometry":{"type":"Polygon","coordinates":[[[-77.14335464,38.76721851],[-77.14365432,38.76702275],[-77.14484132,38.76638475],[-77.14781532,38.76473375],[-77.14823432,38.76448075],[-77.14886332,38.76416775],[-77.14972332,38.76392175],[-77.15036132,38.76383775],[-77.15105432,38.76381575],[-77.15128626,38.76374444],[-77.15173066,38.76380035],[-77.15221967,38.76390895],[-77.15297899,38.76419229],[-77.15474781,38.7650735],[-77.15511297,38.76524109],[-77.15563594,38.76541048],[-77.15572432,38.76549975],[-77.15583632,38.76517875],[-77.15623732,38.76425175],[-77.15625113,38.76402388],[-77.15655194,38.76350557],[-77.15681819,38.7631475],[-77.15771197,38.7620538],[-77.15877832,38.76085875],[-77.15717332,38.75988275],[-77.15686532,38.75966275],[-77.15606632,38.75902375],[-77.15571532,38.75878175],[-77.15539732,38.75861175],[-77.15889332,38.75261875],[-77.15930832,38.75288175],[-77.16447633,38.75440475],[-77.16450409,38.75441863],[-77.1647537,38.75394583],[-77.16543507,38.75280795],[-77.16611729,38.7515731],[-77.16577992,38.75142234],[-77.16543005,38.75118906],[-77.16487331,38.7505772],[-77.1645451,38.75031121],[-77.16402368,38.75006361],[-77.16351,38.74996576],[-77.1626679,38.74991862],[-77.16206486,38.74979549],[-77.16137486,38.74956517],[-77.16093028,38.74952029],[-77.1603579,38.7495618],[-77.15987839,38.74970049],[-77.15952451,38.7498722],[-77.15913659,38.7501767],[-77.15839262,38.75095632],[-77.15796308,38.75123563],[-77.15762042,38.75136901],[-77.15664563,38.75155007],[-77.15624409,38.75164433],[-77.15399385,38.75232976],[-77.15344324,38.75251841],[-77.15267929,38.75286251],[-77.15205608,38.75318213],[-77.15120436,38.75371744],[-77.14958713,38.75486455],[-77.1490072,38.75511875],[-77.14765195,38.75538597],[-77.14725006,38.75549667],[-77.14690313,38.75566842],[-77.14578769,38.75642308],[-77.14518673,38.75686101],[-77.14490494,38.75711176],[-77.14460356,38.75747077],[-77.14408868,38.7581788],[-77.14396908,38.75838338],[-77.14386801,38.75872136],[-77.14349015,38.76053079],[-77.14335289,38.76148485],[-77.14320122,38.76190188],[-77.14304579,38.76214586],[-77.14273436,38.76247865],[-77.14225846,38.76279169],[-77.1417382,38.76303831],[-77.14127229,38.76337892],[-77.14105734,38.76361672],[-77.14076502,38.76405133],[-77.14026748,38.76457968],[-77.13975474,38.76498428],[-77.13955799,38.76518658],[-77.13937363,38.76547553],[-77.13928944,38.76584665],[-77.13930295,38.76605963],[-77.13942935,38.76642359],[-77.13959734,38.76662875],[-77.140659,38.76780697],[-77.14132064,38.76836751],[-77.14218664,38.76786851],[-77.14309664,38.76738251],[-77.14335464,38.76721851]]]},"properties":{"PREC_IDENT":421,"PREC_NAME":"KINGSTOWNE","DISTRICT":"Franconia","cx":-77.15132791257395,"cy":38.75882600264056},"id":421},
{"type":"Feature","geometry":{"type":"Polygon","coordinates":[[[-77.20803772,38.76189046],[-77.20761155,38.76224511],[-77.20669412,38.76313571],[-77.20614277,38.76356351],[-77.20573127,38.76382122],[-77.20521441,38.764086],[-77.20471659,38.76426724],[-77.20417,38.76443008],[-77.2035117,38.76456286],[-77.20270345,38.76464729],[-77.20232089,38.7646609],[-77.19889784,38.76460864],[-77.19890151,38.76504003],[-77.19897478,38.76514478],[-77.19948776,38.76538858],[-77.19980762,38.76587715],[-77.19992871,38.765983],[-77.19992249,38.76614834],[-77.19976571,38.76619747],[-77.1996768,38.76645773],[-77.19976066,38.76655895],[-77.19997308,38.76654925],[-77.20019382,38.7668129],[-77.20023464,38.76720895],[-77.20042125,38.76735813],[-77.2004623,38.76765885],[-77.20094279,38.7679505],[-77.20098677,38.76812913],[-77.20118943,38.76831786],[-77.20166214,38.768553],[-77.20214798,38.76886338],[-77.2027962,38.76894012],[-77.20285038,38.76934889],[-77.20301512,38.76945203],[-77.20303556,38.7696373],[-77.20323076,38.76989659],[-77.2034868,38.76991026],[-77.20380011,38.77009424],[-77.20421005,38.7702466],[-77.20461583,38.77018817],[-77.2052384,38.77016958],[-77.20529682,38.77029372],[-77.20564815,38.77016065],[-77.20569148,38.76991072],[-77.20592886,38.76964954],[-77.20646301,38.76920068],[-77.20672396,38.76885782],[-77.20667383,38.76854852],[-77.2067503,38.76836397],[-77.2071496,38.76804349],[-77.20705211,38.76780603],[-77.2070883,38.76751904],[-77.20705785,38.76721777],[-77.20680601,38.76606183],[-77.2068265,38.76563825],[-77.20689232,38.76538319],[-77.20729467,38.76492383],[-77.20744414,38.76450761],[-77.20778057,38.76419197],[-77.20815288,38.76389777],[-77.20823757,38.7635413],[-77.20846421,38.76306743],[-77.20862307,38.7628467],[-77.20870978,38.76261574],[-77.20872187,38.76236247],[-77.20856837,38.76219189],[-77.20803772,38.76189046]]]},"properties":{"PREC_IDENT":426,"PREC_NAME":"GREENSPRING","DISTRICT":"Franconia","cx":-77.20416512663601,"cy":38.76675409859584},"id":426},
{"type":"Feature","geometry":{"type":"Polygon","coordinates":[[[-77.20409162,38.75631961],[-77.20443747,38.75665599],[-77.20468727,38.75714821],[-77.20543471,38.75792918],[-77.2057105,38.75827851],[-77.20596917,38.75847708],[-77.20634357,38.75865702],[-77.20642299,38.75887447],[-77.20628205,38.75912287],[-77.2058817,38.75931394],[-77.20547424,38.75932573],[-77.2052156,38.75952315],[-77.20513032,38.75982708],[-77.20517396,38.76027125],[-77.20527794,38.76050677],[-77.20598965,38.76170697],[-77.20620682,38.76185553],[-77.2069412,38.76184459],[-77.20740143,38.76175498],[-77.2077219,38.7615721],[-77.2081642,38.76179058],[-77.20803772,38.76189046],[-77.20856837,38.76219189],[-77.20872187,38.76236247],[-77.20870978,38.76261574],[-77.20862307,38.7628467],[-77.20846421,38.76306743],[-77.20823757,38.7635413],[-77.20815288,38.76389777],[-77.20778057,38.76419197],[-77.20744414,38.76450761],[-77.20729467,38.76492383],[-77.20689232,38.76538319],[-77.2068265,38.76563825],[-77.20680601,38.76606183],[-77.20705785,38.76721777],[-77.2070883,38.76751904],[-77.20705211,38.76780603],[-77.2071496,38.76804349],[-77.2067503,38.76836397],[-77.20667383,38.76854852],[-77.20672396,38.76885782],[-77.20646301,38.76920068],[-77.20592886,38.76964954],[-77.20569148,38.76991072],[-77.20564815,38.77016065],[-77.20529682,38.77029372],[-77.20506942,38.77050634],[-77.20476516,38.77069611],[-77.20456291,38.77098565],[-77.2042504,38.77095168],[-77.20379505,38.77112771],[-77.20388371,38.77128977],[-77.20367812,38.77143309],[-77.20363851,38.77167958],[-77.20330604,38.77192362],[-77.2032784,38.77219788],[-77.20291131,38.77284481],[-77.2028979,38.77329224],[-77.2030882,38.77360125],[-77.20373912,38.77392873],[-77.2037331,38.77430887],[-77.20378251,38.77442083],[-77.20347094,38.77463963],[-77.20328981,38.77467296],[-77.20323901,38.77480045],[-77.20332364,38.77520177],[-77.20354997,38.77526849],[-77.20436617,38.77494975],[-77.20487415,38.77479334],[-77.20612082,38.77452426],[-77.20734864,38.77432773],[-77.20779824,38.77429561],[-77.20903358,38.77426528],[-77.2098717,38.77428137],[-77.21103763,38.7744054],[-77.21164264,38.77450954],[-77.21231355,38.77465559],[-77.21292452,38.77481882],[-77.21361864,38.77504063],[-77.21487648,38.77551851],[-77.21600852,38.77597028],[-77.21630777,38.77551771],[-77.21640345,38.77526749],[-77.21637311,38.77480582],[-77.21631373,38.77459509],[-77.21607295,38.77432746],[-77.21527558,38.77379835],[-77.21504114,38.77356922],[-77.21486779,38.77325839],[-77.21482144,38.77290776],[-77.21491197,38.77255313],[-77.21505285,38.77232538],[-77.21532041,38.77207567],[-77.21606572,38.77159092],[-77.21641849,38.7712831],[-77.21676643,38.77085303],[-77.21699326,38.77072232],[-77.21732795,38.77064086],[-77.22200009,38.77006165],[-77.22233697,38.77005433],[-77.22265173,38.77010719],[-77.22303127,38.77026511],[-77.22351304,38.77059164],[-77.22390771,38.77068793],[-77.22416371,38.77069209],[-77.22668078,38.77038168],[-77.22733655,38.77039155],[-77.2277389,38.77045084],[-77.22811596,38.77055104],[-77.22865911,38.77078073],[-77.2299612,38.77153491],[-77.23021095,38.77169414],[-77.23050546,38.77209963],[-77.23102052,38.77233175],[-77.23195155,38.77244892],[-77.2320007,38.77145263],[-77.23198062,38.7711984],[-77.23188255,38.77099139],[-77.23165267,38.77070056],[-77.23127248,38.77037928],[-77.22999454,38.76964872],[-77.22930234,38.76931856],[-77.2286157,38.76907083],[-77.22790732,38.76886269],[-77.2267935,38.76857324],[-77.22628118,38.76838644],[-77.22600003,38.76821862],[-77.22491667,38.7673995],[-77.224563,38.76716773],[-77.22371818,38.76674388],[-77.22329846,38.7664798],[-77.22236755,38.76576941],[-77.22217772,38.76559571],[-77.22188039,38.76515585],[-77.22166384,38.76470999],[-77.2215549,38.7643271],[-77.22145251,38.76357631],[-77.22132617,38.76318636],[-77.22098389,38.76231624],[-77.22062949,38.76173432],[-77.22039156,38.76150517],[-77.21969153,38.7610307],[-77.21908913,38.76058886],[-77.21727768,38.75906389],[-77.2166365,38.758486],[-77.21634752,38.75817116],[-77.2159867,38.75755895],[-77.2158514,38.75728011],[-77.21574454,38.75658693],[-77.215896,38.75549918],[-77.21308421,38.75591242],[-77.20803666,38.75791235],[-77.2079668,38.75789648],[-77.20749266,38.75676398],[-77.20726494,38.75616557],[-77.20409162,38.75631961]]]},"properties":{"PREC_IDENT":431,"PREC_NAME":"WEST SPRINGFIELD","DISTRICT":"Franconia","cx":-77.21389917211481,"cy":38.76600490178699},"id":431},
{"type":"Feature","geometry":{"type":"Polygon","coordinates":[[[-77.26200564,38.77457213],[-77.26310193,38.77506086],[-77.2638442,38.77534741],[-77.26462574,38.77559456],[-77.26582109,38.77585017],[-77.26663661,38.77595761],[-77.26773016,38.77601304],[-77.26895452,38.77600942],[-77.26966285,38.77602647],[-77.27054565,38.77609752],[-77.27151462,38.7762587],[-77.27397124,38.77661119],[-77.27500639,38.7768005],[-77.2755528,38.77685014],[-77.27569015,38.77681863],[-77.27504255,38.7759139],[-77.27488056,38.7757447],[-77.27445957,38.7751293],[-77.27413527,38.77460417],[-77.27373368,38.77408646],[-77.27339468,38.77360098],[-77.27319142,38.77317871],[-77.27283646,38.77260107],[-77.27419641,38.77204823],[-77.27441611,38.77191872],[-77.27469077,38.7716511],[-77.27485012,38.77135757],[-77.27492109,38.77089834],[-77.27500271,38.77063695],[-77.27519348,38.77035198],[-77.27547803,38.77012154],[-77.27573276,38.76999376],[-77.27631788,38.76982686],[-77.27661334,38.76977915],[-77.27695341,38.76978956],[-77.27764593,38.76990799],[-77.27805642,38.76990266],[-77.2789651,38.76968558],[-77.2792017,38.76959193],[-77.27972994,38.76926241],[-77.28048434,38.76842173],[-77.28087964,38.76807023],[-77.28156259,38.76771759],[-77.28197837,38.76760658],[-77.28255875,38.767511],[-77.28248989,38.76722744],[-77.28216236,38.76668444],[-77.28213448,38.76646721],[-77.28228227,38.76581793],[-77.28227358,38.76550342],[-77.28209171,38.76505804],[-77.28184088,38.76475063],[-77.28130902,38.76426179],[-77.28116585,38.76401728],[-77.28105918,38.76368939],[-77.28186976,38.76346028],[-77.28288987,38.76307819],[-77.28260101,38.76253147],[-77.28202208,38.76130209],[-77.28174614,38.76082141],[-77.28125398,38.76026846],[-77.27974695,38.75896488],[-77.2790562,38.7583357],[-77.27819649,38.7573313],[-77.27703154,38.75571683],[-77.27665418,38.75522272],[-77.27610796,38.75455384],[-77.27567647,38.75414979],[-77.27512977,38.75371569],[-77.27471222,38.75344603],[-77.2722104,38.75763749],[-77.27060383,38.76037072],[-77.27042912,38.76064202],[-77.26913422,38.76284747],[-77.26846765,38.76396603],[-77.26766243,38.76535149],[-77.26374465,38.77201666],[-77.26353515,38.77250532],[-77.26344541,38.77263148],[-77.26317979,38.77319954],[-77.26200564,38.77457213]]]},"properties":{"PREC_IDENT":825,"PREC_NAME":"CHERRY RUN","DISTRICT":"Springfield","cx":-77.27397908123928,"cy":38.76503380726814},"id":825},
{"type":"Feature","geometry":{"type":"Polygon","coordinates":[[[-77.21727768,38.75906389],[-77.21908913,38.76058886],[-77.21969153,38.7610307],[-77.22039156,38.76150517],[-77.22062949,38.76173432],[-77.22098389,38.76231624],[-77.22132617,38.76318636],[-77.22145251,38.76357631],[-77.2215549,38.7643271],[-77.22166384,38.76470999],[-77.22188039,38.76515585],[-77.22217772,38.76559571],[-77.22236755,38.76576941],[-77.22329846,38.7664798],[-77.22371818,38.76674388],[-77.224563,38.76716773],[-77.22491667,38.7673995],[-77.22600003,38.76821862],[-77.22628118,38.76838644],[-77.2267935,38.76857324],[-77.22790732,38.76886269],[-77.2286157,38.76907083],[-77.22930234,38.76931856],[-77.22999454,38.76964872],[-77.23127248,38.77037928],[-77.23165267,38.77070056],[-77.23188255,38.77099139],[-77.23198062,38.7711984],[-77.2320007,38.77145263],[-77.23195155,38.77244892],[-77.23189629,38.77279708],[-77.23164304,38.77382961],[-77.23142941,38.77539942],[-77.23156231,38.77581963],[-77.23211183,38.77688418],[-77.23245215,38.77747827],[-77.23280647,38.77827434],[-77.2333852,38.77927604],[-77.23501573,38.77892154],[-77.23661437,38.77858454],[-77.23709721,38.77845793],[-77.2379142,38.77828136],[-77.23884151,38.77801536],[-77.23951598,38.77796357],[-77.24114606,38.77803188],[-77.2416699,38.77796748],[-77.24206096,38.77787281],[-77.24240356,38.77774056],[-77.24306623,38.77736047],[-77.24339706,38.77709902],[-77.24381064,38.776719],[-77.24470075,38.77596925],[-77.24524411,38.77558924],[-77.24599437,38.77516851],[-77.24592116,38.77513085],[-77.24538152,38.77501071],[-77.24485083,38.77511153],[-77.24456942,38.77511546],[-77.24420887,38.77500453],[-77.24412408,38.77483227],[-77.24420281,38.77448857],[-77.24407529,38.77424203],[-77.24357474,38.77393521],[-77.24308812,38.77356801],[-77.24277524,38.77350212],[-77.24259456,38.77337112],[-77.24245027,38.77310518],[-77.24223184,38.77284238],[-77.2420387,38.77243375],[-77.24175422,38.77225693],[-77.24132378,38.77145523],[-77.24080262,38.77083279],[-77.24051382,38.77064908],[-77.24003171,38.77049709],[-77.23977803,38.7703011],[-77.23952169,38.77021874],[-77.23902939,38.76991201],[-77.23883326,38.7695509],[-77.23886503,38.76937366],[-77.23908072,38.76911148],[-77.23930643,38.76906604],[-77.23955179,38.76886843],[-77.23978494,38.76885886],[-77.24010842,38.7686965],[-77.24032524,38.76821563],[-77.24041418,38.76787626],[-77.24041668,38.76761984],[-77.24054229,38.7673374],[-77.24035375,38.7671194],[-77.23945199,38.76661913],[-77.23929421,38.7665915],[-77.23880111,38.76615433],[-77.23845999,38.76603291],[-77.23808284,38.76600825],[-77.23780028,38.76609127],[-77.23730828,38.76609949],[-77.23708674,38.76599973],[-77.23649419,38.76608083],[-77.23562857,38.76569057],[-77.23526252,38.7657093],[-77.23506927,38.76585586],[-77.23473406,38.76591974],[-77.23450441,38.76589227],[-77.2343633,38.76575173],[-77.23439652,38.7654258],[-77.2342559,38.76518923],[-77.23449146,38.76459621],[-77.23471369,38.76420479],[-77.23482646,38.76370306],[-77.23457646,38.76321066],[-77.2342837,38.76287967],[-77.23393555,38.76265872],[-77.23369728,38.76283563],[-77.23344555,38.76290511],[-77.23283693,38.76290249],[-77.2322113,38.76317043],[-77.23207281,38.7630989],[-77.23148375,38.76310653],[-77.23131188,38.76297607],[-77.23135042,38.7626123],[-77.23148694,38.76230638],[-77.23133131,38.76212643],[-77.23145286,38.76184897],[-77.23159278,38.76178311],[-77.23154649,38.76144171],[-77.23139872,38.76124503],[-77.23145439,38.76091194],[-77.23156856,38.76077704],[-77.23161453,38.76046987],[-77.23144598,38.76019692],[-77.23125804,38.76007258],[-77.23093081,38.76016013],[-77.23014899,38.76029231],[-77.22958774,38.76081093],[-77.22946651,38.76099841],[-77.22914243,38.7611375],[-77.22866365,38.76123098],[-77.22806577,38.76122852],[-77.22756101,38.76137856],[-77.22738075,38.76127618],[-77.22721439,38.76090975],[-77.22719711,38.76052458],[-77.22706368,38.76030605],[-77.22684798,38.75927735],[-77.22689276,38.759095],[-77.22725971,38.75824144],[-77.22729688,38.75809751],[-77.22723217,38.75775807],[-77.22692627,38.75750645],[-77.22523361,38.7580347],[-77.2246406,38.75824931],[-77.22424275,38.7583356],[-77.2235715,38.75841342],[-77.22230286,38.75835978],[-77.22134437,38.75822027],[-77.22034931,38.75816547],[-77.21991735,38.75819783],[-77.21952676,38.75827046],[-77.21892414,38.75843276],[-77.21770556,38.7589151],[-77.21727768,38.75906389]]]},"properties":{"PREC_IDENT":812,"PREC_NAME":"VALLEY","DISTRICT":"Springfield","cx":-77.23610898827272,"cy":38.77292029250961},"id":812},
{"type":"Feature","geometry":{"type":"Polygon","coordinates":[[[-77.18979029,38.74007241],[-77.18921509,38.74091102],[-77.18791842,38.74298767],[-77.18756318,38.74362354],[-77.18679713,38.74505666],[-77.18621329,38.74630372],[-77.18574156,38.74736392],[-77.18531587,38.74839854],[-77.18493583,38.74942819],[-77.18451405,38.7508226],[-77.18416487,38.75208188],[-77.183859,38.75365608],[-77.1838302,38.75369695],[-77.18358587,38.75497389],[-77.18335154,38.75647063],[-77.18321992,38.75752915],[-77.18309719,38.75886787],[-77.1830615,38.75947573],[-77.18269199,38.76681601],[-77.18264483,38.76785762],[-77.18253749,38.76912099],[-77.18240719,38.77010537],[-77.18233852,38.77078975],[-77.18219478,38.77155018],[-77.18190634,38.77274149],[-77.18161269,38.77402473],[-77.18125404,38.77483491],[-77.18111008,38.77541546],[-77.18113229,38.77592511],[-77.18135705,38.77686817],[-77.18109606,38.77789914],[-77.1809136,38.77869681],[-77.1836629,38.77911018],[-77.18431113,38.77915315],[-77.18544861,38.77910824],[-77.18747468,38.7788165],[-77.19042285,38.77836066],[-77.19155257,38.77816319],[-77.19291101,38.77792708],[-77.19343927,38.77781488],[-77.19476286,38.777566],[-77.1958673,38.77740665],[-77.19812792,38.77713657],[-77.19857107,38.77707421],[-77.19935319,38.77689066],[-77.19987233,38.77670007],[-77.20141714,38.77604852],[-77.20216391,38.77568469],[-77.20332364,38.77520177],[-77.20323901,38.77480045],[-77.20328981,38.77467296],[-77.20347094,38.77463963],[-77.20378251,38.77442083],[-77.2037331,38.77430887],[-77.20373912,38.77392873],[-77.2030882,38.77360125],[-77.2028979,38.77329224],[-77.20291131,38.77284481],[-77.2032784,38.77219788],[-77.20330604,38.77192362],[-77.20363851,38.77167958],[-77.20367812,38.77143309],[-77.20388371,38.77128977],[-77.20379505,38.77112771],[-77.2042504,38.77095168],[-77.20456291,38.77098565],[-77.20476516,38.77069611],[-77.20506942,38.77050634],[-77.20529682,38.77029372],[-77.2052384,38.77016958],[-77.20461583,38.77018817],[-77.20421005,38.7702466],[-77.20380011,38.77009424],[-77.2034868,38.76991026],[-77.20323076,38.76989659],[-77.20303556,38.7696373],[-77.20301512,38.76945203],[-77.20285038,38.76934889],[-77.2027962,38.76894012],[-77.20214798,38.76886338],[-77.20166214,38.768553],[-77.20118943,38.76831786],[-77.20098677,38.76812913],[-77.20094279,38.7679505],[-77.2004623,38.76765885],[-77.20042125,38.76735813],[-77.20023464,38.76720895],[-77.20019382,38.7668129],[-77.19997308,38.76654925],[-77.19976066,38.76655895],[-77.1996768,38.76645773],[-77.19976571,38.76619747],[-77.19992249,38.76614834],[-77.19992871,38.765983],[-77.19980762,38.76587715],[-77.19948776,38.76538858],[-77.19897478,38.76514478],[-77.19890151,38.76504003],[-77.19889784,38.76460864],[-77.20232089,38.7646609],[-77.20270345,38.76464729],[-77.2035117,38.76456286],[-77.20417,38.76443008],[-77.20471659,38.76426724],[-77.20521441,38.764086],[-77.20573127,38.76382122],[-77.20614277,38.76356351],[-77.20669412,38.76313571],[-77.20761155,38.76224511],[-77.20803772,38.76189046],[-77.2081642,38.76179058],[-77.2077219,38.7615721],[-77.20740143,38.76175498],[-77.2069412,38.76184459],[-77.20620682,38.76185553],[-77.20598965,38.76170697],[-77.20527794,38.76050677],[-77.20517396,38.76027125],[-77.20513032,38.75982708],[-77.2052156,38.75952315],[-77.20547424,38.75932573],[-77.2058817,38.75931394],[-77.20628205,38.75912287],[-77.20642299,38.75887447],[-77.20634357,38.75865702],[-77.20596917,38.75847708],[-77.2057105,38.75827851],[-77.20543471,38.75792918],[-77.20468727,38.75714821],[-77.20443747,38.75665599],[-77.20409162,38.75631961],[-77.20368075,38.75587658],[-77.20336068,38.75538214],[-77.20285673,38.75493455],[-77.20268064,38.75468979],[-77.20241995,38.75444761],[-77.20191703,38.75362882],[-77.20194774,38.75313677],[-77.20224805,38.75278589],[-77.20233079,38.75260706],[-77.20222958,38.75214422],[-77.20199692,38.75195697],[-77.20135368,38.75201526],[-77.20113575,38.75213453],[-77.20064996,38.7525334],[-77.200279,38.75310349],[-77.20011341,38.75319],[-77.1997792,38.75307752],[-77.19977294,38.75253768],[-77.19957137,38.7516981],[-77.19964953,38.75153734],[-77.1999734,38.75135677],[-77.20040683,38.7510454],[-77.20049879,38.75077125],[-77.20035091,38.75050692],[-77.20005877,38.75028943],[-77.19994428,38.75012363],[-77.19942306,38.74962244],[-77.19911777,38.74923814],[-77.19892424,38.74889306],[-77.19871038,38.74833235],[-77.1987103,38.74777506],[-77.19852583,38.7472744],[-77.19823384,38.74678598],[-77.19783843,38.74631961],[-77.19775357,38.74613742],[-77.19751472,38.74584417],[-77.19732787,38.74547338],[-77.19715004,38.74534478],[-77.19710203,38.74515556],[-77.19733977,38.74461953],[-77.19739419,38.74429659],[-77.19754541,38.74379208],[-77.19755614,38.74354033],[-77.19742811,38.74297804],[-77.19712836,38.74265564],[-77.19668527,38.74255254],[-77.19629368,38.74224062],[-77.1961223,38.74215463],[-77.19593805,38.7418253],[-77.19615736,38.74143186],[-77.19611239,38.74104671],[-77.19558811,38.74118807],[-77.19499999,38.74152204],[-77.19426141,38.74203146],[-77.19255802,38.74064216],[-77.19238163,38.74050838],[-77.1921149,38.74090771],[-77.19177845,38.74128429],[-77.19126552,38.74172481],[-77.19098675,38.74206008],[-77.1903512,38.74110084],[-77.18979029,38.74007241]]]},"properties":{"PREC_IDENT":417,"PREC_NAME":"GARFIELD","DISTRICT":"Franconia","cx":-77.1915238816384,"cy":38.761024877020176},"id":417},
{"type":"Feature","geometry":{"type":"Polygon","coordinates":[[[-77.27569015,38.77681863],[-77.27614822,38.77752365],[-77.27639337,38.77816604],[-77.27668212,38.77933887],[-77.27678153,38.77968179],[-77.27744828,38.78111394],[-77.27759895,38.78153702],[-77.27794815,38.78225189],[-77.27822356,38.78256094],[-77.27851036,38.78281931],[-77.27934197,38.78343073],[-77.27972941,38.78375467],[-77.28083043,38.78317023],[-77.28131133,38.78294868],[-77.28161811,38.78285713],[-77.28193652,38.7826998],[-77.28257805,38.78231515],[-77.28418499,38.78127047],[-77.28486845,38.78089448],[-77.28511735,38.78069797],[-77.28670971,38.77968194],[-77.2870887,38.77946755],[-77.28741233,38.77920728],[-77.28810967,38.77883828],[-77.28858812,38.77875809],[-77.28993497,38.77877475],[-77.29113039,38.77882552],[-77.29203545,38.77882798],[-77.29304468,38.77889466],[-77.29346569,38.77868343],[-77.29401126,38.77815769],[-77.29442783,38.77779263],[-77.29456044,38.77762511],[-77.29507697,38.77715672],[-77.29532486,38.77701785],[-77.29608428,38.77670848],[-77.29694104,38.77645091],[-77.29630523,38.77608328],[-77.29548588,38.77557371],[-77.29468448,38.77504098],[-77.29416168,38.77462919],[-77.29321772,38.77381352],[-77.29303134,38.77363174],[-77.29140232,38.77225292],[-77.29072823,38.77166243],[-77.28970201,38.77073604],[-77.28876297,38.76984212],[-77.28845623,38.76951903],[-77.28792088,38.7690247],[-77.28720309,38.76832528],[-77.28691422,38.76798315],[-77.28416246,38.7649793],[-77.28375355,38.76447803],[-77.2833192,38.76382271],[-77.28288987,38.76307819],[-77.28186976,38.76346028],[-77.28105918,38.76368939],[-77.28116585,38.76401728],[-77.28130902,38.76426179],[-77.28184088,38.76475063],[-77.28209171,38.76505804],[-77.28227358,38.76550342],[-77.28228227,38.76581793],[-77.28213448,38.76646721],[-77.28216236,38.76668444],[-77.28248989,38.76722744],[-77.28255875,38.767511],[-77.28197837,38.76760658],[-77.28156259,38.76771759],[-77.28087964,38.76807023],[-77.28048434,38.76842173],[-77.27972994,38.76926241],[-77.2792017,38.76959193],[-77.2789651,38.76968558],[-77.27805642,38.76990266],[-77.27764593,38.76990799],[-77.27695341,38.76978956],[-77.27661334,38.76977915],[-77.27631788,38.76982686],[-77.27573276,38.76999376],[-77.27547803,38.77012154],[-77.27519348,38.77035198],[-77.27500271,38.77063695],[-77.27492109,38.77089834],[-77.27485012,38.77135757],[-77.27469077,38.7716511],[-77.27441611,38.77191872],[-77.27419641,38.77204823],[-77.27283646,38.77260107],[-77.27319142,38.77317871],[-77.27339468,38.77360098],[-77.27373368,38.77408646],[-77.27413527,38.77460417],[-77.27445957,38.7751293],[-77.27488056,38.7757447],[-77.27504255,38.7759139],[-77.27569015,38.77681863]]]},"properties":{"PREC_IDENT":842,"PREC_NAME":"PARKWAY","DISTRICT":"Springfield","cx":-77.28362385765311,"cy":38.77450506483682},"id":842},
{"type":"Feature","geometry":{"type":"Polygon","coordinates":[[[-77.27972941,38.78375467],[-77.28130376,38.78504933],[-77.28190022,38.78546194],[-77.28373187,38.78648462],[-77.28452141,38.78689236],[-77.28505076,38.78712576],[-77.28558088,38.78731387],[-77.28611168,38.78746215],[-77.28687402,38.78761146],[-77.28739931,38.78767044],[-77.28843012,38.78771267],[-77.28920264,38.78767534],[-77.29009298,38.78751702],[-77.29069243,38.78733922],[-77.29213639,38.78680626],[-77.29326212,38.7864183],[-77.29413688,38.78614171],[-77.29499201,38.78598849],[-77.29557517,38.78594367],[-77.29630477,38.78595391],[-77.29698463,38.7860007],[-77.29790796,38.78617493],[-77.29935781,38.78654402],[-77.30129976,38.78707053],[-77.3019315,38.7872692],[-77.3025938,38.7875286],[-77.30317208,38.78630291],[-77.30325636,38.78587676],[-77.30326206,38.78511342],[-77.30334493,38.78435087],[-77.30357799,38.78320678],[-77.30370583,38.78227169],[-77.30376876,38.78144165],[-77.30389284,38.78094314],[-77.30400238,38.78068476],[-77.30432007,38.78014565],[-77.30370016,38.77987296],[-77.30228562,38.77928598],[-77.30070324,38.77866705],[-77.29969796,38.77815424],[-77.29865276,38.77751195],[-77.2983685,38.77730858],[-77.29746222,38.77675145],[-77.29694104,38.77645091],[-77.29608428,38.77670848],[-77.29532486,38.77701785],[-77.29507697,38.77715672],[-77.29456044,38.77762511],[-77.29442783,38.77779263],[-77.29401126,38.77815769],[-77.29346569,38.77868343],[-77.29304468,38.77889466],[-77.29203545,38.77882798],[-77.29113039,38.77882552],[-77.28993497,38.77877475],[-77.28858812,38.77875809],[-77.28810967,38.77883828],[-77.28741233,38.77920728],[-77.2870887,38.77946755],[-77.28670971,38.77968194],[-77.28511735,38.78069797],[-77.28486845,38.78089448],[-77.28418499,38.78127047],[-77.28257805,38.78231515],[-77.28193652,38.7826998],[-77.28161811,38.78285713],[-77.28131133,38.78294868],[-77.28083043,38.78317023],[-77.27972941,38.78375467]]]},"properties":{"PREC_IDENT":130,"PREC_NAME":"TERRA CENTRE","DISTRICT":"Braddock","cx":-77.29171255424897,"cy":38.78277820610321},"id":130},
{"type":"Feature","geometry":{"type":"Polygon","coordinates":[[[-77.20354997,38.77526849],[-77.20366207,38.77544617],[-77.20398745,38.77566482],[-77.20436577,38.77630655],[-77.20441154,38.77681361],[-77.20457064,38.77725847],[-77.20456411,38.77739526],[-77.20441117,38.77781265],[-77.2042781,38.77798023],[-77.2040935,38.77872924],[-77.20384021,38.77917658],[-77.2038438,38.77935443],[-77.20399889,38.77950493],[-77.20429548,38.77961798],[-77.20460302,38.77961738],[-77.2048528,38.77942863],[-77.20545657,38.77906163],[-77.2056177,38.77902403],[-77.20603768,38.77861714],[-77.20641958,38.77801396],[-77.20665877,38.77747122],[-77.20669607,38.77692783],[-77.20690294,38.77677192],[-77.20781705,38.77657662],[-77.20810147,38.77663872],[-77.20836231,38.77683143],[-77.20845154,38.77699772],[-77.20871449,38.77725227],[-77.20894955,38.7773854],[-77.20919337,38.77762046],[-77.20936608,38.77790063],[-77.20950324,38.77799174],[-77.20979822,38.77852995],[-77.20987507,38.77878091],[-77.21027486,38.77925172],[-77.21058566,38.77945945],[-77.21071549,38.77989252],[-77.21092744,38.78001605],[-77.21122888,38.78039836],[-77.21143908,38.78038534],[-77.21160164,38.78054071],[-77.2121209,38.78075434],[-77.21233294,38.78076997],[-77.21247866,38.78092897],[-77.21254664,38.78114996],[-77.21272255,38.78129569],[-77.21269305,38.78176733],[-77.21281411,38.78190495],[-77.213359,38.78210618],[-77.21384093,38.78210517],[-77.21406617,38.78204122],[-77.21412305,38.78192211],[-77.21436294,38.78197023],[-77.21444408,38.7822514],[-77.21359866,38.7829245],[-77.21363208,38.78296151],[-77.21220669,38.78355444],[-77.2118936,38.7836018],[-77.21110474,38.78337619],[-77.21090475,38.78376806],[-77.21090126,38.78415796],[-77.21126333,38.78509698],[-77.21142676,38.78537476],[-77.21173756,38.7856514],[-77.21216558,38.78584833],[-77.21350917,38.78605393],[-77.21397039,38.78616059],[-77.21457756,38.78634574],[-77.21534029,38.78666165],[-77.21570832,38.78687851],[-77.21619881,38.78731089],[-77.21662339,38.7878977],[-77.21691259,38.78820705],[-77.21723121,38.78844121],[-77.21830496,38.7890255],[-77.21905067,38.78931375],[-77.21984876,38.78941995],[-77.2201926,38.78942095],[-77.22063724,38.78947523],[-77.22094416,38.78957881],[-77.2215939,38.78993739],[-77.22205784,38.79009073],[-77.22266375,38.79015225],[-77.22299056,38.79012423],[-77.22474715,38.78980146],[-77.22457489,38.78922703],[-77.2243906,38.7887376],[-77.2241488,38.78832581],[-77.22347166,38.78753444],[-77.22335003,38.78727087],[-77.22274216,38.7853475],[-77.22274993,38.78451552],[-77.22268442,38.78405622],[-77.222391,38.78358893],[-77.22206852,38.78337535],[-77.22079115,38.78280123],[-77.22049091,38.78271831],[-77.22016855,38.78269557],[-77.2195994,38.78274016],[-77.21920045,38.78268363],[-77.21944091,38.78218373],[-77.22040327,38.78113837],[-77.2206484,38.78096666],[-77.22215013,38.78016745],[-77.2224856,38.77984707],[-77.22185701,38.77948735],[-77.22123668,38.7790577],[-77.22036901,38.77833425],[-77.21956258,38.77771857],[-77.21899078,38.77732376],[-77.21847015,38.77701051],[-77.21757301,38.77656545],[-77.21688678,38.77629294],[-77.21600852,38.77597028],[-77.21487648,38.77551851],[-77.21361864,38.77504063],[-77.21292452,38.77481882],[-77.21231355,38.77465559],[-77.21164264,38.77450954],[-77.21103763,38.7744054],[-77.2098717,38.77428137],[-77.20903358,38.77426528],[-77.20779824,38.77429561],[-77.20734864,38.77432773],[-77.20612082,38.77452426],[-77.20487415,38.77479334],[-77.20436617,38.77494975],[-77.20354997,38.77526849]]]},"properties":{"PREC_IDENT":129,"PREC_NAME":"KEENE MILL","DISTRICT":"Braddock","cx":-77.21695345805846,"cy":38.78054238656712},"id":129},
{"type":"Feature","geometry":{"type":"Polygon","coordinates":[[[-77.21600852,38.77597028],[-77.21688678,38.77629294],[-77.21757301,38.77656545],[-77.21847015,38.77701051],[-77.21899078,38.77732376],[-77.21956258,38.77771857],[-77.22036901,38.77833425],[-77.22123668,38.7790577],[-77.22185701,38.77948735],[-77.2224856,38.77984707],[-77.22215013,38.78016745],[-77.2206484,38.78096666],[-77.22040327,38.78113837],[-77.21944091,38.78218373],[-77.21920045,38.78268363],[-77.2195994,38.78274016],[-77.22016855,38.78269557],[-77.22049091,38.78271831],[-77.22079115,38.78280123],[-77.22206852,38.78337535],[-77.222391,38.78358893],[-77.22268442,38.78405622],[-77.22274993,38.78451552],[-77.22274216,38.7853475],[-77.22335003,38.78727087],[-77.22347166,38.78753444],[-77.2241488,38.78832581],[-77.2243906,38.7887376],[-77.22457489,38.78922703],[-77.22474715,38.78980146],[-77.22550008,38.7896847],[-77.22591091,38.78966719],[-77.22635599,38.78969674],[-77.22731043,38.78989109],[-77.22765022,38.78992224],[-77.22816982,38.78990453],[-77.22894158,38.78971518],[-77.22943824,38.78940751],[-77.22979104,38.78969555],[-77.230215,38.78992806],[-77.23213874,38.79066834],[-77.23223138,38.79058833],[-77.23387345,38.79118686],[-77.23505854,38.7916349],[-77.23719872,38.79204515],[-77.23765463,38.7920583],[-77.23822762,38.79199856],[-77.23853408,38.79193045],[-77.23912014,38.79172531],[-77.23948858,38.79152469],[-77.24021398,38.79097641],[-77.23966083,38.79050638],[-77.23920393,38.79014997],[-77.23847935,38.78965201],[-77.23805574,38.78939894],[-77.2376171,38.78920199],[-77.23773259,38.78901925],[-77.23774955,38.78865283],[-77.23644394,38.78628128],[-77.23622098,38.78599192],[-77.23572575,38.78562273],[-77.23543346,38.78548502],[-77.23474489,38.78533755],[-77.23398804,38.78528132],[-77.2336495,38.78518018],[-77.23327245,38.78487542],[-77.23313234,38.78446474],[-77.23317501,38.78423316],[-77.23280096,38.78415635],[-77.23226858,38.78410528],[-77.23035303,38.78410241],[-77.23035168,38.7833843],[-77.23029254,38.78295939],[-77.23017878,38.78264648],[-77.22965178,38.78149841],[-77.22918411,38.78016974],[-77.22933915,38.78013161],[-77.23320561,38.77931392],[-77.2333852,38.77927604],[-77.23280647,38.77827434],[-77.23245215,38.77747827],[-77.23211183,38.77688418],[-77.23156231,38.77581963],[-77.23142941,38.77539942],[-77.23164304,38.77382961],[-77.23189629,38.77279708],[-77.23195155,38.77244892],[-77.23102052,38.77233175],[-77.23050546,38.77209963],[-77.23021095,38.77169414],[-77.2299612,38.77153491],[-77.22865911,38.77078073],[-77.22811596,38.77055104],[-77.2277389,38.77045084],[-77.22733655,38.77039155],[-77.22668078,38.77038168],[-77.22416371,38.77069209],[-77.22390771,38.77068793],[-77.22351304,38.77059164],[-77.22303127,38.77026511],[-77.22265173,38.77010719],[-77.22233697,38.77005433],[-77.22200009,38.77006165],[-77.21732795,38.77064086],[-77.21699326,38.77072232],[-77.21676643,38.77085303],[-77.21641849,38.7712831],[-77.21606572,38.77159092],[-77.21532041,38.77207567],[-77.21505285,38.77232538],[-77.21491197,38.77255313],[-77.21482144,38.77290776],[-77.21486779,38.77325839],[-77.21504114,38.77356922],[-77.21527558,38.77379835],[-77.21607295,38.77432746],[-77.21631373,38.77459509],[-77.21637311,38.77480582],[-77.21640345,38.77526749],[-77.21630777,38.77551771],[-77.21600852,38.77597028]]]},"properties":{"PREC_IDENT":135,"PREC_NAME":"IRVING","DISTRICT":"Braddock","cx":-77.22600507132387,"cy":38.776566420723135},"id":135},
{"type":"Feature","geometry":{"type":"Polygon","coordinates":[[[-77.26200564,38.77457213],[-77.26199353,38.77456653],[-77.25979971,38.77711797],[-77.25914324,38.77789971],[-77.2557714,38.78180703],[-77.25491984,38.78281038],[-77.25394113,38.78394213],[-77.25423964,38.78413339],[-77.25444944,38.78421926],[-77.25525455,38.78438686],[-77.25567248,38.78436068],[-77.25589757,38.78440939],[-77.25594575,38.78454693],[-77.25612966,38.7846462],[-77.2562784,38.78450141],[-77.25650995,38.78445482],[-77.25692986,38.78451982],[-77.25770456,38.78442837],[-77.25803797,38.78451076],[-77.25852374,38.78478731],[-77.25876859,38.78499281],[-77.25878126,38.78529481],[-77.25893678,38.78564889],[-77.25894219,38.78591842],[-77.25926217,38.78608497],[-77.25991875,38.7859234],[-77.26021897,38.78576258],[-77.26090752,38.78561785],[-77.2613953,38.78529829],[-77.26162317,38.78521925],[-77.26200181,38.78500369],[-77.26236132,38.78524299],[-77.26287634,38.78551128],[-77.263446,38.78574891],[-77.26456309,38.78628428],[-77.26514662,38.78652738],[-77.265557,38.78680386],[-77.26590341,38.78691249],[-77.26628707,38.78712399],[-77.26685947,38.78736658],[-77.26717642,38.78744273],[-77.26732218,38.78761386],[-77.26792262,38.78790297],[-77.26823354,38.78793832],[-77.26834217,38.78818213],[-77.26890151,38.78830873],[-77.26904066,38.78815345],[-77.26952121,38.78824076],[-77.26963259,38.78842085],[-77.26985742,38.78853997],[-77.26993382,38.78873712],[-77.26981718,38.78881758],[-77.26951872,38.78877139],[-77.26964514,38.78911609],[-77.26978158,38.78930452],[-77.27007226,38.78942828],[-77.27001557,38.78972055],[-77.2701864,38.78996766],[-77.27040186,38.79006037],[-77.27056986,38.79040154],[-77.270887,38.79073119],[-77.27104443,38.79072258],[-77.27117784,38.79085489],[-77.2712405,38.79119839],[-77.27165561,38.79147532],[-77.27178326,38.79146529],[-77.27206267,38.79176752],[-77.27256335,38.7920479],[-77.27291661,38.79236172],[-77.27334406,38.79253543],[-77.27362393,38.79202798],[-77.27407533,38.79148349],[-77.27518691,38.79028959],[-77.275699,38.78968257],[-77.27683299,38.78778727],[-77.27701669,38.78750772],[-77.27754494,38.78656722],[-77.27811596,38.78558734],[-77.27856597,38.78491375],[-77.27898957,38.78434836],[-77.27935336,38.78399928],[-77.27972941,38.78375467],[-77.27934197,38.78343073],[-77.27851036,38.78281931],[-77.27822356,38.78256094],[-77.27794815,38.78225189],[-77.27759895,38.78153702],[-77.27744828,38.78111394],[-77.27678153,38.77968179],[-77.27668212,38.77933887],[-77.27639337,38.77816604],[-77.27614822,38.77752365],[-77.27569015,38.77681863],[-77.2755528,38.77685014],[-77.27500639,38.7768005],[-77.27397124,38.77661119],[-77.27151462,38.7762587],[-77.27054565,38.77609752],[-77.26966285,38.77602647],[-77.26895452,38.77600942],[-77.26773016,38.77601304],[-77.26663661,38.77595761],[-77.26582109,38.77585017],[-77.26462574,38.77559456],[-77.2638442,38.77534741],[-77.26310193,38.77506086],[-77.26200564,38.77457213]]]},"properties":{"PREC_IDENT":833,"PREC_NAME":"WHITE OAKS","DISTRICT":"Springfield","cx":-77.26832111651987,"cy":38.78196439650411},"id":833},
{"type":"Feature","geometry":{"type":"Polygon","coordinates":[[[-77.20332364,38.77520177],[-77.20216391,38.77568469],[-77.20141714,38.77604852],[-77.19987233,38.77670007],[-77.19935319,38.77689066],[-77.19857107,38.77707421],[-77.19812792,38.77713657],[-77.1958673,38.77740665],[-77.19476286,38.777566],[-77.19343927,38.77781488],[-77.19291101,38.77792708],[-77.19155257,38.77816319],[-77.1917173,38.77874995],[-77.19174857,38.77953705],[-77.19169587,38.77992641],[-77.19156043,38.7804288],[-77.19142457,38.78076093],[-77.19119218,38.78119222],[-77.19080023,38.78171647],[-77.19017175,38.78232045],[-77.18972726,38.78264639],[-77.1894011,38.78283223],[-77.18918899,38.78287845],[-77.19059528,38.78449184],[-77.19071137,38.78466751],[-77.19080351,38.78500219],[-77.19076511,38.7853766],[-77.19053593,38.7865933],[-77.19052805,38.78702572],[-77.19059802,38.78742194],[-77.19059225,38.78793127],[-77.19050847,38.78829282],[-77.19048141,38.78862204],[-77.19054043,38.78904148],[-77.19055049,38.78964436],[-77.19052291,38.79058046],[-77.19044049,38.79125233],[-77.19037995,38.7914933],[-77.19106336,38.79173023],[-77.19174588,38.79201657],[-77.19224326,38.79225691],[-77.19320884,38.79280041],[-77.19398868,38.79313863],[-77.19484061,38.79337191],[-77.19552998,38.79347569],[-77.19615046,38.79350868],[-77.19734681,38.79351923],[-77.19800864,38.79359385],[-77.19898387,38.79380102],[-77.19952016,38.79383305],[-77.20007866,38.7938008],[-77.20102962,38.793604],[-77.20133279,38.79395814],[-77.2024285,38.79357807],[-77.20341446,38.79319391],[-77.20352133,38.79333801],[-77.20400819,38.7932513],[-77.2048548,38.79314519],[-77.20549812,38.79310006],[-77.2080364,38.79301773],[-77.21057077,38.79291078],[-77.21539142,38.79273432],[-77.21538595,38.79259722],[-77.21755869,38.79251674],[-77.21779057,38.79265341],[-77.21879902,38.79261399],[-77.21848734,38.79213527],[-77.21809185,38.7918919],[-77.21758259,38.79145886],[-77.21715891,38.79096656],[-77.21708432,38.79068685],[-77.21688045,38.79057459],[-77.21670528,38.79035659],[-77.21670999,38.79004741],[-77.21657826,38.78985911],[-77.21577529,38.78929454],[-77.21533577,38.78886489],[-77.21489078,38.78852422],[-77.21417175,38.78833442],[-77.21383862,38.78818673],[-77.21318368,38.78774626],[-77.21289451,38.78768359],[-77.21226118,38.78748719],[-77.21157954,38.7874442],[-77.21100796,38.78724432],[-77.21066079,38.78717278],[-77.20939053,38.78675336],[-77.20899068,38.78659392],[-77.20866076,38.78641934],[-77.20790202,38.78609922],[-77.20760819,38.78590753],[-77.20721801,38.78512835],[-77.20696953,38.78499202],[-77.20650601,38.78489272],[-77.20620168,38.78470044],[-77.20605192,38.78449734],[-77.20589898,38.78396785],[-77.20600694,38.78357597],[-77.20618143,38.78348191],[-77.206386,38.78316588],[-77.20647909,38.78252521],[-77.20673219,38.78216101],[-77.20692746,38.78173463],[-77.2070693,38.78170708],[-77.20739708,38.78134883],[-77.20755139,38.78125782],[-77.2081969,38.78072796],[-77.20835855,38.78052987],[-77.20888801,38.78027069],[-77.2093099,38.78011649],[-77.20952124,38.78014785],[-77.20966902,38.78046675],[-77.20986838,38.78061534],[-77.21013643,38.78066417],[-77.21044411,38.7804475],[-77.21040798,38.78032994],[-77.21071549,38.77989252],[-77.21058566,38.77945945],[-77.21027486,38.77925172],[-77.20987507,38.77878091],[-77.20979822,38.77852995],[-77.20950324,38.77799174],[-77.20936608,38.77790063],[-77.20919337,38.77762046],[-77.20894955,38.7773854],[-77.20871449,38.77725227],[-77.20845154,38.77699772],[-77.20836231,38.77683143],[-77.20810147,38.77663872],[-77.20781705,38.77657662],[-77.20690294,38.77677192],[-77.20669607,38.77692783],[-77.20665877,38.77747122],[-77.20641958,38.77801396],[-77.20603768,38.77861714],[-77.2056177,38.77902403],[-77.20545657,38.77906163],[-77.2048528,38.77942863],[-77.20460302,38.77961738],[-77.20429548,38.77961798],[-77.20399889,38.77950493],[-77.2038438,38.77935443],[-77.20384021,38.77917658],[-77.2040935,38.77872924],[-77.2042781,38.77798023],[-77.20441117,38.77781265],[-77.20456411,38.77739526],[-77.20457064,38.77725847],[-77.20441154,38.77681361],[-77.20436577,38.77630655],[-77.20398745,38.77566482],[-77.20366207,38.77544617],[-77.20354997,38.77526849],[-77.20332364,38.77520177]]]},"properties":{"PREC_IDENT":415,"PREC_NAME":"CRESTWOOD","DISTRICT":"Franconia","cx":-77.19942527078372,"cy":38.78645307224678},"id":415},
{"type":"Feature","geometry":{"type":"Polygon","coordinates":[[[-77.21071549,38.77989252],[-77.21040798,38.78032994],[-77.21044411,38.7804475],[-77.21013643,38.78066417],[-77.20986838,38.78061534],[-77.20966902,38.78046675],[-77.20952124,38.78014785],[-77.2093099,38.78011649],[-77.20888801,38.78027069],[-77.20835855,38.78052987],[-77.2081969,38.78072796],[-77.20755139,38.78125782],[-77.20739708,38.78134883],[-77.2070693,38.78170708],[-77.20692746,38.78173463],[-77.20673219,38.78216101],[-77.20647909,38.78252521],[-77.206386,38.78316588],[-77.20618143,38.78348191],[-77.20600694,38.78357597],[-77.20589898,38.78396785],[-77.20605192,38.78449734],[-77.20620168,38.78470044],[-77.20650601,38.78489272],[-77.20696953,38.78499202],[-77.20721801,38.78512835],[-77.20760819,38.78590753],[-77.20790202,38.78609922],[-77.20866076,38.78641934],[-77.20899068,38.78659392],[-77.20939053,38.78675336],[-77.21066079,38.78717278],[-77.21100796,38.78724432],[-77.21157954,38.7874442],[-77.21226118,38.78748719],[-77.21289451,38.78768359],[-77.21318368,38.78774626],[-77.21383862,38.78818673],[-77.21417175,38.78833442],[-77.21489078,38.78852422],[-77.21533577,38.78886489],[-77.21577529,38.78929454],[-77.21657826,38.78985911],[-77.21670999,38.79004741],[-77.21670528,38.79035659],[-77.21688045,38.79057459],[-77.21708432,38.79068685],[-77.21715891,38.79096656],[-77.21758259,38.79145886],[-77.21809185,38.7918919],[-77.21848734,38.79213527],[-77.21879902,38.79261399],[-77.22716284,38.79229284],[-77.22800332,38.7923005],[-77.22849221,38.7923307],[-77.22851735,38.79220554],[-77.22887042,38.79225308],[-77.22988732,38.79250319],[-77.23054034,38.79276668],[-77.23623382,38.79545104],[-77.23660746,38.79559384],[-77.23718802,38.79576272],[-77.2371556,38.79588788],[-77.23769078,38.7959935],[-77.23813691,38.79603033],[-77.23888449,38.79605037],[-77.24039035,38.79599724],[-77.24762959,38.79577816],[-77.24732761,38.79532545],[-77.24695553,38.79493016],[-77.24601426,38.79398776],[-77.24506,38.79296158],[-77.24461845,38.79252709],[-77.24348145,38.79153183],[-77.24172113,38.79006716],[-77.24106447,38.78949718],[-77.24050875,38.78897358],[-77.24012298,38.78856302],[-77.23961824,38.78793424],[-77.23899632,38.78698566],[-77.23838221,38.78579276],[-77.2380029,38.78521612],[-77.23727799,38.78434056],[-77.23688191,38.78392027],[-77.23477566,38.78179683],[-77.23409633,38.78092724],[-77.23333534,38.77951715],[-77.23320561,38.77931392],[-77.22933915,38.78013161],[-77.22918411,38.78016974],[-77.22965178,38.78149841],[-77.23017878,38.78264648],[-77.23029254,38.78295939],[-77.23035168,38.7833843],[-77.23035303,38.78410241],[-77.23226858,38.78410528],[-77.23280096,38.78415635],[-77.23317501,38.78423316],[-77.23313234,38.78446474],[-77.23327245,38.78487542],[-77.2336495,38.78518018],[-77.23398804,38.78528132],[-77.23474489,38.78533755],[-77.23543346,38.78548502],[-77.23572575,38.78562273],[-77.23622098,38.78599192],[-77.23644394,38.78628128],[-77.23774955,38.78865283],[-77.23773259,38.78901925],[-77.2376171,38.78920199],[-77.23805574,38.78939894],[-77.23847935,38.78965201],[-77.23920393,38.79014997],[-77.23966083,38.79050638],[-77.24021398,38.79097641],[-77.23948858,38.79152469],[-77.23912014,38.79172531],[-77.23853408,38.79193045],[-77.23822762,38.79199856],[-77.23765463,38.7920583],[-77.23719872,38.79204515],[-77.23505854,38.7916349],[-77.23387345,38.79118686],[-77.23223138,38.79058833],[-77.23213874,38.79066834],[-77.230215,38.78992806],[-77.22979104,38.78969555],[-77.22943824,38.78940751],[-77.22894158,38.78971518],[-77.22816982,38.78990453],[-77.22765022,38.78992224],[-77.22731043,38.78989109],[-77.22635599,38.78969674],[-77.22591091,38.78966719],[-77.22550008,38.7896847],[-77.22474715,38.78980146],[-77.22299056,38.79012423],[-77.22266375,38.79015225],[-77.22205784,38.79009073],[-77.2215939,38.78993739],[-77.22094416,38.78957881],[-77.22063724,38.78947523],[-77.2201926,38.78942095],[-77.21984876,38.78941995],[-77.21905067,38.78931375],[-77.21830496,38.7890255],[-77.21723121,38.78844121],[-77.21691259,38.78820705],[-77.21662339,38.7878977],[-77.21619881,38.78731089],[-77.21570832,38.78687851],[-77.21534029,38.78666165],[-77.21457756,38.78634574],[-77.21397039,38.78616059],[-77.21350917,38.78605393],[-77.21216558,38.78584833],[-77.21173756,38.7856514],[-77.21142676,38.78537476],[-77.21126333,38.78509698],[-77.21090126,38.78415796],[-77.21090475,38.78376806],[-77.21110474,38.78337619],[-77.2118936,38.7836018],[-77.21220669,38.78355444],[-77.21363208,38.78296151],[-77.21359866,38.7829245],[-77.21444408,38.7822514],[-77.21436294,38.78197023],[-77.21412305,38.78192211],[-77.21406617,38.78204122],[-77.21384093,38.78210517],[-77.213359,38.78210618],[-77.21281411,38.78190495],[-77.21269305,38.78176733],[-77.21272255,38.78129569],[-77.21254664,38.78114996],[-77.21247866,38.78092897],[-77.21233294,38.78076997],[-77.2121209,38.78075434],[-77.21160164,38.78054071],[-77.21143908,38.78038534],[-77.21122888,38.78039836],[-77.21092744,38.78001605],[-77.21071549,38.77989252]]]},"properties":{"PREC_IDENT":128,"PREC_NAME":"CARDINAL","DISTRICT":"Braddock","cx":-77.24149583627242,"cy":38.79332682109336},"id":128},
{"type":"Feature","geometry":{"type":"Polygon","coordinates":[[[-77.25423964,38.78413339],[-77.25423136,38.78419875],[-77.24875535,38.79053876],[-77.24817335,38.79128976],[-77.24601426,38.79398776],[-77.24695553,38.79493016],[-77.24732761,38.79532545],[-77.24762959,38.79577816],[-77.24763539,38.79578915],[-77.24870725,38.79576235],[-77.25002838,38.7955526],[-77.25057541,38.79554252],[-77.25250723,38.79564688],[-77.2537409,38.79562852],[-77.25473564,38.79552932],[-77.25527617,38.79541904],[-77.2557901,38.79518243],[-77.25975573,38.79408754],[-77.26089424,38.79380661],[-77.26216089,38.79360691],[-77.26309361,38.79352866],[-77.26356381,38.79357573],[-77.26424543,38.79358797],[-77.26497393,38.79364154],[-77.26558401,38.79371386],[-77.26658161,38.79391859],[-77.26756378,38.7941938],[-77.26822755,38.79442881],[-77.26890939,38.79471393],[-77.26985087,38.79507977],[-77.26999483,38.79496748],[-77.27038413,38.79513211],[-77.27043978,38.79525908],[-77.27146945,38.79571921],[-77.2713902,38.79583556],[-77.27278562,38.79646711],[-77.27401987,38.79702561],[-77.2746782,38.79662702],[-77.27499415,38.79626532],[-77.27493806,38.79576389],[-77.2749588,38.79552548],[-77.27489073,38.79527424],[-77.27501524,38.79519382],[-77.27503644,38.79501166],[-77.27524624,38.79467196],[-77.27519651,38.7944272],[-77.27529001,38.79391731],[-77.27519579,38.79351024],[-77.2752274,38.79333388],[-77.27503755,38.79300977],[-77.27452338,38.7929453],[-77.27407184,38.79271612],[-77.27334406,38.79253543],[-77.27291661,38.79236172],[-77.27256335,38.7920479],[-77.27206267,38.79176752],[-77.27178326,38.79146529],[-77.27165561,38.79147532],[-77.2712405,38.79119839],[-77.27117784,38.79085489],[-77.27104443,38.79072258],[-77.270887,38.79073119],[-77.27056986,38.79040154],[-77.27040186,38.79006037],[-77.2701864,38.78996766],[-77.27001557,38.78972055],[-77.27007226,38.78942828],[-77.26978158,38.78930452],[-77.26964514,38.78911609],[-77.26951872,38.78877139],[-77.26981718,38.78881758],[-77.26993382,38.78873712],[-77.26985742,38.78853997],[-77.26963259,38.78842085],[-77.26952121,38.78824076],[-77.26904066,38.78815345],[-77.26890151,38.78830873],[-77.26834217,38.78818213],[-77.26823354,38.78793832],[-77.26792262,38.78790297],[-77.26732218,38.78761386],[-77.26717642,38.78744273],[-77.26685947,38.78736658],[-77.26628707,38.78712399],[-77.26590341,38.78691249],[-77.265557,38.78680386],[-77.26514662,38.78652738],[-77.26456309,38.78628428],[-77.263446,38.78574891],[-77.26287634,38.78551128],[-77.26236132,38.78524299],[-77.26200181,38.78500369],[-77.26162317,38.78521925],[-77.2613953,38.78529829],[-77.26090752,38.78561785],[-77.26021897,38.78576258],[-77.25991875,38.7859234],[-77.25926217,38.78608497],[-77.25894219,38.78591842],[-77.25893678,38.78564889],[-77.25878126,38.78529481],[-77.25876859,38.78499281],[-77.25852374,38.78478731],[-77.25803797,38.78451076],[-77.25770456,38.78442837],[-77.25692986,38.78451982],[-77.25650995,38.78445482],[-77.2562784,38.78450141],[-77.25612966,38.7846462],[-77.25594575,38.78454693],[-77.25589757,38.78440939],[-77.25567248,38.78436068],[-77.25525455,38.78438686],[-77.25444944,38.78421926],[-77.25423964,38.78413339]]]},"properties":{"PREC_IDENT":861,"PREC_NAME":"BURKE #2","DISTRICT":"Springfield","cx":-77.25720708885058,"cy":38.790107771597675},"id":861},
{"type":"Feature","geometry":{"type":"Polygon","coordinates":[[[-77.27972941,38.78375467],[-77.27935336,38.78399928],[-77.27898957,38.78434836],[-77.27856597,38.78491375],[-77.27811596,38.78558734],[-77.27754494,38.78656722],[-77.27701669,38.78750772],[-77.27683299,38.78778727],[-77.275699,38.78968257],[-77.27518691,38.79028959],[-77.27407533,38.79148349],[-77.27362393,38.79202798],[-77.27334406,38.79253543],[-77.27407184,38.79271612],[-77.27452338,38.7929453],[-77.27503755,38.79300977],[-77.2752274,38.79333388],[-77.27519579,38.79351024],[-77.27529001,38.79391731],[-77.27519651,38.7944272],[-77.27524624,38.79467196],[-77.27503644,38.79501166],[-77.27501524,38.79519382],[-77.27489073,38.79527424],[-77.2749588,38.79552548],[-77.27493806,38.79576389],[-77.27499415,38.79626532],[-77.2746782,38.79662702],[-77.27401987,38.79702561],[-77.27447161,38.79723002],[-77.27601409,38.79787542],[-77.27693674,38.79824338],[-77.2776711,38.79836081],[-77.27836259,38.79841479],[-77.27931167,38.79836031],[-77.2856672,38.79802544],[-77.29264667,38.79765112],[-77.29606854,38.79747686],[-77.29946553,38.79729434],[-77.30000577,38.79727674],[-77.30094156,38.79732816],[-77.30148243,38.79740877],[-77.30216723,38.79691018],[-77.30261081,38.79640257],[-77.30287066,38.79596998],[-77.30308478,38.79512364],[-77.30311303,38.79469143],[-77.30305153,38.79417043],[-77.30296171,38.79387569],[-77.30256716,38.79291604],[-77.30223462,38.7924472],[-77.30197514,38.79201617],[-77.30182057,38.7916068],[-77.30168137,38.79090652],[-77.30146512,38.79040865],[-77.3013811,38.78997666],[-77.30138169,38.7897309],[-77.30146232,38.78931432],[-77.30174515,38.78876526],[-77.30213923,38.78827775],[-77.3025938,38.7875286],[-77.3019315,38.7872692],[-77.30129976,38.78707053],[-77.29935781,38.78654402],[-77.29790796,38.78617493],[-77.29698463,38.7860007],[-77.29630477,38.78595391],[-77.29557517,38.78594367],[-77.29499201,38.78598849],[-77.29413688,38.78614171],[-77.29326212,38.7864183],[-77.29213639,38.78680626],[-77.29069243,38.78733922],[-77.29009298,38.78751702],[-77.28920264,38.78767534],[-77.28843012,38.78771267],[-77.28739931,38.78767044],[-77.28687402,38.78761146],[-77.28611168,38.78746215],[-77.28558088,38.78731387],[-77.28505076,38.78712576],[-77.28452141,38.78689236],[-77.28373187,38.78648462],[-77.28190022,38.78546194],[-77.28130376,38.78504933],[-77.27972941,38.78375467]]]},"properties":{"PREC_IDENT":127,"PREC_NAME":"BURKE CENTRE","DISTRICT":"Braddock","cx":-77.2839550729327,"cy":38.79256736395047},"id":127},
{"type":"Feature","geometry":{"type":"Polygon","coordinates":[[[-77.3025938,38.7875286],[-77.30213923,38.78827775],[-77.30174515,38.78876526],[-77.30146232,38.78931432],[-77.30138169,38.7897309],[-77.3013811,38.78997666],[-77.30146512,38.79040865],[-77.30168137,38.79090652],[-77.30182057,38.7916068],[-77.30197514,38.79201617],[-77.30223462,38.7924472],[-77.30256716,38.79291604],[-77.30296171,38.79387569],[-77.30305153,38.79417043],[-77.30311303,38.79469143],[-77.30308478,38.79512364],[-77.30287066,38.79596998],[-77.30261081,38.79640257],[-77.30216723,38.79691018],[-77.30148243,38.79740877],[-77.30150024,38.79741152],[-77.30190794,38.79750403],[-77.30272986,38.79775348],[-77.30571224,38.79879685],[-77.30714638,38.7993132],[-77.307225,38.79918694],[-77.30840948,38.79959875],[-77.30882141,38.79972124],[-77.30876431,38.79984527],[-77.30962127,38.80006703],[-77.31063996,38.80020055],[-77.31190028,38.80029434],[-77.3124841,38.8003018],[-77.31248565,38.80020813],[-77.313118,38.80018385],[-77.31445997,38.8001676],[-77.31658163,38.80010605],[-77.31738515,38.80010604],[-77.31797866,38.80013099],[-77.31956608,38.8002334],[-77.3242653,38.8004968],[-77.32529202,38.80047524],[-77.32527546,38.79983084],[-77.32532243,38.79888943],[-77.32549726,38.79721062],[-77.32563811,38.79632232],[-77.32576071,38.79526221],[-77.32576539,38.79476111],[-77.32590197,38.79370389],[-77.32605904,38.79225144],[-77.32625395,38.79084468],[-77.32642046,38.78988799],[-77.32652753,38.78913253],[-77.32665311,38.78844932],[-77.32553572,38.78798987],[-77.32413387,38.78746506],[-77.3230332,38.78718903],[-77.32221753,38.78707787],[-77.32068595,38.78697735],[-77.3200616,38.78696695],[-77.31911552,38.7868929],[-77.31782052,38.78670136],[-77.31672626,38.78646378],[-77.31393909,38.78591251],[-77.31334499,38.78577057],[-77.3124731,38.78545419],[-77.31195882,38.78515378],[-77.31154283,38.78485025],[-77.31126285,38.78459616],[-77.30988592,38.78321192],[-77.3094427,38.78285867],[-77.30869332,38.78235129],[-77.30766073,38.78178609],[-77.30621348,38.78105191],[-77.3053684,38.78060531],[-77.30432007,38.78014565],[-77.30400238,38.78068476],[-77.30389284,38.78094314],[-77.30376876,38.78144165],[-77.30370583,38.78227169],[-77.30357799,38.78320678],[-77.30334493,38.78435087],[-77.30326206,38.78511342],[-77.30325636,38.78587676],[-77.30317208,38.78630291],[-77.3025938,38.7875286]]]},"properties":{"PREC_IDENT":105,"PREC_NAME":"FAIRVIEW","DISTRICT":"Braddock","cx":-77.31337543401554,"cy":38.79254600247028},"id":105},
{"type":"Feature","geometry":{"type":"Polygon","coordinates":[[[-77.11229013,38.80206452],[-77.11254548,38.80247122],[-77.11260935,38.8024349],[-77.11301263,38.80299576],[-77.11430434,38.80243709],[-77.11544967,38.80200712],[-77.11697207,38.80149508],[-77.11803406,38.80120003],[-77.11898965,38.80096276],[-77.12006808,38.80072418],[-77.12158971,38.80043176],[-77.12160536,38.80053081],[-77.1226827,38.80034849],[-77.12469866,38.80007968],[-77.12615192,38.79987428],[-77.12616761,38.79978796],[-77.13756471,38.79817682],[-77.13755449,38.79802068],[-77.14553435,38.79692079],[-77.14694679,38.79672056],[-77.14789232,38.79652723],[-77.14884592,38.79625462],[-77.14985165,38.79586869],[-77.15056674,38.79552336],[-77.15143182,38.79501067],[-77.15195062,38.79464255],[-77.15257415,38.79412358],[-77.15297906,38.79373599],[-77.14947532,38.79430776],[-77.14717532,38.79465376],[-77.13891832,38.79595476],[-77.13726232,38.79620476],[-77.13530296,38.79653826],[-77.13541475,38.79626418],[-77.13592973,38.79520056],[-77.13623386,38.79470706],[-77.1366301,38.79416656],[-77.13683058,38.79377208],[-77.13694542,38.79308277],[-77.1369182,38.79211308],[-77.13674423,38.7903714],[-77.13663949,38.78960403],[-77.1363075,38.7867607],[-77.13609701,38.78472613],[-77.13596999,38.7840244],[-77.13319511,38.7840072],[-77.13106892,38.78400986],[-77.12964422,38.78402343],[-77.12742673,38.78403045],[-77.12680492,38.7840726],[-77.12636153,38.78414156],[-77.12573752,38.78429901],[-77.12521768,38.78451261],[-77.12462828,38.7848778],[-77.12367306,38.78565747],[-77.12320509,38.78591011],[-77.12275306,38.78606271],[-77.12119012,38.78632994],[-77.12061329,38.78658678],[-77.12004869,38.78693713],[-77.1179731,38.78831733],[-77.11735197,38.78886884],[-77.11679172,38.78917392],[-77.11633317,38.78929895],[-77.11580278,38.78932839],[-77.11515936,38.78921507],[-77.11411336,38.78887181],[-77.11283115,38.78876878],[-77.11225147,38.78880723],[-77.11185024,38.78887114],[-77.11128581,38.78902785],[-77.110844,38.78919425],[-77.11045462,38.78937088],[-77.10873293,38.79003837],[-77.1088197,38.79081243],[-77.10902263,38.79192976],[-77.1092315,38.79274097],[-77.10936077,38.79313245],[-77.11021519,38.79539987],[-77.11063357,38.79644698],[-77.11052152,38.79661591],[-77.11032286,38.79727125],[-77.11053515,38.7977255],[-77.11107239,38.79897859],[-77.11151555,38.80019762],[-77.11180464,38.80121847],[-77.11208856,38.80178066],[-77.11229013,38.80206452]]]},"properties":{"PREC_IDENT":401,"PREC_NAME":"BUSH HILL","DISTRICT":"Franconia","cx":-77.12513078942206,"cy":38.792961365297906},"id":401},
{"type":"Feature","geometry":{"type":"Polygon","coordinates":[[[-77.07745481,38.80081481],[-77.07945184,38.80104947],[-77.08303333,38.80148411],[-77.09467694,38.80287485],[-77.09578427,38.8005129],[-77.09300676,38.7997011],[-77.09321944,38.79923406],[-77.0933215,38.79868195],[-77.09328711,38.79828747],[-77.09321538,38.79800787],[-77.09290365,38.79726131],[-77.0928387,38.79699416],[-77.09361274,38.7933058],[-77.09383557,38.79213999],[-77.09382546,38.79193941],[-77.09246402,38.79211805],[-77.09175305,38.79222897],[-77.09005126,38.79258475],[-77.08953255,38.79273229],[-77.08864077,38.79293714],[-77.08804963,38.79302065],[-77.08739113,38.79296054],[-77.08666141,38.79277463],[-77.08537948,38.79247769],[-77.08439879,38.79220773],[-77.08373145,38.79313061],[-77.08300726,38.7940885],[-77.08189091,38.79571307],[-77.081047,38.79704434],[-77.08050515,38.79782729],[-77.07995951,38.79844681],[-77.0795797,38.79884314],[-77.0790473,38.79932413],[-77.07853191,38.79983278],[-77.07793777,38.80035056],[-77.07745481,38.80081481]]]},"properties":{"PREC_IDENT":402,"PREC_NAME":"CAMERON","DISTRICT":"Franconia","cx":-77.08752460238269,"cy":38.79774880823845},"id":402},
{"type":"Feature","geometry":{"type":"Polygon","coordinates":[[[-77.24763539,38.79578915],[-77.24792445,38.79631353],[-77.24817387,38.79710294],[-77.24849904,38.7983792],[-77.24866971,38.79885472],[-77.24879898,38.79908951],[-77.24909757,38.79947439],[-77.2508122,38.80197372],[-77.25121231,38.80257661],[-77.25240849,38.80422186],[-77.25349719,38.80579456],[-77.25390404,38.80641537],[-77.25435445,38.80715609],[-77.25463151,38.80757231],[-77.25484557,38.80797825],[-77.25546817,38.80891027],[-77.25600479,38.80974115],[-77.25622576,38.80995219],[-77.25644065,38.81031145],[-77.2565035,38.81073501],[-77.2583176,38.81075971],[-77.2598385,38.81069067],[-77.26145287,38.81069674],[-77.26238614,38.81071483],[-77.26368958,38.81084116],[-77.26438251,38.81095692],[-77.26531189,38.81120149],[-77.26607273,38.81145115],[-77.26661853,38.81093789],[-77.2668991,38.81074587],[-77.26735486,38.81057079],[-77.26768212,38.81052068],[-77.26825111,38.81049645],[-77.26817258,38.80893588],[-77.26820162,38.80867531],[-77.26839334,38.80834231],[-77.26911299,38.80751232],[-77.26925011,38.8072927],[-77.269325,38.80701889],[-77.26930193,38.80672619],[-77.2690624,38.80595891],[-77.26859838,38.80600347],[-77.26824806,38.80596684],[-77.26793366,38.80588253],[-77.26757865,38.80570992],[-77.26729776,38.80551337],[-77.26696796,38.80509937],[-77.26685328,38.80462448],[-77.26697369,38.80415205],[-77.26769323,38.80271382],[-77.26773354,38.80220486],[-77.26759585,38.80184368],[-77.26744496,38.80163889],[-77.2671334,38.80138984],[-77.26660179,38.80108082],[-77.26575885,38.80051039],[-77.26643265,38.7998955],[-77.26677743,38.79963962],[-77.26755496,38.79911369],[-77.26796981,38.79886404],[-77.26855342,38.79859556],[-77.27104782,38.79760431],[-77.27166579,38.79737737],[-77.27193857,38.79722645],[-77.27238258,38.79691118],[-77.27278562,38.79646711],[-77.2713902,38.79583556],[-77.27146945,38.79571921],[-77.27043978,38.79525908],[-77.27038413,38.79513211],[-77.26999483,38.79496748],[-77.26985087,38.79507977],[-77.26890939,38.79471393],[-77.26822755,38.79442881],[-77.26756378,38.7941938],[-77.26658161,38.79391859],[-77.26558401,38.79371386],[-77.26497393,38.79364154],[-77.26424543,38.79358797],[-77.26356381,38.79357573],[-77.26309361,38.79352866],[-77.26216089,38.79360691],[-77.26089424,38.79380661],[-77.25975573,38.79408754],[-77.2557901,38.79518243],[-77.25527617,38.79541904],[-77.25473564,38.79552932],[-77.2537409,38.79562852],[-77.25250723,38.79564688],[-77.25057541,38.79554252],[-77.25002838,38.7955526],[-77.24870725,38.79576235],[-77.24763539,38.79578915]]]},"properties":{"PREC_IDENT":125,"PREC_NAME":"SIGNAL HILL","DISTRICT":"Braddock","cx":-77.25969473039805,"cy":38.801722066650946},"id":125},
{"type":"Feature","geometry":{"type":"Polygon","coordinates":[[[-77.27734737,38.81062369],[-77.27757205,38.81075046],[-77.27795203,38.81110866],[-77.2781083,38.81120639],[-77.27935754,38.81266518],[-77.27962072,38.81287524],[-77.28000021,38.81305631],[-77.28082933,38.81321596],[-77.28146782,38.81323357],[-77.28267741,38.81310334],[-77.28349159,38.81310904],[-77.28417758,38.81322324],[-77.28443594,38.81330418],[-77.28479434,38.81348776],[-77.28580743,38.81418475],[-77.28608911,38.81434007],[-77.28659545,38.81449359],[-77.28719865,38.81452317],[-77.2876069,38.81445737],[-77.29082663,38.8135542],[-77.29163561,38.81324399],[-77.29225549,38.81311582],[-77.29287295,38.81313179],[-77.2941627,38.81324253],[-77.29482253,38.81324382],[-77.2953182,38.81319673],[-77.29725269,38.81295296],[-77.29760363,38.81295519],[-77.29813464,38.81310342],[-77.29883659,38.81352388],[-77.29913957,38.81366566],[-77.29968942,38.81373719],[-77.29999521,38.81371149],[-77.3006013,38.81356802],[-77.30095635,38.81353458],[-77.30157914,38.81365216],[-77.30443139,38.81478104],[-77.30481265,38.81486044],[-77.30628131,38.81497973],[-77.30672057,38.8149485],[-77.30706633,38.81484081],[-77.30752286,38.81461478],[-77.30787226,38.81449888],[-77.30863469,38.8144517],[-77.30860729,38.81377591],[-77.30861225,38.8132652],[-77.30865598,38.81295672],[-77.3089768,38.81181214],[-77.30913836,38.8109584],[-77.30922844,38.80997074],[-77.30918587,38.80936344],[-77.30789561,38.80886292],[-77.30643343,38.80857208],[-77.30548788,38.80844987],[-77.30313525,38.80789042],[-77.30172918,38.80760421],[-77.30000207,38.80720898],[-77.29948736,38.80713781],[-77.29778146,38.80673453],[-77.29731671,38.80661443],[-77.29708181,38.80639097],[-77.29706953,38.80607642],[-77.2971243,38.80532045],[-77.2972,38.80478164],[-77.29721851,38.80430539],[-77.29663753,38.80253511],[-77.29661,38.80229318],[-77.29630623,38.80157335],[-77.29584601,38.80013795],[-77.29577035,38.79983648],[-77.29548277,38.79898912],[-77.29350222,38.79928182],[-77.29262691,38.79937304],[-77.29201442,38.79948619],[-77.29118537,38.79958776],[-77.28991037,38.79976676],[-77.28906837,38.79989976],[-77.28787437,38.80006576],[-77.28717703,38.80021478],[-77.28661225,38.80041077],[-77.2859039,38.80079612],[-77.28551337,38.80107376],[-77.28516001,38.80141452],[-77.28503413,38.80159582],[-77.28266337,38.80416376],[-77.28216237,38.80489576],[-77.28192037,38.80518976],[-77.28146437,38.80558176],[-77.28064936,38.80605976],[-77.28041137,38.80625076],[-77.28005937,38.80664776],[-77.27969436,38.80717476],[-77.27934337,38.80777376],[-77.27881436,38.80858176],[-77.27813136,38.80951276],[-77.27759436,38.81030476],[-77.27734737,38.81062369]]]},"properties":{"PREC_IDENT":119,"PREC_NAME":"LAUREL","DISTRICT":"Braddock","cx":-77.290952866647,"cy":38.8070784557982},"id":119},
{"type":"Feature","geometry":{"type":"Polygon","coordinates":[[[-77.13986325,38.8002098],[-77.14235155,38.80576788],[-77.14320693,38.80563223],[-77.14377162,38.80788094],[-77.14435998,38.81036471],[-77.14384983,38.81043021],[-77.14369494,38.81322192],[-77.14733536,38.81153044],[-77.14893194,38.81080465],[-77.15002614,38.81029],[-77.15206187,38.8093509],[-77.15248369,38.80912919],[-77.15323066,38.80878627],[-77.15371965,38.80853787],[-77.15587999,38.8073118],[-77.15753797,38.80629551],[-77.15801756,38.80598624],[-77.15815697,38.80611868],[-77.15917154,38.80545467],[-77.16081831,38.80431802],[-77.16222501,38.80328974],[-77.16367218,38.80217091],[-77.16450948,38.80149392],[-77.1655291,38.80063502],[-77.16654582,38.79974175],[-77.16781687,38.79856851],[-77.16846001,38.79794833],[-77.17173766,38.79471628],[-77.17283942,38.79357952],[-77.17350526,38.79285347],[-77.17298127,38.7928077],[-77.17297934,38.79275694],[-77.17185459,38.79274635],[-77.17088696,38.79284596],[-77.16967261,38.79294316],[-77.16804965,38.7931263],[-77.16674436,38.79331855],[-77.16533044,38.79356807],[-77.16367677,38.79389633],[-77.16294216,38.79406162],[-77.16144036,38.79444033],[-77.15927103,38.79501215],[-77.15139898,38.79711797],[-77.15145318,38.79717361],[-77.14643799,38.79853179],[-77.14426001,38.79910786],[-77.14423175,38.79903422],[-77.13986325,38.8002098]]]},"properties":{"PREC_IDENT":526,"PREC_NAME":"BREN MAR","DISTRICT":"Mason","cx":-77.15408882455328,"cy":38.80203138214766},"id":526},
{"type":"Feature","geometry":{"type":"Polygon","coordinates":[[[-77.27734737,38.81062369],[-77.27696281,38.81107775],[-77.276581,38.81144586],[-77.2758146,38.81234405],[-77.27530145,38.81303077],[-77.2751179,38.81368234],[-77.27500384,38.81460793],[-77.27503409,38.81468651],[-77.27492936,38.81527032],[-77.27470765,38.81592156],[-77.2739801,38.81741878],[-77.27458065,38.81781087],[-77.2752906,38.81837435],[-77.27663406,38.81966389],[-77.27684414,38.81990087],[-77.27724526,38.82025654],[-77.27843734,38.82116279],[-77.28025917,38.82260829],[-77.28249227,38.82464569],[-77.28311163,38.8251766],[-77.28385543,38.82561544],[-77.28431847,38.82584266],[-77.28499205,38.82607481],[-77.28568115,38.82622062],[-77.28630432,38.82632043],[-77.28704265,38.82646124],[-77.28748078,38.82650147],[-77.28827313,38.82650311],[-77.29065326,38.82656029],[-77.2922357,38.82660679],[-77.29488877,38.82665741],[-77.2953212,38.82661929],[-77.29671064,38.82645231],[-77.29733255,38.82641886],[-77.29868761,38.82641764],[-77.29967184,38.82633984],[-77.3000699,38.82625741],[-77.30070146,38.82606615],[-77.3013198,38.82581138],[-77.30225417,38.82536942],[-77.30297878,38.82507064],[-77.30330696,38.82496826],[-77.30553481,38.82441018],[-77.30684564,38.82411047],[-77.30725717,38.8240611],[-77.3078255,38.82408198],[-77.30883364,38.82044415],[-77.3088541,38.82026861],[-77.30880379,38.81906947],[-77.30877516,38.81889069],[-77.30874563,38.81749679],[-77.30863469,38.8144517],[-77.30787226,38.81449888],[-77.30752286,38.81461478],[-77.30706633,38.81484081],[-77.30672057,38.8149485],[-77.30628131,38.81497973],[-77.30481265,38.81486044],[-77.30443139,38.81478104],[-77.30157914,38.81365216],[-77.30095635,38.81353458],[-77.3006013,38.81356802],[-77.29999521,38.81371149],[-77.29968942,38.81373719],[-77.29913957,38.81366566],[-77.29883659,38.81352388],[-77.29813464,38.81310342],[-77.29760363,38.81295519],[-77.29725269,38.81295296],[-77.2953182,38.81319673],[-77.29482253,38.81324382],[-77.2941627,38.81324253],[-77.29287295,38.81313179],[-77.29225549,38.81311582],[-77.29163561,38.81324399],[-77.29082663,38.8135542],[-77.2876069,38.81445737],[-77.28719865,38.81452317],[-77.28659545,38.81449359],[-77.28608911,38.81434007],[-77.28580743,38.81418475],[-77.28479434,38.81348776],[-77.28443594,38.81330418],[-77.28417758,38.81322324],[-77.28349159,38.81310904],[-77.28267741,38.81310334],[-77.28146782,38.81323357],[-77.28082933,38.81321596],[-77.28000021,38.81305631],[-77.27962072,38.81287524],[-77.27935754,38.81266518],[-77.2781083,38.81120639],[-77.27795203,38.81110866],[-77.27757205,38.81075046],[-77.27734737,38.81062369]]]},"properties":{"PREC_IDENT":123,"PREC_NAME":"ROBINSON","DISTRICT":"Braddock","cx":-77.29213229106551,"cy":38.8194825774278},"id":123},
{"type":"Feature","geometry":{"type":"Polygon","coordinates":[[[-77.18636068,38.81192582],[-77.1864126,38.81234929],[-77.18645608,38.81361846],[-77.186499,38.8141503],[-77.186594,38.81490516],[-77.18679231,38.8153852],[-77.18700467,38.81567316],[-77.18795562,38.81664767],[-77.18856048,38.81735468],[-77.18962539,38.81881924],[-77.19020271,38.81969069],[-77.19048529,38.82017166],[-77.19149474,38.82198708],[-77.19218404,38.82326619],[-77.19184504,38.82337637],[-77.19149367,38.82339442],[-77.19054503,38.82324791],[-77.1901235,38.8232638],[-77.18968868,38.82343058],[-77.18941077,38.82346317],[-77.18893842,38.82337826],[-77.18866664,38.82326675],[-77.188279,38.82296447],[-77.18804266,38.82264329],[-77.18779453,38.82277507],[-77.18751738,38.82314955],[-77.18742162,38.82339563],[-77.18729104,38.82439373],[-77.18719073,38.82469605],[-77.18690782,38.82500182],[-77.18561322,38.82630268],[-77.18546585,38.82649051],[-77.18569142,38.82682531],[-77.18572992,38.82702346],[-77.18554376,38.82779576],[-77.1855059,38.82852167],[-77.1877403,38.82900801],[-77.19074617,38.82954411],[-77.19169492,38.82968925],[-77.19310962,38.82988763],[-77.19619312,38.8304066],[-77.19686499,38.83052665],[-77.19690512,38.83044334],[-77.19782696,38.8291698],[-77.19807833,38.82885953],[-77.19869386,38.82802058],[-77.19996334,38.82634994],[-77.20023836,38.82589577],[-77.20091502,38.82497373],[-77.20130875,38.82436023],[-77.20246222,38.8226924],[-77.20291132,38.8219271],[-77.20335008,38.82134567],[-77.20370157,38.82093078],[-77.2040377,38.82039489],[-77.20447285,38.81981753],[-77.20568368,38.81807479],[-77.20745263,38.81554733],[-77.20803615,38.81471896],[-77.21007895,38.81178668],[-77.21011952,38.81148231],[-77.2070338,38.811517],[-77.20495222,38.81153249],[-77.19997731,38.81161752],[-77.19758961,38.81167479],[-77.19623313,38.81176819],[-77.19469035,38.81179329],[-77.18636068,38.81192582]]]},"properties":{"PREC_IDENT":521,"PREC_NAME":"BROOK HILL","DISTRICT":"Mason","cx":-77.19686234725776,"cy":38.81924037821817},"id":521},
{"type":"Feature","geometry":{"type":"Polygon","coordinates":[[[-77.19686499,38.83052665],[-77.19982903,38.83105381],[-77.20193947,38.83141494],[-77.2032805,38.83161375],[-77.20492998,38.83184066],[-77.20873149,38.83246333],[-77.20940056,38.83254621],[-77.21079201,38.83267684],[-77.21080571,38.8323049],[-77.21067267,38.8318929],[-77.21030143,38.83106089],[-77.21022027,38.8306934],[-77.21025157,38.83031891],[-77.21038051,38.82998119],[-77.21078293,38.82927164],[-77.21153591,38.828003],[-77.21301335,38.82548599],[-77.21311634,38.8252235],[-77.21310419,38.82472633],[-77.21298282,38.82405497],[-77.2128946,38.82329746],[-77.21292412,38.82302181],[-77.21327939,38.82219777],[-77.21356782,38.82177255],[-77.21413446,38.82110186],[-77.21428717,38.82080696],[-77.2143113,38.8206356],[-77.21430003,38.81989267],[-77.21426568,38.81965476],[-77.21405267,38.8192007],[-77.2138575,38.8189267],[-77.21353339,38.81860049],[-77.21310699,38.81830198],[-77.21061518,38.81691259],[-77.20745263,38.81554733],[-77.20568368,38.81807479],[-77.20447285,38.81981753],[-77.2040377,38.82039489],[-77.20370157,38.82093078],[-77.20335008,38.82134567],[-77.20291132,38.8219271],[-77.20246222,38.8226924],[-77.20130875,38.82436023],[-77.20091502,38.82497373],[-77.20023836,38.82589577],[-77.19996334,38.82634994],[-77.19869386,38.82802058],[-77.19807833,38.82885953],[-77.19782696,38.8291698],[-77.19690512,38.83044334],[-77.19686499,38.83052665]]]},"properties":{"PREC_IDENT":504,"PREC_NAME":"BRISTOW","DISTRICT":"Mason","cx":-77.20681536751982,"cy":38.82494161809925},"id":504},
{"type":"Feature","geometry":{"type":"Polygon","coordinates":[[[-77.20745263,38.81554733],[-77.21061518,38.81691259],[-77.21310699,38.81830198],[-77.21353339,38.81860049],[-77.2138575,38.8189267],[-77.21405267,38.8192007],[-77.21426568,38.81965476],[-77.21430003,38.81989267],[-77.2143113,38.8206356],[-77.21428717,38.82080696],[-77.21413446,38.82110186],[-77.21356782,38.82177255],[-77.21327939,38.82219777],[-77.21292412,38.82302181],[-77.2128946,38.82329746],[-77.21298282,38.82405497],[-77.21310419,38.82472633],[-77.21311634,38.8252235],[-77.21301335,38.82548599],[-77.21153591,38.828003],[-77.21078293,38.82927164],[-77.21038051,38.82998119],[-77.21025157,38.83031891],[-77.21022027,38.8306934],[-77.21030143,38.83106089],[-77.21067267,38.8318929],[-77.21080571,38.8323049],[-77.21079201,38.83267684],[-77.21129334,38.83271667],[-77.21233695,38.83286268],[-77.21284763,38.83296851],[-77.21728626,38.83409493],[-77.21821405,38.83431999],[-77.2182426,38.83323076],[-77.21831094,38.83254912],[-77.21850997,38.83142954],[-77.21869088,38.83073539],[-77.21891024,38.8300499],[-77.21917159,38.82937174],[-77.21959501,38.82846467],[-77.22139387,38.82503251],[-77.22167804,38.8244507],[-77.22204636,38.82347987],[-77.22223803,38.82276936],[-77.22239063,38.82188679],[-77.22246177,38.82084819],[-77.22243226,38.81994167],[-77.22234957,38.8192625],[-77.22216604,38.81833234],[-77.22208032,38.8180211],[-77.22189134,38.81700301],[-77.22161569,38.81631898],[-77.22132462,38.81571305],[-77.22107629,38.81526961],[-77.22043381,38.81429325],[-77.21905194,38.8124644],[-77.21827074,38.81139727],[-77.21804608,38.81139893],[-77.21664895,38.81141249],[-77.21637186,38.8114026],[-77.21411456,38.81143143],[-77.21258371,38.81146407],[-77.21011952,38.81148231],[-77.21007895,38.81178668],[-77.20803615,38.81471896],[-77.20745263,38.81554733]]]},"properties":{"PREC_IDENT":106,"PREC_NAME":"HERITAGE","DISTRICT":"Braddock","cx":-77.21766584212686,"cy":38.82247807625974},"id":106},
{"type":"Feature","geometry":{"type":"Polygon","coordinates":[[[-77.21821405,38.83431999],[-77.21948772,38.83467779],[-77.22087653,38.8349593],[-77.22306643,38.83520832],[-77.226822,38.83566789],[-77.2280066,38.83578645],[-77.22881662,38.83584328],[-77.23196395,38.83595696],[-77.23291105,38.83600564],[-77.23358062,38.83606367],[-77.2346248,38.83618202],[-77.23719432,38.83661062],[-77.23881601,38.83683263],[-77.23900886,38.83584751],[-77.23907307,38.83459052],[-77.23907187,38.83345914],[-77.23905442,38.83285345],[-77.23909584,38.83049506],[-77.23929164,38.82914062],[-77.23932764,38.8284902],[-77.23932853,38.8278394],[-77.23945316,38.82713913],[-77.23943784,38.82681219],[-77.23926799,38.82628862],[-77.23905634,38.82594721],[-77.23888142,38.82551283],[-77.2388411,38.82521033],[-77.2388557,38.8245789],[-77.23892764,38.82428035],[-77.23921859,38.82370407],[-77.23933128,38.82328376],[-77.23934946,38.82264825],[-77.23929313,38.82225771],[-77.23905849,38.82162635],[-77.2388845,38.82134026],[-77.23864357,38.82106718],[-77.23824531,38.82076621],[-77.23743837,38.82033952],[-77.23709208,38.82010083],[-77.23682635,38.81983976],[-77.23657035,38.81945676],[-77.23643247,38.81905251],[-77.23638127,38.81857141],[-77.23630978,38.81824523],[-77.23561206,38.81620702],[-77.23535993,38.81537637],[-77.23515192,38.81475928],[-77.23504326,38.81434134],[-77.23491071,38.81338065],[-77.23484595,38.81310271],[-77.23482335,38.81259476],[-77.23490178,38.81189494],[-77.23488565,38.81110861],[-77.23147801,38.81119755],[-77.23026578,38.81121547],[-77.2285116,38.81123546],[-77.22463567,38.81130049],[-77.22172115,38.81137999],[-77.22144082,38.81135497],[-77.22064774,38.81134769],[-77.21893457,38.81137019],[-77.21827074,38.81139727],[-77.21905194,38.8124644],[-77.22043381,38.81429325],[-77.22107629,38.81526961],[-77.22132462,38.81571305],[-77.22161569,38.81631898],[-77.22189134,38.81700301],[-77.22208032,38.8180211],[-77.22216604,38.81833234],[-77.22234957,38.8192625],[-77.22243226,38.81994167],[-77.22246177,38.82084819],[-77.22239063,38.82188679],[-77.22223803,38.82276936],[-77.22204636,38.82347987],[-77.22167804,38.8244507],[-77.22139387,38.82503251],[-77.21959501,38.82846467],[-77.21917159,38.82937174],[-77.21891024,38.8300499],[-77.21869088,38.83073539],[-77.21850997,38.83142954],[-77.21831094,38.83254912],[-77.2182426,38.83323076],[-77.21821405,38.83431999]]]},"properties":{"PREC_IDENT":104,"PREC_NAME":"CHAPEL","DISTRICT":"Braddock","cx":-77.22998908333456,"cy":38.824523089047666},"id":104},
{"type":"Feature","geometry":{"type":"Polygon","coordinates":[[[-77.23881601,38.83683263],[-77.24252243,38.83730215],[-77.2456963,38.83770958],[-77.24827484,38.83802955],[-77.25133274,38.83844657],[-77.25137317,38.83834265],[-77.25354208,38.83394735],[-77.2541776,38.83252754],[-77.25453304,38.8320741],[-77.2549708,38.83173138],[-77.25544177,38.83129564],[-77.25578555,38.8309066],[-77.25618864,38.83033558],[-77.25752472,38.82798678],[-77.25573486,38.82734859],[-77.2553559,38.82713587],[-77.25491247,38.82679478],[-77.25473852,38.82670369],[-77.25353957,38.82620491],[-77.25298733,38.82606586],[-77.25261259,38.8260152],[-77.25269602,38.82545589],[-77.25265065,38.82503664],[-77.25266052,38.82467015],[-77.25302264,38.82362776],[-77.25311596,38.82330747],[-77.25312537,38.82256339],[-77.25123272,38.82259819],[-77.2507471,38.82266716],[-77.24970515,38.82303502],[-77.24919818,38.82312024],[-77.2481618,38.82316822],[-77.24759831,38.82327343],[-77.24722711,38.82342324],[-77.24685863,38.82361839],[-77.2465062,38.82369838],[-77.24594227,38.82362783],[-77.24557068,38.82339731],[-77.24338614,38.821254],[-77.24312631,38.82105762],[-77.2425179,38.82072158],[-77.24208599,38.82053022],[-77.24125858,38.82027283],[-77.24060422,38.82015596],[-77.23984653,38.82012723],[-77.23921683,38.8202056],[-77.23883899,38.82033335],[-77.2384949,38.82053835],[-77.23824531,38.82076621],[-77.23864357,38.82106718],[-77.2388845,38.82134026],[-77.23905849,38.82162635],[-77.23929313,38.82225771],[-77.23934946,38.82264825],[-77.23933128,38.82328376],[-77.23921859,38.82370407],[-77.23892764,38.82428035],[-77.2388557,38.8245789],[-77.2388411,38.82521033],[-77.23888142,38.82551283],[-77.23905634,38.82594721],[-77.23926799,38.82628862],[-77.23943784,38.82681219],[-77.23945316,38.82713913],[-77.23932853,38.8278394],[-77.23932764,38.8284902],[-77.23929164,38.82914062],[-77.23909584,38.83049506],[-77.23905442,38.83285345],[-77.23907187,38.83345914],[-77.23907307,38.83459052],[-77.23900886,38.83584751],[-77.23881601,38.83683263]]]},"properties":{"PREC_IDENT":116,"PREC_NAME":"WAKEFIELD","DISTRICT":"Braddock","cx":-77.24656701466604,"cy":38.83007562453369},"id":116},
{"type":"Feature","geometry":{"type":"Polygon","coordinates":[[[-77.1855059,38.82852167],[-77.18285938,38.82792081],[-77.18187761,38.82766402],[-77.18104653,38.82742264],[-77.18006245,38.82710127],[-77.18002867,38.82722034],[-77.17975432,38.82763054],[-77.17881016,38.82895587],[-77.18136418,38.82981528],[-77.18171475,38.83003341],[-77.18256375,38.83083106],[-77.18342907,38.83150532],[-77.18368451,38.83174297],[-77.18345627,38.83193675],[-77.18306621,38.83272187],[-77.18303464,38.83310321],[-77.1827389,38.83353102],[-77.18050017,38.83251043],[-77.18012151,38.83248283],[-77.17906164,38.83265215],[-77.17924911,38.8333394],[-77.17929497,38.83409096],[-77.1784027,38.83411799],[-77.17792194,38.83410571],[-77.17791609,38.83613909],[-77.17897029,38.8358997],[-77.17979762,38.8357772],[-77.18236775,38.8355809],[-77.18322702,38.83543951],[-77.18380931,38.83527716],[-77.18604932,38.83450865],[-77.18703874,38.83492889],[-77.18947048,38.83596387],[-77.19005522,38.83624363],[-77.19276463,38.83784595],[-77.19429632,38.8387637],[-77.19632043,38.84002329],[-77.1969252,38.84036365],[-77.19738552,38.84053764],[-77.19845959,38.84075139],[-77.19871063,38.84084891],[-77.19895226,38.84107814],[-77.19931492,38.84160391],[-77.19959764,38.84169766],[-77.19980185,38.84166697],[-77.20002704,38.84241639],[-77.20024725,38.84285956],[-77.20199021,38.8451155],[-77.20244687,38.84568898],[-77.20309939,38.84630581],[-77.20331705,38.84591964],[-77.20369234,38.84536085],[-77.20466,38.84427587],[-77.20555312,38.84342896],[-77.20615825,38.84277933],[-77.20644199,38.84242684],[-77.20726735,38.84124553],[-77.20751467,38.84077044],[-77.2083111,38.83904783],[-77.20842556,38.83873605],[-77.20859809,38.83773289],[-77.20867606,38.83749759],[-77.208875,38.837173],[-77.20933914,38.83674423],[-77.2096294,38.8364179],[-77.20978229,38.83611614],[-77.2099519,38.83566491],[-77.21019823,38.83485204],[-77.21056215,38.83374664],[-77.21082846,38.83299303],[-77.21079201,38.83267684],[-77.20940056,38.83254621],[-77.20873149,38.83246333],[-77.20492998,38.83184066],[-77.2032805,38.83161375],[-77.20193947,38.83141494],[-77.19982903,38.83105381],[-77.19686499,38.83052665],[-77.19619312,38.8304066],[-77.19310962,38.82988763],[-77.19169492,38.82968925],[-77.19074617,38.82954411],[-77.1877403,38.82900801],[-77.1855059,38.82852167]]]},"properties":{"PREC_IDENT":518,"PREC_NAME":"COLUMBIA","DISTRICT":"Mason","cx":-77.20059155756229,"cy":38.83623749386409},"id":518},
{"type":"Feature","geometry":{"type":"Polygon","coordinates":[[[-77.2456963,38.83770958],[-77.24554036,38.83843877],[-77.24552936,38.83881077],[-77.24580136,38.83969877],[-77.24583636,38.84023977],[-77.24576684,38.84130899],[-77.24570358,38.84251794],[-77.24622149,38.84382508],[-77.24675705,38.84532876],[-77.24686834,38.84579265],[-77.24706589,38.84725586],[-77.24728637,38.84707096],[-77.24736731,38.84690217],[-77.24721659,38.8467413],[-77.24722533,38.84632098],[-77.24754425,38.84614144],[-77.24786281,38.84586156],[-77.24823566,38.84586147],[-77.24843209,38.8456376],[-77.24871876,38.8458697],[-77.24899945,38.84584405],[-77.24900548,38.84566515],[-77.24935047,38.84556885],[-77.24951416,38.84534827],[-77.24978464,38.8452414],[-77.25009306,38.84532119],[-77.25040974,38.84522534],[-77.25080184,38.84505182],[-77.25119426,38.84509804],[-77.25143272,38.84504376],[-77.25151782,38.84491121],[-77.25175003,38.84484462],[-77.25217138,38.84503552],[-77.2525858,38.84494877],[-77.2527805,38.84499073],[-77.25312973,38.84534053],[-77.25339068,38.84544338],[-77.25351981,38.84561666],[-77.25383961,38.84573024],[-77.25388232,38.84582559],[-77.25416379,38.84581206],[-77.25440952,38.84589691],[-77.25477286,38.84578082],[-77.25534271,38.84575345],[-77.25568036,38.84579745],[-77.25591457,38.84573157],[-77.25593192,38.84535496],[-77.25604946,38.84444864],[-77.25621092,38.84343845],[-77.25627492,38.8427842],[-77.256397,38.84202073],[-77.25668477,38.8397995],[-77.25677177,38.83923612],[-77.25586774,38.83913043],[-77.25462777,38.83895938],[-77.25133274,38.83844657],[-77.24827484,38.83802955],[-77.2456963,38.83770958]]]},"properties":{"PREC_IDENT":528,"PREC_NAME":"RIDGELEA","DISTRICT":"Mason","cx":-77.25087608908267,"cy":38.841791046180106},"id":528},
{"type":"Feature","geometry":{"type":"Polygon","coordinates":[[[-77.14840038,38.84630242],[-77.15201442,38.84397931],[-77.15317174,38.8432262],[-77.15451562,38.84323051],[-77.1544942,38.8449082],[-77.15767542,38.84562779],[-77.1607976,38.84476845],[-77.16214626,38.84610607],[-77.16363507,38.8462687],[-77.16307764,38.84687345],[-77.16344396,38.84708048],[-77.16395249,38.84705705],[-77.16429357,38.84692442],[-77.1645856,38.84661225],[-77.16471264,38.84656322],[-77.16628127,38.84668285],[-77.16701039,38.84702961],[-77.1674521,38.84707538],[-77.16774987,38.84703578],[-77.16791456,38.84707453],[-77.16798005,38.84666131],[-77.16812303,38.84657454],[-77.16866211,38.84653565],[-77.1691474,38.84644265],[-77.17013716,38.84609369],[-77.17035201,38.84597302],[-77.17079231,38.84590164],[-77.17140935,38.8459145],[-77.17201595,38.84612751],[-77.17239045,38.84603256],[-77.17257033,38.84608677],[-77.17284533,38.84603377],[-77.17303728,38.84614244],[-77.17376468,38.8464237],[-77.17432748,38.84643651],[-77.17470548,38.84648292],[-77.1747386,38.84603161],[-77.17472346,38.84552067],[-77.17463251,38.84512147],[-77.1740965,38.84372317],[-77.17367679,38.84268316],[-77.17342541,38.84222585],[-77.17323689,38.84197658],[-77.1725496,38.84116696],[-77.17228271,38.8407891],[-77.17217897,38.84051332],[-77.17115903,38.83737952],[-77.17054917,38.83751129],[-77.16811297,38.83767452],[-77.16692105,38.83776396],[-77.16388751,38.83795053],[-77.16310514,38.83791828],[-77.162608,38.83784122],[-77.16223431,38.83773398],[-77.16134114,38.83742997],[-77.15964983,38.83681065],[-77.15859974,38.8364499],[-77.1582398,38.83635929],[-77.15775554,38.83634551],[-77.15704751,38.83646922],[-77.15641223,38.83683267],[-77.15389868,38.83831146],[-77.148885,38.84128551],[-77.14836286,38.84160353],[-77.14778467,38.84191404],[-77.14716536,38.84217053],[-77.14661815,38.84232761],[-77.14572351,38.84247382],[-77.14532817,38.84249897],[-77.1451786,38.84266137],[-77.14501532,38.84266777],[-77.14458267,38.84307802],[-77.14433023,38.84316125],[-77.14390596,38.84320915],[-77.14369184,38.84317093],[-77.14357619,38.84346052],[-77.14369961,38.84360706],[-77.14350456,38.84382026],[-77.14359692,38.8439936],[-77.14392533,38.84415133],[-77.14407463,38.84437265],[-77.1438279,38.84464231],[-77.14464413,38.84436105],[-77.14840038,38.84630242]]]},"properties":{"PREC_IDENT":503,"PREC_NAME":"BELVEDERE","DISTRICT":"Mason","cx":-77.15928964744458,"cy":38.841007587464205},"id":503},
{"type":"Feature","geometry":{"type":"Polygon","coordinates":[[[-77.51485861,38.86884445],[-77.51951815,38.86413301],[-77.52285182,38.86073665],[-77.52842481,38.85507416],[-77.5310063,38.85244707],[-77.53597628,38.84740256],[-77.53532196,38.84723105],[-77.53503245,38.84708726],[-77.53491527,38.84692291],[-77.53493711,38.84660457],[-77.53531146,38.8461834],[-77.53568002,38.8456702],[-77.53591038,38.84525059],[-77.53639524,38.84444316],[-77.53669169,38.84380716],[-77.53689328,38.84317588],[-77.53700225,38.8426427],[-77.53700219,38.84238595],[-77.53673688,38.8417481],[-77.53639018,38.84115763],[-77.53629571,38.84087128],[-77.53615066,38.8406916],[-77.53578885,38.84044287],[-77.5350324,38.8395154],[-77.53487627,38.83937682],[-77.53458664,38.83924401],[-77.53392774,38.83915758],[-77.53338851,38.8390488],[-77.5330633,38.83895138],[-77.53239305,38.83866578],[-77.53118102,38.83794046],[-77.53070005,38.83767838],[-77.53007482,38.83718032],[-77.52970096,38.8370468],[-77.5294269,38.83706238],[-77.52910607,38.83716133],[-77.52850068,38.83727302],[-77.52803148,38.83743938],[-77.5275535,38.83747661],[-77.526741,38.83732709],[-77.52619068,38.83726074],[-77.52508243,38.83717328],[-77.52432913,38.83705993],[-77.52353287,38.837008],[-77.52280881,38.83706788],[-77.52233704,38.83716418],[-77.5216669,38.83738925],[-77.52099245,38.83767332],[-77.52047388,38.83785435],[-77.51951294,38.83829116],[-77.51869865,38.83853012],[-77.5178872,38.83881714],[-77.51721987,38.83909164],[-77.51638237,38.83948553],[-77.51510783,38.84000069],[-77.51460734,38.84014065],[-77.51366068,38.8403002],[-77.51297395,38.84045094],[-77.51211013,38.84071415],[-77.51185198,38.8408479],[-77.51139315,38.84127652],[-77.51101852,38.8414546],[-77.51043816,38.84152934],[-77.51002454,38.84147917],[-77.50965745,38.84136486],[-77.50922269,38.84132001],[-77.50886382,38.84111927],[-77.50837238,38.840603],[-77.50832047,38.84029365],[-77.50841023,38.84015024],[-77.50874258,38.8399828],[-77.50883176,38.83988058],[-77.5088422,38.83963354],[-77.50869577,38.83905017],[-77.50845186,38.83866093],[-77.50792913,38.8381238],[-77.50760893,38.83766665],[-77.50755178,38.83748356],[-77.50757616,38.8372435],[-77.50776963,38.8369623],[-77.50809529,38.83677009],[-77.50832087,38.8367061],[-77.50903814,38.83662978],[-77.50948961,38.83673381],[-77.51002365,38.83670537],[-77.51045086,38.83653186],[-77.51067784,38.83636627],[-77.51094241,38.83601977],[-77.51103063,38.83573219],[-77.51101403,38.83540803],[-77.51058601,38.83436783],[-77.51051975,38.83408033],[-77.5105396,38.83365899],[-77.51079648,38.83285111],[-77.51097727,38.83246958],[-77.5111881,38.83220088],[-77.51175707,38.83167296],[-77.51205135,38.83146263],[-77.51231552,38.83114357],[-77.51239913,38.83093559],[-77.51241804,38.83058152],[-77.51233391,38.83031721],[-77.51206135,38.8299703],[-77.51143625,38.82947626],[-77.50920482,38.82811331],[-77.50803748,38.82748561],[-77.50740918,38.82722767],[-77.50638544,38.82662589],[-77.50557703,38.82619342],[-77.50486349,38.82600751],[-77.50434498,38.82568047],[-77.50402344,38.82557889],[-77.50367906,38.82535217],[-77.5035143,38.82508304],[-77.50349774,38.82475888],[-77.50359923,38.82452771],[-77.50443928,38.82343646],[-77.50480855,38.82287943],[-77.50502994,38.82260808],[-77.50526085,38.82240958],[-77.50569277,38.82214414],[-77.50605265,38.82175727],[-77.506278,38.82119901],[-77.5064573,38.82041793],[-77.50645199,38.82029432],[-77.50629352,38.82007742],[-77.50595928,38.819881],[-77.50601627,38.81956708],[-77.50594313,38.81927264],[-77.50567726,38.8189546],[-77.50551642,38.81865668],[-77.50548188,38.81836257],[-77.50552958,38.81795932],[-77.50550096,38.8177449],[-77.5053531,38.81726997],[-77.50531014,38.81657076],[-77.50519386,38.8163501],[-77.50491985,38.81611437],[-77.50428554,38.81579046],[-77.50370413,38.81544915],[-77.50278303,38.81480015],[-77.50248012,38.81462458],[-77.50153862,38.81418271],[-77.50115909,38.81396392],[-77.50073697,38.81378047],[-77.50011826,38.81359946],[-77.49947398,38.81349099],[-77.49878354,38.81342057],[-77.4979414,38.81340652],[-77.4974332,38.8133555],[-77.49718187,38.81325724],[-77.49604601,38.8129139],[-77.49521575,38.81255256],[-77.49496402,38.81248313],[-77.4942629,38.81242495],[-77.49369615,38.81229515],[-77.49306766,38.81206322],[-77.49240857,38.811761],[-77.49187765,38.81157932],[-77.491395,38.81145984],[-77.49110537,38.81134065],[-77.49086979,38.81112169],[-77.49037518,38.81035544],[-77.48983383,38.80966841],[-77.48927069,38.80903474],[-77.48917796,38.80864127],[-77.48949695,38.80767057],[-77.48958401,38.80721961],[-77.4896459,38.80631261],[-77.48985838,38.80567738],[-77.49021797,38.80506126],[-77.49048323,38.80466538],[-77.49096499,38.80409562],[-77.49179706,38.80306892],[-77.49220285,38.80266052],[-77.49333208,38.80146062],[-77.49407951,38.80071052],[-77.49423725,38.8004716],[-77.49435154,38.80007854],[-77.4943379,38.79904731],[-77.4942793,38.79872141],[-77.4941777,38.79845968],[-77.49386515,38.79797645],[-77.49382317,38.7977166],[-77.49362534,38.79756113],[-77.49276046,38.79768002],[-77.49183116,38.79763909],[-77.4909659,38.79753554],[-77.48929789,38.79712576],[-77.48864448,38.79692929],[-77.48811788,38.79694808],[-77.48783452,38.7968866],[-77.48721324,38.79665195],[-77.48685675,38.79655139],[-77.48664282,38.79654268],[-77.48593176,38.79670267],[-77.4855543,38.79684494],[-77.48504496,38.7971316],[-77.48479561,38.79714729],[-77.48457201,38.79707808],[-77.48420052,38.79704603],[-77.483659,38.79712647],[-77.48334306,38.79713609],[-77.48283173,38.79706712],[-77.48222498,38.79679825],[-77.4817589,38.79675576],[-77.48096305,38.79646052],[-77.48065717,38.79650318],[-77.48044814,38.79664415],[-77.48030007,38.7969408],[-77.48027638,38.79712595],[-77.48041404,38.79781089],[-77.48039305,38.79805372],[-77.48026933,38.79836431],[-77.47984339,38.79895374],[-77.47956046,38.79910917],[-77.47935986,38.79914999],[-77.47841221,38.79916508],[-77.47760045,38.79924725],[-77.47687874,38.79941258],[-77.4766927,38.79941645],[-77.47637167,38.79929008],[-77.47608662,38.79910087],[-77.47596423,38.7988252],[-77.47595465,38.79851208],[-77.47602432,38.79805548],[-77.47596199,38.79775151],[-77.47568641,38.79739076],[-77.4751097,38.79698618],[-77.47481161,38.7967282],[-77.47460953,38.79662758],[-77.47395197,38.79647904],[-77.47356768,38.79636035],[-77.47288959,38.79642169],[-77.4722789,38.79643144],[-77.47174747,38.79629635],[-77.47098447,38.79591621],[-77.47052742,38.79573371],[-77.47022906,38.79574071],[-77.46982646,38.79592115],[-77.46955229,38.79595444],[-77.46901624,38.79589756],[-77.46876626,38.79595715],[-77.46851645,38.79624877],[-77.46824497,38.79633837],[-77.46774098,38.79624881],[-77.46755077,38.79629931],[-77.46715425,38.79654433],[-77.46663838,38.79654802],[-77.46586234,38.79658787],[-77.46471405,38.79640474],[-77.46419687,38.79625601],[-77.46342378,38.79584827],[-77.46271194,38.79557287],[-77.46245987,38.79553357],[-77.46203489,38.7955614],[-77.46144607,38.79575801],[-77.46041775,38.79649992],[-77.46016763,38.79681075],[-77.46002321,38.79733395],[-77.45994439,38.79744583],[-77.45958744,38.79762116],[-77.45929877,38.79768587],[-77.45894425,38.79769371],[-77.45846122,38.79760979],[-77.4582729,38.79752986],[-77.45739941,38.7970292],[-77.45729962,38.79689376],[-77.45732417,38.79616904],[-77.45726429,38.79594334],[-77.45690812,38.79582347],[-77.45654926,38.79588892],[-77.4562413,38.79607428],[-77.45601247,38.79612579],[-77.45557391,38.79612189],[-77.45519278,38.79602925],[-77.45482827,38.79600129],[-77.45428689,38.79607061],[-77.45326154,38.79612187],[-77.45268076,38.79624575],[-77.45222463,38.79648469],[-77.45197577,38.79670627],[-77.45176488,38.79697074],[-77.45144156,38.7972452],[-77.45136535,38.79741751],[-77.45131582,38.79792645],[-77.45112574,38.79844785],[-77.45059709,38.79932596],[-77.45028141,38.79979681],[-77.45004083,38.80041113],[-77.45005374,38.80072841],[-77.45016896,38.80100815],[-77.45066043,38.80171552],[-77.45073865,38.80188647],[-77.45064269,38.80220963],[-77.44976028,38.80279899],[-77.44942995,38.80307062],[-77.44900647,38.80325467],[-77.44930606,38.8038631],[-77.44940621,38.80421411],[-77.44946245,38.80492719],[-77.44943654,38.80525922],[-77.44902196,38.80793008],[-77.44887279,38.80877038],[-77.44872061,38.8098166],[-77.44868982,38.81001527],[-77.44887842,38.81001675],[-77.44907242,38.80988975],[-77.44941342,38.81003175],[-77.44973042,38.81000775],[-77.44979542,38.81017175],[-77.45015042,38.81049175],[-77.45105442,38.81087975],[-77.45116442,38.81088675],[-77.45188042,38.81115875],[-77.45229342,38.81120775],[-77.45336542,38.81112375],[-77.45386442,38.81115875],[-77.45458042,38.81130675],[-77.45528542,38.81149075],[-77.45571642,38.81166175],[-77.45593542,38.81183275],[-77.45626442,38.81242875],[-77.45680942,38.81329475],[-77.45735442,38.81420775],[-77.45741042,38.81443175],[-77.45890742,38.81698075],[-77.45917842,38.81741875],[-77.45967742,38.81830875],[-77.45973342,38.81854475],[-77.45995342,38.81858675],[-77.46136142,38.81898075],[-77.46221142,38.81907675],[-77.46266642,38.81916775],[-77.46307942,38.81931275],[-77.46346442,38.81951075],[-77.46486442,38.82042675],[-77.46357044,38.82119204],[-77.46281957,38.82165771],[-77.46152608,38.82250713],[-77.46074593,38.82305353],[-77.45945425,38.8240169],[-77.45799075,38.82520664],[-77.4575224,38.82561788],[-77.45747841,38.8256565],[-77.45833778,38.82618451],[-77.46322966,38.82918797],[-77.46778353,38.83200913],[-77.46833442,38.83234494],[-77.47009711,38.83345501],[-77.47035007,38.83359453],[-77.47286168,38.83512873],[-77.47887728,38.83888317],[-77.48078088,38.84011456],[-77.48088316,38.84019948],[-77.48222772,38.84103967],[-77.48336605,38.84176951],[-77.48579537,38.84325023],[-77.48914939,38.84534787],[-77.49147474,38.84678173],[-77.49327204,38.84782325],[-77.49551645,38.8492206],[-77.49574524,38.84938695],[-77.49795203,38.85082207],[-77.49971128,38.85191136],[-77.50080097,38.85264381],[-77.50301819,38.85401105],[-77.50949974,38.85798836],[-77.51524521,38.86152068],[-77.51513846,38.86361857],[-77.51502159,38.86573605],[-77.51492255,38.86732236],[-77.51485861,38.86884445]]]},"properties":{"PREC_IDENT":923,"PREC_NAME":"BULL RUN","DISTRICT":"Sully","cx":-77.48987637914908,"cy":38.82722937467191},"id":923},
{"type":"Feature","geometry":{"type":"Polygon","coordinates":[[[-77.40755423,38.86816097],[-77.40799626,38.86810085],[-77.40821917,38.86836549],[-77.40848016,38.86858495],[-77.40859188,38.86883813],[-77.40887415,38.86880529],[-77.40912374,38.86865423],[-77.40925834,38.86838348],[-77.40919315,38.86816219],[-77.40926044,38.86788288],[-77.40916008,38.86772369],[-77.40923512,38.86741363],[-77.409371,38.86724808],[-77.40987037,38.86709475],[-77.40995565,38.86728235],[-77.41024539,38.86723339],[-77.41029204,38.86711501],[-77.41053321,38.86691228],[-77.41068947,38.86685801],[-77.41074912,38.86660747],[-77.41091236,38.86639456],[-77.41136187,38.86630239],[-77.41171326,38.86613774],[-77.41180731,38.86601185],[-77.41173302,38.86578988],[-77.41192314,38.86560623],[-77.41246602,38.86526863],[-77.41299708,38.86507899],[-77.41318738,38.86494325],[-77.41326747,38.86479037],[-77.41356946,38.86472652],[-77.41383977,38.86478717],[-77.41400936,38.8645902],[-77.41411391,38.86473142],[-77.41433435,38.86457964],[-77.41451309,38.86473179],[-77.41484218,38.86455224],[-77.41526243,38.86451559],[-77.41542466,38.86458933],[-77.41569458,38.86452372],[-77.41590336,38.8645577],[-77.4161652,38.86441927],[-77.41625707,38.86424836],[-77.41623563,38.8639276],[-77.41645482,38.86369135],[-77.41654335,38.86347022],[-77.41652798,38.86296293],[-77.41657358,38.86267119],[-77.4167551,38.86263241],[-77.41689578,38.86282823],[-77.41728991,38.86275694],[-77.41747845,38.86281511],[-77.4183975,38.86269657],[-77.41867314,38.86250691],[-77.41887757,38.86185521],[-77.41886373,38.86114623],[-77.41860797,38.86086782],[-77.4185746,38.86059701],[-77.41892091,38.86043936],[-77.41874944,38.86029541],[-77.41901845,38.85998976],[-77.41896225,38.85977731],[-77.41911139,38.85972403],[-77.41963385,38.8601303],[-77.41985826,38.86018925],[-77.4199896,38.86000037],[-77.41983558,38.85936266],[-77.41946511,38.85841891],[-77.41910301,38.85778577],[-77.41916021,38.85762934],[-77.41946201,38.85756231],[-77.41995835,38.85769418],[-77.42039463,38.85785844],[-77.42087023,38.85775962],[-77.42116158,38.85774033],[-77.42169509,38.85761381],[-77.42217691,38.85743915],[-77.42236367,38.85715173],[-77.42199897,38.85693352],[-77.42180867,38.85671108],[-77.42168965,38.85647442],[-77.42178721,38.85638381],[-77.42245516,38.85644525],[-77.42360801,38.85640766],[-77.42373354,38.85629163],[-77.42389448,38.85600205],[-77.42431374,38.85591349],[-77.42442952,38.85557306],[-77.4250453,38.85571994],[-77.42582924,38.85570438],[-77.42619236,38.85578153],[-77.42669976,38.85554461],[-77.42712286,38.85504719],[-77.42736382,38.85495915],[-77.42770156,38.85501498],[-77.42784091,38.85516506],[-77.42778678,38.85529511],[-77.4279063,38.8555623],[-77.42769918,38.85569376],[-77.42758102,38.85616249],[-77.42758616,38.8568855],[-77.42762656,38.85710627],[-77.42817529,38.85717951],[-77.42849778,38.85747421],[-77.42878766,38.85757432],[-77.42900399,38.8575206],[-77.42934281,38.85718503],[-77.42944019,38.85665307],[-77.42914233,38.85612519],[-77.42913294,38.85592786],[-77.4294044,38.85561559],[-77.42963481,38.85552459],[-77.42982075,38.85532262],[-77.43004031,38.85524325],[-77.43040647,38.85500695],[-77.43090752,38.85442029],[-77.43115008,38.85417479],[-77.43138003,38.85349325],[-77.43145532,38.85299211],[-77.43160583,38.85297081],[-77.4318216,38.85273649],[-77.43197415,38.85269461],[-77.43211583,38.85242652],[-77.43240451,38.85222534],[-77.43277411,38.85218544],[-77.43290554,38.85027007],[-77.43293392,38.85001496],[-77.43287471,38.84903686],[-77.43274713,38.84840688],[-77.4326044,38.8478509],[-77.43220251,38.84654155],[-77.43212383,38.84641352],[-77.43145142,38.84651824],[-77.43013429,38.84677809],[-77.42864125,38.84705966],[-77.42709603,38.84730779],[-77.42395532,38.84787628],[-77.42318403,38.84802847],[-77.42173687,38.84829116],[-77.41909582,38.84878585],[-77.41822277,38.84893159],[-77.41637395,38.84928112],[-77.41369439,38.84976298],[-77.410254,38.85039562],[-77.40834911,38.85073215],[-77.40600365,38.85117438],[-77.40291132,38.85172536],[-77.40349719,38.85387773],[-77.40406025,38.85587105],[-77.40403368,38.85600124],[-77.40444163,38.85734369],[-77.40490124,38.85898457],[-77.4050003,38.85939738],[-77.40513194,38.85974735],[-77.40550831,38.86109088],[-77.40557034,38.861399],[-77.40577051,38.86209147],[-77.40604219,38.86293152],[-77.40608084,38.86316117],[-77.40633892,38.86397225],[-77.40644441,38.86419428],[-77.40734082,38.86737282],[-77.40755423,38.86816097]]]},"properties":{"PREC_IDENT":928,"PREC_NAME":"POPLAR TREE","DISTRICT":"Sully","cx":-77.41285044427977,"cy":38.85643214075549},"id":928},
{"type":"Feature","geometry":{"type":"Polygon","coordinates":[[[-77.18508848,38.85707036],[-77.1835176,38.85731364],[-77.18009986,38.85772424],[-77.1798496,38.8577736],[-77.17946411,38.85791893],[-77.17924385,38.85805513],[-77.17893943,38.85837573],[-77.17878972,38.85868572],[-77.17875934,38.85896977],[-77.1788468,38.8601415],[-77.17887134,38.86067877],[-77.17871811,38.86107338],[-77.17854018,38.86124339],[-77.17774224,38.86178382],[-77.17740292,38.8620903],[-77.17717434,38.86240777],[-77.17679081,38.86328616],[-77.17632252,38.86411019],[-77.17481014,38.866695],[-77.17471915,38.86686697],[-77.17466574,38.86728651],[-77.17467996,38.86780422],[-77.17465641,38.86931298],[-77.1746402,38.86962035],[-77.17898822,38.86889085],[-77.18387173,38.86807108],[-77.18724391,38.86748822],[-77.18680272,38.86587686],[-77.18677175,38.86545775],[-77.18688121,38.8646585],[-77.18687081,38.8644593],[-77.1865237,38.86193044],[-77.18642058,38.86123179],[-77.18585214,38.8575581],[-77.1857765,38.85746938],[-77.18518934,38.85749777],[-77.18508848,38.85707036]]]},"properties":{"PREC_IDENT":515,"PREC_NAME":"WESTLAWN","DISTRICT":"Mason","cx":-77.18160670474501,"cy":38.863911538753364},"id":515},
{"type":"Feature","geometry":{"type":"Polygon","coordinates":[[[-77.17836815,38.87930957],[-77.178326,38.87931524],[-77.17906115,38.87943229],[-77.17952236,38.87918759],[-77.18825451,38.87868956],[-77.18967303,38.87813788],[-77.18965628,38.87809076],[-77.19017658,38.87789682],[-77.19486735,38.87688359],[-77.19857447,38.87605836],[-77.19972044,38.87582254],[-77.1996558,38.87570649],[-77.19959012,38.87506594],[-77.19953389,38.87312938],[-77.19912359,38.87309051],[-77.19903101,38.87296591],[-77.19891351,38.87072798],[-77.19942667,38.87051673],[-77.20032916,38.86995005],[-77.20037132,38.86975555],[-77.2007709,38.86844463],[-77.20007421,38.86831747],[-77.19979417,38.86806997],[-77.19977646,38.86788442],[-77.20018775,38.8665091],[-77.20023809,38.86605656],[-77.19753987,38.86609257],[-77.196851,38.8661165],[-77.19551496,38.86618817],[-77.19483956,38.86624382],[-77.19327925,38.8664791],[-77.18724391,38.86748822],[-77.18387173,38.86807108],[-77.17898822,38.86889085],[-77.17930177,38.86998592],[-77.1795302,38.8709345],[-77.17976024,38.87332338],[-77.17783314,38.87343625],[-77.17765681,38.87347543],[-77.17761715,38.87435435],[-77.17766387,38.8743852],[-77.17748165,38.87544881],[-77.17749241,38.87582547],[-77.1772767,38.87638697],[-77.17726153,38.87685301],[-77.17731705,38.87727947],[-77.17742081,38.87774894],[-77.17754096,38.87806529],[-77.17755435,38.87840787],[-77.17770071,38.87873171],[-77.17820422,38.87925354],[-77.17836815,38.87930957]]]},"properties":{"PREC_IDENT":705,"PREC_NAME":"GRAHAM-GREENWAY","DISTRICT":"Providence","cx":-77.18893905731703,"cy":38.872707654014576},"id":705},
{"type":"Feature","geometry":{"type":"Polygon","coordinates":[[[-77.43823049,38.86289505],[-77.43960696,38.86491721],[-77.44042562,38.86608613],[-77.4418734,38.86818334],[-77.44329356,38.87025283],[-77.44398874,38.8712284],[-77.44415005,38.87148522],[-77.44522671,38.87303536],[-77.44549958,38.87335085],[-77.4465832,38.87490927],[-77.44735407,38.87599945],[-77.44826898,38.87732981],[-77.44851261,38.87772466],[-77.44874413,38.87819648],[-77.44926658,38.87778989],[-77.44942516,38.87761851],[-77.44943838,38.87742611],[-77.44907484,38.87710395],[-77.44907159,38.87682175],[-77.44915714,38.87660556],[-77.44945414,38.8762968],[-77.44979365,38.87605962],[-77.45010747,38.8759044],[-77.45018904,38.87565935],[-77.45038492,38.8755422],[-77.45038366,38.87499828],[-77.45065697,38.87460774],[-77.45078543,38.87459108],[-77.45139996,38.87420602],[-77.45160383,38.87415099],[-77.45169778,38.87395805],[-77.45210045,38.8739275],[-77.45229618,38.87371892],[-77.45230955,38.87354855],[-77.45192481,38.87333453],[-77.45198958,38.8731629],[-77.45234982,38.87308582],[-77.45234855,38.87286945],[-77.45245376,38.8725345],[-77.45271103,38.87239486],[-77.45301466,38.87210475],[-77.45355307,38.87200996],[-77.4538489,38.87207511],[-77.45391754,38.87190904],[-77.45384889,38.87169903],[-77.45417972,38.87152307],[-77.4544501,38.87145747],[-77.45472545,38.87114035],[-77.45506833,38.8710811],[-77.45519321,38.87073196],[-77.45545288,38.87083311],[-77.45569486,38.87084445],[-77.4561131,38.87099871],[-77.45625612,38.87087108],[-77.45719377,38.87065127],[-77.45751413,38.87061365],[-77.45835668,38.87037199],[-77.45898332,38.87036109],[-77.45925844,38.87009752],[-77.45954399,38.87012722],[-77.4600618,38.86982674],[-77.46025726,38.86979909],[-77.46061854,38.869654],[-77.4610533,38.86929265],[-77.46127422,38.86890278],[-77.46154358,38.8687346],[-77.46219959,38.86875669],[-77.46240026,38.86869359],[-77.46265067,38.86843417],[-77.46286852,38.86830743],[-77.46309319,38.86830165],[-77.46316059,38.86806095],[-77.46355525,38.86795208],[-77.4636301,38.86771761],[-77.4637997,38.86762429],[-77.46368748,38.86732483],[-77.46344056,38.86691076],[-77.46303215,38.86649252],[-77.46234124,38.86593586],[-77.46186486,38.86560351],[-77.46035466,38.86438469],[-77.4600593,38.86416514],[-77.45838948,38.86281719],[-77.45758437,38.86214828],[-77.45753293,38.8620627],[-77.45420799,38.85933938],[-77.45386465,38.85904113],[-77.45326037,38.85857443],[-77.45298291,38.85833443],[-77.45153877,38.85718198],[-77.45096013,38.85664547],[-77.449081,38.85498522],[-77.44803323,38.85400024],[-77.44713219,38.85478561],[-77.44619745,38.85562191],[-77.44364021,38.85786977],[-77.44174649,38.85958216],[-77.4415999,38.85968398],[-77.43987186,38.86123178],[-77.4397033,38.86137283],[-77.43970112,38.8615273],[-77.43823049,38.86289505]]]},"properties":{"PREC_IDENT":903,"PREC_NAME":"CUB RUN","DISTRICT":"Sully","cx":-77.44990421028581,"cy":38.865406579921796},"id":903},
{"type":"Feature","geometry":{"type":"Polygon","coordinates":[[[-77.38840771,38.87765304],[-77.39091845,38.87862688],[-77.39165504,38.87892765],[-77.39374702,38.87972584],[-77.39472157,38.88008787],[-77.39531468,38.87921338],[-77.39557077,38.87878056],[-77.39611067,38.87793851],[-77.3962745,38.87756523],[-77.39629992,38.87728264],[-77.39622442,38.87625357],[-77.39579679,38.87071374],[-77.39536415,38.87075223],[-77.39461675,38.87070126],[-77.39340168,38.87045504],[-77.39351625,38.86985887],[-77.39349451,38.86944678],[-77.39340948,38.8690382],[-77.39324376,38.86849338],[-77.3927749,38.86855622],[-77.39229889,38.86850509],[-77.39214622,38.86837508],[-77.3918162,38.86841855],[-77.39155626,38.86835049],[-77.39137954,38.86855469],[-77.39098809,38.86835883],[-77.39053537,38.86831902],[-77.3902442,38.86817672],[-77.3899369,38.86819442],[-77.38983645,38.86808486],[-77.38958172,38.86804901],[-77.38901773,38.86822331],[-77.38864302,38.86825042],[-77.38837466,38.8680516],[-77.38818733,38.86807605],[-77.38776444,38.86796088],[-77.38744369,38.86793693],[-77.38703893,38.86796625],[-77.38655073,38.86791644],[-77.38628842,38.86803261],[-77.38631154,38.86811423],[-77.38593018,38.86835352],[-77.38576344,38.86840445],[-77.38577478,38.86855972],[-77.38555895,38.86855802],[-77.38522502,38.86881097],[-77.38473491,38.86902569],[-77.38467206,38.86919884],[-77.38452435,38.86924929],[-77.3842045,38.86949811],[-77.38397106,38.86944024],[-77.38351773,38.86940177],[-77.38307116,38.86947288],[-77.3830203,38.86921169],[-77.38215299,38.86581081],[-77.38191077,38.86492486],[-77.37830536,38.86558691],[-77.37411179,38.86635697],[-77.37394326,38.86718456],[-77.37303776,38.87072888],[-77.37268399,38.87159985],[-77.37508283,38.8725203],[-77.37595196,38.87287324],[-77.37806813,38.8736747],[-77.38315883,38.87565774],[-77.38438814,38.87612114],[-77.3865111,38.87694996],[-77.38840771,38.87765304]]]},"properties":{"PREC_IDENT":846,"PREC_NAME":"GREENBRIAR EAST","DISTRICT":"Springfield","cx":-77.38721495404067,"cy":38.87264475429806},"id":846},
{"type":"Feature","geometry":{"type":"Polygon","coordinates":[[[-77.40755423,38.86816097],[-77.40782791,38.86998599],[-77.40796812,38.87139047],[-77.40811023,38.87243937],[-77.40834559,38.8740548],[-77.40843098,38.87444551],[-77.40858107,38.87566336],[-77.40869009,38.87634811],[-77.40880104,38.87733531],[-77.40961364,38.87724368],[-77.40999,38.87732999],[-77.41011574,38.87743097],[-77.41041005,38.87747297],[-77.41077116,38.87745053],[-77.41101535,38.87753375],[-77.41166276,38.87765533],[-77.41212141,38.877817],[-77.41236329,38.87772129],[-77.41309047,38.8778319],[-77.41363264,38.87796757],[-77.4139669,38.87797212],[-77.41453869,38.87790044],[-77.4149837,38.87802219],[-77.41510048,38.87795591],[-77.41540745,38.87798832],[-77.41554627,38.87806566],[-77.41609226,38.87822996],[-77.41657276,38.87845794],[-77.4167011,38.87835476],[-77.41688458,38.87839931],[-77.41710993,38.87835084],[-77.41795607,38.87845008],[-77.41819454,38.87833327],[-77.41905352,38.8783403],[-77.41918487,38.87828664],[-77.41945249,38.87832334],[-77.4196369,38.87820035],[-77.42031449,38.8784081],[-77.4208371,38.87850943],[-77.42104154,38.87850073],[-77.42135061,38.8785804],[-77.42178192,38.87857374],[-77.42200827,38.87870652],[-77.42248153,38.87861594],[-77.42358121,38.87870604],[-77.4238715,38.87863467],[-77.42400326,38.87852502],[-77.42450162,38.87878485],[-77.42471077,38.8788391],[-77.42527588,38.87929351],[-77.42536677,38.87943592],[-77.42558927,38.87940157],[-77.42612277,38.87942169],[-77.42650737,38.87928538],[-77.42704474,38.87922761],[-77.42748392,38.87938355],[-77.42766768,38.87962607],[-77.42789827,38.87977206],[-77.42807474,38.87970294],[-77.42829858,38.87976515],[-77.42854113,38.88002303],[-77.42860841,38.88035909],[-77.42876748,38.88042993],[-77.42912555,38.88079821],[-77.42969478,38.88095478],[-77.42994126,38.88087218],[-77.43016948,38.88101548],[-77.43064245,38.88113083],[-77.43086813,38.88123663],[-77.43113075,38.88126881],[-77.43121557,38.88139241],[-77.43187407,38.88156887],[-77.43196742,38.88166058],[-77.43229926,38.88156002],[-77.43251202,38.88165825],[-77.43278201,38.88169594],[-77.43284995,38.88147372],[-77.43310129,38.8813715],[-77.43386425,38.88150943],[-77.43423145,38.8815249],[-77.43445945,38.88140706],[-77.4348985,38.88138915],[-77.43518569,38.8815857],[-77.43518817,38.88175509],[-77.43546309,38.88183628],[-77.43590162,38.88185863],[-77.4362139,38.88193422],[-77.43649495,38.8818137],[-77.43728853,38.8816851],[-77.43765483,38.88184051],[-77.43812814,38.88173654],[-77.43839293,38.88149356],[-77.43845385,38.88130816],[-77.43862534,38.88129287],[-77.4388713,38.88141389],[-77.43907428,38.88129487],[-77.43947575,38.88123106],[-77.43970995,38.88095655],[-77.44031237,38.88074275],[-77.44090285,38.88065191],[-77.44126655,38.88070223],[-77.44150334,38.88100905],[-77.44209417,38.88106792],[-77.44254792,38.8813536],[-77.44298719,38.88138101],[-77.44328438,38.88148188],[-77.44362633,38.88131097],[-77.44382063,38.88134015],[-77.44406434,38.88128242],[-77.4440597,38.88103448],[-77.44441968,38.88086319],[-77.44472914,38.88079899],[-77.44501467,38.88054594],[-77.44524114,38.88051604],[-77.44551366,38.88018777],[-77.44585467,38.87997945],[-77.4461693,38.88006322],[-77.44653455,38.87986921],[-77.4466859,38.87957403],[-77.44681747,38.87953512],[-77.44697027,38.87928497],[-77.44760991,38.87903351],[-77.44770856,38.87903116],[-77.44811096,38.87877772],[-77.44850137,38.87838033],[-77.44874413,38.87819648],[-77.44851261,38.87772466],[-77.44826898,38.87732981],[-77.44735407,38.87599945],[-77.4465832,38.87490927],[-77.44549958,38.87335085],[-77.44522671,38.87303536],[-77.44415005,38.87148522],[-77.44398874,38.8712284],[-77.44329356,38.87025283],[-77.4418734,38.86818334],[-77.44042562,38.86608613],[-77.43960696,38.86491721],[-77.43823049,38.86289505],[-77.43634444,38.86015096],[-77.4356632,38.85919744],[-77.43389591,38.85664691],[-77.4336044,38.85617607],[-77.43329055,38.85555401],[-77.43296687,38.85464903],[-77.43280245,38.85389789],[-77.43272166,38.85295393],[-77.43277411,38.85218544],[-77.43240451,38.85222534],[-77.43211583,38.85242652],[-77.43197415,38.85269461],[-77.4318216,38.85273649],[-77.43160583,38.85297081],[-77.43145532,38.85299211],[-77.43138003,38.85349325],[-77.43115008,38.85417479],[-77.43090752,38.85442029],[-77.43040647,38.85500695],[-77.43004031,38.85524325],[-77.42982075,38.85532262],[-77.42963481,38.85552459],[-77.4294044,38.85561559],[-77.42913294,38.85592786],[-77.42914233,38.85612519],[-77.42944019,38.85665307],[-77.42934281,38.85718503],[-77.42900399,38.8575206],[-77.42878766,38.85757432],[-77.42849778,38.85747421],[-77.42817529,38.85717951],[-77.42762656,38.85710627],[-77.42758616,38.8568855],[-77.42758102,38.85616249],[-77.42769918,38.85569376],[-77.4279063,38.8555623],[-77.42778678,38.85529511],[-77.42784091,38.85516506],[-77.42770156,38.85501498],[-77.42736382,38.85495915],[-77.42712286,38.85504719],[-77.42669976,38.85554461],[-77.42619236,38.85578153],[-77.42582924,38.85570438],[-77.4250453,38.85571994],[-77.42442952,38.85557306],[-77.42431374,38.85591349],[-77.42389448,38.85600205],[-77.42373354,38.85629163],[-77.42360801,38.85640766],[-77.42245516,38.85644525],[-77.42178721,38.85638381],[-77.42168965,38.85647442],[-77.42180867,38.85671108],[-77.42199897,38.85693352],[-77.42236367,38.85715173],[-77.42217691,38.85743915],[-77.42169509,38.85761381],[-77.42116158,38.85774033],[-77.42087023,38.85775962],[-77.42039463,38.85785844],[-77.41995835,38.85769418],[-77.41946201,38.85756231],[-77.41916021,38.85762934],[-77.41910301,38.85778577],[-77.41946511,38.85841891],[-77.41983558,38.85936266],[-77.4199896,38.86000037],[-77.41985826,38.86018925],[-77.41963385,38.8601303],[-77.41911139,38.85972403],[-77.41896225,38.85977731],[-77.41901845,38.85998976],[-77.41874944,38.86029541],[-77.41892091,38.86043936],[-77.4185746,38.86059701],[-77.41860797,38.86086782],[-77.41886373,38.86114623],[-77.41887757,38.86185521],[-77.41867314,38.86250691],[-77.4183975,38.86269657],[-77.41747845,38.86281511],[-77.41728991,38.86275694],[-77.41689578,38.86282823],[-77.4167551,38.86263241],[-77.41657358,38.86267119],[-77.41652798,38.86296293],[-77.41654335,38.86347022],[-77.41645482,38.86369135],[-77.41623563,38.8639276],[-77.41625707,38.86424836],[-77.4161652,38.86441927],[-77.41590336,38.8645577],[-77.41569458,38.86452372],[-77.41542466,38.86458933],[-77.41526243,38.86451559],[-77.41484218,38.86455224],[-77.41451309,38.86473179],[-77.41433435,38.86457964],[-77.41411391,38.86473142],[-77.41400936,38.8645902],[-77.41383977,38.86478717],[-77.41356946,38.86472652],[-77.41326747,38.86479037],[-77.41318738,38.86494325],[-77.41299708,38.86507899],[-77.41246602,38.86526863],[-77.41192314,38.86560623],[-77.41173302,38.86578988],[-77.41180731,38.86601185],[-77.41171326,38.86613774],[-77.41136187,38.86630239],[-77.41091236,38.86639456],[-77.41074912,38.86660747],[-77.41068947,38.86685801],[-77.41053321,38.86691228],[-77.41029204,38.86711501],[-77.41024539,38.86723339],[-77.40995565,38.86728235],[-77.40987037,38.86709475],[-77.409371,38.86724808],[-77.40923512,38.86741363],[-77.40916008,38.86772369],[-77.40926044,38.86788288],[-77.40919315,38.86816219],[-77.40925834,38.86838348],[-77.40912374,38.86865423],[-77.40887415,38.86880529],[-77.40859188,38.86883813],[-77.40848016,38.86858495],[-77.40821917,38.86836549],[-77.40799626,38.86810085],[-77.40755423,38.86816097]]]},"properties":{"PREC_IDENT":913,"PREC_NAME":"ROCKY RUN","DISTRICT":"Sully","cx":-77.4279882805072,"cy":38.869473303445936},"id":913},
{"type":"Feature","geometry":{"type":"Polygon","coordinates":[[[-77.39472157,38.88008787],[-77.39773543,38.88125302],[-77.39958256,38.88198977],[-77.40171312,38.88280329],[-77.40403905,38.88370921],[-77.40468691,38.88397759],[-77.40568054,38.88434647],[-77.40638244,38.88324365],[-77.40657727,38.88290771],[-77.40724313,38.88186221],[-77.40760001,38.88126555],[-77.40855401,38.8797518],[-77.4087644,38.87931578],[-77.40886934,38.8788829],[-77.40888826,38.87856317],[-77.40880104,38.87733531],[-77.40869009,38.87634811],[-77.40858107,38.87566336],[-77.40843098,38.87444551],[-77.40834559,38.8740548],[-77.40811023,38.87243937],[-77.40796812,38.87139047],[-77.40782791,38.86998599],[-77.40755423,38.86816097],[-77.40692691,38.86827298],[-77.40674973,38.86837057],[-77.40653389,38.86867083],[-77.40633982,38.86865155],[-77.40613386,38.86846263],[-77.40569305,38.86848071],[-77.40563655,38.86865562],[-77.40535419,38.86861702],[-77.4053722,38.86840336],[-77.40526274,38.86817598],[-77.40477356,38.86777342],[-77.4034402,38.86747224],[-77.40315401,38.86744455],[-77.40230494,38.86716248],[-77.40218228,38.86738473],[-77.40159677,38.86733977],[-77.40105194,38.86725225],[-77.40063769,38.86729791],[-77.40027531,38.86720156],[-77.39987041,38.86719921],[-77.39978699,38.86704756],[-77.39951476,38.8670223],[-77.3995202,38.8669025],[-77.39930053,38.86686279],[-77.39892311,38.86701414],[-77.39832421,38.86690086],[-77.3983193,38.86674494],[-77.39818791,38.86662547],[-77.39804382,38.86668843],[-77.39770811,38.86669211],[-77.39751344,38.86691498],[-77.39709974,38.86699064],[-77.39680165,38.86713037],[-77.396793,38.86722795],[-77.39644465,38.86780803],[-77.39641485,38.86810702],[-77.39614411,38.86812906],[-77.39599363,38.8683168],[-77.39563546,38.86823873],[-77.39543806,38.86828977],[-77.39478706,38.86830028],[-77.39324376,38.86849338],[-77.39340948,38.8690382],[-77.39349451,38.86944678],[-77.39351625,38.86985887],[-77.39340168,38.87045504],[-77.39461675,38.87070126],[-77.39536415,38.87075223],[-77.39579679,38.87071374],[-77.39622442,38.87625357],[-77.39629992,38.87728264],[-77.3962745,38.87756523],[-77.39611067,38.87793851],[-77.39557077,38.87878056],[-77.39531468,38.87921338],[-77.39472157,38.88008787]]]},"properties":{"PREC_IDENT":847,"PREC_NAME":"GREENBRIAR WEST","DISTRICT":"Springfield","cx":-77.401920052167,"cy":38.8749616727977},"id":847},
{"type":"Feature","geometry":{"type":"Polygon","coordinates":[[[-77.45833778,38.82618451],[-77.45827242,38.82635175],[-77.45832842,38.82664376],[-77.45808442,38.82689776],[-77.45799442,38.82707176],[-77.45798042,38.82737376],[-77.45810642,38.82761976],[-77.45814342,38.82791776],[-77.45808442,38.82807976],[-77.45823442,38.82842276],[-77.45837842,38.82859076],[-77.45875642,38.82888976],[-77.45889542,38.82909076],[-77.45940942,38.82954276],[-77.45950642,38.82973476],[-77.46020442,38.83016476],[-77.46040442,38.83024576],[-77.46104942,38.83033776],[-77.46113742,38.83039376],[-77.46223342,38.83060776],[-77.46261842,38.83082776],[-77.46290742,38.83115976],[-77.46307742,38.83151176],[-77.46297842,38.83202176],[-77.46301642,38.83252776],[-77.46307942,38.83263876],[-77.46353773,38.83314053],[-77.46382242,38.83337176],[-77.46464642,38.83367576],[-77.46546142,38.83384476],[-77.46578842,38.83383976],[-77.46601142,38.83416876],[-77.46600642,38.83433776],[-77.46573542,38.83467876],[-77.46537643,38.83492676],[-77.46499242,38.83525576],[-77.46461842,38.83549676],[-77.46414442,38.83591576],[-77.46401042,38.83651576],[-77.46374043,38.83687676],[-77.46372942,38.83709876],[-77.46411142,38.83731976],[-77.46431842,38.83788476],[-77.46455242,38.83812776],[-77.46461542,38.83845576],[-77.46480642,38.83868976],[-77.46483543,38.83895076],[-77.46466042,38.83919276],[-77.46440542,38.83918876],[-77.46419142,38.83904876],[-77.46344642,38.83921176],[-77.46312642,38.83935776],[-77.46294442,38.83961576],[-77.46297142,38.83998876],[-77.46332142,38.84019976],[-77.46387242,38.84037176],[-77.46436242,38.84064076],[-77.46456643,38.84069776],[-77.46493443,38.84100276],[-77.46500142,38.84129476],[-77.46483842,38.84148776],[-77.46469842,38.84153276],[-77.46409342,38.84148876],[-77.46390043,38.84159776],[-77.46352942,38.84224676],[-77.46361643,38.84261576],[-77.46384542,38.84297276],[-77.46402501,38.84310189],[-77.46433542,38.84333476],[-77.46442443,38.84365376],[-77.46453942,38.84367076],[-77.46491243,38.84440676],[-77.46516643,38.84474476],[-77.46529242,38.84507976],[-77.46558142,38.84543276],[-77.46596243,38.84572476],[-77.46622143,38.84583176],[-77.46690742,38.84638976],[-77.46780343,38.84691076],[-77.46822043,38.84704676],[-77.46859543,38.84732776],[-77.46914543,38.84750276],[-77.47022943,38.84802976],[-77.47120143,38.84819176],[-77.47184843,38.84824576],[-77.47221343,38.84818776],[-77.47242143,38.84809376],[-77.47262143,38.84786176],[-77.47282243,38.84724276],[-77.47305043,38.84679076],[-77.47313943,38.84650076],[-77.47341143,38.84616076],[-77.47381743,38.84597776],[-77.47414543,38.84588776],[-77.47484543,38.84596976],[-77.47507443,38.84613876],[-77.47513043,38.84639976],[-77.47547843,38.84711476],[-77.47570743,38.84745976],[-77.47593043,38.84756576],[-77.47618543,38.84786576],[-77.47642843,38.84842576],[-77.47650343,38.84867276],[-77.47666643,38.84890976],[-77.47686943,38.84938676],[-77.47712843,38.84971976],[-77.47742243,38.85021976],[-77.47749043,38.85075976],[-77.47776243,38.85174576],[-77.47762743,38.85194076],[-77.47764043,38.85230976],[-77.47781643,38.85263676],[-77.47782843,38.85293376],[-77.47794543,38.85353076],[-77.47798943,38.85410376],[-77.47806443,38.85464676],[-77.47797643,38.85543576],[-77.47802443,38.85592076],[-77.47814143,38.85648276],[-77.47810543,38.85651976],[-77.47825643,38.85745876],[-77.47828243,38.85818676],[-77.47823343,38.85891776],[-77.47829443,38.85931076],[-77.47859843,38.86007576],[-77.47878743,38.86041076],[-77.47920643,38.86098076],[-77.47947243,38.86123176],[-77.47959043,38.86152076],[-77.47940143,38.86174776],[-77.47897043,38.86186576],[-77.47884543,38.86196876],[-77.47854843,38.86248876],[-77.47791143,38.86277176],[-77.47766143,38.86311876],[-77.47749743,38.86294876],[-77.47753043,38.86277476],[-77.47724143,38.86259776],[-77.47709043,38.86262776],[-77.47678443,38.86249176],[-77.47669843,38.86265376],[-77.47634843,38.86285076],[-77.47622843,38.86283476],[-77.47610943,38.86262576],[-77.47597443,38.86254476],[-77.47578743,38.86259576],[-77.47574943,38.86273376],[-77.47549643,38.86269476],[-77.47521443,38.86286776],[-77.47437643,38.86283076],[-77.47407243,38.86294876],[-77.47376443,38.86297976],[-77.47353143,38.86278976],[-77.47291743,38.86287976],[-77.47259043,38.86287976],[-77.47250343,38.86298376],[-77.47215243,38.86311576],[-77.47212043,38.86296576],[-77.47194643,38.86285776],[-77.47149943,38.86291276],[-77.47116843,38.86328976],[-77.47079343,38.86365276],[-77.47040543,38.86395776],[-77.47027643,38.86413676],[-77.46996043,38.86438476],[-77.46937243,38.86457976],[-77.46903543,38.86462176],[-77.46883243,38.86475176],[-77.46848643,38.86483276],[-77.46849443,38.86501976],[-77.46825043,38.86516476],[-77.46803543,38.86541976],[-77.46765143,38.86556776],[-77.46719943,38.86593376],[-77.46651243,38.86626676],[-77.46613943,38.86652076],[-77.46560843,38.86668876],[-77.46533343,38.86693976],[-77.46492243,38.86709376],[-77.46472143,38.86738676],[-77.46449243,38.86746076],[-77.46427743,38.86762776],[-77.46381119,38.86765719],[-77.46411655,38.8685025],[-77.46432496,38.86890798],[-77.46463881,38.86930891],[-77.46640638,38.87096105],[-77.46809335,38.87260559],[-77.46872194,38.87310675],[-77.46936914,38.8735353],[-77.47139931,38.87477229],[-77.47228104,38.87526054],[-77.47268479,38.87552082],[-77.47365171,38.8759494],[-77.47691381,38.87751832],[-77.47705945,38.87765139],[-77.47715061,38.8779103],[-77.47712825,38.87824648],[-77.47737888,38.87840792],[-77.47775238,38.8783288],[-77.47841696,38.87828378],[-77.47869023,38.87833558],[-77.47970224,38.87880981],[-77.48049345,38.87924779],[-77.48245067,38.88020387],[-77.48557024,38.88169305],[-77.48692061,38.8823445],[-77.48887846,38.88326752],[-77.49041023,38.88401385],[-77.49205042,38.88479816],[-77.49275509,38.88515431],[-77.49368708,38.88558517],[-77.4949013,38.88618456],[-77.49684068,38.88716738],[-77.50080021,38.88315125],[-77.50599578,38.87785319],[-77.51034612,38.87342235],[-77.51485861,38.86884445],[-77.51492255,38.86732236],[-77.51502159,38.86573605],[-77.51513846,38.86361857],[-77.51524521,38.86152068],[-77.50949974,38.85798836],[-77.50301819,38.85401105],[-77.50080097,38.85264381],[-77.49971128,38.85191136],[-77.49795203,38.85082207],[-77.49574524,38.84938695],[-77.49551645,38.8492206],[-77.49327204,38.84782325],[-77.49147474,38.84678173],[-77.48914939,38.84534787],[-77.48579537,38.84325023],[-77.48336605,38.84176951],[-77.48222772,38.84103967],[-77.48088316,38.84019948],[-77.48078088,38.84011456],[-77.47887728,38.83888317],[-77.47286168,38.83512873],[-77.47035007,38.83359453],[-77.47009711,38.83345501],[-77.46833442,38.83234494],[-77.46778353,38.83200913],[-77.46322966,38.82918797],[-77.45833778,38.82618451]]]},"properties":{"PREC_IDENT":915,"PREC_NAME":"VIRGINIA RUN","DISTRICT":"Sully","cx":-77.49339742687489,"cy":38.86489433739795},"id":915},
{"type":"Feature","geometry":{"type":"Polygon","coordinates":[[[-77.21797602,38.89066605],[-77.21968844,38.89112332],[-77.22492538,38.89249976],[-77.22490601,38.89220502],[-77.22886957,38.89325024],[-77.23499331,38.89485901],[-77.23976214,38.8961255],[-77.24052703,38.89638658],[-77.24136225,38.89672361],[-77.24206266,38.89706928],[-77.24211137,38.89699165],[-77.24413037,38.89370997],[-77.24431799,38.89383142],[-77.24535529,38.89298576],[-77.24480692,38.89259683],[-77.24535921,38.89235971],[-77.24570308,38.89178398],[-77.2456806,38.89166292],[-77.24708796,38.88994522],[-77.24716695,38.88984858],[-77.24690201,38.88972905],[-77.2447116,38.88900818],[-77.243796,38.88872517],[-77.24228708,38.88821611],[-77.24298764,38.88693437],[-77.24518393,38.88309562],[-77.24701746,38.87989964],[-77.24676293,38.87999028],[-77.24677589,38.87947004],[-77.24438422,38.8796079],[-77.2432664,38.87964537],[-77.24203197,38.8797214],[-77.24066329,38.87983991],[-77.23933599,38.88000279],[-77.23779581,38.88028418],[-77.23658911,38.88058013],[-77.23578761,38.88080766],[-77.23442056,38.88123093],[-77.2314783,38.88212321],[-77.22803521,38.88317941],[-77.22646612,38.88363968],[-77.22542351,38.8839881],[-77.22411299,38.88438577],[-77.22238119,38.88496821],[-77.22219798,38.88578051],[-77.22171932,38.88681329],[-77.22123535,38.88755219],[-77.22062488,38.88829108],[-77.22017457,38.8887173],[-77.21901295,38.88962455],[-77.21818433,38.89042707],[-77.21797602,38.89066605]]]},"properties":{"PREC_IDENT":720,"PREC_NAME":"THOREAU","DISTRICT":"Providence","cx":-77.2346626967777,"cy":38.88797651700914},"id":720},
{"type":"Feature","geometry":{"type":"Polygon","coordinates":[[[-77.44874413,38.87819648],[-77.44898457,38.87883961],[-77.4491272,38.87941478],[-77.44921,38.87999766],[-77.44924146,38.88072835],[-77.44916189,38.88160359],[-77.44900381,38.88232298],[-77.44877221,38.88302386],[-77.44858703,38.88343409],[-77.44829461,38.88396967],[-77.44766655,38.88487294],[-77.44715619,38.88565507],[-77.4468861,38.88610436],[-77.44641206,38.88680443],[-77.44554005,38.88804737],[-77.44488998,38.88900947],[-77.44327057,38.89137424],[-77.44291547,38.89186669],[-77.44193144,38.89331179],[-77.44146063,38.89402423],[-77.44084176,38.89500718],[-77.43947426,38.89695268],[-77.43907405,38.89750712],[-77.44063016,38.89815345],[-77.44168532,38.89856249],[-77.44381608,38.89942741],[-77.44515725,38.89998452],[-77.44633135,38.9004344],[-77.44745265,38.90089067],[-77.44863364,38.90135157],[-77.45472961,38.90382648],[-77.45701803,38.9047461],[-77.45764679,38.90500705],[-77.45905861,38.90555364],[-77.45963848,38.90579493],[-77.46373348,38.90743746],[-77.4682549,38.90925522],[-77.46912521,38.90958825],[-77.47047391,38.9101369],[-77.47310159,38.91122184],[-77.47393567,38.91038273],[-77.478878,38.90537884],[-77.4839233,38.9002507],[-77.48516257,38.89899709],[-77.48967302,38.89441978],[-77.49007265,38.89401975],[-77.49684068,38.88716738],[-77.4949013,38.88618456],[-77.49368708,38.88558517],[-77.49275509,38.88515431],[-77.49205042,38.88479816],[-77.49041023,38.88401385],[-77.48887846,38.88326752],[-77.48692061,38.8823445],[-77.48557024,38.88169305],[-77.48245067,38.88020387],[-77.48049345,38.87924779],[-77.47970224,38.87880981],[-77.47869023,38.87833558],[-77.47841696,38.87828378],[-77.47775238,38.8783288],[-77.47737888,38.87840792],[-77.47712825,38.87824648],[-77.47715061,38.8779103],[-77.47705945,38.87765139],[-77.47691381,38.87751832],[-77.47365171,38.8759494],[-77.47268479,38.87552082],[-77.47228104,38.87526054],[-77.47139931,38.87477229],[-77.46936914,38.8735353],[-77.46872194,38.87310675],[-77.46809335,38.87260559],[-77.46640638,38.87096105],[-77.46463881,38.86930891],[-77.46432496,38.86890798],[-77.46411655,38.8685025],[-77.46381119,38.86765719],[-77.4637997,38.86762429],[-77.4636301,38.86771761],[-77.46355525,38.86795208],[-77.46316059,38.86806095],[-77.46309319,38.86830165],[-77.46286852,38.86830743],[-77.46265067,38.86843417],[-77.46240026,38.86869359],[-77.46219959,38.86875669],[-77.46154358,38.8687346],[-77.46127422,38.86890278],[-77.4610533,38.86929265],[-77.46061854,38.869654],[-77.46025726,38.86979909],[-77.4600618,38.86982674],[-77.45954399,38.87012722],[-77.45925844,38.87009752],[-77.45898332,38.87036109],[-77.45835668,38.87037199],[-77.45751413,38.87061365],[-77.45719377,38.87065127],[-77.45625612,38.87087108],[-77.4561131,38.87099871],[-77.45569486,38.87084445],[-77.45545288,38.87083311],[-77.45519321,38.87073196],[-77.45506833,38.8710811],[-77.45472545,38.87114035],[-77.4544501,38.87145747],[-77.45417972,38.87152307],[-77.45384889,38.87169903],[-77.45391754,38.87190904],[-77.4538489,38.87207511],[-77.45355307,38.87200996],[-77.45301466,38.87210475],[-77.45271103,38.87239486],[-77.45245376,38.8725345],[-77.45234855,38.87286945],[-77.45234982,38.87308582],[-77.45198958,38.8731629],[-77.45192481,38.87333453],[-77.45230955,38.87354855],[-77.45229618,38.87371892],[-77.45210045,38.8739275],[-77.45169778,38.87395805],[-77.45160383,38.87415099],[-77.45139996,38.87420602],[-77.45078543,38.87459108],[-77.45065697,38.87460774],[-77.45038366,38.87499828],[-77.45038492,38.8755422],[-77.45018904,38.87565935],[-77.45010747,38.8759044],[-77.44979365,38.87605962],[-77.44945414,38.8762968],[-77.44915714,38.87660556],[-77.44907159,38.87682175],[-77.44907484,38.87710395],[-77.44943838,38.87742611],[-77.44942516,38.87761851],[-77.44926658,38.87778989],[-77.44874413,38.87819648]]]},"properties":{"PREC_IDENT":904,"PREC_NAME":"STONECROFT","DISTRICT":"Sully","cx":-77.46661965941846,"cy":38.89015578007072},"id":904},
{"type":"Feature","geometry":{"type":"Polygon","coordinates":[[[-77.33788189,38.8747082],[-77.33856045,38.87496564],[-77.33877254,38.87510091],[-77.33912758,38.87552044],[-77.33951443,38.87592792],[-77.34007156,38.87644966],[-77.34055065,38.87680176],[-77.3410453,38.87706064],[-77.34136858,38.87727252],[-77.34205081,38.87766369],[-77.34262557,38.87796592],[-77.34303195,38.87803582],[-77.34327179,38.8779764],[-77.34422686,38.87756842],[-77.34505781,38.87723198],[-77.34545456,38.87702719],[-77.34612645,38.87675096],[-77.34668087,38.87657105],[-77.34716029,38.87646729],[-77.34781535,38.87636388],[-77.34867573,38.87616225],[-77.34992632,38.87594247],[-77.35101751,38.87570776],[-77.35270308,38.8754026],[-77.35362993,38.87521668],[-77.35417062,38.87523432],[-77.35459656,38.87539911],[-77.35520294,38.87570296],[-77.35593907,38.8760218],[-77.35718006,38.87640321],[-77.35840656,38.87681331],[-77.35949458,38.87709573],[-77.36052018,38.87732811],[-77.36124334,38.87758088],[-77.36200083,38.87788479],[-77.36344142,38.87831063],[-77.36467756,38.87878116],[-77.36510751,38.87891712],[-77.36622365,38.8792025],[-77.36693976,38.87945929],[-77.36722564,38.87959797],[-77.36824738,38.88030117],[-77.36877496,38.88070716],[-77.36958973,38.88129328],[-77.3693265,38.88070836],[-77.36892121,38.87989852],[-77.36838142,38.87848465],[-77.36818603,38.87773175],[-77.3681045,38.87755522],[-77.36753559,38.87598592],[-77.36739734,38.87539695],[-77.36738148,38.87439865],[-77.3673244,38.87400954],[-77.36724886,38.87389898],[-77.36718867,38.87348376],[-77.3669212,38.87284823],[-77.36637827,38.87208374],[-77.36600131,38.87148697],[-77.36558169,38.87070032],[-77.36468938,38.86870912],[-77.3646359,38.86849843],[-77.36395592,38.86822423],[-77.36226275,38.8675694],[-77.35797477,38.86597905],[-77.35553085,38.86505458],[-77.35426342,38.86458227],[-77.35275474,38.86404169],[-77.35170999,38.86370333],[-77.35089481,38.86350451],[-77.34960307,38.86323786],[-77.34899355,38.86313715],[-77.347665,38.86297584],[-77.34677346,38.862941],[-77.34593222,38.86283525],[-77.34514526,38.86263118],[-77.34447963,38.86236136],[-77.34375874,38.86192693],[-77.34359611,38.86177567],[-77.34246271,38.86084048],[-77.34171023,38.86024267],[-77.34136995,38.86000042],[-77.34071951,38.85960956],[-77.3400748,38.85929839],[-77.33971847,38.85918091],[-77.33822818,38.85860325],[-77.33693388,38.8580687],[-77.33495153,38.85730077],[-77.33325067,38.85656738],[-77.33249414,38.85788871],[-77.32881382,38.86390006],[-77.32934773,38.86411271],[-77.32879055,38.86485555],[-77.32836838,38.86544577],[-77.33039539,38.86506877],[-77.33142639,38.86491077],[-77.33156738,38.86537677],[-77.33152338,38.86553777],[-77.33160339,38.86582577],[-77.33193038,38.86605477],[-77.33225239,38.86646677],[-77.33231039,38.86665677],[-77.33265339,38.86720177],[-77.33272939,38.86763877],[-77.33288339,38.86780477],[-77.33328739,38.86783977],[-77.33366339,38.86804677],[-77.33392639,38.86806377],[-77.33418439,38.86831677],[-77.33442339,38.86833277],[-77.33461439,38.86848377],[-77.33476739,38.86836177],[-77.33501739,38.86847577],[-77.33513139,38.86864277],[-77.33530339,38.86868277],[-77.33543739,38.86884277],[-77.33517639,38.86903377],[-77.33529339,38.86926077],[-77.33522839,38.86978477],[-77.33540839,38.86999177],[-77.33559439,38.87001977],[-77.33554839,38.87047377],[-77.33538539,38.87056977],[-77.33547139,38.87072977],[-77.33535039,38.87083177],[-77.33544039,38.87133477],[-77.33561039,38.87149677],[-77.33566429,38.87172036],[-77.33655144,38.87256226],[-77.33671646,38.87278357],[-77.33683954,38.87320904],[-77.33691659,38.87408988],[-77.33708658,38.87443893],[-77.33728128,38.87456305],[-77.33788189,38.8747082]]]},"properties":{"PREC_IDENT":856,"PREC_NAME":"PENDERBROOK","DISTRICT":"Springfield","cx":-77.34789216591635,"cy":38.86961466946044},"id":856},
{"type":"Feature","geometry":{"type":"Polygon","coordinates":[[[-77.1899129,38.89429672],[-77.18981743,38.89447483],[-77.19041774,38.8948358],[-77.19365128,38.89691637],[-77.19353255,38.89704369],[-77.19361441,38.89724242],[-77.1944134,38.89766277],[-77.19464723,38.89783756],[-77.19485595,38.89831152],[-77.19485853,38.8988037],[-77.19436162,38.89927289],[-77.19353495,38.89954716],[-77.19304823,38.89968777],[-77.19251434,38.89979557],[-77.19196862,38.89984779],[-77.19158766,38.89977425],[-77.19133733,38.8996019],[-77.19061941,38.89868643],[-77.19146087,38.8977718],[-77.19052025,38.89714381],[-77.18893478,38.89613349],[-77.18882234,38.89627378],[-77.18826334,38.89676678],[-77.18796434,38.89699878],[-77.18635234,38.89816178],[-77.18568134,38.89863478],[-77.18407234,38.89966578],[-77.1839249,38.89978513],[-77.18467707,38.90002315],[-77.1852754,38.9001644],[-77.1860181,38.90028942],[-77.18683151,38.90039188],[-77.18754203,38.90045951],[-77.18786503,38.90075629],[-77.188067,38.90104962],[-77.18828804,38.90164522],[-77.18849745,38.90249333],[-77.18853406,38.90298939],[-77.18852874,38.90347263],[-77.18842122,38.90435564],[-77.18800357,38.90586265],[-77.18725578,38.90850831],[-77.18710715,38.90933182],[-77.1871104,38.90992225],[-77.18723812,38.91062528],[-77.18737083,38.91105513],[-77.18772611,38.91180739],[-77.18806585,38.9122993],[-77.18860434,38.91289637],[-77.18892276,38.91291678],[-77.18933432,38.91309451],[-77.18968956,38.91316369],[-77.19019949,38.9133617],[-77.19070294,38.91331943],[-77.19094186,38.91320286],[-77.19129707,38.91287496],[-77.19164603,38.9124832],[-77.19222189,38.91174658],[-77.19265905,38.91121792],[-77.19392974,38.91005847],[-77.1943937,38.90956402],[-77.19500744,38.90884469],[-77.19517304,38.90857033],[-77.19526184,38.9079273],[-77.19531671,38.90779413],[-77.19562095,38.90744264],[-77.1960973,38.90722039],[-77.19665488,38.90716817],[-77.19703849,38.9070789],[-77.19736813,38.90691524],[-77.19762468,38.90671623],[-77.19787471,38.90638042],[-77.19794778,38.90454119],[-77.19803758,38.90422865],[-77.19827001,38.90384975],[-77.19895422,38.90323503],[-77.19922248,38.90306382],[-77.19977877,38.90289758],[-77.20068719,38.90282086],[-77.20129581,38.90262565],[-77.20202499,38.90250462],[-77.20223858,38.9025421],[-77.20272656,38.90250773],[-77.20147934,38.90170115],[-77.20054071,38.90113746],[-77.19978732,38.90063072],[-77.19927991,38.90031893],[-77.19716855,38.89896185],[-77.19609431,38.89829139],[-77.19557706,38.89794239],[-77.19387865,38.89684709],[-77.19305238,38.89629556],[-77.19197895,38.89561633],[-77.1914166,38.89523799],[-77.1899129,38.89429672]]]},"properties":{"PREC_IDENT":317,"PREC_NAME":"WESTHAMPTON","DISTRICT":"Dranesville","cx":-77.19238329795803,"cy":38.90417388223837},"id":317},
{"type":"Feature","geometry":{"type":"Polygon","coordinates":[[[-77.18882234,38.89627378],[-77.18714101,38.89596191],[-77.17227802,38.89325341],[-77.16679366,38.8975657],[-77.16570615,38.89841148],[-77.16195068,38.90136879],[-77.16071332,38.90232953],[-77.15966441,38.9031702],[-77.15584815,38.90615683],[-77.15579833,38.906201],[-77.15667468,38.90631045],[-77.15669423,38.90620495],[-77.15746781,38.90618358],[-77.15988246,38.90617134],[-77.16018284,38.90627087],[-77.16027091,38.90644762],[-77.16033347,38.90686161],[-77.16035291,38.90732591],[-77.16048321,38.9080647],[-77.16046313,38.90857523],[-77.16017462,38.90953304],[-77.15999531,38.90991269],[-77.15968924,38.91030462],[-77.15933772,38.91049558],[-77.15917693,38.91063654],[-77.15846915,38.91164723],[-77.15829724,38.91200637],[-77.15799268,38.91288024],[-77.15807006,38.9130651],[-77.15897929,38.91368784],[-77.16090278,38.91495784],[-77.16118722,38.91516017],[-77.16156426,38.91492144],[-77.16190827,38.91475648],[-77.16251688,38.91453961],[-77.16389444,38.91417634],[-77.16449846,38.9140157],[-77.1647606,38.91390609],[-77.16575774,38.91320757],[-77.16603969,38.91297737],[-77.16668139,38.91230227],[-77.16698057,38.9120901],[-77.16745491,38.91190875],[-77.16769122,38.91186475],[-77.16817986,38.91185931],[-77.16853757,38.9119018],[-77.16971491,38.91209638],[-77.17034704,38.91212413],[-77.17299938,38.91181361],[-77.17261064,38.90964948],[-77.17258781,38.90936364],[-77.17266112,38.9069219],[-77.17269691,38.90669713],[-77.17241898,38.90557362],[-77.17236117,38.90546862],[-77.17189201,38.9034752],[-77.1755166,38.90302184],[-77.17600736,38.90289831],[-77.17910891,38.90183757],[-77.17958869,38.90173724],[-77.18003932,38.90150203],[-77.18085997,38.90101971],[-77.18156619,38.90064457],[-77.18190279,38.90049457],[-77.18308285,38.90014945],[-77.1839249,38.89978513],[-77.18407234,38.89966578],[-77.18568134,38.89863478],[-77.18635234,38.89816178],[-77.18796434,38.89699878],[-77.18826334,38.89676678],[-77.18882234,38.89627378]]]},"properties":{"PREC_IDENT":307,"PREC_NAME":"HAYCOCK","DISTRICT":"Dranesville","cx":-77.16658595711644,"cy":38.9046421668699},"id":307},
{"type":"Feature","geometry":{"type":"Polygon","coordinates":[[[-77.1839249,38.89978513],[-77.18308285,38.90014945],[-77.18190279,38.90049457],[-77.18156619,38.90064457],[-77.18085997,38.90101971],[-77.18003932,38.90150203],[-77.17958869,38.90173724],[-77.17910891,38.90183757],[-77.17600736,38.90289831],[-77.1755166,38.90302184],[-77.17189201,38.9034752],[-77.17236117,38.90546862],[-77.17241898,38.90557362],[-77.17269691,38.90669713],[-77.17266112,38.9069219],[-77.17258781,38.90936364],[-77.17261064,38.90964948],[-77.17299938,38.91181361],[-77.17034704,38.91212413],[-77.16971491,38.91209638],[-77.16853757,38.9119018],[-77.16817986,38.91185931],[-77.16769122,38.91186475],[-77.16745491,38.91190875],[-77.16698057,38.9120901],[-77.16668139,38.91230227],[-77.16603969,38.91297737],[-77.16575774,38.91320757],[-77.1647606,38.91390609],[-77.16449846,38.9140157],[-77.16389444,38.91417634],[-77.16421647,38.91500243],[-77.16446872,38.91580163],[-77.16503825,38.91730605],[-77.16496086,38.91768687],[-77.16405397,38.91938594],[-77.16506715,38.91971874],[-77.16541318,38.91906912],[-77.16563841,38.91886573],[-77.16599978,38.91871331],[-77.16637779,38.91898946],[-77.16677582,38.91913402],[-77.16893111,38.91986143],[-77.16944391,38.91893634],[-77.17002843,38.91907065],[-77.17042321,38.91920143],[-77.17087998,38.91940157],[-77.17147887,38.91970903],[-77.17220032,38.91996632],[-77.17234817,38.92011672],[-77.17298215,38.92043055],[-77.17318071,38.9205869],[-77.17358063,38.92077247],[-77.17373799,38.92075279],[-77.17379916,38.92052422],[-77.17419995,38.92019192],[-77.17451727,38.92002555],[-77.17473172,38.9197789],[-77.1747925,38.91949897],[-77.17505016,38.91917928],[-77.17521936,38.91874024],[-77.17520413,38.91855427],[-77.17550634,38.9180659],[-77.17546763,38.91771268],[-77.17551422,38.91760913],[-77.1760025,38.91714584],[-77.17631258,38.91675567],[-77.1767109,38.91634427],[-77.17692636,38.91618419],[-77.17723732,38.9158152],[-77.17758657,38.9155322],[-77.1776121,38.91540409],[-77.17793197,38.91508066],[-77.17830402,38.914793],[-77.1785459,38.91467309],[-77.17920909,38.91412703],[-77.17935287,38.91397479],[-77.17954608,38.91393838],[-77.17981914,38.91372144],[-77.18080089,38.91333182],[-77.18098704,38.91319952],[-77.1813366,38.91313359],[-77.18177873,38.9128081],[-77.18194973,38.91264322],[-77.18247142,38.91240408],[-77.1828233,38.91220792],[-77.18307111,38.91219332],[-77.18347601,38.91186402],[-77.18406913,38.91156976],[-77.18465367,38.91140254],[-77.18491275,38.91141527],[-77.18527088,38.91152922],[-77.18559664,38.91192154],[-77.18577657,38.91194025],[-77.18588003,38.91213857],[-77.18581649,38.91222826],[-77.18596974,38.91240419],[-77.18624415,38.91229768],[-77.18633768,38.91254307],[-77.18656467,38.9124739],[-77.18657631,38.91277445],[-77.18680099,38.91288867],[-77.18705875,38.91278404],[-77.18728358,38.91288629],[-77.18747724,38.91277683],[-77.18806585,38.9122993],[-77.18772611,38.91180739],[-77.18737083,38.91105513],[-77.18723812,38.91062528],[-77.1871104,38.90992225],[-77.18710715,38.90933182],[-77.18725578,38.90850831],[-77.18800357,38.90586265],[-77.18842122,38.90435564],[-77.18852874,38.90347263],[-77.18853406,38.90298939],[-77.18849745,38.90249333],[-77.18828804,38.90164522],[-77.188067,38.90104962],[-77.18786503,38.90075629],[-77.18754203,38.90045951],[-77.18683151,38.90039188],[-77.1860181,38.90028942],[-77.1852754,38.9001644],[-77.18467707,38.90002315],[-77.1839249,38.89978513]]]},"properties":{"PREC_IDENT":312,"PREC_NAME":"LONGFELLOW","DISTRICT":"Dranesville","cx":-77.17780387848366,"cy":38.908987235235756},"id":312},
{"type":"Feature","geometry":{"type":"Polygon","coordinates":[[[-77.24701746,38.87989964],[-77.24970008,38.87896976],[-77.25072638,38.87854006],[-77.25285107,38.87911051],[-77.25656216,38.87890955],[-77.2619002,38.87860622],[-77.26351537,38.87845024],[-77.26521377,38.8783569],[-77.26704918,38.87820458],[-77.26692103,38.87795195],[-77.26621115,38.87714953],[-77.26453786,38.87537863],[-77.26422922,38.87494151],[-77.26359013,38.87350001],[-77.26307616,38.87228255],[-77.2629957,38.8719148],[-77.26297996,38.87140113],[-77.2630256,38.87099521],[-77.26316122,38.87066712],[-77.26333832,38.87037791],[-77.26343536,38.86997677],[-77.263352,38.86958446],[-77.26292558,38.86864633],[-77.26274156,38.86811441],[-77.26266136,38.86761177],[-77.26254041,38.86731786],[-77.2622872,38.86696454],[-77.26210664,38.86663998],[-77.26198805,38.86618427],[-77.26194822,38.86503191],[-77.25872671,38.86507066],[-77.25482989,38.86516258],[-77.25318948,38.86516989],[-77.25177014,38.86518914],[-77.24918737,38.86525639],[-77.24606727,38.86531922],[-77.24553343,38.86531626],[-77.24236438,38.86536612],[-77.24163745,38.86535833],[-77.24018636,38.86538533],[-77.23990958,38.86594529],[-77.23929988,38.86706187],[-77.23855383,38.86854081],[-77.2373945,38.87074713],[-77.23609517,38.87331988],[-77.23593461,38.87366003],[-77.2384493,38.87348799],[-77.2416705,38.87328914],[-77.24445963,38.8730897],[-77.24607414,38.87296691],[-77.24611362,38.87352202],[-77.24653713,38.87702906],[-77.24678471,38.87894429],[-77.24677589,38.87947004],[-77.24676293,38.87999028],[-77.24701746,38.87989964]]]},"properties":{"PREC_IDENT":714,"PREC_NAME":"WALKER","DISTRICT":"Providence","cx":-77.25223552049768,"cy":38.871729124608265},"id":714},
{"type":"Feature","geometry":{"type":"Polygon","coordinates":[[[-77.18860434,38.91289637],[-77.18902707,38.9133171],[-77.19131481,38.91564924],[-77.19190005,38.91632304],[-77.19218841,38.91670107],[-77.19390254,38.91927391],[-77.19654513,38.92331505],[-77.19787081,38.92257744],[-77.19826539,38.92233604],[-77.19977506,38.92146992],[-77.20049306,38.92103164],[-77.20060019,38.92093946],[-77.20267512,38.91971846],[-77.20285183,38.91966549],[-77.20350156,38.91930744],[-77.20475973,38.91854146],[-77.20651512,38.91748986],[-77.2085622,38.91624236],[-77.20919453,38.91587173],[-77.20975342,38.9154797],[-77.21089059,38.91478921],[-77.21176365,38.91432099],[-77.21232155,38.91398248],[-77.21278989,38.91373773],[-77.21296874,38.91336898],[-77.2141695,38.91148053],[-77.21434751,38.91154976],[-77.21457162,38.91120347],[-77.21493126,38.91055111],[-77.21544924,38.90988813],[-77.21593795,38.90936907],[-77.21538693,38.90904992],[-77.21438417,38.90852408],[-77.21338034,38.90805863],[-77.2127757,38.90787077],[-77.21216005,38.90770888],[-77.2107881,38.9073904],[-77.20812497,38.9067584],[-77.20766368,38.90661328],[-77.20703002,38.90628229],[-77.20665516,38.90602141],[-77.20604346,38.90544762],[-77.20504603,38.90443846],[-77.20448389,38.903846],[-77.20391355,38.90331934],[-77.20332411,38.9028776],[-77.20272656,38.90250773],[-77.20223858,38.9025421],[-77.20202499,38.90250462],[-77.20129581,38.90262565],[-77.20068719,38.90282086],[-77.19977877,38.90289758],[-77.19922248,38.90306382],[-77.19895422,38.90323503],[-77.19827001,38.90384975],[-77.19803758,38.90422865],[-77.19794778,38.90454119],[-77.19787471,38.90638042],[-77.19762468,38.90671623],[-77.19736813,38.90691524],[-77.19703849,38.9070789],[-77.19665488,38.90716817],[-77.1960973,38.90722039],[-77.19562095,38.90744264],[-77.19531671,38.90779413],[-77.19526184,38.9079273],[-77.19517304,38.90857033],[-77.19500744,38.90884469],[-77.1943937,38.90956402],[-77.19392974,38.91005847],[-77.19265905,38.91121792],[-77.19222189,38.91174658],[-77.19164603,38.9124832],[-77.19129707,38.91287496],[-77.19094186,38.91320286],[-77.19070294,38.91331943],[-77.19019949,38.9133617],[-77.18968956,38.91316369],[-77.18933432,38.91309451],[-77.18892276,38.91291678],[-77.18860434,38.91289637]]]},"properties":{"PREC_IDENT":315,"PREC_NAME":"PIMMIT","DISTRICT":"Dranesville","cx":-77.20191114557188,"cy":38.91244332927011},"id":315},
{"type":"Feature","geometry":{"type":"Polygon","coordinates":[[[-77.18806585,38.9122993],[-77.18747724,38.91277683],[-77.18728358,38.91288629],[-77.18705875,38.91278404],[-77.18680099,38.91288867],[-77.18657631,38.91277445],[-77.18656467,38.9124739],[-77.18633768,38.91254307],[-77.18624415,38.91229768],[-77.18596974,38.91240419],[-77.18581649,38.91222826],[-77.18588003,38.91213857],[-77.18577657,38.91194025],[-77.18559664,38.91192154],[-77.18527088,38.91152922],[-77.18491275,38.91141527],[-77.18465367,38.91140254],[-77.18406913,38.91156976],[-77.18347601,38.91186402],[-77.18307111,38.91219332],[-77.1828233,38.91220792],[-77.18247142,38.91240408],[-77.18194973,38.91264322],[-77.18177873,38.9128081],[-77.1813366,38.91313359],[-77.18098704,38.91319952],[-77.18080089,38.91333182],[-77.17981914,38.91372144],[-77.17954608,38.91393838],[-77.17935287,38.91397479],[-77.17920909,38.91412703],[-77.1785459,38.91467309],[-77.17830402,38.914793],[-77.17793197,38.91508066],[-77.1776121,38.91540409],[-77.17809863,38.91604089],[-77.18035618,38.91923514],[-77.18143194,38.9215209],[-77.18147104,38.92168885],[-77.18181318,38.92239017],[-77.18182616,38.9226402],[-77.18179583,38.9242902],[-77.18184236,38.92443626],[-77.18191637,38.92519086],[-77.18237662,38.92597039],[-77.18271162,38.92648765],[-77.18327411,38.92744406],[-77.18388177,38.92842982],[-77.18465138,38.92978671],[-77.18532324,38.92957455],[-77.18574977,38.92951204],[-77.18689257,38.92949873],[-77.18781218,38.92957902],[-77.18838038,38.92965127],[-77.19059663,38.92976523],[-77.19177074,38.92977007],[-77.19368259,38.92961147],[-77.19469694,38.92950878],[-77.19450032,38.92891621],[-77.19437274,38.92839306],[-77.19409583,38.9275758],[-77.19354473,38.9256008],[-77.19343498,38.92525771],[-77.19525845,38.92473289],[-77.19498289,38.92422869],[-77.19507247,38.92413495],[-77.19654513,38.92331505],[-77.19390254,38.91927391],[-77.19218841,38.91670107],[-77.19190005,38.91632304],[-77.19131481,38.91564924],[-77.18902707,38.9133171],[-77.18860434,38.91289637],[-77.18806585,38.9122993]]]},"properties":{"PREC_IDENT":310,"PREC_NAME":"KIRBY","DISTRICT":"Dranesville","cx":-77.18728199485032,"cy":38.920945922149585},"id":310},
{"type":"Feature","geometry":{"type":"Polygon","coordinates":[[[-77.15579833,38.906201],[-77.15192812,38.90922452],[-77.14581515,38.91401109],[-77.14679438,38.91438293],[-77.14726159,38.91458328],[-77.14769986,38.91482723],[-77.14822999,38.91523287],[-77.14846086,38.91547855],[-77.14884056,38.91603349],[-77.14905365,38.91647668],[-77.14923101,38.91695103],[-77.14959395,38.91690303],[-77.1507355,38.91694635],[-77.15104964,38.91687718],[-77.1513063,38.91668654],[-77.15148989,38.9164566],[-77.15227319,38.9172331],[-77.15376302,38.91875911],[-77.15432475,38.91935731],[-77.15499528,38.91996499],[-77.15409655,38.92084028],[-77.1535358,38.92149977],[-77.15585978,38.92278953],[-77.15838588,38.92417767],[-77.15878013,38.92433732],[-77.15911973,38.92441122],[-77.15979092,38.92442437],[-77.16011875,38.92437593],[-77.16209201,38.92393709],[-77.16258504,38.92388915],[-77.16322726,38.92394726],[-77.16359134,38.92402829],[-77.16400333,38.92417989],[-77.1643825,38.92439426],[-77.16464909,38.92461423],[-77.16493793,38.92496076],[-77.16633226,38.92729696],[-77.16642373,38.92748198],[-77.16690485,38.92807645],[-77.16722595,38.92839039],[-77.16781151,38.92885149],[-77.16852099,38.92926594],[-77.16935078,38.92961922],[-77.16961534,38.92934954],[-77.16967445,38.92901182],[-77.16985285,38.92885902],[-77.17006498,38.92880589],[-77.17055161,38.92879761],[-77.17065998,38.92874919],[-77.17071793,38.92846783],[-77.17069432,38.92823754],[-77.17042148,38.92765754],[-77.17040958,38.92746681],[-77.17027457,38.92726886],[-77.17070907,38.9272029],[-77.17107299,38.92709495],[-77.17122993,38.92697851],[-77.17141376,38.92666154],[-77.17190255,38.92646372],[-77.17189347,38.92640183],[-77.17217568,38.9261157],[-77.17244879,38.92594489],[-77.17284601,38.92538394],[-77.1725663,38.92479111],[-77.17217926,38.92445313],[-77.172048,38.92418734],[-77.17200188,38.92346954],[-77.17169209,38.92348798],[-77.17164899,38.92316563],[-77.17139733,38.92310095],[-77.17137273,38.92277055],[-77.17156091,38.92251958],[-77.17133875,38.92247209],[-77.17128175,38.92229836],[-77.17156632,38.92209453],[-77.17191322,38.92209609],[-77.17215244,38.92182175],[-77.17253695,38.92173147],[-77.1726367,38.92157077],[-77.17298686,38.92142933],[-77.17297035,38.92121413],[-77.17358063,38.92077247],[-77.17318071,38.9205869],[-77.17298215,38.92043055],[-77.17234817,38.92011672],[-77.17220032,38.91996632],[-77.17147887,38.91970903],[-77.17087998,38.91940157],[-77.17042321,38.91920143],[-77.17002843,38.91907065],[-77.16944391,38.91893634],[-77.16893111,38.91986143],[-77.16677582,38.91913402],[-77.16637779,38.91898946],[-77.16599978,38.91871331],[-77.16563841,38.91886573],[-77.16541318,38.91906912],[-77.16506715,38.91971874],[-77.16405397,38.91938594],[-77.16496086,38.91768687],[-77.16503825,38.91730605],[-77.16446872,38.91580163],[-77.16421647,38.91500243],[-77.16389444,38.91417634],[-77.16251688,38.91453961],[-77.16190827,38.91475648],[-77.16156426,38.91492144],[-77.16118722,38.91516017],[-77.16090278,38.91495784],[-77.15897929,38.91368784],[-77.15807006,38.9130651],[-77.15799268,38.91288024],[-77.15829724,38.91200637],[-77.15846915,38.91164723],[-77.15917693,38.91063654],[-77.15933772,38.91049558],[-77.15968924,38.91030462],[-77.15999531,38.90991269],[-77.16017462,38.90953304],[-77.16046313,38.90857523],[-77.16048321,38.9080647],[-77.16035291,38.90732591],[-77.16033347,38.90686161],[-77.16027091,38.90644762],[-77.16018284,38.90627087],[-77.15988246,38.90617134],[-77.15746781,38.90618358],[-77.15669423,38.90620495],[-77.15667468,38.90631045],[-77.15579833,38.906201]]]},"properties":{"PREC_IDENT":305,"PREC_NAME":"EL NIDO","DISTRICT":"Dranesville","cx":-77.15927761266485,"cy":38.918776327025036},"id":305},
{"type":"Feature","geometry":{"type":"Polygon","coordinates":[[[-77.17358063,38.92077247],[-77.17297035,38.92121413],[-77.17298686,38.92142933],[-77.1726367,38.92157077],[-77.17253695,38.92173147],[-77.17215244,38.92182175],[-77.17191322,38.92209609],[-77.17156632,38.92209453],[-77.17128175,38.92229836],[-77.17133875,38.92247209],[-77.17156091,38.92251958],[-77.17137273,38.92277055],[-77.17139733,38.92310095],[-77.17164899,38.92316563],[-77.17169209,38.92348798],[-77.17200188,38.92346954],[-77.172048,38.92418734],[-77.17217926,38.92445313],[-77.1725663,38.92479111],[-77.17284601,38.92538394],[-77.17244879,38.92594489],[-77.17217568,38.9261157],[-77.17189347,38.92640183],[-77.17190255,38.92646372],[-77.17141376,38.92666154],[-77.17122993,38.92697851],[-77.17107299,38.92709495],[-77.17070907,38.9272029],[-77.17027457,38.92726886],[-77.17040958,38.92746681],[-77.17042148,38.92765754],[-77.17069432,38.92823754],[-77.17071793,38.92846783],[-77.17065998,38.92874919],[-77.17055161,38.92879761],[-77.17006498,38.92880589],[-77.16985285,38.92885902],[-77.16967445,38.92901182],[-77.16961534,38.92934954],[-77.16935078,38.92961922],[-77.17056874,38.93012253],[-77.17164624,38.93059879],[-77.17185502,38.9307151],[-77.17287383,38.93113439],[-77.17348947,38.93149283],[-77.17461263,38.93235401],[-77.17547783,38.93309694],[-77.17573121,38.93327417],[-77.17649641,38.93372215],[-77.17725679,38.93405061],[-77.1780289,38.93336182],[-77.17884275,38.93269683],[-77.17947714,38.93223028],[-77.18057413,38.93146137],[-77.18146848,38.93100459],[-77.18196842,38.93077404],[-77.18290329,38.93040695],[-77.18465138,38.92978671],[-77.18388177,38.92842982],[-77.18327411,38.92744406],[-77.18271162,38.92648765],[-77.18237662,38.92597039],[-77.18191637,38.92519086],[-77.18184236,38.92443626],[-77.18179583,38.9242902],[-77.18182616,38.9226402],[-77.18181318,38.92239017],[-77.18147104,38.92168885],[-77.18143194,38.9215209],[-77.18035618,38.91923514],[-77.17809863,38.91604089],[-77.1776121,38.91540409],[-77.17758657,38.9155322],[-77.17723732,38.9158152],[-77.17692636,38.91618419],[-77.1767109,38.91634427],[-77.17631258,38.91675567],[-77.1760025,38.91714584],[-77.17551422,38.91760913],[-77.17546763,38.91771268],[-77.17550634,38.9180659],[-77.17520413,38.91855427],[-77.17521936,38.91874024],[-77.17505016,38.91917928],[-77.1747925,38.91949897],[-77.17473172,38.9197789],[-77.17451727,38.92002555],[-77.17419995,38.92019192],[-77.17379916,38.92052422],[-77.17373799,38.92075279],[-77.17358063,38.92077247]]]},"properties":{"PREC_IDENT":318,"PREC_NAME":"WESTMORELAND","DISTRICT":"Dranesville","cx":-77.1773652705786,"cy":38.92581992155969},"id":318},
{"type":"Feature","geometry":{"type":"Polygon","coordinates":[[[-77.14581515,38.91401109],[-77.14553531,38.91423661],[-77.14226815,38.91674858],[-77.14217512,38.91683538],[-77.13262256,38.92433381],[-77.12817201,38.92783116],[-77.12487838,38.93041436],[-77.12556547,38.93086242],[-77.12584592,38.93111155],[-77.12623546,38.93129902],[-77.12648644,38.93154893],[-77.12667314,38.93193517],[-77.12688939,38.93219184],[-77.12709709,38.93229397],[-77.12736072,38.93258264],[-77.12752595,38.93264786],[-77.12797218,38.93269102],[-77.12856009,38.93259908],[-77.12877728,38.93264923],[-77.12887526,38.93282617],[-77.12926995,38.93293971],[-77.12948099,38.93288698],[-77.12994159,38.93285388],[-77.13064585,38.93306438],[-77.1310794,38.93323642],[-77.13165727,38.93331666],[-77.13233262,38.93347324],[-77.13340236,38.93392428],[-77.13384072,38.93396428],[-77.13456823,38.93378611],[-77.13479049,38.93379743],[-77.13530464,38.93391791],[-77.13599386,38.93414976],[-77.13636565,38.93400261],[-77.13671842,38.93393832],[-77.13694383,38.93394857],[-77.13718149,38.93409508],[-77.13740525,38.93435176],[-77.13785758,38.9345523],[-77.13799669,38.93471044],[-77.13821649,38.93527388],[-77.13827525,38.93553049],[-77.13827666,38.93604132],[-77.13847024,38.93617111],[-77.13888868,38.93618543],[-77.13929697,38.93624139],[-77.13938027,38.93594135],[-77.13988132,38.93547621],[-77.14040921,38.93507865],[-77.14056072,38.93487583],[-77.1406034,38.93466488],[-77.14053762,38.93386915],[-77.14060761,38.93370108],[-77.14099207,38.93326479],[-77.1418826,38.93283847],[-77.14233157,38.93252238],[-77.1426006,38.9322399],[-77.14290423,38.93198666],[-77.14356643,38.93154945],[-77.1438882,38.93126621],[-77.14403979,38.93105789],[-77.14420123,38.9307014],[-77.14449483,38.93023384],[-77.14484553,38.93009372],[-77.14533042,38.93010755],[-77.14657582,38.93006149],[-77.14682944,38.93003557],[-77.14707737,38.9299382],[-77.14727532,38.92969471],[-77.14734782,38.92939211],[-77.14736737,38.92854245],[-77.14733961,38.92777737],[-77.14738671,38.92751704],[-77.14753162,38.92728942],[-77.14787742,38.92703527],[-77.14835664,38.92678953],[-77.14871713,38.92650122],[-77.14883589,38.92635568],[-77.14969298,38.92583143],[-77.15075799,38.92527936],[-77.15133988,38.92480686],[-77.15152639,38.92460992],[-77.15215821,38.92372471],[-77.15308508,38.92210284],[-77.1535358,38.92149977],[-77.15409655,38.92084028],[-77.15499528,38.91996499],[-77.15432475,38.91935731],[-77.15376302,38.91875911],[-77.15227319,38.9172331],[-77.15148989,38.9164566],[-77.1513063,38.91668654],[-77.15104964,38.91687718],[-77.1507355,38.91694635],[-77.14959395,38.91690303],[-77.14923101,38.91695103],[-77.14905365,38.91647668],[-77.14884056,38.91603349],[-77.14846086,38.91547855],[-77.14822999,38.91523287],[-77.14769986,38.91482723],[-77.14726159,38.91458328],[-77.14679438,38.91438293],[-77.14581515,38.91401109]]]},"properties":{"PREC_IDENT":302,"PREC_NAME":"CHESTERBROOK","DISTRICT":"Dranesville","cx":-77.14082418086191,"cy":38.92532388924124},"id":302},
{"type":"Feature","geometry":{"type":"Polygon","coordinates":[[[-77.12487838,38.93041436],[-77.12380726,38.93123187],[-77.12116111,38.93331115],[-77.12144505,38.93359184],[-77.12195107,38.93415384],[-77.12217971,38.93433089],[-77.12254547,38.93450818],[-77.12289497,38.93461662],[-77.12398362,38.93486553],[-77.12469628,38.93510453],[-77.12557731,38.93554734],[-77.12628165,38.93585351],[-77.12728767,38.93619616],[-77.12904928,38.93692519],[-77.12958219,38.93718816],[-77.13214347,38.93839191],[-77.13335826,38.93903762],[-77.13434427,38.93951178],[-77.1352787,38.9399263],[-77.13570687,38.94015232],[-77.13681851,38.94067872],[-77.13788896,38.94115246],[-77.13979089,38.94191041],[-77.14121231,38.94242113],[-77.14288977,38.94296636],[-77.1442942,38.94344801],[-77.14550455,38.9437805],[-77.14618089,38.94390225],[-77.14708984,38.94399647],[-77.14787365,38.94401373],[-77.1485491,38.94399678],[-77.14940146,38.94392145],[-77.150368,38.94375818],[-77.15067721,38.94376997],[-77.15100977,38.9438493],[-77.15120803,38.94396416],[-77.15139051,38.94417083],[-77.15151749,38.94452378],[-77.15175656,38.94489997],[-77.15201953,38.94512679],[-77.15237854,38.94529566],[-77.15335514,38.9455334],[-77.15463587,38.94567987],[-77.15499079,38.94569217],[-77.1571622,38.9461591],[-77.15784842,38.94631934],[-77.1590395,38.94655948],[-77.15992866,38.94677419],[-77.16094678,38.94705078],[-77.1629557,38.94756106],[-77.1652941,38.94812996],[-77.16559801,38.94823913],[-77.1673693,38.9486725],[-77.16769792,38.94877645],[-77.16887061,38.94906433],[-77.17339945,38.95022902],[-77.17384348,38.95036858],[-77.1745685,38.95052641],[-77.17592635,38.95069274],[-77.17822935,38.95109486],[-77.17844711,38.95110966],[-77.17942491,38.9512909],[-77.18131107,38.95160589],[-77.181812,38.95171174],[-77.18328369,38.95207342],[-77.18323074,38.95190635],[-77.18304021,38.95184883],[-77.18284435,38.95167943],[-77.18283553,38.95152229],[-77.18269544,38.95140089],[-77.18215686,38.9510586],[-77.18210687,38.95086849],[-77.18190285,38.95074349],[-77.1815799,38.95034324],[-77.18127707,38.9501873],[-77.18116236,38.95001527],[-77.18115431,38.94978935],[-77.18142482,38.94961667],[-77.18148218,38.94920308],[-77.18166851,38.94881384],[-77.18166343,38.94859315],[-77.18182978,38.94822274],[-77.18180546,38.94803676],[-77.18203521,38.94766446],[-77.18201761,38.94730775],[-77.18221209,38.94705411],[-77.18222392,38.94686222],[-77.1824309,38.94664396],[-77.18253768,38.94638052],[-77.18255375,38.94610707],[-77.18271846,38.94598988],[-77.18290778,38.94539714],[-77.18321858,38.94510817],[-77.18338987,38.94504298],[-77.18354692,38.94485071],[-77.18377876,38.94480978],[-77.1842755,38.94423226],[-77.18441905,38.94417549],[-77.18455001,38.94387814],[-77.18470436,38.94366197],[-77.18527571,38.94320825],[-77.18526721,38.94303507],[-77.18543199,38.94295811],[-77.18561454,38.94266526],[-77.18586583,38.94260433],[-77.1859366,38.94241906],[-77.18614854,38.94236239],[-77.18596748,38.94164364],[-77.18577628,38.94151293],[-77.18588533,38.94124546],[-77.18604306,38.94118211],[-77.18610409,38.94097353],[-77.18591311,38.94045704],[-77.18591199,38.94019369],[-77.18570912,38.93985367],[-77.18585435,38.93948637],[-77.18607929,38.93914421],[-77.18618643,38.93875257],[-77.18608249,38.93853239],[-77.18629478,38.93833123],[-77.1862607,38.93808958],[-77.18615203,38.93796843],[-77.18603907,38.93757847],[-77.18616086,38.93737258],[-77.18559595,38.93713592],[-77.18516197,38.93702671],[-77.18427985,38.93662279],[-77.18218723,38.93570141],[-77.18137851,38.93532301],[-77.18074363,38.9350509],[-77.17984295,38.93470303],[-77.1792273,38.93453273],[-77.17753971,38.93415128],[-77.17725679,38.93405061],[-77.17642007,38.93481007],[-77.17616535,38.93508592],[-77.17592221,38.93549645],[-77.17580252,38.93607588],[-77.17573076,38.93691534],[-77.17574112,38.93749623],[-77.17602457,38.93852093],[-77.17622365,38.93935521],[-77.17631112,38.939569],[-77.17662832,38.93990896],[-77.17694128,38.94043972],[-77.17638187,38.94049794],[-77.17525395,38.94064725],[-77.17408978,38.94085517],[-77.17332344,38.941036],[-77.17177558,38.9414565],[-77.16996939,38.94196468],[-77.16752381,38.94263034],[-77.16679738,38.94274293],[-77.16618209,38.94274007],[-77.16529082,38.94264071],[-77.16390522,38.94246295],[-77.16177895,38.94221909],[-77.161101,38.94218253],[-77.16028523,38.94218285],[-77.16042395,38.94190983],[-77.16080407,38.94076085],[-77.16087214,38.94050487],[-77.16094254,38.93993588],[-77.16087309,38.93894791],[-77.1609592,38.93867889],[-77.16127843,38.93806366],[-77.16068334,38.93797879],[-77.16060633,38.93789379],[-77.16027851,38.93791979],[-77.16017134,38.93765179],[-77.15980534,38.93745079],[-77.15972989,38.93735487],[-77.15946857,38.93730262],[-77.15944537,38.93695837],[-77.15925939,38.93681071],[-77.15902034,38.93671779],[-77.15875606,38.93632543],[-77.15839269,38.93603584],[-77.15829159,38.93584329],[-77.15809311,38.93577638],[-77.15806304,38.93564149],[-77.1578506,38.93539774],[-77.15784636,38.93484163],[-77.15761046,38.93392999],[-77.1575304,38.93351149],[-77.15733978,38.93320884],[-77.15704133,38.93307779],[-77.15648414,38.93320917],[-77.15606626,38.93334373],[-77.15523242,38.93339221],[-77.15456935,38.93366252],[-77.15415857,38.93360429],[-77.15371467,38.93347663],[-77.15326839,38.93353973],[-77.15307133,38.93351979],[-77.15292724,38.93366727],[-77.15293212,38.93389236],[-77.15281833,38.93404679],[-77.15263066,38.93414353],[-77.15230833,38.93442779],[-77.15198427,38.93454838],[-77.15182633,38.93476479],[-77.15156779,38.93491434],[-77.15117358,38.93499138],[-77.15102408,38.9349639],[-77.15093878,38.93470433],[-77.15062133,38.93448779],[-77.15024833,38.93445179],[-77.14979538,38.93457993],[-77.14962591,38.93490899],[-77.14930133,38.93505479],[-77.1486462,38.93492063],[-77.14871662,38.93476242],[-77.14865949,38.93448049],[-77.14847873,38.93414343],[-77.14817694,38.93384877],[-77.14797303,38.93359281],[-77.14773533,38.93366479],[-77.14769297,38.93378815],[-77.14784999,38.93397819],[-77.14769964,38.93422303],[-77.14784634,38.93434469],[-77.14766332,38.93481297],[-77.14760014,38.93522035],[-77.147279,38.93536085],[-77.14713133,38.93517679],[-77.14671166,38.93507321],[-77.14674234,38.93463926],[-77.14642844,38.934235],[-77.1461639,38.93395667],[-77.14596821,38.93389875],[-77.14579933,38.93396861],[-77.14542857,38.93394309],[-77.14535264,38.93385003],[-77.14483823,38.93388911],[-77.14442494,38.93397163],[-77.14411698,38.93411722],[-77.14364533,38.93419379],[-77.14355743,38.93444075],[-77.14389813,38.93466366],[-77.14367733,38.93485479],[-77.14367397,38.93501024],[-77.14383894,38.93529405],[-77.14377346,38.93554346],[-77.14352152,38.93565316],[-77.14327875,38.93552687],[-77.14307011,38.93598219],[-77.14327133,38.93628579],[-77.14317712,38.93644157],[-77.14297658,38.93651911],[-77.14288833,38.93668079],[-77.14277233,38.93708979],[-77.14267839,38.93721957],[-77.14260912,38.93751174],[-77.14237433,38.93780679],[-77.1418451,38.93796065],[-77.141498,38.93796243],[-77.14126944,38.93787969],[-77.14128231,38.93764577],[-77.14148512,38.93753424],[-77.14150768,38.93737707],[-77.14100033,38.93716779],[-77.14070733,38.93692879],[-77.14037494,38.9367328],[-77.1402189,38.93657088],[-77.13982533,38.93628979],[-77.13929697,38.93624139],[-77.13888868,38.93618543],[-77.13847024,38.93617111],[-77.13827666,38.93604132],[-77.13827525,38.93553049],[-77.13821649,38.93527388],[-77.13799669,38.93471044],[-77.13785758,38.9345523],[-77.13740525,38.93435176],[-77.13718149,38.93409508],[-77.13694383,38.93394857],[-77.13671842,38.93393832],[-77.13636565,38.93400261],[-77.13599386,38.93414976],[-77.13530464,38.93391791],[-77.13479049,38.93379743],[-77.13456823,38.93378611],[-77.13384072,38.93396428],[-77.13340236,38.93392428],[-77.13233262,38.93347324],[-77.13165727,38.93331666],[-77.1310794,38.93323642],[-77.13064585,38.93306438],[-77.12994159,38.93285388],[-77.12948099,38.93288698],[-77.12926995,38.93293971],[-77.12887526,38.93282617],[-77.12877728,38.93264923],[-77.12856009,38.93259908],[-77.12797218,38.93269102],[-77.12752595,38.93264786],[-77.12736072,38.93258264],[-77.12709709,38.93229397],[-77.12688939,38.93219184],[-77.12667314,38.93193517],[-77.12648644,38.93154893],[-77.12623546,38.93129902],[-77.12584592,38.93111155],[-77.12556547,38.93086242],[-77.12487838,38.93041436]]]},"properties":{"PREC_IDENT":301,"PREC_NAME":"CHAIN BRIDGE","DISTRICT":"Dranesville","cx":-77.1557514589456,"cy":38.94049642336025},"id":301},
{"type":"Feature","geometry":{"type":"Polygon","coordinates":[[[-77.24658704,38.93392419],[-77.24825793,38.93566163],[-77.24993302,38.93738744],[-77.25006131,38.93749041],[-77.25088982,38.93836968],[-77.25163976,38.93911768],[-77.25377392,38.94134533],[-77.2564106,38.94400387],[-77.25721273,38.94479083],[-77.25785866,38.9454608],[-77.25933451,38.94694135],[-77.2615741,38.94920016],[-77.26185443,38.94946123],[-77.26277702,38.95020273],[-77.26442534,38.95127725],[-77.26492669,38.95156947],[-77.26583821,38.95214059],[-77.26789741,38.95345827],[-77.27377926,38.95725148],[-77.27479734,38.95797466],[-77.27514143,38.95780251],[-77.27628058,38.95740935],[-77.27657246,38.95720507],[-77.27832195,38.95484117],[-77.27864456,38.95448343],[-77.27916804,38.95410032],[-77.27978353,38.95368384],[-77.28036056,38.95325322],[-77.28086877,38.95293997],[-77.28140961,38.95256938],[-77.28183001,38.95224972],[-77.28214589,38.95207862],[-77.28325877,38.95177574],[-77.28364469,38.95162184],[-77.28395783,38.95140541],[-77.28437075,38.95090305],[-77.28460986,38.95048952],[-77.28468451,38.95023492],[-77.28468159,38.94999187],[-77.28446628,38.94941712],[-77.28423181,38.94914285],[-77.28383622,38.94903853],[-77.28333741,38.94900728],[-77.28301563,38.9489051],[-77.28282869,38.94873154],[-77.28274862,38.94847671],[-77.28271963,38.94728468],[-77.28271583,38.9462659],[-77.2829152,38.94550048],[-77.28322647,38.94477053],[-77.28347278,38.94393146],[-77.28352799,38.94357917],[-77.28337142,38.94306681],[-77.28286661,38.94197989],[-77.28286272,38.94196905],[-77.28052837,38.94173578],[-77.27888471,38.94162535],[-77.27720618,38.94149806],[-77.27663407,38.94143856],[-77.27590118,38.94132247],[-77.27479428,38.94107753],[-77.27403535,38.94084033],[-77.27305432,38.94043194],[-77.27236084,38.9400691],[-77.27185285,38.93975624],[-77.27126229,38.93933818],[-77.27053751,38.93875121],[-77.26978561,38.93810628],[-77.26865726,38.93706748],[-77.26784993,38.93637666],[-77.26662445,38.93526405],[-77.2661183,38.93484822],[-77.26544864,38.93433181],[-77.26465184,38.93384976],[-77.26341466,38.93321754],[-77.26246479,38.93284645],[-77.26140176,38.93251398],[-77.26062453,38.93232593],[-77.25992732,38.93218677],[-77.25920159,38.93207064],[-77.25799439,38.93194393],[-77.25706007,38.93189561],[-77.25607565,38.93189755],[-77.2547418,38.93197954],[-77.25367102,38.93209587],[-77.25282833,38.93223659],[-77.25233509,38.93233944],[-77.25098548,38.93267697],[-77.24963622,38.93303607],[-77.24865042,38.93331802],[-77.24770614,38.93363748],[-77.24658704,38.93392419]]]},"properties":{"PREC_IDENT":323,"PREC_NAME":"SHOUSE","DISTRICT":"Dranesville","cx":-77.26672335053745,"cy":38.944299229867624},"id":323},
{"type":"Feature","geometry":{"type":"Polygon","coordinates":[[[-77.27479734,38.95797466],[-77.27698225,38.95957083],[-77.27740989,38.95986085],[-77.27924393,38.96120756],[-77.27970667,38.96150343],[-77.28219043,38.96332502],[-77.28333007,38.96414961],[-77.28359791,38.96432537],[-77.28427073,38.96467969],[-77.28458149,38.96481333],[-77.28797696,38.96602148],[-77.28903906,38.96640665],[-77.29084329,38.96704167],[-77.29288856,38.96777662],[-77.29380025,38.96815393],[-77.29476262,38.96865532],[-77.29667529,38.9697513],[-77.2978426,38.9704099],[-77.30194706,38.97275286],[-77.30388797,38.97385588],[-77.30454054,38.97417005],[-77.3052183,38.97445016],[-77.30593197,38.97468669],[-77.31277304,38.97665199],[-77.31379847,38.97697125],[-77.314665,38.97732735],[-77.31526512,38.97762721],[-77.31539662,38.97754615],[-77.31639363,38.9763933],[-77.31684763,38.97595441],[-77.31727087,38.97567447],[-77.31681139,38.97520379],[-77.31630139,38.97477479],[-77.31561939,38.97432779],[-77.31405339,38.97345679],[-77.31321839,38.97301479],[-77.31247339,38.97259679],[-77.31201839,38.97225779],[-77.31157139,38.97159979],[-77.31137839,38.97126279],[-77.31094238,38.97040879],[-77.31081539,38.97009179],[-77.31053238,38.96955079],[-77.31027038,38.96887479],[-77.31008438,38.96821679],[-77.31001038,38.96725579],[-77.30987538,38.96642979],[-77.30958238,38.96551079],[-77.30949138,38.96501579],[-77.30945938,38.96458379],[-77.30898538,38.96319679],[-77.30887638,38.96275379],[-77.30887138,38.96245679],[-77.30893538,38.96182179],[-77.30897138,38.96112979],[-77.30902138,38.96078679],[-77.30930938,38.96016679],[-77.30951738,38.95987679],[-77.30984738,38.95954279],[-77.31033538,38.95910079],[-77.31044538,38.95887379],[-77.31062438,38.95806879],[-77.31106038,38.95663479],[-77.31118538,38.95603179],[-77.31128738,38.95537579],[-77.31136738,38.95444879],[-77.31141338,38.95420479],[-77.31162738,38.95177879],[-77.31170938,38.95053579],[-77.31171238,38.95021679],[-77.31178138,38.94958379],[-77.31186238,38.94921679],[-77.31199366,38.9474652],[-77.31199147,38.94746564],[-77.31139446,38.94757399],[-77.31052768,38.94767918],[-77.30884099,38.94781999],[-77.30779939,38.94786435],[-77.30606938,38.94786052],[-77.30513441,38.94783729],[-77.30367982,38.94776484],[-77.30279853,38.94768584],[-77.30187203,38.94757618],[-77.30066884,38.94740053],[-77.29828552,38.94693409],[-77.2969128,38.94659466],[-77.29615686,38.94638098],[-77.29501657,38.94602193],[-77.29363934,38.94553413],[-77.29300851,38.94528168],[-77.29262648,38.94512695],[-77.29051436,38.94422379],[-77.28978458,38.9439211],[-77.28853166,38.94336449],[-77.28735409,38.9429281],[-77.2863534,38.94263632],[-77.28560062,38.94244731],[-77.28482632,38.94228417],[-77.28362029,38.94207673],[-77.28286661,38.94197989],[-77.28337142,38.94306681],[-77.28352799,38.94357917],[-77.28347278,38.94393146],[-77.28322647,38.94477053],[-77.2829152,38.94550048],[-77.28271583,38.9462659],[-77.28271963,38.94728468],[-77.28274862,38.94847671],[-77.28282869,38.94873154],[-77.28301563,38.9489051],[-77.28333741,38.94900728],[-77.28383622,38.94903853],[-77.28423181,38.94914285],[-77.28446628,38.94941712],[-77.28468159,38.94999187],[-77.28468451,38.95023492],[-77.28460986,38.95048952],[-77.28437075,38.95090305],[-77.28395783,38.95140541],[-77.28364469,38.95162184],[-77.28325877,38.95177574],[-77.28214589,38.95207862],[-77.28183001,38.95224972],[-77.28140961,38.95256938],[-77.28086877,38.95293997],[-77.28036056,38.95325322],[-77.27978353,38.95368384],[-77.27916804,38.95410032],[-77.27864456,38.95448343],[-77.27832195,38.95484117],[-77.27657246,38.95720507],[-77.27628058,38.95740935],[-77.27514143,38.95780251],[-77.27479734,38.95797466]]]},"properties":{"PREC_IDENT":240,"PREC_NAME":"COLVIN","DISTRICT":"Hunter Mill","cx":-77.29674371712777,"cy":38.95851692987251},"id":240},
{"type":"Feature","geometry":{"type":"Polygon","coordinates":[[[-77.28265959,39.0394432],[-77.2830416,39.03954737],[-77.28422976,39.04028181],[-77.28535927,39.04094698],[-77.28605923,39.04140452],[-77.28700136,39.04232449],[-77.28736391,39.04274697],[-77.28903899,39.04405202],[-77.29007192,39.04481225],[-77.29068118,39.04522353],[-77.29200617,39.04599773],[-77.29299707,39.04653922],[-77.29415666,39.04710164],[-77.29487699,39.04740145],[-77.2965476,39.04794026],[-77.29814498,39.0484371],[-77.29879744,39.0487966],[-77.29931533,39.04899134],[-77.29992519,39.04916231],[-77.30022959,39.04927937],[-77.30349977,39.05082561],[-77.30396304,39.05112961],[-77.30427367,39.05129615],[-77.30604811,39.05195256],[-77.30648724,39.05201605],[-77.30739644,39.05218864],[-77.30862374,39.05229168],[-77.30927228,39.05225705],[-77.31057196,39.0520313],[-77.31160004,39.05204831],[-77.31261811,39.04922251],[-77.31374769,39.0461464],[-77.31587318,39.04229182],[-77.31664679,39.04071833],[-77.31746918,39.03893616],[-77.31857978,39.03641071],[-77.31938412,39.03462159],[-77.31971879,39.03300424],[-77.32021679,39.03023991],[-77.32100628,39.03022031],[-77.32092309,39.02971424],[-77.32077677,39.02940662],[-77.32073592,39.02910828],[-77.32116535,39.0278289],[-77.3215671,39.02673321],[-77.3223954,39.02431554],[-77.32260821,39.02357628],[-77.32280713,39.02303871],[-77.3230308,39.02206617],[-77.32372901,39.0192051],[-77.32403253,39.01786953],[-77.32444111,39.01613685],[-77.32458248,39.01545866],[-77.32493829,39.01436662],[-77.32521086,39.01362796],[-77.32565406,39.01235693],[-77.32577662,39.01196549],[-77.32594484,39.01115028],[-77.32603479,39.01081618],[-77.3261922,39.01044568],[-77.32708609,39.00894437],[-77.327178,39.00870503],[-77.32761997,39.00793509],[-77.32771348,39.00781246],[-77.32808725,39.00712285],[-77.32844531,39.00653331],[-77.32895025,39.0057846],[-77.32908445,39.00554018],[-77.32972688,39.0045608],[-77.32983928,39.00414318],[-77.32981518,39.00281805],[-77.32962231,39.00083774],[-77.32952294,38.99938143],[-77.32944831,38.99856517],[-77.32937843,38.99745788],[-77.32939229,38.9972562],[-77.32934927,38.99644299],[-77.32934007,38.99377666],[-77.32936649,38.99345153],[-77.32934723,38.99269211],[-77.32934606,38.99039517],[-77.32939168,38.9893261],[-77.32908518,38.98913495],[-77.32661746,38.98771134],[-77.32588531,38.98730176],[-77.32492369,38.9867265],[-77.32402704,38.98605166],[-77.32345889,38.98551328],[-77.3229029,38.98487754],[-77.32103639,38.98221043],[-77.3204929,38.98145947],[-77.32000956,38.98090133],[-77.31940764,38.98028158],[-77.31874859,38.97971343],[-77.31804688,38.9791723],[-77.31747945,38.97880963],[-77.31652474,38.97825222],[-77.31526512,38.97762721],[-77.31429079,38.9788956],[-77.31360484,38.97974266],[-77.3118275,38.98191045],[-77.31152181,38.982311],[-77.3114923,38.98260589],[-77.31157485,38.98356779],[-77.31162383,38.98379619],[-77.31187187,38.98623567],[-77.31198982,38.98654852],[-77.31290539,38.98756139],[-77.31305819,38.98789519],[-77.31301114,38.98839858],[-77.31309577,38.98859989],[-77.3133796,38.98867002],[-77.31436488,38.98866211],[-77.31459892,38.98876469],[-77.31467297,38.98896726],[-77.31457876,38.9904079],[-77.31454921,38.99049273],[-77.31451431,38.99153856],[-77.31453433,38.99160466],[-77.31445378,38.99349577],[-77.31439017,38.99415002],[-77.31440862,38.99431084],[-77.31432994,38.996088],[-77.31429842,38.9971421],[-77.3143242,38.99728515],[-77.31429752,38.99783406],[-77.31413276,38.99864655],[-77.31393548,38.99908527],[-77.31180401,38.99902533],[-77.30988759,38.99894142],[-77.30934285,38.99890022],[-77.3070182,38.998819],[-77.30653973,38.99881277],[-77.30574564,38.99874156],[-77.30481343,38.99872386],[-77.30247483,38.99863554],[-77.30093071,38.9985951],[-77.29861257,38.99854674],[-77.29538673,38.99848767],[-77.29424685,38.99847324],[-77.29383565,38.99844294],[-77.29123953,38.99839433],[-77.29048657,38.99838933],[-77.28967782,38.99835356],[-77.28926697,38.99830265],[-77.28845732,38.99811308],[-77.28844978,38.99835053],[-77.28864596,38.99861066],[-77.28971516,38.99905964],[-77.29049522,38.99933538],[-77.29129712,38.99977747],[-77.29175941,39.00011722],[-77.29276422,39.00104878],[-77.29318071,39.00139217],[-77.29365761,39.00170186],[-77.29379187,39.00187897],[-77.29385412,39.00215282],[-77.29397064,39.00296543],[-77.2939845,39.00360536],[-77.29403864,39.00415235],[-77.29403432,39.00482642],[-77.29398272,39.00559199],[-77.29397798,39.00650083],[-77.29409281,39.0086685],[-77.29403583,39.00933517],[-77.29391843,39.01003691],[-77.29384673,39.01157798],[-77.29378466,39.01359145],[-77.2937941,39.01553837],[-77.29382873,39.01619911],[-77.2938041,39.01640754],[-77.29321453,39.01818357],[-77.29262305,39.02007078],[-77.29261264,39.02027112],[-77.29288987,39.02136545],[-77.29302301,39.02202857],[-77.29341546,39.02380643],[-77.29357001,39.02466198],[-77.29365556,39.02501707],[-77.29383742,39.02613238],[-77.29421071,39.02779608],[-77.29434253,39.02833013],[-77.2944253,39.02843258],[-77.29515901,39.02855404],[-77.29571301,39.02868602],[-77.29701456,39.0289547],[-77.29720451,39.0289635],[-77.29814866,39.02913241],[-77.29888161,39.02930053],[-77.29886511,39.02954696],[-77.29855826,39.03018353],[-77.29854077,39.03040124],[-77.29839704,39.03045735],[-77.29812978,39.03078385],[-77.29806125,39.03099063],[-77.2975037,39.03121745],[-77.29704829,39.03125932],[-77.29673408,39.0313454],[-77.29660303,39.0316019],[-77.29637409,39.03162915],[-77.2961848,39.03176899],[-77.29594623,39.03178028],[-77.29576637,39.03194972],[-77.29569796,39.03216809],[-77.29530746,39.0322052],[-77.2951543,39.03246811],[-77.2949696,39.03246883],[-77.29497131,39.03264101],[-77.29459853,39.032814],[-77.29466041,39.03300456],[-77.2945871,39.03316656],[-77.29431022,39.03326598],[-77.29426584,39.03338634],[-77.29396103,39.03348012],[-77.29379397,39.03337794],[-77.29364603,39.03355389],[-77.29343321,39.03356626],[-77.29322013,39.03377773],[-77.29309997,39.03399894],[-77.29269158,39.03409489],[-77.29262351,39.03435895],[-77.29250089,39.03447763],[-77.29222636,39.03426797],[-77.29201304,39.03443578],[-77.29154045,39.03432587],[-77.29139806,39.03440129],[-77.29146229,39.03461937],[-77.29118851,39.03486863],[-77.29106888,39.03484977],[-77.29096719,39.03465855],[-77.29057004,39.03453472],[-77.29054153,39.03473443],[-77.29014905,39.0344799],[-77.28981197,39.03447418],[-77.28958838,39.03456933],[-77.28941928,39.03447788],[-77.28919594,39.03456082],[-77.28858891,39.034429],[-77.28840368,39.03444448],[-77.28816209,39.03428397],[-77.2879881,39.03434231],[-77.28776653,39.03428066],[-77.28754405,39.03450405],[-77.28691106,39.03494879],[-77.28654217,39.03551966],[-77.2861875,39.03580405],[-77.28598439,39.03583271],[-77.28580518,39.03622945],[-77.285809,39.0364572],[-77.28553958,39.03625601],[-77.28526947,39.03641149],[-77.2853427,39.03660907],[-77.28552069,39.03664556],[-77.28543797,39.03688725],[-77.28546667,39.03702821],[-77.28518651,39.03701203],[-77.28512506,39.03723063],[-77.28518926,39.0373788],[-77.28485616,39.03743676],[-77.28466799,39.03729659],[-77.28454011,39.03736125],[-77.28465314,39.03772364],[-77.28433985,39.03785058],[-77.28427509,39.03799204],[-77.28451121,39.03820742],[-77.28440429,39.03853019],[-77.28405855,39.0387328],[-77.28343737,39.03884009],[-77.28326656,39.03881971],[-77.28283303,39.03888209],[-77.28269324,39.03908557],[-77.28265959,39.0394432]]]},"properties":{"PREC_IDENT":322,"PREC_NAME":"FORESTVILLE","DISTRICT":"Dranesville","cx":-77.30921231597222,"cy":39.018041569505854},"id":322},
{"type":"Feature","geometry":{"type":"Polygon","coordinates":[[[-77.15572432,38.76549975],[-77.15647232,38.76565975],[-77.15990333,38.76623075],[-77.16136533,38.76648875],[-77.16218833,38.76665575],[-77.16286233,38.76681375],[-77.16361033,38.76703875],[-77.16520014,38.76748573],[-77.16547705,38.76736952],[-77.16636846,38.76701025],[-77.16935595,38.76578314],[-77.16992594,38.76555939],[-77.17084928,38.76499044],[-77.17060556,38.76502972],[-77.17039223,38.76483158],[-77.17061455,38.76472988],[-77.17071378,38.76460365],[-77.1706203,38.76448369],[-77.17072034,38.76419964],[-77.17092247,38.76390974],[-77.17119684,38.76370564],[-77.17143969,38.76366041],[-77.17141743,38.7635005],[-77.17155396,38.76337297],[-77.17154973,38.76302632],[-77.17180531,38.76261688],[-77.17184837,38.76216388],[-77.17221492,38.76195705],[-77.1722545,38.76176076],[-77.1721478,38.76161158],[-77.17247066,38.76149673],[-77.17266079,38.76135826],[-77.17256531,38.76118997],[-77.17283349,38.76092748],[-77.17280232,38.76052614],[-77.1729713,38.76002476],[-77.17333845,38.75960417],[-77.17356189,38.75940359],[-77.17354717,38.75918163],[-77.17379273,38.75904448],[-77.17375694,38.7586262],[-77.17368342,38.75844715],[-77.1739528,38.757784],[-77.17421467,38.75725773],[-77.17436095,38.75713936],[-77.1745778,38.75660871],[-77.17433951,38.75647321],[-77.1739388,38.75633368],[-77.17355068,38.75605452],[-77.17303195,38.75593042],[-77.17299177,38.75579066],[-77.17246569,38.7556096],[-77.17223058,38.75540212],[-77.17189771,38.75524873],[-77.17143533,38.75523858],[-77.1710943,38.75511014],[-77.17058182,38.7551117],[-77.17027017,38.75503733],[-77.16992902,38.75487979],[-77.16954231,38.75498534],[-77.16885691,38.75488162],[-77.16831197,38.75458989],[-77.16815766,38.75418702],[-77.16790933,38.75407375],[-77.16754265,38.75377847],[-77.16720864,38.75393077],[-77.16591119,38.75460316],[-77.16390935,38.75549882],[-77.16450409,38.75441863],[-77.16447633,38.75440475],[-77.15930832,38.75288175],[-77.15889332,38.75261875],[-77.15539732,38.75861175],[-77.15571532,38.75878175],[-77.15606632,38.75902375],[-77.15686532,38.75966275],[-77.15717332,38.75988275],[-77.15877832,38.76085875],[-77.15771197,38.7620538],[-77.15681819,38.7631475],[-77.15655194,38.76350557],[-77.15625113,38.76402388],[-77.15623732,38.76425175],[-77.15583632,38.76517875],[-77.15572432,38.76549975]]]},"properties":{"PREC_IDENT":419,"PREC_NAME":"LANE","DISTRICT":"Franconia","cx":-77.16461086284815,"cy":38.76072669309696},"id":419},
{"type":"Feature","geometry":{"type":"Polygon","coordinates":[[[-77.19972044,38.87582254],[-77.20018548,38.87574943],[-77.20174026,38.87563482],[-77.20328065,38.87553925],[-77.20416712,38.87547215],[-77.20752966,38.87523872],[-77.2088453,38.87513786],[-77.21130739,38.87496719],[-77.21196403,38.87498264],[-77.21377936,38.87522496],[-77.21758905,38.87571834],[-77.21866228,38.87581518],[-77.21910801,38.8758379],[-77.22012013,38.87581598],[-77.22072526,38.87576555],[-77.22053575,38.8749665],[-77.22043344,38.87439971],[-77.22035621,38.87341168],[-77.22033929,38.87179958],[-77.22035908,38.86950825],[-77.22031694,38.86674942],[-77.22031937,38.86570722],[-77.22022427,38.86570869],[-77.21882491,38.86572262],[-77.2183784,38.86574658],[-77.21635119,38.86577661],[-77.21582446,38.86576947],[-77.21322449,38.86581241],[-77.21243152,38.86583596],[-77.21044527,38.86586155],[-77.21004449,38.86588186],[-77.20788733,38.86591032],[-77.20677688,38.86593928],[-77.20561756,38.86595122],[-77.20262757,38.86600061],[-77.20023809,38.86605656],[-77.20018775,38.8665091],[-77.19977646,38.86788442],[-77.19979417,38.86806997],[-77.20007421,38.86831747],[-77.2007709,38.86844463],[-77.20037132,38.86975555],[-77.20032916,38.86995005],[-77.19942667,38.87051673],[-77.19891351,38.87072798],[-77.19903101,38.87296591],[-77.19912359,38.87309051],[-77.19953389,38.87312938],[-77.19959012,38.87506594],[-77.1996558,38.87570649],[-77.19972044,38.87582254]]]},"properties":{"PREC_IDENT":710,"PREC_NAME":"PINE SPRING","DISTRICT":"Providence","cx":-77.210107667295,"cy":38.87069923556936},"id":710},
{"type":"Feature","geometry":{"type":"Polygon","coordinates":[[[-77.36176015,38.90988776],[-77.36146108,38.90946611],[-77.36065582,38.90824822],[-77.36061857,38.90841221],[-77.3608474,38.90870584],[-77.36071742,38.90901883],[-77.36020401,38.90958806],[-77.35967026,38.91023814],[-77.35951312,38.91030466],[-77.35944958,38.9104549],[-77.35924376,38.91063897],[-77.35891375,38.91070216],[-77.35870005,38.91113166],[-77.35869587,38.91124198],[-77.35847547,38.91131944],[-77.35762516,38.91129704],[-77.3574654,38.91115679],[-77.35724763,38.91118831],[-77.35700792,38.9111407],[-77.35633978,38.91068117],[-77.35591882,38.91033232],[-77.35565743,38.91021214],[-77.3556704,38.91007299],[-77.35539715,38.9097554],[-77.35543935,38.9095427],[-77.35539329,38.90932139],[-77.35506273,38.90942598],[-77.35491016,38.90933852],[-77.3545248,38.90925967],[-77.35431966,38.90933194],[-77.35430205,38.90910761],[-77.35398164,38.90907198],[-77.35377699,38.90892692],[-77.3530861,38.90878722],[-77.3529355,38.90879613],[-77.35287272,38.90901417],[-77.35258068,38.90904441],[-77.35234675,38.90900074],[-77.35215238,38.90886792],[-77.35208056,38.90863464],[-77.3517156,38.90869489],[-77.35161808,38.90882596],[-77.35141526,38.90884561],[-77.35117056,38.90905987],[-77.35089802,38.9090177],[-77.35069729,38.90909374],[-77.35022105,38.90904932],[-77.35005204,38.90923788],[-77.3501392,38.90936694],[-77.34969529,38.9094522],[-77.34906055,38.90947058],[-77.34893701,38.90939254],[-77.34868591,38.90939835],[-77.3485006,38.90929655],[-77.3482908,38.90930919],[-77.34821126,38.90918012],[-77.34798694,38.90914689],[-77.34772659,38.90923663],[-77.34776189,38.90933193],[-77.34722712,38.90951042],[-77.34712545,38.90964207],[-77.34691652,38.9096236],[-77.34657512,38.9095042],[-77.34601959,38.90967847],[-77.34593735,38.90985716],[-77.34560263,38.9098176],[-77.34549804,38.90992898],[-77.34528568,38.9098445],[-77.34520739,38.91003364],[-77.34462896,38.91008886],[-77.34422947,38.9100447],[-77.34415606,38.91023383],[-77.34394507,38.91013889],[-77.34356807,38.91006788],[-77.34346913,38.91025448],[-77.34317232,38.91044196],[-77.34291238,38.91048495],[-77.34264171,38.91069717],[-77.34227846,38.91106769],[-77.34210014,38.91110138],[-77.34192506,38.91131798],[-77.34151617,38.91140057],[-77.34139135,38.91171066],[-77.34130212,38.91178851],[-77.34133918,38.91198578],[-77.34127665,38.9121435],[-77.34090099,38.91233204],[-77.34074064,38.91235075],[-77.34031031,38.91258114],[-77.33999354,38.91258081],[-77.33971699,38.91264668],[-77.33937049,38.9126248],[-77.33933858,38.91234827],[-77.33907779,38.912173],[-77.33935096,38.91201114],[-77.33921172,38.911898],[-77.33930006,38.91157532],[-77.33909983,38.91153229],[-77.33896992,38.91127671],[-77.33879881,38.91111036],[-77.3389348,38.91101852],[-77.33874,38.91086353],[-77.33853372,38.9109992],[-77.33845443,38.91071367],[-77.33826052,38.91063823],[-77.33814707,38.91043544],[-77.33788026,38.91045605],[-77.33779134,38.9103836],[-77.33793697,38.91019244],[-77.3376901,38.91009744],[-77.33734449,38.91015038],[-77.33721257,38.91003536],[-77.33668751,38.91027521],[-77.33650696,38.91019985],[-77.33599656,38.91047601],[-77.33574815,38.91054511],[-77.33552931,38.91070039],[-77.33491243,38.91088625],[-77.33458431,38.91112018],[-77.33424081,38.91112131],[-77.33413326,38.91129557],[-77.33388841,38.91125899],[-77.33372284,38.91133903],[-77.33360075,38.91161507],[-77.33340995,38.91174185],[-77.33360051,38.91185894],[-77.33360001,38.912162],[-77.33320161,38.91253435],[-77.33274836,38.91252158],[-77.33265269,38.91273078],[-77.33230745,38.91271752],[-77.33208675,38.91277914],[-77.33168862,38.9131081],[-77.33173383,38.91332092],[-77.33155067,38.91341251],[-77.33144772,38.91357886],[-77.33158499,38.91367905],[-77.33131281,38.91399152],[-77.3314046,38.91407011],[-77.33136928,38.91438052],[-77.33124131,38.91456625],[-77.33108325,38.91461103],[-77.33104325,38.91480567],[-77.33079896,38.91496992],[-77.3305913,38.91490785],[-77.33015065,38.91515626],[-77.32986804,38.91499594],[-77.32966377,38.91498432],[-77.32952247,38.91517647],[-77.32928701,38.91520505],[-77.32925572,38.91549984],[-77.32895213,38.9154084],[-77.32861255,38.91540309],[-77.32840402,38.91545239],[-77.3283487,38.91571882],[-77.32820716,38.91582813],[-77.32807722,38.91569695],[-77.3277793,38.91578105],[-77.32760152,38.91598731],[-77.32766375,38.91629394],[-77.32748774,38.91636846],[-77.32741137,38.91661053],[-77.32714757,38.91661325],[-77.32687541,38.91679443],[-77.32720277,38.91688787],[-77.32713911,38.91702338],[-77.32694734,38.91706425],[-77.32680331,38.91727603],[-77.32654704,38.91741555],[-77.32645862,38.91766825],[-77.32630953,38.91785011],[-77.3261233,38.91788051],[-77.32604569,38.91764864],[-77.32583964,38.91767272],[-77.32547328,38.91803073],[-77.32539827,38.91822656],[-77.32517396,38.91849169],[-77.3251762,38.91868088],[-77.32496694,38.91901222],[-77.32477768,38.9189877],[-77.32457972,38.91908364],[-77.32437106,38.91902631],[-77.32398017,38.91912411],[-77.32376496,38.9192802],[-77.323829,38.91940658],[-77.3237066,38.9195505],[-77.32347768,38.91957163],[-77.32355502,38.91978094],[-77.32338743,38.91994561],[-77.32318383,38.91981926],[-77.32295198,38.91990066],[-77.32267163,38.92031114],[-77.32284497,38.92044367],[-77.32306588,38.92049523],[-77.32286611,38.92067157],[-77.32308724,38.92092894],[-77.32297086,38.9210525],[-77.32301404,38.9212876],[-77.32280394,38.92131515],[-77.32258676,38.92153539],[-77.32283634,38.92177632],[-77.32284026,38.92194043],[-77.3222869,38.92220196],[-77.32186668,38.92211759],[-77.3213799,38.9221137],[-77.32111197,38.92199384],[-77.32087822,38.92199128],[-77.32072232,38.92207961],[-77.3203907,38.92197057],[-77.32012694,38.92197629],[-77.31988819,38.92209798],[-77.31905413,38.92199668],[-77.31875859,38.92207068],[-77.31857515,38.92189683],[-77.31835249,38.92198966],[-77.31841477,38.92220757],[-77.31792714,38.92235529],[-77.31776861,38.9222466],[-77.31757725,38.92231634],[-77.31731029,38.92207457],[-77.3173226,38.92194442],[-77.3170452,38.9217984],[-77.31689726,38.92164243],[-77.31671297,38.92112206],[-77.31693617,38.92105854],[-77.31686848,38.92092166],[-77.31669238,38.92088778],[-77.31647938,38.92073778],[-77.31596732,38.92083435],[-77.31584535,38.92097665],[-77.31564408,38.92095916],[-77.31535373,38.9207445],[-77.3151305,38.92072459],[-77.3149934,38.92085721],[-77.31429008,38.92109055],[-77.31406156,38.92106976],[-77.31391355,38.92123047],[-77.31382346,38.92167644],[-77.31391561,38.92179646],[-77.31376852,38.9222394],[-77.31344618,38.92262012],[-77.31318298,38.92285921],[-77.31294135,38.92324521],[-77.31274905,38.92341],[-77.3121486,38.92339185],[-77.31207176,38.92344056],[-77.31255976,38.92365556],[-77.31299276,38.92380056],[-77.31425777,38.92407456],[-77.31494377,38.92430456],[-77.31543577,38.92434556],[-77.31591677,38.92423656],[-77.31642977,38.92418556],[-77.31691077,38.92425556],[-77.31723477,38.92438856],[-77.31795577,38.92480456],[-77.31829177,38.92496056],[-77.31984377,38.92575156],[-77.32229977,38.92707756],[-77.32284877,38.92726656],[-77.32333577,38.92726556],[-77.32372677,38.92720056],[-77.3243706,38.92694942],[-77.32467595,38.92676438],[-77.32551966,38.92611928],[-77.32646143,38.92549575],[-77.32698859,38.92507402],[-77.32795655,38.92435189],[-77.32998945,38.92277676],[-77.33028455,38.92257238],[-77.33080251,38.92228098],[-77.33154589,38.9219616],[-77.33235116,38.92172659],[-77.33315839,38.92158771],[-77.33364762,38.92154863],[-77.33442131,38.9215261],[-77.33539945,38.92146852],[-77.33657771,38.92142527],[-77.33723263,38.92135624],[-77.34290288,38.92045938],[-77.34347661,38.92041148],[-77.34492818,38.92042026],[-77.34548303,38.92045318],[-77.3465599,38.92059281],[-77.34644243,38.92112162],[-77.34634292,38.92140759],[-77.34607611,38.92182373],[-77.34542373,38.92260814],[-77.34515898,38.92289524],[-77.34480681,38.92315401],[-77.34454624,38.92339996],[-77.34429986,38.9238561],[-77.34425987,38.92415639],[-77.34432785,38.92451815],[-77.34455896,38.92501057],[-77.34461384,38.92531316],[-77.34454392,38.92572573],[-77.34440777,38.92610333],[-77.3458859,38.92643501],[-77.34680772,38.92660332],[-77.34783603,38.92670814],[-77.34860556,38.92672942],[-77.3495516,38.92670298],[-77.35012748,38.92674294],[-77.35084127,38.92695175],[-77.35128026,38.92719768],[-77.35162016,38.92748521],[-77.35182703,38.92773848],[-77.35197386,38.92800902],[-77.35270838,38.92780201],[-77.35301118,38.92777201],[-77.3534291,38.92779806],[-77.35397843,38.92795993],[-77.35433341,38.92818444],[-77.35473746,38.92863871],[-77.35496291,38.92883038],[-77.35523527,38.92894561],[-77.35593006,38.92902514],[-77.35665815,38.92900065],[-77.35735252,38.92888658],[-77.35818472,38.92894685],[-77.35843131,38.92891491],[-77.35896263,38.92866333],[-77.35972237,38.92841671],[-77.35999518,38.92894657],[-77.36095845,38.93071467],[-77.36116462,38.9310146],[-77.36154943,38.93135607],[-77.36201665,38.93159949],[-77.36250992,38.93175255],[-77.36273792,38.93178496],[-77.36269315,38.93216895],[-77.36233915,38.93298793],[-77.36228954,38.93345562],[-77.36236642,38.93370625],[-77.36263153,38.93405892],[-77.3631712,38.9343909],[-77.36349066,38.9346425],[-77.36363851,38.93485261],[-77.36537869,38.9346374],[-77.3659863,38.93467621],[-77.3663118,38.93476859],[-77.36682532,38.93497674],[-77.36762699,38.93385865],[-77.36963841,38.93093165],[-77.37132511,38.92852322],[-77.37172352,38.92800257],[-77.37242483,38.92699744],[-77.37312301,38.92596618],[-77.3733173,38.92545867],[-77.3733602,38.92496482],[-77.37301613,38.92493818],[-77.37271876,38.92484746],[-77.37220626,38.92457756],[-77.37207971,38.92457772],[-77.37194642,38.92433617],[-77.37037338,38.92221495],[-77.36939052,38.92078997],[-77.36780542,38.91855189],[-77.36695588,38.91737119],[-77.36614503,38.91619086],[-77.36574346,38.91558014],[-77.36563274,38.91546923],[-77.36416123,38.91339695],[-77.36402772,38.91317186],[-77.36294143,38.911636],[-77.36256403,38.9110557],[-77.36176015,38.90988776]]]},"properties":{"PREC_IDENT":221,"PREC_NAME":"HUNTERS WOODS","DISTRICT":"Hunter Mill","cx":-77.35429734442245,"cy":38.919368032222316},"id":221},
{"type":"Feature","geometry":{"type":"Polygon","coordinates":[[[-77.28286272,38.94196905],[-77.28267942,38.94157684],[-77.28238094,38.94113989],[-77.28186996,38.94058678],[-77.28139071,38.94002851],[-77.28138445,38.93998314],[-77.2806744,38.93914513],[-77.28009243,38.93842652],[-77.27993681,38.93827387],[-77.27794606,38.93666604],[-77.27774449,38.93652802],[-77.27728217,38.93642436],[-77.27650832,38.93644514],[-77.27619598,38.93641168],[-77.27551264,38.93627962],[-77.27533798,38.93621327],[-77.27506722,38.93601],[-77.27492657,38.93580533],[-77.27457916,38.93514955],[-77.27425123,38.93479465],[-77.27349678,38.93409343],[-77.27307406,38.9335261],[-77.27227812,38.93258004],[-77.27200142,38.93210897],[-77.27193083,38.93192013],[-77.27152533,38.9305539],[-77.27150699,38.93039308],[-77.27125557,38.93008839],[-77.2708263,38.9294949],[-77.2701659,38.92864498],[-77.2697393,38.92830688],[-77.26849167,38.92767186],[-77.26712295,38.92692434],[-77.2665024,38.92662264],[-77.2660989,38.92637401],[-77.26569318,38.92604985],[-77.26502127,38.92566934],[-77.26438817,38.925281],[-77.26419604,38.92521033],[-77.26395815,38.92524052],[-77.26390989,38.92509874],[-77.26403664,38.92500155],[-77.26447048,38.92397616],[-77.2644719,38.92367769],[-77.26463608,38.92350483],[-77.26478618,38.92321108],[-77.26502654,38.92296477],[-77.2652519,38.92252188],[-77.26525881,38.92237177],[-77.26500706,38.92141414],[-77.26482887,38.92102649],[-77.2646965,38.92083667],[-77.26437747,38.92011222],[-77.26356609,38.91922116],[-77.2632375,38.91892194],[-77.26297185,38.91861747],[-77.26288978,38.91842933],[-77.26270605,38.91829117],[-77.26272445,38.91811271],[-77.26236749,38.91804857],[-77.26224831,38.91780161],[-77.2621077,38.91776119],[-77.26183765,38.91783037],[-77.26183432,38.91760385],[-77.26197563,38.91742613],[-77.26182288,38.91732361],[-77.26160089,38.91737781],[-77.26144562,38.91696181],[-77.26153607,38.91682445],[-77.26149156,38.91666836],[-77.26127354,38.91652569],[-77.26089778,38.91649213],[-77.26092516,38.9163049],[-77.26052969,38.91602099],[-77.26043851,38.91589089],[-77.26023351,38.91582881],[-77.25990814,38.91603207],[-77.25917198,38.91575588],[-77.25882425,38.91547832],[-77.25865995,38.91547277],[-77.25827495,38.91508833],[-77.25798497,38.91494687],[-77.2577668,38.91465283],[-77.25766209,38.91437624],[-77.25727858,38.91462309],[-77.25691344,38.91460001],[-77.25751668,38.91926051],[-77.25457127,38.91950848],[-77.25549031,38.92144851],[-77.25262188,38.92185275],[-77.25267536,38.92191078],[-77.25361736,38.92230578],[-77.25444636,38.92262678],[-77.25434136,38.92291678],[-77.25350136,38.92561378],[-77.25271536,38.92798978],[-77.25271536,38.92824278],[-77.25305536,38.92882378],[-77.25306036,38.92892778],[-77.25245036,38.92890078],[-77.25229436,38.92885078],[-77.25196736,38.92894178],[-77.25147836,38.92920278],[-77.25103736,38.92938078],[-77.25115636,38.92949678],[-77.25104036,38.92967678],[-77.25108136,38.93036178],[-77.25101236,38.93051578],[-77.25107136,38.93066078],[-77.25139136,38.93089478],[-77.25164336,38.93097678],[-77.25202436,38.93176678],[-77.25225136,38.93201478],[-77.25222236,38.93221578],[-77.25233509,38.93233944],[-77.25282833,38.93223659],[-77.25367102,38.93209587],[-77.2547418,38.93197954],[-77.25607565,38.93189755],[-77.25706007,38.93189561],[-77.25799439,38.93194393],[-77.25920159,38.93207064],[-77.25992732,38.93218677],[-77.26062453,38.93232593],[-77.26140176,38.93251398],[-77.26246479,38.93284645],[-77.26341466,38.93321754],[-77.26465184,38.93384976],[-77.26544864,38.93433181],[-77.2661183,38.93484822],[-77.26662445,38.93526405],[-77.26784993,38.93637666],[-77.26865726,38.93706748],[-77.26978561,38.93810628],[-77.27053751,38.93875121],[-77.27126229,38.93933818],[-77.27185285,38.93975624],[-77.27236084,38.9400691],[-77.27305432,38.94043194],[-77.27403535,38.94084033],[-77.27479428,38.94107753],[-77.27590118,38.94132247],[-77.27663407,38.94143856],[-77.27720618,38.94149806],[-77.27888471,38.94162535],[-77.28052837,38.94173578],[-77.28286272,38.94196905]]]},"properties":{"PREC_IDENT":242,"PREC_NAME":"WESTBRIAR #2","DISTRICT":"Hunter Mill","cx":-77.25958147741443,"cy":38.92725616905055},"id":242},
{"type":"Feature","geometry":{"type":"Polygon","coordinates":[[[-77.31190028,38.80029434],[-77.31197116,38.80074356],[-77.31206368,38.80104364],[-77.31232387,38.80133757],[-77.31239166,38.801582],[-77.31254172,38.80186037],[-77.31258713,38.80209021],[-77.31273572,38.80220226],[-77.31274841,38.80237912],[-77.31302833,38.80272038],[-77.31301271,38.80279135],[-77.31332814,38.80353802],[-77.31370799,38.8049371],[-77.31403541,38.805515],[-77.31456973,38.80629515],[-77.31499855,38.80686792],[-77.31511698,38.80739644],[-77.31501755,38.80803793],[-77.31508348,38.80851794],[-77.3150068,38.80918725],[-77.31507115,38.8093379],[-77.31488625,38.81008653],[-77.31509969,38.81026338],[-77.31544631,38.81064626],[-77.31542909,38.81076902],[-77.31521063,38.81081966],[-77.31536047,38.81097067],[-77.31546022,38.81130902],[-77.31529604,38.81150849],[-77.31544936,38.81167859],[-77.31509415,38.8117761],[-77.31518567,38.8119785],[-77.31519444,38.81219781],[-77.31509274,38.81243694],[-77.31617638,38.81296776],[-77.31681838,38.81335476],[-77.31773938,38.81384576],[-77.31811838,38.81407176],[-77.31958038,38.81486276],[-77.32049738,38.81533176],[-77.32138802,38.81582857],[-77.32178394,38.81522979],[-77.3222611,38.81459888],[-77.32294836,38.81378335],[-77.32365518,38.81305863],[-77.32414307,38.81262828],[-77.32460351,38.8121592],[-77.32501492,38.81168277],[-77.32545869,38.81094442],[-77.32571012,38.81037851],[-77.32626181,38.80883391],[-77.32646694,38.80809317],[-77.32657732,38.80735147],[-77.32658685,38.80676804],[-77.32651783,38.80605202],[-77.32630333,38.8052192],[-77.325612,38.80328595],[-77.32547345,38.80274498],[-77.32529951,38.80093498],[-77.32529202,38.80047524],[-77.3242653,38.8004968],[-77.31956608,38.8002334],[-77.31797866,38.80013099],[-77.31738515,38.80010604],[-77.31658163,38.80010605],[-77.31445997,38.8001676],[-77.313118,38.80018385],[-77.31248565,38.80020813],[-77.3124841,38.8003018],[-77.31190028,38.80029434]]]},"properties":{"PREC_IDENT":137,"PREC_NAME":"SIDEBURN #2","DISTRICT":"Braddock","cx":-77.32021116697913,"cy":38.80669011095534},"id":137},
{"type":"Feature","geometry":{"type":"Polygon","coordinates":[[[-77.21821405,38.83431999],[-77.21822019,38.83487951],[-77.21826768,38.83536608],[-77.21839829,38.83611306],[-77.21878403,38.83751637],[-77.21901656,38.83825897],[-77.21947648,38.84003243],[-77.21985762,38.84189291],[-77.22002325,38.84304118],[-77.2200961,38.8436818],[-77.22018435,38.84483747],[-77.22021459,38.84570142],[-77.22019585,38.84734334],[-77.22019723,38.84825092],[-77.22015753,38.85165968],[-77.22017887,38.85302331],[-77.22017498,38.85384173],[-77.22021891,38.85386387],[-77.22145923,38.85448442],[-77.22204469,38.85473931],[-77.22329777,38.85517171],[-77.22380909,38.85485598],[-77.22419838,38.85468859],[-77.22446955,38.85464623],[-77.22564365,38.85458209],[-77.22611167,38.8545295],[-77.2280596,38.85439684],[-77.23018,38.85424131],[-77.23045175,38.85416598],[-77.23071505,38.85397249],[-77.23083475,38.85375685],[-77.23115205,38.85289254],[-77.23172286,38.85139389],[-77.23193373,38.85078792],[-77.2322059,38.85028971],[-77.232672,38.84974691],[-77.23341655,38.84914533],[-77.2338538,38.84864478],[-77.23407525,38.84823389],[-77.23429779,38.84796032],[-77.23467273,38.84780646],[-77.23537713,38.84768774],[-77.23578615,38.84759191],[-77.23625406,38.84734295],[-77.23692807,38.84675569],[-77.23776697,38.8459766],[-77.23820109,38.84545129],[-77.23855725,38.84476586],[-77.23885794,38.84443957],[-77.23922328,38.84423068],[-77.23976831,38.84398664],[-77.24012168,38.84365954],[-77.24126423,38.8423798],[-77.24139235,38.84228231],[-77.24195186,38.84161142],[-77.24230261,38.84143257],[-77.24295048,38.84132966],[-77.24314702,38.84133451],[-77.24367168,38.84124951],[-77.24405111,38.8412371],[-77.24576684,38.84130899],[-77.24583636,38.84023977],[-77.24580136,38.83969877],[-77.24552936,38.83881077],[-77.24554036,38.83843877],[-77.2456963,38.83770958],[-77.24252243,38.83730215],[-77.23881601,38.83683263],[-77.23719432,38.83661062],[-77.2346248,38.83618202],[-77.23358062,38.83606367],[-77.23291105,38.83600564],[-77.23196395,38.83595696],[-77.22881662,38.83584328],[-77.2280066,38.83578645],[-77.226822,38.83566789],[-77.22306643,38.83520832],[-77.22087653,38.8349593],[-77.21948772,38.83467779],[-77.21821405,38.83431999]]]},"properties":{"PREC_IDENT":522,"PREC_NAME":"CAMELOT","DISTRICT":"Mason","cx":-77.22913997266909,"cy":38.84326188145052},"id":522},
{"type":"Feature","geometry":{"type":"Polygon","coordinates":[[[-77.32372677,38.92720056],[-77.32376577,38.92759156],[-77.32346777,38.92811556],[-77.32335777,38.92867056],[-77.32334177,38.92903356],[-77.32338777,38.92936656],[-77.32350377,38.92966056],[-77.32492477,38.93184256],[-77.32502477,38.93206256],[-77.32521087,38.9326826],[-77.32545699,38.93247787],[-77.32633731,38.93250177],[-77.32684005,38.93243119],[-77.32728322,38.93223629],[-77.32776618,38.93176],[-77.32832899,38.93124326],[-77.32927734,38.93082659],[-77.33000651,38.93035961],[-77.33075769,38.93016089],[-77.33183283,38.93006162],[-77.33280338,38.92989944],[-77.33359903,38.92913068],[-77.33439063,38.92860932],[-77.33568702,38.92842973],[-77.33620608,38.92843487],[-77.33788127,38.92870984],[-77.33838313,38.92869903],[-77.33873714,38.92873857],[-77.33899809,38.92864881],[-77.33930411,38.92872504],[-77.33948579,38.92888572],[-77.33979628,38.92894853],[-77.33982657,38.92906888],[-77.34009023,38.92919898],[-77.3403268,38.92916586],[-77.34055928,38.9294285],[-77.34080778,38.92950734],[-77.34141507,38.92984303],[-77.34158141,38.93001346],[-77.3418526,38.92998079],[-77.34205059,38.9301137],[-77.34240653,38.93025585],[-77.34270292,38.93043003],[-77.34294253,38.93014991],[-77.34325685,38.93017374],[-77.34357838,38.93010406],[-77.34379921,38.93028177],[-77.34418786,38.93022867],[-77.34436998,38.93010772],[-77.34458167,38.93011068],[-77.34475015,38.93002238],[-77.34499765,38.93011139],[-77.34544592,38.93005583],[-77.34566641,38.92999569],[-77.34603531,38.93004283],[-77.34618592,38.92989384],[-77.34636202,38.92994798],[-77.34675194,38.92994028],[-77.34693347,38.93006359],[-77.34730052,38.93005503],[-77.34748667,38.93022996],[-77.347875,38.92996903],[-77.34813905,38.93002632],[-77.34833976,38.93015045],[-77.34851243,38.93005222],[-77.3490907,38.92999283],[-77.34945324,38.93026554],[-77.34963929,38.93022123],[-77.34990497,38.93051435],[-77.34998826,38.93079231],[-77.34975738,38.93098383],[-77.3500825,38.93141323],[-77.35015975,38.93159008],[-77.35066049,38.93198177],[-77.35194936,38.93306091],[-77.35250329,38.93334217],[-77.35266265,38.9334875],[-77.35305816,38.93360625],[-77.35317174,38.93374556],[-77.35338183,38.93382082],[-77.35346732,38.93394225],[-77.35406849,38.93423147],[-77.35436411,38.9344287],[-77.35461818,38.93442058],[-77.35506505,38.93433756],[-77.35543873,38.93456005],[-77.35572892,38.93440831],[-77.3559151,38.93442014],[-77.35611235,38.93466807],[-77.35629057,38.93462782],[-77.3569079,38.93483293],[-77.35778057,38.93565396],[-77.35790634,38.93581488],[-77.35795154,38.93604521],[-77.35815032,38.93624619],[-77.3581579,38.9363927],[-77.35836442,38.93667331],[-77.35888805,38.93693033],[-77.35888054,38.93708197],[-77.35960403,38.93731171],[-77.36015933,38.93757727],[-77.36041287,38.93780627],[-77.36116058,38.93824114],[-77.36129108,38.93823523],[-77.36185617,38.93870817],[-77.36216222,38.9387644],[-77.36239467,38.93912035],[-77.36274855,38.93931349],[-77.36304618,38.93960349],[-77.36365157,38.93956132],[-77.36428168,38.93863857],[-77.36538971,38.93705116],[-77.36586153,38.9363404],[-77.36682532,38.93497674],[-77.3663118,38.93476859],[-77.3659863,38.93467621],[-77.36537869,38.9346374],[-77.36363851,38.93485261],[-77.36349066,38.9346425],[-77.3631712,38.9343909],[-77.36263153,38.93405892],[-77.36236642,38.93370625],[-77.36228954,38.93345562],[-77.36233915,38.93298793],[-77.36269315,38.93216895],[-77.36273792,38.93178496],[-77.36250992,38.93175255],[-77.36201665,38.93159949],[-77.36154943,38.93135607],[-77.36116462,38.9310146],[-77.36095845,38.93071467],[-77.35999518,38.92894657],[-77.35972237,38.92841671],[-77.35896263,38.92866333],[-77.35843131,38.92891491],[-77.35818472,38.92894685],[-77.35735252,38.92888658],[-77.35665815,38.92900065],[-77.35593006,38.92902514],[-77.35523527,38.92894561],[-77.35496291,38.92883038],[-77.35473746,38.92863871],[-77.35433341,38.92818444],[-77.35397843,38.92795993],[-77.3534291,38.92779806],[-77.35301118,38.92777201],[-77.35270838,38.92780201],[-77.35197386,38.92800902],[-77.35182703,38.92773848],[-77.35162016,38.92748521],[-77.35128026,38.92719768],[-77.35084127,38.92695175],[-77.35012748,38.92674294],[-77.3495516,38.92670298],[-77.34860556,38.92672942],[-77.34783603,38.92670814],[-77.34680772,38.92660332],[-77.3458859,38.92643501],[-77.34440777,38.92610333],[-77.34454392,38.92572573],[-77.34461384,38.92531316],[-77.34455896,38.92501057],[-77.34432785,38.92451815],[-77.34425987,38.92415639],[-77.34429986,38.9238561],[-77.34454624,38.92339996],[-77.34480681,38.92315401],[-77.34515898,38.92289524],[-77.34542373,38.92260814],[-77.34607611,38.92182373],[-77.34634292,38.92140759],[-77.34644243,38.92112162],[-77.3465599,38.92059281],[-77.34548303,38.92045318],[-77.34492818,38.92042026],[-77.34347661,38.92041148],[-77.34290288,38.92045938],[-77.33723263,38.92135624],[-77.33657771,38.92142527],[-77.33539945,38.92146852],[-77.33442131,38.9215261],[-77.33364762,38.92154863],[-77.33315839,38.92158771],[-77.33235116,38.92172659],[-77.33154589,38.9219616],[-77.33080251,38.92228098],[-77.33028455,38.92257238],[-77.32998945,38.92277676],[-77.32795655,38.92435189],[-77.32698859,38.92507402],[-77.32646143,38.92549575],[-77.32551966,38.92611928],[-77.32467595,38.92676438],[-77.3243706,38.92694942],[-77.32372677,38.92720056]]]},"properties":{"PREC_IDENT":223,"PREC_NAME":"GLADE","DISTRICT":"Hunter Mill","cx":-77.34085833902951,"cy":38.92549275289494},"id":223},
{"type":"Feature","geometry":{"type":"Polygon","coordinates":[[[-77.19173284,38.73743237],[-77.19116256,38.73775004],[-77.19072521,38.73789208],[-77.1895372,38.7380518],[-77.18888285,38.73817218],[-77.18818558,38.73833875],[-77.18762773,38.73855082],[-77.18725619,38.73873615],[-77.18672783,38.73886891],[-77.18642953,38.73888341],[-77.18580088,38.73877877],[-77.18533924,38.74037147],[-77.18533077,38.74049775],[-77.18484138,38.74208533],[-77.18474858,38.74249347],[-77.18440006,38.74349396],[-77.18407705,38.7443561],[-77.18368688,38.74533167],[-77.18333254,38.74613313],[-77.18309127,38.74634702],[-77.18256951,38.74741324],[-77.1816705,38.74909997],[-77.18108144,38.75012245],[-77.17956053,38.75262269],[-77.17962345,38.75264694],[-77.17836612,38.7546767],[-77.17858097,38.7546759],[-77.17749528,38.75642848],[-77.17690133,38.75742269],[-77.17419548,38.76169987],[-77.17371971,38.76250192],[-77.17305554,38.76339599],[-77.17255146,38.76401112],[-77.17214877,38.76438162],[-77.17149877,38.76491343],[-77.17111464,38.76519064],[-77.1710674,38.76484656],[-77.17084928,38.76499044],[-77.16992594,38.76555939],[-77.16935595,38.76578314],[-77.16636846,38.76701025],[-77.16547705,38.76736952],[-77.16636846,38.76762236],[-77.17093473,38.76888037],[-77.1707773,38.76955873],[-77.17071481,38.77028314],[-77.17079281,38.77085488],[-77.17097371,38.77141217],[-77.17119744,38.77180627],[-77.17133492,38.77175637],[-77.17148129,38.77210309],[-77.17162671,38.77261503],[-77.17166665,38.77309297],[-77.17154957,38.7760463],[-77.17159325,38.77642297],[-77.17179847,38.77705038],[-77.17188408,38.77744292],[-77.17181925,38.77785155],[-77.17067782,38.77781569],[-77.16960372,38.77783408],[-77.16872954,38.77789958],[-77.16785484,38.77801519],[-77.16518714,38.77845922],[-77.16315912,38.77878676],[-77.16114214,38.77912959],[-77.1603616,38.77930922],[-77.1581712,38.77975424],[-77.15711255,38.77989327],[-77.15662962,38.77992586],[-77.15661971,38.77992751],[-77.15617585,38.7824601],[-77.15575916,38.78519365],[-77.15553308,38.78690425],[-77.15538081,38.78790721],[-77.15538134,38.78808328],[-77.15520887,38.78915511],[-77.15511981,38.78930483],[-77.15496599,38.79019405],[-77.15459458,38.7914027],[-77.15443658,38.79178853],[-77.15425371,38.79211301],[-77.15368766,38.79298564],[-77.15350824,38.79321469],[-77.15297906,38.79373599],[-77.15257415,38.79412358],[-77.15195062,38.79464255],[-77.15143182,38.79501067],[-77.15056674,38.79552336],[-77.14985165,38.79586869],[-77.14884592,38.79625462],[-77.14789232,38.79652723],[-77.14694679,38.79672056],[-77.14553435,38.79692079],[-77.13755449,38.79802068],[-77.13756471,38.79817682],[-77.13774365,38.80076463],[-77.13986325,38.8002098],[-77.14423175,38.79903422],[-77.14426001,38.79910786],[-77.14643799,38.79853179],[-77.15145318,38.79717361],[-77.15139898,38.79711797],[-77.15927103,38.79501215],[-77.16144036,38.79444033],[-77.16294216,38.79406162],[-77.16367677,38.79389633],[-77.16533044,38.79356807],[-77.16674436,38.79331855],[-77.16804965,38.7931263],[-77.16967261,38.79294316],[-77.17088696,38.79284596],[-77.17185459,38.79274635],[-77.17297934,38.79275694],[-77.17298127,38.7928077],[-77.17350526,38.79285347],[-77.17441659,38.79178773],[-77.1747855,38.7913717],[-77.17536387,38.79064229],[-77.17596858,38.78981568],[-77.17646659,38.78906612],[-77.17730266,38.7876778],[-77.17768696,38.78700522],[-77.17811975,38.78617529],[-77.17849875,38.78540791],[-77.17917147,38.78393123],[-77.17948249,38.78304363],[-77.17962466,38.78275277],[-77.17996277,38.78180304],[-77.18040242,38.78052072],[-77.18066072,38.77963664],[-77.1809136,38.77869681],[-77.18109606,38.77789914],[-77.18135705,38.77686817],[-77.18113229,38.77592511],[-77.18111008,38.77541546],[-77.18125404,38.77483491],[-77.18161269,38.77402473],[-77.18190634,38.77274149],[-77.18219478,38.77155018],[-77.18233852,38.77078975],[-77.18240719,38.77010537],[-77.18253749,38.76912099],[-77.18264483,38.76785762],[-77.18269199,38.76681601],[-77.1830615,38.75947573],[-77.18309719,38.75886787],[-77.18321992,38.75752915],[-77.18335154,38.75647063],[-77.18358587,38.75497389],[-77.1838302,38.75369695],[-77.183859,38.75365608],[-77.18416487,38.75208188],[-77.18451405,38.7508226],[-77.18493583,38.74942819],[-77.18531587,38.74839854],[-77.18574156,38.74736392],[-77.18621329,38.74630372],[-77.18679713,38.74505666],[-77.18756318,38.74362354],[-77.18791842,38.74298767],[-77.18921509,38.74091102],[-77.18979029,38.74007241],[-77.19065828,38.73887169],[-77.19094545,38.73850554],[-77.19173284,38.73743237]]]},"properties":{"PREC_IDENT":409,"PREC_NAME":"PIONEER","DISTRICT":"Franconia","cx":-77.16962242194319,"cy":38.78539542571094},"id":409},
{"type":"Feature","geometry":{"type":"Polygon","coordinates":[[[-77.15775554,38.83634551],[-77.15768618,38.83611131],[-77.15748367,38.83586322],[-77.1568128,38.83531457],[-77.15665467,38.83513426],[-77.15608801,38.83464584],[-77.15598556,38.83449226],[-77.15550538,38.83407348],[-77.15466812,38.83341307],[-77.15414419,38.83308165],[-77.15331759,38.83260259],[-77.15316172,38.83248959],[-77.15226157,38.83200144],[-77.15086435,38.83106271],[-77.14988367,38.83037864],[-77.14888349,38.82961196],[-77.14857622,38.82933656],[-77.14812908,38.82884536],[-77.14804549,38.82881007],[-77.14758081,38.82831866],[-77.14688068,38.82783964],[-77.14652419,38.82756916],[-77.14622448,38.82726638],[-77.14599909,38.82693151],[-77.14484416,38.82506869],[-77.14430518,38.82423864],[-77.14366112,38.82321104],[-77.14326029,38.82250203],[-77.14304434,38.8222263],[-77.14201932,38.82148399],[-77.14108146,38.82077425],[-77.14079178,38.82068577],[-77.14056428,38.82046482],[-77.14054208,38.82033962],[-77.13946448,38.81966037],[-77.13719217,38.82150904],[-77.13851602,38.82389152],[-77.14216117,38.82382117],[-77.14176073,38.82476256],[-77.14191555,38.82567193],[-77.14112693,38.8265333],[-77.14091632,38.82708832],[-77.13989071,38.82767233],[-77.13920699,38.82799806],[-77.13846465,38.82845216],[-77.13724243,38.82940459],[-77.1367602,38.82965575],[-77.13551417,38.83056532],[-77.13491249,38.83082058],[-77.13503072,38.83143433],[-77.13527658,38.83216764],[-77.13501826,38.8322455],[-77.13535229,38.83223964],[-77.13544277,38.8325674],[-77.13538415,38.83285115],[-77.13561966,38.83334242],[-77.13566119,38.8336289],[-77.1360105,38.83387088],[-77.13616887,38.83411534],[-77.13631559,38.8348266],[-77.13634421,38.83524077],[-77.13623432,38.83568611],[-77.13625382,38.83634693],[-77.13634743,38.83638342],[-77.13639767,38.83684402],[-77.13651694,38.83703272],[-77.13682919,38.83721311],[-77.1369097,38.83744038],[-77.13706743,38.83766049],[-77.13789786,38.83804807],[-77.13814195,38.83801823],[-77.13831063,38.83809743],[-77.13873874,38.8381016],[-77.1389374,38.83818437],[-77.13901158,38.83839827],[-77.13894736,38.83864667],[-77.13839707,38.83895889],[-77.1381338,38.83898862],[-77.13788578,38.83910449],[-77.13777887,38.83930766],[-77.13803886,38.83945675],[-77.13849932,38.83960455],[-77.13868033,38.8397266],[-77.13925297,38.83989147],[-77.14001414,38.84016495],[-77.14038354,38.84010643],[-77.14095586,38.83978782],[-77.14134627,38.83978635],[-77.1415717,38.83987497],[-77.14178695,38.84014105],[-77.14184139,38.84050032],[-77.14177101,38.84086303],[-77.14182899,38.8409148],[-77.14248057,38.84105778],[-77.14343705,38.8410609],[-77.14374556,38.84101569],[-77.14380306,38.84088262],[-77.14428137,38.84075227],[-77.14464014,38.84072835],[-77.14535811,38.84092807],[-77.14565327,38.84122368],[-77.14551566,38.84167424],[-77.14546387,38.84218605],[-77.14532817,38.84249897],[-77.14572351,38.84247382],[-77.14661815,38.84232761],[-77.14716536,38.84217053],[-77.14778467,38.84191404],[-77.14836286,38.84160353],[-77.148885,38.84128551],[-77.15389868,38.83831146],[-77.15641223,38.83683267],[-77.15704751,38.83646922],[-77.15775554,38.83634551]]]},"properties":{"PREC_IDENT":510,"PREC_NAME":"PARKLAWN","DISTRICT":"Mason","cx":-77.14441555266706,"cy":38.83353351403696},"id":510},
{"type":"Feature","geometry":{"type":"Polygon","coordinates":[[[-77.31060782,38.84684297],[-77.31178105,38.84660634],[-77.31207633,38.84552603],[-77.3150515,38.84546411],[-77.31462893,38.84617518],[-77.31523587,38.84620739],[-77.31524817,38.84610042],[-77.3164798,38.84615404],[-77.31648832,38.84499806],[-77.31039173,38.84335474],[-77.30879185,38.84285522],[-77.30809733,38.84386968],[-77.30733869,38.84493841],[-77.30709793,38.84505816],[-77.30669602,38.84621151],[-77.30771452,38.84641133],[-77.30824229,38.84655948],[-77.3084489,38.84617027],[-77.31060782,38.84684297]]]},"properties":{"PREC_IDENT":700,"PREC_NAME":"FAIRFAX COURT","DISTRICT":"Providence","cx":-77.31070375573871,"cy":38.844973440257355},"id":700},
{"type":"Feature","geometry":{"type":"Polygon","coordinates":[[[-77.28311132,38.6964244],[-77.27509405,38.70581594],[-77.27361128,38.70755748],[-77.27282991,38.70845683],[-77.27087072,38.71077161],[-77.27053817,38.71110201],[-77.26933692,38.71250917],[-77.26897104,38.71279366],[-77.2682243,38.71362337],[-77.26806291,38.71383724],[-77.26635663,38.71584316],[-77.26612458,38.71608923],[-77.26553433,38.71660272],[-77.26571893,38.71689694],[-77.26376483,38.71917805],[-77.2634089,38.7195706],[-77.2614607,38.72187141],[-77.26098647,38.7223455],[-77.25874453,38.72501775],[-77.25868347,38.72499157],[-77.25784716,38.72601477],[-77.25612965,38.72809201],[-77.2575784,38.72810368],[-77.26069152,38.72809957],[-77.26118081,38.72818713],[-77.26190683,38.72837055],[-77.26368552,38.72870239],[-77.26413922,38.72882113],[-77.26458481,38.72900433],[-77.2657581,38.72968261],[-77.26631061,38.72996853],[-77.26744898,38.73064094],[-77.26828989,38.73107817],[-77.26973457,38.73188147],[-77.27008922,38.73205408],[-77.27115126,38.73268309],[-77.27331119,38.73389888],[-77.27367188,38.73412921],[-77.27391806,38.73449564],[-77.2740596,38.73503672],[-77.27424598,38.73541489],[-77.27462355,38.73568383],[-77.27520788,38.73595905],[-77.27584342,38.73610986],[-77.27632719,38.73611354],[-77.27680926,38.73601147],[-77.27780597,38.73574727],[-77.27823832,38.73568175],[-77.27926721,38.73558675],[-77.27950436,38.73566061],[-77.28015181,38.73634975],[-77.28049477,38.7365936],[-77.28302059,38.73795857],[-77.28401382,38.73852221],[-77.28456849,38.73889593],[-77.28493774,38.73924577],[-77.28548256,38.7399956],[-77.28640695,38.74173245],[-77.28655266,38.74203191],[-77.28691905,38.74255333],[-77.28708438,38.74272942],[-77.28748113,38.74311385],[-77.28804095,38.74360158],[-77.28882689,38.74419599],[-77.2901222,38.74515264],[-77.29241769,38.74689809],[-77.29285756,38.74722391],[-77.2935667,38.74780239],[-77.29502451,38.74890482],[-77.29622302,38.74978901],[-77.29933272,38.75214406],[-77.30050383,38.75299497],[-77.30091346,38.75323106],[-77.30123241,38.75304636],[-77.3016912,38.75287256],[-77.30208908,38.75277639],[-77.30250334,38.75274904],[-77.30369561,38.75275298],[-77.30444311,38.75272079],[-77.3048438,38.75266583],[-77.30660137,38.75233775],[-77.31041837,38.75207975],[-77.31154737,38.75209475],[-77.3119234,38.75207462],[-77.31540268,38.75161829],[-77.31724636,38.75129767],[-77.31712437,38.75091174],[-77.31695737,38.75067675],[-77.31636537,38.75032575],[-77.31611537,38.75008774],[-77.31592437,38.74960374],[-77.31574437,38.74932074],[-77.31535037,38.74889274],[-77.31522137,38.74851474],[-77.31525337,38.74830174],[-77.31539237,38.74807474],[-77.31559337,38.74791274],[-77.31638737,38.74754474],[-77.31647837,38.74730874],[-77.31637837,38.74702374],[-77.31644937,38.74682774],[-77.31673137,38.74665774],[-77.31688937,38.74645474],[-77.31696937,38.74622674],[-77.31684237,38.74571274],[-77.31681337,38.74539374],[-77.31672137,38.74524174],[-77.31653337,38.74514074],[-77.31596137,38.74513574],[-77.31551437,38.74486674],[-77.31520837,38.74497874],[-77.31497537,38.74516574],[-77.31454037,38.74536674],[-77.31447837,38.74574774],[-77.31434637,38.74590175],[-77.31388637,38.74622274],[-77.31361437,38.74634174],[-77.31319237,38.74634674],[-77.31294037,38.74617174],[-77.31279737,38.74586174],[-77.31259137,38.74560874],[-77.31209737,38.74519674],[-77.31130037,38.74477474],[-77.31045237,38.74426374],[-77.31055037,38.74401474],[-77.31054437,38.74375274],[-77.31042737,38.74349674],[-77.31022237,38.74321674],[-77.31017337,38.74303174],[-77.31031237,38.74257174],[-77.31014337,38.74223774],[-77.31020237,38.74156074],[-77.30960637,38.74117674],[-77.30961537,38.74088174],[-77.31015037,38.74085574],[-77.31068837,38.74073774],[-77.31091437,38.74042774],[-77.31115137,38.74029874],[-77.31133937,38.74031874],[-77.31146437,38.74051374],[-77.31136237,38.74081874],[-77.31120737,38.74108274],[-77.31123037,38.74124074],[-77.31138837,38.74148774],[-77.31194637,38.74182974],[-77.31225137,38.74211674],[-77.31251137,38.74228974],[-77.31274637,38.74234574],[-77.31298037,38.74247574],[-77.31313337,38.74238774],[-77.31335337,38.74242374],[-77.31368837,38.74225474],[-77.31368937,38.74192774],[-77.31383637,38.74165874],[-77.31399437,38.74148774],[-77.31406337,38.74128274],[-77.31449537,38.74132174],[-77.31476537,38.74153074],[-77.31491637,38.74154674],[-77.31509537,38.74169374],[-77.31503837,38.74210074],[-77.31515337,38.74223874],[-77.31538437,38.74211574],[-77.31573837,38.74225674],[-77.31600437,38.74222474],[-77.31617037,38.74250674],[-77.31655037,38.74269974],[-77.31693337,38.74306074],[-77.31681237,38.74323474],[-77.31708837,38.74328574],[-77.31740637,38.74349274],[-77.31730637,38.74363374],[-77.31755037,38.74384074],[-77.31788637,38.74386874],[-77.31800737,38.74403974],[-77.31825637,38.74411074],[-77.31875537,38.74412174],[-77.31886337,38.74463574],[-77.31904837,38.74472174],[-77.31905237,38.74494374],[-77.31877637,38.74498974],[-77.31879637,38.74519574],[-77.31984337,38.74505474],[-77.32000137,38.74498874],[-77.32030938,38.74531374],[-77.32053137,38.74542774],[-77.32076637,38.74542774],[-77.32131837,38.74582174],[-77.32145537,38.74600674],[-77.32175037,38.74609174],[-77.32212237,38.74608374],[-77.32224637,38.74602374],[-77.32254037,38.74610174],[-77.32304537,38.74594974],[-77.32346937,38.74597474],[-77.32361837,38.74582474],[-77.32401538,38.74560474],[-77.32434638,38.74560174],[-77.32492638,38.74536174],[-77.32560438,38.74497974],[-77.32598738,38.74499074],[-77.32638838,38.74530374],[-77.32647438,38.74526274],[-77.32679438,38.74487974],[-77.32709238,38.74472874],[-77.32742038,38.74431974],[-77.32769538,38.74419974],[-77.32806538,38.74376174],[-77.32821538,38.74351774],[-77.32847638,38.74324874],[-77.32861638,38.74318474],[-77.32868438,38.74292774],[-77.32902038,38.74252474],[-77.32910238,38.74228574],[-77.32929838,38.74216474],[-77.32986938,38.74205374],[-77.32995238,38.74193074],[-77.33044938,38.74190574],[-77.33062438,38.74183874],[-77.33106438,38.74142974],[-77.33108438,38.74113074],[-77.33131738,38.74053574],[-77.33111938,38.74037974],[-77.33110938,38.74002074],[-77.33093538,38.73980074],[-77.33093238,38.73959674],[-77.33079938,38.73943774],[-77.33103438,38.73921474],[-77.33104638,38.73896574],[-77.33115038,38.73849974],[-77.33103438,38.73826974],[-77.33107138,38.73793474],[-77.33101138,38.73765574],[-77.33120638,38.73748574],[-77.33124038,38.73717874],[-77.33108738,38.73696474],[-77.33128838,38.73681074],[-77.33165238,38.73644074],[-77.33181138,38.73608674],[-77.33181938,38.73594574],[-77.33169138,38.73581474],[-77.33146738,38.73580774],[-77.33144138,38.73558174],[-77.33130938,38.73540074],[-77.33106038,38.73529874],[-77.33132638,38.73479874],[-77.33132738,38.73442074],[-77.33149738,38.73430874],[-77.33157338,38.73399774],[-77.33170038,38.73379174],[-77.33177238,38.73352974],[-77.33177438,38.73288474],[-77.33185838,38.73252474],[-77.33211238,38.73202874],[-77.33194938,38.73161074],[-77.33199538,38.73141374],[-77.33215238,38.73126874],[-77.33328338,38.73099374],[-77.33366038,38.73102874],[-77.33438838,38.73135174],[-77.33449238,38.73164474],[-77.33439238,38.73194474],[-77.33444938,38.73207774],[-77.33472038,38.73235674],[-77.33529638,38.73284874],[-77.33563138,38.73332374],[-77.33571138,38.73356174],[-77.33589738,38.73475774],[-77.33621438,38.73499074],[-77.33658438,38.73538874],[-77.33692738,38.73554574],[-77.33749138,38.73561274],[-77.33771038,38.73572274],[-77.33795838,38.73569174],[-77.33892238,38.73488174],[-77.33944638,38.73445974],[-77.33988938,38.73452174],[-77.34024638,38.73463374],[-77.34071538,38.73485874],[-77.34098638,38.73487274],[-77.34127438,38.73482074],[-77.34180638,38.73455874],[-77.34199238,38.73440374],[-77.34253138,38.73377774],[-77.34276938,38.73358474],[-77.34297538,38.73366274],[-77.34314938,38.73384374],[-77.34316438,38.73398974],[-77.34350638,38.73427674],[-77.34370138,38.73438474],[-77.34396438,38.73426974],[-77.34408238,38.73429174],[-77.34429438,38.73450274],[-77.34457538,38.73455874],[-77.34567738,38.73460174],[-77.34595938,38.73467474],[-77.34609438,38.73492574],[-77.34614838,38.73516574],[-77.34612838,38.73552874],[-77.34628138,38.73582974],[-77.34619238,38.73625174],[-77.34576238,38.73612674],[-77.34535738,38.73621574],[-77.34508238,38.73647574],[-77.34479638,38.73721674],[-77.34477938,38.73750474],[-77.34557638,38.73817674],[-77.34595738,38.73837074],[-77.34631338,38.73847574],[-77.34649438,38.73786574],[-77.34666238,38.73752274],[-77.34690138,38.73722974],[-77.34722938,38.73690374],[-77.34768638,38.73652574],[-77.34807838,38.73616374],[-77.34846638,38.73585474],[-77.34889438,38.73557774],[-77.34947038,38.73525974],[-77.35019338,38.73477274],[-77.35051038,38.73450974],[-77.35143338,38.73328674],[-77.35169738,38.73300174],[-77.35248238,38.73234674],[-77.35376038,38.73147574],[-77.35433438,38.73111274],[-77.35520938,38.73049674],[-77.35551538,38.73032674],[-77.35675938,38.72986674],[-77.35714638,38.72962574],[-77.35780538,38.72900974],[-77.35840339,38.72841374],[-77.35877038,38.72791874],[-77.35946339,38.72574274],[-77.35946139,38.72527374],[-77.35912539,38.72376874],[-77.35908811,38.72369598],[-77.35867921,38.72405997],[-77.35796937,38.7246105],[-77.35722205,38.72509338],[-77.35656452,38.72543983],[-77.35622366,38.72549143],[-77.35573489,38.72536583],[-77.3553324,38.72510514],[-77.35501392,38.72485214],[-77.35387414,38.72378377],[-77.35343252,38.72334008],[-77.35294127,38.72271192],[-77.35265821,38.72243729],[-77.35205773,38.72206481],[-77.35155679,38.72182512],[-77.35106218,38.72162804],[-77.35042377,38.72143642],[-77.35002556,38.72134876],[-77.34922486,38.72122282],[-77.34810437,38.72114728],[-77.34755072,38.72113634],[-77.34679323,38.72115773],[-77.34561744,38.72125187],[-77.34489575,38.72122691],[-77.34441043,38.72110679],[-77.34374824,38.72086959],[-77.34327494,38.72065759],[-77.3422372,38.72023269],[-77.3416892,38.7200886],[-77.34099307,38.7200007],[-77.34005836,38.71992692],[-77.33859313,38.71992889],[-77.3373568,38.71986582],[-77.3362273,38.71969946],[-77.335281,38.71947586],[-77.33468102,38.71929552],[-77.33403281,38.7190639],[-77.33285602,38.71857299],[-77.33259533,38.71843721],[-77.33209963,38.71809588],[-77.33178897,38.71780033],[-77.33164175,38.71758467],[-77.33147275,38.71719991],[-77.3314114,38.71687663],[-77.3314168,38.71632885],[-77.33153815,38.715763],[-77.3317604,38.71524346],[-77.33271524,38.71364104],[-77.33297372,38.71304772],[-77.33313744,38.71246169],[-77.33318575,38.71207635],[-77.33314407,38.71162146],[-77.33302576,38.71135254],[-77.3328023,38.71108395],[-77.33255289,38.71090297],[-77.33205821,38.71071817],[-77.3313304,38.71064501],[-77.33087767,38.71068305],[-77.32889185,38.71102707],[-77.32825186,38.71115661],[-77.32609755,38.71151537],[-77.32529885,38.71170508],[-77.32454425,38.71198448],[-77.32365326,38.71245884],[-77.32318418,38.71263812],[-77.32281493,38.71271405],[-77.32222226,38.71273418],[-77.3217782,38.7126693],[-77.32132842,38.7125261],[-77.32097734,38.71234819],[-77.32049589,38.71199871],[-77.32020646,38.71169511],[-77.31993982,38.71128463],[-77.3197819,38.71086975],[-77.31967939,38.71006824],[-77.31967636,38.70961236],[-77.31981589,38.7092252],[-77.31999439,38.70902654],[-77.32028834,38.70884002],[-77.32096433,38.70865185],[-77.32152807,38.70846942],[-77.3220198,38.70819014],[-77.32262696,38.70792439],[-77.32329833,38.70758924],[-77.32440587,38.70694131],[-77.32524903,38.70638682],[-77.32583845,38.70591766],[-77.32641167,38.70536732],[-77.32679402,38.7049153],[-77.32722205,38.70424131],[-77.32737244,38.70382953],[-77.32743372,38.70351023],[-77.32738596,38.70300035],[-77.32718271,38.70256993],[-77.32695583,38.70229992],[-77.32657482,38.70202561],[-77.32602925,38.7017428],[-77.32542982,38.70153907],[-77.32344378,38.70105368],[-77.32300707,38.7009724],[-77.32198957,38.70083448],[-77.32129951,38.70081656],[-77.32032317,38.70094678],[-77.3200379,38.70103315],[-77.31899796,38.7014085],[-77.31845986,38.70152664],[-77.3175902,38.70156181],[-77.31673256,38.70150509],[-77.31594403,38.70150811],[-77.31512905,38.70162756],[-77.31396007,38.70196311],[-77.31345728,38.70206374],[-77.31301352,38.70219792],[-77.31256866,38.702398],[-77.31220437,38.70260026],[-77.31197674,38.70280254],[-77.31176041,38.70316969],[-77.31141706,38.70422482],[-77.31125989,38.70461729],[-77.31106832,38.70496959],[-77.31062401,38.7055596],[-77.31022864,38.70594416],[-77.30988421,38.70621527],[-77.30939887,38.70653025],[-77.30902405,38.70673102],[-77.30831469,38.70702863],[-77.30749425,38.70726193],[-77.30332997,38.70815039],[-77.30305935,38.70819568],[-77.30237307,38.70815709],[-77.30187139,38.70797759],[-77.3013452,38.70758638],[-77.30101865,38.70720271],[-77.30079143,38.70674728],[-77.30062152,38.70621829],[-77.30027743,38.70541566],[-77.3000936,38.70509111],[-77.29974348,38.7046509],[-77.29952274,38.70443856],[-77.29912126,38.7041365],[-77.29840562,38.70375981],[-77.29787629,38.70355941],[-77.29646684,38.70317971],[-77.29543861,38.70284647],[-77.29388216,38.70224829],[-77.29313434,38.70191243],[-77.29220644,38.70144976],[-77.29178181,38.7012765],[-77.29029375,38.70078332],[-77.2897226,38.70057147],[-77.28895007,38.70024906],[-77.28782398,38.69969643],[-77.28712634,38.69929789],[-77.28651637,38.69889614],[-77.28581096,38.69833549],[-77.28532818,38.69787326],[-77.28494626,38.69745602],[-77.28455536,38.69715538],[-77.28371194,38.69667705],[-77.28311132,38.6964244]]]},"properties":{"PREC_IDENT":845,"PREC_NAME":"FOUNTAINHEAD","DISTRICT":"Springfield","cx":-77.3048297881101,"cy":38.724884732785895},"id":845},
{"type":"Feature","geometry":{"type":"Polygon","coordinates":[[[-77.27471222,38.75344603],[-77.27372466,38.75282501],[-77.27289089,38.75236318],[-77.27232023,38.75210182],[-77.2717096,38.75192242],[-77.27103122,38.75180822],[-77.27044568,38.75180208],[-77.26945501,38.75190427],[-77.26886524,38.75194064],[-77.26847607,38.75193518],[-77.26795811,38.75187345],[-77.2673358,38.75176255],[-77.26676342,38.75160275],[-77.26533792,38.75109071],[-77.26512911,38.75099789],[-77.26397549,38.75058344],[-77.26318348,38.75014532],[-77.26285641,38.74999633],[-77.26197835,38.74966851],[-77.26040579,38.74914799],[-77.25975572,38.74881845],[-77.25947808,38.74865075],[-77.25878244,38.74811751],[-77.25820571,38.74760338],[-77.25721281,38.74682258],[-77.25662657,38.74645388],[-77.25617827,38.74621983],[-77.2555656,38.74596069],[-77.25501841,38.74576815],[-77.25410345,38.7455511],[-77.25334798,38.74543871],[-77.25227917,38.74539988],[-77.25142604,38.74545945],[-77.25086305,38.74555397],[-77.25068371,38.74499569],[-77.24906699,38.74541096],[-77.24847332,38.74567373],[-77.24753493,38.7461992],[-77.24724614,38.74647209],[-77.24661142,38.74727814],[-77.24634847,38.74767763],[-77.2450524,38.74880339],[-77.24397849,38.74965553],[-77.24400763,38.74967574],[-77.2442037,38.74981172],[-77.24458669,38.75017007],[-77.24504831,38.75084505],[-77.24515279,38.75108783],[-77.24516592,38.75154107],[-77.24502156,38.75197615],[-77.24473176,38.75250579],[-77.24454817,38.75277706],[-77.24434821,38.7529483],[-77.24450294,38.75302309],[-77.24575502,38.75281469],[-77.24589994,38.75291657],[-77.24657227,38.75286448],[-77.24677278,38.75269879],[-77.24690442,38.75274665],[-77.24729159,38.75273632],[-77.24789016,38.75294661],[-77.24859597,38.75308991],[-77.24919994,38.75310262],[-77.2495856,38.75341463],[-77.25020603,38.75353857],[-77.25036092,38.75340554],[-77.25091373,38.75320307],[-77.25108544,38.75308601],[-77.25128199,38.75306653],[-77.25149135,38.7528177],[-77.25171834,38.75287729],[-77.25178111,38.75272536],[-77.25201351,38.75270901],[-77.2523824,38.75294364],[-77.25238223,38.75315957],[-77.25262657,38.75326633],[-77.25281729,38.75310062],[-77.25313677,38.75326391],[-77.25336305,38.7534865],[-77.25344816,38.75330079],[-77.25360366,38.75329506],[-77.25367721,38.75346101],[-77.2539602,38.75363668],[-77.25434445,38.75365394],[-77.25456432,38.75383725],[-77.25463862,38.7540034],[-77.25493473,38.75424785],[-77.25555391,38.75451747],[-77.25679194,38.754728],[-77.25754353,38.75492175],[-77.25887534,38.75523987],[-77.26016606,38.75543931],[-77.26108931,38.75568552],[-77.26183727,38.75609032],[-77.26250875,38.75655343],[-77.26352209,38.75681994],[-77.2634284,38.75737191],[-77.2636055,38.75773905],[-77.26367639,38.7580489],[-77.26378691,38.75823918],[-77.26415151,38.75854859],[-77.26427737,38.75882798],[-77.26493049,38.75896971],[-77.26493921,38.75931112],[-77.26518623,38.75933284],[-77.26526753,38.75913954],[-77.26545332,38.75917302],[-77.2657565,38.75961693],[-77.26574257,38.7601082],[-77.26584928,38.76027002],[-77.2658025,38.76044883],[-77.26599851,38.76061133],[-77.26606134,38.7608088],[-77.26598443,38.76102119],[-77.26598251,38.76129256],[-77.26577379,38.76166667],[-77.26605295,38.76174459],[-77.26648062,38.76198098],[-77.26678241,38.76225821],[-77.26682635,38.76261652],[-77.26673002,38.76280278],[-77.26669749,38.76325288],[-77.26678093,38.76354203],[-77.26667889,38.76380238],[-77.26679821,38.76389986],[-77.26680072,38.76411993],[-77.2666911,38.76468172],[-77.26687932,38.76485991],[-77.26750481,38.76522797],[-77.26766243,38.76535149],[-77.26846765,38.76396603],[-77.26913422,38.76284747],[-77.27042912,38.76064202],[-77.27060383,38.76037072],[-77.2722104,38.75763749],[-77.27471222,38.75344603]]]},"properties":{"PREC_IDENT":838,"PREC_NAME":"SANGSTER","DISTRICT":"Springfield","cx":-77.25482833481037,"cy":38.74975616882536},"id":838},
{"type":"Feature","geometry":{"type":"Polygon","coordinates":[[[-77.30150024,38.79741152],[-77.30039731,38.79786342],[-77.29826829,38.79838942],[-77.29827219,38.79849411],[-77.29783474,38.79851897],[-77.29707398,38.79868554],[-77.29548277,38.79898912],[-77.29577035,38.79983648],[-77.29584601,38.80013795],[-77.29630623,38.80157335],[-77.29661,38.80229318],[-77.29663753,38.80253511],[-77.29721851,38.80430539],[-77.2972,38.80478164],[-77.2971243,38.80532045],[-77.29706953,38.80607642],[-77.29708181,38.80639097],[-77.29731671,38.80661443],[-77.29778146,38.80673453],[-77.29948736,38.80713781],[-77.30000207,38.80720898],[-77.30172918,38.80760421],[-77.30313525,38.80789042],[-77.30548788,38.80844987],[-77.30643343,38.80857208],[-77.30789561,38.80886292],[-77.30918587,38.80936344],[-77.31074247,38.81010006],[-77.31183915,38.81063566],[-77.31230176,38.81088886],[-77.31255853,38.8110672],[-77.31509274,38.81243694],[-77.31519444,38.81219781],[-77.31518567,38.8119785],[-77.31509415,38.8117761],[-77.31544936,38.81167859],[-77.31529604,38.81150849],[-77.31546022,38.81130902],[-77.31536047,38.81097067],[-77.31521063,38.81081966],[-77.31542909,38.81076902],[-77.31544631,38.81064626],[-77.31509969,38.81026338],[-77.31488625,38.81008653],[-77.31507115,38.8093379],[-77.3150068,38.80918725],[-77.31508348,38.80851794],[-77.31501755,38.80803793],[-77.31511698,38.80739644],[-77.31499855,38.80686792],[-77.31456973,38.80629515],[-77.31403541,38.805515],[-77.31370799,38.8049371],[-77.31332814,38.80353802],[-77.31301271,38.80279135],[-77.31302833,38.80272038],[-77.31274841,38.80237912],[-77.31273572,38.80220226],[-77.31258713,38.80209021],[-77.31254172,38.80186037],[-77.31239166,38.801582],[-77.31232387,38.80133757],[-77.31206368,38.80104364],[-77.31197116,38.80074356],[-77.31190028,38.80029434],[-77.31063996,38.80020055],[-77.30962127,38.80006703],[-77.30876431,38.79984527],[-77.30882141,38.79972124],[-77.30840948,38.79959875],[-77.307225,38.79918694],[-77.30714638,38.7993132],[-77.30571224,38.79879685],[-77.30272986,38.79775348],[-77.30190794,38.79750403],[-77.30150024,38.79741152]]]},"properties":{"PREC_IDENT":126,"PREC_NAME":"BONNIE BRAE","DISTRICT":"Braddock","cx":-77.30569054048273,"cy":38.803967914436015},"id":126},
{"type":"Feature","geometry":{"type":"Polygon","coordinates":[[[-77.19654513,38.92331505],[-77.196864,38.92381844],[-77.19773058,38.92507335],[-77.19845694,38.9259203],[-77.1990969,38.92649306],[-77.19962406,38.92688882],[-77.20031533,38.92734681],[-77.20069157,38.92753632],[-77.20106947,38.92763386],[-77.20190421,38.92793553],[-77.20383179,38.92865291],[-77.20523604,38.92915031],[-77.20580158,38.92937073],[-77.20803719,38.93016694],[-77.21004497,38.93092767],[-77.2104657,38.93106849],[-77.21123767,38.92970369],[-77.21190307,38.92867163],[-77.21321757,38.92672953],[-77.21380375,38.92579957],[-77.21435835,38.92485478],[-77.21490512,38.92383256],[-77.21546837,38.92266213],[-77.21578135,38.92194278],[-77.21616142,38.92098423],[-77.216527,38.91995522],[-77.21692382,38.91865687],[-77.2172532,38.91734706],[-77.21746779,38.91629239],[-77.21763865,38.91523286],[-77.21773799,38.91443568],[-77.21784853,38.91310363],[-77.21789014,38.91176917],[-77.2178629,38.91043457],[-77.21593795,38.90936907],[-77.21544924,38.90988813],[-77.21493126,38.91055111],[-77.21457162,38.91120347],[-77.21434751,38.91154976],[-77.2141695,38.91148053],[-77.21296874,38.91336898],[-77.21278989,38.91373773],[-77.21232155,38.91398248],[-77.21176365,38.91432099],[-77.21089059,38.91478921],[-77.20975342,38.9154797],[-77.20919453,38.91587173],[-77.2085622,38.91624236],[-77.20651512,38.91748986],[-77.20475973,38.91854146],[-77.20350156,38.91930744],[-77.20285183,38.91966549],[-77.20267512,38.91971846],[-77.20060019,38.92093946],[-77.20049306,38.92103164],[-77.19977506,38.92146992],[-77.19826539,38.92233604],[-77.19787081,38.92257744],[-77.19654513,38.92331505]]]},"properties":{"PREC_IDENT":726,"PREC_NAME":"MAGARITY","DISTRICT":"Providence","cx":-77.20927316646075,"cy":38.922189530145374},"id":726},
{"type":"Feature","geometry":{"type":"Polygon","coordinates":[[[-77.4575224,38.82561788],[-77.45156962,38.82198908],[-77.45075819,38.82234538],[-77.45015665,38.82240456],[-77.44966391,38.82258349],[-77.44955696,38.82239049],[-77.44899086,38.82199239],[-77.44861984,38.82191659],[-77.4482041,38.82196795],[-77.44672125,38.82098984],[-77.44617298,38.82055792],[-77.44516176,38.81962345],[-77.44491106,38.81948527],[-77.4447376,38.81982421],[-77.44422826,38.82056653],[-77.44404059,38.82091632],[-77.44371295,38.82171382],[-77.44346675,38.82222373],[-77.44317876,38.82271129],[-77.44296655,38.82329701],[-77.44263676,38.82376222],[-77.44211993,38.8242944],[-77.44167945,38.8246474],[-77.44136431,38.82507019],[-77.44117453,38.82556137],[-77.44117844,38.82625269],[-77.44032634,38.8264275],[-77.4397696,38.82649811],[-77.43942105,38.82659909],[-77.43803306,38.82720528],[-77.43735496,38.82739814],[-77.43638921,38.8274605],[-77.43594608,38.8280335],[-77.4350543,38.82922539],[-77.43440567,38.83011606],[-77.43357838,38.83121654],[-77.43315645,38.83173306],[-77.43265434,38.83244794],[-77.43234358,38.83304236],[-77.43218292,38.83345828],[-77.43205185,38.83400903],[-77.43203168,38.83465689],[-77.43226677,38.83655511],[-77.43229244,38.83695351],[-77.43227777,38.83746824],[-77.43215643,38.83830877],[-77.43203802,38.83871547],[-77.43399783,38.83867012],[-77.43535408,38.8386028],[-77.43943489,38.83853265],[-77.4404778,38.83852285],[-77.4411424,38.83845333],[-77.44106502,38.83822472],[-77.44091043,38.83799404],[-77.4402848,38.83756414],[-77.44013664,38.83737334],[-77.44004935,38.83710344],[-77.43974469,38.83562337],[-77.43968632,38.83505855],[-77.43977494,38.83452526],[-77.43980232,38.83407399],[-77.44023489,38.83382017],[-77.44063866,38.83379545],[-77.44076768,38.83385016],[-77.44163664,38.83398434],[-77.44206701,38.83394579],[-77.4425584,38.83382889],[-77.44301941,38.83361241],[-77.44328314,38.83353837],[-77.44346785,38.83327811],[-77.44375419,38.83317406],[-77.44394113,38.83304307],[-77.44422263,38.83313086],[-77.44462129,38.83307547],[-77.44492873,38.83296756],[-77.44528023,38.83307849],[-77.44561042,38.83305506],[-77.44658053,38.83315732],[-77.44723347,38.83334373],[-77.44745529,38.83332653],[-77.4475794,38.83350583],[-77.44787691,38.83341355],[-77.4481928,38.83343524],[-77.44877563,38.833647],[-77.44892118,38.83382277],[-77.44934029,38.83394272],[-77.44960542,38.83407976],[-77.45009332,38.83355396],[-77.45117162,38.83231832],[-77.45476542,38.82829598],[-77.45535725,38.82767105],[-77.45648624,38.82655801],[-77.45747841,38.8256565],[-77.4575224,38.82561788]]]},"properties":{"PREC_IDENT":901,"PREC_NAME":"CENTRE RIDGE","DISTRICT":"Sully","cx":-77.44594702346846,"cy":38.827980169998},"id":901},
{"type":"Feature","geometry":{"type":"Polygon","coordinates":[[[-77.09531461,38.76189617],[-77.0953073,38.76207776],[-77.09486319,38.76453726],[-77.09479631,38.76469176],[-77.0945373,38.76501376],[-77.09404604,38.76578657],[-77.0936707,38.7663258],[-77.09365146,38.76659195],[-77.09384923,38.76706116],[-77.0941373,38.76754076],[-77.0941543,38.76794976],[-77.09378102,38.76911308],[-77.09372332,38.76955177],[-77.09372407,38.77327828],[-77.09375945,38.7734421],[-77.09620058,38.77292487],[-77.09711686,38.77270928],[-77.09807118,38.7725216],[-77.10006177,38.77207991],[-77.10051582,38.77200157],[-77.10192908,38.7716628],[-77.10324912,38.77142727],[-77.10446742,38.77119188],[-77.10592207,38.77088788],[-77.10801135,38.77041703],[-77.10903577,38.77022872],[-77.11051139,38.76992629],[-77.111445,38.76971766],[-77.11281151,38.76943313],[-77.11344935,38.7692814],[-77.11572139,38.76878648],[-77.1168671,38.76849106],[-77.11830956,38.76808517],[-77.11882408,38.76796079],[-77.12038655,38.76751509],[-77.12063029,38.76742596],[-77.12084336,38.76747241],[-77.12121166,38.76729],[-77.12151053,38.7671391],[-77.12107066,38.76675837],[-77.12081598,38.76665857],[-77.1208705,38.76644078],[-77.12066674,38.76634914],[-77.1204994,38.7660709],[-77.12054559,38.76568964],[-77.12038581,38.76514184],[-77.12016692,38.76497028],[-77.12023229,38.76479732],[-77.12043599,38.76475213],[-77.12061534,38.76457718],[-77.12043432,38.76445273],[-77.12029616,38.76413566],[-77.12038804,38.76403038],[-77.1203286,38.76382331],[-77.1201277,38.76365371],[-77.12029213,38.76318999],[-77.12005505,38.76295123],[-77.12004909,38.76270764],[-77.12019889,38.76246696],[-77.12015857,38.76226363],[-77.12040945,38.76227853],[-77.12042776,38.76206399],[-77.12064116,38.7619503],[-77.12098552,38.76164546],[-77.12100591,38.76154336],[-77.12122413,38.76134519],[-77.1214122,38.76128075],[-77.12145802,38.7610867],[-77.12188349,38.76101489],[-77.12182064,38.76085181],[-77.12190384,38.76070261],[-77.12215801,38.76069809],[-77.1221551,38.76053267],[-77.12226788,38.76030779],[-77.12238623,38.76024095],[-77.12242614,38.75980281],[-77.12232819,38.75958849],[-77.12258616,38.75933534],[-77.12259698,38.75909669],[-77.12273808,38.75874322],[-77.12296224,38.75844556],[-77.12286953,38.75822857],[-77.12298217,38.75792788],[-77.12322063,38.75797262],[-77.12329326,38.75773488],[-77.12352869,38.75779271],[-77.12351111,38.75749254],[-77.123714,38.75734801],[-77.12371187,38.75704511],[-77.12386068,38.75696113],[-77.12371671,38.75674488],[-77.12395943,38.75667795],[-77.12382667,38.75649834],[-77.12394346,38.75636939],[-77.12353682,38.75613298],[-77.12332646,38.75621754],[-77.12309374,38.75608375],[-77.12297088,38.75591506],[-77.12306956,38.75543994],[-77.12277984,38.75507831],[-77.12236107,38.75478288],[-77.12202954,38.75439178],[-77.12191763,38.75321627],[-77.12208922,38.75295637],[-77.12236254,38.75176027],[-77.12222535,38.75156035],[-77.12262149,38.75019387],[-77.12247016,38.74939245],[-77.12315741,38.74871821],[-77.12595244,38.74581139],[-77.12831374,38.74603121],[-77.13042997,38.74412446],[-77.13217176,38.74256584],[-77.13281561,38.74170677],[-77.13287895,38.74125336],[-77.13224307,38.73983988],[-77.12757566,38.74078354],[-77.12739006,38.74020154],[-77.12667045,38.74106808],[-77.12049614,38.74235533],[-77.1167212,38.74308113],[-77.11374477,38.74364985],[-77.10942301,38.744505],[-77.10488757,38.74538918],[-77.10371208,38.74560582],[-77.09836265,38.74663028],[-77.09587489,38.74711367],[-77.09409828,38.74748106],[-77.09344863,38.7500831],[-77.09315736,38.7515186],[-77.09260416,38.75381584],[-77.09155277,38.75786862],[-77.09107153,38.7598718],[-77.0918421,38.75993831],[-77.09358822,38.76014464],[-77.09376017,38.76013983],[-77.09557252,38.76036752],[-77.09531461,38.76189617]]]},"properties":{"PREC_IDENT":424,"PREC_NAME":"HUNTLEY","DISTRICT":"Franconia","cx":-77.1089262297496,"cy":38.75650812414349},"id":424},
{"type":"Feature","geometry":{"type":"Polygon","coordinates":[[[-77.18636068,38.81192582],[-77.18635196,38.81182686],[-77.18055697,38.81184284],[-77.18008983,38.81186093],[-77.17436843,38.81188293],[-77.17377575,38.81185701],[-77.17280694,38.81190409],[-77.17212313,38.81201955],[-77.17170931,38.81219062],[-77.17081631,38.81303042],[-77.17057596,38.8133815],[-77.17005209,38.8144964],[-77.16972449,38.81493892],[-77.16860999,38.81598489],[-77.16800104,38.81664527],[-77.16754123,38.81702313],[-77.16715293,38.81714092],[-77.16631127,38.81728925],[-77.16591288,38.81738358],[-77.16560845,38.81752154],[-77.16536489,38.81778377],[-77.1643835,38.81997083],[-77.16392687,38.82111898],[-77.16336504,38.82263802],[-77.16785894,38.82373812],[-77.17033987,38.82435666],[-77.17414889,38.82529635],[-77.17513117,38.82552164],[-77.17645078,38.82592098],[-77.17943121,38.82687448],[-77.18006245,38.82710127],[-77.18104653,38.82742264],[-77.18187761,38.82766402],[-77.18285938,38.82792081],[-77.1855059,38.82852167],[-77.18554376,38.82779576],[-77.18572992,38.82702346],[-77.18569142,38.82682531],[-77.18546585,38.82649051],[-77.18561322,38.82630268],[-77.18690782,38.82500182],[-77.18719073,38.82469605],[-77.18729104,38.82439373],[-77.18742162,38.82339563],[-77.18751738,38.82314955],[-77.18779453,38.82277507],[-77.18804266,38.82264329],[-77.188279,38.82296447],[-77.18866664,38.82326675],[-77.18893842,38.82337826],[-77.18941077,38.82346317],[-77.18968868,38.82343058],[-77.1901235,38.8232638],[-77.19054503,38.82324791],[-77.19149367,38.82339442],[-77.19184504,38.82337637],[-77.19218404,38.82326619],[-77.19149474,38.82198708],[-77.19048529,38.82017166],[-77.19020271,38.81969069],[-77.18962539,38.81881924],[-77.18856048,38.81735468],[-77.18795562,38.81664767],[-77.18700467,38.81567316],[-77.18679231,38.8153852],[-77.186594,38.81490516],[-77.186499,38.8141503],[-77.18645608,38.81361846],[-77.1864126,38.81234929],[-77.18636068,38.81192582]]]},"properties":{"PREC_IDENT":523,"PREC_NAME":"POE","DISTRICT":"Mason","cx":-77.17819669222975,"cy":38.81941438865878},"id":523},
{"type":"Feature","geometry":{"type":"Polygon","coordinates":[[[-77.26194822,38.86503191],[-77.26526816,38.8649886],[-77.2698803,38.86487784],[-77.26888648,38.86270211],[-77.26862829,38.85994105],[-77.26907771,38.85831052],[-77.2698125,38.85560105],[-77.26884587,38.8544225],[-77.26924777,38.85371824],[-77.26900853,38.85230978],[-77.26921505,38.85199431],[-77.26695395,38.85211796],[-77.26630326,38.85217703],[-77.26531086,38.85229841],[-77.2639715,38.85237905],[-77.26283354,38.85238766],[-77.25939868,38.85261228],[-77.25912746,38.85265884],[-77.25866081,38.85283789],[-77.25795149,38.85303771],[-77.25753128,38.85337377],[-77.25673224,38.85388705],[-77.25650944,38.85397669],[-77.25647422,38.85377997],[-77.25648563,38.85312105],[-77.25640575,38.85266437],[-77.25640633,38.85242822],[-77.25659054,38.85132215],[-77.25686906,38.84983951],[-77.25592964,38.84974169],[-77.25542769,38.8497295],[-77.25373769,38.84978159],[-77.25344145,38.84965213],[-77.25331173,38.84943794],[-77.25306507,38.84928429],[-77.25278123,38.8492497],[-77.24956687,38.84932122],[-77.24915319,38.84948295],[-77.24884037,38.8499025],[-77.24850696,38.85009254],[-77.24832382,38.85012354],[-77.24717464,38.85017307],[-77.24741285,38.85181635],[-77.24747046,38.85233871],[-77.24745884,38.8526022],[-77.24736135,38.85295677],[-77.24724155,38.85318067],[-77.24620649,38.85473622],[-77.24541974,38.85594704],[-77.24457601,38.85720119],[-77.24306478,38.85946833],[-77.24272182,38.86000013],[-77.24212469,38.86100563],[-77.24189432,38.86152491],[-77.24103774,38.86390475],[-77.24079622,38.86425777],[-77.24018636,38.86538533],[-77.24163745,38.86535833],[-77.24236438,38.86536612],[-77.24553343,38.86531626],[-77.24606727,38.86531922],[-77.24918737,38.86525639],[-77.25177014,38.86518914],[-77.25318948,38.86516989],[-77.25482989,38.86516258],[-77.25872671,38.86507066],[-77.26194822,38.86503191]]]},"properties":{"PREC_IDENT":707,"PREC_NAME":"MANTUA","DISTRICT":"Providence","cx":-77.25361242530062,"cy":38.85920238058024},"id":707},
{"type":"Feature","geometry":{"type":"Polygon","coordinates":[[[-77.43638921,38.8274605],[-77.43644349,38.82739545],[-77.43550144,38.82724275],[-77.43501086,38.82718338],[-77.43450192,38.82717876],[-77.43242604,38.82749627],[-77.42829931,38.8280971],[-77.42596969,38.82847671],[-77.41868024,38.82954425],[-77.41469007,38.83012624],[-77.41444403,38.83014593],[-77.41268454,38.83042346],[-77.41185112,38.83051596],[-77.41160989,38.83068123],[-77.41055366,38.83111353],[-77.40887278,38.83175969],[-77.40855199,38.83184595],[-77.40793654,38.83191711],[-77.40757015,38.83200158],[-77.40733683,38.83210787],[-77.40699144,38.83242593],[-77.40627844,38.83360006],[-77.40597906,38.83389383],[-77.40596726,38.83399067],[-77.40593062,38.83453868],[-77.40570188,38.83572555],[-77.40553813,38.83633363],[-77.40525131,38.83764489],[-77.40487594,38.83969675],[-77.40484318,38.84000262],[-77.40709117,38.83994393],[-77.40750552,38.83994093],[-77.40860245,38.83984404],[-77.41030161,38.83962505],[-77.41272179,38.83932347],[-77.41474052,38.83909913],[-77.41568215,38.83905429],[-77.41609992,38.83905677],[-77.41837942,38.83900092],[-77.42001599,38.83897205],[-77.42187777,38.83890953],[-77.42392879,38.83887069],[-77.42598992,38.83885936],[-77.42835045,38.83878346],[-77.43138784,38.83872396],[-77.43203802,38.83871547],[-77.43215643,38.83830877],[-77.43227777,38.83746824],[-77.43229244,38.83695351],[-77.43226677,38.83655511],[-77.43203168,38.83465689],[-77.43205185,38.83400903],[-77.43218292,38.83345828],[-77.43234358,38.83304236],[-77.43265434,38.83244794],[-77.43315645,38.83173306],[-77.43357838,38.83121654],[-77.43440567,38.83011606],[-77.4350543,38.82922539],[-77.43594608,38.8280335],[-77.43638921,38.8274605]]]},"properties":{"PREC_IDENT":918,"PREC_NAME":"CENTREVILLE","DISTRICT":"Sully","cx":-77.42036854082522,"cy":38.83410495361075},"id":918},
{"type":"Feature","geometry":{"type":"Polygon","coordinates":[[[-77.21818433,38.89042707],[-77.21425841,38.88939582],[-77.21366355,38.88952352],[-77.21305831,38.88976952],[-77.21152783,38.89066716],[-77.21121199,38.89084081],[-77.20342535,38.89533271],[-77.20270415,38.89576822],[-77.20058404,38.89699971],[-77.20016201,38.89721335],[-77.19807401,38.89841357],[-77.19776807,38.89861888],[-77.19716855,38.89896185],[-77.19927991,38.90031893],[-77.19978732,38.90063072],[-77.20054071,38.90113746],[-77.20147934,38.90170115],[-77.20272656,38.90250773],[-77.20332411,38.9028776],[-77.20391355,38.90331934],[-77.20448389,38.903846],[-77.20504603,38.90443846],[-77.20604346,38.90544762],[-77.20665516,38.90602141],[-77.20703002,38.90628229],[-77.20766368,38.90661328],[-77.20812497,38.9067584],[-77.2107881,38.9073904],[-77.21216005,38.90770888],[-77.2127757,38.90787077],[-77.21338034,38.90805863],[-77.21438417,38.90852408],[-77.21538693,38.90904992],[-77.21593795,38.90936907],[-77.2178629,38.91043457],[-77.21783408,38.9101723],[-77.21743212,38.90729699],[-77.2172431,38.90646838],[-77.21689358,38.90518219],[-77.2163651,38.903489],[-77.21555881,38.90121886],[-77.21524511,38.90029004],[-77.21509498,38.8996472],[-77.21499192,38.89892663],[-77.21495061,38.89829047],[-77.21497008,38.89759595],[-77.21502296,38.8969979],[-77.21514237,38.8962166],[-77.21528232,38.89566207],[-77.21571568,38.89442012],[-77.2159711,38.89389157],[-77.21644237,38.89308253],[-77.21695078,38.89216131],[-77.21736376,38.89146696],[-77.21797602,38.89066605],[-77.21818433,38.89042707]]]},"properties":{"PREC_IDENT":708,"PREC_NAME":"MARSHALL","DISTRICT":"Providence","cx":-77.20944336640788,"cy":38.899463190361246},"id":708},
{"type":"Feature","geometry":{"type":"Polygon","coordinates":[[[-77.24708796,38.88994522],[-77.2475338,38.89030274],[-77.24774456,38.88985425],[-77.24785351,38.88973387],[-77.24798116,38.88933871],[-77.2482467,38.88899176],[-77.24838655,38.88860035],[-77.24828176,38.88844192],[-77.24857337,38.88817496],[-77.24842728,38.88787892],[-77.24855933,38.88764615],[-77.2487675,38.88750967],[-77.24871725,38.88736285],[-77.24880183,38.88688251],[-77.24962263,38.88704501],[-77.24938411,38.88802965],[-77.24939078,38.88825215],[-77.24957205,38.88853554],[-77.249798,38.88867525],[-77.25003236,38.88873541],[-77.25039806,38.8887187],[-77.25332004,38.88798362],[-77.25402594,38.8877989],[-77.25444031,38.8876097],[-77.25470734,38.88740658],[-77.2557925,38.88642266],[-77.256245,38.88666773],[-77.25762511,38.88711208],[-77.25778806,38.88683234],[-77.25838175,38.88622764],[-77.26111487,38.88360113],[-77.26185036,38.88291964],[-77.26210607,38.88276033],[-77.26265163,38.88270154],[-77.26311128,38.88273522],[-77.26385027,38.88286931],[-77.26410987,38.88289127],[-77.26620032,38.88288716],[-77.2673111,38.88305672],[-77.26780299,38.88305501],[-77.26761762,38.88300639],[-77.26672236,38.88092652],[-77.26497563,38.88137498],[-77.26320391,38.88184649],[-77.25874512,38.8806585],[-77.25442937,38.87953775],[-77.25285107,38.87911051],[-77.25072638,38.87854006],[-77.24970008,38.87896976],[-77.24701746,38.87989964],[-77.24518393,38.88309562],[-77.24298764,38.88693437],[-77.24228708,38.88821611],[-77.243796,38.88872517],[-77.2447116,38.88900818],[-77.24690201,38.88972905],[-77.24716695,38.88984858],[-77.24708796,38.88994522]]]},"properties":{"PREC_IDENT":216,"PREC_NAME":"VIENNA #4","DISTRICT":"Hunter Mill","cx":-77.25246538675803,"cy":38.88392632355383},"id":216},
{"type":"Feature","geometry":{"type":"Polygon","coordinates":[[[-77.15632763,38.87237843],[-77.15618257,38.87225742],[-77.15616882,38.87225441],[-77.15569171,38.87214964],[-77.15430308,38.87031034],[-77.15077729,38.86577598],[-77.14941652,38.86398639],[-77.14770645,38.86182547],[-77.14751612,38.86157408],[-77.14597561,38.8628044],[-77.14667175,38.86332594],[-77.14642131,38.86356883],[-77.14525808,38.864533],[-77.14437529,38.86347932],[-77.14387341,38.86290097],[-77.14352854,38.86275007],[-77.14195462,38.86407058],[-77.14107683,38.86498172],[-77.14133072,38.8651151],[-77.14216825,38.86540351],[-77.14285162,38.86548555],[-77.14342718,38.86606887],[-77.14268141,38.86668498],[-77.14184819,38.86635406],[-77.1410094,38.86613154],[-77.14094812,38.8665853],[-77.14030081,38.86645286],[-77.13970866,38.86637598],[-77.13896807,38.8663468],[-77.13840916,38.86636915],[-77.13787591,38.86639332],[-77.1397039,38.86781294],[-77.14083,38.86870427],[-77.14330601,38.87062042],[-77.14510589,38.87203619],[-77.14702385,38.87352744],[-77.1490559,38.87512019],[-77.14970007,38.8756109],[-77.14981544,38.87340029],[-77.15131725,38.87349033],[-77.15225107,38.87333491],[-77.15395584,38.87271738],[-77.15409433,38.87257478],[-77.15486433,38.87228478],[-77.15514133,38.87212278],[-77.15580433,38.87229478],[-77.15632763,38.87237843]]]},"properties":{"PREC_IDENT":517,"PREC_NAME":"WILLSTON","DISTRICT":"Mason","cx":-77.14741582977841,"cy":38.86856120547189},"id":517},
{"type":"Feature","geometry":{"type":"Polygon","coordinates":[[[-77.31207176,38.92344056],[-77.31198276,38.92371556],[-77.31176176,38.92408856],[-77.31146776,38.92431756],[-77.31106476,38.92449756],[-77.31077476,38.92481056],[-77.31095476,38.92499256],[-77.31090274,38.92518306],[-77.31053026,38.92524445],[-77.31033194,38.92509575],[-77.31012378,38.92513069],[-77.31031707,38.92546842],[-77.31029795,38.92557855],[-77.30996987,38.92566272],[-77.30983976,38.92586556],[-77.30995676,38.92612456],[-77.30975376,38.92622656],[-77.30962376,38.92646756],[-77.30972476,38.92656656],[-77.31013676,38.92652256],[-77.31025622,38.92658442],[-77.31024066,38.92676411],[-77.30983081,38.92678951],[-77.30969399,38.92684455],[-77.31006364,38.92739061],[-77.31001682,38.92763376],[-77.30980259,38.92783737],[-77.30950091,38.92798251],[-77.30943927,38.92833502],[-77.30980523,38.92849132],[-77.30998426,38.92896447],[-77.31017907,38.92903761],[-77.31044664,38.92928534],[-77.31061597,38.92967494],[-77.31055398,38.92996503],[-77.31032603,38.93005383],[-77.30955637,38.93023024],[-77.30876204,38.93029081],[-77.30839433,38.93036427],[-77.30794467,38.93039467],[-77.30756683,38.93036589],[-77.30703184,38.93025654],[-77.30669717,38.93011016],[-77.306515,38.93009271],[-77.30629259,38.93023305],[-77.3057296,38.93017252],[-77.30510538,38.92994578],[-77.30483238,38.93140978],[-77.30482838,38.93167878],[-77.30504138,38.93279478],[-77.30507438,38.93367678],[-77.30491638,38.93439778],[-77.30486638,38.93502678],[-77.30498238,38.93570678],[-77.30524438,38.93630678],[-77.30550838,38.93669778],[-77.30566638,38.93700378],[-77.30609338,38.93810678],[-77.30634938,38.93887278],[-77.30681738,38.93980978],[-77.30702138,38.94005978],[-77.30799738,38.94111378],[-77.30869338,38.94192978],[-77.30914838,38.94238378],[-77.30950638,38.94252478],[-77.31043738,38.94253078],[-77.31265338,38.94262678],[-77.31266438,38.94333578],[-77.31252538,38.94456278],[-77.31248638,38.94551578],[-77.31242338,38.94591178],[-77.31212638,38.94665679],[-77.31202738,38.94704878],[-77.31199147,38.94746564],[-77.31199366,38.9474652],[-77.31268928,38.94731386],[-77.31381981,38.94699439],[-77.31500814,38.94658076],[-77.31621309,38.94622494],[-77.31831257,38.94557057],[-77.31965176,38.94517488],[-77.32051685,38.94495565],[-77.3213567,38.94477461],[-77.3225768,38.94456304],[-77.32427501,38.94435625],[-77.32518044,38.94432687],[-77.3246749,38.94386814],[-77.32414327,38.94343072],[-77.32367631,38.94309826],[-77.32295523,38.94266148],[-77.32239667,38.9423767],[-77.3216405,38.94205431],[-77.32149377,38.94202557],[-77.32227077,38.94135557],[-77.32262877,38.94114657],[-77.32307477,38.94097057],[-77.32382077,38.94080657],[-77.32425877,38.94079357],[-77.32497477,38.94089757],[-77.32688578,38.94137457],[-77.32852578,38.94166357],[-77.32923678,38.94173157],[-77.32928178,38.94119157],[-77.32917978,38.94072257],[-77.32884578,38.93986357],[-77.32874878,38.93943557],[-77.32882878,38.93883057],[-77.32895778,38.93848057],[-77.32829078,38.93829357],[-77.32784778,38.93801957],[-77.32763478,38.93779457],[-77.32748078,38.93753257],[-77.32740377,38.93727357],[-77.32734378,38.93674256],[-77.32725678,38.93645057],[-77.32709478,38.93618056],[-77.32668077,38.93564156],[-77.32654777,38.93532156],[-77.32643577,38.93488356],[-77.32631377,38.93459556],[-77.32614777,38.93435656],[-77.32572777,38.93393056],[-77.32544377,38.93345756],[-77.32521087,38.9326826],[-77.32502477,38.93206256],[-77.32492477,38.93184256],[-77.32350377,38.92966056],[-77.32338777,38.92936656],[-77.32334177,38.92903356],[-77.32335777,38.92867056],[-77.32346777,38.92811556],[-77.32376577,38.92759156],[-77.32372677,38.92720056],[-77.32333577,38.92726556],[-77.32284877,38.92726656],[-77.32229977,38.92707756],[-77.31984377,38.92575156],[-77.31829177,38.92496056],[-77.31795577,38.92480456],[-77.31723477,38.92438856],[-77.31691077,38.92425556],[-77.31642977,38.92418556],[-77.31591677,38.92423656],[-77.31543577,38.92434556],[-77.31494377,38.92430456],[-77.31425777,38.92407456],[-77.31299276,38.92380056],[-77.31255976,38.92365556],[-77.31207176,38.92344056]]]},"properties":{"PREC_IDENT":227,"PREC_NAME":"SUNRISE VALLEY #1","DISTRICT":"Hunter Mill","cx":-77.31628818780963,"cy":38.935382675245},"id":227},
{"type":"Feature","geometry":{"type":"Polygon","coordinates":[[[-77.21797602,38.89066605],[-77.21736376,38.89146696],[-77.21695078,38.89216131],[-77.21644237,38.89308253],[-77.2159711,38.89389157],[-77.21571568,38.89442012],[-77.21528232,38.89566207],[-77.21514237,38.8962166],[-77.21502296,38.8969979],[-77.21497008,38.89759595],[-77.21495061,38.89829047],[-77.21499192,38.89892663],[-77.21509498,38.8996472],[-77.21524511,38.90029004],[-77.21555881,38.90121886],[-77.2163651,38.903489],[-77.21689358,38.90518219],[-77.2172431,38.90646838],[-77.21743212,38.90729699],[-77.21783408,38.9101723],[-77.2178629,38.91043457],[-77.21833735,38.91072424],[-77.21952085,38.91136735],[-77.22044612,38.91183031],[-77.22098223,38.91081622],[-77.22121109,38.91020224],[-77.22145697,38.9100127],[-77.22133095,38.90978753],[-77.22187978,38.90768323],[-77.2221886,38.90761243],[-77.2223776,38.90765567],[-77.22478493,38.90805665],[-77.22545228,38.908079],[-77.22595332,38.90816544],[-77.22659916,38.90840997],[-77.22701531,38.90852706],[-77.22818356,38.90606833],[-77.22853104,38.90530047],[-77.22944801,38.90472137],[-77.23130803,38.90486642],[-77.23176235,38.90501],[-77.23357681,38.90614444],[-77.23415796,38.90647061],[-77.23497311,38.9068803],[-77.23629855,38.90425843],[-77.23676673,38.90341633],[-77.23701582,38.90304143],[-77.23681815,38.90289102],[-77.23585753,38.90156536],[-77.23549462,38.90142004],[-77.23553064,38.90117054],[-77.23830533,38.90165484],[-77.23878192,38.90173135],[-77.23933351,38.90173864],[-77.23981241,38.90168337],[-77.24242959,38.90088772],[-77.24246998,38.90063268],[-77.24281778,38.89743046],[-77.24211137,38.89699165],[-77.24206266,38.89706928],[-77.24136225,38.89672361],[-77.24052703,38.89638658],[-77.23976214,38.8961255],[-77.23499331,38.89485901],[-77.22886957,38.89325024],[-77.22490601,38.89220502],[-77.22492538,38.89249976],[-77.21968844,38.89112332],[-77.21797602,38.89066605]]]},"properties":{"PREC_IDENT":733,"PREC_NAME":"KILMER","DISTRICT":"Providence","cx":-77.22512865429988,"cy":38.8993431994211},"id":733},
{"type":"Feature","geometry":{"type":"Polygon","coordinates":[[[-77.44868982,38.81001527],[-77.44859271,38.81064199],[-77.4484367,38.8112296],[-77.44821498,38.81175072],[-77.44777781,38.81236465],[-77.44517935,38.81579711],[-77.44455635,38.81663314],[-77.44305671,38.81860223],[-77.44291035,38.81876842],[-77.44223701,38.81968224],[-77.44169719,38.82034739],[-77.43991618,38.8227725],[-77.44137219,38.8218742],[-77.44163092,38.82166341],[-77.44191079,38.82154117],[-77.44203457,38.82181481],[-77.44205265,38.82202209],[-77.44191885,38.8223749],[-77.44143689,38.82321078],[-77.4408908,38.8230408],[-77.44069221,38.82304095],[-77.43985835,38.82285126],[-77.43950851,38.82332759],[-77.43828458,38.82491193],[-77.43790794,38.82545634],[-77.43748567,38.82600034],[-77.43644349,38.82739545],[-77.43638921,38.8274605],[-77.43735496,38.82739814],[-77.43803306,38.82720528],[-77.43942105,38.82659909],[-77.4397696,38.82649811],[-77.44032634,38.8264275],[-77.44117844,38.82625269],[-77.44117453,38.82556137],[-77.44136431,38.82507019],[-77.44167945,38.8246474],[-77.44211993,38.8242944],[-77.44263676,38.82376222],[-77.44296655,38.82329701],[-77.44317876,38.82271129],[-77.44346675,38.82222373],[-77.44371295,38.82171382],[-77.44404059,38.82091632],[-77.44422826,38.82056653],[-77.4447376,38.81982421],[-77.44491106,38.81948527],[-77.44516176,38.81962345],[-77.44617298,38.82055792],[-77.44672125,38.82098984],[-77.4482041,38.82196795],[-77.44861984,38.82191659],[-77.44899086,38.82199239],[-77.44955696,38.82239049],[-77.44966391,38.82258349],[-77.45015665,38.82240456],[-77.45075819,38.82234538],[-77.45156962,38.82198908],[-77.4575224,38.82561788],[-77.45799075,38.82520664],[-77.45945425,38.8240169],[-77.46074593,38.82305353],[-77.46152608,38.82250713],[-77.46281957,38.82165771],[-77.46357044,38.82119204],[-77.46486442,38.82042675],[-77.46346442,38.81951075],[-77.46307942,38.81931275],[-77.46266642,38.81916775],[-77.46221142,38.81907675],[-77.46136142,38.81898075],[-77.45995342,38.81858675],[-77.45973342,38.81854475],[-77.45967742,38.81830875],[-77.45917842,38.81741875],[-77.45890742,38.81698075],[-77.45741042,38.81443175],[-77.45735442,38.81420775],[-77.45680942,38.81329475],[-77.45626442,38.81242875],[-77.45593542,38.81183275],[-77.45571642,38.81166175],[-77.45528542,38.81149075],[-77.45458042,38.81130675],[-77.45386442,38.81115875],[-77.45336542,38.81112375],[-77.45229342,38.81120775],[-77.45188042,38.81115875],[-77.45116442,38.81088675],[-77.45105442,38.81087975],[-77.45015042,38.81049175],[-77.44979542,38.81017175],[-77.44973042,38.81000775],[-77.44941342,38.81003175],[-77.44907242,38.80988975],[-77.44887842,38.81001675],[-77.44868982,38.81001527]]]},"properties":{"PREC_IDENT":925,"PREC_NAME":"OLD MILL","DISTRICT":"Sully","cx":-77.45205892164634,"cy":38.8171317903929},"id":925},
{"type":"Feature","geometry":{"type":"Polygon","coordinates":[[[-77.1809136,38.77869681],[-77.18066072,38.77963664],[-77.18040242,38.78052072],[-77.17996277,38.78180304],[-77.18046933,38.78197176],[-77.18006833,38.78318576],[-77.17972833,38.78413976],[-77.17972033,38.78432576],[-77.18006633,38.78598276],[-77.18011233,38.78660476],[-77.18023933,38.78705276],[-77.18013833,38.78750376],[-77.17939333,38.78884676],[-77.17937433,38.78922676],[-77.17948533,38.78942876],[-77.17985133,38.78981976],[-77.18006733,38.78999876],[-77.18044133,38.79020576],[-77.18098933,38.79038676],[-77.18065933,38.79111276],[-77.18097133,38.79122876],[-77.18156733,38.79137876],[-77.18186634,38.79148676],[-77.18221133,38.79167376],[-77.18290333,38.79223076],[-77.18315933,38.79238476],[-77.18348833,38.79249876],[-77.18391834,38.79259076],[-77.18375033,38.79308176],[-77.18350533,38.79345676],[-77.18387833,38.79364776],[-77.18544934,38.79422776],[-77.18624634,38.79433476],[-77.18614026,38.79513611],[-77.18737226,38.79556095],[-77.18827592,38.79584429],[-77.18960954,38.79621894],[-77.19039198,38.79641578],[-77.1920661,38.79678458],[-77.19353955,38.79712702],[-77.19498176,38.7965362],[-77.19892479,38.79497144],[-77.20107456,38.79410824],[-77.20133279,38.79395814],[-77.20102962,38.793604],[-77.20007866,38.7938008],[-77.19952016,38.79383305],[-77.19898387,38.79380102],[-77.19800864,38.79359385],[-77.19734681,38.79351923],[-77.19615046,38.79350868],[-77.19552998,38.79347569],[-77.19484061,38.79337191],[-77.19398868,38.79313863],[-77.19320884,38.79280041],[-77.19224326,38.79225691],[-77.19174588,38.79201657],[-77.19106336,38.79173023],[-77.19037995,38.7914933],[-77.19044049,38.79125233],[-77.19052291,38.79058046],[-77.19055049,38.78964436],[-77.19054043,38.78904148],[-77.19048141,38.78862204],[-77.19050847,38.78829282],[-77.19059225,38.78793127],[-77.19059802,38.78742194],[-77.19052805,38.78702572],[-77.19053593,38.7865933],[-77.19076511,38.7853766],[-77.19080351,38.78500219],[-77.19071137,38.78466751],[-77.19059528,38.78449184],[-77.18918899,38.78287845],[-77.1894011,38.78283223],[-77.18972726,38.78264639],[-77.19017175,38.78232045],[-77.19080023,38.78171647],[-77.19119218,38.78119222],[-77.19142457,38.78076093],[-77.19156043,38.7804288],[-77.19169587,38.77992641],[-77.19174857,38.77953705],[-77.1917173,38.77874995],[-77.19155257,38.77816319],[-77.19042285,38.77836066],[-77.18747468,38.7788165],[-77.18544861,38.77910824],[-77.18431113,38.77915315],[-77.1836629,38.77911018],[-77.1809136,38.77869681]]]},"properties":{"PREC_IDENT":418,"PREC_NAME":"LYNBROOK #1","DISTRICT":"Franconia","cx":-77.18589713959364,"cy":38.78766657613491},"id":418},
{"type":"Feature","geometry":{"type":"Polygon","coordinates":[[[-77.21075945,38.88887561],[-77.21148488,38.88890992],[-77.21203159,38.88896308],[-77.2130023,38.88910596],[-77.21425841,38.88939582],[-77.21818433,38.89042707],[-77.21901295,38.88962455],[-77.22017457,38.8887173],[-77.22062488,38.88829108],[-77.22123535,38.88755219],[-77.22171932,38.88681329],[-77.22219798,38.88578051],[-77.22238119,38.88496821],[-77.22244928,38.88449262],[-77.22247961,38.88357854],[-77.22236707,38.88279608],[-77.22221575,38.88221777],[-77.2221148,38.88157411],[-77.22150264,38.87905897],[-77.22072526,38.87576555],[-77.22012013,38.87581598],[-77.21910801,38.8758379],[-77.21866228,38.87581518],[-77.21758905,38.87571834],[-77.21377936,38.87522496],[-77.21196403,38.87498264],[-77.21130739,38.87496719],[-77.2088453,38.87513786],[-77.20752966,38.87523872],[-77.20416712,38.87547215],[-77.20328065,38.87553925],[-77.20174026,38.87563482],[-77.20018548,38.87574943],[-77.19972044,38.87582254],[-77.19857447,38.87605836],[-77.19486735,38.87688359],[-77.19017658,38.87789682],[-77.18965628,38.87809076],[-77.18974055,38.87811164],[-77.19159858,38.88140698],[-77.19227992,38.88259679],[-77.19224458,38.8821629],[-77.19277431,38.88207415],[-77.19387922,38.88193985],[-77.19543892,38.88169974],[-77.1966771,38.88153114],[-77.19845203,38.88152937],[-77.19853884,38.88131521],[-77.19859227,38.88088743],[-77.19888704,38.8809058],[-77.20149268,38.8818183],[-77.2007318,38.88275212],[-77.20696483,38.88708256],[-77.20767184,38.88525452],[-77.20887974,38.88508807],[-77.20953525,38.88730891],[-77.20868944,38.88817536],[-77.20866042,38.88815599],[-77.20803574,38.8887654],[-77.207672,38.88908624],[-77.20771238,38.88919448],[-77.20850432,38.88904058],[-77.20922059,38.88894542],[-77.20996221,38.88888813],[-77.21075945,38.88887561]]]},"properties":{"PREC_IDENT":713,"PREC_NAME":"TIMBER LANE","DISTRICT":"Providence","cx":-77.21398174526634,"cy":38.881509809763514},"id":713},
{"type":"Feature","geometry":{"type":"Polygon","coordinates":[[[-77.09614853,38.71615318],[-77.09584941,38.71800874],[-77.09567223,38.71936322],[-77.09569074,38.71949252],[-77.0955058,38.72070548],[-77.095444,38.7208187],[-77.09533147,38.72155469],[-77.09499747,38.72357873],[-77.0949037,38.72407191],[-77.09471255,38.72488386],[-77.09456327,38.72570591],[-77.09423305,38.72735514],[-77.09394366,38.72834989],[-77.0939034,38.72861579],[-77.09343215,38.73012464],[-77.09337019,38.7304246],[-77.09303607,38.73137488],[-77.09272177,38.73220731],[-77.09269024,38.73238543],[-77.09251476,38.73275268],[-77.09230542,38.73359598],[-77.0922329,38.73371868],[-77.09183153,38.73487823],[-77.09156991,38.73552593],[-77.09136662,38.73588048],[-77.09050695,38.73716633],[-77.09027878,38.73735856],[-77.08992404,38.73756849],[-77.08953854,38.73791674],[-77.08923362,38.73826732],[-77.08901465,38.73870544],[-77.08891418,38.73882232],[-77.0888009,38.73923425],[-77.08901398,38.73909676],[-77.0899817,38.73856192],[-77.09116031,38.73799941],[-77.09311273,38.73695323],[-77.09665269,38.73504453],[-77.09854103,38.73404007],[-77.10030971,38.73305611],[-77.10141524,38.73245692],[-77.10237498,38.73196171],[-77.10292078,38.73165927],[-77.10442249,38.73087666],[-77.10487192,38.73066095],[-77.10711123,38.72944358],[-77.10938695,38.7283337],[-77.11122435,38.7274067],[-77.11196264,38.72705177],[-77.11197794,38.72710286],[-77.11314631,38.72650275],[-77.11375631,38.72623275],[-77.11469531,38.72576875],[-77.11529731,38.72544975],[-77.11682231,38.72471275],[-77.11835831,38.72394275],[-77.12024131,38.72304575],[-77.11986489,38.72234877],[-77.11947567,38.72144159],[-77.11931729,38.72092668],[-77.11815629,38.71822726],[-77.11755422,38.71816791],[-77.11497972,38.71754029],[-77.11445574,38.71744621],[-77.11184631,38.71680875],[-77.11157124,38.71670356],[-77.11018591,38.71638094],[-77.10938999,38.71621222],[-77.10826357,38.71591462],[-77.1062823,38.71542075],[-77.10426183,38.71495117],[-77.10414631,38.71494275],[-77.10304017,38.71468671],[-77.1024953,38.71452875],[-77.1008133,38.71409675],[-77.09871404,38.71544792],[-77.09814024,38.71575412],[-77.0976913,38.71592175],[-77.09690312,38.71610317],[-77.09614853,38.71615318]]]},"properties":{"PREC_IDENT":615,"PREC_NAME":"WOODLEY","DISTRICT":"Mount Vernon","cx":-77.10363070573798,"cy":38.72331881440149},"id":615},
{"type":"Feature","geometry":{"type":"Polygon","coordinates":[[[-77.26766243,38.76535149],[-77.26750481,38.76522797],[-77.26687932,38.76485991],[-77.2666911,38.76468172],[-77.26680072,38.76411993],[-77.26679821,38.76389986],[-77.26667889,38.76380238],[-77.26678093,38.76354203],[-77.26669749,38.76325288],[-77.26673002,38.76280278],[-77.26682635,38.76261652],[-77.26678241,38.76225821],[-77.26648062,38.76198098],[-77.26605295,38.76174459],[-77.26577379,38.76166667],[-77.26598251,38.76129256],[-77.26598443,38.76102119],[-77.26606134,38.7608088],[-77.26599851,38.76061133],[-77.2658025,38.76044883],[-77.26584928,38.76027002],[-77.26574257,38.7601082],[-77.2657565,38.75961693],[-77.26545332,38.75917302],[-77.26526753,38.75913954],[-77.26518623,38.75933284],[-77.26493921,38.75931112],[-77.26493049,38.75896971],[-77.26427737,38.75882798],[-77.26415151,38.75854859],[-77.26378691,38.75823918],[-77.26367639,38.7580489],[-77.2636055,38.75773905],[-77.2634284,38.75737191],[-77.26352209,38.75681994],[-77.26250875,38.75655343],[-77.26183727,38.75609032],[-77.26108931,38.75568552],[-77.26016606,38.75543931],[-77.25887534,38.75523987],[-77.25754353,38.75492175],[-77.25679194,38.754728],[-77.25555391,38.75451747],[-77.25493473,38.75424785],[-77.25463862,38.7540034],[-77.25456432,38.75383725],[-77.25434445,38.75365394],[-77.2539602,38.75363668],[-77.25367721,38.75346101],[-77.25360366,38.75329506],[-77.25344816,38.75330079],[-77.25336305,38.7534865],[-77.25313677,38.75326391],[-77.25281729,38.75310062],[-77.25262657,38.75326633],[-77.25238223,38.75315957],[-77.2523824,38.75294364],[-77.25201351,38.75270901],[-77.25178111,38.75272536],[-77.25171834,38.75287729],[-77.25149135,38.7528177],[-77.25128199,38.75306653],[-77.25108544,38.75308601],[-77.25091373,38.75320307],[-77.25036092,38.75340554],[-77.25020603,38.75353857],[-77.2495856,38.75341463],[-77.24919994,38.75310262],[-77.24859597,38.75308991],[-77.24789016,38.75294661],[-77.24729159,38.75273632],[-77.24690442,38.75274665],[-77.24677278,38.75269879],[-77.24657227,38.75286448],[-77.24589994,38.75291657],[-77.24575502,38.75281469],[-77.24450294,38.75302309],[-77.24434821,38.7529483],[-77.24397006,38.75334891],[-77.24356175,38.75363562],[-77.2428489,38.75409069],[-77.2418147,38.75467138],[-77.24107192,38.75523184],[-77.24043957,38.75549416],[-77.23957903,38.75576913],[-77.23829308,38.75610405],[-77.23795631,38.75630913],[-77.23779585,38.75645981],[-77.23863068,38.75705096],[-77.23967862,38.75789018],[-77.24005796,38.75825811],[-77.24056255,38.75848322],[-77.24145049,38.7586479],[-77.24230846,38.75912257],[-77.24285591,38.75950465],[-77.24340559,38.7599609],[-77.24394028,38.76047191],[-77.24422663,38.76094455],[-77.24432701,38.76122161],[-77.24497831,38.76248766],[-77.24510465,38.76268398],[-77.24573358,38.76322345],[-77.24615315,38.7634998],[-77.24674026,38.76402508],[-77.24702958,38.76432887],[-77.24787915,38.76509037],[-77.24815471,38.76538027],[-77.24855362,38.7656358],[-77.24932579,38.76580743],[-77.25013094,38.76610023],[-77.25078856,38.76620335],[-77.25270312,38.76623609],[-77.25372592,38.76631699],[-77.25466337,38.76646563],[-77.25510637,38.76660763],[-77.25548501,38.76682035],[-77.25656973,38.76758016],[-77.2576999,38.76835006],[-77.25863525,38.76902863],[-77.25905019,38.76937491],[-77.25981658,38.76988554],[-77.26250976,38.77176209],[-77.26353515,38.77250532],[-77.26374465,38.77201666],[-77.26766243,38.76535149]]]},"properties":{"PREC_IDENT":824,"PREC_NAME":"ORANGE","DISTRICT":"Springfield","cx":-77.25477080048542,"cy":38.760670786854654},"id":824},
{"type":"Feature","geometry":{"type":"Polygon","coordinates":[[[-77.24706589,38.84725586],[-77.24714801,38.84807757],[-77.24714304,38.84977044],[-77.24717464,38.85017307],[-77.24832382,38.85012354],[-77.24850696,38.85009254],[-77.24884037,38.8499025],[-77.24915319,38.84948295],[-77.24956687,38.84932122],[-77.25278123,38.8492497],[-77.25306507,38.84928429],[-77.25331173,38.84943794],[-77.25344145,38.84965213],[-77.25373769,38.84978159],[-77.25542769,38.8497295],[-77.25592964,38.84974169],[-77.25686906,38.84983951],[-77.25659054,38.85132215],[-77.25640633,38.85242822],[-77.25640575,38.85266437],[-77.25648563,38.85312105],[-77.25647422,38.85377997],[-77.25650944,38.85397669],[-77.25673224,38.85388705],[-77.25753128,38.85337377],[-77.25795149,38.85303771],[-77.25866081,38.85283789],[-77.25912746,38.85265884],[-77.25939868,38.85261228],[-77.26283354,38.85238766],[-77.2639715,38.85237905],[-77.26531086,38.85229841],[-77.26630326,38.85217703],[-77.26695395,38.85211796],[-77.26921505,38.85199431],[-77.26938357,38.85173705],[-77.27045406,38.85136108],[-77.27097464,38.85131161],[-77.27174624,38.84849542],[-77.27040768,38.84463837],[-77.26998034,38.84334739],[-77.27050321,38.84099988],[-77.27052049,38.84092119],[-77.2697673,38.84082157],[-77.2690597,38.84072491],[-77.26640753,38.84038814],[-77.26539136,38.84026761],[-77.26389214,38.84006098],[-77.26078105,38.83966708],[-77.25994702,38.83957314],[-77.25677177,38.83923612],[-77.25668477,38.8397995],[-77.256397,38.84202073],[-77.25627492,38.8427842],[-77.25621092,38.84343845],[-77.25604946,38.84444864],[-77.25593192,38.84535496],[-77.25591457,38.84573157],[-77.25568036,38.84579745],[-77.25534271,38.84575345],[-77.25477286,38.84578082],[-77.25440952,38.84589691],[-77.25416379,38.84581206],[-77.25388232,38.84582559],[-77.25383961,38.84573024],[-77.25351981,38.84561666],[-77.25339068,38.84544338],[-77.25312973,38.84534053],[-77.2527805,38.84499073],[-77.2525858,38.84494877],[-77.25217138,38.84503552],[-77.25175003,38.84484462],[-77.25151782,38.84491121],[-77.25143272,38.84504376],[-77.25119426,38.84509804],[-77.25080184,38.84505182],[-77.25040974,38.84522534],[-77.25009306,38.84532119],[-77.24978464,38.8452414],[-77.24951416,38.84534827],[-77.24935047,38.84556885],[-77.24900548,38.84566515],[-77.24899945,38.84584405],[-77.24871876,38.8458697],[-77.24843209,38.8456376],[-77.24823566,38.84586147],[-77.24786281,38.84586156],[-77.24754425,38.84614144],[-77.24722533,38.84632098],[-77.24721659,38.8467413],[-77.24736731,38.84690217],[-77.24728637,38.84707096],[-77.24706589,38.84725586]]]},"properties":{"PREC_IDENT":711,"PREC_NAME":"PRICE","DISTRICT":"Providence","cx":-77.26150293103471,"cy":38.84653409670055},"id":711},
{"type":"Feature","geometry":{"type":"Polygon","coordinates":[[[-77.04385149,38.72179926],[-77.04372872,38.72235687],[-77.04360336,38.72266151],[-77.04334936,38.72308676],[-77.04253922,38.72431521],[-77.04221627,38.72502795],[-77.04202921,38.72578219],[-77.04199579,38.72604678],[-77.04202073,38.72689155],[-77.04215275,38.72746989],[-77.04237285,38.72802598],[-77.04275202,38.72869115],[-77.04304215,38.72907922],[-77.04342651,38.72948906],[-77.04375698,38.72978976],[-77.0445072,38.73031124],[-77.046489,38.73147825],[-77.04718409,38.73195371],[-77.04765138,38.73242498],[-77.04801204,38.73227429],[-77.04885525,38.73236026],[-77.05037788,38.73248346],[-77.0533981,38.73275557],[-77.0555399,38.73329827],[-77.0556825,38.73335495],[-77.05571339,38.7332139],[-77.05642817,38.7313155],[-77.05648497,38.7312805],[-77.05671085,38.73068187],[-77.05670966,38.73056651],[-77.05692052,38.73001713],[-77.05763602,38.72825466],[-77.05802836,38.72739581],[-77.05839657,38.72651607],[-77.0564762,38.72595418],[-77.05593366,38.72573742],[-77.05550522,38.72560032],[-77.0549644,38.72547282],[-77.05402835,38.72530062],[-77.05182576,38.72465553],[-77.05100456,38.72435154],[-77.04931078,38.72385824],[-77.04858807,38.72371198],[-77.04783132,38.72351587],[-77.04697507,38.72321278],[-77.04655464,38.7230277],[-77.04599958,38.72273933],[-77.04519588,38.72226525],[-77.04479246,38.72210645],[-77.04385149,38.72179926]]]},"properties":{"PREC_IDENT":612,"PREC_NAME":"WAYNEWOOD","DISTRICT":"Mount Vernon","cx":-77.04972195132648,"cy":38.7279146164685},"id":612},
{"type":"Feature","geometry":{"type":"Polygon","coordinates":[[[-77.15768618,38.83611131],[-77.15815439,38.83585716],[-77.1586775,38.83548281],[-77.16023368,38.83449827],[-77.16249705,38.83305357],[-77.16490479,38.83158163],[-77.16591432,38.83091072],[-77.16658859,38.83052158],[-77.16669951,38.83040887],[-77.16728557,38.83004344],[-77.16845129,38.82927679],[-77.16970905,38.82846861],[-77.17076836,38.8277584],[-77.17267871,38.82639738],[-77.17321635,38.8259888],[-77.17404523,38.82539678],[-77.17414889,38.82529635],[-77.17033987,38.82435666],[-77.16785894,38.82373812],[-77.16336504,38.82263802],[-77.1585465,38.82144754],[-77.15505202,38.82060294],[-77.15359028,38.82030745],[-77.15266038,38.82010318],[-77.15167886,38.81984476],[-77.15019585,38.81956134],[-77.14800143,38.81921753],[-77.14596755,38.81892359],[-77.14436817,38.81867033],[-77.14399082,38.8185781],[-77.14346427,38.81839351],[-77.1412384,38.81745718],[-77.14118315,38.81741803],[-77.14104762,38.81755408],[-77.14019492,38.81716936],[-77.14012643,38.81726468],[-77.13974674,38.81711062],[-77.13899459,38.81827448],[-77.13844917,38.81871576],[-77.13958088,38.81956644],[-77.13946448,38.81966037],[-77.14054208,38.82033962],[-77.14056428,38.82046482],[-77.14079178,38.82068577],[-77.14108146,38.82077425],[-77.14201932,38.82148399],[-77.14304434,38.8222263],[-77.14326029,38.82250203],[-77.14366112,38.82321104],[-77.14430518,38.82423864],[-77.14484416,38.82506869],[-77.14599909,38.82693151],[-77.14622448,38.82726638],[-77.14652419,38.82756916],[-77.14688068,38.82783964],[-77.14758081,38.82831866],[-77.14804549,38.82881007],[-77.14812908,38.82884536],[-77.14857622,38.82933656],[-77.14888349,38.82961196],[-77.14988367,38.83037864],[-77.15086435,38.83106271],[-77.15226157,38.83200144],[-77.15316172,38.83248959],[-77.15331759,38.83260259],[-77.15414419,38.83308165],[-77.15466812,38.83341307],[-77.15550538,38.83407348],[-77.15598556,38.83449226],[-77.15608801,38.83464584],[-77.15665467,38.83513426],[-77.1568128,38.83531457],[-77.15748367,38.83586322],[-77.15768618,38.83611131]]]},"properties":{"PREC_IDENT":507,"PREC_NAME":"LINCOLNIA","DISTRICT":"Mason","cx":-77.15593296671956,"cy":38.82680271001072},"id":507},
{"type":"Feature","geometry":{"type":"Polygon","coordinates":[[[-77.37268399,38.87159985],[-77.36938461,38.87033197],[-77.36758028,38.8695924],[-77.36604677,38.8690545],[-77.36479773,38.8685207],[-77.3646359,38.86849843],[-77.36468938,38.86870912],[-77.36558169,38.87070032],[-77.36600131,38.87148697],[-77.36637827,38.87208374],[-77.3669212,38.87284823],[-77.36718867,38.87348376],[-77.36724886,38.87389898],[-77.3673244,38.87400954],[-77.36738148,38.87439865],[-77.36739734,38.87539695],[-77.36753559,38.87598592],[-77.3681045,38.87755522],[-77.36818603,38.87773175],[-77.36838142,38.87848465],[-77.36892121,38.87989852],[-77.3693265,38.88070836],[-77.36958973,38.88129328],[-77.36988146,38.8816075],[-77.37110565,38.88239775],[-77.37268382,38.88346735],[-77.37298007,38.88361848],[-77.37380004,38.88397782],[-77.37449677,38.8843552],[-77.37496084,38.88455873],[-77.37524981,38.88472626],[-77.37564465,38.88508838],[-77.37581276,38.88534674],[-77.37626385,38.88637941],[-77.37656293,38.88724861],[-77.37709297,38.88817769],[-77.37746634,38.88879086],[-77.37757068,38.88885913],[-77.37833011,38.88994966],[-77.37841533,38.8901166],[-77.3790106,38.89092135],[-77.37961389,38.89188818],[-77.37992681,38.89232502],[-77.38036835,38.89285096],[-77.38046257,38.89334338],[-77.38043939,38.89460354],[-77.38032448,38.89566238],[-77.38034603,38.89585754],[-77.38048206,38.89623386],[-77.38073575,38.8967784],[-77.3809361,38.89745032],[-77.38119305,38.89809806],[-77.38123847,38.89834013],[-77.3811931,38.89877081],[-77.38117633,38.89939535],[-77.38326689,38.89941249],[-77.38522432,38.89940363],[-77.38545008,38.8993481],[-77.38661576,38.89873171],[-77.38916622,38.8974131],[-77.39038853,38.89676563],[-77.3930453,38.89538066],[-77.39419001,38.89474753],[-77.39554019,38.89405948],[-77.39589868,38.89421584],[-77.39647832,38.89423224],[-77.3954084,38.89320754],[-77.39386981,38.8918146],[-77.39327398,38.89126255],[-77.39293525,38.89089964],[-77.39247678,38.89032691],[-77.39223636,38.88996905],[-77.39198005,38.88950257],[-77.39165311,38.88883222],[-77.39124463,38.8877547],[-77.39036083,38.88538074],[-77.39010995,38.88479211],[-77.38983647,38.88430212],[-77.3895614,38.88391509],[-77.38918532,38.88347218],[-77.38868689,38.88298967],[-77.38805839,38.8825128],[-77.38758173,38.88221309],[-77.38690533,38.88188129],[-77.38600121,38.88150888],[-77.38670778,38.88034856],[-77.38796877,38.87832164],[-77.38840771,38.87765304],[-77.3865111,38.87694996],[-77.38438814,38.87612114],[-77.38315883,38.87565774],[-77.37806813,38.8736747],[-77.37595196,38.87287324],[-77.37508283,38.8725203],[-77.37268399,38.87159985]]]},"properties":{"PREC_IDENT":911,"PREC_NAME":"NAVY","DISTRICT":"Sully","cx":-77.38260945255598,"cy":38.88613263482374},"id":911},
{"type":"Feature","geometry":{"type":"Polygon","coordinates":[[[-77.28286661,38.94197989],[-77.28362029,38.94207673],[-77.28482632,38.94228417],[-77.28560062,38.94244731],[-77.2863534,38.94263632],[-77.28735409,38.9429281],[-77.28853166,38.94336449],[-77.28978458,38.9439211],[-77.29051436,38.94422379],[-77.29262648,38.94512695],[-77.29300851,38.94528168],[-77.29292586,38.94496584],[-77.2930172,38.94461742],[-77.29283729,38.94443914],[-77.29292417,38.94425576],[-77.29321867,38.94408161],[-77.29345864,38.94384189],[-77.29335112,38.94351366],[-77.2933545,38.94333334],[-77.29317736,38.94323498],[-77.29337251,38.94304916],[-77.29369248,38.94288659],[-77.29393177,38.94244662],[-77.29416666,38.94233123],[-77.29441953,38.94242996],[-77.29488571,38.94246667],[-77.29502376,38.94235377],[-77.29510688,38.9420339],[-77.2952394,38.94175564],[-77.29542269,38.94174721],[-77.29601911,38.94202274],[-77.29619688,38.94199617],[-77.29639986,38.94160258],[-77.29673739,38.94134191],[-77.29663636,38.94125435],[-77.29695053,38.9410257],[-77.29704643,38.94070631],[-77.29734598,38.94030921],[-77.29767739,38.94012514],[-77.29787876,38.94010968],[-77.29796026,38.94022364],[-77.29819612,38.94026071],[-77.29833294,38.94013236],[-77.29825145,38.93941644],[-77.29814555,38.93919409],[-77.29793603,38.93902378],[-77.29767235,38.93867532],[-77.29733529,38.93856286],[-77.29732034,38.93833743],[-77.29718914,38.93796961],[-77.29675672,38.93768428],[-77.29621501,38.93742566],[-77.2958434,38.93732567],[-77.29568968,38.93719866],[-77.29557901,38.93689234],[-77.29540434,38.93677517],[-77.2951137,38.93675319],[-77.29476362,38.93652171],[-77.29443884,38.93574082],[-77.2940943,38.9356836],[-77.29396706,38.93546619],[-77.29373954,38.93538798],[-77.29347367,38.93538605],[-77.29340371,38.93521626],[-77.29361868,38.93501725],[-77.29364004,38.93475059],[-77.29402283,38.93431223],[-77.29405038,38.9342334],[-77.29373888,38.93368206],[-77.29385404,38.93344281],[-77.29440634,38.93340188],[-77.29454775,38.93349534],[-77.29492986,38.93346703],[-77.29520703,38.93338156],[-77.29545361,38.93320862],[-77.29536411,38.93281056],[-77.29569409,38.93242739],[-77.29612627,38.93179298],[-77.29642244,38.93162447],[-77.29672776,38.93170053],[-77.2971986,38.93173284],[-77.29757223,38.93148568],[-77.29819461,38.93113936],[-77.29836868,38.93098913],[-77.29858653,38.93091749],[-77.29807713,38.93067472],[-77.29374121,38.92868093],[-77.29116028,38.92750156],[-77.2904649,38.92713602],[-77.28959341,38.92655659],[-77.28907741,38.92612446],[-77.28847875,38.92556045],[-77.28797577,38.92497074],[-77.28751625,38.92429965],[-77.28718046,38.9236728],[-77.28573613,38.9205229],[-77.28544808,38.91997943],[-77.28503931,38.91932127],[-77.28475058,38.91893909],[-77.28418003,38.91829397],[-77.2836774,38.91781355],[-77.2832044,38.91741916],[-77.2827229,38.91707266],[-77.28163387,38.91635752],[-77.28007562,38.91542284],[-77.27968315,38.91516669],[-77.27911296,38.91474065],[-77.27872094,38.91440308],[-77.27444923,38.91055757],[-77.27397887,38.91014486],[-77.27374494,38.91033391],[-77.27600539,38.91235928],[-77.27568484,38.9126072],[-77.2753194,38.91301391],[-77.27485248,38.91380537],[-77.27497898,38.91442453],[-77.27475786,38.91481764],[-77.27443369,38.91465911],[-77.27357295,38.91628123],[-77.27302987,38.91597488],[-77.27306698,38.91585994],[-77.27255689,38.91568024],[-77.2725859,38.91562837],[-77.27308566,38.9157956],[-77.27320338,38.91528334],[-77.27378284,38.91407842],[-77.27154633,38.91209169],[-77.26989244,38.91343776],[-77.26719141,38.91558151],[-77.26674441,38.91582189],[-77.26656522,38.91581795],[-77.26520988,38.91675794],[-77.26475292,38.91635085],[-77.26440252,38.91608356],[-77.26434209,38.91612274],[-77.2632667,38.91529862],[-77.26310308,38.91541086],[-77.26250156,38.91482787],[-77.26256557,38.91478461],[-77.26113671,38.91367117],[-77.26102223,38.91378666],[-77.26041742,38.91339585],[-77.25983496,38.91394851],[-77.26045735,38.91433951],[-77.26023581,38.91434541],[-77.2600953,38.91454438],[-77.26026573,38.91464778],[-77.25952589,38.91535804],[-77.25922939,38.91522722],[-77.25894892,38.91518582],[-77.258408,38.9147586],[-77.25795536,38.914714],[-77.25790584,38.9145295],[-77.25766209,38.91437624],[-77.2577668,38.91465283],[-77.25798497,38.91494687],[-77.25827495,38.91508833],[-77.25865995,38.91547277],[-77.25882425,38.91547832],[-77.25917198,38.91575588],[-77.25990814,38.91603207],[-77.26023351,38.91582881],[-77.26043851,38.91589089],[-77.26052969,38.91602099],[-77.26092516,38.9163049],[-77.26089778,38.91649213],[-77.26127354,38.91652569],[-77.26149156,38.91666836],[-77.26153607,38.91682445],[-77.26144562,38.91696181],[-77.26160089,38.91737781],[-77.26182288,38.91732361],[-77.26197563,38.91742613],[-77.26183432,38.91760385],[-77.26183765,38.91783037],[-77.2621077,38.91776119],[-77.26224831,38.91780161],[-77.26236749,38.91804857],[-77.26272445,38.91811271],[-77.26270605,38.91829117],[-77.26288978,38.91842933],[-77.26297185,38.91861747],[-77.2632375,38.91892194],[-77.26356609,38.91922116],[-77.26437747,38.92011222],[-77.2646965,38.92083667],[-77.26482887,38.92102649],[-77.26500706,38.92141414],[-77.26525881,38.92237177],[-77.2652519,38.92252188],[-77.26502654,38.92296477],[-77.26478618,38.92321108],[-77.26463608,38.92350483],[-77.2644719,38.92367769],[-77.26447048,38.92397616],[-77.26403664,38.92500155],[-77.26390989,38.92509874],[-77.26395815,38.92524052],[-77.26419604,38.92521033],[-77.26438817,38.925281],[-77.26502127,38.92566934],[-77.26569318,38.92604985],[-77.2660989,38.92637401],[-77.2665024,38.92662264],[-77.26712295,38.92692434],[-77.26849167,38.92767186],[-77.2697393,38.92830688],[-77.2701659,38.92864498],[-77.2708263,38.9294949],[-77.27125557,38.93008839],[-77.27150699,38.93039308],[-77.27152533,38.9305539],[-77.27193083,38.93192013],[-77.27200142,38.93210897],[-77.27227812,38.93258004],[-77.27307406,38.9335261],[-77.27349678,38.93409343],[-77.27425123,38.93479465],[-77.27457916,38.93514955],[-77.27492657,38.93580533],[-77.27506722,38.93601],[-77.27533798,38.93621327],[-77.27551264,38.93627962],[-77.27619598,38.93641168],[-77.27650832,38.93644514],[-77.27728217,38.93642436],[-77.27774449,38.93652802],[-77.27794606,38.93666604],[-77.27993681,38.93827387],[-77.28009243,38.93842652],[-77.2806744,38.93914513],[-77.28138445,38.93998314],[-77.28139071,38.94002851],[-77.28186996,38.94058678],[-77.28238094,38.94113989],[-77.28267942,38.94157684],[-77.28286272,38.94196905],[-77.28286661,38.94197989]]]},"properties":{"PREC_IDENT":226,"PREC_NAME":"WOLFTRAP","DISTRICT":"Hunter Mill","cx":-77.28029502952951,"cy":38.92794914423187},"id":226},
{"type":"Feature","geometry":{"type":"Polygon","coordinates":[[[-77.21827074,38.81139727],[-77.21893457,38.81137019],[-77.22064774,38.81134769],[-77.22144082,38.81135497],[-77.22172115,38.81137999],[-77.22463567,38.81130049],[-77.2285116,38.81123546],[-77.23026578,38.81121547],[-77.230295,38.81051392],[-77.23020943,38.81026245],[-77.23040958,38.80989681],[-77.23096118,38.80937117],[-77.23131381,38.80917801],[-77.23149935,38.80900776],[-77.23175267,38.80859633],[-77.23174365,38.8084376],[-77.23189635,38.80809576],[-77.23245535,38.80780376],[-77.23278835,38.80741876],[-77.23288635,38.80705976],[-77.23318941,38.8068632],[-77.23322335,38.80671076],[-77.23312873,38.80632588],[-77.23330804,38.80606099],[-77.2333174,38.8058882],[-77.23305504,38.80556542],[-77.23241974,38.80493169],[-77.23231892,38.80477869],[-77.23233655,38.8044983],[-77.23191507,38.80385259],[-77.23148652,38.80345382],[-77.23130611,38.80340087],[-77.23121324,38.80322317],[-77.23105043,38.80310584],[-77.2306907,38.80271598],[-77.23055937,38.80270494],[-77.23020863,38.80245776],[-77.22985996,38.8021468],[-77.22915412,38.80189926],[-77.22924138,38.8014997],[-77.2291626,38.80120139],[-77.22934615,38.80065254],[-77.22924566,38.80051001],[-77.2293435,38.80004063],[-77.22915629,38.79969215],[-77.22917412,38.79951923],[-77.22931641,38.79923795],[-77.22942085,38.79874814],[-77.2295431,38.79843647],[-77.22977035,38.79813576],[-77.23007235,38.79788976],[-77.22999235,38.79765876],[-77.22969135,38.79713576],[-77.22951235,38.79639076],[-77.22935135,38.79605876],[-77.22904635,38.79571976],[-77.22841635,38.79560276],[-77.22778335,38.79564276],[-77.22742635,38.79573376],[-77.22702935,38.79577276],[-77.22631435,38.79589376],[-77.22501335,38.79617576],[-77.22403235,38.79626576],[-77.22364335,38.79625576],[-77.22299135,38.79615976],[-77.22201335,38.79584376],[-77.22123935,38.79554576],[-77.22077035,38.79528476],[-77.21995735,38.79471576],[-77.21936635,38.79426376],[-77.21904135,38.79390476],[-77.21878572,38.79376702],[-77.21621634,38.79430576],[-77.21594334,38.79446876],[-77.21568234,38.79470376],[-77.21532034,38.79488176],[-77.21506824,38.79508155],[-77.21498788,38.79522479],[-77.21461676,38.79548246],[-77.21463205,38.79570684],[-77.21448318,38.79579483],[-77.21421447,38.79611828],[-77.21429968,38.79630794],[-77.21393827,38.79661543],[-77.21391353,38.79684037],[-77.21365808,38.79714524],[-77.21344635,38.79749546],[-77.21328765,38.79760887],[-77.21347727,38.79789093],[-77.21348353,38.79807676],[-77.21365095,38.79810563],[-77.21385678,38.79852183],[-77.21408392,38.79860514],[-77.21410846,38.79886355],[-77.21430421,38.79897835],[-77.21429601,38.79915233],[-77.21414064,38.79929054],[-77.21394836,38.79986733],[-77.2138511,38.79996658],[-77.21339133,38.80092804],[-77.21343693,38.80113828],[-77.21309047,38.80133591],[-77.21298712,38.80165021],[-77.21266795,38.80180967],[-77.21259974,38.8019519],[-77.21222792,38.80212884],[-77.2121405,38.80227785],[-77.2121417,38.80250948],[-77.21190517,38.80317352],[-77.21230247,38.80365943],[-77.21382803,38.80567667],[-77.21446504,38.8065569],[-77.21804608,38.81139893],[-77.21827074,38.81139727]]]},"properties":{"PREC_IDENT":115,"PREC_NAME":"RAVENSWORTH","DISTRICT":"Braddock","cx":-77.22234770638009,"cy":38.8032608092408},"id":115},
{"type":"Feature","geometry":{"type":"Polygon","coordinates":[[[-77.22044612,38.91183031],[-77.22141152,38.91236551],[-77.22174528,38.9125696],[-77.22321416,38.91337504],[-77.2240179,38.91383411],[-77.22463624,38.91424448],[-77.22542211,38.9147212],[-77.22621102,38.9152254],[-77.22730524,38.91595534],[-77.22771253,38.91617805],[-77.22867187,38.91678568],[-77.22895029,38.91694247],[-77.22971122,38.91744086],[-77.23014111,38.91777777],[-77.23055293,38.91814331],[-77.23140671,38.91883613],[-77.23163151,38.91876868],[-77.23242135,38.91842984],[-77.23280783,38.91824042],[-77.23411043,38.91752678],[-77.23462032,38.91731534],[-77.23735755,38.91636859],[-77.23790174,38.91620418],[-77.24011689,38.91536023],[-77.24099164,38.91499779],[-77.24108544,38.91504796],[-77.2438599,38.91377194],[-77.24494033,38.91329059],[-77.2461239,38.91273893],[-77.2482355,38.91177426],[-77.25015589,38.91088854],[-77.25005746,38.91087375],[-77.2487429,38.91066701],[-77.24674514,38.91037441],[-77.24544478,38.91017106],[-77.24523527,38.9100933],[-77.24481727,38.90967832],[-77.24422269,38.90931224],[-77.24380658,38.90919109],[-77.24340963,38.90917998],[-77.24404654,38.90773005],[-77.24400458,38.90771862],[-77.24479996,38.9058475],[-77.24422747,38.9060281],[-77.24327839,38.90543718],[-77.24274229,38.90474495],[-77.24239583,38.90446115],[-77.24189268,38.90449558],[-77.24224656,38.90235202],[-77.24242959,38.90088772],[-77.23981241,38.90168337],[-77.23933351,38.90173864],[-77.23878192,38.90173135],[-77.23830533,38.90165484],[-77.23553064,38.90117054],[-77.23549462,38.90142004],[-77.23585753,38.90156536],[-77.23681815,38.90289102],[-77.23701582,38.90304143],[-77.23676673,38.90341633],[-77.23629855,38.90425843],[-77.23497311,38.9068803],[-77.23415796,38.90647061],[-77.23357681,38.90614444],[-77.23176235,38.90501],[-77.23130803,38.90486642],[-77.22944801,38.90472137],[-77.22853104,38.90530047],[-77.22818356,38.90606833],[-77.22701531,38.90852706],[-77.22659916,38.90840997],[-77.22595332,38.90816544],[-77.22545228,38.908079],[-77.22478493,38.90805665],[-77.2223776,38.90765567],[-77.2221886,38.90761243],[-77.22187978,38.90768323],[-77.22133095,38.90978753],[-77.22145697,38.9100127],[-77.22121109,38.91020224],[-77.22098223,38.91081622],[-77.22044612,38.91183031]]]},"properties":{"PREC_IDENT":704,"PREC_NAME":"FREEDOM HILL","DISTRICT":"Providence","cx":-77.23373428072054,"cy":38.91200892414511},"id":704},
{"type":"Feature","geometry":{"type":"Polygon","coordinates":[[[-77.20853836,38.72126809],[-77.21003834,38.72012774],[-77.21101734,38.71942374],[-77.21254234,38.71836474],[-77.21338334,38.71780074],[-77.21534634,38.71651074],[-77.21604134,38.71603674],[-77.21702334,38.71532174],[-77.21770934,38.71479974],[-77.21839234,38.71424574],[-77.21892434,38.71378374],[-77.21958534,38.71317574],[-77.22042934,38.71231174],[-77.22084234,38.71182974],[-77.22122334,38.71133674],[-77.22158134,38.71082374],[-77.22191134,38.71029774],[-77.22222234,38.70974374],[-77.22270034,38.70880974],[-77.22324534,38.70757474],[-77.22388134,38.70579874],[-77.22408114,38.7052011],[-77.22214643,38.70562934],[-77.22166113,38.70568097],[-77.22125937,38.7056652],[-77.2207522,38.70556218],[-77.2201689,38.70526815],[-77.21854045,38.70421781],[-77.21812562,38.70409382],[-77.2139535,38.7037982],[-77.21390977,38.7036134],[-77.21399393,38.70348512],[-77.21399036,38.70323425],[-77.21386102,38.70295926],[-77.21339034,38.70269222],[-77.21305137,38.70267548],[-77.21287321,38.70257535],[-77.21201785,38.70237336],[-77.21144382,38.70221442],[-77.21094947,38.70200978],[-77.21040823,38.70163353],[-77.21014224,38.70138549],[-77.20989832,38.7012802],[-77.20883251,38.70228505],[-77.20724865,38.70383699],[-77.20505911,38.70593418],[-77.20471038,38.70622691],[-77.20402469,38.70693744],[-77.20365804,38.70725193],[-77.20316425,38.70761994],[-77.20259043,38.70795548],[-77.20189071,38.70827589],[-77.19926474,38.70929578],[-77.19817439,38.70970245],[-77.19750158,38.70988995],[-77.19709776,38.70993214],[-77.19718233,38.7102942],[-77.19834767,38.71155389],[-77.1987476,38.71192082],[-77.19953281,38.71249661],[-77.20000391,38.71280528],[-77.20045885,38.71303826],[-77.20206099,38.71379472],[-77.20424658,38.71485283],[-77.20462742,38.71511517],[-77.20519968,38.71564738],[-77.20527154,38.71574429],[-77.2071714,38.71749394],[-77.20749891,38.7179946],[-77.20801841,38.71951481],[-77.20830549,38.72046725],[-77.20841746,38.72087847],[-77.20853836,38.72126809]]]},"properties":{"PREC_IDENT":622,"PREC_NAME":"LORTON STATION","DISTRICT":"Mount Vernon","cx":-77.21123070595257,"cy":38.71038669338218},"id":622},
{"type":"Feature","geometry":{"type":"Polygon","coordinates":[[[-77.38404992,38.98914557],[-77.38385807,38.98943249],[-77.38353844,38.98963169],[-77.38333038,38.98997888],[-77.38290032,38.98999292],[-77.38264647,38.99019447],[-77.38250872,38.99081329],[-77.38265464,38.99102773],[-77.38184899,38.99127889],[-77.38188679,38.99154243],[-77.38160434,38.99204275],[-77.38084753,38.99258611],[-77.38036419,38.99275214],[-77.38036455,38.99300452],[-77.3796639,38.99305529],[-77.379134,38.99280951],[-77.37894487,38.99301037],[-77.37865887,38.99297436],[-77.37857455,38.99322852],[-77.3775317,38.99326346],[-77.37691611,38.99373248],[-77.37670412,38.99377909],[-77.37667447,38.9965859],[-77.37661111,38.99883141],[-77.37655839,38.99950089],[-77.37625027,39.00029974],[-77.37554093,39.00222193],[-77.37464655,39.00449655],[-77.37449519,39.0049468],[-77.37446327,39.00563433],[-77.37449801,39.00588728],[-77.37488938,39.00763189],[-77.37488542,39.00833204],[-77.3747302,39.00880422],[-77.37452041,39.00916466],[-77.37421552,39.00952969],[-77.37344485,39.01019642],[-77.37217873,39.01125792],[-77.37167035,39.01180496],[-77.3713949,39.0123103],[-77.37124611,39.01281823],[-77.37096556,39.01409373],[-77.37131847,39.01427349],[-77.37688055,39.00864682],[-77.38311303,39.00234676],[-77.3852943,39.00011997],[-77.38590889,38.99952033],[-77.38843635,38.99696863],[-77.38900101,38.99640832],[-77.39067422,38.99470109],[-77.39412673,38.99123675],[-77.39621755,38.98912697],[-77.39873059,38.9865502],[-77.39974879,38.98554102],[-77.40098418,38.98429168],[-77.39915099,38.98384893],[-77.39467231,38.98271545],[-77.38948006,38.981365],[-77.38917495,38.98138998],[-77.3888617,38.98181836],[-77.38868918,38.98193047],[-77.38822924,38.98190489],[-77.38799042,38.98215521],[-77.38802131,38.98226887],[-77.38787702,38.98249953],[-77.38785285,38.982697],[-77.38767016,38.98290671],[-77.38758084,38.98322164],[-77.38742189,38.98326269],[-77.38724544,38.98352463],[-77.38728586,38.98386687],[-77.38706047,38.98456081],[-77.38687521,38.98471008],[-77.38695392,38.98485224],[-77.38689891,38.98499588],[-77.38663687,38.98510461],[-77.38624054,38.98547841],[-77.38637253,38.98558812],[-77.38625614,38.98583277],[-77.38576134,38.98597773],[-77.38551444,38.98579142],[-77.38520803,38.98603839],[-77.38499299,38.98629172],[-77.38493727,38.98670719],[-77.38482566,38.98687088],[-77.38493312,38.98720003],[-77.38521221,38.98735233],[-77.3852207,38.98748558],[-77.38496321,38.98775361],[-77.38468282,38.98791021],[-77.38429541,38.98793537],[-77.38442394,38.98826747],[-77.38436948,38.98848608],[-77.38406304,38.98871363],[-77.38412392,38.9889621],[-77.38404992,38.98914557]]]},"properties":{"PREC_IDENT":321,"PREC_NAME":"CLEARVIEW","DISTRICT":"Dranesville","cx":-77.38800327115466,"cy":38.99112398252488},"id":321},
{"type":"Feature","geometry":{"type":"Polygon","coordinates":[[[-77.42280447,38.96218958],[-77.42195213,38.96209188],[-77.42065046,38.96188223],[-77.41961606,38.96167503],[-77.41755594,38.96115222],[-77.4167364,38.960925],[-77.41616243,38.96073848],[-77.41389298,38.95987593],[-77.41270344,38.95946541],[-77.41094793,38.958808],[-77.40862894,38.95797372],[-77.40761715,38.95767326],[-77.40555325,38.95694975],[-77.40536122,38.95685872],[-77.40445168,38.95653997],[-77.40362636,38.95738899],[-77.403298,38.95747379],[-77.40182597,38.95898127],[-77.40073283,38.96008725],[-77.40100541,38.96020101],[-77.40045473,38.96093301],[-77.40306129,38.96305944],[-77.40531207,38.96486778],[-77.41312907,38.9712495],[-77.41353276,38.97157412],[-77.41815504,38.96689622],[-77.41939686,38.96564969],[-77.42184038,38.96317778],[-77.42280447,38.96218958]]]},"properties":{"PREC_IDENT":325,"PREC_NAME":"HUTCHISON","DISTRICT":"Dranesville","cx":-77.41104030003724,"cy":38.96359870359121},"id":325},
{"type":"Feature","geometry":{"type":"Polygon","coordinates":[[[-77.31160004,39.05204831],[-77.31220603,39.05202584],[-77.31388081,39.05211411],[-77.31464247,39.05226594],[-77.31512139,39.05247944],[-77.31558872,39.05275461],[-77.31598525,39.0530524],[-77.3164985,39.05353259],[-77.31687435,39.05380409],[-77.31824844,39.05461693],[-77.31878618,39.05489553],[-77.31941551,39.05517231],[-77.32065857,39.05560488],[-77.32117013,39.05576377],[-77.32157404,39.0558296],[-77.32212622,39.05587356],[-77.32310119,39.05590665],[-77.32368464,39.05597701],[-77.32458731,39.05633749],[-77.32494354,39.05651953],[-77.3251836,39.05669903],[-77.3257804,39.05702899],[-77.32608576,39.05730662],[-77.32652608,39.05751557],[-77.32701533,39.0575328],[-77.32732073,39.05759351],[-77.32785311,39.05755762],[-77.32832997,39.05768593],[-77.33427388,39.05168489],[-77.34218209,39.04369568],[-77.34567232,39.04015077],[-77.34778369,39.03803657],[-77.34896163,39.03681796],[-77.35032828,39.03546526],[-77.35157037,39.03419233],[-77.35178484,39.03399123],[-77.35387464,39.03188221],[-77.35752385,39.02822865],[-77.35784248,39.02789538],[-77.36185668,39.02384296],[-77.36528753,39.02036828],[-77.37131847,39.01427349],[-77.37096556,39.01409373],[-77.37057425,39.01391012],[-77.36738986,39.0122979],[-77.36675425,39.01198562],[-77.36506096,39.0111222],[-77.36392692,39.01050443],[-77.36108355,39.00893377],[-77.35797553,39.00719297],[-77.35084924,39.00322721],[-77.35013373,39.00285914],[-77.34793789,39.00176127],[-77.34616779,39.00088859],[-77.34539317,39.0004801],[-77.34412595,38.99984983],[-77.34347417,38.99946175],[-77.34216923,38.99855514],[-77.33932679,38.9965501],[-77.3389195,38.99627836],[-77.33704445,38.99495005],[-77.33645286,38.99454468],[-77.33519708,38.99365494],[-77.33317922,38.99224553],[-77.33236545,38.99162331],[-77.33013998,38.98982643],[-77.32939168,38.9893261],[-77.32934606,38.99039517],[-77.32934723,38.99269211],[-77.32936649,38.99345153],[-77.32934007,38.99377666],[-77.32934927,38.99644299],[-77.32939229,38.9972562],[-77.32937843,38.99745788],[-77.32944831,38.99856517],[-77.32952294,38.99938143],[-77.32962231,39.00083774],[-77.32981518,39.00281805],[-77.32983928,39.00414318],[-77.32972688,39.0045608],[-77.32908445,39.00554018],[-77.32895025,39.0057846],[-77.32844531,39.00653331],[-77.32808725,39.00712285],[-77.32771348,39.00781246],[-77.32761997,39.00793509],[-77.327178,39.00870503],[-77.32708609,39.00894437],[-77.3261922,39.01044568],[-77.32603479,39.01081618],[-77.32594484,39.01115028],[-77.32577662,39.01196549],[-77.32565406,39.01235693],[-77.32521086,39.01362796],[-77.32493829,39.01436662],[-77.32458248,39.01545866],[-77.32444111,39.01613685],[-77.32403253,39.01786953],[-77.32372901,39.0192051],[-77.3230308,39.02206617],[-77.32280713,39.02303871],[-77.32260821,39.02357628],[-77.3223954,39.02431554],[-77.3215671,39.02673321],[-77.32116535,39.0278289],[-77.32073592,39.02910828],[-77.32077677,39.02940662],[-77.32092309,39.02971424],[-77.32100628,39.03022031],[-77.32021679,39.03023991],[-77.31971879,39.03300424],[-77.31938412,39.03462159],[-77.31857978,39.03641071],[-77.31746918,39.03893616],[-77.31664679,39.04071833],[-77.31587318,39.04229182],[-77.31374769,39.0461464],[-77.31261811,39.04922251],[-77.31160004,39.05204831]]]},"properties":{"PREC_IDENT":329,"PREC_NAME":"SENECA","DISTRICT":"Dranesville","cx":-77.33885570869373,"cy":39.0243738629561},"id":329},
{"type":"Feature","geometry":{"type":"Polygon","coordinates":[[[-77.41381804,38.94207782],[-77.41470093,38.9420544],[-77.41514098,38.94201864],[-77.41577214,38.94191873],[-77.41600046,38.94155285],[-77.41650555,38.94132177],[-77.4169913,38.94138402],[-77.41740195,38.94129489],[-77.41793251,38.94150986],[-77.41834701,38.94154764],[-77.41880966,38.94170292],[-77.41921589,38.94166632],[-77.41940118,38.94170658],[-77.42032173,38.94223788],[-77.4205575,38.94221127],[-77.42086456,38.94241904],[-77.4209303,38.94254862],[-77.42122534,38.94258507],[-77.42176736,38.94248622],[-77.42206339,38.94230571],[-77.42288149,38.94208461],[-77.4231256,38.94217633],[-77.42345766,38.9421835],[-77.42369124,38.94207283],[-77.42388662,38.94220274],[-77.42396134,38.94194677],[-77.42437149,38.94182729],[-77.42441811,38.94158575],[-77.42482349,38.94141125],[-77.42476029,38.94121783],[-77.42457698,38.94112054],[-77.42436219,38.94056772],[-77.42436566,38.94022633],[-77.42431768,38.93987857],[-77.42415715,38.93939072],[-77.423881,38.93870013],[-77.4231367,38.93864257],[-77.4230277,38.9384113],[-77.42240125,38.93789586],[-77.42236919,38.93755406],[-77.42247294,38.93736785],[-77.42245942,38.93716758],[-77.42226768,38.93676191],[-77.42211137,38.93669364],[-77.42191162,38.93677904],[-77.42180819,38.936674],[-77.4216722,38.9361965],[-77.42145941,38.93619982],[-77.42110938,38.93609485],[-77.42085507,38.93580408],[-77.42092597,38.9356502],[-77.420696,38.93538456],[-77.42062985,38.93519221],[-77.42075086,38.93486988],[-77.42039474,38.9346909],[-77.42047797,38.93436529],[-77.42068143,38.93429022],[-77.42068775,38.9340033],[-77.42040931,38.93396971],[-77.42024971,38.93369479],[-77.42031392,38.93352983],[-77.42022471,38.93327832],[-77.42011973,38.93320461],[-77.41972461,38.93320463],[-77.41962854,38.93300991],[-77.41969109,38.93283906],[-77.41967653,38.93226825],[-77.41942941,38.93196802],[-77.4187726,38.93134718],[-77.41860643,38.93149137],[-77.41829192,38.93151022],[-77.41799039,38.93140343],[-77.41796386,38.93108354],[-77.41777418,38.9308675],[-77.41791852,38.93066591],[-77.41783795,38.93048619],[-77.41739929,38.93033665],[-77.41708954,38.93032981],[-77.41653177,38.93020893],[-77.41654001,38.9299521],[-77.41642678,38.92966807],[-77.41629152,38.92962714],[-77.41605677,38.92972682],[-77.41561342,38.92943233],[-77.41550339,38.92910167],[-77.41495483,38.92873832],[-77.41461074,38.9286124],[-77.41440034,38.92861254],[-77.41440717,38.92842627],[-77.41459595,38.9283101],[-77.41459319,38.9281836],[-77.41428098,38.92795421],[-77.41399714,38.92800335],[-77.41387945,38.92795676],[-77.41378406,38.92755229],[-77.41351463,38.92744161],[-77.413416,38.92727852],[-77.41347411,38.92690205],[-77.41322672,38.92689386],[-77.41282837,38.92677298],[-77.41296691,38.92647155],[-77.41275874,38.92607721],[-77.41239313,38.92579317],[-77.41266184,38.92543177],[-77.4126766,38.92523708],[-77.41240312,38.92515772],[-77.4123867,38.92502621],[-77.41249179,38.92473749],[-77.41249765,38.92439722],[-77.4118569,38.92414657],[-77.41156315,38.92428688],[-77.41112929,38.9241884],[-77.41118486,38.92405907],[-77.41109859,38.92391059],[-77.41073559,38.92389015],[-77.41058326,38.92378436],[-77.40984294,38.92397331],[-77.4094991,38.92412521],[-77.40929342,38.9244463],[-77.40943187,38.92466511],[-77.40921565,38.92471547],[-77.40905674,38.92495981],[-77.40877309,38.92520228],[-77.4085688,38.92515287],[-77.4082724,38.92527036],[-77.40778288,38.92501564],[-77.40776245,38.92477156],[-77.40754212,38.92480553],[-77.40719368,38.92462669],[-77.40731241,38.92445217],[-77.4072022,38.92433472],[-77.40699992,38.92386757],[-77.40677527,38.92371506],[-77.40668474,38.92345328],[-77.40646247,38.92344676],[-77.40611694,38.92353844],[-77.40587896,38.92334964],[-77.40571706,38.92348483],[-77.40572469,38.92370841],[-77.4055885,38.92378249],[-77.40551064,38.92401094],[-77.40496151,38.92426773],[-77.40464166,38.92455763],[-77.40439041,38.92455402],[-77.40387584,38.9247527],[-77.40358408,38.92472021],[-77.4032867,38.92481442],[-77.40298822,38.92477959],[-77.4026826,38.92490884],[-77.40252189,38.92474997],[-77.40228258,38.92464875],[-77.40204642,38.92471966],[-77.40202455,38.92450934],[-77.40143623,38.92409218],[-77.40100189,38.92414287],[-77.40053781,38.92403325],[-77.39997738,38.92418458],[-77.39956842,38.92414566],[-77.39911278,38.9242165],[-77.39897137,38.92365064],[-77.39896818,38.92340073],[-77.39876439,38.92293751],[-77.39843362,38.92250193],[-77.39788995,38.92196824],[-77.39753051,38.92156946],[-77.39690577,38.92101116],[-77.39673636,38.92086729],[-77.39650577,38.92123308],[-77.39614837,38.92207272],[-77.39600737,38.92232676],[-77.3932198,38.92665967],[-77.39271738,38.92732493],[-77.39214887,38.92817218],[-77.39060345,38.93058361],[-77.38605788,38.93714588],[-77.38537825,38.93811972],[-77.38484906,38.93891376],[-77.384209,38.93982756],[-77.38667084,38.9412344],[-77.38768112,38.94029733],[-77.38823293,38.93983028],[-77.38897505,38.93923619],[-77.39265221,38.93649716],[-77.3931685,38.93609786],[-77.39377141,38.93624943],[-77.39497165,38.93684559],[-77.39527759,38.93706951],[-77.39556402,38.93741956],[-77.39785533,38.93611343],[-77.399071,38.93547816],[-77.40012072,38.93488801],[-77.40018488,38.93483095],[-77.40221741,38.93365411],[-77.40273215,38.93332941],[-77.40413297,38.93253519],[-77.40483143,38.93307028],[-77.40612023,38.93408591],[-77.4071669,38.93461325],[-77.4075223,38.93482387],[-77.41030022,38.93617867],[-77.41101999,38.93647366],[-77.41223767,38.936857],[-77.41324921,38.93715605],[-77.41314223,38.93795137],[-77.41311589,38.93852913],[-77.41314675,38.93904427],[-77.41320264,38.93930016],[-77.41355088,38.94021776],[-77.41376606,38.9410998],[-77.41380656,38.94144341],[-77.41381804,38.94207782]]]},"properties":{"PREC_IDENT":203,"PREC_NAME":"FLORIS","DISTRICT":"Hunter Mill","cx":-77.39980070907694,"cy":38.92922674806717},"id":203},
{"type":"Feature","geometry":{"type":"Polygon","coordinates":[[[-77.40098418,38.98429168],[-77.40246033,38.98278014],[-77.405219,38.97998448],[-77.40738771,38.97779972],[-77.41032812,38.97482441],[-77.4129256,38.97217947],[-77.41353276,38.97157412],[-77.41312907,38.9712495],[-77.40531207,38.96486778],[-77.40306129,38.96305944],[-77.40045473,38.96093301],[-77.39997476,38.96158765],[-77.39736569,38.96520836],[-77.39653534,38.96636894],[-77.39598101,38.96719162],[-77.3949202,38.968696],[-77.39459224,38.96897849],[-77.39426278,38.96913054],[-77.39358921,38.96924365],[-77.38835421,38.96954026],[-77.38808997,38.96953778],[-77.38630549,38.96964169],[-77.38509032,38.96974825],[-77.38388554,38.96975382],[-77.38373842,38.97084392],[-77.38364656,38.97199906],[-77.38359487,38.97238162],[-77.38320843,38.97325251],[-77.38310915,38.9735289],[-77.38305845,38.97475033],[-77.38363567,38.97472973],[-77.38455005,38.97474389],[-77.38675349,38.97420324],[-77.38710241,38.97415986],[-77.38758712,38.97420701],[-77.38812537,38.9744304],[-77.38933596,38.97530541],[-77.39124907,38.97670327],[-77.39110701,38.9770177],[-77.39116594,38.97730108],[-77.39134598,38.97748812],[-77.39182629,38.97782079],[-77.39204097,38.97804247],[-77.3922216,38.97841899],[-77.39231738,38.97891153],[-77.39181397,38.97896283],[-77.39130976,38.9790655],[-77.39050351,38.97935213],[-77.38957054,38.97970763],[-77.38865852,38.9802548],[-77.38839792,38.98046718],[-77.38802671,38.98083699],[-77.3876847,38.98136686],[-77.38782253,38.98142509],[-77.38779867,38.98196116],[-77.38799042,38.98215521],[-77.38822924,38.98190489],[-77.38868918,38.98193047],[-77.3888617,38.98181836],[-77.38917495,38.98138998],[-77.38948006,38.981365],[-77.39467231,38.98271545],[-77.39915099,38.98384893],[-77.40098418,38.98429168]]]},"properties":{"PREC_IDENT":320,"PREC_NAME":"HERNDON #2","DISTRICT":"Dranesville","cx":-77.3995157713499,"cy":38.974011070538225},"id":320},
{"type":"Feature","geometry":{"type":"Polygon","coordinates":[[[-77.19716855,38.89896185],[-77.19776807,38.89861888],[-77.19807401,38.89841357],[-77.20016201,38.89721335],[-77.20058404,38.89699971],[-77.20270415,38.89576822],[-77.20342535,38.89533271],[-77.21121199,38.89084081],[-77.21152783,38.89066716],[-77.21305831,38.88976952],[-77.21366355,38.88952352],[-77.21425841,38.88939582],[-77.2130023,38.88910596],[-77.21203159,38.88896308],[-77.21148488,38.88890992],[-77.21075945,38.88887561],[-77.20996221,38.88888813],[-77.20922059,38.88894542],[-77.20850432,38.88904058],[-77.20771238,38.88919448],[-77.207672,38.88908624],[-77.20803574,38.8887654],[-77.20866042,38.88815599],[-77.20868944,38.88817536],[-77.20953525,38.88730891],[-77.20887974,38.88508807],[-77.20767184,38.88525452],[-77.20696483,38.88708256],[-77.2007318,38.88275212],[-77.20149268,38.8818183],[-77.19888704,38.8809058],[-77.19859227,38.88088743],[-77.19853884,38.88131521],[-77.19845203,38.88152937],[-77.1966771,38.88153114],[-77.19543892,38.88169974],[-77.19387922,38.88193985],[-77.19277431,38.88207415],[-77.19224458,38.8821629],[-77.19227992,38.88259679],[-77.19426742,38.88610628],[-77.1926811,38.88909552],[-77.19092877,38.89238402],[-77.19174207,38.89254526],[-77.19215023,38.89280689],[-77.1914357,38.89357474],[-77.19073195,38.89317411],[-77.19097521,38.89289331],[-77.19068953,38.89283406],[-77.1899129,38.89429672],[-77.1914166,38.89523799],[-77.19197895,38.89561633],[-77.19305238,38.89629556],[-77.19387865,38.89684709],[-77.19557706,38.89794239],[-77.19609431,38.89829139],[-77.19716855,38.89896185]]]},"properties":{"PREC_IDENT":712,"PREC_NAME":"SHREVE","DISTRICT":"Providence","cx":-77.1998519154797,"cy":38.88990369680607},"id":712},
{"type":"Feature","geometry":{"type":"Polygon","coordinates":[[[-77.06094503,38.75995504],[-77.0611289,38.75991004],[-77.06163696,38.7599355],[-77.06377404,38.76023082],[-77.06464097,38.760376],[-77.06595813,38.7606324],[-77.06640237,38.76157153],[-77.06675534,38.76198776],[-77.06839811,38.76315572],[-77.0685015,38.76307186],[-77.06900883,38.76242996],[-77.06961466,38.76159703],[-77.0698536,38.7610466],[-77.07005444,38.76029523],[-77.07034457,38.75963969],[-77.07090014,38.75886244],[-77.07112856,38.75848763],[-77.07122926,38.75818541],[-77.07118395,38.75781824],[-77.0710411,38.75759406],[-77.07085147,38.75742973],[-77.07017984,38.75698902],[-77.06997997,38.75681083],[-77.06985107,38.75659094],[-77.06980309,38.7563583],[-77.06986279,38.75600203],[-77.07075502,38.75434325],[-77.07101638,38.75407457],[-77.07126865,38.75391013],[-77.07185404,38.75445414],[-77.07202289,38.7542516],[-77.07346456,38.75158754],[-77.07426514,38.7501226],[-77.07449877,38.75018997],[-77.07528341,38.75052592],[-77.07556776,38.7501876],[-77.07574931,38.74987161],[-77.07679915,38.7498417],[-77.0790284,38.74972045],[-77.08117314,38.74961599],[-77.08218734,38.74957883],[-77.08298437,38.74952942],[-77.08296446,38.74840463],[-77.08302443,38.74767488],[-77.08326761,38.74636791],[-77.08344836,38.74573711],[-77.08359312,38.74533105],[-77.08411343,38.74419494],[-77.08449901,38.74348972],[-77.08530731,38.74232961],[-77.08588058,38.74170766],[-77.08617368,38.74142423],[-77.08566126,38.74180525],[-77.08532396,38.74201813],[-77.08475539,38.74222272],[-77.08162803,38.74326827],[-77.08070703,38.74356195],[-77.08040826,38.74359815],[-77.07992283,38.74349753],[-77.07856598,38.74295657],[-77.07810095,38.74288913],[-77.07769294,38.74295284],[-77.07627985,38.74348217],[-77.07593784,38.74357687],[-77.07179194,38.7450478],[-77.07135707,38.74522649],[-77.06868374,38.74617151],[-77.06822506,38.74631283],[-77.06611669,38.74705873],[-77.0654525,38.747306],[-77.06507855,38.74741813],[-77.06450886,38.74767341],[-77.06348817,38.74821151],[-77.06294449,38.74856872],[-77.06040356,38.75042003],[-77.0589226,38.75152227],[-77.05814197,38.7520651],[-77.05777022,38.75232645],[-77.05727073,38.75257569],[-77.05728145,38.75326511],[-77.05725544,38.75386208],[-77.05727252,38.75440878],[-77.0574111,38.7555419],[-77.0574897,38.75669351],[-77.05762001,38.75719079],[-77.05789218,38.75778457],[-77.05853286,38.75889091],[-77.05888337,38.7594266],[-77.05938477,38.76030878],[-77.06094503,38.75995504]]]},"properties":{"PREC_IDENT":608,"PREC_NAME":"KIRKSIDE","DISTRICT":"Mount Vernon","cx":-77.06569933641076,"cy":38.75293950666312},"id":608},
{"type":"Feature","geometry":{"type":"Polygon","coordinates":[[[-77.22767194,38.86553693],[-77.22760535,38.86752177],[-77.22753735,38.86816977],[-77.22738635,38.86879277],[-77.22720435,38.87018677],[-77.22712335,38.87126577],[-77.22707535,38.87164477],[-77.22701235,38.87250877],[-77.22690935,38.87426277],[-77.22698435,38.87443977],[-77.22814035,38.87420077],[-77.22832335,38.87425577],[-77.22867635,38.87418777],[-77.22926935,38.87418077],[-77.23142335,38.87403277],[-77.23148735,38.87459877],[-77.23143035,38.87511977],[-77.23127335,38.87563377],[-77.23089435,38.87849377],[-77.23031135,38.87842177],[-77.22950335,38.87840777],[-77.22942135,38.87908677],[-77.22929535,38.87908377],[-77.22766335,38.87922077],[-77.22762135,38.87997477],[-77.22756835,38.88017077],[-77.22753735,38.88108577],[-77.22756235,38.88183078],[-77.22767335,38.88225777],[-77.22803521,38.88317941],[-77.2314783,38.88212321],[-77.23442056,38.88123093],[-77.23578761,38.88080766],[-77.23658911,38.88058013],[-77.23779581,38.88028418],[-77.23933599,38.88000279],[-77.24066329,38.87983991],[-77.24203197,38.8797214],[-77.2432664,38.87964537],[-77.24438422,38.8796079],[-77.24677589,38.87947004],[-77.24678471,38.87894429],[-77.24653713,38.87702906],[-77.24611362,38.87352202],[-77.24607414,38.87296691],[-77.24445963,38.8730897],[-77.2416705,38.87328914],[-77.2384493,38.87348799],[-77.23593461,38.87366003],[-77.23609517,38.87331988],[-77.2373945,38.87074713],[-77.23855383,38.86854081],[-77.23929988,38.86706187],[-77.23990958,38.86594529],[-77.24018636,38.86538533],[-77.23828559,38.86541709],[-77.23702754,38.86545162],[-77.23533406,38.86548008],[-77.2321477,38.86551437],[-77.23063334,38.86554331],[-77.22926044,38.86551748],[-77.22800295,38.86552034],[-77.22779303,38.86553853],[-77.22767194,38.86553693]]]},"properties":{"PREC_IDENT":721,"PREC_NAME":"MERRIFIELD","DISTRICT":"Providence","cx":-77.23310154200225,"cy":38.87045835179674},"id":721},
{"type":"Feature","geometry":{"type":"Polygon","coordinates":[[[-77.37242483,38.92699744],[-77.37320725,38.9273166],[-77.37366398,38.92755713],[-77.374071,38.92783013],[-77.37495255,38.92855388],[-77.37509757,38.9287214],[-77.37555142,38.92937103],[-77.37711834,38.93145368],[-77.37812874,38.93293513],[-77.37858989,38.93357109],[-77.37970857,38.93487646],[-77.38001332,38.93517317],[-77.38093185,38.93624047],[-77.3817219,38.93720631],[-77.38218847,38.93772423],[-77.38350668,38.93931977],[-77.38386746,38.93963348],[-77.384209,38.93982756],[-77.38484906,38.93891376],[-77.38537825,38.93811972],[-77.38605788,38.93714588],[-77.39060345,38.93058361],[-77.39214887,38.92817218],[-77.39271738,38.92732493],[-77.3932198,38.92665967],[-77.39600737,38.92232676],[-77.39614837,38.92207272],[-77.39650577,38.92123308],[-77.39673636,38.92086729],[-77.39469021,38.91906871],[-77.39438204,38.91876651],[-77.39391231,38.91845592],[-77.39336373,38.91824481],[-77.39262802,38.91786032],[-77.39221644,38.9174267],[-77.39173336,38.91684414],[-77.39166907,38.91668289],[-77.39118071,38.9162156],[-77.39082992,38.91594319],[-77.390464,38.91574065],[-77.39001289,38.91559223],[-77.38931532,38.91547168],[-77.38868971,38.91524335],[-77.38765833,38.91466382],[-77.38661702,38.91404573],[-77.38464367,38.91324443],[-77.38415544,38.91299815],[-77.38367843,38.91270942],[-77.38333144,38.91242192],[-77.38312748,38.91197789],[-77.382949,38.91170297],[-77.38225461,38.91115542],[-77.38084271,38.9099681],[-77.38071005,38.90989317],[-77.3805994,38.91020278],[-77.3802764,38.91077277],[-77.3797054,38.91163178],[-77.3794764,38.91206778],[-77.3793454,38.91271978],[-77.3792364,38.91340478],[-77.3791224,38.91376478],[-77.3780534,38.91561678],[-77.3775664,38.91650878],[-77.3773504,38.91684578],[-77.3769564,38.91734378],[-77.3766874,38.91761178],[-77.3761564,38.91820678],[-77.3758444,38.91859078],[-77.3753174,38.91981478],[-77.3748284,38.92110978],[-77.3742934,38.92241478],[-77.3738214,38.92349778],[-77.3736314,38.92419278],[-77.3735574,38.92496278],[-77.3733602,38.92496482],[-77.3733173,38.92545867],[-77.37312301,38.92596618],[-77.37242483,38.92699744]]]},"properties":{"PREC_IDENT":229,"PREC_NAME":"FOX MILL #1","DISTRICT":"Hunter Mill","cx":-77.38407893177555,"cy":38.924344794002266},"id":229},
{"type":"Feature","geometry":{"type":"Polygon","coordinates":[[[-77.34544592,38.93005583],[-77.34601125,38.93044117],[-77.34645755,38.93088902],[-77.34670628,38.93138023],[-77.34703462,38.93260539],[-77.34704363,38.93291988],[-77.34699025,38.93317885],[-77.34679124,38.93352974],[-77.34633932,38.93408548],[-77.34580628,38.93465689],[-77.34554691,38.93504426],[-77.34539198,38.93549581],[-77.34536949,38.93580039],[-77.345436,38.93669209],[-77.34543014,38.93705587],[-77.34535362,38.93744092],[-77.34516059,38.9380747],[-77.34510222,38.93864253],[-77.34518838,38.93918707],[-77.34536072,38.93961987],[-77.34568003,38.94009668],[-77.34683076,38.94156468],[-77.34806044,38.94315563],[-77.34818672,38.94339302],[-77.348276,38.94374537],[-77.34827163,38.94401717],[-77.34813155,38.94441945],[-77.34784196,38.94493559],[-77.34764386,38.94522883],[-77.347232,38.94569434],[-77.34763234,38.9459454],[-77.34789938,38.94617593],[-77.3488583,38.94711618],[-77.34952479,38.94765541],[-77.35020566,38.94795589],[-77.35158388,38.94840733],[-77.35265741,38.94878302],[-77.35326315,38.94894544],[-77.35360338,38.94899956],[-77.35424725,38.94897701],[-77.35475538,38.94886663],[-77.35527568,38.94865477],[-77.35581979,38.9482729],[-77.35610987,38.94794347],[-77.35626526,38.94768137],[-77.35640526,38.94728183],[-77.3564744,38.94669488],[-77.35667394,38.94630965],[-77.35703782,38.94598231],[-77.35732503,38.9458327],[-77.35776646,38.94571342],[-77.35850116,38.94572605],[-77.35916579,38.94594394],[-77.3601727,38.94453819],[-77.36184967,38.94211883],[-77.36284584,38.94071844],[-77.36365157,38.93956132],[-77.36304618,38.93960349],[-77.36274855,38.93931349],[-77.36239467,38.93912035],[-77.36216222,38.9387644],[-77.36185617,38.93870817],[-77.36129108,38.93823523],[-77.36116058,38.93824114],[-77.36041287,38.93780627],[-77.36015933,38.93757727],[-77.35960403,38.93731171],[-77.35888054,38.93708197],[-77.35888805,38.93693033],[-77.35836442,38.93667331],[-77.3581579,38.9363927],[-77.35815032,38.93624619],[-77.35795154,38.93604521],[-77.35790634,38.93581488],[-77.35778057,38.93565396],[-77.3569079,38.93483293],[-77.35629057,38.93462782],[-77.35611235,38.93466807],[-77.3559151,38.93442014],[-77.35572892,38.93440831],[-77.35543873,38.93456005],[-77.35506505,38.93433756],[-77.35461818,38.93442058],[-77.35436411,38.9344287],[-77.35406849,38.93423147],[-77.35346732,38.93394225],[-77.35338183,38.93382082],[-77.35317174,38.93374556],[-77.35305816,38.93360625],[-77.35266265,38.9334875],[-77.35250329,38.93334217],[-77.35194936,38.93306091],[-77.35066049,38.93198177],[-77.35015975,38.93159008],[-77.3500825,38.93141323],[-77.34975738,38.93098383],[-77.34998826,38.93079231],[-77.34990497,38.93051435],[-77.34963929,38.93022123],[-77.34945324,38.93026554],[-77.3490907,38.92999283],[-77.34851243,38.93005222],[-77.34833976,38.93015045],[-77.34813905,38.93002632],[-77.347875,38.92996903],[-77.34748667,38.93022996],[-77.34730052,38.93005503],[-77.34693347,38.93006359],[-77.34675194,38.92994028],[-77.34636202,38.92994798],[-77.34618592,38.92989384],[-77.34603531,38.93004283],[-77.34566641,38.92999569],[-77.34544592,38.93005583]]]},"properties":{"PREC_IDENT":225,"PREC_NAME":"HUGHES","DISTRICT":"Hunter Mill","cx":-77.35301126208964,"cy":38.94004648938743},"id":225},
{"type":"Feature","geometry":{"type":"Polygon","coordinates":[[[-77.38667084,38.9412344],[-77.38759224,38.94181059],[-77.38853368,38.94232062],[-77.3896971,38.9430277],[-77.39002732,38.94327383],[-77.39056374,38.94360154],[-77.39120925,38.9439234],[-77.3917279,38.94426329],[-77.39288095,38.94496338],[-77.3932254,38.94520002],[-77.39401595,38.94569486],[-77.39466357,38.94588218],[-77.39541116,38.94597158],[-77.39631929,38.94591147],[-77.39668598,38.94584626],[-77.39721224,38.94569468],[-77.39760129,38.94554731],[-77.39870636,38.94502634],[-77.39918491,38.94477545],[-77.40021491,38.94433339],[-77.40170359,38.94378715],[-77.40333913,38.94329306],[-77.40483639,38.94287317],[-77.40562757,38.9426389],[-77.40571837,38.94291021],[-77.40598096,38.94344399],[-77.40628263,38.94395204],[-77.40674423,38.94457965],[-77.40755575,38.94531897],[-77.40810911,38.94569481],[-77.40952678,38.94657841],[-77.41024823,38.9470011],[-77.41085506,38.94733074],[-77.41159652,38.94759435],[-77.4120418,38.94767947],[-77.41273336,38.94775589],[-77.41293928,38.94785802],[-77.41312186,38.94694808],[-77.41352075,38.94452577],[-77.41380111,38.94296321],[-77.4138422,38.9425723],[-77.41381804,38.94207782],[-77.41380656,38.94144341],[-77.41376606,38.9410998],[-77.41355088,38.94021776],[-77.41320264,38.93930016],[-77.41314675,38.93904427],[-77.41311589,38.93852913],[-77.41314223,38.93795137],[-77.41324921,38.93715605],[-77.41223767,38.936857],[-77.41101999,38.93647366],[-77.41030022,38.93617867],[-77.4075223,38.93482387],[-77.4071669,38.93461325],[-77.40612023,38.93408591],[-77.40483143,38.93307028],[-77.40413297,38.93253519],[-77.40273215,38.93332941],[-77.40221741,38.93365411],[-77.40018488,38.93483095],[-77.40012072,38.93488801],[-77.399071,38.93547816],[-77.39785533,38.93611343],[-77.39556402,38.93741956],[-77.39527759,38.93706951],[-77.39497165,38.93684559],[-77.39377141,38.93624943],[-77.3931685,38.93609786],[-77.39265221,38.93649716],[-77.38897505,38.93923619],[-77.38823293,38.93983028],[-77.38768112,38.94029733],[-77.38667084,38.9412344]]]},"properties":{"PREC_IDENT":235,"PREC_NAME":"FRYING PAN","DISTRICT":"Hunter Mill","cx":-77.40171591557007,"cy":38.93932096514082},"id":235},
{"type":"Feature","geometry":{"type":"Polygon","coordinates":[[[-77.38404992,38.98914557],[-77.38296497,38.9886761],[-77.38320026,38.98831254],[-77.37900522,38.9865052],[-77.37758811,38.98623079],[-77.37762588,38.98605965],[-77.37470247,38.98492376],[-77.37297189,38.98422896],[-77.3670809,38.98189057],[-77.36671546,38.9817415],[-77.36659379,38.98188394],[-77.36660633,38.98204137],[-77.36676076,38.98220671],[-77.36690889,38.98250345],[-77.36684668,38.98269965],[-77.36712622,38.98283793],[-77.36724823,38.98302514],[-77.36698664,38.98336253],[-77.36682938,38.98384023],[-77.36691415,38.9844221],[-77.36692135,38.98496319],[-77.36706951,38.98545646],[-77.36702272,38.98604392],[-77.36662904,38.9862392],[-77.36670864,38.98657376],[-77.36670631,38.98682356],[-77.366324,38.98701066],[-77.36600558,38.98699619],[-77.36560889,38.98679837],[-77.36527242,38.98690603],[-77.36526132,38.98705846],[-77.36511398,38.98736476],[-77.36519706,38.98750344],[-77.36544979,38.98761192],[-77.36567379,38.98787927],[-77.36562912,38.98808316],[-77.36545637,38.98823142],[-77.36530851,38.98853284],[-77.36521065,38.9889843],[-77.36499043,38.98944873],[-77.36496439,38.98996259],[-77.36500163,38.99031136],[-77.36466852,38.98993804],[-77.36420915,38.98950069],[-77.36417267,38.98940086],[-77.3635841,38.98874671],[-77.36345452,38.98874254],[-77.36333498,38.98855489],[-77.3631073,38.98858229],[-77.362769,38.98849593],[-77.36263086,38.98826822],[-77.3624294,38.98830368],[-77.3623455,38.98813479],[-77.36203521,38.98814593],[-77.36187861,38.98790695],[-77.36158709,38.98789273],[-77.3614915,38.98801457],[-77.360749,38.98788967],[-77.36058416,38.98771959],[-77.36026975,38.98767378],[-77.3602186,38.98756098],[-77.35976815,38.98845047],[-77.35947219,38.98856857],[-77.35897743,38.98936831],[-77.35888953,38.98958576],[-77.35791304,38.99124851],[-77.35745147,38.99195109],[-77.35724687,38.99220447],[-77.35690015,38.99298505],[-77.35675761,38.99353833],[-77.35659354,38.99389782],[-77.35633093,38.99425772],[-77.35561024,38.99509918],[-77.35538264,38.99524936],[-77.35507146,38.99534518],[-77.35483203,38.99535521],[-77.35449519,38.99529564],[-77.35382049,38.99501998],[-77.35359928,38.99499036],[-77.35284286,38.99498436],[-77.35245804,38.99506435],[-77.35158318,38.99542239],[-77.3514218,38.99561165],[-77.35142314,38.99596726],[-77.35165374,38.99892268],[-77.35172803,39.00065468],[-77.35186384,39.00096354],[-77.35250894,39.00133229],[-77.35302312,39.00152677],[-77.35308349,39.0017127],[-77.35195128,39.00187465],[-77.35131531,39.00203319],[-77.35089355,39.00221991],[-77.35053048,39.00247722],[-77.35013373,39.00285914],[-77.35084924,39.00322721],[-77.35797553,39.00719297],[-77.36108355,39.00893377],[-77.36392692,39.01050443],[-77.36506096,39.0111222],[-77.36675425,39.01198562],[-77.36738986,39.0122979],[-77.37057425,39.01391012],[-77.37096556,39.01409373],[-77.37124611,39.01281823],[-77.3713949,39.0123103],[-77.37167035,39.01180496],[-77.37217873,39.01125792],[-77.37344485,39.01019642],[-77.37421552,39.00952969],[-77.37452041,39.00916466],[-77.3747302,39.00880422],[-77.37488542,39.00833204],[-77.37488938,39.00763189],[-77.37449801,39.00588728],[-77.37446327,39.00563433],[-77.37449519,39.0049468],[-77.37464655,39.00449655],[-77.37554093,39.00222193],[-77.37625027,39.00029974],[-77.37655839,38.99950089],[-77.37661111,38.99883141],[-77.37667447,38.9965859],[-77.37670412,38.99377909],[-77.37691611,38.99373248],[-77.3775317,38.99326346],[-77.37857455,38.99322852],[-77.37865887,38.99297436],[-77.37894487,38.99301037],[-77.379134,38.99280951],[-77.3796639,38.99305529],[-77.38036455,38.99300452],[-77.38036419,38.99275214],[-77.38084753,38.99258611],[-77.38160434,38.99204275],[-77.38188679,38.99154243],[-77.38184899,38.99127889],[-77.38265464,38.99102773],[-77.38250872,38.99081329],[-77.38264647,38.99019447],[-77.38290032,38.98999292],[-77.38333038,38.98997888],[-77.38353844,38.98963169],[-77.38385807,38.98943249],[-77.38404992,38.98914557]]]},"properties":{"PREC_IDENT":327,"PREC_NAME":"SUGARLAND","DISTRICT":"Dranesville","cx":-77.36714436016206,"cy":38.998930335595865},"id":327},
{"type":"Feature","geometry":{"type":"Polygon","coordinates":[[[-77.06094503,38.75995504],[-77.06118357,38.76004195],[-77.06164918,38.76033609],[-77.06189694,38.76042536],[-77.06219817,38.76035446],[-77.06256545,38.76035666],[-77.06286553,38.76031001],[-77.06325091,38.76054387],[-77.06365455,38.76049216],[-77.06408815,38.76067729],[-77.06450875,38.76073739],[-77.06472604,38.76089342],[-77.06506999,38.76086086],[-77.06522527,38.7609661],[-77.06562944,38.76084596],[-77.06588028,38.76124535],[-77.06599871,38.76163258],[-77.0662518,38.76197227],[-77.06614495,38.7620888],[-77.06633142,38.7623855],[-77.06678209,38.76246469],[-77.06711356,38.76235678],[-77.06716195,38.76256863],[-77.06753867,38.76273136],[-77.06743365,38.76289712],[-77.06765256,38.7630145],[-77.06787468,38.76332138],[-77.06814388,38.76346579],[-77.06839857,38.76338789],[-77.06845517,38.76349392],[-77.06831498,38.76362062],[-77.06859059,38.76371637],[-77.0688865,38.76405372],[-77.06929885,38.76412938],[-77.06943372,38.76449401],[-77.06917762,38.76473587],[-77.06917786,38.76491594],[-77.06930534,38.76505944],[-77.06947921,38.7650949],[-77.06966772,38.76545544],[-77.06956694,38.76558886],[-77.06956315,38.76584606],[-77.06974478,38.76623823],[-77.06990753,38.7663795],[-77.07003193,38.76680187],[-77.07035948,38.76717541],[-77.07067382,38.76741617],[-77.07083701,38.76747589],[-77.07139327,38.76752536],[-77.07149635,38.76839334],[-77.07037237,38.76846889],[-77.07027268,38.76783743],[-77.06979449,38.76736613],[-77.06967314,38.76729462],[-77.06922974,38.76719035],[-77.06918457,38.76734496],[-77.06922286,38.76894506],[-77.06956764,38.7715375],[-77.06963081,38.77171265],[-77.07032615,38.77149732],[-77.07110525,38.7713036],[-77.07393436,38.77050871],[-77.07459365,38.77034097],[-77.07495194,38.77031649],[-77.07556392,38.77041181],[-77.07863361,38.77145964],[-77.08096501,38.77223894],[-77.08121228,38.77232981],[-77.08128162,38.77166059],[-77.0813926,38.77101385],[-77.08159101,38.77020339],[-77.08175494,38.76971793],[-77.08211832,38.76890123],[-77.08254355,38.76814981],[-77.08350702,38.76660714],[-77.08387932,38.76587018],[-77.08408555,38.76519438],[-77.08417261,38.76451438],[-77.08418601,38.764012],[-77.08409449,38.76280867],[-77.08378107,38.759108],[-77.08362565,38.75738429],[-77.08349649,38.75539589],[-77.08343359,38.75502852],[-77.08329851,38.75334075],[-77.08311424,38.75130226],[-77.08298437,38.74952942],[-77.08218734,38.74957883],[-77.08117314,38.74961599],[-77.0790284,38.74972045],[-77.07679915,38.7498417],[-77.07574931,38.74987161],[-77.07556776,38.7501876],[-77.07528341,38.75052592],[-77.07449877,38.75018997],[-77.07426514,38.7501226],[-77.07346456,38.75158754],[-77.07202289,38.7542516],[-77.07185404,38.75445414],[-77.07126865,38.75391013],[-77.07101638,38.75407457],[-77.07075502,38.75434325],[-77.06986279,38.75600203],[-77.06980309,38.7563583],[-77.06985107,38.75659094],[-77.06997997,38.75681083],[-77.07017984,38.75698902],[-77.07085147,38.75742973],[-77.0710411,38.75759406],[-77.07118395,38.75781824],[-77.07122926,38.75818541],[-77.07112856,38.75848763],[-77.07090014,38.75886244],[-77.07034457,38.75963969],[-77.07005444,38.76029523],[-77.0698536,38.7610466],[-77.06961466,38.76159703],[-77.06900883,38.76242996],[-77.0685015,38.76307186],[-77.06839811,38.76315572],[-77.06675534,38.76198776],[-77.06640237,38.76157153],[-77.06595813,38.7606324],[-77.06464097,38.760376],[-77.06377404,38.76023082],[-77.06163696,38.7599355],[-77.0611289,38.75991004],[-77.06094503,38.75995504]]]},"properties":{"PREC_IDENT":604,"PREC_NAME":"BUCKNELL","DISTRICT":"Mount Vernon","cx":-77.0770840031326,"cy":38.76104311134989},"id":604},
{"type":"Feature","geometry":{"type":"Polygon","coordinates":[[[-77.40880104,38.87733531],[-77.40888826,38.87856317],[-77.40886934,38.8788829],[-77.4087644,38.87931578],[-77.40855401,38.8797518],[-77.40760001,38.88126555],[-77.40724313,38.88186221],[-77.40657727,38.88290771],[-77.40638244,38.88324365],[-77.40568054,38.88434647],[-77.40803115,38.88525391],[-77.40846057,38.88543226],[-77.41126893,38.88650865],[-77.41203714,38.88682056],[-77.41341284,38.8873549],[-77.41366856,38.88743565],[-77.41613114,38.88838652],[-77.41792281,38.88909776],[-77.41825146,38.88920513],[-77.41995598,38.88987297],[-77.42296035,38.89102227],[-77.42488799,38.8918129],[-77.42573331,38.89214466],[-77.4272533,38.8927091],[-77.42838165,38.89314777],[-77.43107079,38.89424729],[-77.43312807,38.89507467],[-77.43392461,38.89538395],[-77.43517471,38.89591152],[-77.43568082,38.8961399],[-77.43741352,38.89682559],[-77.43907405,38.89750712],[-77.43947426,38.89695268],[-77.44084176,38.89500718],[-77.44146063,38.89402423],[-77.44193144,38.89331179],[-77.44291547,38.89186669],[-77.44327057,38.89137424],[-77.44488998,38.88900947],[-77.44554005,38.88804737],[-77.44641206,38.88680443],[-77.4468861,38.88610436],[-77.44715619,38.88565507],[-77.44766655,38.88487294],[-77.44829461,38.88396967],[-77.44858703,38.88343409],[-77.44877221,38.88302386],[-77.44900381,38.88232298],[-77.44916189,38.88160359],[-77.44924146,38.88072835],[-77.44921,38.87999766],[-77.4491272,38.87941478],[-77.44898457,38.87883961],[-77.44874413,38.87819648],[-77.44850137,38.87838033],[-77.44811096,38.87877772],[-77.44770856,38.87903116],[-77.44760991,38.87903351],[-77.44697027,38.87928497],[-77.44681747,38.87953512],[-77.4466859,38.87957403],[-77.44653455,38.87986921],[-77.4461693,38.88006322],[-77.44585467,38.87997945],[-77.44551366,38.88018777],[-77.44524114,38.88051604],[-77.44501467,38.88054594],[-77.44472914,38.88079899],[-77.44441968,38.88086319],[-77.4440597,38.88103448],[-77.44406434,38.88128242],[-77.44382063,38.88134015],[-77.44362633,38.88131097],[-77.44328438,38.88148188],[-77.44298719,38.88138101],[-77.44254792,38.8813536],[-77.44209417,38.88106792],[-77.44150334,38.88100905],[-77.44126655,38.88070223],[-77.44090285,38.88065191],[-77.44031237,38.88074275],[-77.43970995,38.88095655],[-77.43947575,38.88123106],[-77.43907428,38.88129487],[-77.4388713,38.88141389],[-77.43862534,38.88129287],[-77.43845385,38.88130816],[-77.43839293,38.88149356],[-77.43812814,38.88173654],[-77.43765483,38.88184051],[-77.43728853,38.8816851],[-77.43649495,38.8818137],[-77.4362139,38.88193422],[-77.43590162,38.88185863],[-77.43546309,38.88183628],[-77.43518817,38.88175509],[-77.43518569,38.8815857],[-77.4348985,38.88138915],[-77.43445945,38.88140706],[-77.43423145,38.8815249],[-77.43386425,38.88150943],[-77.43310129,38.8813715],[-77.43284995,38.88147372],[-77.43278201,38.88169594],[-77.43251202,38.88165825],[-77.43229926,38.88156002],[-77.43196742,38.88166058],[-77.43187407,38.88156887],[-77.43121557,38.88139241],[-77.43113075,38.88126881],[-77.43086813,38.88123663],[-77.43064245,38.88113083],[-77.43016948,38.88101548],[-77.42994126,38.88087218],[-77.42969478,38.88095478],[-77.42912555,38.88079821],[-77.42876748,38.88042993],[-77.42860841,38.88035909],[-77.42854113,38.88002303],[-77.42829858,38.87976515],[-77.42807474,38.87970294],[-77.42789827,38.87977206],[-77.42766768,38.87962607],[-77.42748392,38.87938355],[-77.42704474,38.87922761],[-77.42650737,38.87928538],[-77.42612277,38.87942169],[-77.42558927,38.87940157],[-77.42536677,38.87943592],[-77.42527588,38.87929351],[-77.42471077,38.8788391],[-77.42450162,38.87878485],[-77.42400326,38.87852502],[-77.4238715,38.87863467],[-77.42358121,38.87870604],[-77.42248153,38.87861594],[-77.42200827,38.87870652],[-77.42178192,38.87857374],[-77.42135061,38.8785804],[-77.42104154,38.87850073],[-77.4208371,38.87850943],[-77.42031449,38.8784081],[-77.4196369,38.87820035],[-77.41945249,38.87832334],[-77.41918487,38.87828664],[-77.41905352,38.8783403],[-77.41819454,38.87833327],[-77.41795607,38.87845008],[-77.41710993,38.87835084],[-77.41688458,38.87839931],[-77.4167011,38.87835476],[-77.41657276,38.87845794],[-77.41609226,38.87822996],[-77.41554627,38.87806566],[-77.41540745,38.87798832],[-77.41510048,38.87795591],[-77.4149837,38.87802219],[-77.41453869,38.87790044],[-77.4139669,38.87797212],[-77.41363264,38.87796757],[-77.41309047,38.8778319],[-77.41236329,38.87772129],[-77.41212141,38.877817],[-77.41166276,38.87765533],[-77.41101535,38.87753375],[-77.41077116,38.87745053],[-77.41041005,38.87747297],[-77.41011574,38.87743097],[-77.40999,38.87732999],[-77.40961364,38.87724368],[-77.40880104,38.87733531]]]},"properties":{"PREC_IDENT":902,"PREC_NAME":"BROOKFIELD","DISTRICT":"Sully","cx":-77.43231055678984,"cy":38.88797012596632},"id":902},
{"type":"Feature","geometry":{"type":"Polygon","coordinates":[[[-77.18006245,38.82710127],[-77.17943121,38.82687448],[-77.17645078,38.82592098],[-77.17513117,38.82552164],[-77.17414889,38.82529635],[-77.17404523,38.82539678],[-77.17321635,38.8259888],[-77.17267871,38.82639738],[-77.17076836,38.8277584],[-77.16970905,38.82846861],[-77.16845129,38.82927679],[-77.16728557,38.83004344],[-77.16669951,38.83040887],[-77.16658859,38.83052158],[-77.16591432,38.83091072],[-77.16490479,38.83158163],[-77.16249705,38.83305357],[-77.16023368,38.83449827],[-77.1586775,38.83548281],[-77.15815439,38.83585716],[-77.15768618,38.83611131],[-77.15775554,38.83634551],[-77.1582398,38.83635929],[-77.15859974,38.8364499],[-77.15964983,38.83681065],[-77.16134114,38.83742997],[-77.16223431,38.83773398],[-77.162608,38.83784122],[-77.16310514,38.83791828],[-77.16388751,38.83795053],[-77.16692105,38.83776396],[-77.16811297,38.83767452],[-77.17054917,38.83751129],[-77.17115903,38.83737952],[-77.17217897,38.84051332],[-77.17228271,38.8407891],[-77.1725496,38.84116696],[-77.17323689,38.84197658],[-77.17342541,38.84222585],[-77.17367679,38.84268316],[-77.1740965,38.84372317],[-77.17463251,38.84512147],[-77.17472346,38.84552067],[-77.1747386,38.84603161],[-77.17470548,38.84648292],[-77.17499556,38.84649658],[-77.17571288,38.84662463],[-77.17660534,38.84672547],[-77.1771226,38.84675347],[-77.17835928,38.84676677],[-77.17854934,38.84667577],[-77.17893913,38.84673501],[-77.17926466,38.84673228],[-77.17943729,38.8466537],[-77.17953945,38.84645664],[-77.17978768,38.84644727],[-77.17991415,38.84655269],[-77.1800104,38.84689645],[-77.18043823,38.84703903],[-77.18071334,38.84693777],[-77.18116694,38.84704842],[-77.18185134,38.84704977],[-77.18212083,38.84718167],[-77.18258334,38.84721777],[-77.1827926,38.84745283],[-77.18291971,38.84749305],[-77.18333144,38.8474321],[-77.18401012,38.84766277],[-77.18401912,38.84700788],[-77.18340937,38.84693926],[-77.18308082,38.84685594],[-77.1827292,38.84668998],[-77.18243504,38.84645464],[-77.18221329,38.84610065],[-77.18206084,38.84560603],[-77.18206268,38.84531497],[-77.18213665,38.84511122],[-77.18263972,38.84429442],[-77.18286628,38.84381229],[-77.18299663,38.84340596],[-77.18297882,38.84284557],[-77.18351069,38.84122313],[-77.18358413,38.84066513],[-77.18345051,38.83990984],[-77.1834461,38.83938393],[-77.18550886,38.83948256],[-77.18578546,38.83952548],[-77.18617609,38.83966853],[-77.18642956,38.83982377],[-77.18708402,38.84051623],[-77.1872954,38.84066963],[-77.18770742,38.84002754],[-77.1885383,38.83817501],[-77.18778693,38.83798262],[-77.1873755,38.83782562],[-77.18658524,38.83745567],[-77.18624505,38.83724316],[-77.18601004,38.8370387],[-77.18570182,38.83661373],[-77.18581549,38.83635001],[-77.18674443,38.83585513],[-77.18688148,38.83565621],[-77.18703874,38.83492889],[-77.18604932,38.83450865],[-77.18380931,38.83527716],[-77.18322702,38.83543951],[-77.18236775,38.8355809],[-77.17979762,38.8357772],[-77.17897029,38.8358997],[-77.17791609,38.83613909],[-77.17792194,38.83410571],[-77.1784027,38.83411799],[-77.17929497,38.83409096],[-77.17924911,38.8333394],[-77.17906164,38.83265215],[-77.18012151,38.83248283],[-77.18050017,38.83251043],[-77.1827389,38.83353102],[-77.18303464,38.83310321],[-77.18306621,38.83272187],[-77.18345627,38.83193675],[-77.18368451,38.83174297],[-77.18342907,38.83150532],[-77.18256375,38.83083106],[-77.18171475,38.83003341],[-77.18136418,38.82981528],[-77.17881016,38.82895587],[-77.17975432,38.82763054],[-77.18002867,38.82722034],[-77.18006245,38.82710127]]]},"properties":{"PREC_IDENT":513,"PREC_NAME":"SAINT ALBANS","DISTRICT":"Mason","cx":-77.17333820835132,"cy":38.83324082341361},"id":513},
{"type":"Feature","geometry":{"type":"Polygon","coordinates":[[[-77.21889681,38.79270793],[-77.21879902,38.79261399],[-77.21779057,38.79265341],[-77.21755869,38.79251674],[-77.21538595,38.79259722],[-77.21539142,38.79273432],[-77.21057077,38.79291078],[-77.2080364,38.79301773],[-77.20549812,38.79310006],[-77.2048548,38.79314519],[-77.20400819,38.7932513],[-77.20352133,38.79333801],[-77.20341446,38.79319391],[-77.2024285,38.79357807],[-77.20133279,38.79395814],[-77.20107456,38.79410824],[-77.19892479,38.79497144],[-77.19498176,38.7965362],[-77.19353955,38.79712702],[-77.1920661,38.79678458],[-77.19039198,38.79641578],[-77.18960954,38.79621894],[-77.18827592,38.79584429],[-77.18737226,38.79556095],[-77.18614026,38.79513611],[-77.18609608,38.79512046],[-77.18599474,38.79586133],[-77.18582949,38.79683845],[-77.18543362,38.79852834],[-77.18501812,38.80013975],[-77.1848749,38.8004869],[-77.18455163,38.80108466],[-77.18420159,38.80199381],[-77.1850823,38.80219316],[-77.18573179,38.80217847],[-77.18621153,38.80204379],[-77.18708184,38.8016569],[-77.18749516,38.8024709],[-77.18768209,38.80257888],[-77.18793167,38.80295002],[-77.18815719,38.8029978],[-77.18862488,38.80329225],[-77.18883566,38.80346862],[-77.18908117,38.80350366],[-77.18926137,38.80337128],[-77.18951462,38.80328972],[-77.18982655,38.80331232],[-77.19003263,38.80317295],[-77.19033812,38.80321574],[-77.19044009,38.80336066],[-77.19078631,38.80360637],[-77.19090472,38.80385657],[-77.19113397,38.80403471],[-77.19154955,38.80405695],[-77.19169738,38.80430223],[-77.19185062,38.80439953],[-77.19213385,38.80442861],[-77.1924594,38.80474872],[-77.1927884,38.80480286],[-77.19290083,38.80501801],[-77.19293945,38.80533146],[-77.19305819,38.80543694],[-77.19309507,38.80568384],[-77.19343558,38.80617111],[-77.1935089,38.80641399],[-77.19362062,38.80652148],[-77.19380385,38.80699639],[-77.19404414,38.80715477],[-77.1940718,38.80742329],[-77.19439643,38.8074641],[-77.19427405,38.80788322],[-77.19440973,38.80822294],[-77.19439746,38.80875521],[-77.19428217,38.80895776],[-77.19429795,38.80922683],[-77.19444738,38.80942632],[-77.19421796,38.80998745],[-77.19402413,38.81014141],[-77.19399109,38.81038333],[-77.19410658,38.81054075],[-77.19394892,38.8108671],[-77.19414673,38.81110634],[-77.19435572,38.81157432],[-77.19469035,38.81179329],[-77.19623313,38.81176819],[-77.19758961,38.81167479],[-77.19997731,38.81161752],[-77.20495222,38.81153249],[-77.2070338,38.811517],[-77.21011952,38.81148231],[-77.21258371,38.81146407],[-77.21411456,38.81143143],[-77.21637186,38.8114026],[-77.21664895,38.81141249],[-77.21804608,38.81139893],[-77.21446504,38.8065569],[-77.21382803,38.80567667],[-77.21230247,38.80365943],[-77.21190517,38.80317352],[-77.2121417,38.80250948],[-77.2121405,38.80227785],[-77.21222792,38.80212884],[-77.21259974,38.8019519],[-77.21266795,38.80180967],[-77.21298712,38.80165021],[-77.21309047,38.80133591],[-77.21343693,38.80113828],[-77.21339133,38.80092804],[-77.2138511,38.79996658],[-77.21394836,38.79986733],[-77.21414064,38.79929054],[-77.21429601,38.79915233],[-77.21430421,38.79897835],[-77.21410846,38.79886355],[-77.21408392,38.79860514],[-77.21385678,38.79852183],[-77.21365095,38.79810563],[-77.21348353,38.79807676],[-77.21347727,38.79789093],[-77.21328765,38.79760887],[-77.21344635,38.79749546],[-77.21365808,38.79714524],[-77.21391353,38.79684037],[-77.21393827,38.79661543],[-77.21429968,38.79630794],[-77.21421447,38.79611828],[-77.21448318,38.79579483],[-77.21463205,38.79570684],[-77.21461676,38.79548246],[-77.21498788,38.79522479],[-77.21506824,38.79508155],[-77.21532034,38.79488176],[-77.21568234,38.79470376],[-77.21594334,38.79446876],[-77.21621634,38.79430576],[-77.21878572,38.79376702],[-77.21868828,38.79324628],[-77.21889681,38.79270793]]]},"properties":{"PREC_IDENT":110,"PREC_NAME":"NORTH SPRINGFIELD","DISTRICT":"Braddock","cx":-77.20259494697409,"cy":38.80229719354139},"id":110},
{"type":"Feature","geometry":{"type":"Polygon","coordinates":[[[-77.05727073,38.75257569],[-77.05667135,38.75256008],[-77.05581409,38.75246302],[-77.05495139,38.752462],[-77.05375846,38.75248985],[-77.05288519,38.75249143],[-77.05257214,38.752537],[-77.05228571,38.75265429],[-77.05178209,38.75293367],[-77.05151363,38.75302922],[-77.05120484,38.75303776],[-77.05079642,38.75294346],[-77.05061072,38.75276129],[-77.05053812,38.75201344],[-77.05036046,38.75178056],[-77.05020724,38.75172649],[-77.04851471,38.75181808],[-77.04184831,38.75181779],[-77.04166747,38.7569289],[-77.04142149,38.76369239],[-77.0413682,38.76563979],[-77.04179626,38.76563031],[-77.04688662,38.76575533],[-77.04795754,38.76570132],[-77.04818124,38.76556678],[-77.04829411,38.76536222],[-77.04847289,38.76519417],[-77.04867583,38.76487126],[-77.04907862,38.76437919],[-77.04938681,38.76422922],[-77.05013022,38.76423841],[-77.0506745,38.76438245],[-77.05084778,38.7644862],[-77.05091128,38.76464214],[-77.05061965,38.76501476],[-77.0500664,38.76531549],[-77.04988658,38.76553571],[-77.04987793,38.765964],[-77.04996386,38.76605157],[-77.05110626,38.76680166],[-77.05158326,38.76697781],[-77.05186386,38.76715291],[-77.05205789,38.7674464],[-77.05222246,38.76814848],[-77.05245343,38.76824586],[-77.05279428,38.76821911],[-77.05302487,38.76830284],[-77.05352543,38.76839049],[-77.05403186,38.76852057],[-77.05403943,38.76870206],[-77.0542439,38.76870865],[-77.05439568,38.76891448],[-77.05465154,38.76904706],[-77.05510154,38.76913919],[-77.05526001,38.76928328],[-77.05555378,38.76935424],[-77.05570537,38.76965818],[-77.05588667,38.76966542],[-77.05608631,38.76982244],[-77.05597566,38.7700353],[-77.0561441,38.7704824],[-77.0566562,38.77096835],[-77.05763188,38.77107972],[-77.0586116,38.77115212],[-77.05897436,38.7712485],[-77.05933988,38.77149471],[-77.06239329,38.774752],[-77.0625986,38.77504558],[-77.06341408,38.77508169],[-77.06428411,38.77507999],[-77.06470268,38.7750247],[-77.06517056,38.77478327],[-77.06536779,38.77456874],[-77.06565253,38.77401201],[-77.06584315,38.77342529],[-77.0661297,38.77295371],[-77.06649049,38.77262859],[-77.06675251,38.77250684],[-77.06877739,38.77193841],[-77.06963081,38.77171265],[-77.06956764,38.7715375],[-77.06922286,38.76894506],[-77.06918457,38.76734496],[-77.06922974,38.76719035],[-77.06967314,38.76729462],[-77.06979449,38.76736613],[-77.07027268,38.76783743],[-77.07037237,38.76846889],[-77.07149635,38.76839334],[-77.07139327,38.76752536],[-77.07083701,38.76747589],[-77.07067382,38.76741617],[-77.07035948,38.76717541],[-77.07003193,38.76680187],[-77.06990753,38.7663795],[-77.06974478,38.76623823],[-77.06956315,38.76584606],[-77.06956694,38.76558886],[-77.06966772,38.76545544],[-77.06947921,38.7650949],[-77.06930534,38.76505944],[-77.06917786,38.76491594],[-77.06917762,38.76473587],[-77.06943372,38.76449401],[-77.06929885,38.76412938],[-77.0688865,38.76405372],[-77.06859059,38.76371637],[-77.06831498,38.76362062],[-77.06845517,38.76349392],[-77.06839857,38.76338789],[-77.06814388,38.76346579],[-77.06787468,38.76332138],[-77.06765256,38.7630145],[-77.06743365,38.76289712],[-77.06753867,38.76273136],[-77.06716195,38.76256863],[-77.06711356,38.76235678],[-77.06678209,38.76246469],[-77.06633142,38.7623855],[-77.06614495,38.7620888],[-77.0662518,38.76197227],[-77.06599871,38.76163258],[-77.06588028,38.76124535],[-77.06562944,38.76084596],[-77.06522527,38.7609661],[-77.06506999,38.76086086],[-77.06472604,38.76089342],[-77.06450875,38.76073739],[-77.06408815,38.76067729],[-77.06365455,38.76049216],[-77.06325091,38.76054387],[-77.06286553,38.76031001],[-77.06256545,38.76035666],[-77.06219817,38.76035446],[-77.06189694,38.76042536],[-77.06164918,38.76033609],[-77.06118357,38.76004195],[-77.06094503,38.75995504],[-77.05938477,38.76030878],[-77.05888337,38.7594266],[-77.05853286,38.75889091],[-77.05789218,38.75778457],[-77.05762001,38.75719079],[-77.0574897,38.75669351],[-77.0574111,38.7555419],[-77.05727252,38.75440878],[-77.05725544,38.75386208],[-77.05728145,38.75326511],[-77.05727073,38.75257569]]]},"properties":{"PREC_IDENT":609,"PREC_NAME":"MARLAN","DISTRICT":"Mount Vernon","cx":-77.05240145868633,"cy":38.75913789890245},"id":609},
{"type":"Feature","geometry":{"type":"Polygon","coordinates":[[[-77.33566429,38.87172036],[-77.33505795,38.87130078],[-77.33448631,38.87102738],[-77.33319386,38.87058342],[-77.33204591,38.87011069],[-77.33176506,38.87010103],[-77.33137366,38.87019325],[-77.33105031,38.87042069],[-77.33022496,38.87106052],[-77.33003953,38.87123029],[-77.32964041,38.87114943],[-77.32931312,38.8709718],[-77.32792163,38.87014099],[-77.32764303,38.86999405],[-77.3272239,38.86984844],[-77.32683897,38.86975947],[-77.32549326,38.86956891],[-77.32474595,38.86951612],[-77.32335147,38.86951589],[-77.32258259,38.86949308],[-77.3219442,38.86943862],[-77.32124124,38.86946589],[-77.32083061,38.86944529],[-77.31951006,38.86928924],[-77.32002345,38.8687603],[-77.32058011,38.86823043],[-77.32116004,38.86756623],[-77.32168326,38.86693305],[-77.32239579,38.86599422],[-77.31751163,38.86686365],[-77.3169341,38.86695394],[-77.31627979,38.86701462],[-77.31575616,38.86703131],[-77.3150576,38.86700642],[-77.31497959,38.86683812],[-77.31472393,38.86679298],[-77.31427073,38.86701083],[-77.31290922,38.86693117],[-77.31195324,38.86675537],[-77.31115312,38.86650013],[-77.310836,38.86634864],[-77.31007789,38.86589062],[-77.30962981,38.86558814],[-77.30910987,38.86517097],[-77.30858883,38.86460962],[-77.30835575,38.86426264],[-77.30809499,38.86367921],[-77.30801352,38.86329807],[-77.3075975,38.86318126],[-77.30736467,38.8631985],[-77.3074212,38.86418314],[-77.30752682,38.86468671],[-77.30774284,38.86521476],[-77.30858719,38.86745856],[-77.30873691,38.86796122],[-77.3088345,38.8684304],[-77.30893508,38.86914263],[-77.30898959,38.8698791],[-77.308944,38.87093309],[-77.30886889,38.87143759],[-77.3087482,38.87193613],[-77.30849103,38.87282734],[-77.3081164,38.87381072],[-77.30808564,38.87397104],[-77.30782961,38.8745808],[-77.3075846,38.87495039],[-77.30709035,38.87552065],[-77.30655378,38.87610009],[-77.30614497,38.8766012],[-77.30465129,38.87832969],[-77.30400968,38.87888609],[-77.30294351,38.87962076],[-77.30178529,38.88039704],[-77.30088435,38.88091232],[-77.30099514,38.8818512],[-77.30096093,38.882006],[-77.30100903,38.88249116],[-77.30109601,38.88296298],[-77.30113065,38.88404387],[-77.30121276,38.88501678],[-77.30127841,38.88550349],[-77.30140456,38.88594413],[-77.30160199,38.88632372],[-77.30237453,38.88761122],[-77.30276989,38.88813149],[-77.30292189,38.88828681],[-77.30421273,38.88988988],[-77.3044,38.89024876],[-77.30448355,38.89050636],[-77.30452018,38.89104906],[-77.3044371,38.89202852],[-77.30430189,38.89255162],[-77.30373152,38.89430598],[-77.30368685,38.89487806],[-77.30380731,38.89545044],[-77.30432511,38.89685066],[-77.3044279,38.89742973],[-77.30437192,38.89783694],[-77.30388364,38.89972393],[-77.30363914,38.90089946],[-77.30507172,38.90139184],[-77.30599992,38.90178571],[-77.30672512,38.90213083],[-77.30779247,38.90261122],[-77.30827618,38.90289759],[-77.30921013,38.90337113],[-77.30938828,38.90343609],[-77.31074466,38.90407865],[-77.3115181,38.90448464],[-77.31184638,38.90460878],[-77.31233795,38.90484716],[-77.31400155,38.90561636],[-77.31448597,38.90586289],[-77.31485357,38.9059476],[-77.31527554,38.90593264],[-77.31578651,38.90584855],[-77.31608731,38.90572251],[-77.3164682,38.90542842],[-77.31766819,38.90426524],[-77.31803489,38.90397786],[-77.31840037,38.9037646],[-77.31892081,38.90355721],[-77.31890176,38.90349988],[-77.31881717,38.90337947],[-77.31832055,38.90332346],[-77.3179363,38.90317642],[-77.31765753,38.90321214],[-77.31734753,38.9031106],[-77.31688219,38.90317797],[-77.31654499,38.90301715],[-77.31648269,38.90262045],[-77.31657775,38.9024413],[-77.31654592,38.90204721],[-77.31689801,38.9019332],[-77.31712164,38.9016357],[-77.3171258,38.90121929],[-77.31719506,38.90107685],[-77.31721025,38.90068603],[-77.31737353,38.90061287],[-77.31737761,38.90036559],[-77.31763419,38.90036405],[-77.31783628,38.90027706],[-77.31782429,38.90009458],[-77.31801165,38.89997776],[-77.3182555,38.90001752],[-77.31825956,38.89986698],[-77.3184098,38.89974232],[-77.31867779,38.89964748],[-77.31873444,38.89916989],[-77.31901311,38.89917802],[-77.31947522,38.89899303],[-77.31966887,38.89873043],[-77.31958275,38.89854034],[-77.31991069,38.89822774],[-77.31996761,38.89787725],[-77.32011597,38.89780885],[-77.32006251,38.89765586],[-77.31985267,38.89770007],[-77.31970361,38.89736278],[-77.31966003,38.89708563],[-77.31996443,38.89675516],[-77.31998229,38.89614536],[-77.32018019,38.89566466],[-77.32039564,38.89552318],[-77.32173023,38.89482326],[-77.32201345,38.89473092],[-77.32213714,38.8945573],[-77.32250355,38.89426634],[-77.32272923,38.89416415],[-77.32327797,38.89379408],[-77.32382184,38.89348926],[-77.32388543,38.89335655],[-77.3241158,38.8932678],[-77.32429306,38.8931119],[-77.32459838,38.89296978],[-77.32479405,38.89268725],[-77.32536814,38.8922822],[-77.32583383,38.89218834],[-77.32584628,38.89190898],[-77.32577446,38.89185312],[-77.32586276,38.89157422],[-77.32620385,38.89148898],[-77.32642566,38.89154274],[-77.3264848,38.89129582],[-77.32671716,38.89141333],[-77.32710748,38.89131055],[-77.32734282,38.89130433],[-77.32753542,38.89112724],[-77.3279826,38.89105614],[-77.32842065,38.89094153],[-77.3287138,38.89072524],[-77.32876636,38.89049543],[-77.32889632,38.89043357],[-77.32909545,38.89050789],[-77.3293572,38.89037927],[-77.32942868,38.89016741],[-77.32968137,38.88999144],[-77.32979055,38.88974034],[-77.3299165,38.88964428],[-77.32986899,38.88932995],[-77.33016798,38.88896648],[-77.32999625,38.88881758],[-77.33005205,38.88858443],[-77.32984281,38.88846861],[-77.32983812,38.88820031],[-77.32973574,38.88805834],[-77.33008954,38.88800052],[-77.33008963,38.88780512],[-77.32987278,38.8878313],[-77.32988336,38.88762191],[-77.32998694,38.88753304],[-77.33021888,38.88754554],[-77.33027647,38.88734003],[-77.33042262,38.88720935],[-77.33069323,38.88718096],[-77.33089716,38.88709405],[-77.33100329,38.88694358],[-77.33127788,38.88686726],[-77.33131988,38.88666145],[-77.33108132,38.88650413],[-77.33089688,38.88628547],[-77.33067792,38.88634826],[-77.33063535,38.88617503],[-77.33087772,38.88590645],[-77.33124385,38.88596885],[-77.33131043,38.88575088],[-77.33156666,38.88580064],[-77.33197244,38.88566974],[-77.33198252,38.88544335],[-77.33223404,38.88516244],[-77.33246106,38.88500337],[-77.33256635,38.88466466],[-77.33282731,38.88457224],[-77.33304744,38.88433131],[-77.33312121,38.88415044],[-77.33336077,38.88384814],[-77.33337974,38.88359331],[-77.33318089,38.88342482],[-77.3334115,38.88325859],[-77.33396161,38.8827069],[-77.33405845,38.88271049],[-77.3342395,38.88227014],[-77.33444639,38.88202807],[-77.33445548,38.88191198],[-77.33464597,38.88173901],[-77.33476937,38.88123119],[-77.33486014,38.88109963],[-77.3348291,38.88088008],[-77.33498829,38.88076726],[-77.33509529,38.88054931],[-77.33532998,38.88027542],[-77.3358168,38.88006697],[-77.33620202,38.87997273],[-77.33633594,38.87988263],[-77.33667886,38.8798834],[-77.33684397,38.87978577],[-77.33735991,38.87977416],[-77.33754917,38.87971293],[-77.33755796,38.87925952],[-77.33773486,38.87898464],[-77.33796582,38.87892544],[-77.33822147,38.8789997],[-77.33833593,38.87871215],[-77.33854279,38.87835296],[-77.33855358,38.87788173],[-77.33867016,38.87767443],[-77.3386389,38.87745074],[-77.33853111,38.877345],[-77.33853421,38.87711173],[-77.33839335,38.876821],[-77.33813763,38.87652671],[-77.33807969,38.87602601],[-77.3379819,38.8757825],[-77.33784779,38.87567171],[-77.33791531,38.87541973],[-77.33788189,38.8747082],[-77.33728128,38.87456305],[-77.33708658,38.87443893],[-77.33691659,38.87408988],[-77.33683954,38.87320904],[-77.33671646,38.87278357],[-77.33655144,38.87256226],[-77.33566429,38.87172036]]]},"properties":{"PREC_IDENT":732,"PREC_NAME":"OAKTREE CROSSING","DISTRICT":"Providence","cx":-77.31756600051256,"cy":38.88373939300381},"id":732},
{"type":"Feature","geometry":{"type":"Polygon","coordinates":[[[-77.30736467,38.8631985],[-77.30475609,38.86339127],[-77.30456911,38.86386305],[-77.30314167,38.86921553],[-77.30109182,38.86975754],[-77.30047118,38.86990223],[-77.29747654,38.8704359],[-77.29638365,38.87067322],[-77.29546318,38.87089169],[-77.29438368,38.87116757],[-77.29248863,38.87169998],[-77.29259152,38.8719598],[-77.29077849,38.87248976],[-77.29007269,38.87268295],[-77.28854755,38.87313542],[-77.28796124,38.87332433],[-77.28311783,38.87474473],[-77.28401763,38.87553252],[-77.28441449,38.87574532],[-77.28493129,38.87592916],[-77.28542861,38.87601806],[-77.28766415,38.87614688],[-77.28767949,38.87627884],[-77.28842407,38.87857668],[-77.28864912,38.87939593],[-77.28900933,38.88053373],[-77.28922486,38.88129384],[-77.28947531,38.88206667],[-77.28962378,38.88263662],[-77.29008449,38.88260841],[-77.29257958,38.88256681],[-77.29282927,38.88276022],[-77.29309385,38.88269567],[-77.29397399,38.88258663],[-77.29479631,38.88257311],[-77.29537915,38.88259419],[-77.29593811,38.88257246],[-77.29699073,38.8824432],[-77.29806732,38.88214118],[-77.29902913,38.88176933],[-77.30088435,38.88091232],[-77.30178529,38.88039704],[-77.30294351,38.87962076],[-77.30400968,38.87888609],[-77.30465129,38.87832969],[-77.30614497,38.8766012],[-77.30655378,38.87610009],[-77.30709035,38.87552065],[-77.3075846,38.87495039],[-77.30782961,38.8745808],[-77.30808564,38.87397104],[-77.3081164,38.87381072],[-77.30849103,38.87282734],[-77.3087482,38.87193613],[-77.30886889,38.87143759],[-77.308944,38.87093309],[-77.30898959,38.8698791],[-77.30893508,38.86914263],[-77.3088345,38.8684304],[-77.30873691,38.86796122],[-77.30858719,38.86745856],[-77.30774284,38.86521476],[-77.30752682,38.86468671],[-77.3074212,38.86418314],[-77.30736467,38.8631985]]]},"properties":{"PREC_IDENT":701,"PREC_NAME":"BLAKE","DISTRICT":"Providence","cx":-77.29843117079602,"cy":38.875556326827464},"id":701},
{"type":"Feature","geometry":{"type":"Polygon","coordinates":[[[-77.30088435,38.88091232],[-77.29902913,38.88176933],[-77.29806732,38.88214118],[-77.29699073,38.8824432],[-77.29593811,38.88257246],[-77.29537915,38.88259419],[-77.29479631,38.88257311],[-77.29397399,38.88258663],[-77.29309385,38.88269567],[-77.29282927,38.88276022],[-77.2920381,38.88301021],[-77.28566109,38.88552979],[-77.28501294,38.8858375],[-77.2844586,38.88620659],[-77.28266416,38.88760218],[-77.28138563,38.88861454],[-77.28194924,38.88915036],[-77.2849247,38.89229237],[-77.2868925,38.89436257],[-77.2891397,38.89674866],[-77.28954499,38.89709471],[-77.28873282,38.89753805],[-77.28836075,38.89792963],[-77.2879714,38.89855736],[-77.28836299,38.8988372],[-77.28884635,38.89913875],[-77.29097684,38.90074786],[-77.29123935,38.90101829],[-77.29188778,38.90153571],[-77.29220478,38.90170098],[-77.29262355,38.90208423],[-77.29291594,38.90225062],[-77.29371477,38.90260207],[-77.29466086,38.90297425],[-77.29586796,38.90350012],[-77.29785697,38.90434153],[-77.29826026,38.90439234],[-77.29856019,38.90431989],[-77.2993693,38.90406043],[-77.3008011,38.90355058],[-77.30115503,38.90340042],[-77.30277764,38.90282658],[-77.30343307,38.9027193],[-77.30363914,38.90089946],[-77.30388364,38.89972393],[-77.30437192,38.89783694],[-77.3044279,38.89742973],[-77.30432511,38.89685066],[-77.30380731,38.89545044],[-77.30368685,38.89487806],[-77.30373152,38.89430598],[-77.30430189,38.89255162],[-77.3044371,38.89202852],[-77.30452018,38.89104906],[-77.30448355,38.89050636],[-77.3044,38.89024876],[-77.30421273,38.88988988],[-77.30292189,38.88828681],[-77.30276989,38.88813149],[-77.30237453,38.88761122],[-77.30160199,38.88632372],[-77.30140456,38.88594413],[-77.30127841,38.88550349],[-77.30121276,38.88501678],[-77.30113065,38.88404387],[-77.30109601,38.88296298],[-77.30100903,38.88249116],[-77.30096093,38.882006],[-77.30099514,38.8818512],[-77.30088435,38.88091232]]]},"properties":{"PREC_IDENT":727,"PREC_NAME":"OAKTON","DISTRICT":"Providence","cx":-77.29517920054747,"cy":38.892357522074306},"id":727},
{"type":"Feature","geometry":{"type":"Polygon","coordinates":[[[-77.35632077,38.95191044],[-77.35615267,38.95253366],[-77.35583715,38.95357403],[-77.3555713,38.95436638],[-77.35538557,38.95520619],[-77.35510517,38.95514717],[-77.35444457,38.95511327],[-77.35319722,38.95526449],[-77.35262083,38.95524239],[-77.35228062,38.95518553],[-77.35181874,38.9550396],[-77.35171556,38.95555345],[-77.35156515,38.9559419],[-77.35152618,38.95617904],[-77.35161992,38.95713278],[-77.35169403,38.9573367],[-77.35278945,38.95876977],[-77.35294333,38.95904312],[-77.35304226,38.95945459],[-77.35305184,38.96017411],[-77.35432152,38.96017139],[-77.35431788,38.96039926],[-77.35395832,38.96484959],[-77.35381267,38.96622058],[-77.35373498,38.96715808],[-77.35390403,38.96714463],[-77.35764552,38.96632157],[-77.35832911,38.96624446],[-77.36005678,38.96620082],[-77.36052447,38.96620809],[-77.36297633,38.96618789],[-77.36359523,38.96619662],[-77.36488078,38.96626114],[-77.36530026,38.96628227],[-77.37000755,38.95912598],[-77.37051759,38.95845127],[-77.37395726,38.95374074],[-77.37418079,38.95284086],[-77.37145375,38.95296024],[-77.3704017,38.95299682],[-77.36929786,38.95297247],[-77.36770481,38.95297362],[-77.36657641,38.95294627],[-77.36359339,38.95278292],[-77.36161306,38.95259078],[-77.35850307,38.95223111],[-77.35720104,38.95206607],[-77.35632077,38.95191044]]]},"properties":{"PREC_IDENT":238,"PREC_NAME":"CAMERON GLEN","DISTRICT":"Hunter Mill","cx":-77.36177162708664,"cy":38.958899411647096},"id":238},
{"type":"Feature","geometry":{"type":"Polygon","coordinates":[[[-77.38799042,38.98215521],[-77.38779867,38.98196116],[-77.38782253,38.98142509],[-77.3876847,38.98136686],[-77.38802671,38.98083699],[-77.38839792,38.98046718],[-77.38865852,38.9802548],[-77.38957054,38.97970763],[-77.39050351,38.97935213],[-77.39130976,38.9790655],[-77.39181397,38.97896283],[-77.39231738,38.97891153],[-77.3922216,38.97841899],[-77.39204097,38.97804247],[-77.39182629,38.97782079],[-77.39134598,38.97748812],[-77.39116594,38.97730108],[-77.39110701,38.9770177],[-77.39124907,38.97670327],[-77.38933596,38.97530541],[-77.38812537,38.9744304],[-77.38758712,38.97420701],[-77.38710241,38.97415986],[-77.38675349,38.97420324],[-77.38455005,38.97474389],[-77.38363567,38.97472973],[-77.38305845,38.97475033],[-77.38310915,38.9735289],[-77.38320843,38.97325251],[-77.38359487,38.97238162],[-77.38364656,38.97199906],[-77.38373842,38.97084392],[-77.38388554,38.96975382],[-77.38328614,38.96964052],[-77.37700167,38.96821734],[-77.37513685,38.96780822],[-77.37356684,38.96744172],[-77.37020541,38.96669966],[-77.36893861,38.96651311],[-77.36530026,38.96628227],[-77.36526006,38.96990042],[-77.3673467,38.97051777],[-77.3671017,38.97622547],[-77.36671546,38.9817415],[-77.3670809,38.98189057],[-77.37297189,38.98422896],[-77.37470247,38.98492376],[-77.37762588,38.98605965],[-77.37758811,38.98623079],[-77.37900522,38.9865052],[-77.38320026,38.98831254],[-77.38296497,38.9886761],[-77.38404992,38.98914557],[-77.38412392,38.9889621],[-77.38406304,38.98871363],[-77.38436948,38.98848608],[-77.38442394,38.98826747],[-77.38429541,38.98793537],[-77.38468282,38.98791021],[-77.38496321,38.98775361],[-77.3852207,38.98748558],[-77.38521221,38.98735233],[-77.38493312,38.98720003],[-77.38482566,38.98687088],[-77.38493727,38.98670719],[-77.38499299,38.98629172],[-77.38520803,38.98603839],[-77.38551444,38.98579142],[-77.38576134,38.98597773],[-77.38625614,38.98583277],[-77.38637253,38.98558812],[-77.38624054,38.98547841],[-77.38663687,38.98510461],[-77.38689891,38.98499588],[-77.38695392,38.98485224],[-77.38687521,38.98471008],[-77.38706047,38.98456081],[-77.38728586,38.98386687],[-77.38724544,38.98352463],[-77.38742189,38.98326269],[-77.38758084,38.98322164],[-77.38767016,38.98290671],[-77.38785285,38.982697],[-77.38787702,38.98249953],[-77.38802131,38.98226887],[-77.38799042,38.98215521]]]},"properties":{"PREC_IDENT":319,"PREC_NAME":"HERNDON #1","DISTRICT":"Dranesville","cx":-77.37633136576396,"cy":38.977423266522294},"id":319},
{"type":"Feature","geometry":{"type":"Polygon","coordinates":[[[-77.36671546,38.9817415],[-77.3671017,38.97622547],[-77.3673467,38.97051777],[-77.36526006,38.96990042],[-77.36530026,38.96628227],[-77.36488078,38.96626114],[-77.36172763,38.97084245],[-77.36165402,38.97104767],[-77.36155586,38.97235514],[-77.36173784,38.97396461],[-77.36180749,38.97445131],[-77.3619515,38.97512956],[-77.36207708,38.97608222],[-77.36205795,38.97638837],[-77.36224922,38.97914258],[-77.36220375,38.97913104],[-77.36172496,38.98003133],[-77.36167731,38.9800722],[-77.36156074,38.98055509],[-77.36057931,38.98245001],[-77.35995939,38.98435069],[-77.3600235,38.98443451],[-77.35969921,38.98534585],[-77.35958483,38.98583491],[-77.35969788,38.98622925],[-77.3600762,38.98725211],[-77.3602186,38.98756098],[-77.36026975,38.98767378],[-77.36058416,38.98771959],[-77.360749,38.98788967],[-77.3614915,38.98801457],[-77.36158709,38.98789273],[-77.36187861,38.98790695],[-77.36203521,38.98814593],[-77.3623455,38.98813479],[-77.3624294,38.98830368],[-77.36263086,38.98826822],[-77.362769,38.98849593],[-77.3631073,38.98858229],[-77.36333498,38.98855489],[-77.36345452,38.98874254],[-77.3635841,38.98874671],[-77.36417267,38.98940086],[-77.36420915,38.98950069],[-77.36466852,38.98993804],[-77.36500163,38.99031136],[-77.36496439,38.98996259],[-77.36499043,38.98944873],[-77.36521065,38.9889843],[-77.36530851,38.98853284],[-77.36545637,38.98823142],[-77.36562912,38.98808316],[-77.36567379,38.98787927],[-77.36544979,38.98761192],[-77.36519706,38.98750344],[-77.36511398,38.98736476],[-77.36526132,38.98705846],[-77.36527242,38.98690603],[-77.36560889,38.98679837],[-77.36600558,38.98699619],[-77.366324,38.98701066],[-77.36670631,38.98682356],[-77.36670864,38.98657376],[-77.36662904,38.9862392],[-77.36702272,38.98604392],[-77.36706951,38.98545646],[-77.36692135,38.98496319],[-77.36691415,38.9844221],[-77.36682938,38.98384023],[-77.36698664,38.98336253],[-77.36724823,38.98302514],[-77.36712622,38.98283793],[-77.36684668,38.98269965],[-77.36690889,38.98250345],[-77.36676076,38.98220671],[-77.36660633,38.98204137],[-77.36659379,38.98188394],[-77.36671546,38.9817415]]]},"properties":{"PREC_IDENT":236,"PREC_NAME":"STUART","DISTRICT":"Hunter Mill","cx":-77.36373585990084,"cy":38.982830895955544},"id":236},
{"type":"Feature","geometry":{"type":"Polygon","coordinates":[[[-77.403298,38.95747379],[-77.40122466,38.95645219],[-77.39999376,38.95599584],[-77.3996398,38.95591565],[-77.39849218,38.95553283],[-77.39738121,38.95528353],[-77.39246009,38.95445195],[-77.39049931,38.95412592],[-77.38843622,38.95379004],[-77.38702285,38.95357409],[-77.38599255,38.9534376],[-77.38459448,38.95330362],[-77.38373194,38.95325053],[-77.3827467,38.95324913],[-77.38139513,38.95328179],[-77.38087427,38.95330704],[-77.3747037,38.95368336],[-77.37395726,38.95374074],[-77.37051759,38.95845127],[-77.37000755,38.95912598],[-77.36530026,38.96628227],[-77.36893861,38.96651311],[-77.37020541,38.96669966],[-77.37356684,38.96744172],[-77.37513685,38.96780822],[-77.37700167,38.96821734],[-77.38328614,38.96964052],[-77.38388554,38.96975382],[-77.38509032,38.96974825],[-77.38630549,38.96964169],[-77.38808997,38.96953778],[-77.38835421,38.96954026],[-77.39358921,38.96924365],[-77.39426278,38.96913054],[-77.39459224,38.96897849],[-77.3949202,38.968696],[-77.39598101,38.96719162],[-77.39653534,38.96636894],[-77.39736569,38.96520836],[-77.39997476,38.96158765],[-77.40045473,38.96093301],[-77.40100541,38.96020101],[-77.40073283,38.96008725],[-77.40182597,38.95898127],[-77.403298,38.95747379]]]},"properties":{"PREC_IDENT":324,"PREC_NAME":"HERNDON #3","DISTRICT":"Dranesville","cx":-77.38440752206135,"cy":38.96136353580003},"id":324},
{"type":"Feature","geometry":{"type":"Polygon","coordinates":[[[-77.34158769,38.97119495],[-77.34112897,38.97063164],[-77.34102917,38.97027781],[-77.34150885,38.97019742],[-77.3417802,38.96994884],[-77.34201499,38.9693498],[-77.34217978,38.9691647],[-77.34238155,38.96908569],[-77.34291776,38.96898937],[-77.3433117,38.9687722],[-77.34348558,38.9684595],[-77.34348534,38.96825631],[-77.34302412,38.96654108],[-77.34306914,38.96614886],[-77.34322457,38.96588953],[-77.34339957,38.96572512],[-77.34382151,38.96551509],[-77.34409323,38.9654601],[-77.34469885,38.96541937],[-77.34458588,38.96457252],[-77.34441063,38.96409851],[-77.34412059,38.9637634],[-77.34384583,38.96357124],[-77.34334962,38.9633714],[-77.34296731,38.96330585],[-77.34196978,38.96322327],[-77.34136648,38.96312122],[-77.34001846,38.96274546],[-77.33956276,38.96265173],[-77.33900375,38.96263797],[-77.33847166,38.96269999],[-77.3380988,38.96270317],[-77.33768856,38.96262498],[-77.33648838,38.96224379],[-77.33594811,38.96216018],[-77.33546545,38.96221032],[-77.3348214,38.96245244],[-77.33439727,38.96258004],[-77.3337307,38.96269288],[-77.3337715,38.96299534],[-77.33367516,38.96329643],[-77.33273177,38.96550438],[-77.33256601,38.96596404],[-77.3325461,38.96632219],[-77.33260877,38.96679373],[-77.33298229,38.96761571],[-77.33317483,38.96810365],[-77.33328152,38.96846442],[-77.3333316,38.96884522],[-77.33334532,38.96929843],[-77.3332065,38.97047916],[-77.33319866,38.97096099],[-77.33324684,38.97145847],[-77.33362329,38.97361499],[-77.33639479,38.97320722],[-77.33739729,38.97299197],[-77.33816103,38.97274964],[-77.33863901,38.97255803],[-77.34115899,38.97138569],[-77.34158769,38.97119495]]]},"properties":{"PREC_IDENT":222,"PREC_NAME":"RESTON #3","DISTRICT":"Hunter Mill","cx":-77.33786490716751,"cy":38.96744130426606},"id":222},
{"type":"Feature","geometry":{"type":"Polygon","coordinates":[[[-77.31851922,38.97506232],[-77.31908522,38.9748703],[-77.31944846,38.97481491],[-77.32153969,38.97471095],[-77.32312471,38.97458678],[-77.32565199,38.97449123],[-77.32779578,38.97439866],[-77.32824304,38.97436742],[-77.32921924,38.9742577],[-77.33045386,38.97407782],[-77.33362329,38.97361499],[-77.33324684,38.97145847],[-77.33319866,38.97096099],[-77.3332065,38.97047916],[-77.33334532,38.96929843],[-77.3333316,38.96884522],[-77.33328152,38.96846442],[-77.33317483,38.96810365],[-77.33298229,38.96761571],[-77.33260877,38.96679373],[-77.3325461,38.96632219],[-77.33256601,38.96596404],[-77.33273177,38.96550438],[-77.33367516,38.96329643],[-77.3337715,38.96299534],[-77.3337307,38.96269288],[-77.33364247,38.96249567],[-77.33339479,38.9621541],[-77.33322106,38.96180776],[-77.33317184,38.96159034],[-77.33319806,38.9612762],[-77.33331606,38.960941],[-77.33395363,38.95979954],[-77.33408278,38.95942738],[-77.33459184,38.95753638],[-77.33474396,38.95683219],[-77.33475529,38.95635177],[-77.33470246,38.9561398],[-77.3345335,38.95485168],[-77.33450448,38.95447383],[-77.334541,38.95395796],[-77.33463002,38.95345771],[-77.33475014,38.95299073],[-77.33538217,38.95110231],[-77.33555436,38.95067703],[-77.33609613,38.94957991],[-77.33689881,38.94822314],[-77.33777133,38.9466481],[-77.33440372,38.94553215],[-77.33383383,38.94533153],[-77.33295169,38.945088],[-77.33186589,38.94482734],[-77.33032657,38.94456353],[-77.32909116,38.94442217],[-77.32811158,38.94433415],[-77.32665337,38.94427155],[-77.32518044,38.94432687],[-77.32427501,38.94435625],[-77.3225768,38.94456304],[-77.3213567,38.94477461],[-77.32051685,38.94495565],[-77.31965176,38.94517488],[-77.31831257,38.94557057],[-77.31621309,38.94622494],[-77.31500814,38.94658076],[-77.31381981,38.94699439],[-77.31268928,38.94731386],[-77.31199366,38.9474652],[-77.31186238,38.94921679],[-77.31178138,38.94958379],[-77.31171238,38.95021679],[-77.31170938,38.95053579],[-77.31162738,38.95177879],[-77.31141338,38.95420479],[-77.31136738,38.95444879],[-77.31128738,38.95537579],[-77.31118538,38.95603179],[-77.31106038,38.95663479],[-77.31062438,38.95806879],[-77.31044538,38.95887379],[-77.31033538,38.95910079],[-77.30984738,38.95954279],[-77.30951738,38.95987679],[-77.30930938,38.96016679],[-77.30902138,38.96078679],[-77.30897138,38.96112979],[-77.30893538,38.96182179],[-77.30887138,38.96245679],[-77.30887638,38.96275379],[-77.30898538,38.96319679],[-77.30945938,38.96458379],[-77.30949138,38.96501579],[-77.30958238,38.96551079],[-77.30987538,38.96642979],[-77.31001038,38.96725579],[-77.31008438,38.96821679],[-77.31027038,38.96887479],[-77.31053238,38.96955079],[-77.31081539,38.97009179],[-77.31094238,38.97040879],[-77.31137839,38.97126279],[-77.31157139,38.97159979],[-77.31201839,38.97225779],[-77.31247339,38.97259679],[-77.31321839,38.97301479],[-77.31405339,38.97345679],[-77.31561939,38.97432779],[-77.31630139,38.97477479],[-77.31681139,38.97520379],[-77.31727087,38.97567447],[-77.31779984,38.97538186],[-77.31851922,38.97506232]]]},"properties":{"PREC_IDENT":209,"PREC_NAME":"RESTON #2","DISTRICT":"Hunter Mill","cx":-77.32271588165312,"cy":38.95951283749243},"id":209},
{"type":"Feature","geometry":{"type":"Polygon","coordinates":[[[-77.35632077,38.95191044],[-77.35410852,38.95149639],[-77.35286088,38.95123023],[-77.35077975,38.95074997],[-77.34945965,38.95039931],[-77.3481959,38.95004369],[-77.34700636,38.94966683],[-77.34339664,38.94847122],[-77.34085404,38.94761554],[-77.3404618,38.94751694],[-77.33777133,38.9466481],[-77.33689881,38.94822314],[-77.33609613,38.94957991],[-77.33555436,38.95067703],[-77.33538217,38.95110231],[-77.33475014,38.95299073],[-77.33463002,38.95345771],[-77.334541,38.95395796],[-77.33450448,38.95447383],[-77.3345335,38.95485168],[-77.33470246,38.9561398],[-77.33475529,38.95635177],[-77.33474396,38.95683219],[-77.33459184,38.95753638],[-77.33408278,38.95942738],[-77.33395363,38.95979954],[-77.33331606,38.960941],[-77.33319806,38.9612762],[-77.33317184,38.96159034],[-77.33322106,38.96180776],[-77.33339479,38.9621541],[-77.33364247,38.96249567],[-77.3337307,38.96269288],[-77.33439727,38.96258004],[-77.3348214,38.96245244],[-77.33546545,38.96221032],[-77.33594811,38.96216018],[-77.33648838,38.96224379],[-77.33768856,38.96262498],[-77.3380988,38.96270317],[-77.33847166,38.96269999],[-77.33900375,38.96263797],[-77.33956276,38.96265173],[-77.34001846,38.96274546],[-77.34136648,38.96312122],[-77.34196978,38.96322327],[-77.34296731,38.96330585],[-77.34334962,38.9633714],[-77.34384583,38.96357124],[-77.34412059,38.9637634],[-77.34441063,38.96409851],[-77.34458588,38.96457252],[-77.34469885,38.96541937],[-77.34409323,38.9654601],[-77.34382151,38.96551509],[-77.34339957,38.96572512],[-77.34322457,38.96588953],[-77.34306914,38.96614886],[-77.34302412,38.96654108],[-77.34348534,38.96825631],[-77.34348558,38.9684595],[-77.3433117,38.9687722],[-77.34291776,38.96898937],[-77.34238155,38.96908569],[-77.34217978,38.9691647],[-77.34201499,38.9693498],[-77.3417802,38.96994884],[-77.34150885,38.97019742],[-77.34102917,38.97027781],[-77.34112897,38.97063164],[-77.34158769,38.97119495],[-77.3418253,38.9710751],[-77.3437213,38.97019997],[-77.34537304,38.96941852],[-77.34634389,38.9689791],[-77.34736962,38.9686267],[-77.34855949,38.96834591],[-77.35017611,38.96799379],[-77.35195885,38.96758971],[-77.35373498,38.96715808],[-77.35381267,38.96622058],[-77.35395832,38.96484959],[-77.35431788,38.96039926],[-77.35432152,38.96017139],[-77.35305184,38.96017411],[-77.35304226,38.95945459],[-77.35294333,38.95904312],[-77.35278945,38.95876977],[-77.35169403,38.9573367],[-77.35161992,38.95713278],[-77.35152618,38.95617904],[-77.35156515,38.9559419],[-77.35171556,38.95555345],[-77.35181874,38.9550396],[-77.35228062,38.95518553],[-77.35262083,38.95524239],[-77.35319722,38.95526449],[-77.35444457,38.95511327],[-77.35510517,38.95514717],[-77.35538557,38.95520619],[-77.3555713,38.95436638],[-77.35583715,38.95357403],[-77.35615267,38.95253366],[-77.35632077,38.95191044]]]},"properties":{"PREC_IDENT":208,"PREC_NAME":"RESTON #1","DISTRICT":"Hunter Mill","cx":-77.3447942486806,"cy":38.95695585840722},"id":208},
{"type":"Feature","geometry":{"type":"Polygon","coordinates":[[[-77.32521087,38.9326826],[-77.32544377,38.93345756],[-77.32572777,38.93393056],[-77.32614777,38.93435656],[-77.32631377,38.93459556],[-77.32643577,38.93488356],[-77.32654777,38.93532156],[-77.32668077,38.93564156],[-77.32709478,38.93618056],[-77.32725678,38.93645057],[-77.32734378,38.93674256],[-77.32740377,38.93727357],[-77.32748078,38.93753257],[-77.32763478,38.93779457],[-77.32784778,38.93801957],[-77.32829078,38.93829357],[-77.32895778,38.93848057],[-77.32882878,38.93883057],[-77.32874878,38.93943557],[-77.32884578,38.93986357],[-77.32917978,38.94072257],[-77.32928178,38.94119157],[-77.32923678,38.94173157],[-77.32852578,38.94166357],[-77.32688578,38.94137457],[-77.32497477,38.94089757],[-77.32425877,38.94079357],[-77.32382077,38.94080657],[-77.32307477,38.94097057],[-77.32262877,38.94114657],[-77.32227077,38.94135557],[-77.32149377,38.94202557],[-77.3216405,38.94205431],[-77.32239667,38.9423767],[-77.32295523,38.94266148],[-77.32367631,38.94309826],[-77.32414327,38.94343072],[-77.3246749,38.94386814],[-77.32518044,38.94432687],[-77.32665337,38.94427155],[-77.32811158,38.94433415],[-77.32909116,38.94442217],[-77.33032657,38.94456353],[-77.33186589,38.94482734],[-77.33295169,38.945088],[-77.33383383,38.94533153],[-77.33440372,38.94553215],[-77.33777133,38.9466481],[-77.3404618,38.94751694],[-77.34085404,38.94761554],[-77.34339664,38.94847122],[-77.34700636,38.94966683],[-77.3481959,38.95004369],[-77.34945965,38.95039931],[-77.35077975,38.95074997],[-77.35286088,38.95123023],[-77.35410852,38.95149639],[-77.35632077,38.95191044],[-77.35675571,38.95022198],[-77.35694927,38.94955112],[-77.35709606,38.94916675],[-77.35739045,38.94856688],[-77.35767922,38.94809876],[-77.35816154,38.9474005],[-77.35862164,38.94677204],[-77.35916579,38.94594394],[-77.35850116,38.94572605],[-77.35776646,38.94571342],[-77.35732503,38.9458327],[-77.35703782,38.94598231],[-77.35667394,38.94630965],[-77.3564744,38.94669488],[-77.35640526,38.94728183],[-77.35626526,38.94768137],[-77.35610987,38.94794347],[-77.35581979,38.9482729],[-77.35527568,38.94865477],[-77.35475538,38.94886663],[-77.35424725,38.94897701],[-77.35360338,38.94899956],[-77.35326315,38.94894544],[-77.35265741,38.94878302],[-77.35158388,38.94840733],[-77.35020566,38.94795589],[-77.34952479,38.94765541],[-77.3488583,38.94711618],[-77.34789938,38.94617593],[-77.34763234,38.9459454],[-77.347232,38.94569434],[-77.34764386,38.94522883],[-77.34784196,38.94493559],[-77.34813155,38.94441945],[-77.34827163,38.94401717],[-77.348276,38.94374537],[-77.34818672,38.94339302],[-77.34806044,38.94315563],[-77.34683076,38.94156468],[-77.34568003,38.94009668],[-77.34536072,38.93961987],[-77.34518838,38.93918707],[-77.34510222,38.93864253],[-77.34516059,38.9380747],[-77.34535362,38.93744092],[-77.34543014,38.93705587],[-77.345436,38.93669209],[-77.34536949,38.93580039],[-77.34539198,38.93549581],[-77.34554691,38.93504426],[-77.34580628,38.93465689],[-77.34633932,38.93408548],[-77.34679124,38.93352974],[-77.34699025,38.93317885],[-77.34704363,38.93291988],[-77.34703462,38.93260539],[-77.34670628,38.93138023],[-77.34645755,38.93088902],[-77.34601125,38.93044117],[-77.34544592,38.93005583],[-77.34499765,38.93011139],[-77.34475015,38.93002238],[-77.34458167,38.93011068],[-77.34436998,38.93010772],[-77.34418786,38.93022867],[-77.34379921,38.93028177],[-77.34357838,38.93010406],[-77.34325685,38.93017374],[-77.34294253,38.93014991],[-77.34270292,38.93043003],[-77.34240653,38.93025585],[-77.34205059,38.9301137],[-77.3418526,38.92998079],[-77.34158141,38.93001346],[-77.34141507,38.92984303],[-77.34080778,38.92950734],[-77.34055928,38.9294285],[-77.3403268,38.92916586],[-77.34009023,38.92919898],[-77.33982657,38.92906888],[-77.33979628,38.92894853],[-77.33948579,38.92888572],[-77.33930411,38.92872504],[-77.33899809,38.92864881],[-77.33873714,38.92873857],[-77.33838313,38.92869903],[-77.33788127,38.92870984],[-77.33620608,38.92843487],[-77.33568702,38.92842973],[-77.33439063,38.92860932],[-77.33359903,38.92913068],[-77.33280338,38.92989944],[-77.33183283,38.93006162],[-77.33075769,38.93016089],[-77.33000651,38.93035961],[-77.32927734,38.93082659],[-77.32832899,38.93124326],[-77.32776618,38.93176],[-77.32728322,38.93223629],[-77.32684005,38.93243119],[-77.32633731,38.93250177],[-77.32545699,38.93247787],[-77.32521087,38.9326826]]]},"properties":{"PREC_IDENT":224,"PREC_NAME":"SOUTH LAKES","DISTRICT":"Hunter Mill","cx":-77.33771775559359,"cy":38.93880888758545},"id":224},
{"type":"Feature","geometry":{"type":"Polygon","coordinates":[[[-77.36682532,38.93497674],[-77.36586153,38.9363404],[-77.36538971,38.93705116],[-77.36428168,38.93863857],[-77.36365157,38.93956132],[-77.36284584,38.94071844],[-77.36184967,38.94211883],[-77.3601727,38.94453819],[-77.35916579,38.94594394],[-77.35862164,38.94677204],[-77.35816154,38.9474005],[-77.35767922,38.94809876],[-77.35739045,38.94856688],[-77.35709606,38.94916675],[-77.35694927,38.94955112],[-77.35675571,38.95022198],[-77.35632077,38.95191044],[-77.35720104,38.95206607],[-77.35850307,38.95223111],[-77.36161306,38.95259078],[-77.36359339,38.95278292],[-77.36657641,38.95294627],[-77.36770481,38.95297362],[-77.36929786,38.95297247],[-77.3704017,38.95299682],[-77.37145375,38.95296024],[-77.37418079,38.95284086],[-77.37395726,38.95374074],[-77.3747037,38.95368336],[-77.38087427,38.95330704],[-77.38139513,38.95328179],[-77.3827467,38.95324913],[-77.38373194,38.95325053],[-77.38459448,38.95330362],[-77.38599255,38.9534376],[-77.38702285,38.95357409],[-77.38843622,38.95379004],[-77.38890702,38.95226153],[-77.38922562,38.95144489],[-77.38947638,38.95114796],[-77.38980315,38.95093824],[-77.39001389,38.95072742],[-77.39048578,38.95000147],[-77.39085907,38.94951211],[-77.39120885,38.94917767],[-77.39156785,38.94870189],[-77.39200776,38.94799623],[-77.39235176,38.94735281],[-77.39274072,38.94652996],[-77.3929474,38.94589761],[-77.3932254,38.94520002],[-77.39288095,38.94496338],[-77.3917279,38.94426329],[-77.39120925,38.9439234],[-77.39056374,38.94360154],[-77.39002732,38.94327383],[-77.3896971,38.9430277],[-77.38853368,38.94232062],[-77.38759224,38.94181059],[-77.38667084,38.9412344],[-77.384209,38.93982756],[-77.38386746,38.93963348],[-77.38350668,38.93931977],[-77.38218847,38.93772423],[-77.3817219,38.93720631],[-77.38093185,38.93624047],[-77.38001332,38.93517317],[-77.37970857,38.93487646],[-77.37858989,38.93357109],[-77.37812874,38.93293513],[-77.37711834,38.93145368],[-77.37555142,38.92937103],[-77.37509757,38.9287214],[-77.37495255,38.92855388],[-77.374071,38.92783013],[-77.37366398,38.92755713],[-77.37320725,38.9273166],[-77.37242483,38.92699744],[-77.37172352,38.92800257],[-77.37132511,38.92852322],[-77.36963841,38.93093165],[-77.36762699,38.93385865],[-77.36682532,38.93497674]]]},"properties":{"PREC_IDENT":220,"PREC_NAME":"DOGWOOD","DISTRICT":"Hunter Mill","cx":-77.3745208073471,"cy":38.94388958846417},"id":220},
{"type":"Feature","geometry":{"type":"Polygon","coordinates":[[[-77.28845732,38.99811308],[-77.28775701,38.99790817],[-77.28669653,38.9975691],[-77.28595285,38.99722506],[-77.28412498,38.99628218],[-77.28361237,38.99600779],[-77.28254114,38.99547636],[-77.28177033,38.99507434],[-77.27770588,38.99303042],[-77.27455581,38.9914366],[-77.27403629,38.99115934],[-77.27109206,38.98967741],[-77.27079251,38.98949992],[-77.26946311,38.98885171],[-77.26753078,38.98787041],[-77.26572202,38.98686704],[-77.26462107,38.98623765],[-77.26398652,38.98590285],[-77.26302576,38.9853065],[-77.26123142,38.98429085],[-77.25909623,38.98305053],[-77.25708017,38.981843],[-77.25589774,38.98125523],[-77.25550496,38.9809806],[-77.25518813,38.98058733],[-77.25429424,38.97898661],[-77.25402678,38.97858699],[-77.25377786,38.97833584],[-77.25327127,38.97793232],[-77.25291803,38.97781324],[-77.25260093,38.97784146],[-77.25169666,38.97805291],[-77.25076549,38.9783945],[-77.25027178,38.97846339],[-77.24908495,38.97853727],[-77.24874485,38.97847187],[-77.24859976,38.9783193],[-77.24862179,38.97786372],[-77.24853274,38.97772547],[-77.24711657,38.97703352],[-77.24692873,38.97691207],[-77.24638443,38.97645457],[-77.24614977,38.97619395],[-77.24606755,38.9759489],[-77.24544987,38.97580779],[-77.24499344,38.97583747],[-77.24474666,38.97619554],[-77.24475119,38.97635491],[-77.24463471,38.97660802],[-77.24431081,38.97677085],[-77.24400339,38.97710612],[-77.24369185,38.97713612],[-77.24336617,38.97728021],[-77.24310971,38.97727807],[-77.2430044,38.97738571],[-77.24268229,38.9774764],[-77.24219001,38.9775319],[-77.24172663,38.97749383],[-77.2413243,38.97741151],[-77.24092346,38.97720976],[-77.24080486,38.97696603],[-77.23987595,38.97682101],[-77.23942873,38.9765207],[-77.23897162,38.97655487],[-77.23848506,38.97620567],[-77.23802985,38.97580411],[-77.23790919,38.97574845],[-77.23777423,38.97528186],[-77.23759477,38.97508531],[-77.23726044,38.97502337],[-77.23701049,38.97514776],[-77.23677095,38.97519231],[-77.23640024,38.97517482],[-77.23604525,38.97502379],[-77.23573922,38.97496309],[-77.23542324,38.97499596],[-77.23529761,38.97516783],[-77.23519786,38.9760876],[-77.23514352,38.97614589],[-77.23553457,38.97670087],[-77.23569774,38.97682345],[-77.23609135,38.97684553],[-77.23620946,38.97693055],[-77.23703151,38.97779336],[-77.23721395,38.97802049],[-77.23764017,38.9783889],[-77.23785624,38.97870425],[-77.23807864,38.97886041],[-77.23845029,38.97933121],[-77.23940476,38.98006911],[-77.23965574,38.98020086],[-77.23988722,38.98044086],[-77.23995192,38.98076282],[-77.24056821,38.98112777],[-77.24108384,38.9812143],[-77.24143117,38.98146927],[-77.2415516,38.98162295],[-77.24259341,38.98199793],[-77.2430066,38.98210944],[-77.24356508,38.98216071],[-77.24396607,38.98236545],[-77.24408128,38.98221565],[-77.24462438,38.98254272],[-77.244915,38.98262134],[-77.24507038,38.98278913],[-77.24509377,38.98326167],[-77.2453245,38.98374742],[-77.24532316,38.98402474],[-77.2458641,38.9852799],[-77.2461724,38.98575686],[-77.24630839,38.98622923],[-77.24698352,38.98786064],[-77.24715115,38.98833472],[-77.2473859,38.98879304],[-77.24747125,38.98914405],[-77.24771496,38.98949264],[-77.24786798,38.98999814],[-77.24802086,38.99031005],[-77.24821205,38.99084617],[-77.24823056,38.99119647],[-77.248513,38.99235001],[-77.24865469,38.99269888],[-77.24889929,38.99299804],[-77.2493861,38.99373363],[-77.24964322,38.99392034],[-77.24996092,38.99406375],[-77.24985719,38.99436196],[-77.24986837,38.9945282],[-77.25000322,38.99466418],[-77.25036269,38.99483413],[-77.25066141,38.99485515],[-77.25154925,38.99499364],[-77.25179252,38.99516784],[-77.25254789,38.99543671],[-77.2528437,38.99542337],[-77.25297557,38.99552911],[-77.25291721,38.99584977],[-77.25307608,38.99622352],[-77.25325042,38.99651781],[-77.25348907,38.99675648],[-77.25346902,38.99709951],[-77.25353989,38.99727325],[-77.25358885,38.99769527],[-77.25365626,38.99786623],[-77.25404291,38.99809274],[-77.2541847,38.99823566],[-77.25429414,38.99861987],[-77.25455288,38.99891779],[-77.25474716,38.99948276],[-77.25462895,38.99980553],[-77.2550254,39.00088612],[-77.2555693,39.00138064],[-77.25572647,39.0016514],[-77.25576806,39.00189074],[-77.2556372,39.00253601],[-77.25550117,39.00307414],[-77.25544754,39.00372984],[-77.25523606,39.00435642],[-77.25533635,39.0046609],[-77.25531412,39.00492702],[-77.25514693,39.00523279],[-77.2549378,39.00572346],[-77.25478572,39.00596899],[-77.2544208,39.00631111],[-77.25433753,39.00684979],[-77.25422524,39.00723578],[-77.25384096,39.00788111],[-77.25334066,39.00892337],[-77.25326254,39.00916555],[-77.25309027,39.00935731],[-77.25233082,39.01032406],[-77.25187436,39.01086839],[-77.25158337,39.01140899],[-77.25118069,39.01189624],[-77.25068076,39.01230831],[-77.24970219,39.01291986],[-77.24813504,39.01377776],[-77.24724292,39.01447533],[-77.2468699,39.01487363],[-77.24668471,39.01519842],[-77.24655457,39.01559519],[-77.24652668,39.01598207],[-77.24628608,39.01645591],[-77.24617087,39.01660297],[-77.24568079,39.01705219],[-77.24538366,39.01753779],[-77.2450294,39.01887263],[-77.24493037,39.01950176],[-77.24467334,39.02010861],[-77.24458952,39.02067336],[-77.24466081,39.02122468],[-77.24496166,39.02233585],[-77.2453435,39.02304424],[-77.24570657,39.02381971],[-77.24583704,39.02400782],[-77.24598864,39.0243966],[-77.24640731,39.0250134],[-77.24702679,39.02562134],[-77.24770092,39.02612415],[-77.24801998,39.02639939],[-77.24856367,39.02671271],[-77.24880132,39.02681134],[-77.24948859,39.02696692],[-77.24994155,39.02703352],[-77.25022478,39.02714362],[-77.2505726,39.02738483],[-77.25138486,39.02804422],[-77.25177528,39.02826529],[-77.25235825,39.0285488],[-77.25333783,39.02910287],[-77.25368704,39.02926583],[-77.25454843,39.02973488],[-77.25504159,39.02991995],[-77.25592477,39.03014896],[-77.25666029,39.0303668],[-77.26036833,39.03132715],[-77.26061375,39.03138603],[-77.26147629,39.0313855],[-77.26281825,39.03155201],[-77.26399391,39.03176755],[-77.26501548,39.03193616],[-77.26631868,39.03210635],[-77.26706294,39.0322281],[-77.26770695,39.03224308],[-77.26817704,39.03233999],[-77.26903921,39.03256593],[-77.27024655,39.03298906],[-77.27114659,39.03326618],[-77.27202162,39.03356501],[-77.27292378,39.03392451],[-77.27315561,39.03395576],[-77.27362778,39.03393185],[-77.27409709,39.03407541],[-77.2751645,39.03444897],[-77.27537404,39.03454863],[-77.27670937,39.03531488],[-77.27752705,39.03588216],[-77.27847269,39.03658531],[-77.27914295,39.03712771],[-77.28020123,39.03783476],[-77.28088472,39.03822214],[-77.28128823,39.03851052],[-77.28184938,39.03905314],[-77.28234433,39.03934795],[-77.28265959,39.0394432],[-77.28269324,39.03908557],[-77.28283303,39.03888209],[-77.28326656,39.03881971],[-77.28343737,39.03884009],[-77.28405855,39.0387328],[-77.28440429,39.03853019],[-77.28451121,39.03820742],[-77.28427509,39.03799204],[-77.28433985,39.03785058],[-77.28465314,39.03772364],[-77.28454011,39.03736125],[-77.28466799,39.03729659],[-77.28485616,39.03743676],[-77.28518926,39.0373788],[-77.28512506,39.03723063],[-77.28518651,39.03701203],[-77.28546667,39.03702821],[-77.28543797,39.03688725],[-77.28552069,39.03664556],[-77.2853427,39.03660907],[-77.28526947,39.03641149],[-77.28553958,39.03625601],[-77.285809,39.0364572],[-77.28580518,39.03622945],[-77.28598439,39.03583271],[-77.2861875,39.03580405],[-77.28654217,39.03551966],[-77.28691106,39.03494879],[-77.28754405,39.03450405],[-77.28776653,39.03428066],[-77.2879881,39.03434231],[-77.28816209,39.03428397],[-77.28840368,39.03444448],[-77.28858891,39.034429],[-77.28919594,39.03456082],[-77.28941928,39.03447788],[-77.28958838,39.03456933],[-77.28981197,39.03447418],[-77.29014905,39.0344799],[-77.29054153,39.03473443],[-77.29057004,39.03453472],[-77.29096719,39.03465855],[-77.29106888,39.03484977],[-77.29118851,39.03486863],[-77.29146229,39.03461937],[-77.29139806,39.03440129],[-77.29154045,39.03432587],[-77.29201304,39.03443578],[-77.29222636,39.03426797],[-77.29250089,39.03447763],[-77.29262351,39.03435895],[-77.29269158,39.03409489],[-77.29309997,39.03399894],[-77.29322013,39.03377773],[-77.29343321,39.03356626],[-77.29364603,39.03355389],[-77.29379397,39.03337794],[-77.29396103,39.03348012],[-77.29426584,39.03338634],[-77.29431022,39.03326598],[-77.2945871,39.03316656],[-77.29466041,39.03300456],[-77.29459853,39.032814],[-77.29497131,39.03264101],[-77.2949696,39.03246883],[-77.2951543,39.03246811],[-77.29530746,39.0322052],[-77.29569796,39.03216809],[-77.29576637,39.03194972],[-77.29594623,39.03178028],[-77.2961848,39.03176899],[-77.29637409,39.03162915],[-77.29660303,39.0316019],[-77.29673408,39.0313454],[-77.29704829,39.03125932],[-77.2975037,39.03121745],[-77.29806125,39.03099063],[-77.29812978,39.03078385],[-77.29839704,39.03045735],[-77.29854077,39.03040124],[-77.29855826,39.03018353],[-77.29886511,39.02954696],[-77.29888161,39.02930053],[-77.29814866,39.02913241],[-77.29720451,39.0289635],[-77.29701456,39.0289547],[-77.29571301,39.02868602],[-77.29515901,39.02855404],[-77.2944253,39.02843258],[-77.29434253,39.02833013],[-77.29421071,39.02779608],[-77.29383742,39.02613238],[-77.29365556,39.02501707],[-77.29357001,39.02466198],[-77.29341546,39.02380643],[-77.29302301,39.02202857],[-77.29288987,39.02136545],[-77.29261264,39.02027112],[-77.29262305,39.02007078],[-77.29321453,39.01818357],[-77.2938041,39.01640754],[-77.29382873,39.01619911],[-77.2937941,39.01553837],[-77.29378466,39.01359145],[-77.29384673,39.01157798],[-77.29391843,39.01003691],[-77.29403583,39.00933517],[-77.29409281,39.0086685],[-77.29397798,39.00650083],[-77.29398272,39.00559199],[-77.29403432,39.00482642],[-77.29403864,39.00415235],[-77.2939845,39.00360536],[-77.29397064,39.00296543],[-77.29385412,39.00215282],[-77.29379187,39.00187897],[-77.29365761,39.00170186],[-77.29318071,39.00139217],[-77.29276422,39.00104878],[-77.29175941,39.00011722],[-77.29129712,38.99977747],[-77.29049522,38.99933538],[-77.28971516,38.99905964],[-77.28864596,38.99861066],[-77.28844978,38.99835053],[-77.28845732,38.99811308]]]},"properties":{"PREC_IDENT":306,"PREC_NAME":"GREAT FALLS","DISTRICT":"Dranesville","cx":-77.27199444709551,"cy":39.011422055176325},"id":306},
{"type":"Feature","geometry":{"type":"Polygon","coordinates":[[[-77.28797696,38.96602148],[-77.28778312,38.96636993],[-77.28740361,38.96665186],[-77.28689469,38.96662503],[-77.28672858,38.96679054],[-77.28626964,38.96707443],[-77.28589724,38.96709826],[-77.28573948,38.96724873],[-77.28551944,38.9673393],[-77.28535831,38.96776034],[-77.28539257,38.96785175],[-77.28522446,38.96808902],[-77.28503456,38.96815738],[-77.28476268,38.96812705],[-77.28451672,38.9679918],[-77.2845424,38.96775078],[-77.28436221,38.96767585],[-77.28384518,38.96770362],[-77.28375005,38.96805884],[-77.28387311,38.96830878],[-77.28373181,38.96854503],[-77.28265086,38.96889933],[-77.28185645,38.96892845],[-77.28156923,38.96884062],[-77.28110562,38.96860953],[-77.28068472,38.96867604],[-77.28045342,38.96894809],[-77.28011051,38.96879875],[-77.27982039,38.96913563],[-77.27971769,38.96947385],[-77.27951359,38.96976198],[-77.27958821,38.96993624],[-77.27982562,38.97022713],[-77.2798201,38.97041116],[-77.27991059,38.97060789],[-77.2802774,38.97094683],[-77.28042478,38.97133163],[-77.28019012,38.97160681],[-77.27965904,38.97179214],[-77.27919047,38.9717317],[-77.27882158,38.97122584],[-77.27811911,38.97091954],[-77.27796483,38.97079807],[-77.27760388,38.970805],[-77.27768038,38.97103635],[-77.27769488,38.97134722],[-77.277499,38.97160778],[-77.27694104,38.9717505],[-77.27680356,38.97182363],[-77.27686632,38.97198601],[-77.27709199,38.97217657],[-77.27714902,38.97235737],[-77.27677554,38.97275799],[-77.27637749,38.97304621],[-77.27629362,38.97338215],[-77.27599518,38.97349989],[-77.27567355,38.97350006],[-77.27549281,38.97359519],[-77.27512905,38.97389727],[-77.27484256,38.97397556],[-77.27456036,38.9739786],[-77.27414286,38.9738067],[-77.27395463,38.97355585],[-77.27392712,38.97331367],[-77.27399229,38.97319889],[-77.27436746,38.9730198],[-77.27420241,38.97272218],[-77.27435358,38.97163345],[-77.2737245,38.97139006],[-77.27353914,38.97096267],[-77.27315975,38.97096859],[-77.27258931,38.97128037],[-77.27192042,38.97149355],[-77.27143791,38.97172757],[-77.27109714,38.97176377],[-77.26980758,38.97164328],[-77.26897006,38.97146795],[-77.26836939,38.97119629],[-77.26821681,38.97108308],[-77.26770305,38.97094119],[-77.26721159,38.9709912],[-77.26646504,38.9708494],[-77.26628372,38.97085294],[-77.26567029,38.97112873],[-77.26519914,38.97140249],[-77.26491963,38.97144791],[-77.26412283,38.97168387],[-77.26372653,38.97210244],[-77.26333988,38.97241622],[-77.26310401,38.97285671],[-77.26313756,38.97312259],[-77.26305138,38.97335026],[-77.26278696,38.97344987],[-77.26234096,38.97344331],[-77.26186486,38.9733041],[-77.26131654,38.97321982],[-77.26090455,38.9732358],[-77.26065346,38.97329088],[-77.26024292,38.97347308],[-77.26003705,38.97373836],[-77.259484,38.97408393],[-77.25913068,38.9745344],[-77.25838498,38.97472599],[-77.25802904,38.97487699],[-77.25756607,38.97489706],[-77.25722934,38.97480446],[-77.2568452,38.97458542],[-77.25649354,38.97423039],[-77.25605257,38.97409982],[-77.25571683,38.97423637],[-77.25534885,38.97486327],[-77.25506315,38.97525182],[-77.25499941,38.97534878],[-77.25418578,38.97606487],[-77.25313615,38.97675747],[-77.25273855,38.97692789],[-77.25249905,38.97710812],[-77.25223115,38.97753713],[-77.25183116,38.97767691],[-77.25141117,38.97789622],[-77.25137542,38.97802572],[-77.25105999,38.97813325],[-77.25043945,38.97824921],[-77.24975473,38.97831132],[-77.2493269,38.97822129],[-77.2489151,38.9780942],[-77.24896232,38.97786149],[-77.24900235,38.97724337],[-77.24907057,38.97680164],[-77.24915929,38.97672721],[-77.24921106,38.9762846],[-77.24912592,38.97617391],[-77.24876042,38.97601304],[-77.24800822,38.97596766],[-77.24773128,38.97607301],[-77.24729708,38.97612934],[-77.24652045,38.97605671],[-77.24606755,38.9759489],[-77.24614977,38.97619395],[-77.24638443,38.97645457],[-77.24692873,38.97691207],[-77.24711657,38.97703352],[-77.24853274,38.97772547],[-77.24862179,38.97786372],[-77.24859976,38.9783193],[-77.24874485,38.97847187],[-77.24908495,38.97853727],[-77.25027178,38.97846339],[-77.25076549,38.9783945],[-77.25169666,38.97805291],[-77.25260093,38.97784146],[-77.25291803,38.97781324],[-77.25327127,38.97793232],[-77.25377786,38.97833584],[-77.25402678,38.97858699],[-77.25429424,38.97898661],[-77.25518813,38.98058733],[-77.25550496,38.9809806],[-77.25589774,38.98125523],[-77.25708017,38.981843],[-77.25909623,38.98305053],[-77.26123142,38.98429085],[-77.26302576,38.9853065],[-77.26398652,38.98590285],[-77.26462107,38.98623765],[-77.26572202,38.98686704],[-77.26753078,38.98787041],[-77.26946311,38.98885171],[-77.27079251,38.98949992],[-77.27109206,38.98967741],[-77.27403629,38.99115934],[-77.27455581,38.9914366],[-77.27770588,38.99303042],[-77.28177033,38.99507434],[-77.28254114,38.99547636],[-77.28361237,38.99600779],[-77.28412498,38.99628218],[-77.28595285,38.99722506],[-77.28669653,38.9975691],[-77.28775701,38.99790817],[-77.28845732,38.99811308],[-77.28926697,38.99830265],[-77.28967782,38.99835356],[-77.29048657,38.99838933],[-77.29123953,38.99839433],[-77.29383565,38.99844294],[-77.29424685,38.99847324],[-77.29538673,38.99848767],[-77.29861257,38.99854674],[-77.30093071,38.9985951],[-77.30247483,38.99863554],[-77.30481343,38.99872386],[-77.30574564,38.99874156],[-77.30653973,38.99881277],[-77.3070182,38.998819],[-77.30934285,38.99890022],[-77.30988759,38.99894142],[-77.31180401,38.99902533],[-77.31393548,38.99908527],[-77.31413276,38.99864655],[-77.31429752,38.99783406],[-77.3143242,38.99728515],[-77.31429842,38.9971421],[-77.31432994,38.996088],[-77.31440862,38.99431084],[-77.31439017,38.99415002],[-77.31445378,38.99349577],[-77.31453433,38.99160466],[-77.31451431,38.99153856],[-77.31454921,38.99049273],[-77.31457876,38.9904079],[-77.31467297,38.98896726],[-77.31459892,38.98876469],[-77.31436488,38.98866211],[-77.3133796,38.98867002],[-77.31309577,38.98859989],[-77.31301114,38.98839858],[-77.31305819,38.98789519],[-77.31290539,38.98756139],[-77.31198982,38.98654852],[-77.31187187,38.98623567],[-77.31162383,38.98379619],[-77.31157485,38.98356779],[-77.3114923,38.98260589],[-77.31152181,38.982311],[-77.3118275,38.98191045],[-77.31360484,38.97974266],[-77.31429079,38.9788956],[-77.31526512,38.97762721],[-77.314665,38.97732735],[-77.31379847,38.97697125],[-77.31277304,38.97665199],[-77.30593197,38.97468669],[-77.3052183,38.97445016],[-77.30454054,38.97417005],[-77.30388797,38.97385588],[-77.30194706,38.97275286],[-77.2978426,38.9704099],[-77.29667529,38.9697513],[-77.29476262,38.96865532],[-77.29380025,38.96815393],[-77.29288856,38.96777662],[-77.29084329,38.96704167],[-77.28903906,38.96640665],[-77.28797696,38.96602148]]]},"properties":{"PREC_IDENT":328,"PREC_NAME":"HICKORY","DISTRICT":"Dranesville","cx":-77.28800987896504,"cy":38.98317705480256},"id":328},
{"type":"Feature","geometry":{"type":"Polygon","coordinates":[[[-77.24658704,38.93392419],[-77.24556283,38.93416656],[-77.24479743,38.93430804],[-77.24382849,38.93442812],[-77.24311037,38.93447948],[-77.2423471,38.93449878],[-77.24142633,38.93447794],[-77.24001926,38.93432145],[-77.23934604,38.93421812],[-77.23812181,38.93406082],[-77.23706902,38.93395066],[-77.23604462,38.93382569],[-77.23512589,38.93368949],[-77.23361317,38.93354414],[-77.23303936,38.93350779],[-77.23301723,38.93424206],[-77.23288418,38.93500674],[-77.23287712,38.93520712],[-77.23252971,38.93596538],[-77.23205268,38.93709432],[-77.23180578,38.9375365],[-77.23132706,38.93856107],[-77.2311065,38.93890468],[-77.23096315,38.93945507],[-77.23086416,38.93968466],[-77.23056578,38.94084847],[-77.23043213,38.94124794],[-77.22994724,38.94301521],[-77.22984405,38.94348091],[-77.22956687,38.944439],[-77.22950085,38.94479114],[-77.22928274,38.9455906],[-77.22915509,38.94584872],[-77.2288447,38.94610073],[-77.22850474,38.94643344],[-77.22809919,38.94689586],[-77.22788659,38.94718463],[-77.22713994,38.9480429],[-77.22642149,38.94889597],[-77.22615749,38.94930638],[-77.22578001,38.94996818],[-77.22576502,38.9502179],[-77.22610337,38.95096709],[-77.22616304,38.95136865],[-77.22621246,38.95274353],[-77.22735167,38.953349],[-77.23520633,38.95762956],[-77.23643954,38.95829773],[-77.23710081,38.95869201],[-77.23800835,38.95928253],[-77.23886907,38.95993568],[-77.24006139,38.96093289],[-77.24134102,38.96216853],[-77.24346832,38.9642068],[-77.24867158,38.96917064],[-77.25197909,38.97234027],[-77.25506315,38.97525182],[-77.25534885,38.97486327],[-77.25571683,38.97423637],[-77.25605257,38.97409982],[-77.25649354,38.97423039],[-77.2568452,38.97458542],[-77.25722934,38.97480446],[-77.25756607,38.97489706],[-77.25802904,38.97487699],[-77.25838498,38.97472599],[-77.25913068,38.9745344],[-77.259484,38.97408393],[-77.26003705,38.97373836],[-77.26024292,38.97347308],[-77.26065346,38.97329088],[-77.26090455,38.9732358],[-77.26131654,38.97321982],[-77.26186486,38.9733041],[-77.26234096,38.97344331],[-77.26278696,38.97344987],[-77.26305138,38.97335026],[-77.26313756,38.97312259],[-77.26310401,38.97285671],[-77.26333988,38.97241622],[-77.26372653,38.97210244],[-77.26412283,38.97168387],[-77.26491963,38.97144791],[-77.26519914,38.97140249],[-77.26567029,38.97112873],[-77.26628372,38.97085294],[-77.26646504,38.9708494],[-77.26721159,38.9709912],[-77.26770305,38.97094119],[-77.26821681,38.97108308],[-77.26836939,38.97119629],[-77.26897006,38.97146795],[-77.26980758,38.97164328],[-77.27109714,38.97176377],[-77.27143791,38.97172757],[-77.27192042,38.97149355],[-77.27258931,38.97128037],[-77.27315975,38.97096859],[-77.27353914,38.97096267],[-77.2737245,38.97139006],[-77.27435358,38.97163345],[-77.27420241,38.97272218],[-77.27436746,38.9730198],[-77.27399229,38.97319889],[-77.27392712,38.97331367],[-77.27395463,38.97355585],[-77.27414286,38.9738067],[-77.27456036,38.9739786],[-77.27484256,38.97397556],[-77.27512905,38.97389727],[-77.27549281,38.97359519],[-77.27567355,38.97350006],[-77.27599518,38.97349989],[-77.27629362,38.97338215],[-77.27637749,38.97304621],[-77.27677554,38.97275799],[-77.27714902,38.97235737],[-77.27709199,38.97217657],[-77.27686632,38.97198601],[-77.27680356,38.97182363],[-77.27694104,38.9717505],[-77.277499,38.97160778],[-77.27769488,38.97134722],[-77.27768038,38.97103635],[-77.27760388,38.970805],[-77.27796483,38.97079807],[-77.27811911,38.97091954],[-77.27882158,38.97122584],[-77.27919047,38.9717317],[-77.27965904,38.97179214],[-77.28019012,38.97160681],[-77.28042478,38.97133163],[-77.2802774,38.97094683],[-77.27991059,38.97060789],[-77.2798201,38.97041116],[-77.27982562,38.97022713],[-77.27958821,38.96993624],[-77.27951359,38.96976198],[-77.27971769,38.96947385],[-77.27982039,38.96913563],[-77.28011051,38.96879875],[-77.28045342,38.96894809],[-77.28068472,38.96867604],[-77.28110562,38.96860953],[-77.28156923,38.96884062],[-77.28185645,38.96892845],[-77.28265086,38.96889933],[-77.28373181,38.96854503],[-77.28387311,38.96830878],[-77.28375005,38.96805884],[-77.28384518,38.96770362],[-77.28436221,38.96767585],[-77.2845424,38.96775078],[-77.28451672,38.9679918],[-77.28476268,38.96812705],[-77.28503456,38.96815738],[-77.28522446,38.96808902],[-77.28539257,38.96785175],[-77.28535831,38.96776034],[-77.28551944,38.9673393],[-77.28573948,38.96724873],[-77.28589724,38.96709826],[-77.28626964,38.96707443],[-77.28672858,38.96679054],[-77.28689469,38.96662503],[-77.28740361,38.96665186],[-77.28778312,38.96636993],[-77.28797696,38.96602148],[-77.28458149,38.96481333],[-77.28427073,38.96467969],[-77.28359791,38.96432537],[-77.28333007,38.96414961],[-77.28219043,38.96332502],[-77.27970667,38.96150343],[-77.27924393,38.96120756],[-77.27740989,38.95986085],[-77.27698225,38.95957083],[-77.27479734,38.95797466],[-77.27377926,38.95725148],[-77.26789741,38.95345827],[-77.26583821,38.95214059],[-77.26492669,38.95156947],[-77.26442534,38.95127725],[-77.26277702,38.95020273],[-77.26185443,38.94946123],[-77.2615741,38.94920016],[-77.25933451,38.94694135],[-77.25785866,38.9454608],[-77.25721273,38.94479083],[-77.2564106,38.94400387],[-77.25377392,38.94134533],[-77.25163976,38.93911768],[-77.25088982,38.93836968],[-77.25006131,38.93749041],[-77.24993302,38.93738744],[-77.24825793,38.93566163],[-77.24658704,38.93392419]]]},"properties":{"PREC_IDENT":309,"PREC_NAME":"KENMORE","DISTRICT":"Dranesville","cx":-77.25230339626286,"cy":38.955899118156246},"id":309},
{"type":"Feature","geometry":{"type":"Polygon","coordinates":[[[-77.23303936,38.93350779],[-77.23161506,38.93346218],[-77.22886768,38.93355195],[-77.22807283,38.93356806],[-77.22640159,38.93363921],[-77.2253631,38.93371445],[-77.22279146,38.93380598],[-77.2215218,38.93383199],[-77.22010215,38.93379183],[-77.21905303,38.93367468],[-77.21782649,38.93345261],[-77.21712263,38.93329527],[-77.21590798,38.93299918],[-77.21538353,38.93283692],[-77.2138009,38.93228003],[-77.21324101,38.93206667],[-77.21277879,38.93256815],[-77.21242155,38.93288415],[-77.21180177,38.93333181],[-77.20996251,38.93453359],[-77.2092702,38.93510265],[-77.20888691,38.9354966],[-77.20844787,38.93605745],[-77.20717711,38.93828693],[-77.20659691,38.93926498],[-77.20275951,38.9456029],[-77.20275943,38.94560304],[-77.20411629,38.94597901],[-77.20451219,38.94605889],[-77.20528076,38.94614287],[-77.20589965,38.94614282],[-77.20870104,38.94601161],[-77.2089232,38.94597698],[-77.20945723,38.94600207],[-77.20999724,38.94608626],[-77.21077028,38.94631304],[-77.21511863,38.94796155],[-77.21565676,38.94815141],[-77.21632866,38.94833311],[-77.21851237,38.94872764],[-77.21887286,38.94882356],[-77.2193059,38.94899166],[-77.2219046,38.95037233],[-77.22246461,38.95071754],[-77.22302227,38.9509982],[-77.22621246,38.95274353],[-77.22616304,38.95136865],[-77.22610337,38.95096709],[-77.22576502,38.9502179],[-77.22578001,38.94996818],[-77.22615749,38.94930638],[-77.22642149,38.94889597],[-77.22713994,38.9480429],[-77.22788659,38.94718463],[-77.22809919,38.94689586],[-77.22850474,38.94643344],[-77.2288447,38.94610073],[-77.22915509,38.94584872],[-77.22928274,38.9455906],[-77.22950085,38.94479114],[-77.22956687,38.944439],[-77.22984405,38.94348091],[-77.22994724,38.94301521],[-77.23043213,38.94124794],[-77.23056578,38.94084847],[-77.23086416,38.93968466],[-77.23096315,38.93945507],[-77.2311065,38.93890468],[-77.23132706,38.93856107],[-77.23180578,38.9375365],[-77.23205268,38.93709432],[-77.23252971,38.93596538],[-77.23287712,38.93520712],[-77.23288418,38.93500674],[-77.23301723,38.93424206],[-77.23303936,38.93350779]]]},"properties":{"PREC_IDENT":331,"PREC_NAME":"SPRING HILL","DISTRICT":"Dranesville","cx":-77.21897123717216,"cy":38.94104223372693},"id":331},
{"type":"Feature","geometry":{"type":"Polygon","coordinates":[[[-77.24606755,38.9759489],[-77.24652045,38.97605671],[-77.24729708,38.97612934],[-77.24773128,38.97607301],[-77.24800822,38.97596766],[-77.24876042,38.97601304],[-77.24912592,38.97617391],[-77.24921106,38.9762846],[-77.24915929,38.97672721],[-77.24907057,38.97680164],[-77.24900235,38.97724337],[-77.24896232,38.97786149],[-77.2489151,38.9780942],[-77.2493269,38.97822129],[-77.24975473,38.97831132],[-77.25043945,38.97824921],[-77.25105999,38.97813325],[-77.25137542,38.97802572],[-77.25141117,38.97789622],[-77.25183116,38.97767691],[-77.25223115,38.97753713],[-77.25249905,38.97710812],[-77.25273855,38.97692789],[-77.25313615,38.97675747],[-77.25418578,38.97606487],[-77.25499941,38.97534878],[-77.25506315,38.97525182],[-77.25197909,38.97234027],[-77.24867158,38.96917064],[-77.24346832,38.9642068],[-77.24134102,38.96216853],[-77.24006139,38.96093289],[-77.23886907,38.95993568],[-77.23800835,38.95928253],[-77.23710081,38.95869201],[-77.23643954,38.95829773],[-77.23520633,38.95762956],[-77.22735167,38.953349],[-77.22621246,38.95274353],[-77.22302227,38.9509982],[-77.22246461,38.95071754],[-77.2219046,38.95037233],[-77.2193059,38.94899166],[-77.21887286,38.94882356],[-77.21851237,38.94872764],[-77.21632866,38.94833311],[-77.21565676,38.94815141],[-77.21511863,38.94796155],[-77.21077028,38.94631304],[-77.20999724,38.94608626],[-77.20945723,38.94600207],[-77.2089232,38.94597698],[-77.20870104,38.94601161],[-77.20589965,38.94614282],[-77.20528076,38.94614287],[-77.20451219,38.94605889],[-77.20411629,38.94597901],[-77.20275943,38.94560304],[-77.20242559,38.9461361],[-77.20202835,38.94671249],[-77.20131623,38.94758882],[-77.20086075,38.94807944],[-77.20022364,38.94869573],[-77.19962696,38.94921498],[-77.19909187,38.94963469],[-77.19825986,38.95033119],[-77.19754299,38.95088343],[-77.19679706,38.95148614],[-77.19620767,38.95198898],[-77.19577467,38.95240019],[-77.19529758,38.95291525],[-77.19488062,38.95341039],[-77.19449506,38.95391961],[-77.19399509,38.954681],[-77.19384354,38.95493524],[-77.19341646,38.95579135],[-77.19304569,38.95664535],[-77.19285414,38.95731323],[-77.19262854,38.95792033],[-77.19234245,38.95856519],[-77.19194725,38.95921433],[-77.19136204,38.95986822],[-77.19089028,38.96027899],[-77.19043384,38.96062127],[-77.18987148,38.9609857],[-77.18870105,38.96152048],[-77.18779443,38.96186047],[-77.18720246,38.96211198],[-77.18490271,38.96304462],[-77.18314076,38.96380064],[-77.18264049,38.96403668],[-77.18208193,38.9643819],[-77.18162901,38.96472007],[-77.18128786,38.96510068],[-77.18096706,38.9655227],[-77.18056569,38.96611682],[-77.18021247,38.96677051],[-77.17999138,38.96731585],[-77.17977146,38.96840874],[-77.18067625,38.96851803],[-77.18130857,38.96875441],[-77.18234543,38.96879761],[-77.18305726,38.96872733],[-77.18390028,38.96802556],[-77.18408858,38.96792332],[-77.18472328,38.96783843],[-77.1850012,38.96783605],[-77.18536935,38.96790058],[-77.18605072,38.96795625],[-77.18619006,38.96783836],[-77.18645811,38.96779879],[-77.18788505,38.9678614],[-77.18827266,38.96801538],[-77.18851517,38.96802632],[-77.18887707,38.96785599],[-77.18919538,38.96756847],[-77.18935765,38.96754282],[-77.1903859,38.96786457],[-77.19091097,38.96800359],[-77.19235086,38.96812808],[-77.19299814,38.96812429],[-77.19365856,38.96817145],[-77.19420176,38.96828183],[-77.19437201,38.96820408],[-77.19452118,38.96793252],[-77.19474281,38.96773727],[-77.19502214,38.96765799],[-77.19519431,38.96747455],[-77.19537793,38.9674354],[-77.19564989,38.96756747],[-77.19583291,38.96756127],[-77.19611385,38.96739276],[-77.19633283,38.96734302],[-77.19673265,38.96702068],[-77.19715652,38.9669224],[-77.1976006,38.96687378],[-77.19828548,38.96692941],[-77.19922402,38.96715673],[-77.19965577,38.96720544],[-77.20083066,38.96739554],[-77.20158162,38.96749308],[-77.20184728,38.96758526],[-77.20273235,38.96804673],[-77.20323553,38.96823077],[-77.20450668,38.96854546],[-77.20497795,38.96874424],[-77.20566639,38.96918843],[-77.20620178,38.96973253],[-77.20673901,38.96998008],[-77.20723536,38.97015441],[-77.20816386,38.97035683],[-77.20854383,38.97035277],[-77.20891109,38.97027305],[-77.20939974,38.9702894],[-77.20978171,38.97017414],[-77.21024695,38.97012295],[-77.21043175,38.97001789],[-77.21067989,38.96971581],[-77.21095281,38.96960072],[-77.21123752,38.96941712],[-77.21152361,38.96935161],[-77.2117855,38.96945882],[-77.21213961,38.96952311],[-77.21267347,38.96976374],[-77.21290143,38.96980193],[-77.21334861,38.96977662],[-77.21383949,38.96986437],[-77.21409683,38.97002919],[-77.21441788,38.97036771],[-77.21460932,38.97048101],[-77.21499792,38.97058411],[-77.21540954,38.97058037],[-77.21584069,38.97066471],[-77.21686057,38.97106989],[-77.21754929,38.97111035],[-77.21779454,38.9711652],[-77.21857671,38.97148813],[-77.21910238,38.97159821],[-77.21947921,38.97157348],[-77.22006579,38.97142472],[-77.2205175,38.97134314],[-77.22110495,38.97134266],[-77.22143446,38.97140666],[-77.22209549,38.97161979],[-77.22360012,38.97206587],[-77.22392817,38.97221222],[-77.22532538,38.97316099],[-77.2258665,38.9735911],[-77.22636768,38.9740908],[-77.22666669,38.9744867],[-77.22697767,38.97500081],[-77.22724465,38.97561605],[-77.22734617,38.97604002],[-77.22758404,38.97670985],[-77.22805687,38.97761975],[-77.22872389,38.97868964],[-77.22954688,38.97949485],[-77.22989855,38.97970048],[-77.23022467,38.97976029],[-77.23053519,38.97970735],[-77.23094363,38.97929026],[-77.23143664,38.97926263],[-77.23159392,38.97932062],[-77.23228349,38.97931844],[-77.23245843,38.97917342],[-77.23277594,38.97872513],[-77.23287495,38.97829921],[-77.23301137,38.97814416],[-77.23321336,38.97806121],[-77.23350769,38.97772938],[-77.23359878,38.9773528],[-77.23382191,38.97726733],[-77.23411886,38.97678724],[-77.23440009,38.97640035],[-77.23463663,38.97615301],[-77.23499388,38.9760429],[-77.23514352,38.97614589],[-77.23519786,38.9760876],[-77.23529761,38.97516783],[-77.23542324,38.97499596],[-77.23573922,38.97496309],[-77.23604525,38.97502379],[-77.23640024,38.97517482],[-77.23677095,38.97519231],[-77.23701049,38.97514776],[-77.23726044,38.97502337],[-77.23759477,38.97508531],[-77.23777423,38.97528186],[-77.23790919,38.97574845],[-77.23802985,38.97580411],[-77.23848506,38.97620567],[-77.23897162,38.97655487],[-77.23942873,38.9765207],[-77.23987595,38.97682101],[-77.24080486,38.97696603],[-77.24092346,38.97720976],[-77.2413243,38.97741151],[-77.24172663,38.97749383],[-77.24219001,38.9775319],[-77.24268229,38.9774764],[-77.2430044,38.97738571],[-77.24310971,38.97727807],[-77.24336617,38.97728021],[-77.24369185,38.97713612],[-77.24400339,38.97710612],[-77.24431081,38.97677085],[-77.24463471,38.97660802],[-77.24475119,38.97635491],[-77.24474666,38.97619554],[-77.24499344,38.97583747],[-77.24544987,38.97580779],[-77.24606755,38.9759489]]]},"properties":{"PREC_IDENT":304,"PREC_NAME":"COOPER","DISTRICT":"Dranesville","cx":-77.21885108482047,"cy":38.96073578847348},"id":304},
{"type":"Feature","geometry":{"type":"Polygon","coordinates":[[[-77.18465138,38.92978671],[-77.18290329,38.93040695],[-77.18196842,38.93077404],[-77.18146848,38.93100459],[-77.18057413,38.93146137],[-77.17947714,38.93223028],[-77.17884275,38.93269683],[-77.1780289,38.93336182],[-77.17725679,38.93405061],[-77.17753971,38.93415128],[-77.1792273,38.93453273],[-77.17984295,38.93470303],[-77.18074363,38.9350509],[-77.18137851,38.93532301],[-77.18218723,38.93570141],[-77.18427985,38.93662279],[-77.18516197,38.93702671],[-77.18559595,38.93713592],[-77.18616086,38.93737258],[-77.18695354,38.93768793],[-77.18742247,38.93780849],[-77.18817935,38.93794875],[-77.18946657,38.93812101],[-77.19117023,38.93840086],[-77.1915235,38.93850227],[-77.19216498,38.93880186],[-77.19247733,38.93902638],[-77.19281754,38.93945854],[-77.19314238,38.93996192],[-77.19399921,38.94137326],[-77.19479853,38.94266176],[-77.19498015,38.9429219],[-77.19530461,38.94325502],[-77.19567638,38.94350079],[-77.1959937,38.9436471],[-77.19669286,38.94387179],[-77.19993217,38.94479598],[-77.20005786,38.94484542],[-77.20275951,38.9456029],[-77.20659691,38.93926498],[-77.20717711,38.93828693],[-77.20844787,38.93605745],[-77.20888691,38.9354966],[-77.2092702,38.93510265],[-77.20996251,38.93453359],[-77.21180177,38.93333181],[-77.21242155,38.93288415],[-77.21277879,38.93256815],[-77.21324101,38.93206667],[-77.2104657,38.93106849],[-77.21004497,38.93092767],[-77.20803719,38.93016694],[-77.20580158,38.92937073],[-77.20523604,38.92915031],[-77.20383179,38.92865291],[-77.20190421,38.92793553],[-77.20106947,38.92763386],[-77.20069157,38.92753632],[-77.20031533,38.92734681],[-77.19962406,38.92688882],[-77.1990969,38.92649306],[-77.19845694,38.9259203],[-77.19773058,38.92507335],[-77.196864,38.92381844],[-77.19654513,38.92331505],[-77.19507247,38.92413495],[-77.19498289,38.92422869],[-77.19525845,38.92473289],[-77.19343498,38.92525771],[-77.19354473,38.9256008],[-77.19409583,38.9275758],[-77.19437274,38.92839306],[-77.19450032,38.92891621],[-77.19469694,38.92950878],[-77.19368259,38.92961147],[-77.19177074,38.92977007],[-77.19059663,38.92976523],[-77.18838038,38.92965127],[-77.18781218,38.92957902],[-77.18689257,38.92949873],[-77.18574977,38.92951204],[-77.18532324,38.92957455],[-77.18465138,38.92978671]]]},"properties":{"PREC_IDENT":314,"PREC_NAME":"MCLEAN","DISTRICT":"Dranesville","cx":-77.19858727997877,"cy":38.935407777258646},"id":314},
{"type":"Feature","geometry":{"type":"Polygon","coordinates":[[[-77.18328369,38.95207342],[-77.18411549,38.95228262],[-77.18477789,38.95240536],[-77.18579982,38.95267492],[-77.1873194,38.95303925],[-77.18780988,38.95314084],[-77.18824004,38.95327195],[-77.18927382,38.95347158],[-77.19028717,38.95363528],[-77.19088274,38.95375999],[-77.19227943,38.95411603],[-77.19351033,38.95450042],[-77.19399509,38.954681],[-77.19449506,38.95391961],[-77.19488062,38.95341039],[-77.19529758,38.95291525],[-77.19577467,38.95240019],[-77.19620767,38.95198898],[-77.19679706,38.95148614],[-77.19754299,38.95088343],[-77.19825986,38.95033119],[-77.19909187,38.94963469],[-77.19962696,38.94921498],[-77.20022364,38.94869573],[-77.20086075,38.94807944],[-77.20131623,38.94758882],[-77.20202835,38.94671249],[-77.20242559,38.9461361],[-77.20275943,38.94560304],[-77.20275951,38.9456029],[-77.20005786,38.94484542],[-77.19993217,38.94479598],[-77.19669286,38.94387179],[-77.1959937,38.9436471],[-77.19567638,38.94350079],[-77.19530461,38.94325502],[-77.19498015,38.9429219],[-77.19479853,38.94266176],[-77.19399921,38.94137326],[-77.19314238,38.93996192],[-77.19281754,38.93945854],[-77.19247733,38.93902638],[-77.19216498,38.93880186],[-77.1915235,38.93850227],[-77.19117023,38.93840086],[-77.18946657,38.93812101],[-77.18817935,38.93794875],[-77.18742247,38.93780849],[-77.18695354,38.93768793],[-77.18616086,38.93737258],[-77.18603907,38.93757847],[-77.18615203,38.93796843],[-77.1862607,38.93808958],[-77.18629478,38.93833123],[-77.18608249,38.93853239],[-77.18618643,38.93875257],[-77.18607929,38.93914421],[-77.18585435,38.93948637],[-77.18570912,38.93985367],[-77.18591199,38.94019369],[-77.18591311,38.94045704],[-77.18610409,38.94097353],[-77.18604306,38.94118211],[-77.18588533,38.94124546],[-77.18577628,38.94151293],[-77.18596748,38.94164364],[-77.18614854,38.94236239],[-77.1859366,38.94241906],[-77.18586583,38.94260433],[-77.18561454,38.94266526],[-77.18543199,38.94295811],[-77.18526721,38.94303507],[-77.18527571,38.94320825],[-77.18470436,38.94366197],[-77.18455001,38.94387814],[-77.18441905,38.94417549],[-77.1842755,38.94423226],[-77.18377876,38.94480978],[-77.18354692,38.94485071],[-77.18338987,38.94504298],[-77.18321858,38.94510817],[-77.18290778,38.94539714],[-77.18271846,38.94598988],[-77.18255375,38.94610707],[-77.18253768,38.94638052],[-77.1824309,38.94664396],[-77.18222392,38.94686222],[-77.18221209,38.94705411],[-77.18201761,38.94730775],[-77.18203521,38.94766446],[-77.18180546,38.94803676],[-77.18182978,38.94822274],[-77.18166343,38.94859315],[-77.18166851,38.94881384],[-77.18148218,38.94920308],[-77.18142482,38.94961667],[-77.18115431,38.94978935],[-77.18116236,38.95001527],[-77.18127707,38.9501873],[-77.1815799,38.95034324],[-77.18190285,38.95074349],[-77.18210687,38.95086849],[-77.18215686,38.9510586],[-77.18269544,38.95140089],[-77.18283553,38.95152229],[-77.18284435,38.95167943],[-77.18304021,38.95184883],[-77.18323074,38.95190635],[-77.18328369,38.95207342]]]},"properties":{"PREC_IDENT":303,"PREC_NAME":"CHURCHILL","DISTRICT":"Dranesville","cx":-77.19082376420742,"cy":38.94680842488339},"id":303},
{"type":"Feature","geometry":{"type":"Polygon","coordinates":[[[-77.12116111,38.93331115],[-77.11974857,38.93441907],[-77.12021198,38.93481994],[-77.12117457,38.93577311],[-77.12226783,38.93669761],[-77.12313146,38.9373146],[-77.1237716,38.93785207],[-77.12414942,38.93831783],[-77.12459549,38.93870886],[-77.12596822,38.9397327],[-77.12676476,38.94018411],[-77.12731231,38.94041843],[-77.12802159,38.94083724],[-77.12834271,38.94114442],[-77.12877381,38.94176867],[-77.12901752,38.94226305],[-77.12941342,38.9432576],[-77.12980222,38.9440722],[-77.13005558,38.94443076],[-77.13055319,38.94525624],[-77.13109315,38.94644331],[-77.13191323,38.94778535],[-77.13267348,38.94913218],[-77.13311081,38.94980317],[-77.13350587,38.95047778],[-77.1338481,38.95115727],[-77.13408737,38.95170376],[-77.13429226,38.95202468],[-77.13473755,38.95283305],[-77.13543164,38.9538736],[-77.13606956,38.95454004],[-77.13625522,38.95476325],[-77.13656051,38.95498372],[-77.13709616,38.95548146],[-77.13755662,38.95586437],[-77.13844371,38.95656115],[-77.13886757,38.95702051],[-77.13935498,38.95746689],[-77.14022984,38.95806877],[-77.14058602,38.95838868],[-77.14147958,38.9593038],[-77.14212074,38.9601762],[-77.14227976,38.9603222],[-77.14314006,38.9613248],[-77.143292,38.96147346],[-77.14413066,38.96213393],[-77.14436197,38.96236314],[-77.14506789,38.96316212],[-77.14544595,38.96344382],[-77.14601687,38.96375657],[-77.14663527,38.96416323],[-77.14707244,38.96448131],[-77.14801161,38.96485183],[-77.14830925,38.96492253],[-77.14875962,38.96510071],[-77.15027656,38.96560965],[-77.15104791,38.9657407],[-77.151876,38.96584768],[-77.15238267,38.96583839],[-77.15281622,38.96578981],[-77.15366994,38.96584352],[-77.15419397,38.96584677],[-77.15476293,38.96589173],[-77.15554415,38.96605993],[-77.15655067,38.96621834],[-77.15712629,38.96628396],[-77.15761172,38.96628264],[-77.15816935,38.96599381],[-77.15857441,38.96596411],[-77.15919475,38.96608376],[-77.16003691,38.96619085],[-77.16100972,38.96646005],[-77.16193134,38.96683301],[-77.16269373,38.9672577],[-77.1630499,38.96739767],[-77.16334076,38.9674559],[-77.16422103,38.96778443],[-77.16490939,38.96784168],[-77.16521912,38.96783146],[-77.16610719,38.96774131],[-77.16659115,38.9676301],[-77.16685379,38.96750402],[-77.16712229,38.96744116],[-77.16746369,38.96742992],[-77.16792425,38.96725254],[-77.16835176,38.96715029],[-77.16852989,38.96702874],[-77.1690286,38.96650166],[-77.16933322,38.96638703],[-77.16974103,38.96639851],[-77.17023818,38.96652359],[-77.1707088,38.96656186],[-77.1711781,38.96667151],[-77.17152549,38.9669061],[-77.17216027,38.96757642],[-77.1727033,38.96769376],[-77.1734022,38.96794192],[-77.17365839,38.96797364],[-77.17392698,38.96790527],[-77.17421497,38.96792912],[-77.17459823,38.96812702],[-77.17488174,38.96820299],[-77.17537079,38.96819614],[-77.1764565,38.96826054],[-77.17721144,38.96814135],[-77.17784919,38.96827346],[-77.17819739,38.96827463],[-77.17841991,38.96822496],[-77.17887704,38.96823284],[-77.17977146,38.96840874],[-77.17999138,38.96731585],[-77.18021247,38.96677051],[-77.18056569,38.96611682],[-77.18096706,38.9655227],[-77.18128786,38.96510068],[-77.18162901,38.96472007],[-77.18208193,38.9643819],[-77.18264049,38.96403668],[-77.18314076,38.96380064],[-77.18490271,38.96304462],[-77.18720246,38.96211198],[-77.18779443,38.96186047],[-77.18870105,38.96152048],[-77.18987148,38.9609857],[-77.19043384,38.96062127],[-77.19089028,38.96027899],[-77.19136204,38.95986822],[-77.19194725,38.95921433],[-77.19234245,38.95856519],[-77.19262854,38.95792033],[-77.19285414,38.95731323],[-77.19304569,38.95664535],[-77.19341646,38.95579135],[-77.19384354,38.95493524],[-77.19399509,38.954681],[-77.19351033,38.95450042],[-77.19227943,38.95411603],[-77.19088274,38.95375999],[-77.19028717,38.95363528],[-77.18927382,38.95347158],[-77.18824004,38.95327195],[-77.18780988,38.95314084],[-77.1873194,38.95303925],[-77.18579982,38.95267492],[-77.18477789,38.95240536],[-77.18411549,38.95228262],[-77.18328369,38.95207342],[-77.181812,38.95171174],[-77.18131107,38.95160589],[-77.17942491,38.9512909],[-77.17844711,38.95110966],[-77.17822935,38.95109486],[-77.17592635,38.95069274],[-77.1745685,38.95052641],[-77.17384348,38.95036858],[-77.17339945,38.95022902],[-77.16887061,38.94906433],[-77.16769792,38.94877645],[-77.1673693,38.9486725],[-77.16559801,38.94823913],[-77.1652941,38.94812996],[-77.1629557,38.94756106],[-77.16094678,38.94705078],[-77.15992866,38.94677419],[-77.1590395,38.94655948],[-77.15784842,38.94631934],[-77.1571622,38.9461591],[-77.15499079,38.94569217],[-77.15463587,38.94567987],[-77.15335514,38.9455334],[-77.15237854,38.94529566],[-77.15201953,38.94512679],[-77.15175656,38.94489997],[-77.15151749,38.94452378],[-77.15139051,38.94417083],[-77.15120803,38.94396416],[-77.15100977,38.9438493],[-77.15067721,38.94376997],[-77.150368,38.94375818],[-77.14940146,38.94392145],[-77.1485491,38.94399678],[-77.14787365,38.94401373],[-77.14708984,38.94399647],[-77.14618089,38.94390225],[-77.14550455,38.9437805],[-77.1442942,38.94344801],[-77.14288977,38.94296636],[-77.14121231,38.94242113],[-77.13979089,38.94191041],[-77.13788896,38.94115246],[-77.13681851,38.94067872],[-77.13570687,38.94015232],[-77.1352787,38.9399263],[-77.13434427,38.93951178],[-77.13335826,38.93903762],[-77.13214347,38.93839191],[-77.12958219,38.93718816],[-77.12904928,38.93692519],[-77.12728767,38.93619616],[-77.12628165,38.93585351],[-77.12557731,38.93554734],[-77.12469628,38.93510453],[-77.12398362,38.93486553],[-77.12289497,38.93461662],[-77.12254547,38.93450818],[-77.12217971,38.93433089],[-77.12195107,38.93415384],[-77.12144505,38.93359184],[-77.12116111,38.93331115]]]},"properties":{"PREC_IDENT":311,"PREC_NAME":"LANGLEY","DISTRICT":"Dranesville","cx":-77.15832195451912,"cy":38.95579037590398},"id":311},
{"type":"Feature","geometry":{"type":"Polygon","coordinates":[[[-77.40291132,38.85172536],[-77.40151428,38.85196173],[-77.39953522,38.85232077],[-77.3987818,38.85244551],[-77.3980878,38.85258865],[-77.3944319,38.85328745],[-77.39306576,38.85352034],[-77.38833632,38.85437068],[-77.38853391,38.85499055],[-77.38864027,38.85605973],[-77.38856642,38.85697343],[-77.38846457,38.85742693],[-77.38831876,38.85777154],[-77.38797179,38.85840531],[-77.3875421,38.85893807],[-77.38696225,38.85941449],[-77.38646946,38.85971188],[-77.38608724,38.85990047],[-77.38511114,38.86033605],[-77.38415596,38.86078143],[-77.3837628,38.86099462],[-77.38308405,38.86150441],[-77.38274194,38.86182243],[-77.38227957,38.86241939],[-77.38207303,38.86282657],[-77.3818701,38.86345346],[-77.38181294,38.86419158],[-77.38184072,38.86466278],[-77.38191077,38.86492486],[-77.38215299,38.86581081],[-77.3830203,38.86921169],[-77.38307116,38.86947288],[-77.38351773,38.86940177],[-77.38397106,38.86944024],[-77.3842045,38.86949811],[-77.38452435,38.86924929],[-77.38467206,38.86919884],[-77.38473491,38.86902569],[-77.38522502,38.86881097],[-77.38555895,38.86855802],[-77.38577478,38.86855972],[-77.38576344,38.86840445],[-77.38593018,38.86835352],[-77.38631154,38.86811423],[-77.38628842,38.86803261],[-77.38655073,38.86791644],[-77.38703893,38.86796625],[-77.38744369,38.86793693],[-77.38776444,38.86796088],[-77.38818733,38.86807605],[-77.38837466,38.8680516],[-77.38864302,38.86825042],[-77.38901773,38.86822331],[-77.38958172,38.86804901],[-77.38983645,38.86808486],[-77.3899369,38.86819442],[-77.3902442,38.86817672],[-77.39053537,38.86831902],[-77.39098809,38.86835883],[-77.39137954,38.86855469],[-77.39155626,38.86835049],[-77.3918162,38.86841855],[-77.39214622,38.86837508],[-77.39229889,38.86850509],[-77.3927749,38.86855622],[-77.39324376,38.86849338],[-77.39478706,38.86830028],[-77.39543806,38.86828977],[-77.39563546,38.86823873],[-77.39599363,38.8683168],[-77.39614411,38.86812906],[-77.39641485,38.86810702],[-77.39644465,38.86780803],[-77.396793,38.86722795],[-77.39680165,38.86713037],[-77.39709974,38.86699064],[-77.39751344,38.86691498],[-77.39770811,38.86669211],[-77.39804382,38.86668843],[-77.39818791,38.86662547],[-77.3983193,38.86674494],[-77.39832421,38.86690086],[-77.39892311,38.86701414],[-77.39930053,38.86686279],[-77.3995202,38.8669025],[-77.39951476,38.8670223],[-77.39978699,38.86704756],[-77.39987041,38.86719921],[-77.40027531,38.86720156],[-77.40063769,38.86729791],[-77.40105194,38.86725225],[-77.40159677,38.86733977],[-77.40218228,38.86738473],[-77.40230494,38.86716248],[-77.40315401,38.86744455],[-77.4034402,38.86747224],[-77.40477356,38.86777342],[-77.40526274,38.86817598],[-77.4053722,38.86840336],[-77.40535419,38.86861702],[-77.40563655,38.86865562],[-77.40569305,38.86848071],[-77.40613386,38.86846263],[-77.40633982,38.86865155],[-77.40653389,38.86867083],[-77.40674973,38.86837057],[-77.40692691,38.86827298],[-77.40755423,38.86816097],[-77.40734082,38.86737282],[-77.40644441,38.86419428],[-77.40633892,38.86397225],[-77.40608084,38.86316117],[-77.40604219,38.86293152],[-77.40577051,38.86209147],[-77.40557034,38.861399],[-77.40550831,38.86109088],[-77.40513194,38.85974735],[-77.4050003,38.85939738],[-77.40490124,38.85898457],[-77.40444163,38.85734369],[-77.40403368,38.85600124],[-77.40406025,38.85587105],[-77.40349719,38.85387773],[-77.40291132,38.85172536]]]},"properties":{"PREC_IDENT":843,"PREC_NAME":"FAIR LAKES","DISTRICT":"Springfield","cx":-77.39493496109971,"cy":38.861064223097465},"id":843},
{"type":"Feature","geometry":{"type":"Polygon","coordinates":[[[-77.34447963,38.86236136],[-77.34853299,38.86163334],[-77.34989307,38.86135972],[-77.35228493,38.86091494],[-77.35350331,38.8607154],[-77.35520132,38.86039147],[-77.3580437,38.85988094],[-77.35875539,38.85973958],[-77.3634504,38.85889131],[-77.36298152,38.85858893],[-77.36332982,38.85850896],[-77.36381473,38.85827063],[-77.36402875,38.85806264],[-77.36420137,38.85774849],[-77.36458136,38.85583793],[-77.36470748,38.8551567],[-77.36444054,38.85513343],[-77.3639267,38.85498155],[-77.3636377,38.85482498],[-77.36323847,38.85453278],[-77.36282755,38.85431325],[-77.36236677,38.85413853],[-77.36173167,38.85410492],[-77.36139409,38.85413322],[-77.36106099,38.85365768],[-77.36064127,38.85332959],[-77.36010802,38.85307453],[-77.35914175,38.85266698],[-77.35624684,38.85142372],[-77.35541273,38.85109843],[-77.35481442,38.85096216],[-77.35443237,38.85091724],[-77.35356133,38.85092659],[-77.35321286,38.8509781],[-77.35256398,38.85114888],[-77.35203745,38.85135517],[-77.35170389,38.85157159],[-77.35090019,38.85198111],[-77.35021068,38.85227641],[-77.34963954,38.85241636],[-77.34926753,38.85152576],[-77.34862469,38.85066271],[-77.34845714,38.849943],[-77.34832959,38.84979484],[-77.34842178,38.84968753],[-77.34818033,38.84969995],[-77.34734244,38.84981947],[-77.34451654,38.8501981],[-77.34239811,38.85047379],[-77.33809189,38.85096809],[-77.33792638,38.85099666],[-77.33761651,38.85104851],[-77.33560792,38.85126064],[-77.33480022,38.85135653],[-77.33505469,38.85267619],[-77.33485473,38.85374514],[-77.33325067,38.85656738],[-77.33495153,38.85730077],[-77.33693388,38.8580687],[-77.33822818,38.85860325],[-77.33971847,38.85918091],[-77.3400748,38.85929839],[-77.34071951,38.85960956],[-77.34136995,38.86000042],[-77.34171023,38.86024267],[-77.34246271,38.86084048],[-77.34359611,38.86177567],[-77.34375874,38.86192693],[-77.34447963,38.86236136]]]},"properties":{"PREC_IDENT":132,"PREC_NAME":"MONUMENT","DISTRICT":"Braddock","cx":-77.34704374203892,"cy":38.856730991406195},"id":132},
{"type":"Feature","geometry":{"type":"Polygon","coordinates":[[[-77.34842178,38.84968753],[-77.34939678,38.84957953],[-77.35298878,38.84906153],[-77.35426178,38.84886053],[-77.35555678,38.84868953],[-77.35986378,38.84806153],[-77.36172979,38.84771953],[-77.36327879,38.84742453],[-77.36577979,38.84692753],[-77.36705702,38.84666817],[-77.36881074,38.84634871],[-77.36971255,38.84616517],[-77.37388369,38.84529497],[-77.37525384,38.84502528],[-77.37479554,38.84424515],[-77.3746142,38.84371756],[-77.3745084,38.84307536],[-77.37435749,38.84127942],[-77.37429263,38.84071313],[-77.37396239,38.83938228],[-77.37383866,38.83898842],[-77.37282053,38.83629995],[-77.37241137,38.83530335],[-77.37198504,38.83450567],[-77.37137333,38.83366501],[-77.37084873,38.83309017],[-77.36897935,38.83141223],[-77.36828851,38.83069573],[-77.36731553,38.82961679],[-77.3670001,38.82913869],[-77.36658394,38.82863519],[-77.3654535,38.82903999],[-77.36249252,38.83002597],[-77.36147005,38.83030301],[-77.36037534,38.83048598],[-77.3592578,38.83055887],[-77.35744598,38.83057969],[-77.35483783,38.83056388],[-77.3540686,38.83058933],[-77.35348827,38.83065643],[-77.35291794,38.83075657],[-77.35234001,38.83089372],[-77.35180026,38.83105731],[-77.35085375,38.83141052],[-77.3499337,38.83186421],[-77.34903094,38.83233453],[-77.34847543,38.83260368],[-77.34788241,38.83282521],[-77.3478707,38.83292409],[-77.34785766,38.83303423],[-77.34644691,38.83343502],[-77.34484828,38.83387155],[-77.34498739,38.83417376],[-77.34511939,38.83472376],[-77.34509939,38.83529976],[-77.34497939,38.83572076],[-77.34470832,38.83629191],[-77.34464583,38.8362745],[-77.34383243,38.83794841],[-77.34336677,38.83873878],[-77.3429247,38.83937287],[-77.3418692,38.84081371],[-77.34155079,38.84139821],[-77.34102604,38.84301865],[-77.34080313,38.84355878],[-77.3400577,38.84492715],[-77.33969635,38.84555927],[-77.33939054,38.84601346],[-77.33838227,38.84734627],[-77.33804269,38.84793329],[-77.33794289,38.84824123],[-77.33779154,38.84934773],[-77.33778694,38.84984883],[-77.33792638,38.85099666],[-77.33809189,38.85096809],[-77.34239811,38.85047379],[-77.34451654,38.8501981],[-77.34734244,38.84981947],[-77.34818033,38.84969995],[-77.34842178,38.84968753]]]},"properties":{"PREC_IDENT":138,"PREC_NAME":"EAGLE VIEW #2","DISTRICT":"Braddock","cx":-77.35692051522632,"cy":38.84021845247971},"id":138},
{"type":"Feature","geometry":{"type":"Polygon","coordinates":[[[-77.33792638,38.85099666],[-77.33778694,38.84984883],[-77.33779154,38.84934773],[-77.33794289,38.84824123],[-77.33804269,38.84793329],[-77.33838227,38.84734627],[-77.33939054,38.84601346],[-77.33969635,38.84555927],[-77.3400577,38.84492715],[-77.34080313,38.84355878],[-77.34102604,38.84301865],[-77.34155079,38.84139821],[-77.3418692,38.84081371],[-77.3429247,38.83937287],[-77.34336677,38.83873878],[-77.34383243,38.83794841],[-77.34464583,38.8362745],[-77.34470832,38.83629191],[-77.34497939,38.83572076],[-77.34509939,38.83529976],[-77.34511939,38.83472376],[-77.34498739,38.83417376],[-77.34484828,38.83387155],[-77.3436747,38.83422604],[-77.34324483,38.83432203],[-77.34262614,38.83437085],[-77.34205021,38.83438028],[-77.34035343,38.8342276],[-77.33884966,38.83408092],[-77.33799904,38.83392559],[-77.33737789,38.8336929],[-77.33693225,38.83346194],[-77.33525411,38.83237848],[-77.33460605,38.8320741],[-77.3342392,38.83196474],[-77.33337465,38.83180512],[-77.33181261,38.8315754],[-77.32990017,38.83130509],[-77.3289135,38.83110028],[-77.3280688,38.83080077],[-77.32671413,38.83034376],[-77.32590272,38.83015715],[-77.3253213,38.83007445],[-77.3241325,38.82999527],[-77.32214448,38.82984215],[-77.32121311,38.82969275],[-77.32035722,38.82943701],[-77.31962519,38.82912073],[-77.31655765,38.8275864],[-77.31642164,38.82753148],[-77.3162181,38.82880494],[-77.31610484,38.8292871],[-77.31583171,38.83009578],[-77.31558062,38.83063284],[-77.31508259,38.83145436],[-77.3144877,38.8321884],[-77.31419128,38.83249296],[-77.3132106,38.83341394],[-77.31247917,38.83412187],[-77.31216811,38.83446197],[-77.31192341,38.83482197],[-77.31162061,38.8355109],[-77.3115933,38.83588819],[-77.31162476,38.83610819],[-77.31182493,38.83672859],[-77.31197635,38.83671299],[-77.31187791,38.83629885],[-77.31191298,38.8357617],[-77.31252094,38.83572407],[-77.31264973,38.83630268],[-77.31300419,38.83630021],[-77.31395985,38.83603308],[-77.31406164,38.83584832],[-77.31621543,38.83641631],[-77.31869154,38.83465825],[-77.31875649,38.84202091],[-77.32269422,38.84320418],[-77.32589068,38.84699545],[-77.33124002,38.84734128],[-77.33058001,38.84754752],[-77.33038584,38.84782705],[-77.33046339,38.8488864],[-77.33124511,38.85112667],[-77.33153414,38.85170757],[-77.33479221,38.85132257],[-77.33480022,38.85135653],[-77.33560792,38.85126064],[-77.33761651,38.85104851],[-77.33792638,38.85099666]]]},"properties":{"PREC_IDENT":121,"PREC_NAME":"VILLA","DISTRICT":"Braddock","cx":-77.3294690662367,"cy":38.83885911196905},"id":121},
{"type":"Feature","geometry":{"type":"Polygon","coordinates":[[[-77.25285107,38.87911051],[-77.25442937,38.87953775],[-77.25874512,38.8806585],[-77.26320391,38.88184649],[-77.26497563,38.88137498],[-77.26672236,38.88092652],[-77.26761762,38.88300639],[-77.26780299,38.88305501],[-77.27093112,38.88236148],[-77.27113379,38.88283591],[-77.27391072,38.88912302],[-77.27268283,38.88983651],[-77.27548167,38.89332871],[-77.27794792,38.89138384],[-77.27885308,38.89063811],[-77.28138563,38.88861454],[-77.28266416,38.88760218],[-77.2844586,38.88620659],[-77.28501294,38.8858375],[-77.28566109,38.88552979],[-77.2920381,38.88301021],[-77.29282927,38.88276022],[-77.29257958,38.88256681],[-77.29008449,38.88260841],[-77.28962378,38.88263662],[-77.28947531,38.88206667],[-77.28922486,38.88129384],[-77.28900933,38.88053373],[-77.28864912,38.87939593],[-77.28842407,38.87857668],[-77.28767949,38.87627884],[-77.28766415,38.87614688],[-77.28542861,38.87601806],[-77.28493129,38.87592916],[-77.28441449,38.87574532],[-77.28401763,38.87553252],[-77.28311783,38.87474473],[-77.28020867,38.87559187],[-77.27910052,38.87589203],[-77.27831333,38.87612662],[-77.27733889,38.87640231],[-77.27640757,38.8766315],[-77.27469077,38.87698294],[-77.27086489,38.87761435],[-77.26856036,38.87802408],[-77.26789483,38.87811595],[-77.26704918,38.87820458],[-77.26521377,38.8783569],[-77.26351537,38.87845024],[-77.2619002,38.87860622],[-77.25656216,38.87890955],[-77.25285107,38.87911051]]]},"properties":{"PREC_IDENT":729,"PREC_NAME":"NOTTOWAY","DISTRICT":"Providence","cx":-77.2773299105386,"cy":38.882436029575246},"id":729},
{"type":"Feature","geometry":{"type":"Polygon","coordinates":[[[-77.27268283,38.88983651],[-77.2710213,38.89077621],[-77.27053693,38.89101406],[-77.26818657,38.89222649],[-77.26798383,38.8923699],[-77.26783265,38.89257976],[-77.26755183,38.89338138],[-77.26703413,38.89549447],[-77.26686771,38.89597739],[-77.26646787,38.8975686],[-77.26654353,38.89807329],[-77.26686274,38.89871919],[-77.26712617,38.89913523],[-77.26747723,38.89976911],[-77.2641178,38.90244163],[-77.26543303,38.90316188],[-77.26675245,38.90397984],[-77.26748444,38.90447821],[-77.26822836,38.90507148],[-77.26940631,38.90609161],[-77.27160981,38.90806602],[-77.27397887,38.91014486],[-77.27476409,38.90951526],[-77.27509564,38.90965189],[-77.27524714,38.90983608],[-77.27601287,38.90883217],[-77.27640755,38.90897633],[-77.27723258,38.90902748],[-77.27743163,38.90869042],[-77.27777976,38.908473],[-77.27817874,38.9075394],[-77.27848479,38.90731604],[-77.27869648,38.90726744],[-77.2792463,38.90738162],[-77.27941062,38.90701949],[-77.27966867,38.90672423],[-77.27965942,38.90664862],[-77.27924502,38.90642464],[-77.27873584,38.90619418],[-77.27882167,38.90608892],[-77.27917033,38.90565087],[-77.281308,38.90456095],[-77.2816228,38.90485529],[-77.28235888,38.90434805],[-77.28264221,38.90401186],[-77.28277098,38.90367133],[-77.28278884,38.90344771],[-77.28314081,38.90320834],[-77.28286784,38.90314098],[-77.28275278,38.9028803],[-77.28259137,38.90286627],[-77.28273425,38.90252313],[-77.28375435,38.90287969],[-77.28405484,38.90235969],[-77.28425407,38.90242354],[-77.28450048,38.90198399],[-77.28454901,38.90160829],[-77.28405382,38.90117617],[-77.28439912,38.90070744],[-77.28414985,38.90069388],[-77.28391139,38.90024931],[-77.28353923,38.90002303],[-77.28274541,38.89917317],[-77.28310865,38.89895462],[-77.28166136,38.89741275],[-77.28096952,38.89780236],[-77.27957443,38.89842494],[-77.27913706,38.89790141],[-77.27717148,38.8979757],[-77.27711978,38.89729828],[-77.27706427,38.89725652],[-77.27758786,38.89684321],[-77.27689761,38.89631429],[-77.27748216,38.89582884],[-77.27548167,38.89332871],[-77.27268283,38.88983651]]]},"properties":{"PREC_IDENT":218,"PREC_NAME":"VIENNA #6","DISTRICT":"Hunter Mill","cx":-77.27313039543718,"cy":38.90105929264356},"id":218},
{"type":"Feature","geometry":{"type":"Polygon","coordinates":[[[-77.24211137,38.89699165],[-77.24281778,38.89743046],[-77.24246998,38.90063268],[-77.24242959,38.90088772],[-77.24224656,38.90235202],[-77.24189268,38.90449558],[-77.24239583,38.90446115],[-77.24274229,38.90474495],[-77.24327839,38.90543718],[-77.24422747,38.9060281],[-77.24479996,38.9058475],[-77.24400458,38.90771862],[-77.24404654,38.90773005],[-77.24340963,38.90917998],[-77.24380658,38.90919109],[-77.24422269,38.90931224],[-77.24481727,38.90967832],[-77.24523527,38.9100933],[-77.24544478,38.91017106],[-77.24674514,38.91037441],[-77.2487429,38.91066701],[-77.25005746,38.91087375],[-77.2504573,38.91073522],[-77.25103586,38.91061094],[-77.25378054,38.91021995],[-77.25411561,38.91015211],[-77.25444808,38.91003069],[-77.25492355,38.90977075],[-77.25821614,38.90716397],[-77.2628273,38.90348359],[-77.26092323,38.90202189],[-77.25948417,38.90090419],[-77.25739972,38.89931421],[-77.25488557,38.89738188],[-77.25500306,38.89729388],[-77.25904355,38.89407578],[-77.25951406,38.89389265],[-77.25978464,38.89389139],[-77.26007863,38.89395903],[-77.26033596,38.89350453],[-77.26037864,38.89327158],[-77.26032183,38.8928989],[-77.25973312,38.89199338],[-77.25961168,38.89170102],[-77.25950442,38.89119875],[-77.26002308,38.89107379],[-77.26045155,38.89088197],[-77.26326383,38.88917204],[-77.26388756,38.88886144],[-77.26461262,38.88858349],[-77.26555546,38.88830919],[-77.2659726,38.88816117],[-77.26676627,38.88777409],[-77.26723902,38.8874564],[-77.26795074,38.88693115],[-77.2685813,38.88663021],[-77.26917455,38.88645519],[-77.26998507,38.88836253],[-77.27015455,38.88872403],[-77.2708978,38.89045903],[-77.2710213,38.89077621],[-77.27268283,38.88983651],[-77.27391072,38.88912302],[-77.27113379,38.88283591],[-77.27093112,38.88236148],[-77.26780299,38.88305501],[-77.2673111,38.88305672],[-77.26620032,38.88288716],[-77.26410987,38.88289127],[-77.26385027,38.88286931],[-77.26311128,38.88273522],[-77.26265163,38.88270154],[-77.26210607,38.88276033],[-77.26185036,38.88291964],[-77.26111487,38.88360113],[-77.25838175,38.88622764],[-77.25778806,38.88683234],[-77.25762511,38.88711208],[-77.256245,38.88666773],[-77.2557925,38.88642266],[-77.25470734,38.88740658],[-77.25444031,38.8876097],[-77.25402594,38.8877989],[-77.25332004,38.88798362],[-77.25039806,38.8887187],[-77.25003236,38.88873541],[-77.249798,38.88867525],[-77.24957205,38.88853554],[-77.24939078,38.88825215],[-77.24938411,38.88802965],[-77.24962263,38.88704501],[-77.24880183,38.88688251],[-77.24871725,38.88736285],[-77.2487675,38.88750967],[-77.24855933,38.88764615],[-77.24842728,38.88787892],[-77.24857337,38.88817496],[-77.24828176,38.88844192],[-77.24838655,38.88860035],[-77.2482467,38.88899176],[-77.24798116,38.88933871],[-77.24785351,38.88973387],[-77.24774456,38.88985425],[-77.2475338,38.89030274],[-77.24708796,38.88994522],[-77.2456806,38.89166292],[-77.24570308,38.89178398],[-77.24535921,38.89235971],[-77.24480692,38.89259683],[-77.24535529,38.89298576],[-77.24431799,38.89383142],[-77.24413037,38.89370997],[-77.24211137,38.89699165]]]},"properties":{"PREC_IDENT":213,"PREC_NAME":"VIENNA #1","DISTRICT":"Hunter Mill","cx":-77.24895916222091,"cy":38.89943170245408},"id":213},
{"type":"Feature","geometry":{"type":"Polygon","coordinates":[[[-77.25766209,38.91437624],[-77.25790584,38.9145295],[-77.25795536,38.914714],[-77.258408,38.9147586],[-77.25894892,38.91518582],[-77.25922939,38.91522722],[-77.25952589,38.91535804],[-77.26026573,38.91464778],[-77.2600953,38.91454438],[-77.26023581,38.91434541],[-77.26045735,38.91433951],[-77.25983496,38.91394851],[-77.26041742,38.91339585],[-77.26102223,38.91378666],[-77.26113671,38.91367117],[-77.26256557,38.91478461],[-77.26250156,38.91482787],[-77.26310308,38.91541086],[-77.2632667,38.91529862],[-77.26434209,38.91612274],[-77.26440252,38.91608356],[-77.26475292,38.91635085],[-77.26520988,38.91675794],[-77.26656522,38.91581795],[-77.26674441,38.91582189],[-77.26719141,38.91558151],[-77.26989244,38.91343776],[-77.27154633,38.91209169],[-77.27378284,38.91407842],[-77.27320338,38.91528334],[-77.27308566,38.9157956],[-77.2725859,38.91562837],[-77.27255689,38.91568024],[-77.27306698,38.91585994],[-77.27302987,38.91597488],[-77.27357295,38.91628123],[-77.27443369,38.91465911],[-77.27475786,38.91481764],[-77.27497898,38.91442453],[-77.27485248,38.91380537],[-77.2753194,38.91301391],[-77.27568484,38.9126072],[-77.27600539,38.91235928],[-77.27374494,38.91033391],[-77.27397887,38.91014486],[-77.27160981,38.90806602],[-77.26940631,38.90609161],[-77.26822836,38.90507148],[-77.26748444,38.90447821],[-77.26675245,38.90397984],[-77.26543303,38.90316188],[-77.2641178,38.90244163],[-77.26747723,38.89976911],[-77.26712617,38.89913523],[-77.26686274,38.89871919],[-77.26654353,38.89807329],[-77.26646787,38.8975686],[-77.26686771,38.89597739],[-77.26703413,38.89549447],[-77.26755183,38.89338138],[-77.26783265,38.89257976],[-77.26798383,38.8923699],[-77.26818657,38.89222649],[-77.27053693,38.89101406],[-77.2710213,38.89077621],[-77.2708978,38.89045903],[-77.27015455,38.88872403],[-77.26998507,38.88836253],[-77.26917455,38.88645519],[-77.2685813,38.88663021],[-77.26795074,38.88693115],[-77.26723902,38.8874564],[-77.26676627,38.88777409],[-77.2659726,38.88816117],[-77.26555546,38.88830919],[-77.26461262,38.88858349],[-77.26388756,38.88886144],[-77.26326383,38.88917204],[-77.26045155,38.89088197],[-77.26002308,38.89107379],[-77.25950442,38.89119875],[-77.25961168,38.89170102],[-77.25973312,38.89199338],[-77.26032183,38.8928989],[-77.26037864,38.89327158],[-77.26033596,38.89350453],[-77.26007863,38.89395903],[-77.25978464,38.89389139],[-77.25951406,38.89389265],[-77.25904355,38.89407578],[-77.25500306,38.89729388],[-77.25488557,38.89738188],[-77.25739972,38.89931421],[-77.25948417,38.90090419],[-77.26092323,38.90202189],[-77.2628273,38.90348359],[-77.25821614,38.90716397],[-77.25492355,38.90977075],[-77.25444808,38.91003069],[-77.25411561,38.91015211],[-77.25378054,38.91021995],[-77.25103586,38.91061094],[-77.2504573,38.91073522],[-77.25005746,38.91087375],[-77.25015589,38.91088854],[-77.2482355,38.91177426],[-77.2461239,38.91273893],[-77.24494033,38.91329059],[-77.2438599,38.91377194],[-77.24108544,38.91504796],[-77.24240848,38.91576647],[-77.24365817,38.91645946],[-77.24242686,38.91692272],[-77.24271569,38.91849238],[-77.24195946,38.91866774],[-77.24216382,38.91917884],[-77.242484,38.91907617],[-77.24264357,38.91979869],[-77.24358468,38.91945041],[-77.24430606,38.92000732],[-77.24643482,38.91928177],[-77.24855303,38.92016521],[-77.25262188,38.92185275],[-77.25549031,38.92144851],[-77.25457127,38.91950848],[-77.25751668,38.91926051],[-77.25691344,38.91460001],[-77.25727858,38.91462309],[-77.25766209,38.91437624]]]},"properties":{"PREC_IDENT":214,"PREC_NAME":"VIENNA #2","DISTRICT":"Hunter Mill","cx":-77.26360961623669,"cy":38.9092873058164},"id":214},
{"type":"Feature","geometry":{"type":"Polygon","coordinates":[[[-77.16450409,38.75441863],[-77.16390935,38.75549882],[-77.16591119,38.75460316],[-77.16720864,38.75393077],[-77.16754265,38.75377847],[-77.16790933,38.75407375],[-77.16815766,38.75418702],[-77.16831197,38.75458989],[-77.16885691,38.75488162],[-77.16954231,38.75498534],[-77.16992902,38.75487979],[-77.17027017,38.75503733],[-77.17058182,38.7551117],[-77.1710943,38.75511014],[-77.17143533,38.75523858],[-77.17189771,38.75524873],[-77.17223058,38.75540212],[-77.17246569,38.7556096],[-77.17299177,38.75579066],[-77.17303195,38.75593042],[-77.17355068,38.75605452],[-77.1739388,38.75633368],[-77.17433951,38.75647321],[-77.1745778,38.75660871],[-77.17436095,38.75713936],[-77.17421467,38.75725773],[-77.1739528,38.757784],[-77.17368342,38.75844715],[-77.17375694,38.7586262],[-77.17379273,38.75904448],[-77.17354717,38.75918163],[-77.17356189,38.75940359],[-77.17333845,38.75960417],[-77.1729713,38.76002476],[-77.17280232,38.76052614],[-77.17283349,38.76092748],[-77.17256531,38.76118997],[-77.17266079,38.76135826],[-77.17247066,38.76149673],[-77.1721478,38.76161158],[-77.1722545,38.76176076],[-77.17221492,38.76195705],[-77.17184837,38.76216388],[-77.17180531,38.76261688],[-77.17154973,38.76302632],[-77.17155396,38.76337297],[-77.17141743,38.7635005],[-77.17143969,38.76366041],[-77.17119684,38.76370564],[-77.17092247,38.76390974],[-77.17072034,38.76419964],[-77.1706203,38.76448369],[-77.17071378,38.76460365],[-77.17061455,38.76472988],[-77.17039223,38.76483158],[-77.17060556,38.76502972],[-77.17084928,38.76499044],[-77.1710674,38.76484656],[-77.17111464,38.76519064],[-77.17149877,38.76491343],[-77.17214877,38.76438162],[-77.17255146,38.76401112],[-77.17305554,38.76339599],[-77.17371971,38.76250192],[-77.17419548,38.76169987],[-77.17690133,38.75742269],[-77.17749528,38.75642848],[-77.17858097,38.7546759],[-77.17836612,38.7546767],[-77.17962345,38.75264694],[-77.17956053,38.75262269],[-77.18108144,38.75012245],[-77.1816705,38.74909997],[-77.18256951,38.74741324],[-77.18309127,38.74634702],[-77.18333254,38.74613313],[-77.18368688,38.74533167],[-77.18407705,38.7443561],[-77.18440006,38.74349396],[-77.18474858,38.74249347],[-77.18484138,38.74208533],[-77.18533077,38.74049775],[-77.18533924,38.74037147],[-77.18295516,38.74001736],[-77.18185093,38.73979471],[-77.18180443,38.73984753],[-77.17685998,38.73911093],[-77.176375,38.73927186],[-77.17284161,38.73998559],[-77.17284124,38.73999997],[-77.17017387,38.74054493],[-77.1667557,38.74122035],[-77.16656925,38.74136968],[-77.16635228,38.74126275],[-77.16619923,38.74134453],[-77.16491931,38.7416102],[-77.16512745,38.74199025],[-77.16561602,38.74305994],[-77.16544955,38.74315004],[-77.16587748,38.74408721],[-77.1666156,38.74588333],[-77.16711971,38.74725251],[-77.16741494,38.74816209],[-77.16745733,38.74883475],[-77.16740833,38.74912975],[-77.16721033,38.74963175],[-77.16669533,38.75055475],[-77.16636725,38.75109441],[-77.16611729,38.7515731],[-77.16543507,38.75280795],[-77.1647537,38.75394583],[-77.16450409,38.75441863]]]},"properties":{"PREC_IDENT":427,"PREC_NAME":"ISLAND CREEK","DISTRICT":"Franconia","cx":-77.17453321700167,"cy":38.74803184980616},"id":427},
{"type":"Feature","geometry":{"type":"Polygon","coordinates":[[[-77.42280447,38.96218958],[-77.42482679,38.96013431],[-77.42771528,38.95724183],[-77.42985419,38.9550756],[-77.43221293,38.95267824],[-77.43216442,38.95222578],[-77.43219142,38.95120578],[-77.43216242,38.95038778],[-77.43219242,38.94905678],[-77.43206142,38.94849378],[-77.43173642,38.94779778],[-77.43142842,38.94745678],[-77.43084742,38.94700278],[-77.43068442,38.94690778],[-77.42997642,38.94668678],[-77.42925035,38.94656438],[-77.4290814,38.94647923],[-77.42890077,38.94639688],[-77.42861549,38.94646106],[-77.42821551,38.94626767],[-77.4279267,38.94625782],[-77.42783933,38.94604995],[-77.42766985,38.94585274],[-77.4277585,38.94556561],[-77.42759037,38.94533373],[-77.42738379,38.94526141],[-77.42736329,38.94480318],[-77.42729902,38.94469422],[-77.42740332,38.94438365],[-77.42731118,38.94413798],[-77.42696071,38.94403085],[-77.42670489,38.94387275],[-77.42643069,38.94392719],[-77.42622656,38.94380127],[-77.42574418,38.94367431],[-77.42575685,38.94392246],[-77.42554726,38.9441378],[-77.42540646,38.94415302],[-77.42520856,38.94400104],[-77.42506307,38.94371932],[-77.42481823,38.94348775],[-77.42484872,38.94325735],[-77.42509696,38.9431355],[-77.42509978,38.94298948],[-77.42493974,38.94277043],[-77.42481182,38.9427309],[-77.42438339,38.94281287],[-77.42422022,38.94275072],[-77.42395897,38.94237637],[-77.42388662,38.94220274],[-77.42369124,38.94207283],[-77.42345766,38.9421835],[-77.4231256,38.94217633],[-77.42288149,38.94208461],[-77.42206339,38.94230571],[-77.42176736,38.94248622],[-77.42122534,38.94258507],[-77.4209303,38.94254862],[-77.42086456,38.94241904],[-77.4205575,38.94221127],[-77.42032173,38.94223788],[-77.41940118,38.94170658],[-77.41921589,38.94166632],[-77.41880966,38.94170292],[-77.41834701,38.94154764],[-77.41793251,38.94150986],[-77.41740195,38.94129489],[-77.4169913,38.94138402],[-77.41650555,38.94132177],[-77.41600046,38.94155285],[-77.41577214,38.94191873],[-77.41514098,38.94201864],[-77.41470093,38.9420544],[-77.41381804,38.94207782],[-77.4138422,38.9425723],[-77.41380111,38.94296321],[-77.41352075,38.94452577],[-77.41312186,38.94694808],[-77.41293928,38.94785802],[-77.41289942,38.94816794],[-77.41278491,38.94853071],[-77.41258478,38.94897369],[-77.4123221,38.94936804],[-77.41196707,38.94982332],[-77.41123564,38.95051812],[-77.40957208,38.95192232],[-77.40918413,38.95222763],[-77.40752585,38.95120312],[-77.40701268,38.95095671],[-77.40612339,38.95070131],[-77.40552688,38.95061613],[-77.40477758,38.95063524],[-77.4039588,38.95082806],[-77.40358022,38.95097967],[-77.40312308,38.95120881],[-77.4026916,38.95136953],[-77.40214475,38.95148662],[-77.40169411,38.95152085],[-77.40120563,38.95149981],[-77.40045566,38.95133217],[-77.39643108,38.95200531],[-77.39511176,38.95221123],[-77.39471956,38.95230146],[-77.39142335,38.95284145],[-77.39049931,38.95412592],[-77.39246009,38.95445195],[-77.39738121,38.95528353],[-77.39849218,38.95553283],[-77.3996398,38.95591565],[-77.39999376,38.95599584],[-77.40122466,38.95645219],[-77.403298,38.95747379],[-77.40362636,38.95738899],[-77.40445168,38.95653997],[-77.40536122,38.95685872],[-77.40555325,38.95694975],[-77.40761715,38.95767326],[-77.40862894,38.95797372],[-77.41094793,38.958808],[-77.41270344,38.95946541],[-77.41389298,38.95987593],[-77.41616243,38.96073848],[-77.4167364,38.960925],[-77.41755594,38.96115222],[-77.41961606,38.96167503],[-77.42065046,38.96188223],[-77.42195213,38.96209188],[-77.42280447,38.96218958]]]},"properties":{"PREC_IDENT":332,"PREC_NAME":"COATES","DISTRICT":"Dranesville","cx":-77.4190552167894,"cy":38.95341240730749},"id":332},
{"type":"Feature","geometry":{"type":"Polygon","coordinates":[[[-77.3932254,38.94520002],[-77.3929474,38.94589761],[-77.39274072,38.94652996],[-77.39235176,38.94735281],[-77.39200776,38.94799623],[-77.39156785,38.94870189],[-77.39120885,38.94917767],[-77.39085907,38.94951211],[-77.39048578,38.95000147],[-77.39001389,38.95072742],[-77.38980315,38.95093824],[-77.38947638,38.95114796],[-77.38922562,38.95144489],[-77.38890702,38.95226153],[-77.38843622,38.95379004],[-77.39049931,38.95412592],[-77.39142335,38.95284145],[-77.39471956,38.95230146],[-77.39511176,38.95221123],[-77.39643108,38.95200531],[-77.40045566,38.95133217],[-77.40120563,38.95149981],[-77.40169411,38.95152085],[-77.40214475,38.95148662],[-77.4026916,38.95136953],[-77.40312308,38.95120881],[-77.40358022,38.95097967],[-77.4039588,38.95082806],[-77.40477758,38.95063524],[-77.40552688,38.95061613],[-77.40612339,38.95070131],[-77.40701268,38.95095671],[-77.40752585,38.95120312],[-77.40918413,38.95222763],[-77.40957208,38.95192232],[-77.41123564,38.95051812],[-77.41196707,38.94982332],[-77.4123221,38.94936804],[-77.41258478,38.94897369],[-77.41278491,38.94853071],[-77.41289942,38.94816794],[-77.41293928,38.94785802],[-77.41273336,38.94775589],[-77.4120418,38.94767947],[-77.41159652,38.94759435],[-77.41085506,38.94733074],[-77.41024823,38.9470011],[-77.40952678,38.94657841],[-77.40810911,38.94569481],[-77.40755575,38.94531897],[-77.40674423,38.94457965],[-77.40628263,38.94395204],[-77.40598096,38.94344399],[-77.40571837,38.94291021],[-77.40562757,38.9426389],[-77.40483639,38.94287317],[-77.40333913,38.94329306],[-77.40170359,38.94378715],[-77.40021491,38.94433339],[-77.39918491,38.94477545],[-77.39870636,38.94502634],[-77.39760129,38.94554731],[-77.39721224,38.94569468],[-77.39668598,38.94584626],[-77.39631929,38.94591147],[-77.39541116,38.94597158],[-77.39466357,38.94588218],[-77.39401595,38.94569486],[-77.3932254,38.94520002]]]},"properties":{"PREC_IDENT":237,"PREC_NAME":"MCNAIR","DISTRICT":"Hunter Mill","cx":-77.4009150748174,"cy":38.948011514430156},"id":237},
{"type":"Feature","geometry":{"type":"Polygon","coordinates":[[[-77.41868024,38.82954425],[-77.41877493,38.82909265],[-77.41914619,38.82906271],[-77.41915664,38.8288892],[-77.41966516,38.82859428],[-77.41973553,38.82849776],[-77.41976583,38.82818062],[-77.41962342,38.8281048],[-77.41981285,38.82795195],[-77.41988596,38.82777681],[-77.42009091,38.82759079],[-77.42031268,38.82760534],[-77.42034632,38.82746614],[-77.42060425,38.82736649],[-77.42069666,38.82719198],[-77.42086147,38.8271106],[-77.42084201,38.82697437],[-77.42114289,38.82680288],[-77.42137639,38.82684545],[-77.42162689,38.82660363],[-77.42180523,38.82650089],[-77.42183919,38.82637228],[-77.42223082,38.82615241],[-77.42244678,38.82590077],[-77.42294628,38.82571492],[-77.42397368,38.82522085],[-77.42418643,38.82519595],[-77.42468668,38.82505492],[-77.42539678,38.82491823],[-77.42564552,38.82483386],[-77.42591346,38.82483117],[-77.42625974,38.82413951],[-77.42642907,38.82396967],[-77.42662464,38.82348024],[-77.42647041,38.82320866],[-77.42650939,38.82291459],[-77.42661695,38.82281304],[-77.42644948,38.82261073],[-77.42640446,38.82239145],[-77.42649253,38.82201396],[-77.42678504,38.82193605],[-77.42683086,38.82165402],[-77.42670101,38.82137852],[-77.42669255,38.82121883],[-77.42701072,38.82071029],[-77.42743118,38.82038018],[-77.4275845,38.81996127],[-77.42804382,38.8197248],[-77.4283418,38.81952912],[-77.42881684,38.81942795],[-77.42895919,38.81934533],[-77.42931515,38.81932357],[-77.42949497,38.81938693],[-77.42983304,38.81926179],[-77.42991997,38.81910224],[-77.42975953,38.8188241],[-77.42969804,38.81851514],[-77.43002682,38.81790151],[-77.42982882,38.81783351],[-77.42940782,38.81778151],[-77.42850682,38.81774551],[-77.42815882,38.81782251],[-77.42781982,38.81798251],[-77.42741882,38.81792351],[-77.42734082,38.81785251],[-77.42705482,38.81787451],[-77.42561582,38.81740751],[-77.42495682,38.81740351],[-77.42427782,38.81727651],[-77.42366282,38.81735951],[-77.42350482,38.81727951],[-77.42308682,38.81722851],[-77.42280082,38.81714451],[-77.42248782,38.81696651],[-77.42223082,38.81668351],[-77.42225382,38.81639051],[-77.42188882,38.81601051],[-77.42177682,38.81596151],[-77.42174282,38.81573951],[-77.42113482,38.81525251],[-77.42072182,38.81499451],[-77.42052382,38.81467751],[-77.42035282,38.81451851],[-77.42015482,38.81420051],[-77.42015082,38.81371251],[-77.41966182,38.81357951],[-77.41877782,38.81321651],[-77.41964982,38.81185551],[-77.41934082,38.81175251],[-77.41774982,38.81101751],[-77.41749126,38.81128181],[-77.41640108,38.81212437],[-77.41617642,38.81235982],[-77.41573456,38.81303262],[-77.41561455,38.81331023],[-77.41553578,38.81387792],[-77.41542449,38.81427506],[-77.41466897,38.8154969],[-77.41432428,38.81600858],[-77.41381289,38.81686745],[-77.41370945,38.81697633],[-77.41327689,38.81772747],[-77.41319133,38.81804658],[-77.41323434,38.81891608],[-77.41331477,38.81986075],[-77.41292641,38.81985176],[-77.41249941,38.81975976],[-77.41223341,38.81963076],[-77.41147941,38.81901976],[-77.41038541,38.81806676],[-77.40994541,38.81772676],[-77.4095754,38.81753376],[-77.40690641,38.81679476],[-77.40652041,38.81661375],[-77.4062214,38.81637675],[-77.4059654,38.81606675],[-77.40527841,38.81513375],[-77.4049704,38.81491175],[-77.40418941,38.81466175],[-77.4035794,38.81460675],[-77.4016114,38.81458775],[-77.4003974,38.81456376],[-77.3999124,38.81444975],[-77.3995954,38.81424175],[-77.3993704,38.81400875],[-77.3986364,38.81298375],[-77.3983404,38.81249876],[-77.3980164,38.81180175],[-77.3978644,38.81164775],[-77.3977234,38.81471875],[-77.3975244,38.81859476],[-77.3974404,38.82043876],[-77.3974624,38.82124576],[-77.3975594,38.82191876],[-77.3976454,38.82228476],[-77.3978704,38.82298576],[-77.3981644,38.82364676],[-77.3986634,38.82447176],[-77.3991624,38.82511276],[-77.4001754,38.82624176],[-77.40047441,38.82660976],[-77.4015514,38.82775276],[-77.4020784,38.82839376],[-77.40338204,38.82992015],[-77.40514841,38.83187876],[-77.40562141,38.83256976],[-77.40590941,38.83333176],[-77.40596726,38.83399067],[-77.40597906,38.83389383],[-77.40627844,38.83360006],[-77.40699144,38.83242593],[-77.40733683,38.83210787],[-77.40757015,38.83200158],[-77.40793654,38.83191711],[-77.40855199,38.83184595],[-77.40887278,38.83175969],[-77.41055366,38.83111353],[-77.41160989,38.83068123],[-77.41185112,38.83051596],[-77.41268454,38.83042346],[-77.41444403,38.83014593],[-77.41469007,38.83012624],[-77.41868024,38.82954425]]]},"properties":{"PREC_IDENT":849,"PREC_NAME":"NEWGATE NORTH","DISTRICT":"Springfield","cx":-77.4091823311814,"cy":38.824890862598494},"id":849},
{"type":"Feature","geometry":{"type":"Polygon","coordinates":[[[-77.22096318,38.73394588],[-77.22114157,38.73403872],[-77.22313195,38.73387727],[-77.22282569,38.73352249],[-77.22193269,38.73257349],[-77.22154168,38.73211649],[-77.22215568,38.73139149],[-77.22248568,38.73187249],[-77.22279669,38.73191549],[-77.22342069,38.73209149],[-77.22348569,38.73238349],[-77.22364369,38.73257649],[-77.22387769,38.73263349],[-77.22416669,38.73262449],[-77.22439269,38.73255549],[-77.22463669,38.73272449],[-77.22488869,38.73314949],[-77.22518369,38.73338949],[-77.22535869,38.73361149],[-77.22534269,38.73395249],[-77.22547369,38.73414449],[-77.22569769,38.73428949],[-77.22622269,38.73435149],[-77.22661969,38.73408749],[-77.22682069,38.73400049],[-77.22721969,38.73402349],[-77.22738269,38.73408649],[-77.22758669,38.73401149],[-77.22767969,38.73376849],[-77.22796669,38.73367149],[-77.22846069,38.73374949],[-77.22907569,38.73411849],[-77.22940369,38.73413749],[-77.23005469,38.73400949],[-77.23027369,38.73404749],[-77.23032369,38.73441049],[-77.23043369,38.73471349],[-77.23036569,38.73510149],[-77.23038269,38.73538349],[-77.23076169,38.73545549],[-77.23094669,38.73587749],[-77.23115469,38.73589249],[-77.23119569,38.73604549],[-77.23158369,38.73604749],[-77.23204069,38.73598349],[-77.23236569,38.73611349],[-77.23259969,38.73611049],[-77.23272069,38.73589649],[-77.23300769,38.73572649],[-77.23291969,38.73538049],[-77.23327569,38.73543449],[-77.23346669,38.73530949],[-77.23337469,38.73513949],[-77.23361169,38.73507349],[-77.23382969,38.73483249],[-77.23382969,38.73438949],[-77.23424469,38.73442349],[-77.23443369,38.73439249],[-77.23454169,38.73426949],[-77.23448369,38.73408549],[-77.23484569,38.73385649],[-77.23489069,38.73369249],[-77.23503969,38.73356849],[-77.23532369,38.73359849],[-77.23547469,38.73351649],[-77.23569769,38.73364949],[-77.23588669,38.73346549],[-77.23636169,38.73339649],[-77.23663369,38.73322449],[-77.23676169,38.73304449],[-77.23714869,38.73302749],[-77.23728369,38.73292649],[-77.23727369,38.73268349],[-77.23754069,38.73266649],[-77.23777169,38.73283649],[-77.23809069,38.73282849],[-77.2384997,38.73268349],[-77.2387327,38.73293149],[-77.2392047,38.73289749],[-77.2394147,38.73300949],[-77.2397027,38.73293149],[-77.2398297,38.73283249],[-77.2402717,38.73285749],[-77.2405047,38.73277649],[-77.2405717,38.73253949],[-77.2407407,38.73260249],[-77.2409467,38.73248349],[-77.2410097,38.73264849],[-77.2416587,38.73266749],[-77.2417787,38.73246949],[-77.2419817,38.73243649],[-77.2423477,38.73226749],[-77.2428997,38.73222349],[-77.2431777,38.73237049],[-77.2436147,38.73245849],[-77.2437807,38.73241549],[-77.2440307,38.73258049],[-77.2443027,38.73256049],[-77.2445327,38.73267949],[-77.2443637,38.73283349],[-77.2444217,38.73299249],[-77.2447167,38.73311449],[-77.2448307,38.73324949],[-77.2445367,38.73378849],[-77.2445657,38.73399049],[-77.2444607,38.73426649],[-77.2445237,38.73454549],[-77.2446637,38.73465849],[-77.2448437,38.73464849],[-77.2450517,38.73447949],[-77.2451707,38.73465549],[-77.2453947,38.73473249],[-77.2456247,38.73497849],[-77.2458907,38.73501149],[-77.2460057,38.73489149],[-77.2461877,38.73491149],[-77.2462727,38.73511549],[-77.2465107,38.73522149],[-77.2468487,38.73528749],[-77.2471037,38.73527649],[-77.2473687,38.73498449],[-77.2474417,38.73450849],[-77.2478057,38.73437949],[-77.2481007,38.73440749],[-77.2484917,38.73462249],[-77.2487857,38.73492649],[-77.2486997,38.73509149],[-77.2489337,38.73533549],[-77.2489657,38.73561549],[-77.2490747,38.73591449],[-77.2491917,38.73604949],[-77.2492097,38.73636749],[-77.2497967,38.73657549],[-77.2499687,38.73650349],[-77.2502767,38.73660549],[-77.2506177,38.73649449],[-77.2507657,38.73632049],[-77.2513557,38.73615349],[-77.2517487,38.73629949],[-77.2518797,38.73644749],[-77.25227979,38.73651339],[-77.2522793,38.73650602],[-77.2521743,38.73608817],[-77.25191367,38.73554992],[-77.25159532,38.73510578],[-77.25109742,38.7345032],[-77.25056966,38.73380282],[-77.25027739,38.73347292],[-77.25008107,38.73306852],[-77.25000377,38.73267501],[-77.24963747,38.73196535],[-77.24942235,38.7316349],[-77.24933676,38.73131544],[-77.24953098,38.73060151],[-77.24998849,38.72931913],[-77.25024594,38.72882758],[-77.25070735,38.72809792],[-77.25050392,38.72810399],[-77.24843366,38.72781003],[-77.24791626,38.72772761],[-77.24746996,38.72758829],[-77.24630183,38.72702795],[-77.24587452,38.72680506],[-77.24344443,38.72564078],[-77.24301119,38.7253574],[-77.24276289,38.72512269],[-77.24189222,38.72419478],[-77.24079009,38.72292752],[-77.24073554,38.72296712],[-77.24057612,38.72307701],[-77.24039404,38.72298177],[-77.24013255,38.72309834],[-77.24004107,38.72330615],[-77.23937886,38.72345577],[-77.23900796,38.72328352],[-77.23869877,38.72341417],[-77.2381573,38.7234433],[-77.23766648,38.72321265],[-77.23762678,38.72306023],[-77.23745701,38.72298142],[-77.23736326,38.72280336],[-77.23707688,38.72274317],[-77.23691843,38.72281317],[-77.23666335,38.72276469],[-77.23603701,38.72248759],[-77.23582533,38.72249978],[-77.2356161,38.72264029],[-77.23546936,38.72264606],[-77.23501717,38.72246141],[-77.23459332,38.72241084],[-77.23398903,38.72242757],[-77.23326347,38.72256047],[-77.2329838,38.72252688],[-77.23258606,38.72240829],[-77.23225789,38.72211303],[-77.23228974,38.72199912],[-77.23202307,38.72179278],[-77.23171818,38.72173479],[-77.23163361,38.72191534],[-77.23136312,38.72193105],[-77.23070235,38.72184174],[-77.23035335,38.72194774],[-77.23002134,38.72198074],[-77.22997034,38.72212174],[-77.22943134,38.72226974],[-77.22923534,38.72222274],[-77.22910734,38.72206274],[-77.22898034,38.72170874],[-77.22886734,38.72153674],[-77.22847634,38.72140874],[-77.22819635,38.72143474],[-77.22769934,38.72161974],[-77.22740834,38.72179974],[-77.22706734,38.72188574],[-77.22659134,38.72151774],[-77.22681034,38.72141374],[-77.22660234,38.72084274],[-77.22624934,38.72092074],[-77.22592634,38.72090474],[-77.22566434,38.72096074],[-77.22537734,38.72059174],[-77.22532134,38.72043474],[-77.22506134,38.72019574],[-77.22457634,38.72045374],[-77.22431134,38.72045074],[-77.22386834,38.72034974],[-77.22360134,38.72037974],[-77.22318034,38.72033474],[-77.22283434,38.72037774],[-77.22246234,38.72068774],[-77.22225034,38.72065574],[-77.22159634,38.72068074],[-77.22129934,38.72043074],[-77.22107934,38.72047674],[-77.22087234,38.72040974],[-77.22065934,38.72003774],[-77.22035834,38.71979074],[-77.22066934,38.71930074],[-77.22092534,38.71863574],[-77.22093134,38.71825574],[-77.22082834,38.71775274],[-77.22066834,38.71768474],[-77.22054834,38.71796374],[-77.22034634,38.71824774],[-77.21998434,38.71836774],[-77.21922834,38.71845474],[-77.21914834,38.71853574],[-77.21883534,38.71850874],[-77.21861034,38.71842474],[-77.21800834,38.71796774],[-77.21777234,38.71783974],[-77.21730134,38.71784874],[-77.21704034,38.71789374],[-77.21673034,38.71834174],[-77.21677534,38.71874574],[-77.21684734,38.71896574],[-77.21719934,38.71943274],[-77.21718334,38.71962174],[-77.21696434,38.71978874],[-77.21691434,38.71991274],[-77.21699634,38.72026674],[-77.21721834,38.72073374],[-77.21735834,38.72086474],[-77.21711034,38.72102174],[-77.21646034,38.72101774],[-77.21624834,38.72084474],[-77.21562434,38.72082274],[-77.21481434,38.72061874],[-77.21442834,38.72020074],[-77.21400234,38.71985974],[-77.21395934,38.71948474],[-77.21407434,38.71945774],[-77.21405434,38.71893374],[-77.21379772,38.71859573],[-77.21362944,38.71826797],[-77.21339561,38.71827957],[-77.21310204,38.71839356],[-77.21272802,38.71860946],[-77.21254152,38.7188223],[-77.21230441,38.7189799],[-77.21170202,38.71925596],[-77.21151934,38.71948774],[-77.21159134,38.71981674],[-77.21167564,38.71989798],[-77.21211834,38.72023974],[-77.21233334,38.72032874],[-77.21251134,38.72048974],[-77.21288834,38.72061674],[-77.21326134,38.72097874],[-77.21375934,38.72135174],[-77.21384834,38.72151874],[-77.21375334,38.72167774],[-77.21374034,38.72214574],[-77.21379134,38.72229374],[-77.21461934,38.72313874],[-77.21471734,38.72327774],[-77.21506734,38.72345974],[-77.21530334,38.72372974],[-77.21539734,38.72399174],[-77.21549434,38.72458074],[-77.21555134,38.72471174],[-77.21553834,38.72517474],[-77.21558134,38.72550574],[-77.21587234,38.72633774],[-77.21622434,38.72686174],[-77.21623034,38.72697274],[-77.21644234,38.72747274],[-77.21673934,38.72781374],[-77.21683034,38.72802674],[-77.21690934,38.72844474],[-77.21738534,38.72895474],[-77.21786134,38.72939074],[-77.21803534,38.72962974],[-77.21814434,38.72989574],[-77.21851134,38.73013874],[-77.21876534,38.73041474],[-77.21891134,38.73081774],[-77.21906134,38.73098174],[-77.21918434,38.73130974],[-77.21937234,38.73155175],[-77.22011134,38.73189974],[-77.22049834,38.73233574],[-77.22082234,38.73264774],[-77.22092934,38.73284174],[-77.22098934,38.73314075],[-77.22097634,38.73344675],[-77.22090834,38.73372975],[-77.22096318,38.73394588]]]},"properties":{"PREC_IDENT":634,"PREC_NAME":"NEWINGTON #2","DISTRICT":"Mount Vernon","cx":-77.23118971974407,"cy":38.727668021503945},"id":634},
{"type":"Feature","geometry":{"type":"Polygon","coordinates":[[[-77.25070735,38.72809792],[-77.25094935,38.72770174],[-77.25252635,38.72540674],[-77.25276435,38.72497774],[-77.25283535,38.72475374],[-77.25285935,38.72443674],[-77.25275135,38.72407874],[-77.25236235,38.72333774],[-77.25203435,38.72285374],[-77.25150235,38.72196074],[-77.25123435,38.72155274],[-77.25057135,38.72067574],[-77.25040635,38.72037174],[-77.25030735,38.71996474],[-77.25027135,38.71938774],[-77.25032235,38.71885574],[-77.25047835,38.71805074],[-77.25069835,38.71753274],[-77.25106235,38.71702374],[-77.25316935,38.71422874],[-77.25382935,38.71340674],[-77.25420635,38.71297574],[-77.25496635,38.71175174],[-77.25548335,38.71066474],[-77.25577335,38.70992374],[-77.25597235,38.70948374],[-77.25635535,38.70884874],[-77.25690935,38.70810474],[-77.25853435,38.70841374],[-77.25953435,38.70864174],[-77.25994035,38.70869874],[-77.26105535,38.70872274],[-77.26068935,38.70780674],[-77.26048635,38.70719874],[-77.25929435,38.70405474],[-77.25899335,38.70349474],[-77.25658435,38.69957574],[-77.25636335,38.69874874],[-77.25622035,38.69798174],[-77.25618435,38.69709574],[-77.25616835,38.69564674],[-77.25612635,38.69362874],[-77.25613135,38.69222074],[-77.25622435,38.69151574],[-77.25653435,38.69042874],[-77.25674835,38.68989973],[-77.25703935,38.68939474],[-77.25749235,38.68839373],[-77.25759735,38.68804574],[-77.25776435,38.68726373],[-77.25783335,38.68677473],[-77.25784535,38.68611973],[-77.25791735,38.68470873],[-77.25771635,38.68464373],[-77.25717935,38.68431673],[-77.25676235,38.68409473],[-77.25595035,38.68346273],[-77.25553035,38.68307973],[-77.25529935,38.68265073],[-77.25503835,38.68247273],[-77.25460735,38.68201073],[-77.25417435,38.68149473],[-77.25478453,38.6811845],[-77.25438938,38.68068039],[-77.2539823,38.68011311],[-77.25342683,38.67941655],[-77.25280081,38.67874807],[-77.25241275,38.67829769],[-77.2520269,38.67771964],[-77.25177645,38.67721306],[-77.25128025,38.67592945],[-77.25100277,38.67536629],[-77.25058095,38.67444046],[-77.25044762,38.67425093],[-77.25015804,38.67398147],[-77.24970338,38.6737377],[-77.24610475,38.67240576],[-77.24245284,38.67349392],[-77.2416109,38.67376361],[-77.24050699,38.67418975],[-77.24012299,38.67435894],[-77.24032528,38.67476448],[-77.24033928,38.6749651],[-77.2402577,38.67542282],[-77.23996075,38.67577662],[-77.23952106,38.67607945],[-77.23914714,38.67622647],[-77.23617961,38.6772435],[-77.23562899,38.67747784],[-77.23516514,38.67775843],[-77.23476715,38.67807817],[-77.23438522,38.67848047],[-77.23412403,38.6789898],[-77.23405743,38.67939001],[-77.23407951,38.67972802],[-77.23420564,38.68032529],[-77.23445755,38.68094177],[-77.23570234,38.68267429],[-77.23591284,38.6830569],[-77.23617854,38.68368725],[-77.23631439,38.68393175],[-77.23654412,38.68421708],[-77.23733559,38.68503435],[-77.23751523,38.68537955],[-77.23761437,38.68591886],[-77.23762725,38.68638309],[-77.23754032,38.68674464],[-77.23746249,38.68738639],[-77.23740406,38.68812035],[-77.23738274,38.68873662],[-77.23732092,38.68946367],[-77.23735211,38.69028235],[-77.23752839,38.69101884],[-77.23769263,38.69144351],[-77.23764121,38.69177798],[-77.23699011,38.69333899],[-77.23656282,38.69392617],[-77.23654309,38.69425137],[-77.23672062,38.69471738],[-77.23693751,38.69513713],[-77.23752007,38.69608533],[-77.23881747,38.6982344],[-77.239112,38.69862478],[-77.23942474,38.69897552],[-77.23957704,38.69928335],[-77.23965089,38.6996686],[-77.23981324,38.70000263],[-77.24006969,38.70023548],[-77.24117769,38.70077848],[-77.24181069,38.70139648],[-77.24221069,38.70211548],[-77.24115269,38.70241948],[-77.24064569,38.70264948],[-77.23995669,38.70324648],[-77.23925769,38.70415848],[-77.23856869,38.70482748],[-77.23808769,38.70512548],[-77.23771269,38.70527148],[-77.23714469,38.70543748],[-77.23626369,38.70552048],[-77.23546369,38.70542848],[-77.23480969,38.70532248],[-77.23384469,38.70524748],[-77.23228869,38.70500748],[-77.22943069,38.70470348],[-77.22818269,38.70460748],[-77.22766068,38.70463848],[-77.22781232,38.70527314],[-77.22803895,38.70573558],[-77.22851416,38.70641078],[-77.22868689,38.70675043],[-77.22877775,38.70716196],[-77.22875367,38.70792924],[-77.22863378,38.70877605],[-77.22860408,38.70929189],[-77.22863331,38.70966935],[-77.22888123,38.71033159],[-77.22927167,38.71090182],[-77.22969055,38.71125529],[-77.23017362,38.71154713],[-77.23059517,38.7117064],[-77.23085581,38.71190961],[-77.23146715,38.71314243],[-77.23194618,38.71420072],[-77.23212942,38.71443774],[-77.23247033,38.71475707],[-77.23286195,38.71505503],[-77.2332297,38.71538394],[-77.23477542,38.71691926],[-77.23575972,38.71781777],[-77.23737992,38.71922649],[-77.2385906,38.72030849],[-77.23904445,38.72078192],[-77.23944925,38.72146477],[-77.23972186,38.7218808],[-77.24065474,38.72290515],[-77.24073554,38.72296712],[-77.24079009,38.72292752],[-77.24189222,38.72419478],[-77.24276289,38.72512269],[-77.24301119,38.7253574],[-77.24344443,38.72564078],[-77.24587452,38.72680506],[-77.24630183,38.72702795],[-77.24746996,38.72758829],[-77.24791626,38.72772761],[-77.24843366,38.72781003],[-77.25050392,38.72810399],[-77.25070735,38.72809792]]]},"properties":{"PREC_IDENT":629,"PREC_NAME":"SOUTH COUNTY","DISTRICT":"Mount Vernon","cx":-77.24734962289499,"cy":38.69465241507695},"id":629},
{"type":"Feature","geometry":{"type":"Polygon","coordinates":[[[-77.22408114,38.7052011],[-77.22408689,38.70518362],[-77.22452077,38.70373385],[-77.22480225,38.70268241],[-77.22519414,38.7009374],[-77.22538983,38.69997977],[-77.22564488,38.69863832],[-77.22697312,38.69189869],[-77.2278402,38.68744841],[-77.22805961,38.68653222],[-77.22839305,38.68550742],[-77.22861329,38.68493999],[-77.228843,38.6844317],[-77.22944115,38.68329581],[-77.22999254,38.68242577],[-77.23044183,38.68178256],[-77.23113708,38.68089898],[-77.23190101,38.68009303],[-77.23259944,38.67942504],[-77.23342029,38.67876662],[-77.23467919,38.677701],[-77.23555332,38.6769992],[-77.2365965,38.67624566],[-77.23700761,38.67597548],[-77.23786798,38.67545613],[-77.23886521,38.67492314],[-77.24012299,38.67435894],[-77.24050699,38.67418975],[-77.2416109,38.67376361],[-77.24245284,38.67349392],[-77.24610475,38.67240576],[-77.2454223,38.67215134],[-77.2450331,38.67197142],[-77.2445267,38.67168314],[-77.24413561,38.6714112],[-77.24371106,38.67104965],[-77.24345988,38.67079019],[-77.23949734,38.66654173],[-77.23770934,38.66721873],[-77.23647834,38.66771973],[-77.23421434,38.66871473],[-77.23285834,38.66926673],[-77.23012434,38.67036473],[-77.22959434,38.67070673],[-77.22887034,38.67143573],[-77.22821534,38.67204173],[-77.22725134,38.67314673],[-77.22659534,38.67384273],[-77.22620334,38.67431073],[-77.22594734,38.67468273],[-77.22569634,38.67531773],[-77.22546034,38.67583173],[-77.22518034,38.67714773],[-77.22506334,38.67776473],[-77.22488834,38.67820173],[-77.22469234,38.67843273],[-77.22423134,38.67868173],[-77.22301934,38.67904873],[-77.22206234,38.67937673],[-77.22166234,38.67954473],[-77.22048434,38.68012673],[-77.22003834,38.68040273],[-77.21965034,38.68086773],[-77.21928934,38.68145874],[-77.21914134,38.68165373],[-77.21851234,38.68231873],[-77.21803834,38.68272674],[-77.21743434,38.68318274],[-77.21692734,38.68342673],[-77.21631434,38.68364274],[-77.21593934,38.68384574],[-77.21563934,38.68405474],[-77.21521134,38.68424974],[-77.21397834,38.68457974],[-77.21344134,38.68470674],[-77.21304934,38.68483974],[-77.21202034,38.68528473],[-77.21150234,38.68554574],[-77.21071534,38.68600174],[-77.20913134,38.68703874],[-77.20824734,38.68748874],[-77.20730734,38.68814074],[-77.20690234,38.68845074],[-77.20670734,38.68866674],[-77.20663633,38.68889974],[-77.20660833,38.68975074],[-77.20651934,38.69007174],[-77.20619534,38.69056874],[-77.20604134,38.69072674],[-77.20567734,38.69096774],[-77.20550333,38.69119774],[-77.20547134,38.69149374],[-77.20563634,38.69206574],[-77.20563334,38.69240674],[-77.20546434,38.69268674],[-77.20432933,38.69377174],[-77.20299633,38.69489974],[-77.20244333,38.69547974],[-77.20160833,38.69597474],[-77.20093833,38.69641774],[-77.20071833,38.69664774],[-77.20067833,38.69685074],[-77.20078133,38.69750374],[-77.20092233,38.69772174],[-77.20134333,38.69804174],[-77.20140533,38.69813974],[-77.20123233,38.69897174],[-77.20112433,38.69921574],[-77.20094633,38.69944074],[-77.20067533,38.69965574],[-77.20039233,38.69981174],[-77.19914633,38.70042074],[-77.19807733,38.70096974],[-77.19800933,38.70082774],[-77.19772833,38.69908274],[-77.19724033,38.69947274],[-77.19526233,38.70030874],[-77.19529233,38.70192574],[-77.19568433,38.70191074],[-77.19619133,38.70184674],[-77.19691933,38.70147074],[-77.19739833,38.70152774],[-77.19694533,38.70267174],[-77.19426333,38.70641374],[-77.19376333,38.70721674],[-77.19355033,38.70765174],[-77.19320733,38.70844674],[-77.19299598,38.7091193],[-77.19525184,38.70967681],[-77.19629917,38.70990404],[-77.19676807,38.70994495],[-77.19709776,38.70993214],[-77.19750158,38.70988995],[-77.19817439,38.70970245],[-77.19926474,38.70929578],[-77.20189071,38.70827589],[-77.20259043,38.70795548],[-77.20316425,38.70761994],[-77.20365804,38.70725193],[-77.20402469,38.70693744],[-77.20471038,38.70622691],[-77.20505911,38.70593418],[-77.20724865,38.70383699],[-77.20883251,38.70228505],[-77.20989832,38.7012802],[-77.21014224,38.70138549],[-77.21040823,38.70163353],[-77.21094947,38.70200978],[-77.21144382,38.70221442],[-77.21201785,38.70237336],[-77.21287321,38.70257535],[-77.21305137,38.70267548],[-77.21339034,38.70269222],[-77.21386102,38.70295926],[-77.21399036,38.70323425],[-77.21399393,38.70348512],[-77.21390977,38.7036134],[-77.2139535,38.7037982],[-77.21812562,38.70409382],[-77.21854045,38.70421781],[-77.2201689,38.70526815],[-77.2207522,38.70556218],[-77.22125937,38.7056652],[-77.22166113,38.70568097],[-77.22214643,38.70562934],[-77.22408114,38.7052011]]]},"properties":{"PREC_IDENT":617,"PREC_NAME":"LORTON","DISTRICT":"Mount Vernon","cx":-77.2180722420989,"cy":38.692366532367544},"id":617},
{"type":"Feature","geometry":{"type":"Polygon","coordinates":[[[-77.24012299,38.67435894],[-77.23886521,38.67492314],[-77.23786798,38.67545613],[-77.23700761,38.67597548],[-77.2365965,38.67624566],[-77.23555332,38.6769992],[-77.23467919,38.677701],[-77.23342029,38.67876662],[-77.23259944,38.67942504],[-77.23190101,38.68009303],[-77.23113708,38.68089898],[-77.23044183,38.68178256],[-77.22999254,38.68242577],[-77.22944115,38.68329581],[-77.228843,38.6844317],[-77.22861329,38.68493999],[-77.22839305,38.68550742],[-77.22805961,38.68653222],[-77.2278402,38.68744841],[-77.22697312,38.69189869],[-77.22564488,38.69863832],[-77.22538983,38.69997977],[-77.22519414,38.7009374],[-77.22480225,38.70268241],[-77.22452077,38.70373385],[-77.22408689,38.70518362],[-77.22501234,38.70498674],[-77.22599234,38.70480974],[-77.22766068,38.70463848],[-77.22818269,38.70460748],[-77.22943069,38.70470348],[-77.23228869,38.70500748],[-77.23384469,38.70524748],[-77.23480969,38.70532248],[-77.23546369,38.70542848],[-77.23626369,38.70552048],[-77.23714469,38.70543748],[-77.23771269,38.70527148],[-77.23808769,38.70512548],[-77.23856869,38.70482748],[-77.23925769,38.70415848],[-77.23995669,38.70324648],[-77.24064569,38.70264948],[-77.24115269,38.70241948],[-77.24221069,38.70211548],[-77.24181069,38.70139648],[-77.24117769,38.70077848],[-77.24006969,38.70023548],[-77.23981324,38.70000263],[-77.23965089,38.6996686],[-77.23957704,38.69928335],[-77.23942474,38.69897552],[-77.239112,38.69862478],[-77.23881747,38.6982344],[-77.23752007,38.69608533],[-77.23693751,38.69513713],[-77.23672062,38.69471738],[-77.23654309,38.69425137],[-77.23656282,38.69392617],[-77.23699011,38.69333899],[-77.23764121,38.69177798],[-77.23769263,38.69144351],[-77.23752839,38.69101884],[-77.23735211,38.69028235],[-77.23732092,38.68946367],[-77.23738274,38.68873662],[-77.23740406,38.68812035],[-77.23746249,38.68738639],[-77.23754032,38.68674464],[-77.23762725,38.68638309],[-77.23761437,38.68591886],[-77.23751523,38.68537955],[-77.23733559,38.68503435],[-77.23654412,38.68421708],[-77.23631439,38.68393175],[-77.23617854,38.68368725],[-77.23591284,38.6830569],[-77.23570234,38.68267429],[-77.23445755,38.68094177],[-77.23420564,38.68032529],[-77.23407951,38.67972802],[-77.23405743,38.67939001],[-77.23412403,38.6789898],[-77.23438522,38.67848047],[-77.23476715,38.67807817],[-77.23516514,38.67775843],[-77.23562899,38.67747784],[-77.23617961,38.6772435],[-77.23914714,38.67622647],[-77.23952106,38.67607945],[-77.23996075,38.67577662],[-77.2402577,38.67542282],[-77.24033928,38.6749651],[-77.24032528,38.67476448],[-77.24012299,38.67435894]]]},"properties":{"PREC_IDENT":636,"PREC_NAME":"LAUREL HILL #2","DISTRICT":"Mount Vernon","cx":-77.23164244934617,"cy":38.69695409948154},"id":636},
{"type":"Feature","geometry":{"type":"Polygon","coordinates":[[[-77.13596999,38.7840244],[-77.13563394,38.78306073],[-77.13550964,38.78258558],[-77.1354655,38.78219399],[-77.13537097,38.77787989],[-77.13533439,38.77703503],[-77.13524928,38.77652876],[-77.13511498,38.7760274],[-77.1348815,38.77547657],[-77.13462081,38.77502163],[-77.1342696,38.77454702],[-77.13366009,38.77394676],[-77.13300145,38.7734658],[-77.13308263,38.77340051],[-77.13245563,38.77300851],[-77.13170963,38.77245451],[-77.13121582,38.77206325],[-77.13070084,38.77147507],[-77.12997832,38.77076476],[-77.12962485,38.77050685],[-77.12902719,38.77020877],[-77.12862632,38.77007476],[-77.12753133,38.76980655],[-77.12618232,38.76942976],[-77.12564992,38.76914279],[-77.12512035,38.76869366],[-77.12470231,38.76818076],[-77.12447758,38.76767065],[-77.12450006,38.76721719],[-77.12437231,38.76667576],[-77.12390857,38.76603511],[-77.12241231,38.76673376],[-77.12151053,38.7671391],[-77.12121166,38.76729],[-77.12096617,38.76748222],[-77.12051728,38.76801367],[-77.11979929,38.76868764],[-77.11911493,38.76925352],[-77.11815137,38.76992732],[-77.11723599,38.77064838],[-77.11630707,38.77134317],[-77.11598056,38.77153978],[-77.11307646,38.77315314],[-77.11267454,38.77343948],[-77.11221581,38.77394208],[-77.11191258,38.77420349],[-77.11019247,38.77517172],[-77.10984663,38.77545871],[-77.10952367,38.77583247],[-77.10923549,38.77622175],[-77.1090027,38.77664876],[-77.10835286,38.77759807],[-77.10779453,38.77834937],[-77.10719456,38.77907684],[-77.10688106,38.77932301],[-77.10583869,38.78006718],[-77.10535767,38.78044866],[-77.10505766,38.78072245],[-77.10491349,38.78091983],[-77.10422448,38.78153226],[-77.10382914,38.78183649],[-77.10341353,38.78210066],[-77.10291003,38.78237339],[-77.1023793,38.78260324],[-77.1000637,38.78350518],[-77.09995791,38.78353275],[-77.09507974,38.78539808],[-77.09385131,38.78580476],[-77.09327308,38.78596283],[-77.09350387,38.78605737],[-77.09396123,38.78606546],[-77.09444109,38.78603181],[-77.09490379,38.78584842],[-77.09528225,38.78576758],[-77.09541098,38.78556231],[-77.09597252,38.78534791],[-77.09618463,38.78512465],[-77.09658268,38.78514407],[-77.09727308,38.78511191],[-77.09748497,38.78499478],[-77.09777613,38.78506626],[-77.0979414,38.78542848],[-77.09835414,38.7855958],[-77.09866907,38.78558138],[-77.09911848,38.78599932],[-77.09934505,38.78590822],[-77.09968217,38.78590046],[-77.10001356,38.78596151],[-77.10031848,38.78591327],[-77.1007718,38.78618921],[-77.1009677,38.78619041],[-77.10115865,38.78633343],[-77.10138233,38.7863582],[-77.10166158,38.78630401],[-77.10239914,38.78639938],[-77.10253778,38.78630565],[-77.1028288,38.78634153],[-77.1033641,38.7861791],[-77.10370973,38.78622213],[-77.1040553,38.78607771],[-77.10437284,38.78619499],[-77.10458427,38.78610759],[-77.10497997,38.78614446],[-77.1051289,38.78604907],[-77.10535865,38.78614863],[-77.10580598,38.78596048],[-77.10621388,38.78612601],[-77.10692513,38.78620882],[-77.10725585,38.78600715],[-77.10798847,38.78604204],[-77.10861951,38.7858707],[-77.10882984,38.78587625],[-77.10954364,38.78616432],[-77.10991238,38.78624451],[-77.11043135,38.78651288],[-77.11001092,38.78709596],[-77.10977808,38.78752434],[-77.10956052,38.78825085],[-77.11022308,38.78828068],[-77.11043778,38.78824615],[-77.11076571,38.78906975],[-77.110844,38.78919425],[-77.11128581,38.78902785],[-77.11185024,38.78887114],[-77.11225147,38.78880723],[-77.11283115,38.78876878],[-77.11411336,38.78887181],[-77.11515936,38.78921507],[-77.11580278,38.78932839],[-77.11633317,38.78929895],[-77.11679172,38.78917392],[-77.11735197,38.78886884],[-77.1179731,38.78831733],[-77.12004869,38.78693713],[-77.12061329,38.78658678],[-77.12119012,38.78632994],[-77.12275306,38.78606271],[-77.12320509,38.78591011],[-77.12367306,38.78565747],[-77.12462828,38.7848778],[-77.12521768,38.78451261],[-77.12573752,38.78429901],[-77.12636153,38.78414156],[-77.12680492,38.7840726],[-77.12742673,38.78403045],[-77.12964422,38.78402343],[-77.13106892,38.78400986],[-77.13319511,38.7840072],[-77.13596999,38.7840244]]]},"properties":{"PREC_IDENT":410,"PREC_NAME":"ROSE HILL","DISTRICT":"Franconia","cx":-77.1195506597051,"cy":38.779118952676654},"id":410},
{"type":"Feature","geometry":{"type":"Polygon","coordinates":[[[-77.16611729,38.7515731],[-77.16636725,38.75109441],[-77.16669533,38.75055475],[-77.16721033,38.74963175],[-77.16740833,38.74912975],[-77.16745733,38.74883475],[-77.16741494,38.74816209],[-77.16711971,38.74725251],[-77.1666156,38.74588333],[-77.16587748,38.74408721],[-77.16544955,38.74315004],[-77.16561602,38.74305994],[-77.16512745,38.74199025],[-77.16491931,38.7416102],[-77.16466135,38.74122152],[-77.1643144,38.74083449],[-77.16391374,38.74050725],[-77.16344288,38.74018471],[-77.16285232,38.74064207],[-77.16204628,38.74118484],[-77.16144539,38.74144298],[-77.16133358,38.74129966],[-77.16060869,38.74155974],[-77.15868011,38.74231484],[-77.1580173,38.74250772],[-77.15767612,38.74256423],[-77.15688962,38.74262112],[-77.15067914,38.74395855],[-77.15022452,38.74407964],[-77.14962205,38.74441871],[-77.14889443,38.74488541],[-77.14740163,38.7457648],[-77.14574957,38.74671923],[-77.14471124,38.74729627],[-77.14415794,38.74762764],[-77.1428578,38.74851195],[-77.14252521,38.74885411],[-77.14201496,38.74931917],[-77.14172163,38.7496247],[-77.14095099,38.75050689],[-77.13887338,38.7529934],[-77.13830005,38.75378964],[-77.13756332,38.75488475],[-77.13728432,38.75558475],[-77.13716802,38.75619275],[-77.13698264,38.75653661],[-77.13606432,38.75778075],[-77.13548607,38.758517],[-77.13475533,38.75950534],[-77.13424195,38.76012822],[-77.13388032,38.76037975],[-77.13298825,38.76094136],[-77.13096065,38.7622863],[-77.12945041,38.76320835],[-77.12759737,38.76419187],[-77.1261158,38.76502997],[-77.12535079,38.76539864],[-77.12390857,38.76603511],[-77.12437231,38.76667576],[-77.12450006,38.76721719],[-77.12447758,38.76767065],[-77.12470231,38.76818076],[-77.12512035,38.76869366],[-77.12564992,38.76914279],[-77.12618232,38.76942976],[-77.12753133,38.76980655],[-77.12862632,38.77007476],[-77.12902719,38.77020877],[-77.12962485,38.77050685],[-77.12997832,38.77076476],[-77.13070084,38.77147507],[-77.13121582,38.77206325],[-77.13170963,38.77245451],[-77.13245563,38.77300851],[-77.13308263,38.77340051],[-77.13336664,38.77310751],[-77.13385463,38.77266951],[-77.13430163,38.77233951],[-77.13484364,38.77198251],[-77.13613164,38.77122951],[-77.13713264,38.77067151],[-77.13804064,38.77014651],[-77.13837764,38.76998051],[-77.13997264,38.76909451],[-77.14029064,38.76893951],[-77.14132064,38.76836751],[-77.140659,38.76780697],[-77.13959734,38.76662875],[-77.13942935,38.76642359],[-77.13930295,38.76605963],[-77.13928944,38.76584665],[-77.13937363,38.76547553],[-77.13955799,38.76518658],[-77.13975474,38.76498428],[-77.14026748,38.76457968],[-77.14076502,38.76405133],[-77.14105734,38.76361672],[-77.14127229,38.76337892],[-77.1417382,38.76303831],[-77.14225846,38.76279169],[-77.14273436,38.76247865],[-77.14304579,38.76214586],[-77.14320122,38.76190188],[-77.14335289,38.76148485],[-77.14349015,38.76053079],[-77.14386801,38.75872136],[-77.14396908,38.75838338],[-77.14408868,38.7581788],[-77.14460356,38.75747077],[-77.14490494,38.75711176],[-77.14518673,38.75686101],[-77.14578769,38.75642308],[-77.14690313,38.75566842],[-77.14725006,38.75549667],[-77.14765195,38.75538597],[-77.1490072,38.75511875],[-77.14958713,38.75486455],[-77.15120436,38.75371744],[-77.15205608,38.75318213],[-77.15267929,38.75286251],[-77.15344324,38.75251841],[-77.15399385,38.75232976],[-77.15624409,38.75164433],[-77.15664563,38.75155007],[-77.15762042,38.75136901],[-77.15796308,38.75123563],[-77.15839262,38.75095632],[-77.15913659,38.7501767],[-77.15952451,38.7498722],[-77.15987839,38.74970049],[-77.1603579,38.7495618],[-77.16093028,38.74952029],[-77.16137486,38.74956517],[-77.16206486,38.74979549],[-77.1626679,38.74991862],[-77.16351,38.74996576],[-77.16402368,38.75006361],[-77.1645451,38.75031121],[-77.16487331,38.7505772],[-77.16543005,38.75118906],[-77.16577992,38.75142234],[-77.16611729,38.7515731]]]},"properties":{"PREC_IDENT":420,"PREC_NAME":"VILLAGES","DISTRICT":"Franconia","cx":-77.1346256501321,"cy":38.76546833908481},"id":420},
{"type":"Feature","geometry":{"type":"Polygon","coordinates":[[[-77.110844,38.78919425],[-77.11076571,38.78906975],[-77.11043778,38.78824615],[-77.11022308,38.78828068],[-77.10956052,38.78825085],[-77.10977808,38.78752434],[-77.11001092,38.78709596],[-77.11043135,38.78651288],[-77.10991238,38.78624451],[-77.10954364,38.78616432],[-77.10882984,38.78587625],[-77.10861951,38.7858707],[-77.10798847,38.78604204],[-77.10725585,38.78600715],[-77.10692513,38.78620882],[-77.10621388,38.78612601],[-77.10580598,38.78596048],[-77.10535865,38.78614863],[-77.1051289,38.78604907],[-77.10497997,38.78614446],[-77.10458427,38.78610759],[-77.10437284,38.78619499],[-77.1040553,38.78607771],[-77.10370973,38.78622213],[-77.1033641,38.7861791],[-77.1028288,38.78634153],[-77.10253778,38.78630565],[-77.10239914,38.78639938],[-77.10166158,38.78630401],[-77.10138233,38.7863582],[-77.10115865,38.78633343],[-77.1009677,38.78619041],[-77.1007718,38.78618921],[-77.10031848,38.78591327],[-77.10001356,38.78596151],[-77.09968217,38.78590046],[-77.09934505,38.78590822],[-77.09911848,38.78599932],[-77.09866907,38.78558138],[-77.09835414,38.7855958],[-77.0979414,38.78542848],[-77.09777613,38.78506626],[-77.09748497,38.78499478],[-77.09727308,38.78511191],[-77.09658268,38.78514407],[-77.09618463,38.78512465],[-77.09597252,38.78534791],[-77.09541098,38.78556231],[-77.09528225,38.78576758],[-77.09490379,38.78584842],[-77.09444109,38.78603181],[-77.09396123,38.78606546],[-77.09350387,38.78605737],[-77.09327308,38.78596283],[-77.0924608,38.78619326],[-77.09198364,38.78637152],[-77.09130107,38.78682605],[-77.09089021,38.78702295],[-77.08927951,38.78757066],[-77.08918658,38.78765742],[-77.08772082,38.78839856],[-77.08733386,38.78862691],[-77.08681323,38.78898131],[-77.086186,38.78947355],[-77.08586372,38.78980332],[-77.08554953,38.79025676],[-77.08501412,38.79125264],[-77.08490013,38.79151764],[-77.08439879,38.79220773],[-77.08537948,38.79247769],[-77.08666141,38.79277463],[-77.08739113,38.79296054],[-77.08804963,38.79302065],[-77.08864077,38.79293714],[-77.08953255,38.79273229],[-77.09005126,38.79258475],[-77.09175305,38.79222897],[-77.09246402,38.79211805],[-77.09382546,38.79193941],[-77.09383557,38.79213999],[-77.09361274,38.7933058],[-77.0928387,38.79699416],[-77.09290365,38.79726131],[-77.09321538,38.79800787],[-77.09328711,38.79828747],[-77.0933215,38.79868195],[-77.09321944,38.79923406],[-77.09300676,38.7997011],[-77.09578427,38.8005129],[-77.09467694,38.80287485],[-77.09637284,38.80307795],[-77.09744026,38.80322939],[-77.09851181,38.8033493],[-77.09934566,38.80342105],[-77.10046036,38.8034879],[-77.10139679,38.80351829],[-77.1023021,38.80352496],[-77.10379787,38.80348648],[-77.10522098,38.80339493],[-77.10619144,38.80329937],[-77.1072856,38.80315858],[-77.10822903,38.80300913],[-77.10923286,38.80282057],[-77.1108016,38.80245608],[-77.11201192,38.80211478],[-77.11229013,38.80206452],[-77.11208856,38.80178066],[-77.11180464,38.80121847],[-77.11151555,38.80019762],[-77.11107239,38.79897859],[-77.11053515,38.7977255],[-77.11032286,38.79727125],[-77.11052152,38.79661591],[-77.11063357,38.79644698],[-77.11021519,38.79539987],[-77.10936077,38.79313245],[-77.1092315,38.79274097],[-77.10902263,38.79192976],[-77.1088197,38.79081243],[-77.10873293,38.79003837],[-77.11045462,38.78937088],[-77.110844,38.78919425]]]},"properties":{"PREC_IDENT":423,"PREC_NAME":"CLERMONT","DISTRICT":"Franconia","cx":-77.10079584879081,"cy":38.79409344224643},"id":423},
{"type":"Feature","geometry":{"type":"Polygon","coordinates":[[[-77.09375945,38.7734421],[-77.0911993,38.77398676],[-77.09013431,38.7742279],[-77.0897573,38.77438076],[-77.08921284,38.77470563],[-77.0884912,38.77518987],[-77.0881102,38.77547638],[-77.08756636,38.77583672],[-77.08756207,38.77587758],[-77.08534639,38.7773418],[-77.0855333,38.77756276],[-77.0853843,38.77795776],[-77.0852583,38.77806876],[-77.0855963,38.77838176],[-77.0859223,38.77931976],[-77.08615364,38.77975951],[-77.0862664,38.78048424],[-77.0865323,38.78046176],[-77.0873393,38.78054576],[-77.08797628,38.78050876],[-77.08822611,38.78166645],[-77.08800058,38.78248318],[-77.0879133,38.78366476],[-77.08776892,38.78480911],[-77.08777167,38.78502608],[-77.08753568,38.78650065],[-77.0874623,38.78733376],[-77.08730966,38.7883598],[-77.08733386,38.78862691],[-77.08772082,38.78839856],[-77.08918658,38.78765742],[-77.08927951,38.78757066],[-77.09089021,38.78702295],[-77.09130107,38.78682605],[-77.09198364,38.78637152],[-77.0924608,38.78619326],[-77.09327308,38.78596283],[-77.09385131,38.78580476],[-77.09507974,38.78539808],[-77.09995791,38.78353275],[-77.1000637,38.78350518],[-77.1023793,38.78260324],[-77.10291003,38.78237339],[-77.10341353,38.78210066],[-77.10382914,38.78183649],[-77.10422448,38.78153226],[-77.10491349,38.78091983],[-77.10505766,38.78072245],[-77.10535767,38.78044866],[-77.10583869,38.78006718],[-77.10688106,38.77932301],[-77.10719456,38.77907684],[-77.10779453,38.77834937],[-77.10835286,38.77759807],[-77.1090027,38.77664876],[-77.10923549,38.77622175],[-77.10952367,38.77583247],[-77.10984663,38.77545871],[-77.11019247,38.77517172],[-77.11191258,38.77420349],[-77.11221581,38.77394208],[-77.11267454,38.77343948],[-77.11307646,38.77315314],[-77.11598056,38.77153978],[-77.11630707,38.77134317],[-77.11723599,38.77064838],[-77.11815137,38.76992732],[-77.11911493,38.76925352],[-77.11979929,38.76868764],[-77.12051728,38.76801367],[-77.12096617,38.76748222],[-77.12121166,38.76729],[-77.12084336,38.76747241],[-77.12063029,38.76742596],[-77.12038655,38.76751509],[-77.11882408,38.76796079],[-77.11830956,38.76808517],[-77.1168671,38.76849106],[-77.11572139,38.76878648],[-77.11344935,38.7692814],[-77.11281151,38.76943313],[-77.111445,38.76971766],[-77.11051139,38.76992629],[-77.10903577,38.77022872],[-77.10801135,38.77041703],[-77.10592207,38.77088788],[-77.10446742,38.77119188],[-77.10324912,38.77142727],[-77.10192908,38.7716628],[-77.10051582,38.77200157],[-77.10006177,38.77207991],[-77.09807118,38.7725216],[-77.09711686,38.77270928],[-77.09620058,38.77292487],[-77.09375945,38.7734421]]]},"properties":{"PREC_IDENT":411,"PREC_NAME":"VIRGINIA HILLS","DISTRICT":"Franconia","cx":-77.0994254710329,"cy":38.77769512634947},"id":411},
{"type":"Feature","geometry":{"type":"Polygon","coordinates":[[[-77.09531461,38.76189617],[-77.0941453,38.76173676],[-77.0937453,38.76160076],[-77.0925253,38.76149076],[-77.0923903,38.76219076],[-77.0922473,38.76235576],[-77.09248865,38.76239166],[-77.09230115,38.76350833],[-77.0920633,38.76360776],[-77.0905833,38.76344376],[-77.0907853,38.76231976],[-77.0906153,38.76223276],[-77.0890223,38.76208176],[-77.0889323,38.76201876],[-77.0876083,38.76188276],[-77.0872213,38.76308276],[-77.0858663,38.76294576],[-77.0846733,38.76280176],[-77.08409449,38.76280867],[-77.08418601,38.764012],[-77.08417261,38.76451438],[-77.08408555,38.76519438],[-77.08387932,38.76587018],[-77.08350702,38.76660714],[-77.08254355,38.76814981],[-77.08211832,38.76890123],[-77.08175494,38.76971793],[-77.08159101,38.77020339],[-77.0813926,38.77101385],[-77.08128162,38.77166059],[-77.08121228,38.77232981],[-77.08102042,38.77334081],[-77.0804964,38.77553962],[-77.0802084,38.77679935],[-77.07991838,38.77816067],[-77.07923051,38.78012543],[-77.07910553,38.78041364],[-77.07880789,38.78091669],[-77.07853399,38.7812841],[-77.0789751,38.78150913],[-77.07910768,38.78136932],[-77.07959394,38.78108549],[-77.0818533,38.77964676],[-77.08217054,38.77941132],[-77.0832333,38.77872876],[-77.08534639,38.7773418],[-77.08756207,38.77587758],[-77.08756636,38.77583672],[-77.0881102,38.77547638],[-77.0884912,38.77518987],[-77.08921284,38.77470563],[-77.0897573,38.77438076],[-77.09013431,38.7742279],[-77.0911993,38.77398676],[-77.09375945,38.7734421],[-77.09372407,38.77327828],[-77.09372332,38.76955177],[-77.09378102,38.76911308],[-77.0941543,38.76794976],[-77.0941373,38.76754076],[-77.09384923,38.76706116],[-77.09365146,38.76659195],[-77.0936707,38.7663258],[-77.09404604,38.76578657],[-77.0945373,38.76501376],[-77.09479631,38.76469176],[-77.09486319,38.76453726],[-77.0953073,38.76207776],[-77.09531461,38.76189617]]]},"properties":{"PREC_IDENT":405,"PREC_NAME":"GROVETON","DISTRICT":"Franconia","cx":-77.08729410063154,"cy":38.77014479293672},"id":405},
{"type":"Feature","geometry":{"type":"Polygon","coordinates":[[[-77.09587489,38.74711367],[-77.09567802,38.74682765],[-77.09561365,38.74664184],[-77.09574099,38.74647362],[-77.09556138,38.74632833],[-77.09554006,38.74585715],[-77.09535727,38.74517636],[-77.09523001,38.74480825],[-77.09514385,38.74432228],[-77.09515554,38.74386755],[-77.09524881,38.74354517],[-77.09538712,38.74328564],[-77.09568072,38.74291604],[-77.09575238,38.74273381],[-77.09574898,38.74247322],[-77.09605742,38.74205986],[-77.09618066,38.74175527],[-77.09591844,38.74112013],[-77.09566305,38.74092003],[-77.09548057,38.74089276],[-77.09486076,38.74092322],[-77.09464556,38.74075843],[-77.09405053,38.74058995],[-77.09399323,38.74044671],[-77.09358847,38.74047811],[-77.09319859,38.74042295],[-77.09290257,38.74045054],[-77.09272417,38.74037846],[-77.09243745,38.74038377],[-77.09206588,38.7403231],[-77.09148195,38.74029883],[-77.09147384,38.74017749],[-77.09105326,38.74006603],[-77.09032924,38.74003019],[-77.08981013,38.74006354],[-77.089335,38.73984645],[-77.08902575,38.73975659],[-77.088516,38.73942384],[-77.0885077,38.73942903],[-77.08748135,38.74018638],[-77.08695323,38.74065372],[-77.08617368,38.74142423],[-77.08588058,38.74170766],[-77.08530731,38.74232961],[-77.08449901,38.74348972],[-77.08411343,38.74419494],[-77.08359312,38.74533105],[-77.08344836,38.74573711],[-77.08326761,38.74636791],[-77.08302443,38.74767488],[-77.08296446,38.74840463],[-77.08298437,38.74952942],[-77.08311424,38.75130226],[-77.08329851,38.75334075],[-77.08343359,38.75502852],[-77.08349649,38.75539589],[-77.08362565,38.75738429],[-77.08378107,38.759108],[-77.08409449,38.76280867],[-77.0846733,38.76280176],[-77.0858663,38.76294576],[-77.0872213,38.76308276],[-77.0876083,38.76188276],[-77.0889323,38.76201876],[-77.0890223,38.76208176],[-77.0906153,38.76223276],[-77.0907853,38.76231976],[-77.0905833,38.76344376],[-77.0920633,38.76360776],[-77.09230115,38.76350833],[-77.09248865,38.76239166],[-77.0922473,38.76235576],[-77.0923903,38.76219076],[-77.0925253,38.76149076],[-77.0937453,38.76160076],[-77.0941453,38.76173676],[-77.09531461,38.76189617],[-77.09557252,38.76036752],[-77.09376017,38.76013983],[-77.09358822,38.76014464],[-77.0918421,38.75993831],[-77.09107153,38.7598718],[-77.09155277,38.75786862],[-77.09260416,38.75381584],[-77.09315736,38.7515186],[-77.09344863,38.7500831],[-77.09409828,38.74748106],[-77.09587489,38.74711367]]]},"properties":{"PREC_IDENT":429,"PREC_NAME":"HYBLA VALLEY","DISTRICT":"Franconia","cx":-77.08832085096162,"cy":38.75092536897783},"id":429},
{"type":"Feature","geometry":{"type":"Polygon","coordinates":[[[-77.1167212,38.74308113],[-77.11673619,38.74303564],[-77.11620421,38.74116199],[-77.11615612,38.740928],[-77.11612058,38.74004195],[-77.11598328,38.73952406],[-77.1152057,38.73675088],[-77.11484388,38.73551221],[-77.11447961,38.73436865],[-77.11342348,38.73189797],[-77.11306271,38.73078975],[-77.11268001,38.72954671],[-77.11262618,38.72942936],[-77.11223117,38.72809829],[-77.11224378,38.72798997],[-77.11197794,38.72710286],[-77.11196264,38.72705177],[-77.11122435,38.7274067],[-77.10938695,38.7283337],[-77.10711123,38.72944358],[-77.10487192,38.73066095],[-77.10442249,38.73087666],[-77.10292078,38.73165927],[-77.10237498,38.73196171],[-77.10141524,38.73245692],[-77.10030971,38.73305611],[-77.10095097,38.73379425],[-77.10235588,38.73546968],[-77.10263627,38.73583552],[-77.10315234,38.73688383],[-77.10326766,38.7370843],[-77.10563158,38.74084309],[-77.10579268,38.74121436],[-77.10620194,38.74253188],[-77.10295343,38.74315091],[-77.10371208,38.74560582],[-77.10488757,38.74538918],[-77.10942301,38.744505],[-77.11374477,38.74364985],[-77.1167212,38.74308113]]]},"properties":{"PREC_IDENT":428,"PREC_NAME":"PINEWOOD","DISTRICT":"Franconia","cx":-77.10913388973913,"cy":38.736876800131874},"id":428},
{"type":"Feature","geometry":{"type":"Polygon","coordinates":[[[-77.10371208,38.74560582],[-77.10295343,38.74315091],[-77.10620194,38.74253188],[-77.10579268,38.74121436],[-77.10563158,38.74084309],[-77.10326766,38.7370843],[-77.10315234,38.73688383],[-77.10263627,38.73583552],[-77.10235588,38.73546968],[-77.10095097,38.73379425],[-77.10030971,38.73305611],[-77.09854103,38.73404007],[-77.09665269,38.73504453],[-77.09311273,38.73695323],[-77.09116031,38.73799941],[-77.0899817,38.73856192],[-77.08901398,38.73909676],[-77.0888009,38.73923425],[-77.088516,38.73942384],[-77.08902575,38.73975659],[-77.089335,38.73984645],[-77.08981013,38.74006354],[-77.09032924,38.74003019],[-77.09105326,38.74006603],[-77.09147384,38.74017749],[-77.09148195,38.74029883],[-77.09206588,38.7403231],[-77.09243745,38.74038377],[-77.09272417,38.74037846],[-77.09290257,38.74045054],[-77.09319859,38.74042295],[-77.09358847,38.74047811],[-77.09399323,38.74044671],[-77.09405053,38.74058995],[-77.09464556,38.74075843],[-77.09486076,38.74092322],[-77.09548057,38.74089276],[-77.09566305,38.74092003],[-77.09591844,38.74112013],[-77.09618066,38.74175527],[-77.09605742,38.74205986],[-77.09574898,38.74247322],[-77.09575238,38.74273381],[-77.09568072,38.74291604],[-77.09538712,38.74328564],[-77.09524881,38.74354517],[-77.09515554,38.74386755],[-77.09514385,38.74432228],[-77.09523001,38.74480825],[-77.09535727,38.74517636],[-77.09554006,38.74585715],[-77.09556138,38.74632833],[-77.09574099,38.74647362],[-77.09561365,38.74664184],[-77.09567802,38.74682765],[-77.09587489,38.74711367],[-77.09836265,38.74663028],[-77.10371208,38.74560582]]]},"properties":{"PREC_IDENT":413,"PREC_NAME":"FAIRFIELD","DISTRICT":"Franconia","cx":-77.09955243632152,"cy":38.73989490517499},"id":413},
{"type":"Feature","geometry":{"type":"Polygon","coordinates":[[[-77.18724391,38.86748822],[-77.19327925,38.8664791],[-77.19483956,38.86624382],[-77.19551496,38.86618817],[-77.196851,38.8661165],[-77.19753987,38.86609257],[-77.20023809,38.86605656],[-77.20262757,38.86600061],[-77.20561756,38.86595122],[-77.20677688,38.86593928],[-77.20788733,38.86591032],[-77.21004449,38.86588186],[-77.21044527,38.86586155],[-77.21243152,38.86583596],[-77.21245941,38.86532879],[-77.21260141,38.86498644],[-77.21269616,38.86434128],[-77.21286063,38.86375613],[-77.21288273,38.86345255],[-77.21281634,38.86295518],[-77.21269898,38.86239241],[-77.21267176,38.86192029],[-77.2125988,38.86178367],[-77.21266307,38.86126521],[-77.21258435,38.86117002],[-77.21256891,38.86084596],[-77.21271393,38.86062076],[-77.21251936,38.86016421],[-77.21259424,38.85981739],[-77.21256881,38.85917564],[-77.21260963,38.85887927],[-77.21254654,38.85863143],[-77.2123388,38.85831619],[-77.21219974,38.85820343],[-77.2121571,38.85803526],[-77.21181427,38.85751184],[-77.21150455,38.85737262],[-77.21079143,38.85692321],[-77.21021759,38.85668393],[-77.20941633,38.85652967],[-77.2092172,38.85644521],[-77.20875372,38.856344],[-77.20811829,38.85633492],[-77.20774949,38.85611302],[-77.20720568,38.85584888],[-77.20746134,38.85568575],[-77.20730957,38.85558528],[-77.20722519,38.85539325],[-77.20697753,38.8551087],[-77.20677372,38.85473533],[-77.20665403,38.8547997],[-77.20628766,38.85475708],[-77.20597162,38.85452581],[-77.20552781,38.85438444],[-77.2054649,38.8541008],[-77.2050884,38.85404574],[-77.20491879,38.85381765],[-77.20456401,38.85379121],[-77.20427058,38.85382859],[-77.20390506,38.85375146],[-77.20378491,38.85365237],[-77.20314066,38.8536586],[-77.20257663,38.8536075],[-77.20206523,38.85344271],[-77.20173267,38.85356233],[-77.20118672,38.85356841],[-77.20087395,38.85361717],[-77.20085144,38.85388669],[-77.20059751,38.85382591],[-77.20017324,38.85385889],[-77.19996993,38.85392743],[-77.19992346,38.85415289],[-77.19981635,38.85423389],[-77.19976295,38.8544718],[-77.19953279,38.85473092],[-77.19921205,38.8552058],[-77.19913665,38.85544783],[-77.19888237,38.8554485],[-77.1985927,38.85517579],[-77.1979767,38.85483183],[-77.19752335,38.85472525],[-77.19720443,38.85469642],[-77.19657697,38.85453524],[-77.1965292,38.85433474],[-77.19676649,38.85420527],[-77.19703476,38.85393685],[-77.19719831,38.85344485],[-77.19717694,38.85335889],[-77.19642134,38.85356177],[-77.19604185,38.85362132],[-77.19352592,38.85389404],[-77.19301936,38.85396729],[-77.19236324,38.85421639],[-77.18969503,38.8557873],[-77.18947902,38.85588512],[-77.18650634,38.85683577],[-77.18604624,38.85693143],[-77.18508848,38.85707036],[-77.18518934,38.85749777],[-77.1857765,38.85746938],[-77.18585214,38.8575581],[-77.18642058,38.86123179],[-77.1865237,38.86193044],[-77.18687081,38.8644593],[-77.18688121,38.8646585],[-77.18677175,38.86545775],[-77.18680272,38.86587686],[-77.18724391,38.86748822]]]},"properties":{"PREC_IDENT":525,"PREC_NAME":"WALNUT HILL","DISTRICT":"Mason","cx":-77.19700493964694,"cy":38.86061356834759},"id":525},
{"type":"Feature","geometry":{"type":"Polygon","coordinates":[[[-77.18703874,38.83492889],[-77.18688148,38.83565621],[-77.18674443,38.83585513],[-77.18581549,38.83635001],[-77.18570182,38.83661373],[-77.18601004,38.8370387],[-77.18624505,38.83724316],[-77.18658524,38.83745567],[-77.1873755,38.83782562],[-77.18778693,38.83798262],[-77.1885383,38.83817501],[-77.18770742,38.84002754],[-77.1872954,38.84066963],[-77.18708402,38.84051623],[-77.18642956,38.83982377],[-77.18617609,38.83966853],[-77.18578546,38.83952548],[-77.18550886,38.83948256],[-77.1834461,38.83938393],[-77.18345051,38.83990984],[-77.18358413,38.84066513],[-77.18351069,38.84122313],[-77.18297882,38.84284557],[-77.18299663,38.84340596],[-77.18286628,38.84381229],[-77.18263972,38.84429442],[-77.18213665,38.84511122],[-77.18206268,38.84531497],[-77.18206084,38.84560603],[-77.18221329,38.84610065],[-77.18243504,38.84645464],[-77.1827292,38.84668998],[-77.18308082,38.84685594],[-77.18340937,38.84693926],[-77.18401912,38.84700788],[-77.18401012,38.84766277],[-77.18440634,38.84764177],[-77.18511334,38.84736377],[-77.18529634,38.84706877],[-77.18543834,38.84697777],[-77.18566634,38.84712277],[-77.18639234,38.84729177],[-77.18678834,38.84746277],[-77.18695534,38.84767377],[-77.18727734,38.84768277],[-77.18757134,38.84756577],[-77.18810834,38.84743777],[-77.18870434,38.84748577],[-77.18901334,38.84757077],[-77.18924134,38.84755477],[-77.18933434,38.84768077],[-77.18937234,38.84813677],[-77.18953734,38.84823177],[-77.18972034,38.84848677],[-77.19012434,38.84847477],[-77.19028234,38.84863977],[-77.19044334,38.84912977],[-77.19072434,38.84931677],[-77.19104034,38.84920777],[-77.19150034,38.84946777],[-77.19180634,38.84970977],[-77.19203534,38.84983077],[-77.19228034,38.84967477],[-77.19266234,38.84968377],[-77.19266034,38.84995677],[-77.19294834,38.85018277],[-77.19319834,38.85010277],[-77.19323934,38.85034077],[-77.19333334,38.85041077],[-77.19358834,38.85036777],[-77.19372334,38.85043377],[-77.19384934,38.85063377],[-77.19414434,38.85083977],[-77.19440734,38.85095577],[-77.19434934,38.85127677],[-77.19454134,38.85135877],[-77.19488734,38.85134177],[-77.19496034,38.85140777],[-77.19499434,38.85174477],[-77.19518134,38.85188677],[-77.19508334,38.85204377],[-77.19518734,38.85217177],[-77.19547534,38.85220377],[-77.19554534,38.85234677],[-77.19577934,38.85254077],[-77.19641734,38.85251577],[-77.19656634,38.85257977],[-77.19684534,38.85282077],[-77.19709734,38.85313477],[-77.19717654,38.85335699],[-77.19819099,38.85304654],[-77.19872535,38.8528218],[-77.19917606,38.8525618],[-77.19943586,38.85237246],[-77.20055827,38.85147732],[-77.20087836,38.85125432],[-77.20126518,38.85083708],[-77.20150968,38.85032765],[-77.20160807,38.84993605],[-77.20200851,38.84779308],[-77.20220978,38.84734359],[-77.20273851,38.84684416],[-77.20309939,38.84630581],[-77.20244687,38.84568898],[-77.20199021,38.8451155],[-77.20024725,38.84285956],[-77.20002704,38.84241639],[-77.19980185,38.84166697],[-77.19959764,38.84169766],[-77.19931492,38.84160391],[-77.19895226,38.84107814],[-77.19871063,38.84084891],[-77.19845959,38.84075139],[-77.19738552,38.84053764],[-77.1969252,38.84036365],[-77.19632043,38.84002329],[-77.19429632,38.8387637],[-77.19276463,38.83784595],[-77.19005522,38.83624363],[-77.18947048,38.83596387],[-77.18703874,38.83492889]]]},"properties":{"PREC_IDENT":508,"PREC_NAME":"MASONVILLE","DISTRICT":"Mason","cx":-77.19279904545148,"cy":38.84441021557577},"id":508},
{"type":"Feature","geometry":{"type":"Polygon","coordinates":[[[-77.18508848,38.85707036],[-77.18604624,38.85693143],[-77.18650634,38.85683577],[-77.18947902,38.85588512],[-77.18969503,38.8557873],[-77.19236324,38.85421639],[-77.19301936,38.85396729],[-77.19352592,38.85389404],[-77.19604185,38.85362132],[-77.19642134,38.85356177],[-77.19717694,38.85335889],[-77.19717654,38.85335699],[-77.19709734,38.85313477],[-77.19684534,38.85282077],[-77.19656634,38.85257977],[-77.19641734,38.85251577],[-77.19577934,38.85254077],[-77.19554534,38.85234677],[-77.19547534,38.85220377],[-77.19518734,38.85217177],[-77.19508334,38.85204377],[-77.19518134,38.85188677],[-77.19499434,38.85174477],[-77.19496034,38.85140777],[-77.19488734,38.85134177],[-77.19454134,38.85135877],[-77.19434934,38.85127677],[-77.19440734,38.85095577],[-77.19414434,38.85083977],[-77.19384934,38.85063377],[-77.19372334,38.85043377],[-77.19358834,38.85036777],[-77.19333334,38.85041077],[-77.19323934,38.85034077],[-77.19319834,38.85010277],[-77.19294834,38.85018277],[-77.19266034,38.84995677],[-77.19266234,38.84968377],[-77.19228034,38.84967477],[-77.19203534,38.84983077],[-77.19180634,38.84970977],[-77.19150034,38.84946777],[-77.19104034,38.84920777],[-77.19072434,38.84931677],[-77.19044334,38.84912977],[-77.19028234,38.84863977],[-77.19012434,38.84847477],[-77.18972034,38.84848677],[-77.18953734,38.84823177],[-77.18937234,38.84813677],[-77.18933434,38.84768077],[-77.18924134,38.84755477],[-77.18901334,38.84757077],[-77.18870434,38.84748577],[-77.18810834,38.84743777],[-77.18757134,38.84756577],[-77.18727734,38.84768277],[-77.18695534,38.84767377],[-77.18678834,38.84746277],[-77.18639234,38.84729177],[-77.18566634,38.84712277],[-77.18543834,38.84697777],[-77.18529634,38.84706877],[-77.18511334,38.84736377],[-77.18440634,38.84764177],[-77.18401012,38.84766277],[-77.18333144,38.8474321],[-77.18291971,38.84749305],[-77.1827926,38.84745283],[-77.18258334,38.84721777],[-77.18212083,38.84718167],[-77.18185134,38.84704977],[-77.18116694,38.84704842],[-77.18071334,38.84693777],[-77.18043823,38.84703903],[-77.1800104,38.84689645],[-77.17991415,38.84655269],[-77.17978768,38.84644727],[-77.17953945,38.84645664],[-77.17943729,38.8466537],[-77.17926466,38.84673228],[-77.17893913,38.84673501],[-77.17854934,38.84667577],[-77.17835928,38.84676677],[-77.1771226,38.84675347],[-77.17660534,38.84672547],[-77.17571288,38.84662463],[-77.17499556,38.84649658],[-77.17470548,38.84648292],[-77.17458879,38.84825009],[-77.17452019,38.84854177],[-77.17428229,38.8488741],[-77.17395493,38.84910657],[-77.17149159,38.85071536],[-77.17027969,38.8514925],[-77.17003011,38.85169562],[-77.16991819,38.85186049],[-77.16979818,38.85227241],[-77.16969514,38.85385297],[-77.16961965,38.85470476],[-77.16944604,38.85554445],[-77.16905259,38.85782333],[-77.16883074,38.85820501],[-77.16859975,38.85837976],[-77.16764676,38.85901289],[-77.16691329,38.85954966],[-77.16600279,38.86026719],[-77.16572033,38.86054777],[-77.16433933,38.86223777],[-77.16149833,38.86527877],[-77.16122433,38.86561977],[-77.15890933,38.86835777],[-77.15780033,38.86968877],[-77.15656433,38.87114278],[-77.15586433,38.87201678],[-77.15616882,38.87225441],[-77.15618257,38.87225742],[-77.15686419,38.87235525],[-77.15742927,38.87238094],[-77.1580792,38.87237738],[-77.15859304,38.87232559],[-77.1598122,38.87212532],[-77.16412554,38.8713891],[-77.16622189,38.87105183],[-77.16935109,38.87051753],[-77.1746402,38.86962035],[-77.17465641,38.86931298],[-77.17467996,38.86780422],[-77.17466574,38.86728651],[-77.17471915,38.86686697],[-77.17481014,38.866695],[-77.17632252,38.86411019],[-77.17679081,38.86328616],[-77.17717434,38.86240777],[-77.17740292,38.8620903],[-77.17774224,38.86178382],[-77.17854018,38.86124339],[-77.17871811,38.86107338],[-77.17887134,38.86067877],[-77.1788468,38.8601415],[-77.17875934,38.85896977],[-77.17878972,38.85868572],[-77.17893943,38.85837573],[-77.17924385,38.85805513],[-77.17946411,38.85791893],[-77.1798496,38.8577736],[-77.18009986,38.85772424],[-77.1835176,38.85731364],[-77.18508848,38.85707036]]]},"properties":{"PREC_IDENT":512,"PREC_NAME":"SLEEPY HOLLOW","DISTRICT":"Mason","cx":-77.17452359299939,"cy":38.85592109868893},"id":512},
{"type":"Feature","geometry":{"type":"Polygon","coordinates":[[[-77.14840038,38.84630242],[-77.14958637,38.84677618],[-77.15053349,38.84734302],[-77.15111621,38.84766841],[-77.15258659,38.84856352],[-77.15350118,38.84913796],[-77.15257761,38.8510402],[-77.152428,38.85138448],[-77.15345106,38.85279656],[-77.1568405,38.85429719],[-77.15745981,38.85435608],[-77.15747572,38.85445653],[-77.15773238,38.85461012],[-77.15805285,38.85467705],[-77.15818397,38.85483186],[-77.15851458,38.8550238],[-77.15861355,38.85517377],[-77.15900953,38.85525246],[-77.15905043,38.85542414],[-77.15930209,38.855613],[-77.15963176,38.85566925],[-77.15958248,38.85601158],[-77.159991,38.85624071],[-77.16047595,38.85627395],[-77.1608164,38.85641898],[-77.16095852,38.85656268],[-77.16067946,38.85741536],[-77.16095256,38.85782527],[-77.16115177,38.85784965],[-77.16179644,38.85812853],[-77.16198185,38.85831323],[-77.16235073,38.85855376],[-77.16246775,38.85879166],[-77.16276836,38.85903237],[-77.16288137,38.85924016],[-77.16325581,38.85948289],[-77.16381272,38.85949719],[-77.1641862,38.85957435],[-77.16470239,38.85973988],[-77.16600279,38.86026719],[-77.16691329,38.85954966],[-77.16764676,38.85901289],[-77.16859975,38.85837976],[-77.16883074,38.85820501],[-77.16905259,38.85782333],[-77.16944604,38.85554445],[-77.16961965,38.85470476],[-77.16969514,38.85385297],[-77.16979818,38.85227241],[-77.16991819,38.85186049],[-77.17003011,38.85169562],[-77.17027969,38.8514925],[-77.17149159,38.85071536],[-77.17395493,38.84910657],[-77.17428229,38.8488741],[-77.17452019,38.84854177],[-77.17458879,38.84825009],[-77.17470548,38.84648292],[-77.17432748,38.84643651],[-77.17376468,38.8464237],[-77.17303728,38.84614244],[-77.17284533,38.84603377],[-77.17257033,38.84608677],[-77.17239045,38.84603256],[-77.17201595,38.84612751],[-77.17140935,38.8459145],[-77.17079231,38.84590164],[-77.17035201,38.84597302],[-77.17013716,38.84609369],[-77.1691474,38.84644265],[-77.16866211,38.84653565],[-77.16812303,38.84657454],[-77.16798005,38.84666131],[-77.16791456,38.84707453],[-77.16774987,38.84703578],[-77.1674521,38.84707538],[-77.16701039,38.84702961],[-77.16628127,38.84668285],[-77.16471264,38.84656322],[-77.1645856,38.84661225],[-77.16429357,38.84692442],[-77.16395249,38.84705705],[-77.16344396,38.84708048],[-77.16307764,38.84687345],[-77.16363507,38.8462687],[-77.16214626,38.84610607],[-77.1607976,38.84476845],[-77.15767542,38.84562779],[-77.1544942,38.8449082],[-77.15451562,38.84323051],[-77.15317174,38.8432262],[-77.15201442,38.84397931],[-77.14840038,38.84630242]]]},"properties":{"PREC_IDENT":502,"PREC_NAME":"BARCROFT","DISTRICT":"Mason","cx":-77.162554785018,"cy":38.85182376247303},"id":502},
{"type":"Feature","geometry":{"type":"Polygon","coordinates":[[[-77.14751612,38.86157408],[-77.14638763,38.86013999],[-77.14597121,38.85968621],[-77.14547639,38.85929331],[-77.14468432,38.85883245],[-77.14344317,38.85816181],[-77.14193465,38.85733016],[-77.13983501,38.85618821],[-77.13545894,38.85379229],[-77.13292528,38.85240077],[-77.13231979,38.85210813],[-77.1291608,38.85048821],[-77.12820744,38.85082304],[-77.12666893,38.85139271],[-77.12612002,38.85163206],[-77.12428392,38.85270212],[-77.12396862,38.85284534],[-77.12354458,38.85298179],[-77.1229627,38.85310815],[-77.12245238,38.85316532],[-77.12097901,38.85322316],[-77.12295028,38.85479331],[-77.12666377,38.85771958],[-77.12908432,38.85957177],[-77.13188725,38.86176254],[-77.13708256,38.86577664],[-77.13787225,38.86639056],[-77.13840916,38.86636915],[-77.13896807,38.8663468],[-77.13970866,38.86637598],[-77.14030081,38.86645286],[-77.14094812,38.8665853],[-77.1410094,38.86613154],[-77.14184819,38.86635406],[-77.14268141,38.86668498],[-77.14342718,38.86606887],[-77.14285162,38.86548555],[-77.14216825,38.86540351],[-77.14133072,38.8651151],[-77.14107683,38.86498172],[-77.14195462,38.86407058],[-77.14352854,38.86275007],[-77.14387341,38.86290097],[-77.14437529,38.86347932],[-77.14525808,38.864533],[-77.14642131,38.86356883],[-77.14667175,38.86332594],[-77.14597561,38.8628044],[-77.14751612,38.86157408]]]},"properties":{"PREC_IDENT":505,"PREC_NAME":"GLEN FOREST","DISTRICT":"Mason","cx":-77.13502759213114,"cy":38.858488054030886},"id":505},
{"type":"Feature","geometry":{"type":"Polygon","coordinates":[[[-77.1291608,38.85048821],[-77.12933176,38.85042564],[-77.12904704,38.85025617],[-77.12815344,38.84978989],[-77.12651485,38.84898398],[-77.12558061,38.8486243],[-77.12442243,38.84822353],[-77.11884144,38.8462687],[-77.11564657,38.84514362],[-77.11486505,38.84488177],[-77.11283175,38.844163],[-77.11075246,38.84345915],[-77.11060131,38.84352677],[-77.11018531,38.84480277],[-77.11386951,38.84770259],[-77.11573156,38.8491127],[-77.11670684,38.84989173],[-77.11716624,38.85016572],[-77.12097901,38.85322316],[-77.12245238,38.85316532],[-77.1229627,38.85310815],[-77.12354458,38.85298179],[-77.12396862,38.85284534],[-77.12428392,38.85270212],[-77.12612002,38.85163206],[-77.12666893,38.85139271],[-77.12820744,38.85082304],[-77.1291608,38.85048821]]]},"properties":{"PREC_IDENT":514,"PREC_NAME":"CROSSROADS","DISTRICT":"Mason","cx":-77.12047840123705,"cy":38.84954715628226},"id":514},
{"type":"Feature","geometry":{"type":"Polygon","coordinates":[[[-77.13501826,38.8322455],[-77.13139032,38.83333877],[-77.13110993,38.83360337],[-77.12791432,38.83694577],[-77.12775232,38.83692577],[-77.12480732,38.83758577],[-77.12485932,38.83784277],[-77.12564532,38.83891377],[-77.12590832,38.83935377],[-77.12511972,38.83955931],[-77.12559379,38.84020711],[-77.12542232,38.84031577],[-77.12572278,38.84062421],[-77.12462295,38.84130363],[-77.12448039,38.84080021],[-77.12164533,38.84136439],[-77.12154938,38.8414853],[-77.12166523,38.84166927],[-77.12198264,38.84269454],[-77.12235714,38.84367242],[-77.12257413,38.84407589],[-77.12331318,38.84508825],[-77.12372971,38.84552426],[-77.12398197,38.8457373],[-77.12447428,38.84606711],[-77.12497795,38.84635448],[-77.12512115,38.8463946],[-77.12629405,38.84712643],[-77.12749041,38.84791756],[-77.12851479,38.84888928],[-77.1287207,38.84914021],[-77.12875457,38.84938912],[-77.12946055,38.84938226],[-77.1296531,38.84941335],[-77.12988909,38.84956027],[-77.12994883,38.84974221],[-77.13018815,38.85008276],[-77.13325933,38.84868924],[-77.13896536,38.84611657],[-77.14013402,38.845596],[-77.14050322,38.84538471],[-77.14099424,38.84494733],[-77.14139753,38.84433066],[-77.141708,38.84372794],[-77.14203609,38.84330856],[-77.14243392,38.84300288],[-77.14317063,38.84267932],[-77.14360017,38.84256939],[-77.14407701,38.84251731],[-77.14532817,38.84249897],[-77.14546387,38.84218605],[-77.14551566,38.84167424],[-77.14565327,38.84122368],[-77.14535811,38.84092807],[-77.14464014,38.84072835],[-77.14428137,38.84075227],[-77.14380306,38.84088262],[-77.14374556,38.84101569],[-77.14343705,38.8410609],[-77.14248057,38.84105778],[-77.14182899,38.8409148],[-77.14177101,38.84086303],[-77.14184139,38.84050032],[-77.14178695,38.84014105],[-77.1415717,38.83987497],[-77.14134627,38.83978635],[-77.14095586,38.83978782],[-77.14038354,38.84010643],[-77.14001414,38.84016495],[-77.13925297,38.83989147],[-77.13868033,38.8397266],[-77.13849932,38.83960455],[-77.13803886,38.83945675],[-77.13777887,38.83930766],[-77.13788578,38.83910449],[-77.1381338,38.83898862],[-77.13839707,38.83895889],[-77.13894736,38.83864667],[-77.13901158,38.83839827],[-77.1389374,38.83818437],[-77.13873874,38.8381016],[-77.13831063,38.83809743],[-77.13814195,38.83801823],[-77.13789786,38.83804807],[-77.13706743,38.83766049],[-77.1369097,38.83744038],[-77.13682919,38.83721311],[-77.13651694,38.83703272],[-77.13639767,38.83684402],[-77.13634743,38.83638342],[-77.13625382,38.83634693],[-77.13623432,38.83568611],[-77.13634421,38.83524077],[-77.13631559,38.8348266],[-77.13616887,38.83411534],[-77.1360105,38.83387088],[-77.13566119,38.8336289],[-77.13561966,38.83334242],[-77.13538415,38.83285115],[-77.13544277,38.8325674],[-77.13535229,38.83223964],[-77.13501826,38.8322455]]]},"properties":{"PREC_IDENT":501,"PREC_NAME":"BAILEYS","DISTRICT":"Mason","cx":-77.13247011735761,"cy":38.841772678267006},"id":501},
{"type":"Feature","geometry":{"type":"Polygon","coordinates":[[[-77.14369494,38.81322192],[-77.14364314,38.8141268],[-77.14355227,38.81429189],[-77.14116171,38.81740284],[-77.14118315,38.81741803],[-77.1412384,38.81745718],[-77.14346427,38.81839351],[-77.14399082,38.8185781],[-77.14436817,38.81867033],[-77.14596755,38.81892359],[-77.14800143,38.81921753],[-77.15019585,38.81956134],[-77.15167886,38.81984476],[-77.15266038,38.82010318],[-77.15359028,38.82030745],[-77.15505202,38.82060294],[-77.1585465,38.82144754],[-77.16336504,38.82263802],[-77.16392687,38.82111898],[-77.1643835,38.81997083],[-77.16536489,38.81778377],[-77.16560845,38.81752154],[-77.16591288,38.81738358],[-77.16631127,38.81728925],[-77.16715293,38.81714092],[-77.16754123,38.81702313],[-77.16800104,38.81664527],[-77.16860999,38.81598489],[-77.16972449,38.81493892],[-77.17005209,38.8144964],[-77.17057596,38.8133815],[-77.17081631,38.81303042],[-77.17170931,38.81219062],[-77.17212313,38.81201955],[-77.17144112,38.81120597],[-77.17134109,38.81103585],[-77.17161985,38.80640088],[-77.1708032,38.80615273],[-77.169756,38.80565755],[-77.16916451,38.80533603],[-77.16862423,38.80499252],[-77.1678501,38.80453474],[-77.16688444,38.8039979],[-77.16635334,38.80368293],[-77.16409303,38.8023748],[-77.16367218,38.80217091],[-77.16222501,38.80328974],[-77.16081831,38.80431802],[-77.15917154,38.80545467],[-77.15815697,38.80611868],[-77.15801756,38.80598624],[-77.15753797,38.80629551],[-77.15587999,38.8073118],[-77.15371965,38.80853787],[-77.15323066,38.80878627],[-77.15248369,38.80912919],[-77.15206187,38.8093509],[-77.15002614,38.81029],[-77.14893194,38.81080465],[-77.14733536,38.81153044],[-77.14369494,38.81322192]]]},"properties":{"PREC_IDENT":516,"PREC_NAME":"WEYANOKE","DISTRICT":"Mason","cx":-77.15878915841462,"cy":38.813281302336556},"id":516},
{"type":"Feature","geometry":{"type":"Polygon","coordinates":[[[-77.16367218,38.80217091],[-77.16409303,38.8023748],[-77.16635334,38.80368293],[-77.16688444,38.8039979],[-77.1678501,38.80453474],[-77.16862423,38.80499252],[-77.16916451,38.80533603],[-77.169756,38.80565755],[-77.1708032,38.80615273],[-77.17161985,38.80640088],[-77.17134109,38.81103585],[-77.17144112,38.81120597],[-77.17212313,38.81201955],[-77.17280694,38.81190409],[-77.17377575,38.81185701],[-77.17436843,38.81188293],[-77.18008983,38.81186093],[-77.18055697,38.81184284],[-77.18635196,38.81182686],[-77.18636068,38.81192582],[-77.19469035,38.81179329],[-77.19435572,38.81157432],[-77.19414673,38.81110634],[-77.19394892,38.8108671],[-77.19410658,38.81054075],[-77.19399109,38.81038333],[-77.19402413,38.81014141],[-77.19421796,38.80998745],[-77.19444738,38.80942632],[-77.19429795,38.80922683],[-77.19428217,38.80895776],[-77.19439746,38.80875521],[-77.19440973,38.80822294],[-77.19427405,38.80788322],[-77.19439643,38.8074641],[-77.1940718,38.80742329],[-77.19404414,38.80715477],[-77.19380385,38.80699639],[-77.19362062,38.80652148],[-77.1935089,38.80641399],[-77.19343558,38.80617111],[-77.19309507,38.80568384],[-77.19305819,38.80543694],[-77.19293945,38.80533146],[-77.19290083,38.80501801],[-77.1927884,38.80480286],[-77.1924594,38.80474872],[-77.19213385,38.80442861],[-77.19185062,38.80439953],[-77.19169738,38.80430223],[-77.19154955,38.80405695],[-77.19113397,38.80403471],[-77.19090472,38.80385657],[-77.19078631,38.80360637],[-77.19044009,38.80336066],[-77.19033812,38.80321574],[-77.19003263,38.80317295],[-77.18982655,38.80331232],[-77.18951462,38.80328972],[-77.18926137,38.80337128],[-77.18908117,38.80350366],[-77.18883566,38.80346862],[-77.18862488,38.80329225],[-77.18815719,38.8029978],[-77.18793167,38.80295002],[-77.18768209,38.80257888],[-77.18749516,38.8024709],[-77.18708184,38.8016569],[-77.18621153,38.80204379],[-77.18573179,38.80217847],[-77.1850823,38.80219316],[-77.18420159,38.80199381],[-77.18455163,38.80108466],[-77.1848749,38.8004869],[-77.18501812,38.80013975],[-77.18543362,38.79852834],[-77.18582949,38.79683845],[-77.18599474,38.79586133],[-77.18609608,38.79512046],[-77.18348509,38.79417593],[-77.18278964,38.79383035],[-77.18217976,38.79360245],[-77.17988112,38.79285438],[-77.17880912,38.79257045],[-77.17809293,38.79240036],[-77.17641502,38.79205603],[-77.17578187,38.79195002],[-77.17521439,38.7918983],[-77.17441659,38.79178773],[-77.17350526,38.79285347],[-77.17283942,38.79357952],[-77.17173766,38.79471628],[-77.16846001,38.79794833],[-77.16781687,38.79856851],[-77.16654582,38.79974175],[-77.1655291,38.80063502],[-77.16450948,38.80149392],[-77.16367218,38.80217091]]]},"properties":{"PREC_IDENT":527,"PREC_NAME":"EDSALL","DISTRICT":"Mason","cx":-77.17733350580534,"cy":38.80253975785338},"id":527},
{"type":"Feature","geometry":{"type":"Polygon","coordinates":[[[-77.15616882,38.87225441],[-77.15586433,38.87201678],[-77.15656433,38.87114278],[-77.15780033,38.86968877],[-77.15890933,38.86835777],[-77.16122433,38.86561977],[-77.16149833,38.86527877],[-77.16433933,38.86223777],[-77.16572033,38.86054777],[-77.16600279,38.86026719],[-77.16470239,38.85973988],[-77.1641862,38.85957435],[-77.16381272,38.85949719],[-77.16325581,38.85948289],[-77.16288137,38.85924016],[-77.16276836,38.85903237],[-77.16246775,38.85879166],[-77.16235073,38.85855376],[-77.16198185,38.85831323],[-77.16179644,38.85812853],[-77.16115177,38.85784965],[-77.16095256,38.85782527],[-77.16067946,38.85741536],[-77.16095852,38.85656268],[-77.1608164,38.85641898],[-77.16047595,38.85627395],[-77.159991,38.85624071],[-77.15958248,38.85601158],[-77.15963176,38.85566925],[-77.15930209,38.855613],[-77.15905043,38.85542414],[-77.15900953,38.85525246],[-77.15861355,38.85517377],[-77.158089,38.85588614],[-77.15628751,38.85531495],[-77.15601944,38.85518968],[-77.15545424,38.85480288],[-77.15492714,38.85463208],[-77.15415152,38.85441724],[-77.15345144,38.85410714],[-77.1530671,38.8540025],[-77.15251266,38.85394654],[-77.15245466,38.85436555],[-77.15223466,38.85456454],[-77.15222766,38.85479755],[-77.15210866,38.85511755],[-77.15197766,38.85518954],[-77.15167266,38.85565055],[-77.15114166,38.85579355],[-77.15089966,38.85591255],[-77.15066815,38.85610092],[-77.15171517,38.85661221],[-77.15178937,38.85677508],[-77.15009312,38.85901284],[-77.14945998,38.85981015],[-77.14894452,38.8605127],[-77.1480257,38.86155798],[-77.14796011,38.86168354],[-77.14770645,38.86182547],[-77.14941652,38.86398639],[-77.15077729,38.86577598],[-77.15430308,38.87031034],[-77.15569171,38.87214964],[-77.15616882,38.87225441]]]},"properties":{"PREC_IDENT":511,"PREC_NAME":"RAVENWOOD","DISTRICT":"Mason","cx":-77.15619497483706,"cy":38.862144398773935},"id":511},
{"type":"Feature","geometry":{"type":"Polygon","coordinates":[[[-77.38191077,38.86492486],[-77.38184072,38.86466278],[-77.38181294,38.86419158],[-77.3818701,38.86345346],[-77.38207303,38.86282657],[-77.38227957,38.86241939],[-77.38274194,38.86182243],[-77.38308405,38.86150441],[-77.3837628,38.86099462],[-77.38415596,38.86078143],[-77.38511114,38.86033605],[-77.38608724,38.85990047],[-77.38646946,38.85971188],[-77.38696225,38.85941449],[-77.3875421,38.85893807],[-77.38797179,38.85840531],[-77.38831876,38.85777154],[-77.38846457,38.85742693],[-77.38856642,38.85697343],[-77.38864027,38.85605973],[-77.38853391,38.85499055],[-77.38833632,38.85437068],[-77.38388481,38.85518122],[-77.3836597,38.85520379],[-77.3817509,38.85554947],[-77.37891661,38.85601396],[-77.37816016,38.85620848],[-77.3763114,38.85654276],[-77.3747074,38.85685076],[-77.3715104,38.85742977],[-77.3712834,38.85876377],[-77.3710754,38.86051376],[-77.3710054,38.86091877],[-77.3707614,38.86148277],[-77.3714584,38.86181077],[-77.3726164,38.86261977],[-77.3731994,38.86296677],[-77.3735524,38.86314377],[-77.3739824,38.86329977],[-77.3747734,38.86343677],[-77.3756494,38.86382177],[-77.3761584,38.86390377],[-77.3771794,38.86438877],[-77.3772584,38.86453777],[-77.3772574,38.86478277],[-77.3776034,38.86490277],[-77.3779854,38.86514877],[-77.3781804,38.86535577],[-77.37830536,38.86558691],[-77.38191077,38.86492486]]]},"properties":{"PREC_IDENT":802,"PREC_NAME":"CEDAR LAKE","DISTRICT":"Springfield","cx":-77.37959607462531,"cy":38.85973435710462},"id":802},
{"type":"Feature","geometry":{"type":"Polygon","coordinates":[[[-77.40291132,38.85172536],[-77.40252486,38.85040462],[-77.40240737,38.85027995],[-77.40211512,38.84941362],[-77.40199218,38.84895664],[-77.40207087,38.84863335],[-77.40208376,38.84779046],[-77.40216095,38.84733536],[-77.40239824,38.84651379],[-77.40306821,38.84403221],[-77.40322465,38.84367533],[-77.40382604,38.8426924],[-77.40401953,38.84243746],[-77.40439783,38.84180667],[-77.40456118,38.84145672],[-77.40467282,38.84104312],[-77.40483872,38.84006172],[-77.40264041,38.84011276],[-77.40168841,38.84014376],[-77.3992394,38.84019276],[-77.3982204,38.84025576],[-77.3971604,38.84040776],[-77.3954164,38.84077476],[-77.3949724,38.84085676],[-77.39336387,38.84121095],[-77.3926294,38.84137676],[-77.3896924,38.84201276],[-77.3894804,38.84207376],[-77.3879434,38.84240776],[-77.3874864,38.84249276],[-77.3849194,38.84305376],[-77.3843864,38.84318776],[-77.3817544,38.84374776],[-77.38097599,38.84384364],[-77.37525384,38.84502528],[-77.37388369,38.84529497],[-77.36971255,38.84616517],[-77.36881074,38.84634871],[-77.36705702,38.84666817],[-77.36577979,38.84692753],[-77.36584522,38.84720294],[-77.36592634,38.84792245],[-77.36592986,38.84879131],[-77.36582086,38.84934283],[-77.36554195,38.85002766],[-77.36489648,38.8510944],[-77.3647215,38.85152634],[-77.36461515,38.85197174],[-77.36458166,38.85255345],[-77.36464444,38.85304309],[-77.36483525,38.85372945],[-77.3648726,38.85434085],[-77.36470748,38.8551567],[-77.36458136,38.85583793],[-77.36420137,38.85774849],[-77.36402875,38.85806264],[-77.36381473,38.85827063],[-77.36332982,38.85850896],[-77.36298152,38.85858893],[-77.3634504,38.85889131],[-77.3715104,38.85742977],[-77.3747074,38.85685076],[-77.3763114,38.85654276],[-77.37816016,38.85620848],[-77.37891661,38.85601396],[-77.3817509,38.85554947],[-77.3836597,38.85520379],[-77.38388481,38.85518122],[-77.38833632,38.85437068],[-77.39306576,38.85352034],[-77.3944319,38.85328745],[-77.3980878,38.85258865],[-77.3987818,38.85244551],[-77.39953522,38.85232077],[-77.40151428,38.85196173],[-77.40291132,38.85172536]]]},"properties":{"PREC_IDENT":848,"PREC_NAME":"FAIR OAKS","DISTRICT":"Springfield","cx":-77.38415668914578,"cy":38.84916129636553},"id":848},
{"type":"Feature","geometry":{"type":"Polygon","coordinates":[[[-77.37525384,38.84502528],[-77.38097599,38.84384364],[-77.3817544,38.84374776],[-77.3843864,38.84318776],[-77.3849194,38.84305376],[-77.3874864,38.84249276],[-77.3879434,38.84240776],[-77.3894804,38.84207376],[-77.3896924,38.84201276],[-77.3926294,38.84137676],[-77.39336387,38.84121095],[-77.3931044,38.84046976],[-77.3930804,38.83999776],[-77.3931904,38.83968276],[-77.3933234,38.83948076],[-77.3938224,38.83891576],[-77.3939444,38.83860976],[-77.3943844,38.83684176],[-77.3935104,38.83670976],[-77.3929124,38.83674976],[-77.3925114,38.83686776],[-77.3920924,38.83694376],[-77.3914264,38.83694376],[-77.3910154,38.83687176],[-77.3904104,38.83664776],[-77.3898964,38.83629476],[-77.3883374,38.83481476],[-77.3875534,38.83423676],[-77.3872224,38.83387676],[-77.3870714,38.83354976],[-77.3870664,38.83302176],[-77.3871964,38.83247776],[-77.3871864,38.83221076],[-77.3870874,38.83185976],[-77.3868104,38.83142676],[-77.3865394,38.83117276],[-77.3863214,38.83103276],[-77.3859084,38.83084876],[-77.3824444,38.82969276],[-77.3820194,38.82942376],[-77.3818004,38.82904376],[-77.3818134,38.82863876],[-77.3820014,38.82832376],[-77.3822174,38.82814576],[-77.3824854,38.82801976],[-77.3829684,38.82794376],[-77.3835614,38.82795776],[-77.3841734,38.82804276],[-77.3844764,38.82812976],[-77.3850314,38.82837676],[-77.3855204,38.82872876],[-77.3859884,38.82836076],[-77.3861654,38.82817376],[-77.3863154,38.82791576],[-77.38640326,38.82758192],[-77.38451877,38.82726762],[-77.38354688,38.82723504],[-77.37942354,38.82714219],[-77.37700603,38.82706553],[-77.3757001,38.82684188],[-77.37470605,38.82665769],[-77.37423739,38.82658876],[-77.3737454,38.82656776],[-77.37294013,38.82666821],[-77.37203392,38.82692449],[-77.37048844,38.82742724],[-77.36835815,38.82805889],[-77.366823,38.8285713],[-77.36658394,38.82863519],[-77.3670001,38.82913869],[-77.36731553,38.82961679],[-77.36828851,38.83069573],[-77.36897935,38.83141223],[-77.37084873,38.83309017],[-77.37137333,38.83366501],[-77.37198504,38.83450567],[-77.37241137,38.83530335],[-77.37282053,38.83629995],[-77.37383866,38.83898842],[-77.37396239,38.83938228],[-77.37429263,38.84071313],[-77.37435749,38.84127942],[-77.3745084,38.84307536],[-77.3746142,38.84371756],[-77.37479554,38.84424515],[-77.37525384,38.84502528]]]},"properties":{"PREC_IDENT":851,"PREC_NAME":"WILLOW SPRINGS #1","DISTRICT":"Springfield","cx":-77.38013123403475,"cy":38.83571507060882},"id":851},
{"type":"Feature","geometry":{"type":"Polygon","coordinates":[[[-77.36658394,38.82863519],[-77.366823,38.8285713],[-77.36835815,38.82805889],[-77.37048844,38.82742724],[-77.37203392,38.82692449],[-77.37294013,38.82666821],[-77.3737454,38.82656776],[-77.37423739,38.82658876],[-77.37470605,38.82665769],[-77.3757001,38.82684188],[-77.37700603,38.82706553],[-77.37942354,38.82714219],[-77.38354688,38.82723504],[-77.38451877,38.82726762],[-77.38449964,38.82691733],[-77.38424826,38.82660327],[-77.38416912,38.82627437],[-77.38437855,38.82567362],[-77.38439764,38.8253484],[-77.38428919,38.82509886],[-77.38345584,38.82405982],[-77.38299298,38.82357624],[-77.3828314,38.82336276],[-77.3821134,38.82216176],[-77.3815204,38.82146776],[-77.3797124,38.82153976],[-77.3776204,38.82160376],[-77.3763894,38.82166076],[-77.3762704,38.82018776],[-77.3786264,38.82011976],[-77.3805614,38.82004476],[-77.3812814,38.82002576],[-77.38128471,38.81966617],[-77.3811451,38.81826301],[-77.38102131,38.81787328],[-77.38087827,38.81759182],[-77.38059251,38.81723486],[-77.37970961,38.81645619],[-77.3792394,38.81610876],[-77.3783664,38.81560776],[-77.3778824,38.81527476],[-77.3770994,38.81460376],[-77.37688829,38.81439307],[-77.37665824,38.81406684],[-77.3763719,38.81352451],[-77.37603139,38.81313276],[-77.37496628,38.81184011],[-77.3748125,38.81157502],[-77.37454168,38.81093947],[-77.37418598,38.81034567],[-77.37376191,38.80985968],[-77.37358388,38.80957513],[-77.37309772,38.80857367],[-77.372842,38.80809615],[-77.37231213,38.80719724],[-77.37210591,38.80692066],[-77.37190158,38.80652327],[-77.37171964,38.80604098],[-77.37091739,38.80448775],[-77.37064615,38.80356062],[-77.37031044,38.80281597],[-77.37025839,38.80264775],[-77.37021307,38.80209009],[-77.37010524,38.80180621],[-77.36991903,38.80159709],[-77.36939639,38.80117775],[-77.36902973,38.80079905],[-77.36849355,38.79986161],[-77.3680064,38.79893151],[-77.36754097,38.79796043],[-77.36703281,38.79702874],[-77.36648931,38.79589214],[-77.3660844,38.79486809],[-77.36559175,38.79406836],[-77.36496978,38.79323716],[-77.36420329,38.79244851],[-77.36348067,38.79177148],[-77.36283008,38.7911995],[-77.36263319,38.79078157],[-77.36241139,38.78994175],[-77.36234591,38.78984049],[-77.36222814,38.78966157],[-77.36187237,38.78998446],[-77.36129497,38.79042003],[-77.35886651,38.79200876],[-77.35534833,38.7943239],[-77.35387381,38.79528545],[-77.35298743,38.79588189],[-77.35199066,38.79652311],[-77.35157298,38.79675737],[-77.35109256,38.79698375],[-77.35043054,38.79721218],[-77.35003975,38.79731809],[-77.34997616,38.7971846],[-77.34950578,38.79729453],[-77.34849675,38.79747347],[-77.34782853,38.79752755],[-77.34719759,38.79754338],[-77.34532653,38.79753925],[-77.34328532,38.79759135],[-77.34248437,38.7976644],[-77.34159365,38.79781574],[-77.34111102,38.7980031],[-77.33966164,38.79862145],[-77.34076038,38.80000475],[-77.34138238,38.80087175],[-77.34200638,38.80189076],[-77.34250638,38.80287775],[-77.34273138,38.80340375],[-77.34308038,38.80436476],[-77.34337239,38.80544676],[-77.34350739,38.80615676],[-77.34364138,38.80728376],[-77.34367038,38.80805376],[-77.34366538,38.80851776],[-77.34353439,38.80984976],[-77.34353339,38.81018176],[-77.34332338,38.81141576],[-77.34334039,38.81217376],[-77.34350939,38.81282576],[-77.34364939,38.81314376],[-77.34388439,38.81354876],[-77.34419139,38.81394876],[-77.34501739,38.81477376],[-77.34562539,38.81542076],[-77.34610739,38.81600976],[-77.34671139,38.81685976],[-77.34690639,38.81717276],[-77.34744839,38.81792876],[-77.34759639,38.81807076],[-77.34811939,38.81881176],[-77.34840939,38.81929276],[-77.34905239,38.82018676],[-77.34770639,38.82074276],[-77.34668739,38.82118176],[-77.34613739,38.82145076],[-77.34566939,38.82177076],[-77.34540539,38.82190176],[-77.34485039,38.82197976],[-77.34342139,38.82185476],[-77.34332939,38.82222076],[-77.34319139,38.82247176],[-77.34254239,38.82315976],[-77.34195539,38.82365876],[-77.34153439,38.82391276],[-77.34064039,38.82428476],[-77.34093038,38.82466476],[-77.34071139,38.82516176],[-77.34039339,38.82552476],[-77.34016538,38.82572976],[-77.33952538,38.82613776],[-77.33979139,38.82633376],[-77.33968639,38.82753976],[-77.33961539,38.82778976],[-77.33948338,38.82793876],[-77.33980138,38.82806676],[-77.34114439,38.82840476],[-77.34132739,38.82848676],[-77.34123039,38.82871776],[-77.34138139,38.82890576],[-77.34173839,38.82905476],[-77.34216039,38.82937976],[-77.34224439,38.82972276],[-77.34218339,38.83002476],[-77.34180039,38.83044076],[-77.34163439,38.83075076],[-77.34155439,38.83111876],[-77.34142039,38.83112376],[-77.34101538,38.83138276],[-77.34089339,38.83136176],[-77.34080938,38.83162676],[-77.34075039,38.83201876],[-77.34086139,38.83242976],[-77.34106439,38.83249276],[-77.34111939,38.83276376],[-77.34108639,38.83296876],[-77.34118039,38.83308076],[-77.34157139,38.83335776],[-77.34153038,38.83343676],[-77.34180739,38.83360676],[-77.34185039,38.83385276],[-77.34202639,38.83429676],[-77.34276439,38.83429076],[-77.34319039,38.83425176],[-77.34362139,38.83415576],[-77.34454039,38.83387776],[-77.34507039,38.83369376],[-77.34627639,38.83337776],[-77.3478707,38.83292409],[-77.34788241,38.83282521],[-77.34847543,38.83260368],[-77.34903094,38.83233453],[-77.3499337,38.83186421],[-77.35085375,38.83141052],[-77.35180026,38.83105731],[-77.35234001,38.83089372],[-77.35291794,38.83075657],[-77.35348827,38.83065643],[-77.3540686,38.83058933],[-77.35483783,38.83056388],[-77.35744598,38.83057969],[-77.3592578,38.83055887],[-77.36037534,38.83048598],[-77.36147005,38.83030301],[-77.36249252,38.83002597],[-77.3654535,38.82903999],[-77.36658394,38.82863519]]]},"properties":{"PREC_IDENT":804,"PREC_NAME":"COLCHESTER","DISTRICT":"Springfield","cx":-77.35963529414947,"cy":38.81383115946302},"id":804},
{"type":"Feature","geometry":{"type":"Polygon","coordinates":[[[-77.32138802,38.81582857],[-77.32078816,38.81687701],[-77.32051967,38.81740978],[-77.32027867,38.81797852],[-77.32000688,38.81871172],[-77.31979518,38.81920525],[-77.31961811,38.81951376],[-77.31844896,38.82102466],[-77.31800738,38.82162159],[-77.3177153,38.82209233],[-77.31734468,38.8228561],[-77.31710948,38.8234963],[-77.31689343,38.82446483],[-77.31675102,38.82543823],[-77.31642164,38.82753148],[-77.31655765,38.8275864],[-77.31962519,38.82912073],[-77.32035722,38.82943701],[-77.32121311,38.82969275],[-77.32214448,38.82984215],[-77.3241325,38.82999527],[-77.3253213,38.83007445],[-77.32590272,38.83015715],[-77.32671413,38.83034376],[-77.3280688,38.83080077],[-77.3289135,38.83110028],[-77.32990017,38.83130509],[-77.33181261,38.8315754],[-77.33337465,38.83180512],[-77.3342392,38.83196474],[-77.33460605,38.8320741],[-77.33525411,38.83237848],[-77.33693225,38.83346194],[-77.33737789,38.8336929],[-77.33799904,38.83392559],[-77.33884966,38.83408092],[-77.34035343,38.8342276],[-77.34205021,38.83438028],[-77.34262614,38.83437085],[-77.34324483,38.83432203],[-77.3436747,38.83422604],[-77.34484828,38.83387155],[-77.34644691,38.83343502],[-77.34785766,38.83303423],[-77.3478707,38.83292409],[-77.34627639,38.83337776],[-77.34507039,38.83369376],[-77.34454039,38.83387776],[-77.34362139,38.83415576],[-77.34319039,38.83425176],[-77.34276439,38.83429076],[-77.34202639,38.83429676],[-77.34185039,38.83385276],[-77.34180739,38.83360676],[-77.34153038,38.83343676],[-77.34157139,38.83335776],[-77.34118039,38.83308076],[-77.34108639,38.83296876],[-77.34111939,38.83276376],[-77.34106439,38.83249276],[-77.34086139,38.83242976],[-77.34075039,38.83201876],[-77.34080938,38.83162676],[-77.34089339,38.83136176],[-77.34101538,38.83138276],[-77.34142039,38.83112376],[-77.34155439,38.83111876],[-77.34163439,38.83075076],[-77.34180039,38.83044076],[-77.34218339,38.83002476],[-77.34224439,38.82972276],[-77.34216039,38.82937976],[-77.34173839,38.82905476],[-77.34138139,38.82890576],[-77.34123039,38.82871776],[-77.34132739,38.82848676],[-77.34114439,38.82840476],[-77.33980138,38.82806676],[-77.33948338,38.82793876],[-77.33961539,38.82778976],[-77.33968639,38.82753976],[-77.33979139,38.82633376],[-77.33952538,38.82613776],[-77.34016538,38.82572976],[-77.34039339,38.82552476],[-77.34071139,38.82516176],[-77.34093038,38.82466476],[-77.34064039,38.82428476],[-77.34153439,38.82391276],[-77.34195539,38.82365876],[-77.34254239,38.82315976],[-77.34319139,38.82247176],[-77.34332939,38.82222076],[-77.34342139,38.82185476],[-77.34485039,38.82197976],[-77.34540539,38.82190176],[-77.34566939,38.82177076],[-77.34613739,38.82145076],[-77.34668739,38.82118176],[-77.34770639,38.82074276],[-77.34905239,38.82018676],[-77.34840939,38.81929276],[-77.34811939,38.81881176],[-77.34759639,38.81807076],[-77.34744839,38.81792876],[-77.34690639,38.81717276],[-77.34671139,38.81685976],[-77.34610739,38.81600976],[-77.34562539,38.81542076],[-77.34501739,38.81477376],[-77.34419139,38.81394876],[-77.34388439,38.81354876],[-77.34364939,38.81314376],[-77.34350939,38.81282576],[-77.34334039,38.81217376],[-77.34332338,38.81141576],[-77.34353339,38.81018176],[-77.34353439,38.80984976],[-77.34366538,38.80851776],[-77.34367038,38.80805376],[-77.34364138,38.80728376],[-77.34350739,38.80615676],[-77.34337239,38.80544676],[-77.34308038,38.80436476],[-77.34273138,38.80340375],[-77.34250638,38.80287775],[-77.34200638,38.80189076],[-77.34138238,38.80087175],[-77.34076038,38.80000475],[-77.33966164,38.79862145],[-77.33931366,38.79873713],[-77.33861998,38.79890287],[-77.33807004,38.79897946],[-77.33727366,38.79901457],[-77.33682957,38.799012],[-77.33612014,38.79896892],[-77.33464156,38.79883427],[-77.33411716,38.79880252],[-77.33313822,38.79877885],[-77.33227369,38.79882758],[-77.3315481,38.79891208],[-77.3302121,38.79923318],[-77.32853406,38.79968257],[-77.32659434,38.80026754],[-77.32610695,38.8003673],[-77.32529202,38.80047524],[-77.32529951,38.80093498],[-77.32547345,38.80274498],[-77.325612,38.80328595],[-77.32630333,38.8052192],[-77.32651783,38.80605202],[-77.32658685,38.80676804],[-77.32657732,38.80735147],[-77.32646694,38.80809317],[-77.32626181,38.80883391],[-77.32571012,38.81037851],[-77.32545869,38.81094442],[-77.32501492,38.81168277],[-77.32460351,38.8121592],[-77.32414307,38.81262828],[-77.32365518,38.81305863],[-77.32294836,38.81378335],[-77.3222611,38.81459888],[-77.32178394,38.81522979],[-77.32138802,38.81582857]]]},"properties":{"PREC_IDENT":841,"PREC_NAME":"POPES HEAD","DISTRICT":"Springfield","cx":-77.33284989432475,"cy":38.81677727853731},"id":841},
{"type":"Feature","geometry":{"type":"Polygon","coordinates":[[[-77.32529202,38.80047524],[-77.32610695,38.8003673],[-77.32659434,38.80026754],[-77.32853406,38.79968257],[-77.3302121,38.79923318],[-77.3315481,38.79891208],[-77.33227369,38.79882758],[-77.33313822,38.79877885],[-77.33411716,38.79880252],[-77.33464156,38.79883427],[-77.33612014,38.79896892],[-77.33682957,38.799012],[-77.33727366,38.79901457],[-77.33807004,38.79897946],[-77.33861998,38.79890287],[-77.33931366,38.79873713],[-77.33966164,38.79862145],[-77.34111102,38.7980031],[-77.34159365,38.79781574],[-77.34248437,38.7976644],[-77.34328532,38.79759135],[-77.34532653,38.79753925],[-77.34719759,38.79754338],[-77.34782853,38.79752755],[-77.34849675,38.79747347],[-77.34950578,38.79729453],[-77.34997616,38.7971846],[-77.35003975,38.79731809],[-77.35043054,38.79721218],[-77.35109256,38.79698375],[-77.35157298,38.79675737],[-77.35199066,38.79652311],[-77.35298743,38.79588189],[-77.35387381,38.79528545],[-77.35534833,38.7943239],[-77.35886651,38.79200876],[-77.36129497,38.79042003],[-77.36187237,38.78998446],[-77.36222814,38.78966157],[-77.36174218,38.78899763],[-77.3613624,38.78860813],[-77.36104941,38.78821104],[-77.36041668,38.78762274],[-77.35993408,38.78730226],[-77.35912252,38.78692915],[-77.35878209,38.78671439],[-77.35842353,38.78631685],[-77.35814639,38.78612775],[-77.35752239,38.78640575],[-77.35458939,38.78766075],[-77.35441839,38.78774275],[-77.34986139,38.78594475],[-77.34987139,38.78538375],[-77.34861639,38.78476375],[-77.34734171,38.78417229],[-77.34688884,38.78383832],[-77.34607131,38.78318771],[-77.34555556,38.78275288],[-77.34549039,38.78266025],[-77.34476838,38.78257875],[-77.34385524,38.7826771],[-77.34324551,38.78285095],[-77.34286371,38.78303116],[-77.3424687,38.78316045],[-77.34148673,38.78335533],[-77.3408584,38.78337658],[-77.34040633,38.78334465],[-77.33950275,38.78320472],[-77.33873647,38.78312351],[-77.33804138,38.78307975],[-77.33195338,38.78227675],[-77.33109327,38.78222944],[-77.32777438,38.78223675],[-77.32716645,38.7858417],[-77.32665311,38.78844932],[-77.32652753,38.78913253],[-77.32642046,38.78988799],[-77.32625395,38.79084468],[-77.32605904,38.79225144],[-77.32590197,38.79370389],[-77.32576539,38.79476111],[-77.32576071,38.79526221],[-77.32563811,38.79632232],[-77.32549726,38.79721062],[-77.32532243,38.79888943],[-77.32527546,38.79983084],[-77.32529202,38.80047524]]]},"properties":{"PREC_IDENT":805,"PREC_NAME":"FAIRFAX STATION","DISTRICT":"Springfield","cx":-77.34043183188705,"cy":38.790630607211604},"id":805},
{"type":"Feature","geometry":{"type":"Polygon","coordinates":[[[-77.30432007,38.78014565],[-77.3053684,38.78060531],[-77.30621348,38.78105191],[-77.30766073,38.78178609],[-77.30869332,38.78235129],[-77.3094427,38.78285867],[-77.30988592,38.78321192],[-77.31126285,38.78459616],[-77.31154283,38.78485025],[-77.31195882,38.78515378],[-77.3124731,38.78545419],[-77.31334499,38.78577057],[-77.31393909,38.78591251],[-77.31672626,38.78646378],[-77.31782052,38.78670136],[-77.31911552,38.7868929],[-77.3200616,38.78696695],[-77.32068595,38.78697735],[-77.32221753,38.78707787],[-77.3230332,38.78718903],[-77.32413387,38.78746506],[-77.32553572,38.78798987],[-77.32665311,38.78844932],[-77.32716645,38.7858417],[-77.32777438,38.78223675],[-77.33109327,38.78222944],[-77.33195338,38.78227675],[-77.33804138,38.78307975],[-77.33873647,38.78312351],[-77.33950275,38.78320472],[-77.33961538,38.78290575],[-77.33990538,38.78255575],[-77.34055738,38.78221375],[-77.34091608,38.78197531],[-77.3420026,38.78138741],[-77.34316105,38.78090593],[-77.34362833,38.78064555],[-77.34471125,38.77984203],[-77.34590577,38.77907804],[-77.34637678,38.77880258],[-77.34746332,38.77798808],[-77.34805661,38.77752434],[-77.3484151,38.77704456],[-77.34929233,38.77637353],[-77.3502172,38.7755739],[-77.35050243,38.77528699],[-77.35124785,38.77430024],[-77.35155306,38.77385974],[-77.35197932,38.77308816],[-77.35218629,38.77286776],[-77.35238424,38.77277359],[-77.3531029,38.77258153],[-77.35473648,38.77220756],[-77.35448498,38.7719209],[-77.35397599,38.7717237],[-77.35355343,38.77150757],[-77.35326039,38.77147875],[-77.35311639,38.77138575],[-77.35291939,38.77141475],[-77.35289639,38.77166275],[-77.35260839,38.77165175],[-77.35236839,38.77189175],[-77.35245539,38.77203675],[-77.35219039,38.77207775],[-77.35185039,38.77205275],[-77.35172739,38.77192475],[-77.35179439,38.77177275],[-77.35132239,38.77153575],[-77.35110239,38.77133375],[-77.35072739,38.77124075],[-77.35059539,38.77134175],[-77.35040039,38.77133675],[-77.35016138,38.77098375],[-77.34988739,38.77087275],[-77.34997238,38.77073475],[-77.34994538,38.77056275],[-77.34955238,38.77066775],[-77.34940838,38.77047575],[-77.34905838,38.77041475],[-77.34854138,38.77039075],[-77.34779438,38.77027775],[-77.34773238,38.77012775],[-77.34727038,38.76946475],[-77.34687838,38.76925075],[-77.34654638,38.76930775],[-77.34582438,38.76961975],[-77.34433438,38.77021475],[-77.34366038,38.77050775],[-77.34327538,38.77062575],[-77.34298938,38.77059775],[-77.34256838,38.77028975],[-77.34227838,38.77018175],[-77.34195938,38.77015775],[-77.34160838,38.77004175],[-77.34117438,38.76971175],[-77.34065338,38.76917675],[-77.34046138,38.76918275],[-77.34009138,38.76935575],[-77.33970038,38.76934175],[-77.33914538,38.76903975],[-77.33877738,38.76894775],[-77.33788138,38.76887675],[-77.33719838,38.76874075],[-77.33568938,38.76821875],[-77.33497638,38.76767375],[-77.33440538,38.76729175],[-77.33370838,38.76678375],[-77.33286638,38.76623575],[-77.33259638,38.76598775],[-77.33233338,38.76584075],[-77.33146738,38.76519675],[-77.33109538,38.76495875],[-77.33087938,38.76476175],[-77.33002738,38.76420675],[-77.32976338,38.76407175],[-77.32918938,38.76384475],[-77.32878238,38.76359075],[-77.32867538,38.76345575],[-77.32866238,38.76299775],[-77.32719138,38.76375175],[-77.32629938,38.76415775],[-77.32597038,38.76426975],[-77.32558238,38.76428975],[-77.32369038,38.76413575],[-77.32335538,38.76412875],[-77.32243138,38.76403775],[-77.32193138,38.76401475],[-77.31970637,38.76396275],[-77.31914838,38.76398575],[-77.31886437,38.76408675],[-77.31818537,38.76462275],[-77.31776337,38.76498875],[-77.31704837,38.76543575],[-77.31622737,38.76600975],[-77.31570937,38.76628575],[-77.31475837,38.76662675],[-77.31387737,38.76685375],[-77.31353598,38.76698138],[-77.31231002,38.76772825],[-77.31209699,38.76788399],[-77.31104819,38.76852143],[-77.30920502,38.76968078],[-77.3084888,38.77014307],[-77.30616371,38.77158993],[-77.30551137,38.77198675],[-77.30468937,38.77244975],[-77.30302815,38.77346097],[-77.30246207,38.77381695],[-77.30094737,38.77484475],[-77.30005337,38.77536475],[-77.29907676,38.77579487],[-77.29866037,38.77593975],[-77.29784023,38.77617317],[-77.29694104,38.77645091],[-77.29746222,38.77675145],[-77.2983685,38.77730858],[-77.29865276,38.77751195],[-77.29969796,38.77815424],[-77.30070324,38.77866705],[-77.30228562,38.77928598],[-77.30370016,38.77987296],[-77.30432007,38.78014565]]]},"properties":{"PREC_IDENT":815,"PREC_NAME":"WOODYARD","DISTRICT":"Springfield","cx":-77.32377866856235,"cy":38.77366344176799},"id":815},
{"type":"Feature","geometry":{"type":"Polygon","coordinates":[[[-77.12151053,38.7671391],[-77.12241231,38.76673376],[-77.12390857,38.76603511],[-77.12535079,38.76539864],[-77.1261158,38.76502997],[-77.12759737,38.76419187],[-77.12945041,38.76320835],[-77.13096065,38.7622863],[-77.13298825,38.76094136],[-77.13388032,38.76037975],[-77.13424195,38.76012822],[-77.13475533,38.75950534],[-77.13548607,38.758517],[-77.13606432,38.75778075],[-77.13698264,38.75653661],[-77.13716802,38.75619275],[-77.13728432,38.75558475],[-77.13756332,38.75488475],[-77.13830005,38.75378964],[-77.13887338,38.7529934],[-77.14095099,38.75050689],[-77.14172163,38.7496247],[-77.14201496,38.74931917],[-77.14252521,38.74885411],[-77.1428578,38.74851195],[-77.13889726,38.74562379],[-77.13621665,38.74367309],[-77.13287895,38.74125336],[-77.13281561,38.74170677],[-77.13217176,38.74256584],[-77.13042997,38.74412446],[-77.12831374,38.74603121],[-77.12595244,38.74581139],[-77.12315741,38.74871821],[-77.12247016,38.74939245],[-77.12262149,38.75019387],[-77.12222535,38.75156035],[-77.12236254,38.75176027],[-77.12208922,38.75295637],[-77.12191763,38.75321627],[-77.12202954,38.75439178],[-77.12236107,38.75478288],[-77.12277984,38.75507831],[-77.12306956,38.75543994],[-77.12297088,38.75591506],[-77.12309374,38.75608375],[-77.12332646,38.75621754],[-77.12353682,38.75613298],[-77.12394346,38.75636939],[-77.12382667,38.75649834],[-77.12395943,38.75667795],[-77.12371671,38.75674488],[-77.12386068,38.75696113],[-77.12371187,38.75704511],[-77.123714,38.75734801],[-77.12351111,38.75749254],[-77.12352869,38.75779271],[-77.12329326,38.75773488],[-77.12322063,38.75797262],[-77.12298217,38.75792788],[-77.12286953,38.75822857],[-77.12296224,38.75844556],[-77.12273808,38.75874322],[-77.12259698,38.75909669],[-77.12258616,38.75933534],[-77.12232819,38.75958849],[-77.12242614,38.75980281],[-77.12238623,38.76024095],[-77.12226788,38.76030779],[-77.1221551,38.76053267],[-77.12215801,38.76069809],[-77.12190384,38.76070261],[-77.12182064,38.76085181],[-77.12188349,38.76101489],[-77.12145802,38.7610867],[-77.1214122,38.76128075],[-77.12122413,38.76134519],[-77.12100591,38.76154336],[-77.12098552,38.76164546],[-77.12064116,38.7619503],[-77.12042776,38.76206399],[-77.12040945,38.76227853],[-77.12015857,38.76226363],[-77.12019889,38.76246696],[-77.12004909,38.76270764],[-77.12005505,38.76295123],[-77.12029213,38.76318999],[-77.1201277,38.76365371],[-77.1203286,38.76382331],[-77.12038804,38.76403038],[-77.12029616,38.76413566],[-77.12043432,38.76445273],[-77.12061534,38.76457718],[-77.12043599,38.76475213],[-77.12023229,38.76479732],[-77.12016692,38.76497028],[-77.12038581,38.76514184],[-77.12054559,38.76568964],[-77.1204994,38.7660709],[-77.12066674,38.76634914],[-77.1208705,38.76644078],[-77.12081598,38.76665857],[-77.12107066,38.76675837],[-77.12151053,38.7671391]]]},"properties":{"PREC_IDENT":406,"PREC_NAME":"HAYFIELD","DISTRICT":"Franconia","cx":-77.1302673507044,"cy":38.7537108080264},"id":406},
{"type":"Feature","geometry":{"type":"Polygon","coordinates":[[[-77.14132064,38.76836751],[-77.14029064,38.76893951],[-77.13997264,38.76909451],[-77.13837764,38.76998051],[-77.13804064,38.77014651],[-77.13713264,38.77067151],[-77.13613164,38.77122951],[-77.13484364,38.77198251],[-77.13430163,38.77233951],[-77.13385463,38.77266951],[-77.13336664,38.77310751],[-77.13308263,38.77340051],[-77.13300145,38.7734658],[-77.13366009,38.77394676],[-77.1342696,38.77454702],[-77.13462081,38.77502163],[-77.1348815,38.77547657],[-77.13511498,38.7760274],[-77.13524928,38.77652876],[-77.13533439,38.77703503],[-77.13537097,38.77787989],[-77.1354655,38.78219399],[-77.13550964,38.78258558],[-77.13563394,38.78306073],[-77.13596999,38.7840244],[-77.13657449,38.78396964],[-77.13822286,38.7836318],[-77.14060325,38.78317336],[-77.14054932,38.78288776],[-77.14036032,38.78138276],[-77.14138132,38.78119476],[-77.14119432,38.77972276],[-77.14111432,38.77898476],[-77.14059332,38.77883776],[-77.14013932,38.77857776],[-77.13997632,38.77827076],[-77.14024632,38.77750776],[-77.14051832,38.77690676],[-77.14137732,38.77722476],[-77.14347932,38.77802476],[-77.14376332,38.77814376],[-77.14441632,38.77708576],[-77.14553432,38.77531976],[-77.14564532,38.77509076],[-77.14622432,38.77529376],[-77.14884901,38.77625828],[-77.14906396,38.77598297],[-77.14919492,38.77573458],[-77.14950932,38.77531476],[-77.14900332,38.77496376],[-77.14857632,38.77441876],[-77.14853032,38.77392776],[-77.14855132,38.77358676],[-77.14880632,38.77309876],[-77.15016932,38.77176076],[-77.15003332,38.77167076],[-77.14956732,38.77213276],[-77.14945932,38.77212576],[-77.14831232,38.77136376],[-77.14829232,38.77075276],[-77.14766432,38.77020276],[-77.14716632,38.77056676],[-77.14699432,38.77056876],[-77.14678332,38.77042176],[-77.14614832,38.76981476],[-77.14579832,38.76944676],[-77.14591432,38.76913476],[-77.14580532,38.76882276],[-77.14537432,38.76796876],[-77.14483332,38.76803975],[-77.14435932,38.76797276],[-77.14413032,38.76789075],[-77.14381832,38.76770376],[-77.14335464,38.76721851],[-77.14309664,38.76738251],[-77.14218664,38.76786851],[-77.14132064,38.76836751]]]},"properties":{"PREC_IDENT":404,"PREC_NAME":"EDISON #1","DISTRICT":"Franconia","cx":-77.14099859568555,"cy":38.77308986582377},"id":404},
{"type":"Feature","geometry":{"type":"Polygon","coordinates":[[[-77.15297906,38.79373599],[-77.15350824,38.79321469],[-77.15368766,38.79298564],[-77.15425371,38.79211301],[-77.15443658,38.79178853],[-77.15459458,38.7914027],[-77.15496599,38.79019405],[-77.15511981,38.78930483],[-77.15520887,38.78915511],[-77.15538134,38.78808328],[-77.15538081,38.78790721],[-77.15553308,38.78690425],[-77.15575916,38.78519365],[-77.15617585,38.7824601],[-77.15661971,38.77992751],[-77.15499833,38.78017582],[-77.15389282,38.7803842],[-77.15136908,38.7810129],[-77.14593343,38.78212024],[-77.14519517,38.78227634],[-77.14357567,38.7825748],[-77.14163489,38.78297935],[-77.14060325,38.78317336],[-77.13822286,38.7836318],[-77.13657449,38.78396964],[-77.13596999,38.7840244],[-77.13609701,38.78472613],[-77.1363075,38.7867607],[-77.13663949,38.78960403],[-77.13674423,38.7903714],[-77.1369182,38.79211308],[-77.13694542,38.79308277],[-77.13683058,38.79377208],[-77.1366301,38.79416656],[-77.13623386,38.79470706],[-77.13592973,38.79520056],[-77.13541475,38.79626418],[-77.13530296,38.79653826],[-77.13726232,38.79620476],[-77.13891832,38.79595476],[-77.14717532,38.79465376],[-77.14947532,38.79430776],[-77.15297906,38.79373599]]]},"properties":{"PREC_IDENT":422,"PREC_NAME":"VAN DORN","DISTRICT":"Franconia","cx":-77.14605046891022,"cy":38.78828031637444},"id":422},
{"type":"Feature","geometry":{"type":"Polygon","coordinates":[[[-77.37830536,38.86558691],[-77.3781804,38.86535577],[-77.3779854,38.86514877],[-77.3776034,38.86490277],[-77.3772574,38.86478277],[-77.3772584,38.86453777],[-77.3771794,38.86438877],[-77.3761584,38.86390377],[-77.3756494,38.86382177],[-77.3747734,38.86343677],[-77.3739824,38.86329977],[-77.3735524,38.86314377],[-77.3731994,38.86296677],[-77.3726164,38.86261977],[-77.3714584,38.86181077],[-77.3707614,38.86148277],[-77.3710054,38.86091877],[-77.3710754,38.86051376],[-77.3712834,38.85876377],[-77.3715104,38.85742977],[-77.3634504,38.85889131],[-77.35875539,38.85973958],[-77.3580437,38.85988094],[-77.35520132,38.86039147],[-77.35350331,38.8607154],[-77.35228493,38.86091494],[-77.34989307,38.86135972],[-77.34853299,38.86163334],[-77.34447963,38.86236136],[-77.34514526,38.86263118],[-77.34593222,38.86283525],[-77.34677346,38.862941],[-77.347665,38.86297584],[-77.34899355,38.86313715],[-77.34960307,38.86323786],[-77.35089481,38.86350451],[-77.35170999,38.86370333],[-77.35275474,38.86404169],[-77.35426342,38.86458227],[-77.35553085,38.86505458],[-77.35797477,38.86597905],[-77.36226275,38.8675694],[-77.36395592,38.86822423],[-77.3646359,38.86849843],[-77.36479773,38.8685207],[-77.36604677,38.8690545],[-77.36758028,38.8695924],[-77.36938461,38.87033197],[-77.37268399,38.87159985],[-77.37303776,38.87072888],[-77.37394326,38.86718456],[-77.37411179,38.86635697],[-77.37830536,38.86558691]]]},"properties":{"PREC_IDENT":844,"PREC_NAME":"CENTERPOINTE","DISTRICT":"Springfield","cx":-77.36451410956973,"cy":38.86354033779009},"id":844},
{"type":"Feature","geometry":{"type":"Polygon","coordinates":[[[-77.28288987,38.76307819],[-77.2833192,38.76382271],[-77.28375355,38.76447803],[-77.28416246,38.7649793],[-77.28691422,38.76798315],[-77.28720309,38.76832528],[-77.28792088,38.7690247],[-77.28845623,38.76951903],[-77.28876297,38.76984212],[-77.28970201,38.77073604],[-77.29072823,38.77166243],[-77.29140232,38.77225292],[-77.29303134,38.77363174],[-77.29321772,38.77381352],[-77.29416168,38.77462919],[-77.29468448,38.77504098],[-77.29548588,38.77557371],[-77.29630523,38.77608328],[-77.29694104,38.77645091],[-77.29784023,38.77617317],[-77.29866037,38.77593975],[-77.29907676,38.77579487],[-77.30005337,38.77536475],[-77.30094737,38.77484475],[-77.30246207,38.77381695],[-77.30302815,38.77346097],[-77.30468937,38.77244975],[-77.30551137,38.77198675],[-77.30616371,38.77158993],[-77.3084888,38.77014307],[-77.30920502,38.76968078],[-77.31104819,38.76852143],[-77.31209699,38.76788399],[-77.31231002,38.76772825],[-77.31353598,38.76698138],[-77.31387737,38.76685375],[-77.31316837,38.76623275],[-77.31206237,38.76519575],[-77.31142337,38.76450175],[-77.31071937,38.76353575],[-77.31045937,38.76314275],[-77.30991837,38.76244075],[-77.30851637,38.76052375],[-77.30848237,38.76045175],[-77.30756437,38.75919475],[-77.30685937,38.75827675],[-77.30604837,38.75718175],[-77.30563037,38.75664075],[-77.30509837,38.75614975],[-77.30341137,38.75474375],[-77.30267537,38.75418475],[-77.30219337,38.75390475],[-77.30115237,38.75337275],[-77.30091346,38.75323106],[-77.30050383,38.75299497],[-77.29933272,38.75214406],[-77.29622302,38.74978901],[-77.29502451,38.74890482],[-77.2935667,38.74780239],[-77.29285756,38.74722391],[-77.29241769,38.74689809],[-77.2901222,38.74515264],[-77.28882689,38.74419599],[-77.28804095,38.74360158],[-77.28748113,38.74311385],[-77.28708438,38.74272942],[-77.28621379,38.74361974],[-77.28524931,38.74466973],[-77.28455395,38.74535591],[-77.28422421,38.74577813],[-77.28299078,38.7471768],[-77.28233995,38.74778636],[-77.28178639,38.7475352],[-77.28140822,38.74721759],[-77.2810013,38.7470263],[-77.28086221,38.74701052],[-77.28032835,38.74666044],[-77.28002345,38.74674943],[-77.27988535,38.74651874],[-77.27960013,38.74653918],[-77.27922596,38.74648214],[-77.27913352,38.74627166],[-77.27868158,38.74622323],[-77.27841218,38.74589474],[-77.27819346,38.74590249],[-77.27803095,38.74604396],[-77.27789175,38.74592494],[-77.27755916,38.74590809],[-77.27718582,38.74574105],[-77.27690375,38.74567366],[-77.27665533,38.74538992],[-77.27663866,38.74511459],[-77.27679213,38.74488378],[-77.27678924,38.74468772],[-77.2769214,38.74431121],[-77.27678963,38.74391143],[-77.27667258,38.7437797],[-77.27654857,38.74323302],[-77.2760548,38.74297371],[-77.27569241,38.74293146],[-77.27547636,38.7428454],[-77.27483003,38.74278919],[-77.27453709,38.74299494],[-77.27383407,38.74286807],[-77.27338613,38.7429046],[-77.27283279,38.74284797],[-77.27243368,38.7429015],[-77.27217043,38.74301139],[-77.27224992,38.74328698],[-77.27209665,38.74342825],[-77.271902,38.74342483],[-77.27151104,38.74330946],[-77.27100559,38.74301566],[-77.27048752,38.74305007],[-77.27006041,38.74289448],[-77.26980134,38.7430676],[-77.26942014,38.74320235],[-77.2690012,38.74318421],[-77.26854177,38.74327693],[-77.26818535,38.7431935],[-77.26793423,38.74331176],[-77.26765209,38.74329506],[-77.26742095,38.74337368],[-77.26714206,38.74337212],[-77.26692158,38.74344261],[-77.26635734,38.74350949],[-77.26620345,38.74358342],[-77.26535393,38.74330659],[-77.26528866,38.74312319],[-77.26497026,38.74276677],[-77.2648356,38.74243701],[-77.26471249,38.74235329],[-77.26427564,38.74235693],[-77.26401297,38.74215424],[-77.26348167,38.74195883],[-77.26320664,38.74181042],[-77.26284531,38.74151743],[-77.26156574,38.74034518],[-77.26088925,38.73948252],[-77.26035532,38.73917366],[-77.25939209,38.73890356],[-77.25769244,38.73884224],[-77.25643462,38.73881808],[-77.25584467,38.73855191],[-77.25522826,38.73807458],[-77.25483879,38.73789864],[-77.25437412,38.73755164],[-77.25431843,38.73756218],[-77.25396659,38.73717731],[-77.25382367,38.73708067],[-77.25362825,38.73672355],[-77.25324604,38.7367047],[-77.25294804,38.73655802],[-77.2522793,38.73650602],[-77.25227979,38.73651339],[-77.2523489,38.73734088],[-77.25244895,38.73804082],[-77.25248078,38.73863157],[-77.25242367,38.73889184],[-77.25229323,38.73913485],[-77.25179062,38.73981053],[-77.25159961,38.74010919],[-77.25143212,38.74046577],[-77.25124447,38.74097454],[-77.25070678,38.74306269],[-77.25058657,38.74453194],[-77.25068371,38.74499569],[-77.25086305,38.74555397],[-77.25142604,38.74545945],[-77.25227917,38.74539988],[-77.25334798,38.74543871],[-77.25410345,38.7455511],[-77.25501841,38.74576815],[-77.2555656,38.74596069],[-77.25617827,38.74621983],[-77.25662657,38.74645388],[-77.25721281,38.74682258],[-77.25820571,38.74760338],[-77.25878244,38.74811751],[-77.25947808,38.74865075],[-77.25975572,38.74881845],[-77.26040579,38.74914799],[-77.26197835,38.74966851],[-77.26285641,38.74999633],[-77.26318348,38.75014532],[-77.26397549,38.75058344],[-77.26512911,38.75099789],[-77.26533792,38.75109071],[-77.26676342,38.75160275],[-77.2673358,38.75176255],[-77.26795811,38.75187345],[-77.26847607,38.75193518],[-77.26886524,38.75194064],[-77.26945501,38.75190427],[-77.27044568,38.75180208],[-77.27103122,38.75180822],[-77.2717096,38.75192242],[-77.27232023,38.75210182],[-77.27289089,38.75236318],[-77.27372466,38.75282501],[-77.27471222,38.75344603],[-77.27512977,38.75371569],[-77.27567647,38.75414979],[-77.27610796,38.75455384],[-77.27665418,38.75522272],[-77.27703154,38.75571683],[-77.27819649,38.7573313],[-77.2790562,38.7583357],[-77.27974695,38.75896488],[-77.28125398,38.76026846],[-77.28174614,38.76082141],[-77.28202208,38.76130209],[-77.28260101,38.76253147],[-77.28288987,38.76307819]]]},"properties":{"PREC_IDENT":850,"PREC_NAME":"SOUTH RUN","DISTRICT":"Springfield","cx":-77.29079229999533,"cy":38.757621901896734},"id":850},
{"type":"Feature","geometry":{"type":"Polygon","coordinates":[[[-77.25612965,38.72809201],[-77.25556217,38.72875952],[-77.25452816,38.72988894],[-77.253219,38.73007839],[-77.25214117,38.73024886],[-77.24953098,38.73060151],[-77.24933676,38.73131544],[-77.24942235,38.7316349],[-77.24963747,38.73196535],[-77.25000377,38.73267501],[-77.25008107,38.73306852],[-77.25027739,38.73347292],[-77.25056966,38.73380282],[-77.25109742,38.7345032],[-77.25159532,38.73510578],[-77.25191367,38.73554992],[-77.2521743,38.73608817],[-77.2522793,38.73650602],[-77.25294804,38.73655802],[-77.25324604,38.7367047],[-77.25362825,38.73672355],[-77.25382367,38.73708067],[-77.25396659,38.73717731],[-77.25431843,38.73756218],[-77.25437412,38.73755164],[-77.25483879,38.73789864],[-77.25522826,38.73807458],[-77.25584467,38.73855191],[-77.25643462,38.73881808],[-77.25769244,38.73884224],[-77.25939209,38.73890356],[-77.26035532,38.73917366],[-77.26088925,38.73948252],[-77.26156574,38.74034518],[-77.26284531,38.74151743],[-77.26320664,38.74181042],[-77.26348167,38.74195883],[-77.26401297,38.74215424],[-77.26427564,38.74235693],[-77.26471249,38.74235329],[-77.2648356,38.74243701],[-77.26497026,38.74276677],[-77.26528866,38.74312319],[-77.26535393,38.74330659],[-77.26620345,38.74358342],[-77.26635734,38.74350949],[-77.26692158,38.74344261],[-77.26714206,38.74337212],[-77.26742095,38.74337368],[-77.26765209,38.74329506],[-77.26793423,38.74331176],[-77.26818535,38.7431935],[-77.26854177,38.74327693],[-77.2690012,38.74318421],[-77.26942014,38.74320235],[-77.26980134,38.7430676],[-77.27006041,38.74289448],[-77.27048752,38.74305007],[-77.27100559,38.74301566],[-77.27151104,38.74330946],[-77.271902,38.74342483],[-77.27209665,38.74342825],[-77.27224992,38.74328698],[-77.27217043,38.74301139],[-77.27243368,38.7429015],[-77.27283279,38.74284797],[-77.27338613,38.7429046],[-77.27383407,38.74286807],[-77.27453709,38.74299494],[-77.27483003,38.74278919],[-77.27547636,38.7428454],[-77.27569241,38.74293146],[-77.2760548,38.74297371],[-77.27654857,38.74323302],[-77.27667258,38.7437797],[-77.27678963,38.74391143],[-77.2769214,38.74431121],[-77.27678924,38.74468772],[-77.27679213,38.74488378],[-77.27663866,38.74511459],[-77.27665533,38.74538992],[-77.27690375,38.74567366],[-77.27718582,38.74574105],[-77.27755916,38.74590809],[-77.27789175,38.74592494],[-77.27803095,38.74604396],[-77.27819346,38.74590249],[-77.27841218,38.74589474],[-77.27868158,38.74622323],[-77.27913352,38.74627166],[-77.27922596,38.74648214],[-77.27960013,38.74653918],[-77.27988535,38.74651874],[-77.28002345,38.74674943],[-77.28032835,38.74666044],[-77.28086221,38.74701052],[-77.2810013,38.7470263],[-77.28140822,38.74721759],[-77.28178639,38.7475352],[-77.28233995,38.74778636],[-77.28299078,38.7471768],[-77.28422421,38.74577813],[-77.28455395,38.74535591],[-77.28524931,38.74466973],[-77.28621379,38.74361974],[-77.28708438,38.74272942],[-77.28691905,38.74255333],[-77.28655266,38.74203191],[-77.28640695,38.74173245],[-77.28548256,38.7399956],[-77.28493774,38.73924577],[-77.28456849,38.73889593],[-77.28401382,38.73852221],[-77.28302059,38.73795857],[-77.28049477,38.7365936],[-77.28015181,38.73634975],[-77.27950436,38.73566061],[-77.27926721,38.73558675],[-77.27823832,38.73568175],[-77.27780597,38.73574727],[-77.27680926,38.73601147],[-77.27632719,38.73611354],[-77.27584342,38.73610986],[-77.27520788,38.73595905],[-77.27462355,38.73568383],[-77.27424598,38.73541489],[-77.2740596,38.73503672],[-77.27391806,38.73449564],[-77.27367188,38.73412921],[-77.27331119,38.73389888],[-77.27115126,38.73268309],[-77.27008922,38.73205408],[-77.26973457,38.73188147],[-77.26828989,38.73107817],[-77.26744898,38.73064094],[-77.26631061,38.72996853],[-77.2657581,38.72968261],[-77.26458481,38.72900433],[-77.26413922,38.72882113],[-77.26368552,38.72870239],[-77.26190683,38.72837055],[-77.26118081,38.72818713],[-77.26069152,38.72809957],[-77.2575784,38.72810368],[-77.25612965,38.72809201]]]},"properties":{"PREC_IDENT":839,"PREC_NAME":"SILVERBROOK","DISTRICT":"Springfield","cx":-77.2680621155863,"cy":38.73714195105996},"id":839},
{"type":"Feature","geometry":{"type":"Polygon","coordinates":[[[-77.22096085,38.73394619],[-77.22112262,38.73412003],[-77.22177205,38.73455648],[-77.22197232,38.73484526],[-77.22255846,38.73552259],[-77.22297019,38.73583125],[-77.22376812,38.73632424],[-77.22366552,38.73668106],[-77.22367223,38.73712441],[-77.22378546,38.73735229],[-77.22430009,38.73801199],[-77.22463027,38.73822203],[-77.22544072,38.73896313],[-77.22566337,38.7392014],[-77.22571854,38.73935944],[-77.2257966,38.73996639],[-77.2257849,38.74012279],[-77.22563153,38.74052668],[-77.22538962,38.74094255],[-77.22535431,38.74108017],[-77.22538066,38.74149319],[-77.22555448,38.74187275],[-77.22564004,38.74236449],[-77.2257466,38.74256969],[-77.225623,38.74321152],[-77.22554519,38.74331042],[-77.22467512,38.74368172],[-77.22435024,38.74373089],[-77.22382411,38.74403361],[-77.22373267,38.74437696],[-77.22336448,38.7451786],[-77.22325672,38.74549287],[-77.22281263,38.74571154],[-77.2226525,38.74586698],[-77.22259749,38.74624583],[-77.22265165,38.74629197],[-77.222679,38.74686531],[-77.2227284,38.74715484],[-77.22254599,38.74800124],[-77.22258614,38.74823587],[-77.22271734,38.74843321],[-77.22280856,38.74875028],[-77.22222184,38.74902825],[-77.22199512,38.74909982],[-77.22134523,38.74920768],[-77.22106443,38.74936049],[-77.22103599,38.74957295],[-77.22110776,38.7497949],[-77.22135422,38.74990582],[-77.22174199,38.74995875],[-77.22232843,38.75043769],[-77.22307527,38.75080037],[-77.22367766,38.75089982],[-77.22375755,38.75099708],[-77.22329832,38.75158624],[-77.22306644,38.75206625],[-77.22305521,38.7522612],[-77.22328914,38.75248174],[-77.22374507,38.75258897],[-77.22394448,38.75256849],[-77.22414508,38.75239896],[-77.22435695,38.75236603],[-77.22455698,38.75245592],[-77.22502016,38.75247128],[-77.22536136,38.75256347],[-77.2258334,38.75275622],[-77.22618471,38.75308981],[-77.22649378,38.75325547],[-77.22660483,38.75340411],[-77.22656896,38.75366781],[-77.22661876,38.75390571],[-77.22620361,38.75416027],[-77.22607179,38.7543617],[-77.2259736,38.75465402],[-77.22542751,38.7549447],[-77.22526829,38.75516561],[-77.2252267,38.75566304],[-77.22500569,38.75590364],[-77.22509086,38.75603679],[-77.22533417,38.7561627],[-77.22534736,38.75644923],[-77.22553306,38.75664577],[-77.22573769,38.75667353],[-77.22621793,38.75705865],[-77.22656549,38.75741555],[-77.22692627,38.75750645],[-77.22820295,38.75711268],[-77.22880121,38.75699697],[-77.22959799,38.75695892],[-77.23035848,38.7569905],[-77.23159083,38.75711231],[-77.23209936,38.75711232],[-77.23259114,38.75706821],[-77.23321712,38.75697062],[-77.23324801,38.7571214],[-77.23388835,38.75693875],[-77.23522335,38.75647275],[-77.23617935,38.75605175],[-77.23671235,38.75572775],[-77.23752935,38.75508875],[-77.23876035,38.75379675],[-77.23909235,38.75348975],[-77.23994135,38.75282175],[-77.24086435,38.75212675],[-77.24145635,38.75170275],[-77.24281935,38.75060975],[-77.24400763,38.74967574],[-77.24397849,38.74965553],[-77.2450524,38.74880339],[-77.24634847,38.74767763],[-77.24661142,38.74727814],[-77.24724614,38.74647209],[-77.24753493,38.7461992],[-77.24847332,38.74567373],[-77.24808792,38.74525221],[-77.24783148,38.74507784],[-77.2474445,38.74494876],[-77.24694027,38.74470721],[-77.24644406,38.74440807],[-77.24549085,38.74377314],[-77.24402873,38.74296661],[-77.24369078,38.74284216],[-77.24331672,38.74277774],[-77.24280483,38.742775],[-77.24209417,38.74291017],[-77.24140874,38.74320625],[-77.24125752,38.74323209],[-77.24055076,38.74354442],[-77.23995114,38.7437453],[-77.23912407,38.74391902],[-77.23857311,38.74394467],[-77.23788679,38.7438906],[-77.23763769,38.74389891],[-77.23673079,38.74382598],[-77.23519206,38.74359244],[-77.23450736,38.74344637],[-77.23382744,38.74322896],[-77.23338699,38.74295233],[-77.23299389,38.74257599],[-77.23259688,38.74202385],[-77.2321213,38.74155325],[-77.23153532,38.74078212],[-77.23138009,38.74063765],[-77.23094337,38.74035007],[-77.23023765,38.74000741],[-77.22965252,38.73958641],[-77.22932959,38.73920944],[-77.22913638,38.73883387],[-77.22895834,38.73819485],[-77.22871658,38.73778855],[-77.22847211,38.737536],[-77.22816754,38.73731164],[-77.22778887,38.73711393],[-77.2274509,38.73699355],[-77.2268889,38.73685289],[-77.22642255,38.73665697],[-77.22598975,38.73634883],[-77.22569283,38.73608884],[-77.22390891,38.73466755],[-77.22361218,38.73439794],[-77.22313195,38.73387727],[-77.22114157,38.73403872],[-77.22096318,38.73394588],[-77.22096085,38.73394619]]]},"properties":{"PREC_IDENT":806,"PREC_NAME":"SYDENSTRICKER","DISTRICT":"Springfield","cx":-77.23232586304317,"cy":38.74926507157376},"id":806},
{"type":"Feature","geometry":{"type":"Polygon","coordinates":[[[-77.24592116,38.77513085],[-77.24641535,38.77488375],[-77.24703835,38.77463775],[-77.24767635,38.77443675],[-77.24916535,38.77412275],[-77.24891335,38.77335175],[-77.24877835,38.77284475],[-77.24874135,38.77246675],[-77.24876935,38.77197975],[-77.24895035,38.77130875],[-77.24928535,38.77068575],[-77.24970435,38.77018475],[-77.25007035,38.76985375],[-77.25038235,38.76963375],[-77.25219735,38.76848675],[-77.25279335,38.76815075],[-77.25327135,38.76776375],[-77.25354635,38.76734575],[-77.25376106,38.76643113],[-77.25372592,38.76631699],[-77.25270312,38.76623609],[-77.25078856,38.76620335],[-77.25013094,38.76610023],[-77.24932579,38.76580743],[-77.24855362,38.7656358],[-77.24815471,38.76538027],[-77.24787915,38.76509037],[-77.24702958,38.76432887],[-77.24674026,38.76402508],[-77.24615315,38.7634998],[-77.24573358,38.76322345],[-77.24510465,38.76268398],[-77.24497831,38.76248766],[-77.24432701,38.76122161],[-77.24422663,38.76094455],[-77.24394028,38.76047191],[-77.24340559,38.7599609],[-77.24285591,38.75950465],[-77.24230846,38.75912257],[-77.24145049,38.7586479],[-77.24056255,38.75848322],[-77.24005796,38.75825811],[-77.23967862,38.75789018],[-77.23863068,38.75705096],[-77.23779585,38.75645981],[-77.23795631,38.75630913],[-77.23829308,38.75610405],[-77.23957903,38.75576913],[-77.24043957,38.75549416],[-77.24107192,38.75523184],[-77.2418147,38.75467138],[-77.2428489,38.75409069],[-77.24356175,38.75363562],[-77.24397006,38.75334891],[-77.24434821,38.7529483],[-77.24454817,38.75277706],[-77.24473176,38.75250579],[-77.24502156,38.75197615],[-77.24516592,38.75154107],[-77.24515279,38.75108783],[-77.24504831,38.75084505],[-77.24458669,38.75017007],[-77.2442037,38.74981172],[-77.24400763,38.74967574],[-77.24281935,38.75060975],[-77.24145635,38.75170275],[-77.24086435,38.75212675],[-77.23994135,38.75282175],[-77.23909235,38.75348975],[-77.23876035,38.75379675],[-77.23752935,38.75508875],[-77.23671235,38.75572775],[-77.23617935,38.75605175],[-77.23522335,38.75647275],[-77.23388835,38.75693875],[-77.23324801,38.7571214],[-77.23321712,38.75697062],[-77.23259114,38.75706821],[-77.23209936,38.75711232],[-77.23159083,38.75711231],[-77.23035848,38.7569905],[-77.22959799,38.75695892],[-77.22880121,38.75699697],[-77.22820295,38.75711268],[-77.22692627,38.75750645],[-77.22723217,38.75775807],[-77.22729688,38.75809751],[-77.22725971,38.75824144],[-77.22689276,38.759095],[-77.22684798,38.75927735],[-77.22706368,38.76030605],[-77.22719711,38.76052458],[-77.22721439,38.76090975],[-77.22738075,38.76127618],[-77.22756101,38.76137856],[-77.22806577,38.76122852],[-77.22866365,38.76123098],[-77.22914243,38.7611375],[-77.22946651,38.76099841],[-77.22958774,38.76081093],[-77.23014899,38.76029231],[-77.23093081,38.76016013],[-77.23125804,38.76007258],[-77.23144598,38.76019692],[-77.23161453,38.76046987],[-77.23156856,38.76077704],[-77.23145439,38.76091194],[-77.23139872,38.76124503],[-77.23154649,38.76144171],[-77.23159278,38.76178311],[-77.23145286,38.76184897],[-77.23133131,38.76212643],[-77.23148694,38.76230638],[-77.23135042,38.7626123],[-77.23131188,38.76297607],[-77.23148375,38.76310653],[-77.23207281,38.7630989],[-77.2322113,38.76317043],[-77.23283693,38.76290249],[-77.23344555,38.76290511],[-77.23369728,38.76283563],[-77.23393555,38.76265872],[-77.2342837,38.76287967],[-77.23457646,38.76321066],[-77.23482646,38.76370306],[-77.23471369,38.76420479],[-77.23449146,38.76459621],[-77.2342559,38.76518923],[-77.23439652,38.7654258],[-77.2343633,38.76575173],[-77.23450441,38.76589227],[-77.23473406,38.76591974],[-77.23506927,38.76585586],[-77.23526252,38.7657093],[-77.23562857,38.76569057],[-77.23649419,38.76608083],[-77.23708674,38.76599973],[-77.23730828,38.76609949],[-77.23780028,38.76609127],[-77.23808284,38.76600825],[-77.23845999,38.76603291],[-77.23880111,38.76615433],[-77.23929421,38.7665915],[-77.23945199,38.76661913],[-77.24035375,38.7671194],[-77.24054229,38.7673374],[-77.24041668,38.76761984],[-77.24041418,38.76787626],[-77.24032524,38.76821563],[-77.24010842,38.7686965],[-77.23978494,38.76885886],[-77.23955179,38.76886843],[-77.23930643,38.76906604],[-77.23908072,38.76911148],[-77.23886503,38.76937366],[-77.23883326,38.7695509],[-77.23902939,38.76991201],[-77.23952169,38.77021874],[-77.23977803,38.7703011],[-77.24003171,38.77049709],[-77.24051382,38.77064908],[-77.24080262,38.77083279],[-77.24132378,38.77145523],[-77.24175422,38.77225693],[-77.2420387,38.77243375],[-77.24223184,38.77284238],[-77.24245027,38.77310518],[-77.24259456,38.77337112],[-77.24277524,38.77350212],[-77.24308812,38.77356801],[-77.24357474,38.77393521],[-77.24407529,38.77424203],[-77.24420281,38.77448857],[-77.24412408,38.77483227],[-77.24420887,38.77500453],[-77.24456942,38.77511546],[-77.24485083,38.77511153],[-77.24538152,38.77501071],[-77.24592116,38.77513085]]]},"properties":{"PREC_IDENT":807,"PREC_NAME":"HUNT VALLEY","DISTRICT":"Springfield","cx":-77.2446542393334,"cy":38.76775174659655},"id":807},
{"type":"Feature","geometry":{"type":"Polygon","coordinates":[[[-77.26353515,38.77250532],[-77.26250976,38.77176209],[-77.25981658,38.76988554],[-77.25905019,38.76937491],[-77.25863525,38.76902863],[-77.2576999,38.76835006],[-77.25656973,38.76758016],[-77.25548501,38.76682035],[-77.25510637,38.76660763],[-77.25466337,38.76646563],[-77.25372592,38.76631699],[-77.25376106,38.76643113],[-77.25354635,38.76734575],[-77.25327135,38.76776375],[-77.25279335,38.76815075],[-77.25219735,38.76848675],[-77.25038235,38.76963375],[-77.25007035,38.76985375],[-77.24970435,38.77018475],[-77.24928535,38.77068575],[-77.24895035,38.77130875],[-77.24876935,38.77197975],[-77.24874135,38.77246675],[-77.24877835,38.77284475],[-77.24891335,38.77335175],[-77.24916535,38.77412275],[-77.24767635,38.77443675],[-77.24703835,38.77463775],[-77.24641535,38.77488375],[-77.24592116,38.77513085],[-77.24599437,38.77516851],[-77.24665416,38.77553701],[-77.24685173,38.77583457],[-77.24735178,38.77616953],[-77.24731312,38.77635466],[-77.24711376,38.7765173],[-77.24714438,38.77669602],[-77.24752035,38.77702156],[-77.2478391,38.77711885],[-77.24861578,38.77710907],[-77.24909196,38.77719843],[-77.24950669,38.77733346],[-77.25001284,38.77767607],[-77.25007952,38.77804571],[-77.24989071,38.7782976],[-77.24957817,38.77846146],[-77.24945032,38.77869342],[-77.24949713,38.77890412],[-77.24961605,38.77899143],[-77.24996472,38.77908459],[-77.25017684,38.7792913],[-77.25028634,38.77960773],[-77.2504691,38.77971395],[-77.25131871,38.78000466],[-77.25184425,38.78031402],[-77.25191652,38.78059484],[-77.25234721,38.7807054],[-77.25279664,38.78065029],[-77.25323969,38.78076176],[-77.2535302,38.78087932],[-77.25366769,38.7812579],[-77.25423284,38.78169271],[-77.2542731,38.7819104],[-77.25419833,38.78214444],[-77.25423503,38.78244051],[-77.25396492,38.78261679],[-77.25402578,38.78290888],[-77.25388087,38.78343949],[-77.25387475,38.78377623],[-77.25394113,38.78394213],[-77.25491984,38.78281038],[-77.2557714,38.78180703],[-77.25914324,38.77789971],[-77.25979971,38.77711797],[-77.26199353,38.77456653],[-77.26200564,38.77457213],[-77.26317979,38.77319954],[-77.26344541,38.77263148],[-77.26353515,38.77250532]]]},"properties":{"PREC_IDENT":811,"PREC_NAME":"POHICK","DISTRICT":"Springfield","cx":-77.25484349926195,"cy":38.774258996374236},"id":811},
{"type":"Feature","geometry":{"type":"Polygon","coordinates":[[[-77.21879902,38.79261399],[-77.21889681,38.79270793],[-77.21868828,38.79324628],[-77.21878572,38.79376702],[-77.21904135,38.79390476],[-77.21936635,38.79426376],[-77.21995735,38.79471576],[-77.22077035,38.79528476],[-77.22123935,38.79554576],[-77.22201335,38.79584376],[-77.22299135,38.79615976],[-77.22364335,38.79625576],[-77.22403235,38.79626576],[-77.22501335,38.79617576],[-77.22631435,38.79589376],[-77.22702935,38.79577276],[-77.22742635,38.79573376],[-77.22778335,38.79564276],[-77.22841635,38.79560276],[-77.22904635,38.79571976],[-77.22935135,38.79605876],[-77.22951235,38.79639076],[-77.22969135,38.79713576],[-77.22999235,38.79765876],[-77.23007235,38.79788976],[-77.22977035,38.79813576],[-77.2295431,38.79843647],[-77.22942085,38.79874814],[-77.22931641,38.79923795],[-77.22917412,38.79951923],[-77.22915629,38.79969215],[-77.2293435,38.80004063],[-77.22924566,38.80051001],[-77.22934615,38.80065254],[-77.2291626,38.80120139],[-77.22924138,38.8014997],[-77.22915412,38.80189926],[-77.22985996,38.8021468],[-77.23020863,38.80245776],[-77.23055937,38.80270494],[-77.2306907,38.80271598],[-77.23105043,38.80310584],[-77.23121324,38.80322317],[-77.23130611,38.80340087],[-77.23148652,38.80345382],[-77.23191507,38.80385259],[-77.23233655,38.8044983],[-77.23231892,38.80477869],[-77.23241974,38.80493169],[-77.23305504,38.80556542],[-77.2333174,38.8058882],[-77.23330804,38.80606099],[-77.23312873,38.80632588],[-77.23322335,38.80671076],[-77.23318941,38.8068632],[-77.23288635,38.80705976],[-77.23278835,38.80741876],[-77.23245535,38.80780376],[-77.23189635,38.80809576],[-77.23174365,38.8084376],[-77.23175267,38.80859633],[-77.23149935,38.80900776],[-77.23131381,38.80917801],[-77.23096118,38.80937117],[-77.23040958,38.80989681],[-77.23020943,38.81026245],[-77.230295,38.81051392],[-77.23026578,38.81121547],[-77.23147801,38.81119755],[-77.23488565,38.81110861],[-77.23488693,38.81094465],[-77.23624644,38.81087418],[-77.23831052,38.81085383],[-77.24026104,38.81090499],[-77.24221016,38.81083528],[-77.24512201,38.81070445],[-77.2474651,38.81058394],[-77.24884863,38.81054378],[-77.24970515,38.81053507],[-77.25099916,38.8105969],[-77.25410435,38.81064914],[-77.2565035,38.81073501],[-77.25644065,38.81031145],[-77.25622576,38.80995219],[-77.25600479,38.80974115],[-77.25546817,38.80891027],[-77.25484557,38.80797825],[-77.25463151,38.80757231],[-77.25435445,38.80715609],[-77.25390404,38.80641537],[-77.25349719,38.80579456],[-77.25240849,38.80422186],[-77.25121231,38.80257661],[-77.2508122,38.80197372],[-77.24909757,38.79947439],[-77.24879898,38.79908951],[-77.24866971,38.79885472],[-77.24849904,38.7983792],[-77.24817387,38.79710294],[-77.24792445,38.79631353],[-77.24763539,38.79578915],[-77.24762959,38.79577816],[-77.24039035,38.79599724],[-77.23888449,38.79605037],[-77.23813691,38.79603033],[-77.23769078,38.7959935],[-77.2371556,38.79588788],[-77.23718802,38.79576272],[-77.23660746,38.79559384],[-77.23623382,38.79545104],[-77.23054034,38.79276668],[-77.22988732,38.79250319],[-77.22887042,38.79225308],[-77.22851735,38.79220554],[-77.22849221,38.7923307],[-77.22800332,38.7923005],[-77.22716284,38.79229284],[-77.21879902,38.79261399]]]},"properties":{"PREC_IDENT":108,"PREC_NAME":"KINGS PARK","DISTRICT":"Braddock","cx":-77.23938694496044,"cy":38.802762975943544},"id":108},
{"type":"Feature","geometry":{"type":"Polygon","coordinates":[[[-77.27278562,38.79646711],[-77.27238258,38.79691118],[-77.27193857,38.79722645],[-77.27166579,38.79737737],[-77.27104782,38.79760431],[-77.26855342,38.79859556],[-77.26796981,38.79886404],[-77.26755496,38.79911369],[-77.26677743,38.79963962],[-77.26643265,38.7998955],[-77.26575885,38.80051039],[-77.26660179,38.80108082],[-77.2671334,38.80138984],[-77.26744496,38.80163889],[-77.26759585,38.80184368],[-77.26773354,38.80220486],[-77.26769323,38.80271382],[-77.26697369,38.80415205],[-77.26685328,38.80462448],[-77.26696796,38.80509937],[-77.26729776,38.80551337],[-77.26757865,38.80570992],[-77.26793366,38.80588253],[-77.26824806,38.80596684],[-77.26859838,38.80600347],[-77.2690624,38.80595891],[-77.26930193,38.80672619],[-77.269325,38.80701889],[-77.26925011,38.8072927],[-77.26911299,38.80751232],[-77.26839334,38.80834231],[-77.26820162,38.80867531],[-77.26817258,38.80893588],[-77.26825111,38.81049645],[-77.26768212,38.81052068],[-77.26735486,38.81057079],[-77.2668991,38.81074587],[-77.26661853,38.81093789],[-77.26607273,38.81145115],[-77.26607665,38.81152531],[-77.26646836,38.81174376],[-77.26757236,38.81261876],[-77.26797536,38.81305276],[-77.26814436,38.81330876],[-77.26855536,38.81375176],[-77.26944936,38.81465876],[-77.26983936,38.81497376],[-77.26978482,38.81503534],[-77.27051311,38.81551932],[-77.27108701,38.81582602],[-77.27226359,38.81639853],[-77.27301452,38.81682104],[-77.2739801,38.81741878],[-77.27470765,38.81592156],[-77.27492936,38.81527032],[-77.27503409,38.81468651],[-77.27500384,38.81460793],[-77.2751179,38.81368234],[-77.27530145,38.81303077],[-77.2758146,38.81234405],[-77.276581,38.81144586],[-77.27696281,38.81107775],[-77.27734737,38.81062369],[-77.27759436,38.81030476],[-77.27813136,38.80951276],[-77.27881436,38.80858176],[-77.27934337,38.80777376],[-77.27969436,38.80717476],[-77.28005937,38.80664776],[-77.28041137,38.80625076],[-77.28064936,38.80605976],[-77.28146437,38.80558176],[-77.28192037,38.80518976],[-77.28216237,38.80489576],[-77.28266337,38.80416376],[-77.28503413,38.80159582],[-77.28516001,38.80141452],[-77.28551337,38.80107376],[-77.2859039,38.80079612],[-77.28661225,38.80041077],[-77.28717703,38.80021478],[-77.28787437,38.80006576],[-77.28906837,38.79989976],[-77.28991037,38.79976676],[-77.29118537,38.79958776],[-77.29201442,38.79948619],[-77.29262691,38.79937304],[-77.29350222,38.79928182],[-77.29548277,38.79898912],[-77.29707398,38.79868554],[-77.29783474,38.79851897],[-77.29827219,38.79849411],[-77.29826829,38.79838942],[-77.30039731,38.79786342],[-77.30150024,38.79741152],[-77.30148243,38.79740877],[-77.30094156,38.79732816],[-77.30000577,38.79727674],[-77.29946553,38.79729434],[-77.29606854,38.79747686],[-77.29264667,38.79765112],[-77.2856672,38.79802544],[-77.27931167,38.79836031],[-77.27836259,38.79841479],[-77.2776711,38.79836081],[-77.27693674,38.79824338],[-77.27601409,38.79787542],[-77.27447161,38.79723002],[-77.27401987,38.79702561],[-77.27278562,38.79646711]]]},"properties":{"PREC_IDENT":118,"PREC_NAME":"LAKE BRADDOCK","DISTRICT":"Braddock","cx":-77.27540972099455,"cy":38.803888868608084},"id":118},
{"type":"Feature","geometry":{"type":"Polygon","coordinates":[[[-77.21578135,38.92194278],[-77.21645935,38.92170978],[-77.21675935,38.92155178],[-77.21886135,38.92073178],[-77.21887635,38.92109478],[-77.21882135,38.92230878],[-77.21902035,38.92277278],[-77.21879335,38.92289978],[-77.21791935,38.92358078],[-77.21767835,38.92391478],[-77.21769535,38.92421778],[-77.21788635,38.92447278],[-77.21895335,38.92521678],[-77.22278635,38.92786778],[-77.22314935,38.92808978],[-77.22369035,38.92835578],[-77.22426936,38.92856778],[-77.22489236,38.92872678],[-77.22582636,38.92884678],[-77.22647336,38.92885278],[-77.22758736,38.92873778],[-77.22818236,38.92856878],[-77.22854136,38.92839878],[-77.23000136,38.92744678],[-77.23023336,38.92732178],[-77.23117336,38.92671378],[-77.2312011,38.9267524],[-77.23320205,38.92557229],[-77.2340583,38.92645336],[-77.23410577,38.92655273],[-77.23441676,38.92680705],[-77.2352909,38.92769604],[-77.23564765,38.92800743],[-77.23599793,38.92823879],[-77.23630841,38.92849432],[-77.23653549,38.92891645],[-77.23602573,38.92915797],[-77.23495329,38.92989112],[-77.23475138,38.93015487],[-77.23460987,38.93047627],[-77.23444443,38.93106301],[-77.23410905,38.93147969],[-77.23366638,38.93173962],[-77.23339098,38.93180604],[-77.23275136,38.93185879],[-77.23288136,38.93263379],[-77.23301236,38.93322879],[-77.23303936,38.93350779],[-77.23361317,38.93354414],[-77.23512589,38.93368949],[-77.23604462,38.93382569],[-77.23706902,38.93395066],[-77.23812181,38.93406082],[-77.23934604,38.93421812],[-77.24001926,38.93432145],[-77.24142633,38.93447794],[-77.2423471,38.93449878],[-77.24311037,38.93447948],[-77.24382849,38.93442812],[-77.24479743,38.93430804],[-77.24556283,38.93416656],[-77.24658704,38.93392419],[-77.24615215,38.9334383],[-77.24561389,38.93294081],[-77.24513894,38.93244115],[-77.24437394,38.93170974],[-77.24297124,38.93024017],[-77.24249423,38.92971827],[-77.24119199,38.92840137],[-77.24058912,38.92774961],[-77.23969773,38.92686271],[-77.23940796,38.92654794],[-77.23879287,38.92594272],[-77.23689366,38.92399877],[-77.23640373,38.92347452],[-77.23536807,38.92240206],[-77.23402096,38.92105301],[-77.2336176,38.92060519],[-77.23299497,38.92003418],[-77.23229803,38.9194912],[-77.23179088,38.91914935],[-77.23140671,38.91883613],[-77.23055293,38.91814331],[-77.23014111,38.91777777],[-77.22971122,38.91744086],[-77.22895029,38.91694247],[-77.22867187,38.91678568],[-77.22771253,38.91617805],[-77.22730524,38.91595534],[-77.22621102,38.9152254],[-77.22542211,38.9147212],[-77.22463624,38.91424448],[-77.2240179,38.91383411],[-77.22321416,38.91337504],[-77.22174528,38.9125696],[-77.22141152,38.91236551],[-77.22044612,38.91183031],[-77.21952085,38.91136735],[-77.21833735,38.91072424],[-77.2178629,38.91043457],[-77.21789014,38.91176917],[-77.21784853,38.91310363],[-77.21773799,38.91443568],[-77.21763865,38.91523286],[-77.21746779,38.91629239],[-77.2172532,38.91734706],[-77.21692382,38.91865687],[-77.216527,38.91995522],[-77.21616142,38.92098423],[-77.21578135,38.92194278]]]},"properties":{"PREC_IDENT":731,"PREC_NAME":"TYSONS","DISTRICT":"Providence","cx":-77.22710785586378,"cy":38.92260205092868},"id":731},
{"type":"Feature","geometry":{"type":"Polygon","coordinates":[[[-77.13287895,38.74125336],[-77.13621665,38.74367309],[-77.13889726,38.74562379],[-77.1428578,38.74851195],[-77.14415794,38.74762764],[-77.14471124,38.74729627],[-77.14574957,38.74671923],[-77.14740163,38.7457648],[-77.14889443,38.74488541],[-77.14962205,38.74441871],[-77.15022452,38.74407964],[-77.15067914,38.74395855],[-77.15688962,38.74262112],[-77.15767612,38.74256423],[-77.1580173,38.74250772],[-77.15868011,38.74231484],[-77.16060869,38.74155974],[-77.16133358,38.74129966],[-77.16144539,38.74144298],[-77.16204628,38.74118484],[-77.16285232,38.74064207],[-77.16344288,38.74018471],[-77.16325272,38.74004947],[-77.16428233,38.73934375],[-77.16483132,38.73910175],[-77.16650232,38.73861775],[-77.16686033,38.73848575],[-77.16720833,38.73828175],[-77.16771133,38.73788075],[-77.16811033,38.73747775],[-77.16836033,38.73710475],[-77.16863233,38.73629575],[-77.16886133,38.73589575],[-77.17021433,38.73419775],[-77.17081133,38.73356875],[-77.16990733,38.73314575],[-77.16921233,38.73276875],[-77.16759533,38.73203075],[-77.16820733,38.73154175],[-77.16914833,38.73118375],[-77.16945233,38.73080575],[-77.16942533,38.73058975],[-77.16962933,38.73039275],[-77.16977633,38.73011475],[-77.16996033,38.72995775],[-77.17026333,38.72987275],[-77.17082833,38.72959475],[-77.17091233,38.72958875],[-77.17174933,38.72919275],[-77.17183733,38.72900775],[-77.17203533,38.72890075],[-77.17195633,38.72870875],[-77.17208733,38.72837875],[-77.17205933,38.72825775],[-77.17223333,38.72781675],[-77.17227633,38.72741875],[-77.17241633,38.72721575],[-77.17250233,38.72689975],[-77.17242033,38.72677675],[-77.17252733,38.72656875],[-77.17239333,38.72605175],[-77.17263033,38.72556775],[-77.17282933,38.72544075],[-77.17274033,38.72527575],[-77.17293633,38.72523275],[-77.17300233,38.72499175],[-77.17322533,38.72487075],[-77.17310633,38.72468275],[-77.17318333,38.72446675],[-77.17332633,38.72432574],[-77.17321133,38.72406875],[-77.17322533,38.72393275],[-77.17340633,38.72387074],[-77.17349933,38.72352974],[-77.17353533,38.72287374],[-77.17364933,38.72282474],[-77.17388833,38.72239675],[-77.17376533,38.72228474],[-77.17391733,38.72198275],[-77.17870933,38.72287774],[-77.17937433,38.72306774],[-77.17994733,38.72336074],[-77.18055933,38.72378274],[-77.18219033,38.72496974],[-77.18233433,38.72508675],[-77.18271733,38.72480374],[-77.18300333,38.72450775],[-77.18337933,38.72419374],[-77.18410233,38.72371374],[-77.18513733,38.72318074],[-77.18560533,38.72302274],[-77.18622833,38.72277474],[-77.18801333,38.72226074],[-77.18841533,38.72211574],[-77.18877233,38.72193974],[-77.18906833,38.72172574],[-77.19045633,38.72040574],[-77.19116833,38.71971774],[-77.18997433,38.71900074],[-77.18856433,38.71818274],[-77.18820633,38.71793474],[-77.18805533,38.71773274],[-77.18763833,38.71669174],[-77.18857633,38.71605174],[-77.18840633,38.71362574],[-77.18691333,38.71278374],[-77.18554633,38.71209274],[-77.18350033,38.71085574],[-77.18324833,38.71067674],[-77.18277733,38.71025574],[-77.18095833,38.70845674],[-77.18069833,38.70829174],[-77.18067433,38.70817574],[-77.18005533,38.70757974],[-77.17995112,38.70740844],[-77.17802361,38.70749822],[-77.17336716,38.70761585],[-77.1720068,38.70764437],[-77.1676904,38.70775601],[-77.16464666,38.70784356],[-77.16388461,38.7079255],[-77.16097491,38.70834264],[-77.16036372,38.7084153],[-77.15848021,38.70868071],[-77.15770845,38.70871856],[-77.1555387,38.7087335],[-77.15480556,38.70876765],[-77.15402559,38.70886991],[-77.15210288,38.70916773],[-77.15146238,38.70930728],[-77.14979535,38.70980023],[-77.1488447,38.71003093],[-77.14649713,38.71055306],[-77.14577169,38.71073554],[-77.14511942,38.71094082],[-77.14426785,38.71130582],[-77.1439705,38.71146165],[-77.14335319,38.71185682],[-77.14267368,38.71238994],[-77.14224052,38.71268425],[-77.14027032,38.71408174],[-77.13948031,38.71449774],[-77.13893832,38.71471974],[-77.13844332,38.71486975],[-77.13700231,38.71518575],[-77.13616632,38.71539275],[-77.13530131,38.71568975],[-77.13417431,38.71619575],[-77.13301431,38.71675274],[-77.13254331,38.71701275],[-77.13145631,38.71754075],[-77.13042531,38.71809175],[-77.13007031,38.71823275],[-77.12923031,38.71864075],[-77.12894631,38.71875075],[-77.12847831,38.71899975],[-77.12699131,38.71971475],[-77.12590631,38.72025575],[-77.12535431,38.72050375],[-77.12363931,38.72134075],[-77.12270431,38.72184775],[-77.12198131,38.72219175],[-77.12241931,38.72270575],[-77.12248231,38.72305275],[-77.12274731,38.72402375],[-77.12271631,38.72416475],[-77.12254631,38.72433575],[-77.12261631,38.72459175],[-77.12305231,38.72545175],[-77.12319831,38.72559975],[-77.12496031,38.72644075],[-77.12506631,38.72650875],[-77.12559231,38.72720775],[-77.12587631,38.72749775],[-77.12621231,38.72844975],[-77.12634231,38.72874275],[-77.12673631,38.72861575],[-77.12681931,38.72853575],[-77.12843931,38.72811175],[-77.13020331,38.72770075],[-77.13114531,38.72744075],[-77.13154131,38.72720575],[-77.13215031,38.72677075],[-77.13225731,38.72696875],[-77.13235331,38.72736975],[-77.13281031,38.72891775],[-77.13305032,38.72983375],[-77.13308032,38.73009675],[-77.13327432,38.73045675],[-77.13329432,38.73073875],[-77.13314832,38.73116675],[-77.13289532,38.73148775],[-77.13276831,38.73183775],[-77.13277832,38.73204275],[-77.13290431,38.73237375],[-77.13306532,38.73309475],[-77.13304732,38.73323275],[-77.13283632,38.73356875],[-77.13261832,38.73420675],[-77.13245031,38.73449175],[-77.13242232,38.73465375],[-77.13260631,38.73474375],[-77.13261832,38.73488375],[-77.13243931,38.73513575],[-77.13245032,38.73535875],[-77.13229331,38.73554975],[-77.13226032,38.73591875],[-77.13201931,38.73613675],[-77.13191132,38.73631375],[-77.13158532,38.73658375],[-77.13147732,38.73688775],[-77.13123531,38.73732675],[-77.13114631,38.73767275],[-77.13125731,38.73818275],[-77.13136932,38.73842175],[-77.13179232,38.73898975],[-77.13212331,38.73937475],[-77.13224307,38.73983988],[-77.13287895,38.74125336]]]},"properties":{"PREC_IDENT":635,"PREC_NAME":"WOODLAWN #2","DISTRICT":"Mount Vernon","cx":-77.15448029214582,"cy":38.72451435776133},"id":635},
{"type":"Feature","geometry":{"type":"Polygon","coordinates":[[[-77.2565035,38.81073501],[-77.25410435,38.81064914],[-77.25099916,38.8105969],[-77.24970515,38.81053507],[-77.24884863,38.81054378],[-77.2474651,38.81058394],[-77.24512201,38.81070445],[-77.24221016,38.81083528],[-77.24026104,38.81090499],[-77.23831052,38.81085383],[-77.23624644,38.81087418],[-77.23488693,38.81094465],[-77.23488565,38.81110861],[-77.23490178,38.81189494],[-77.23482335,38.81259476],[-77.23484595,38.81310271],[-77.23491071,38.81338065],[-77.23504326,38.81434134],[-77.23515192,38.81475928],[-77.23535993,38.81537637],[-77.23561206,38.81620702],[-77.23630978,38.81824523],[-77.23638127,38.81857141],[-77.23643247,38.81905251],[-77.23657035,38.81945676],[-77.23682635,38.81983976],[-77.23709208,38.82010083],[-77.23743837,38.82033952],[-77.23824531,38.82076621],[-77.2384949,38.82053835],[-77.23883899,38.82033335],[-77.23921683,38.8202056],[-77.23984653,38.82012723],[-77.24060422,38.82015596],[-77.24125858,38.82027283],[-77.24208599,38.82053022],[-77.2425179,38.82072158],[-77.24312631,38.82105762],[-77.24338614,38.821254],[-77.24557068,38.82339731],[-77.24594227,38.82362783],[-77.2465062,38.82369838],[-77.24685863,38.82361839],[-77.24722711,38.82342324],[-77.24759831,38.82327343],[-77.2481618,38.82316822],[-77.24919818,38.82312024],[-77.24970515,38.82303502],[-77.2507471,38.82266716],[-77.25123272,38.82259819],[-77.25312537,38.82256339],[-77.25311596,38.82330747],[-77.25302264,38.82362776],[-77.25266052,38.82467015],[-77.25265065,38.82503664],[-77.25269602,38.82545589],[-77.25261259,38.8260152],[-77.25298733,38.82606586],[-77.25353957,38.82620491],[-77.25473852,38.82670369],[-77.25491247,38.82679478],[-77.2553559,38.82713587],[-77.25573486,38.82734859],[-77.25752472,38.82798678],[-77.25794036,38.82726776],[-77.25840994,38.82650252],[-77.25869536,38.82598876],[-77.25895336,38.82544876],[-77.25913936,38.82495376],[-77.25932736,38.82430476],[-77.25968136,38.82336576],[-77.25982836,38.82312576],[-77.26066138,38.82239471],[-77.26106249,38.8219335],[-77.26126336,38.82162776],[-77.26143191,38.82127423],[-77.26161836,38.82102076],[-77.26216136,38.82062976],[-77.26245836,38.82037376],[-77.26278336,38.81988776],[-77.26310236,38.81951376],[-77.26395036,38.81868076],[-77.26472236,38.81786376],[-77.26487336,38.81747476],[-77.26498436,38.81683476],[-77.26521336,38.81627676],[-77.26536236,38.81568876],[-77.26556736,38.81522376],[-77.26562936,38.81494176],[-77.26558636,38.81428876],[-77.26566036,38.81339776],[-77.26563136,38.81271976],[-77.26565236,38.81228276],[-77.26578136,38.81194076],[-77.26607665,38.81152531],[-77.26607273,38.81145115],[-77.26531189,38.81120149],[-77.26438251,38.81095692],[-77.26368958,38.81084116],[-77.26238614,38.81071483],[-77.26145287,38.81069674],[-77.2598385,38.81069067],[-77.2583176,38.81075971],[-77.2565035,38.81073501]]]},"properties":{"PREC_IDENT":113,"PREC_NAME":"CANTERBURY","DISTRICT":"Braddock","cx":-77.25096885311235,"cy":38.816849779403334},"id":113},
{"type":"Feature","geometry":{"type":"Polygon","coordinates":[[[-77.28630432,38.82632043],[-77.28500699,38.82991529],[-77.28489249,38.83037892],[-77.28458517,38.83053068],[-77.28416413,38.83065288],[-77.28318015,38.83071874],[-77.28231218,38.8306859],[-77.28099149,38.83033792],[-77.28024463,38.8304519],[-77.27996688,38.83040089],[-77.27964964,38.83050716],[-77.27931307,38.8304123],[-77.27874625,38.83034937],[-77.27838874,38.83026788],[-77.27820049,38.83043774],[-77.27822887,38.83060834],[-77.27813833,38.83076532],[-77.27814064,38.83108859],[-77.27796138,38.83146896],[-77.27797799,38.83169774],[-77.27820544,38.83177942],[-77.27807626,38.83222979],[-77.27811463,38.83250395],[-77.27803926,38.83286263],[-77.2781252,38.83335624],[-77.2785404,38.83389019],[-77.27878559,38.83392797],[-77.27889971,38.83402994],[-77.2788562,38.83428025],[-77.27903685,38.83442794],[-77.27920118,38.83491418],[-77.27919295,38.835082],[-77.27906104,38.83538815],[-77.27914145,38.83597249],[-77.27855764,38.83596644],[-77.27852604,38.83545835],[-77.27819513,38.83541958],[-77.27132312,38.83451732],[-77.27013298,38.8343674],[-77.27014036,38.83433099],[-77.26756043,38.83399288],[-77.26752178,38.83356776],[-77.26674066,38.83346344],[-77.26641806,38.83323625],[-77.26603304,38.83337225],[-77.26585404,38.83336899],[-77.26420074,38.83314839],[-77.26363838,38.83298045],[-77.25947773,38.83239146],[-77.25789919,38.83211252],[-77.25702431,38.83215269],[-77.25552181,38.83194455],[-77.25513738,38.83184298],[-77.2549708,38.83173138],[-77.25453304,38.8320741],[-77.2541776,38.83252754],[-77.25354208,38.83394735],[-77.25137317,38.83834265],[-77.25133274,38.83844657],[-77.25462777,38.83895938],[-77.25586774,38.83913043],[-77.25677177,38.83923612],[-77.25994702,38.83957314],[-77.26078105,38.83966708],[-77.26389214,38.84006098],[-77.26539136,38.84026761],[-77.26640753,38.84038814],[-77.2690597,38.84072491],[-77.2697673,38.84082157],[-77.27052049,38.84092119],[-77.27050321,38.84099988],[-77.27053946,38.84083927],[-77.27055484,38.84076117],[-77.27214528,38.84097416],[-77.27214102,38.84101805],[-77.2748209,38.84137969],[-77.27834178,38.8418434],[-77.27848699,38.84176939],[-77.27847753,38.84067501],[-77.27985072,38.84086229],[-77.28607984,38.84172869],[-77.28637637,38.84172477],[-77.28647237,38.83862476],[-77.28734937,38.83863876],[-77.28739837,38.83668676],[-77.28721837,38.83658776],[-77.28726231,38.83611162],[-77.28829204,38.8361511],[-77.28833637,38.83446576],[-77.28843737,38.83420976],[-77.28876337,38.83380176],[-77.28882437,38.83362376],[-77.28881637,38.83299876],[-77.28876537,38.83235676],[-77.28871337,38.83209776],[-77.28860337,38.83089376],[-77.28848437,38.82938676],[-77.28839137,38.82783676],[-77.28831937,38.82724976],[-77.28827313,38.82650311],[-77.28748078,38.82650147],[-77.28704265,38.82646124],[-77.28630432,38.82632043]]]},"properties":{"PREC_IDENT":117,"PREC_NAME":"WOODSON #1","DISTRICT":"Braddock","cx":-77.28254858533013,"cy":38.837432351020304},"id":117},
{"type":"Feature","geometry":{"type":"Polygon","coordinates":[[[-77.29858653,38.93091749],[-77.29883863,38.93093132],[-77.29960567,38.93113651],[-77.30001611,38.93136587],[-77.30029835,38.93164713],[-77.30157628,38.93156252],[-77.30196173,38.93141504],[-77.30230904,38.93133288],[-77.30257543,38.93108569],[-77.30291829,38.93124455],[-77.30308448,38.93116847],[-77.30306148,38.93087626],[-77.30372556,38.93094259],[-77.30399415,38.93085382],[-77.30417507,38.93089312],[-77.30430646,38.93076381],[-77.30448012,38.93043139],[-77.30454502,38.93014831],[-77.30477978,38.92991524],[-77.30510538,38.92994578],[-77.30515538,38.92966378],[-77.30534738,38.92817378],[-77.30541538,38.92738478],[-77.30533738,38.92655078],[-77.30533938,38.92575078],[-77.30542438,38.92520078],[-77.30571538,38.92399878],[-77.30596338,38.92303778],[-77.30604338,38.92235578],[-77.30595038,38.92177678],[-77.30582038,38.92136578],[-77.305325,38.92015474],[-77.30452038,38.91993378],[-77.30402238,38.91967478],[-77.30374138,38.91948778],[-77.30334938,38.91910478],[-77.30285938,38.91854578],[-77.30263138,38.91836078],[-77.30127238,38.91764878],[-77.30102638,38.91745278],[-77.30071738,38.91706378],[-77.30036838,38.91678578],[-77.29950038,38.91637378],[-77.29791838,38.91557478],[-77.29717138,38.91525078],[-77.29626738,38.91493878],[-77.29564938,38.91468478],[-77.29458238,38.91435078],[-77.29348938,38.91396378],[-77.29137138,38.91316278],[-77.29065038,38.91293478],[-77.28819537,38.91201778],[-77.28789637,38.91186578],[-77.28705937,38.91126078],[-77.28659737,38.91103778],[-77.28558537,38.91016678],[-77.28528737,38.90997278],[-77.28479237,38.90974578],[-77.28407237,38.90945078],[-77.28316637,38.90895978],[-77.28294937,38.90887378],[-77.28240337,38.90857378],[-77.28137237,38.90749078],[-77.28093737,38.90718978],[-77.27995937,38.90661678],[-77.27882167,38.90608892],[-77.27873584,38.90619418],[-77.27924502,38.90642464],[-77.27965942,38.90664862],[-77.27966867,38.90672423],[-77.27941062,38.90701949],[-77.2792463,38.90738162],[-77.27869648,38.90726744],[-77.27848479,38.90731604],[-77.27817874,38.9075394],[-77.27777976,38.908473],[-77.27743163,38.90869042],[-77.27723258,38.90902748],[-77.27640755,38.90897633],[-77.27601287,38.90883217],[-77.27524714,38.90983608],[-77.27509564,38.90965189],[-77.27476409,38.90951526],[-77.27397887,38.91014486],[-77.27444923,38.91055757],[-77.27872094,38.91440308],[-77.27911296,38.91474065],[-77.27968315,38.91516669],[-77.28007562,38.91542284],[-77.28163387,38.91635752],[-77.2827229,38.91707266],[-77.2832044,38.91741916],[-77.2836774,38.91781355],[-77.28418003,38.91829397],[-77.28475058,38.91893909],[-77.28503931,38.91932127],[-77.28544808,38.91997943],[-77.28573613,38.9205229],[-77.28718046,38.9236728],[-77.28751625,38.92429965],[-77.28797577,38.92497074],[-77.28847875,38.92556045],[-77.28907741,38.92612446],[-77.28959341,38.92655659],[-77.2904649,38.92713602],[-77.29116028,38.92750156],[-77.29374121,38.92868093],[-77.29807713,38.93067472],[-77.29858653,38.93091749]]]},"properties":{"PREC_IDENT":202,"PREC_NAME":"FLINT HILL #1","DISTRICT":"Hunter Mill","cx":-77.29235959957253,"cy":38.920090681757365},"id":202},
{"type":"Feature","geometry":{"type":"Polygon","coordinates":[[[-77.28138563,38.88861454],[-77.27885308,38.89063811],[-77.27794792,38.89138384],[-77.27548167,38.89332871],[-77.27748216,38.89582884],[-77.27689761,38.89631429],[-77.27758786,38.89684321],[-77.27706427,38.89725652],[-77.27711978,38.89729828],[-77.27717148,38.8979757],[-77.27913706,38.89790141],[-77.27957443,38.89842494],[-77.28096952,38.89780236],[-77.28166136,38.89741275],[-77.28310865,38.89895462],[-77.28427637,38.89830078],[-77.28513737,38.89792178],[-77.28576037,38.89800778],[-77.28775437,38.89847778],[-77.2879714,38.89855736],[-77.28836075,38.89792963],[-77.28873282,38.89753805],[-77.28954499,38.89709471],[-77.2891397,38.89674866],[-77.2868925,38.89436257],[-77.2849247,38.89229237],[-77.28194924,38.88915036],[-77.28138563,38.88861454]]]},"properties":{"PREC_IDENT":204,"PREC_NAME":"MADISON","DISTRICT":"Hunter Mill","cx":-77.28188157756342,"cy":38.894031786245634},"id":204},
{"type":"Feature","geometry":{"type":"Polygon","coordinates":[[[-77.43277411,38.85218544],[-77.43272166,38.85295393],[-77.43280245,38.85389789],[-77.43296687,38.85464903],[-77.43329055,38.85555401],[-77.4336044,38.85617607],[-77.43389591,38.85664691],[-77.4356632,38.85919744],[-77.43634444,38.86015096],[-77.43823049,38.86289505],[-77.43970112,38.8615273],[-77.4397033,38.86137283],[-77.43987186,38.86123178],[-77.4415999,38.85968398],[-77.44174649,38.85958216],[-77.44364021,38.85786977],[-77.44619745,38.85562191],[-77.44713219,38.85478561],[-77.44803323,38.85400024],[-77.449081,38.85498522],[-77.45096013,38.85664547],[-77.45153877,38.85718198],[-77.45298291,38.85833443],[-77.45326037,38.85857443],[-77.45345116,38.85825485],[-77.45354084,38.85788495],[-77.45355026,38.85748001],[-77.45366818,38.85685911],[-77.45438582,38.85484724],[-77.45447668,38.85463661],[-77.45469916,38.85431045],[-77.45504437,38.85399637],[-77.4555081,38.85374238],[-77.45649978,38.85340659],[-77.45697041,38.85316089],[-77.45728688,38.85289048],[-77.45745131,38.85269149],[-77.45761757,38.8523662],[-77.4577042,38.85196194],[-77.45769742,38.85170376],[-77.45760375,38.85138303],[-77.45742242,38.85105328],[-77.45706598,38.85069177],[-77.45664834,38.85043406],[-77.45638291,38.85033422],[-77.45588938,38.85022411],[-77.45528551,38.85021599],[-77.45477137,38.85031576],[-77.45410126,38.85051574],[-77.45359091,38.85059631],[-77.45283997,38.85055941],[-77.45235197,38.85042525],[-77.45130242,38.85009376],[-77.45019758,38.84971478],[-77.44942442,38.84948076],[-77.44883295,38.84914239],[-77.44807584,38.84848295],[-77.44834498,38.84823939],[-77.44835027,38.84796266],[-77.44862406,38.84776195],[-77.44879342,38.84733876],[-77.44896845,38.8473936],[-77.44907142,38.84726376],[-77.44892642,38.84714376],[-77.44880042,38.84682376],[-77.44888194,38.84665277],[-77.44881542,38.84654176],[-77.44858254,38.84647286],[-77.44873142,38.84618876],[-77.44868442,38.84606776],[-77.44836037,38.84597127],[-77.44821097,38.84564478],[-77.44798042,38.84534676],[-77.44810767,38.8452215],[-77.44809906,38.84505391],[-77.44789842,38.84482376],[-77.44766542,38.84465076],[-77.44763621,38.84453271],[-77.44777542,38.84415976],[-77.44792042,38.84409176],[-77.44839454,38.84345182],[-77.44846142,38.84329676],[-77.44869742,38.84303476],[-77.4488282,38.84264563],[-77.44881942,38.84216576],[-77.44893942,38.84199776],[-77.44915542,38.84137176],[-77.44941742,38.83987676],[-77.44956577,38.83964266],[-77.44960142,38.83928776],[-77.44968163,38.83902757],[-77.44939642,38.83850076],[-77.4493344,38.83820892],[-77.44965242,38.83789576],[-77.44980342,38.83737076],[-77.44988742,38.83694676],[-77.44985342,38.83683276],[-77.44956074,38.83658084],[-77.44951969,38.83646395],[-77.44849524,38.83671809],[-77.44744414,38.83694691],[-77.44688494,38.83709183],[-77.44598883,38.83812763],[-77.44501791,38.83921179],[-77.44392634,38.84038136],[-77.44312491,38.84115811],[-77.44252368,38.8416909],[-77.44156405,38.84247995],[-77.44083663,38.84299649],[-77.44035449,38.8433093],[-77.43935906,38.84390304],[-77.4381561,38.84452099],[-77.43694031,38.84505505],[-77.43612809,38.84536622],[-77.43484375,38.84578569],[-77.43359241,38.84610933],[-77.43212383,38.84641352],[-77.43220251,38.84654155],[-77.4326044,38.8478509],[-77.43274713,38.84840688],[-77.43287471,38.84903686],[-77.43293392,38.85001496],[-77.43290554,38.85027007],[-77.43277411,38.85218544]]]},"properties":{"PREC_IDENT":917,"PREC_NAME":"STONE","DISTRICT":"Sully","cx":-77.44199730327519,"cy":38.8505829077132},"id":917},
{"type":"Feature","geometry":{"type":"Polygon","coordinates":[[[-77.46353773,38.83314053],[-77.46281651,38.83329227],[-77.46188269,38.83353252],[-77.45976938,38.83400671],[-77.45701812,38.83465093],[-77.45648249,38.83478758],[-77.4537522,38.83543466],[-77.45177544,38.8359264],[-77.44951969,38.83646395],[-77.44956074,38.83658084],[-77.44985342,38.83683276],[-77.44988742,38.83694676],[-77.44980342,38.83737076],[-77.44965242,38.83789576],[-77.4493344,38.83820892],[-77.44939642,38.83850076],[-77.44968163,38.83902757],[-77.44960142,38.83928776],[-77.44956577,38.83964266],[-77.44941742,38.83987676],[-77.44915542,38.84137176],[-77.44893942,38.84199776],[-77.44881942,38.84216576],[-77.4488282,38.84264563],[-77.44869742,38.84303476],[-77.44846142,38.84329676],[-77.44839454,38.84345182],[-77.44792042,38.84409176],[-77.44777542,38.84415976],[-77.44763621,38.84453271],[-77.44766542,38.84465076],[-77.44789842,38.84482376],[-77.44809906,38.84505391],[-77.44810767,38.8452215],[-77.44798042,38.84534676],[-77.44821097,38.84564478],[-77.44836037,38.84597127],[-77.44868442,38.84606776],[-77.44873142,38.84618876],[-77.44858254,38.84647286],[-77.44881542,38.84654176],[-77.44888194,38.84665277],[-77.44880042,38.84682376],[-77.44892642,38.84714376],[-77.44907142,38.84726376],[-77.44896845,38.8473936],[-77.44879342,38.84733876],[-77.44862406,38.84776195],[-77.44835027,38.84796266],[-77.44834498,38.84823939],[-77.44807584,38.84848295],[-77.44883295,38.84914239],[-77.44942442,38.84948076],[-77.45019758,38.84971478],[-77.45130242,38.85009376],[-77.45235197,38.85042525],[-77.45251967,38.85004869],[-77.45453274,38.84853056],[-77.45643458,38.84714144],[-77.45694846,38.84715552],[-77.45731628,38.84730954],[-77.45776169,38.84724609],[-77.4581378,38.84700684],[-77.45855642,38.84716414],[-77.45876271,38.84717852],[-77.45899206,38.84733922],[-77.45920495,38.84710318],[-77.45948163,38.84702422],[-77.45967826,38.84709585],[-77.45995978,38.84694689],[-77.4602734,38.84653628],[-77.46030134,38.84633238],[-77.46053995,38.84602302],[-77.46068908,38.84591849],[-77.46081494,38.84567893],[-77.46102726,38.845777],[-77.46110383,38.84562014],[-77.46140032,38.84563957],[-77.46192879,38.8450642],[-77.46206276,38.84501917],[-77.4619071,38.84478348],[-77.4630586,38.84496106],[-77.46282783,38.84469164],[-77.46285601,38.84436441],[-77.46321505,38.84415579],[-77.46306925,38.84394617],[-77.4632518,38.84385243],[-77.46301428,38.84366773],[-77.46343663,38.84352786],[-77.46372739,38.84335478],[-77.46391832,38.84335142],[-77.46402501,38.84310189],[-77.46384542,38.84297276],[-77.46361643,38.84261576],[-77.46352942,38.84224676],[-77.46390043,38.84159776],[-77.46409342,38.84148876],[-77.46469842,38.84153276],[-77.46483842,38.84148776],[-77.46500142,38.84129476],[-77.46493443,38.84100276],[-77.46456643,38.84069776],[-77.46436242,38.84064076],[-77.46387242,38.84037176],[-77.46332142,38.84019976],[-77.46297142,38.83998876],[-77.46294442,38.83961576],[-77.46312642,38.83935776],[-77.46344642,38.83921176],[-77.46419142,38.83904876],[-77.46440542,38.83918876],[-77.46466042,38.83919276],[-77.46483543,38.83895076],[-77.46480642,38.83868976],[-77.46461542,38.83845576],[-77.46455242,38.83812776],[-77.46431842,38.83788476],[-77.46411142,38.83731976],[-77.46372942,38.83709876],[-77.46374043,38.83687676],[-77.46401042,38.83651576],[-77.46414442,38.83591576],[-77.46461842,38.83549676],[-77.46499242,38.83525576],[-77.46537643,38.83492676],[-77.46573542,38.83467876],[-77.46600642,38.83433776],[-77.46601142,38.83416876],[-77.46578842,38.83383976],[-77.46546142,38.83384476],[-77.46464642,38.83367576],[-77.46382242,38.83337176],[-77.46353773,38.83314053]]]},"properties":{"PREC_IDENT":910,"PREC_NAME":"LONDON TOWNE","DISTRICT":"Sully","cx":-77.45628364155596,"cy":38.841319139966416},"id":910},
{"type":"Feature","geometry":{"type":"Polygon","coordinates":[[[-77.45747841,38.8256565],[-77.45648624,38.82655801],[-77.45535725,38.82767105],[-77.45476542,38.82829598],[-77.45117162,38.83231832],[-77.45009332,38.83355396],[-77.44960542,38.83407976],[-77.44985942,38.83419776],[-77.44871442,38.83549376],[-77.44744414,38.83694691],[-77.44849524,38.83671809],[-77.44951969,38.83646395],[-77.45177544,38.8359264],[-77.4537522,38.83543466],[-77.45648249,38.83478758],[-77.45701812,38.83465093],[-77.45976938,38.83400671],[-77.46188269,38.83353252],[-77.46281651,38.83329227],[-77.46353773,38.83314053],[-77.46307942,38.83263876],[-77.46301642,38.83252776],[-77.46297842,38.83202176],[-77.46307742,38.83151176],[-77.46290742,38.83115976],[-77.46261842,38.83082776],[-77.46223342,38.83060776],[-77.46113742,38.83039376],[-77.46104942,38.83033776],[-77.46040442,38.83024576],[-77.46020442,38.83016476],[-77.45950642,38.82973476],[-77.45940942,38.82954276],[-77.45889542,38.82909076],[-77.45875642,38.82888976],[-77.45837842,38.82859076],[-77.45823442,38.82842276],[-77.45808442,38.82807976],[-77.45814342,38.82791776],[-77.45810642,38.82761976],[-77.45798042,38.82737376],[-77.45799442,38.82707176],[-77.45808442,38.82689776],[-77.45832842,38.82664376],[-77.45827242,38.82635175],[-77.45833778,38.82618451],[-77.45747841,38.8256565]]]},"properties":{"PREC_IDENT":935,"PREC_NAME":"ROBINSON MILL","DISTRICT":"Sully","cx":-77.45591527903605,"cy":38.83185178164569},"id":935},
{"type":"Feature","geometry":{"type":"Polygon","coordinates":[[[-77.31647938,38.92073778],[-77.31633438,38.92043578],[-77.31698238,38.92003978],[-77.31686038,38.91984878],[-77.31713338,38.91966978],[-77.31722038,38.91954678],[-77.31715938,38.91940278],[-77.31693238,38.91931478],[-77.31676438,38.91916978],[-77.31670338,38.91876878],[-77.31638938,38.91836678],[-77.31635238,38.91817478],[-77.31641138,38.91798078],[-77.31625038,38.91741978],[-77.31619438,38.91697678],[-77.31650438,38.91681978],[-77.31670438,38.91696478],[-77.31699638,38.91676278],[-77.31727938,38.91681978],[-77.31781338,38.91677378],[-77.31833838,38.91667478],[-77.31887138,38.91649278],[-77.31933638,38.91645878],[-77.31878638,38.91553878],[-77.31858538,38.91530878],[-77.31844638,38.91499978],[-77.31855438,38.91478778],[-77.31824938,38.91435278],[-77.31794039,38.91429778],[-77.31793038,38.91411378],[-77.31828838,38.91405678],[-77.31820138,38.91390978],[-77.31835138,38.91375378],[-77.31809938,38.91364178],[-77.31794838,38.91317778],[-77.31823638,38.91266978],[-77.31820638,38.91231478],[-77.31803338,38.91198078],[-77.31817538,38.91161178],[-77.31836138,38.91145578],[-77.31859538,38.91067378],[-77.31849238,38.91053778],[-77.31856238,38.91039078],[-77.31830638,38.91015378],[-77.31850638,38.90997078],[-77.31848738,38.90917578],[-77.31856538,38.90899878],[-77.31848838,38.90883078],[-77.31872538,38.90865178],[-77.31869338,38.90831278],[-77.31872538,38.90800378],[-77.31852238,38.90778878],[-77.31859538,38.90765478],[-77.31887838,38.90753078],[-77.31900838,38.90740878],[-77.31892838,38.90714578],[-77.31916438,38.90685978],[-77.31918638,38.90662078],[-77.31929538,38.90642878],[-77.31959438,38.90623878],[-77.31974038,38.90603578],[-77.31979138,38.90550878],[-77.31978138,38.90522178],[-77.31926638,38.90482478],[-77.31906838,38.90458178],[-77.31880138,38.90444678],[-77.31856038,38.90400178],[-77.31863538,38.90384778],[-77.31890438,38.90381478],[-77.31892138,38.90355778],[-77.31890176,38.90349988],[-77.31892081,38.90355721],[-77.31840037,38.9037646],[-77.31803489,38.90397786],[-77.31766819,38.90426524],[-77.3164682,38.90542842],[-77.31608731,38.90572251],[-77.31578651,38.90584855],[-77.31527554,38.90593264],[-77.31485357,38.9059476],[-77.31448597,38.90586289],[-77.31400155,38.90561636],[-77.31233795,38.90484716],[-77.31184638,38.90460878],[-77.3115181,38.90448464],[-77.31074466,38.90407865],[-77.30938828,38.90343609],[-77.30921013,38.90337113],[-77.30827618,38.90289759],[-77.30779247,38.90261122],[-77.30672512,38.90213083],[-77.30599992,38.90178571],[-77.30507172,38.90139184],[-77.30363914,38.90089946],[-77.30343307,38.9027193],[-77.30336761,38.90348338],[-77.30313699,38.90530023],[-77.30309273,38.90584622],[-77.30300118,38.90880543],[-77.30304034,38.90940719],[-77.30314932,38.91003712],[-77.30329144,38.91057678],[-77.30363611,38.91161551],[-77.30381686,38.91236837],[-77.30408752,38.91363151],[-77.30418909,38.91449615],[-77.3041491,38.91499688],[-77.3038662,38.91678573],[-77.30383865,38.91738406],[-77.30390894,38.91780628],[-77.30403619,38.91818514],[-77.30418252,38.91847358],[-77.30444329,38.91885518],[-77.30510447,38.91967745],[-77.30533039,38.92015654],[-77.30581412,38.92033408],[-77.30618261,38.92058084],[-77.30733373,38.92153576],[-77.3089181,38.9226502],[-77.30921436,38.92280286],[-77.30975328,38.92294836],[-77.31049792,38.92298336],[-77.3109401,38.92302765],[-77.31151742,38.92319001],[-77.31207176,38.92344056],[-77.3121486,38.92339185],[-77.31274905,38.92341],[-77.31294135,38.92324521],[-77.31318298,38.92285921],[-77.31344618,38.92262012],[-77.31376852,38.9222394],[-77.31391561,38.92179646],[-77.31382346,38.92167644],[-77.31391355,38.92123047],[-77.31406156,38.92106976],[-77.31429008,38.92109055],[-77.3149934,38.92085721],[-77.3151305,38.92072459],[-77.31535373,38.9207445],[-77.31564408,38.92095916],[-77.31584535,38.92097665],[-77.31596732,38.92083435],[-77.31647938,38.92073778]]]},"properties":{"PREC_IDENT":929,"PREC_NAME":"DIFFICULT RUN","DISTRICT":"Sully","cx":-77.31063837943937,"cy":38.91225045315149},"id":929},
{"type":"Feature","geometry":{"type":"Polygon","coordinates":[[[-77.36176015,38.90988776],[-77.36378749,38.90903418],[-77.36413365,38.90892494],[-77.36463065,38.90883226],[-77.36507896,38.90870754],[-77.36747766,38.90770096],[-77.36802144,38.9075387],[-77.36939316,38.90724573],[-77.36985429,38.907198],[-77.37051349,38.90729358],[-77.37106121,38.9075501],[-77.3720531,38.90816785],[-77.37262416,38.90850558],[-77.37296639,38.90864479],[-77.37364897,38.90881884],[-77.37507807,38.90912497],[-77.37553053,38.90918285],[-77.37626822,38.90920501],[-77.3770419,38.90917396],[-77.37763524,38.90921258],[-77.37794371,38.90926358],[-77.38036078,38.9097713],[-77.38067804,38.90987509],[-77.38073439,38.90974615],[-77.38094673,38.90888652],[-77.38107393,38.90803942],[-77.38126722,38.90750707],[-77.3815424,38.90707588],[-77.38266851,38.90579383],[-77.38275579,38.90560519],[-77.38292876,38.90510433],[-77.38295917,38.90473117],[-77.38290402,38.90443684],[-77.38226573,38.90300014],[-77.38220635,38.90275107],[-77.38211753,38.90191134],[-77.38200633,38.90160549],[-77.38130195,38.90041813],[-77.38117856,38.9000806],[-77.38117633,38.89939535],[-77.3811931,38.89877081],[-77.38123847,38.89834013],[-77.38119305,38.89809806],[-77.3809361,38.89745032],[-77.38073575,38.8967784],[-77.38048206,38.89623386],[-77.38034603,38.89585754],[-77.38007503,38.89588517],[-77.37922189,38.89628892],[-77.37886184,38.89639395],[-77.37818344,38.89640807],[-77.37794869,38.89636464],[-77.37718254,38.89614862],[-77.37697222,38.89611641],[-77.37664123,38.89615992],[-77.37595979,38.89636896],[-77.37542165,38.89662605],[-77.37505196,38.8968971],[-77.37452688,38.89721746],[-77.37398121,38.89750605],[-77.37252022,38.89812635],[-77.3716885,38.89850417],[-77.37113479,38.89885582],[-77.37049496,38.89932059],[-77.36982331,38.89957363],[-77.36935147,38.89963499],[-77.36877333,38.89975162],[-77.36773974,38.9000039],[-77.36616528,38.90045964],[-77.36521495,38.9007786],[-77.36334356,38.90134265],[-77.36197084,38.90192522],[-77.35989497,38.9027481],[-77.35747876,38.90375435],[-77.35734403,38.90360888],[-77.35587538,38.9016079],[-77.35543548,38.90098715],[-77.35418347,38.89928894],[-77.35280865,38.89736435],[-77.35246063,38.89693396],[-77.35214232,38.89640363],[-77.35096992,38.89479128],[-77.35054754,38.89417892],[-77.34985567,38.89328109],[-77.34902361,38.89214298],[-77.34819246,38.89094996],[-77.34772814,38.89098248],[-77.34756197,38.89104675],[-77.34670323,38.89157241],[-77.3459823,38.89204861],[-77.34483822,38.89283644],[-77.34418919,38.89321037],[-77.34366566,38.89342764],[-77.34256073,38.89374627],[-77.34132266,38.89404024],[-77.34025499,38.89422603],[-77.33990645,38.8942679],[-77.33957799,38.89437175],[-77.33873026,38.89486176],[-77.33761723,38.89546035],[-77.33744564,38.89564126],[-77.33748064,38.89586677],[-77.33786412,38.89627148],[-77.33889855,38.89727299],[-77.33905394,38.89744204],[-77.33787999,38.89811142],[-77.33652901,38.89886142],[-77.33561795,38.89935215],[-77.33458201,38.89995835],[-77.33429903,38.90007224],[-77.33304082,38.90073113],[-77.33242883,38.90098043],[-77.33134777,38.90133351],[-77.33018261,38.90167065],[-77.32981156,38.90179739],[-77.32957395,38.90192958],[-77.32949961,38.90217872],[-77.32967931,38.9027956],[-77.32966751,38.90308792],[-77.32956295,38.90325027],[-77.32888395,38.90394234],[-77.32872035,38.90406153],[-77.32800039,38.90398578],[-77.32705039,38.90397378],[-77.32446439,38.90391478],[-77.32342739,38.90393678],[-77.32290138,38.90387078],[-77.32195838,38.90369178],[-77.32089338,38.90346878],[-77.32028738,38.90340078],[-77.31986338,38.90339478],[-77.31941638,38.90344278],[-77.31892138,38.90355778],[-77.31890438,38.90381478],[-77.31863538,38.90384778],[-77.31856038,38.90400178],[-77.31880138,38.90444678],[-77.31906838,38.90458178],[-77.31926638,38.90482478],[-77.31978138,38.90522178],[-77.31979138,38.90550878],[-77.31974038,38.90603578],[-77.31959438,38.90623878],[-77.31929538,38.90642878],[-77.31918638,38.90662078],[-77.31916438,38.90685978],[-77.31892838,38.90714578],[-77.31900838,38.90740878],[-77.31887838,38.90753078],[-77.31859538,38.90765478],[-77.31852238,38.90778878],[-77.31872538,38.90800378],[-77.31869338,38.90831278],[-77.31872538,38.90865178],[-77.31848838,38.90883078],[-77.31856538,38.90899878],[-77.31848738,38.90917578],[-77.31850638,38.90997078],[-77.31830638,38.91015378],[-77.31856238,38.91039078],[-77.31849238,38.91053778],[-77.31859538,38.91067378],[-77.31836138,38.91145578],[-77.31817538,38.91161178],[-77.31803338,38.91198078],[-77.31820638,38.91231478],[-77.31823638,38.91266978],[-77.31794838,38.91317778],[-77.31809938,38.91364178],[-77.31835138,38.91375378],[-77.31820138,38.91390978],[-77.31828838,38.91405678],[-77.31793038,38.91411378],[-77.31794039,38.91429778],[-77.31824938,38.91435278],[-77.31855438,38.91478778],[-77.31844638,38.91499978],[-77.31858538,38.91530878],[-77.31878638,38.91553878],[-77.31933638,38.91645878],[-77.31887138,38.91649278],[-77.31833838,38.91667478],[-77.31781338,38.91677378],[-77.31727938,38.91681978],[-77.31699638,38.91676278],[-77.31670438,38.91696478],[-77.31650438,38.91681978],[-77.31619438,38.91697678],[-77.31625038,38.91741978],[-77.31641138,38.91798078],[-77.31635238,38.91817478],[-77.31638938,38.91836678],[-77.31670338,38.91876878],[-77.31676438,38.91916978],[-77.31693238,38.91931478],[-77.31715938,38.91940278],[-77.31722038,38.91954678],[-77.31713338,38.91966978],[-77.31686038,38.91984878],[-77.31698238,38.92003978],[-77.31633438,38.92043578],[-77.31647938,38.92073778],[-77.31669238,38.92088778],[-77.31686848,38.92092166],[-77.31693617,38.92105854],[-77.31671297,38.92112206],[-77.31689726,38.92164243],[-77.3170452,38.9217984],[-77.3173226,38.92194442],[-77.31731029,38.92207457],[-77.31757725,38.92231634],[-77.31776861,38.9222466],[-77.31792714,38.92235529],[-77.31841477,38.92220757],[-77.31835249,38.92198966],[-77.31857515,38.92189683],[-77.31875859,38.92207068],[-77.31905413,38.92199668],[-77.31988819,38.92209798],[-77.32012694,38.92197629],[-77.3203907,38.92197057],[-77.32072232,38.92207961],[-77.32087822,38.92199128],[-77.32111197,38.92199384],[-77.3213799,38.9221137],[-77.32186668,38.92211759],[-77.3222869,38.92220196],[-77.32284026,38.92194043],[-77.32283634,38.92177632],[-77.32258676,38.92153539],[-77.32280394,38.92131515],[-77.32301404,38.9212876],[-77.32297086,38.9210525],[-77.32308724,38.92092894],[-77.32286611,38.92067157],[-77.32306588,38.92049523],[-77.32284497,38.92044367],[-77.32267163,38.92031114],[-77.32295198,38.91990066],[-77.32318383,38.91981926],[-77.32338743,38.91994561],[-77.32355502,38.91978094],[-77.32347768,38.91957163],[-77.3237066,38.9195505],[-77.323829,38.91940658],[-77.32376496,38.9192802],[-77.32398017,38.91912411],[-77.32437106,38.91902631],[-77.32457972,38.91908364],[-77.32477768,38.9189877],[-77.32496694,38.91901222],[-77.3251762,38.91868088],[-77.32517396,38.91849169],[-77.32539827,38.91822656],[-77.32547328,38.91803073],[-77.32583964,38.91767272],[-77.32604569,38.91764864],[-77.3261233,38.91788051],[-77.32630953,38.91785011],[-77.32645862,38.91766825],[-77.32654704,38.91741555],[-77.32680331,38.91727603],[-77.32694734,38.91706425],[-77.32713911,38.91702338],[-77.32720277,38.91688787],[-77.32687541,38.91679443],[-77.32714757,38.91661325],[-77.32741137,38.91661053],[-77.32748774,38.91636846],[-77.32766375,38.91629394],[-77.32760152,38.91598731],[-77.3277793,38.91578105],[-77.32807722,38.91569695],[-77.32820716,38.91582813],[-77.3283487,38.91571882],[-77.32840402,38.91545239],[-77.32861255,38.91540309],[-77.32895213,38.9154084],[-77.32925572,38.91549984],[-77.32928701,38.91520505],[-77.32952247,38.91517647],[-77.32966377,38.91498432],[-77.32986804,38.91499594],[-77.33015065,38.91515626],[-77.3305913,38.91490785],[-77.33079896,38.91496992],[-77.33104325,38.91480567],[-77.33108325,38.91461103],[-77.33124131,38.91456625],[-77.33136928,38.91438052],[-77.3314046,38.91407011],[-77.33131281,38.91399152],[-77.33158499,38.91367905],[-77.33144772,38.91357886],[-77.33155067,38.91341251],[-77.33173383,38.91332092],[-77.33168862,38.9131081],[-77.33208675,38.91277914],[-77.33230745,38.91271752],[-77.33265269,38.91273078],[-77.33274836,38.91252158],[-77.33320161,38.91253435],[-77.33360001,38.912162],[-77.33360051,38.91185894],[-77.33340995,38.91174185],[-77.33360075,38.91161507],[-77.33372284,38.91133903],[-77.33388841,38.91125899],[-77.33413326,38.91129557],[-77.33424081,38.91112131],[-77.33458431,38.91112018],[-77.33491243,38.91088625],[-77.33552931,38.91070039],[-77.33574815,38.91054511],[-77.33599656,38.91047601],[-77.33650696,38.91019985],[-77.33668751,38.91027521],[-77.33721257,38.91003536],[-77.33734449,38.91015038],[-77.3376901,38.91009744],[-77.33793697,38.91019244],[-77.33779134,38.9103836],[-77.33788026,38.91045605],[-77.33814707,38.91043544],[-77.33826052,38.91063823],[-77.33845443,38.91071367],[-77.33853372,38.9109992],[-77.33874,38.91086353],[-77.3389348,38.91101852],[-77.33879881,38.91111036],[-77.33896992,38.91127671],[-77.33909983,38.91153229],[-77.33930006,38.91157532],[-77.33921172,38.911898],[-77.33935096,38.91201114],[-77.33907779,38.912173],[-77.33933858,38.91234827],[-77.33937049,38.9126248],[-77.33971699,38.91264668],[-77.33999354,38.91258081],[-77.34031031,38.91258114],[-77.34074064,38.91235075],[-77.34090099,38.91233204],[-77.34127665,38.9121435],[-77.34133918,38.91198578],[-77.34130212,38.91178851],[-77.34139135,38.91171066],[-77.34151617,38.91140057],[-77.34192506,38.91131798],[-77.34210014,38.91110138],[-77.34227846,38.91106769],[-77.34264171,38.91069717],[-77.34291238,38.91048495],[-77.34317232,38.91044196],[-77.34346913,38.91025448],[-77.34356807,38.91006788],[-77.34394507,38.91013889],[-77.34415606,38.91023383],[-77.34422947,38.9100447],[-77.34462896,38.91008886],[-77.34520739,38.91003364],[-77.34528568,38.9098445],[-77.34549804,38.90992898],[-77.34560263,38.9098176],[-77.34593735,38.90985716],[-77.34601959,38.90967847],[-77.34657512,38.9095042],[-77.34691652,38.9096236],[-77.34712545,38.90964207],[-77.34722712,38.90951042],[-77.34776189,38.90933193],[-77.34772659,38.90923663],[-77.34798694,38.90914689],[-77.34821126,38.90918012],[-77.3482908,38.90930919],[-77.3485006,38.90929655],[-77.34868591,38.90939835],[-77.34893701,38.90939254],[-77.34906055,38.90947058],[-77.34969529,38.9094522],[-77.3501392,38.90936694],[-77.35005204,38.90923788],[-77.35022105,38.90904932],[-77.35069729,38.90909374],[-77.35089802,38.9090177],[-77.35117056,38.90905987],[-77.35141526,38.90884561],[-77.35161808,38.90882596],[-77.3517156,38.90869489],[-77.35208056,38.90863464],[-77.35215238,38.90886792],[-77.35234675,38.90900074],[-77.35258068,38.90904441],[-77.35287272,38.90901417],[-77.3529355,38.90879613],[-77.3530861,38.90878722],[-77.35377699,38.90892692],[-77.35398164,38.90907198],[-77.35430205,38.90910761],[-77.35431966,38.90933194],[-77.3545248,38.90925967],[-77.35491016,38.90933852],[-77.35506273,38.90942598],[-77.35539329,38.90932139],[-77.35543935,38.9095427],[-77.35539715,38.9097554],[-77.3556704,38.91007299],[-77.35565743,38.91021214],[-77.35591882,38.91033232],[-77.35633978,38.91068117],[-77.35700792,38.9111407],[-77.35724763,38.91118831],[-77.3574654,38.91115679],[-77.35762516,38.91129704],[-77.35847547,38.91131944],[-77.35869587,38.91124198],[-77.35870005,38.91113166],[-77.35891375,38.91070216],[-77.35924376,38.91063897],[-77.35944958,38.9104549],[-77.35951312,38.91030466],[-77.35967026,38.91023814],[-77.36020401,38.90958806],[-77.36071742,38.90901883],[-77.3608474,38.90870584],[-77.36061857,38.90841221],[-77.36065582,38.90824822],[-77.36146108,38.90946611],[-77.36176015,38.90988776]]]},"properties":{"PREC_IDENT":914,"PREC_NAME":"VALE","DISTRICT":"Sully","cx":-77.3458924240836,"cy":38.90231675945352},"id":914},
{"type":"Feature","geometry":{"type":"Polygon","coordinates":[[[-77.33788189,38.8747082],[-77.33791531,38.87541973],[-77.33784779,38.87567171],[-77.3379819,38.8757825],[-77.33807969,38.87602601],[-77.33813763,38.87652671],[-77.33839335,38.876821],[-77.33853421,38.87711173],[-77.33853111,38.877345],[-77.3386389,38.87745074],[-77.33867016,38.87767443],[-77.33855358,38.87788173],[-77.33854279,38.87835296],[-77.33833593,38.87871215],[-77.33822147,38.8789997],[-77.33796582,38.87892544],[-77.33773486,38.87898464],[-77.33755796,38.87925952],[-77.33754917,38.87971293],[-77.33735991,38.87977416],[-77.33684397,38.87978577],[-77.33667886,38.8798834],[-77.33633594,38.87988263],[-77.33620202,38.87997273],[-77.3358168,38.88006697],[-77.33532998,38.88027542],[-77.33509529,38.88054931],[-77.33498829,38.88076726],[-77.3348291,38.88088008],[-77.33486014,38.88109963],[-77.33476937,38.88123119],[-77.33464597,38.88173901],[-77.33445548,38.88191198],[-77.33444639,38.88202807],[-77.3342395,38.88227014],[-77.33405845,38.88271049],[-77.33396161,38.8827069],[-77.3334115,38.88325859],[-77.33318089,38.88342482],[-77.33337974,38.88359331],[-77.33336077,38.88384814],[-77.33312121,38.88415044],[-77.33304744,38.88433131],[-77.33282731,38.88457224],[-77.33256635,38.88466466],[-77.33246106,38.88500337],[-77.33223404,38.88516244],[-77.33198252,38.88544335],[-77.33197244,38.88566974],[-77.33156666,38.88580064],[-77.33131043,38.88575088],[-77.33124385,38.88596885],[-77.33087772,38.88590645],[-77.33063535,38.88617503],[-77.33067792,38.88634826],[-77.33089688,38.88628547],[-77.33108132,38.88650413],[-77.33131988,38.88666145],[-77.33127788,38.88686726],[-77.33100329,38.88694358],[-77.33089716,38.88709405],[-77.33069323,38.88718096],[-77.33042262,38.88720935],[-77.33027647,38.88734003],[-77.33021888,38.88754554],[-77.32998694,38.88753304],[-77.32988336,38.88762191],[-77.32987278,38.8878313],[-77.33008963,38.88780512],[-77.33008954,38.88800052],[-77.32973574,38.88805834],[-77.32983812,38.88820031],[-77.32984281,38.88846861],[-77.33005205,38.88858443],[-77.32999625,38.88881758],[-77.33016798,38.88896648],[-77.32986899,38.88932995],[-77.3299165,38.88964428],[-77.32979055,38.88974034],[-77.32968137,38.88999144],[-77.32942868,38.89016741],[-77.3293572,38.89037927],[-77.32909545,38.89050789],[-77.32889632,38.89043357],[-77.32876636,38.89049543],[-77.3287138,38.89072524],[-77.32842065,38.89094153],[-77.3279826,38.89105614],[-77.32753542,38.89112724],[-77.32734282,38.89130433],[-77.32710748,38.89131055],[-77.32671716,38.89141333],[-77.3264848,38.89129582],[-77.32642566,38.89154274],[-77.32620385,38.89148898],[-77.32586276,38.89157422],[-77.32577446,38.89185312],[-77.32584628,38.89190898],[-77.32583383,38.89218834],[-77.32536814,38.8922822],[-77.32479405,38.89268725],[-77.32459838,38.89296978],[-77.32429306,38.8931119],[-77.3241158,38.8932678],[-77.32388543,38.89335655],[-77.32382184,38.89348926],[-77.32327797,38.89379408],[-77.32272923,38.89416415],[-77.32250355,38.89426634],[-77.32213714,38.8945573],[-77.32201345,38.89473092],[-77.32173023,38.89482326],[-77.32039564,38.89552318],[-77.32018019,38.89566466],[-77.31998229,38.89614536],[-77.31996443,38.89675516],[-77.31966003,38.89708563],[-77.31970361,38.89736278],[-77.31985267,38.89770007],[-77.32006251,38.89765586],[-77.32011597,38.89780885],[-77.31996761,38.89787725],[-77.31991069,38.89822774],[-77.31958275,38.89854034],[-77.31966887,38.89873043],[-77.31947522,38.89899303],[-77.31901311,38.89917802],[-77.31873444,38.89916989],[-77.31867779,38.89964748],[-77.3184098,38.89974232],[-77.31825956,38.89986698],[-77.3182555,38.90001752],[-77.31801165,38.89997776],[-77.31782429,38.90009458],[-77.31783628,38.90027706],[-77.31763419,38.90036405],[-77.31737761,38.90036559],[-77.31737353,38.90061287],[-77.31721025,38.90068603],[-77.31719506,38.90107685],[-77.3171258,38.90121929],[-77.31712164,38.9016357],[-77.31689801,38.9019332],[-77.31654592,38.90204721],[-77.31657775,38.9024413],[-77.31648269,38.90262045],[-77.31654499,38.90301715],[-77.31688219,38.90317797],[-77.31734753,38.9031106],[-77.31765753,38.90321214],[-77.3179363,38.90317642],[-77.31832055,38.90332346],[-77.31881717,38.90337947],[-77.31890176,38.90349988],[-77.31892138,38.90355778],[-77.31941638,38.90344278],[-77.31986338,38.90339478],[-77.32028738,38.90340078],[-77.32089338,38.90346878],[-77.32195838,38.90369178],[-77.32290138,38.90387078],[-77.32342739,38.90393678],[-77.32446439,38.90391478],[-77.32705039,38.90397378],[-77.32800039,38.90398578],[-77.32872035,38.90406153],[-77.32888395,38.90394234],[-77.32956295,38.90325027],[-77.32966751,38.90308792],[-77.32967931,38.9027956],[-77.32949961,38.90217872],[-77.32957395,38.90192958],[-77.32981156,38.90179739],[-77.33018261,38.90167065],[-77.33134777,38.90133351],[-77.33242883,38.90098043],[-77.33304082,38.90073113],[-77.33429903,38.90007224],[-77.33458201,38.89995835],[-77.33561795,38.89935215],[-77.33652901,38.89886142],[-77.33787999,38.89811142],[-77.33905394,38.89744204],[-77.33889855,38.89727299],[-77.33786412,38.89627148],[-77.33748064,38.89586677],[-77.33744564,38.89564126],[-77.33761723,38.89546035],[-77.33873026,38.89486176],[-77.33957799,38.89437175],[-77.33990645,38.8942679],[-77.34025499,38.89422603],[-77.34132266,38.89404024],[-77.34256073,38.89374627],[-77.34366566,38.89342764],[-77.34418919,38.89321037],[-77.34483822,38.89283644],[-77.3459823,38.89204861],[-77.34670323,38.89157241],[-77.34756197,38.89104675],[-77.34772814,38.89098248],[-77.34819246,38.89094996],[-77.34902361,38.89214298],[-77.34985567,38.89328109],[-77.35054754,38.89417892],[-77.35096992,38.89479128],[-77.35214232,38.89640363],[-77.35246063,38.89693396],[-77.35280865,38.89736435],[-77.35418347,38.89928894],[-77.35543548,38.90098715],[-77.35587538,38.9016079],[-77.35734403,38.90360888],[-77.35747876,38.90375435],[-77.35989497,38.9027481],[-77.36197084,38.90192522],[-77.36334356,38.90134265],[-77.36521495,38.9007786],[-77.36616528,38.90045964],[-77.36773974,38.9000039],[-77.36877333,38.89975162],[-77.36935147,38.89963499],[-77.36982331,38.89957363],[-77.37049496,38.89932059],[-77.37113479,38.89885582],[-77.3716885,38.89850417],[-77.37252022,38.89812635],[-77.37398121,38.89750605],[-77.37452688,38.89721746],[-77.37505196,38.8968971],[-77.37542165,38.89662605],[-77.37595979,38.89636896],[-77.37664123,38.89615992],[-77.37697222,38.89611641],[-77.37718254,38.89614862],[-77.37794869,38.89636464],[-77.37818344,38.89640807],[-77.37886184,38.89639395],[-77.37922189,38.89628892],[-77.38007503,38.89588517],[-77.38034603,38.89585754],[-77.38032448,38.89566238],[-77.38043939,38.89460354],[-77.38046257,38.89334338],[-77.38036835,38.89285096],[-77.37992681,38.89232502],[-77.37961389,38.89188818],[-77.3790106,38.89092135],[-77.37841533,38.8901166],[-77.37833011,38.88994966],[-77.37757068,38.88885913],[-77.37746634,38.88879086],[-77.37709297,38.88817769],[-77.37656293,38.88724861],[-77.37626385,38.88637941],[-77.37581276,38.88534674],[-77.37564465,38.88508838],[-77.37524981,38.88472626],[-77.37496084,38.88455873],[-77.37449677,38.8843552],[-77.37380004,38.88397782],[-77.37298007,38.88361848],[-77.37268382,38.88346735],[-77.37110565,38.88239775],[-77.36988146,38.8816075],[-77.36958973,38.88129328],[-77.36877496,38.88070716],[-77.36824738,38.88030117],[-77.36722564,38.87959797],[-77.36693976,38.87945929],[-77.36622365,38.8792025],[-77.36510751,38.87891712],[-77.36467756,38.87878116],[-77.36344142,38.87831063],[-77.36200083,38.87788479],[-77.36124334,38.87758088],[-77.36052018,38.87732811],[-77.35949458,38.87709573],[-77.35840656,38.87681331],[-77.35718006,38.87640321],[-77.35593907,38.8760218],[-77.35520294,38.87570296],[-77.35459656,38.87539911],[-77.35417062,38.87523432],[-77.35362993,38.87521668],[-77.35270308,38.8754026],[-77.35101751,38.87570776],[-77.34992632,38.87594247],[-77.34867573,38.87616225],[-77.34781535,38.87636388],[-77.34716029,38.87646729],[-77.34668087,38.87657105],[-77.34612645,38.87675096],[-77.34545456,38.87702719],[-77.34505781,38.87723198],[-77.34422686,38.87756842],[-77.34327179,38.8779764],[-77.34303195,38.87803582],[-77.34262557,38.87796592],[-77.34205081,38.87766369],[-77.34136858,38.87727252],[-77.3410453,38.87706064],[-77.34055065,38.87680176],[-77.34007156,38.87644966],[-77.33951443,38.87592792],[-77.33912758,38.87552044],[-77.33877254,38.87510091],[-77.33856045,38.87496564],[-77.33788189,38.8747082]]]},"properties":{"PREC_IDENT":916,"PREC_NAME":"WAPLES MILL","DISTRICT":"Sully","cx":-77.35856320247473,"cy":38.88767502816714},"id":916},
{"type":"Feature","geometry":{"type":"Polygon","coordinates":[[[-77.39690577,38.92101116],[-77.39710641,38.92073278],[-77.39768741,38.91981278],[-77.39878641,38.91810678],[-77.40027941,38.91582678],[-77.40081141,38.91505078],[-77.40139841,38.91436978],[-77.40167241,38.91399677],[-77.40255241,38.91263777],[-77.40291041,38.91199577],[-77.40320541,38.91127877],[-77.40338541,38.91094077],[-77.40471641,38.90885277],[-77.40519241,38.90804877],[-77.40578361,38.90710994],[-77.40487134,38.90674978],[-77.4045077,38.90662831],[-77.40399606,38.90653292],[-77.40321566,38.90654761],[-77.40248962,38.90668362],[-77.40200596,38.90682738],[-77.40152285,38.90693407],[-77.40072816,38.90696371],[-77.40001966,38.90687195],[-77.39955464,38.90671657],[-77.39914319,38.9065054],[-77.39861131,38.90612697],[-77.39793624,38.90546162],[-77.39765771,38.90529151],[-77.39723461,38.90515299],[-77.39650387,38.90513789],[-77.39604429,38.90508689],[-77.39486963,38.90468867],[-77.39434378,38.90460546],[-77.3938909,38.9046602],[-77.39319612,38.90496398],[-77.3925753,38.90511328],[-77.39131204,38.90521944],[-77.39040302,38.90537012],[-77.38982733,38.90555552],[-77.38939205,38.90575049],[-77.38757332,38.90677536],[-77.38682032,38.90728721],[-77.38640311,38.90744938],[-77.38599463,38.9075018],[-77.3855981,38.90746372],[-77.38524842,38.90735056],[-77.3849629,38.90717898],[-77.38458926,38.90679924],[-77.38381373,38.90627427],[-77.3836304,38.9060858],[-77.38330374,38.9058493],[-77.38275579,38.90560519],[-77.38266851,38.90579383],[-77.3815424,38.90707588],[-77.38126722,38.90750707],[-77.38107393,38.90803942],[-77.38094673,38.90888652],[-77.38073439,38.90974615],[-77.38067804,38.90987509],[-77.38071005,38.90989317],[-77.38084271,38.9099681],[-77.38225461,38.91115542],[-77.382949,38.91170297],[-77.38312748,38.91197789],[-77.38333144,38.91242192],[-77.38367843,38.91270942],[-77.38415544,38.91299815],[-77.38464367,38.91324443],[-77.38661702,38.91404573],[-77.38765833,38.91466382],[-77.38868971,38.91524335],[-77.38931532,38.91547168],[-77.39001289,38.91559223],[-77.390464,38.91574065],[-77.39082992,38.91594319],[-77.39118071,38.9162156],[-77.39166907,38.91668289],[-77.39173336,38.91684414],[-77.39221644,38.9174267],[-77.39262802,38.91786032],[-77.39336373,38.91824481],[-77.39391231,38.91845592],[-77.39438204,38.91876651],[-77.39469021,38.91906871],[-77.39673636,38.92086729],[-77.39690577,38.92101116]]]},"properties":{"PREC_IDENT":908,"PREC_NAME":"HIDDEN MEADOW","DISTRICT":"Sully","cx":-77.39364761742293,"cy":38.91101855832827},"id":908},
{"type":"Feature","geometry":{"type":"Polygon","coordinates":[[[-77.41109859,38.92391059],[-77.41113941,38.92368078],[-77.41127465,38.92335016],[-77.41130941,38.92305578],[-77.41120358,38.92287141],[-77.41137678,38.92221667],[-77.41177841,38.92176578],[-77.41181041,38.92155478],[-77.41194541,38.92149977],[-77.41195133,38.9212972],[-77.41207267,38.92112989],[-77.41255696,38.92013385],[-77.41280541,38.91941778],[-77.41293041,38.91886078],[-77.41312312,38.91864267],[-77.41317941,38.91816578],[-77.41335341,38.91725778],[-77.41284513,38.91667862],[-77.41246441,38.91632777],[-77.41228524,38.91628269],[-77.41155441,38.91579378],[-77.41116983,38.91550412],[-77.41098648,38.91527288],[-77.41097541,38.91508577],[-77.41104141,38.91452377],[-77.41112138,38.91429084],[-77.41110341,38.91401877],[-77.41114741,38.91366277],[-77.40935718,38.9138128],[-77.40889218,38.91388262],[-77.40844641,38.91401177],[-77.40810066,38.91416084],[-77.40753704,38.91452671],[-77.40719641,38.91486577],[-77.40669056,38.91460661],[-77.40644241,38.91442978],[-77.40623481,38.91418003],[-77.40606341,38.91388377],[-77.40594341,38.91350577],[-77.40591481,38.91321976],[-77.40595041,38.91285977],[-77.40617541,38.91233677],[-77.40642108,38.91210107],[-77.4067018,38.91193558],[-77.40720282,38.91172785],[-77.40744443,38.91155574],[-77.40782583,38.91115942],[-77.40846274,38.91078415],[-77.40877183,38.91047383],[-77.40886122,38.91032788],[-77.40922396,38.90932578],[-77.40927011,38.90890779],[-77.40936623,38.90859565],[-77.40960941,38.90825877],[-77.41000441,38.90796277],[-77.41032064,38.90776975],[-77.40979903,38.90736505],[-77.40940206,38.9072076],[-77.40910641,38.90715977],[-77.40875841,38.90716677],[-77.40760541,38.90736977],[-77.40692341,38.90739677],[-77.40622941,38.90726377],[-77.40578361,38.90710994],[-77.40519241,38.90804877],[-77.40471641,38.90885277],[-77.40338541,38.91094077],[-77.40320541,38.91127877],[-77.40291041,38.91199577],[-77.40255241,38.91263777],[-77.40167241,38.91399677],[-77.40139841,38.91436978],[-77.40081141,38.91505078],[-77.40027941,38.91582678],[-77.39878641,38.91810678],[-77.39768741,38.91981278],[-77.39710641,38.92073278],[-77.39690577,38.92101116],[-77.39753051,38.92156946],[-77.39788995,38.92196824],[-77.39843362,38.92250193],[-77.39876439,38.92293751],[-77.39896818,38.92340073],[-77.39897137,38.92365064],[-77.39911278,38.9242165],[-77.39956842,38.92414566],[-77.39997738,38.92418458],[-77.40053781,38.92403325],[-77.40100189,38.92414287],[-77.40143623,38.92409218],[-77.40202455,38.92450934],[-77.40204642,38.92471966],[-77.40228258,38.92464875],[-77.40252189,38.92474997],[-77.4026826,38.92490884],[-77.40298822,38.92477959],[-77.4032867,38.92481442],[-77.40358408,38.92472021],[-77.40387584,38.9247527],[-77.40439041,38.92455402],[-77.40464166,38.92455763],[-77.40496151,38.92426773],[-77.40551064,38.92401094],[-77.4055885,38.92378249],[-77.40572469,38.92370841],[-77.40571706,38.92348483],[-77.40587896,38.92334964],[-77.40611694,38.92353844],[-77.40646247,38.92344676],[-77.40668474,38.92345328],[-77.40677527,38.92371506],[-77.40699992,38.92386757],[-77.4072022,38.92433472],[-77.40731241,38.92445217],[-77.40719368,38.92462669],[-77.40754212,38.92480553],[-77.40776245,38.92477156],[-77.40778288,38.92501564],[-77.4082724,38.92527036],[-77.4085688,38.92515287],[-77.40877309,38.92520228],[-77.40905674,38.92495981],[-77.40921565,38.92471547],[-77.40943187,38.92466511],[-77.40929342,38.9244463],[-77.4094991,38.92412521],[-77.40984294,38.92397331],[-77.41058326,38.92378436],[-77.41073559,38.92389015],[-77.41109859,38.92391059]]]},"properties":{"PREC_IDENT":909,"PREC_NAME":"OAK HILL","DISTRICT":"Sully","cx":-77.40504091702371,"cy":38.91869075851019},"id":909},
{"type":"Feature","geometry":{"type":"Polygon","coordinates":[[[-77.40578361,38.90710994],[-77.40622941,38.90726377],[-77.40692341,38.90739677],[-77.40760541,38.90736977],[-77.40875841,38.90716677],[-77.40910641,38.90715977],[-77.40940206,38.9072076],[-77.40979903,38.90736505],[-77.41032064,38.90776975],[-77.41000441,38.90796277],[-77.40960941,38.90825877],[-77.40936623,38.90859565],[-77.40927011,38.90890779],[-77.40988341,38.90900277],[-77.41045441,38.90915377],[-77.41052341,38.90896477],[-77.41083641,38.90900977],[-77.41113241,38.90964577],[-77.41122241,38.91015077],[-77.41141141,38.91027177],[-77.41163441,38.91016977],[-77.41228741,38.90997777],[-77.41274841,38.90972977],[-77.41303641,38.90950977],[-77.41356741,38.90903177],[-77.41385841,38.90867977],[-77.41433941,38.90832577],[-77.41495741,38.90802477],[-77.41514941,38.90786977],[-77.41535241,38.90761277],[-77.41559441,38.90715577],[-77.41585641,38.90686577],[-77.41612441,38.90669577],[-77.41654441,38.90655777],[-77.41684641,38.90652377],[-77.41755341,38.90652677],[-77.41797341,38.90647977],[-77.41842042,38.90634177],[-77.41801441,38.90555177],[-77.41734141,38.90428477],[-77.41714541,38.90376177],[-77.41667641,38.90193677],[-77.41614041,38.89991877],[-77.41586592,38.89896273],[-77.41582062,38.89870557],[-77.41559434,38.89786735],[-77.41542769,38.89713568],[-77.41509641,38.89594577],[-77.41492841,38.89515577],[-77.41475641,38.89465477],[-77.41427541,38.89283477],[-77.41422409,38.89252492],[-77.41396141,38.89160177],[-77.41379141,38.89091777],[-77.41352241,38.89096677],[-77.41327941,38.89119877],[-77.41328741,38.89136377],[-77.41310041,38.89148877],[-77.41309641,38.89166377],[-77.41326941,38.89172777],[-77.41322141,38.89198277],[-77.41307541,38.89217277],[-77.41292441,38.89223377],[-77.41297641,38.89241377],[-77.41285941,38.89259477],[-77.41258741,38.89259777],[-77.41209441,38.89270877],[-77.41193141,38.89263777],[-77.41167641,38.89282777],[-77.41138841,38.89284877],[-77.41117941,38.89274277],[-77.41098441,38.89275477],[-77.41100241,38.89299677],[-77.41068141,38.89301877],[-77.41025241,38.89316377],[-77.40985141,38.89320177],[-77.40965841,38.89307177],[-77.40941441,38.89329177],[-77.40942341,38.89349077],[-77.40919041,38.89361177],[-77.40909441,38.89376777],[-77.40922541,38.89408577],[-77.40888441,38.89428977],[-77.40856641,38.89460077],[-77.40846041,38.89479877],[-77.40848941,38.89504277],[-77.40800841,38.89513177],[-77.40745741,38.89533577],[-77.40723441,38.89535577],[-77.40698041,38.89562177],[-77.40679441,38.89543577],[-77.40645641,38.89543177],[-77.40572641,38.89504077],[-77.40556541,38.89498677],[-77.40523141,38.89505077],[-77.40474441,38.89507877],[-77.40379083,38.8950408],[-77.40174519,38.8971498],[-77.40128795,38.89747539],[-77.40054785,38.89826494],[-77.40004213,38.89872608],[-77.3999386,38.89894571],[-77.39763786,38.90144451],[-77.39756619,38.90143304],[-77.39706728,38.90195117],[-77.39607931,38.90281895],[-77.39477293,38.90394674],[-77.39462675,38.90389783],[-77.3938909,38.9046602],[-77.39434378,38.90460546],[-77.39486963,38.90468867],[-77.39604429,38.90508689],[-77.39650387,38.90513789],[-77.39723461,38.90515299],[-77.39765771,38.90529151],[-77.39793624,38.90546162],[-77.39861131,38.90612697],[-77.39914319,38.9065054],[-77.39955464,38.90671657],[-77.40001966,38.90687195],[-77.40072816,38.90696371],[-77.40152285,38.90693407],[-77.40200596,38.90682738],[-77.40248962,38.90668362],[-77.40321566,38.90654761],[-77.40399606,38.90653292],[-77.4045077,38.90662831],[-77.40487134,38.90674978],[-77.40578361,38.90710994]]]},"properties":{"PREC_IDENT":905,"PREC_NAME":"FRANKLIN","DISTRICT":"Sully","cx":-77.40799558801857,"cy":38.901491105181},"id":905},
{"type":"Feature","geometry":{"type":"Polygon","coordinates":[[[-77.38840771,38.87765304],[-77.38796877,38.87832164],[-77.38670778,38.88034856],[-77.38600121,38.88150888],[-77.38690533,38.88188129],[-77.38758173,38.88221309],[-77.38805839,38.8825128],[-77.38868689,38.88298967],[-77.38918532,38.88347218],[-77.3895614,38.88391509],[-77.38983647,38.88430212],[-77.39010995,38.88479211],[-77.39036083,38.88538074],[-77.39124463,38.8877547],[-77.39165311,38.88883222],[-77.39198005,38.88950257],[-77.39223636,38.88996905],[-77.39247678,38.89032691],[-77.39293525,38.89089964],[-77.39327398,38.89126255],[-77.39386981,38.8918146],[-77.3954084,38.89320754],[-77.39647832,38.89423224],[-77.39589868,38.89421584],[-77.39554019,38.89405948],[-77.39419001,38.89474753],[-77.3930453,38.89538066],[-77.39038853,38.89676563],[-77.38916622,38.8974131],[-77.38661576,38.89873171],[-77.38545008,38.8993481],[-77.38522432,38.89940363],[-77.38326689,38.89941249],[-77.38117633,38.89939535],[-77.38117856,38.9000806],[-77.38130195,38.90041813],[-77.38200633,38.90160549],[-77.38211753,38.90191134],[-77.38220635,38.90275107],[-77.38226573,38.90300014],[-77.38290402,38.90443684],[-77.38295917,38.90473117],[-77.38292876,38.90510433],[-77.38275579,38.90560519],[-77.38330374,38.9058493],[-77.3836304,38.9060858],[-77.38381373,38.90627427],[-77.38458926,38.90679924],[-77.3849629,38.90717898],[-77.38524842,38.90735056],[-77.3855981,38.90746372],[-77.38599463,38.9075018],[-77.38640311,38.90744938],[-77.38682032,38.90728721],[-77.38757332,38.90677536],[-77.38939205,38.90575049],[-77.38982733,38.90555552],[-77.39040302,38.90537012],[-77.39131204,38.90521944],[-77.3925753,38.90511328],[-77.39319612,38.90496398],[-77.3938909,38.9046602],[-77.39462675,38.90389783],[-77.39477293,38.90394674],[-77.39607931,38.90281895],[-77.39706728,38.90195117],[-77.39756619,38.90143304],[-77.39763786,38.90144451],[-77.3999386,38.89894571],[-77.40004213,38.89872608],[-77.40054785,38.89826494],[-77.40128795,38.89747539],[-77.40174519,38.8971498],[-77.40379083,38.8950408],[-77.40342941,38.89517977],[-77.40315241,38.89516077],[-77.40303641,38.89522577],[-77.40273641,38.89513977],[-77.40225841,38.89508277],[-77.40186941,38.89499977],[-77.40091141,38.89498577],[-77.40032741,38.89494777],[-77.40025941,38.89488177],[-77.40123541,38.89198777],[-77.40179241,38.89027777],[-77.39982841,38.88938177],[-77.39900841,38.88902077],[-77.40374541,38.88872177],[-77.40466041,38.88417977],[-77.40468691,38.88397759],[-77.40403905,38.88370921],[-77.40171312,38.88280329],[-77.39958256,38.88198977],[-77.39773543,38.88125302],[-77.39472157,38.88008787],[-77.39374702,38.87972584],[-77.39165504,38.87892765],[-77.39091845,38.87862688],[-77.38840771,38.87765304]]]},"properties":{"PREC_IDENT":920,"PREC_NAME":"CHANTILLY","DISTRICT":"Sully","cx":-77.3955841943441,"cy":38.88561076869621},"id":920},
{"type":"Feature","geometry":{"type":"Polygon","coordinates":[[[-77.23949734,38.66654173],[-77.23846434,38.66549473],[-77.23590534,38.66317373],[-77.23289134,38.66041873],[-77.23138434,38.65905773],[-77.23011752,38.65787537],[-77.22463,38.65290288],[-77.22408478,38.6524452],[-77.22361977,38.65200762],[-77.22314183,38.65150947],[-77.2226409,38.65092594],[-77.22211411,38.6502213],[-77.22165074,38.64949538],[-77.22137935,38.64900223],[-77.22105524,38.64832314],[-77.22075431,38.64752209],[-77.2204747,38.64650708],[-77.22035614,38.64588791],[-77.2202792,38.64529115],[-77.22022911,38.64436653],[-77.2202716,38.64335504],[-77.22036116,38.64265025],[-77.22046924,38.64208573],[-77.22069446,38.64123414],[-77.22098201,38.64042168],[-77.22121572,38.6398805],[-77.22178781,38.63901484],[-77.22887065,38.62753619],[-77.22921238,38.62692605],[-77.22942877,38.62671557],[-77.22970919,38.6262976],[-77.2300491,38.6255334],[-77.23015255,38.62507635],[-77.2290545,38.61687],[-77.22727242,38.60395841],[-77.21531284,38.61109668],[-77.21172502,38.61317714],[-77.21033929,38.61413676],[-77.20970299,38.61448675],[-77.20865577,38.61510956],[-77.20803418,38.61502855],[-77.20315827,38.61736789],[-77.20272276,38.61744957],[-77.20224901,38.61732211],[-77.20180342,38.61738033],[-77.20163195,38.61757203],[-77.20157034,38.61788304],[-77.20144123,38.61805461],[-77.2007193,38.6184901],[-77.20051687,38.61865125],[-77.19955636,38.61911704],[-77.19892433,38.61922072],[-77.19858294,38.61932728],[-77.19787739,38.61943615],[-77.19750473,38.61952537],[-77.19670751,38.61947667],[-77.19646499,38.61953164],[-77.1956951,38.61952031],[-77.19468117,38.61945408],[-77.1940453,38.61938795],[-77.19328645,38.61934652],[-77.19245112,38.61927677],[-77.19158548,38.61914077],[-77.19123495,38.61936067],[-77.19091075,38.61947924],[-77.19041003,38.61958417],[-77.18988733,38.62035772],[-77.18952993,38.62053204],[-77.18863376,38.6207266],[-77.18804425,38.62080512],[-77.18729084,38.62104108],[-77.18700028,38.62104194],[-77.18628081,38.62133594],[-77.18503044,38.62156493],[-77.18457144,38.62158861],[-77.18408907,38.62155023],[-77.18286998,38.62159968],[-77.18243329,38.62174305],[-77.18175899,38.62205402],[-77.1810838,38.62241302],[-77.18076157,38.62261398],[-77.18049662,38.62293641],[-77.18018126,38.62314431],[-77.17996316,38.62320227],[-77.17924434,38.62326693],[-77.17754024,38.62361018],[-77.17683204,38.62385894],[-77.1764099,38.62397088],[-77.17588695,38.6240446],[-77.17526036,38.624043],[-77.17477854,38.62416387],[-77.17425941,38.62421978],[-77.17329353,38.62420334],[-77.17275257,38.6243043],[-77.16636632,38.62511459],[-77.16038949,38.62667893],[-77.14553244,38.63056814],[-77.12968508,38.63471164],[-77.12987531,38.63511173],[-77.13079322,38.6364602],[-77.13107925,38.63725308],[-77.13129432,38.63809593],[-77.13153131,38.63878573],[-77.13192531,38.63951073],[-77.13188331,38.63990073],[-77.13238882,38.6403023],[-77.13244431,38.64042273],[-77.13285716,38.64098121],[-77.13303548,38.64136364],[-77.13297666,38.64169524],[-77.13310995,38.64223642],[-77.13328524,38.64241011],[-77.13346792,38.64274727],[-77.13296553,38.64338813],[-77.13299454,38.64370428],[-77.13290578,38.64395315],[-77.13285441,38.64444549],[-77.13300595,38.64476307],[-77.13328353,38.64508212],[-77.13369096,38.64538621],[-77.134259,38.64571552],[-77.13461234,38.6458627],[-77.13548531,38.64638073],[-77.13600913,38.64686323],[-77.13629617,38.64723868],[-77.13636904,38.64782859],[-77.13624331,38.64863673],[-77.13627631,38.64887573],[-77.13623131,38.64928473],[-77.13629141,38.64983502],[-77.13642531,38.65023373],[-77.13590031,38.65278173],[-77.13534931,38.65619373],[-77.13385731,38.66546873],[-77.13304731,38.67013274],[-77.13244131,38.67415074],[-77.13222831,38.67428474],[-77.13148131,38.67495474],[-77.13127931,38.67520074],[-77.13103731,38.67538874],[-77.13071831,38.67554874],[-77.13016631,38.67596374],[-77.12990431,38.67636474],[-77.12957731,38.67676974],[-77.12907631,38.67711474],[-77.12849431,38.67757974],[-77.12836231,38.67778474],[-77.12808031,38.67807474],[-77.12732031,38.67860974],[-77.12704531,38.67919474],[-77.12647831,38.67983274],[-77.12622831,38.68026074],[-77.12575231,38.68087174],[-77.12504031,38.68144274],[-77.12472131,38.68197774],[-77.12449631,38.68260574],[-77.12405731,38.68321274],[-77.12356031,38.68371974],[-77.12337731,38.68431974],[-77.12327931,38.68447874],[-77.12263431,38.68526374],[-77.12217131,38.68613974],[-77.12212931,38.68638074],[-77.12214131,38.68680974],[-77.12202631,38.68732874],[-77.12193131,38.68746774],[-77.12179431,38.68786474],[-77.12210131,38.68892274],[-77.12222931,38.68908674],[-77.12244831,38.68962674],[-77.12255231,38.69012974],[-77.12284831,38.69092074],[-77.12301831,38.69155074],[-77.12311131,38.69214974],[-77.12318831,38.69309174],[-77.12343831,38.69341574],[-77.12363131,38.69435974],[-77.12407931,38.69497674],[-77.12428831,38.69545174],[-77.12448931,38.69578874],[-77.12460231,38.69588674],[-77.12475431,38.69651174],[-77.12488331,38.69676374],[-77.12507131,38.69734274],[-77.12520431,38.69752974],[-77.12529931,38.69793074],[-77.12558031,38.69834274],[-77.12587331,38.69850374],[-77.12636431,38.69858474],[-77.12640831,38.69846974],[-77.12686631,38.69862874],[-77.12706531,38.69884074],[-77.12743431,38.69972474],[-77.12732431,38.70008874],[-77.12747331,38.70050074],[-77.12754931,38.70107174],[-77.12773931,38.70137074],[-77.12773631,38.70153874],[-77.12752331,38.70181574],[-77.12733331,38.70196774],[-77.12739331,38.70212874],[-77.12728731,38.70236474],[-77.12739031,38.70240574],[-77.12771331,38.70220174],[-77.12785631,38.70203674],[-77.12836031,38.70195474],[-77.12885231,38.70208674],[-77.12905531,38.70206174],[-77.12947331,38.70235374],[-77.12957531,38.70253774],[-77.12989831,38.70271674],[-77.12961031,38.70293374],[-77.12809531,38.70522174],[-77.12820631,38.70542174],[-77.12735531,38.70659174],[-77.12566931,38.70914274],[-77.12642231,38.70936574],[-77.12709631,38.70962774],[-77.12758231,38.70986574],[-77.12842431,38.71042674],[-77.12887731,38.71078874],[-77.12936931,38.71131974],[-77.12954331,38.71157074],[-77.13003431,38.71237774],[-77.13051831,38.71226574],[-77.13076931,38.71216774],[-77.13134431,38.71185774],[-77.13178131,38.71180874],[-77.13259731,38.71192674],[-77.13308331,38.71196574],[-77.13357531,38.71194174],[-77.13397331,38.71184774],[-77.13432231,38.71166174],[-77.13460331,38.71172274],[-77.13613631,38.71215674],[-77.13708332,38.71176474],[-77.13759732,38.71348574],[-77.13757331,38.71383674],[-77.13922032,38.71371974],[-77.13957732,38.71382274],[-77.14021132,38.71381774],[-77.14027032,38.71408174],[-77.14224052,38.71268425],[-77.14267368,38.71238994],[-77.14335319,38.71185682],[-77.1439705,38.71146165],[-77.14426785,38.71130582],[-77.14511942,38.71094082],[-77.14577169,38.71073554],[-77.14649713,38.71055306],[-77.1488447,38.71003093],[-77.14979535,38.70980023],[-77.15146238,38.70930728],[-77.15210288,38.70916773],[-77.15402559,38.70886991],[-77.15480556,38.70876765],[-77.1555387,38.7087335],[-77.15770845,38.70871856],[-77.15848021,38.70868071],[-77.16036372,38.7084153],[-77.16097491,38.70834264],[-77.16388461,38.7079255],[-77.16464666,38.70784356],[-77.1676904,38.70775601],[-77.1720068,38.70764437],[-77.17336716,38.70761585],[-77.17802361,38.70749822],[-77.17995112,38.70740844],[-77.18503691,38.70728744],[-77.18585874,38.70738453],[-77.18979146,38.70832244],[-77.19054253,38.70845716],[-77.19288092,38.7089968],[-77.19299598,38.7091193],[-77.19320733,38.70844674],[-77.19355033,38.70765174],[-77.19376333,38.70721674],[-77.19426333,38.70641374],[-77.19694533,38.70267174],[-77.19739833,38.70152774],[-77.19691933,38.70147074],[-77.19619133,38.70184674],[-77.19568433,38.70191074],[-77.19529233,38.70192574],[-77.19526233,38.70030874],[-77.19724033,38.69947274],[-77.19772833,38.69908274],[-77.19800933,38.70082774],[-77.19807733,38.70096974],[-77.19914633,38.70042074],[-77.20039233,38.69981174],[-77.20067533,38.69965574],[-77.20094633,38.69944074],[-77.20112433,38.69921574],[-77.20123233,38.69897174],[-77.20140533,38.69813974],[-77.20134333,38.69804174],[-77.20092233,38.69772174],[-77.20078133,38.69750374],[-77.20067833,38.69685074],[-77.20071833,38.69664774],[-77.20093833,38.69641774],[-77.20160833,38.69597474],[-77.20244333,38.69547974],[-77.20299633,38.69489974],[-77.20432933,38.69377174],[-77.20546434,38.69268674],[-77.20563334,38.69240674],[-77.20563634,38.69206574],[-77.20547134,38.69149374],[-77.20550333,38.69119774],[-77.20567734,38.69096774],[-77.20604134,38.69072674],[-77.20619534,38.69056874],[-77.20651934,38.69007174],[-77.20660833,38.68975074],[-77.20663633,38.68889974],[-77.20670734,38.68866674],[-77.20690234,38.68845074],[-77.20730734,38.68814074],[-77.20824734,38.68748874],[-77.20913134,38.68703874],[-77.21071534,38.68600174],[-77.21150234,38.68554574],[-77.21202034,38.68528473],[-77.21304934,38.68483974],[-77.21344134,38.68470674],[-77.21397834,38.68457974],[-77.21521134,38.68424974],[-77.21563934,38.68405474],[-77.21593934,38.68384574],[-77.21631434,38.68364274],[-77.21692734,38.68342673],[-77.21743434,38.68318274],[-77.21803834,38.68272674],[-77.21851234,38.68231873],[-77.21914134,38.68165373],[-77.21928934,38.68145874],[-77.21965034,38.68086773],[-77.22003834,38.68040273],[-77.22048434,38.68012673],[-77.22166234,38.67954473],[-77.22206234,38.67937673],[-77.22301934,38.67904873],[-77.22423134,38.67868173],[-77.22469234,38.67843273],[-77.22488834,38.67820173],[-77.22506334,38.67776473],[-77.22518034,38.67714773],[-77.22546034,38.67583173],[-77.22569634,38.67531773],[-77.22594734,38.67468273],[-77.22620334,38.67431073],[-77.22659534,38.67384273],[-77.22725134,38.67314673],[-77.22821534,38.67204173],[-77.22887034,38.67143573],[-77.22959434,38.67070673],[-77.23012434,38.67036473],[-77.23285834,38.66926673],[-77.23421434,38.66871473],[-77.23647834,38.66771973],[-77.23770934,38.66721873],[-77.23949734,38.66654173]]]},"properties":{"PREC_IDENT":616,"PREC_NAME":"GUNSTON","DISTRICT":"Mount Vernon","cx":-77.17808247753332,"cy":38.66330134215653},"id":616},
{"type":"Feature","geometry":{"type":"Polygon","coordinates":[[[-77.05839657,38.72651607],[-77.058637,38.72606454],[-77.05948342,38.72511241],[-77.05950607,38.72503168],[-77.06004808,38.72439986],[-77.06018563,38.72418323],[-77.06044688,38.72321566],[-77.06050883,38.72309834],[-77.06079722,38.72200067],[-77.06219835,38.72222932],[-77.06426308,38.72258143],[-77.06436151,38.72256754],[-77.06510996,38.7226875],[-77.06537548,38.72252366],[-77.06663951,38.72206953],[-77.07067329,38.72058575],[-77.07122358,38.7203611],[-77.07492336,38.7186898],[-77.0751193,38.71839875],[-77.0754633,38.71801475],[-77.07590472,38.71763694],[-77.07563985,38.71738035],[-77.07466403,38.71674098],[-77.07390026,38.71619207],[-77.07322566,38.71556597],[-77.07266046,38.71507987],[-77.07262133,38.71440247],[-77.07323372,38.7135696],[-77.07400074,38.7129977],[-77.07400051,38.712918],[-77.07419032,38.71286114],[-77.07484059,38.71233443],[-77.07400095,38.71164426],[-77.07316033,38.71090903],[-77.07288384,38.71071206],[-77.07222889,38.71033472],[-77.07182917,38.71016645],[-77.07135803,38.71006459],[-77.07087485,38.71003947],[-77.06946277,38.71001949],[-77.06769095,38.70993606],[-77.06219663,38.70969163],[-77.0606712,38.70973194],[-77.05904985,38.70983559],[-77.05771388,38.70986583],[-77.05727814,38.70992226],[-77.05672177,38.71005134],[-77.05626967,38.71004989],[-77.05480972,38.70979572],[-77.05442298,38.7096811],[-77.05402837,38.70960895],[-77.05355566,38.70958664],[-77.05335174,38.70961845],[-77.0528924,38.70980226],[-77.05230752,38.71030308],[-77.05182112,38.71096027],[-77.05149023,38.71120471],[-77.04983087,38.71197508],[-77.04940588,38.71219226],[-77.04848997,38.71259422],[-77.04817597,38.71269606],[-77.04789606,38.712845],[-77.04762141,38.71308052],[-77.04727961,38.71351704],[-77.04688528,38.71395154],[-77.04667514,38.71411645],[-77.0461009,38.71443338],[-77.04587898,38.7146613],[-77.04555227,38.71539048],[-77.04509851,38.71598901],[-77.04495684,38.71623441],[-77.04458211,38.71673779],[-77.04433865,38.71699017],[-77.04424409,38.71715925],[-77.04398315,38.71740866],[-77.04327043,38.71833076],[-77.04306859,38.71877725],[-77.04305446,38.71964762],[-77.04291481,38.72013882],[-77.04277794,38.72049275],[-77.0425527,38.72124702],[-77.04385149,38.72179926],[-77.04479246,38.72210645],[-77.04519588,38.72226525],[-77.04599958,38.72273933],[-77.04655464,38.7230277],[-77.04697507,38.72321278],[-77.04783132,38.72351587],[-77.04858807,38.72371198],[-77.04931078,38.72385824],[-77.05100456,38.72435154],[-77.05182576,38.72465553],[-77.05402835,38.72530062],[-77.0549644,38.72547282],[-77.05550522,38.72560032],[-77.05593366,38.72573742],[-77.0564762,38.72595418],[-77.05839657,38.72651607]]]},"properties":{"PREC_IDENT":605,"PREC_NAME":"FORT HUNT","DISTRICT":"Mount Vernon","cx":-77.05681850596403,"cy":38.7166829314122},"id":605},
{"type":"Feature","geometry":{"type":"Polygon","coordinates":[[[-77.0556825,38.73335495],[-77.05584245,38.73342146],[-77.0569239,38.73369155],[-77.05763516,38.73388979],[-77.06052092,38.73457748],[-77.06078233,38.73465484],[-77.06364644,38.73537651],[-77.06475975,38.73563457],[-77.06494073,38.73570132],[-77.06597031,38.7359391],[-77.06713665,38.73623397],[-77.06751586,38.73611706],[-77.06822435,38.73633053],[-77.06866731,38.73638219],[-77.06886949,38.73636208],[-77.06917507,38.73616181],[-77.06952284,38.73595681],[-77.06971406,38.73555374],[-77.07003904,38.73515003],[-77.07029522,38.73498917],[-77.07125922,38.73462058],[-77.07149616,38.73440023],[-77.07230321,38.73444064],[-77.07250115,38.73433963],[-77.0726728,38.73412953],[-77.07261985,38.73399155],[-77.07283861,38.73363515],[-77.07371454,38.73301554],[-77.07396167,38.73290153],[-77.07453804,38.732773],[-77.07476654,38.73261645],[-77.0748438,38.73225627],[-77.07496216,38.73212177],[-77.07519557,38.73202025],[-77.07554682,38.73198745],[-77.0764419,38.73211092],[-77.07688812,38.73206279],[-77.07714698,38.73191489],[-77.07761916,38.7317943],[-77.07788607,38.73194858],[-77.07780858,38.73232112],[-77.07787377,38.73257043],[-77.07808974,38.73264171],[-77.0784762,38.73260109],[-77.07949641,38.73224822],[-77.07973942,38.73201499],[-77.07979218,38.73182889],[-77.0797325,38.73165516],[-77.07971195,38.73127594],[-77.08004274,38.73085842],[-77.080298,38.73071459],[-77.08125653,38.73046531],[-77.08147251,38.73035808],[-77.08164425,38.73016718],[-77.08183392,38.72945348],[-77.08209488,38.72919849],[-77.0824725,38.72853849],[-77.08232579,38.7283335],[-77.08214812,38.7279208],[-77.08151331,38.7268682],[-77.08083607,38.72636707],[-77.08074073,38.72569173],[-77.08091926,38.72517212],[-77.08088756,38.72446872],[-77.08063579,38.72390408],[-77.08037241,38.72268434],[-77.08044295,38.72177484],[-77.08012751,38.72123963],[-77.07957222,38.72095691],[-77.07876161,38.72046788],[-77.0782132,38.71983785],[-77.07763961,38.71906333],[-77.07748019,38.71895985],[-77.07703621,38.7185562],[-77.07649968,38.71821328],[-77.07590472,38.71763694],[-77.0754633,38.71801475],[-77.0751193,38.71839875],[-77.07492336,38.7186898],[-77.07122358,38.7203611],[-77.07067329,38.72058575],[-77.06663951,38.72206953],[-77.06537548,38.72252366],[-77.06510996,38.7226875],[-77.06436151,38.72256754],[-77.06426308,38.72258143],[-77.06219835,38.72222932],[-77.06079722,38.72200067],[-77.06050883,38.72309834],[-77.06044688,38.72321566],[-77.06018563,38.72418323],[-77.06004808,38.72439986],[-77.05950607,38.72503168],[-77.05948342,38.72511241],[-77.058637,38.72606454],[-77.05839657,38.72651607],[-77.05802836,38.72739581],[-77.05763602,38.72825466],[-77.05692052,38.73001713],[-77.05670966,38.73056651],[-77.05671085,38.73068187],[-77.05648497,38.7312805],[-77.05642817,38.7313155],[-77.05571339,38.7332139],[-77.0556825,38.73335495]]]},"properties":{"PREC_IDENT":611,"PREC_NAME":"STRATFORD","DISTRICT":"Mount Vernon","cx":-77.06947638634175,"cy":38.72778070548676},"id":611},
{"type":"Feature","geometry":{"type":"Polygon","coordinates":[[[-77.09614853,38.71615318],[-77.09536087,38.71610117],[-77.09449956,38.71587252],[-77.09390194,38.71560309],[-77.09300878,38.71503216],[-77.09191266,38.71426517],[-77.08992723,38.71291352],[-77.08836284,38.71190057],[-77.08794363,38.7116511],[-77.08734982,38.71136933],[-77.08678605,38.71152044],[-77.08621923,38.71200516],[-77.0860141,38.7122773],[-77.08574836,38.71295789],[-77.08532651,38.71444672],[-77.08517998,38.71512462],[-77.08488494,38.71586802],[-77.08448587,38.71637535],[-77.08401514,38.71678434],[-77.08350137,38.71706373],[-77.0828625,38.71728806],[-77.08249284,38.71737009],[-77.08192385,38.71742774],[-77.08108716,38.71737367],[-77.08043095,38.71723253],[-77.07973954,38.71692207],[-77.07839533,38.71612174],[-77.07786654,38.71574185],[-77.07706008,38.71522401],[-77.07634118,38.71470998],[-77.07400051,38.712918],[-77.07400074,38.7129977],[-77.07323372,38.7135696],[-77.07262133,38.71440247],[-77.07266046,38.71507987],[-77.07322566,38.71556597],[-77.07390026,38.71619207],[-77.07466403,38.71674098],[-77.07563985,38.71738035],[-77.07590472,38.71763694],[-77.07649968,38.71821328],[-77.07703621,38.7185562],[-77.07748019,38.71895985],[-77.07763961,38.71906333],[-77.0782132,38.71983785],[-77.07876161,38.72046788],[-77.07957222,38.72095691],[-77.08012751,38.72123963],[-77.08044295,38.72177484],[-77.08037241,38.72268434],[-77.08063579,38.72390408],[-77.08088756,38.72446872],[-77.08091926,38.72517212],[-77.08074073,38.72569173],[-77.08083607,38.72636707],[-77.08151331,38.7268682],[-77.08214812,38.7279208],[-77.08232579,38.7283335],[-77.0824725,38.72853849],[-77.08209488,38.72919849],[-77.08183392,38.72945348],[-77.08164425,38.73016718],[-77.08175793,38.73064027],[-77.08170757,38.7308827],[-77.08139112,38.7311068],[-77.08104562,38.73120422],[-77.08089529,38.73136031],[-77.08099904,38.73161009],[-77.08121017,38.73174858],[-77.08145713,38.73202619],[-77.08192474,38.73267033],[-77.08194356,38.73296027],[-77.08171162,38.7333433],[-77.0817588,38.73343999],[-77.08206297,38.73348349],[-77.08254448,38.73342341],[-77.08299424,38.73355105],[-77.08337422,38.73383987],[-77.08367813,38.73425272],[-77.0835183,38.73453502],[-77.08355692,38.73488836],[-77.08375973,38.73491553],[-77.08404661,38.73476933],[-77.08444626,38.73477141],[-77.0848737,38.73532169],[-77.08502898,38.73544851],[-77.08557197,38.73565005],[-77.08565986,38.73599437],[-77.08575639,38.73607792],[-77.08622646,38.73606574],[-77.08667824,38.73633109],[-77.08686297,38.73636429],[-77.0868743,38.73650275],[-77.08731447,38.73709519],[-77.08760802,38.7371998],[-77.08781409,38.73738285],[-77.08790868,38.73773019],[-77.08777675,38.73794371],[-77.0877293,38.73831975],[-77.08762299,38.73842312],[-77.08770724,38.73872405],[-77.0877298,38.73900994],[-77.0883532,38.739273],[-77.0885077,38.73942903],[-77.088516,38.73942384],[-77.0888009,38.73923425],[-77.08891418,38.73882232],[-77.08901465,38.73870544],[-77.08923362,38.73826732],[-77.08953854,38.73791674],[-77.08992404,38.73756849],[-77.09027878,38.73735856],[-77.09050695,38.73716633],[-77.09136662,38.73588048],[-77.09156991,38.73552593],[-77.09183153,38.73487823],[-77.0922329,38.73371868],[-77.09230542,38.73359598],[-77.09251476,38.73275268],[-77.09269024,38.73238543],[-77.09272177,38.73220731],[-77.09303607,38.73137488],[-77.09337019,38.7304246],[-77.09343215,38.73012464],[-77.0939034,38.72861579],[-77.09394366,38.72834989],[-77.09423305,38.72735514],[-77.09456327,38.72570591],[-77.09471255,38.72488386],[-77.0949037,38.72407191],[-77.09499747,38.72357873],[-77.09533147,38.72155469],[-77.095444,38.7208187],[-77.0955058,38.72070548],[-77.09569074,38.71949252],[-77.09567223,38.71936322],[-77.09584941,38.71800874],[-77.09614853,38.71615318]]]},"properties":{"PREC_IDENT":614,"PREC_NAME":"RIVERSIDE","DISTRICT":"Mount Vernon","cx":-77.08728954609882,"cy":38.72380986305335},"id":614},
{"type":"Feature","geometry":{"type":"Polygon","coordinates":[[[-77.0413682,38.76563979],[-77.04136629,38.76856176],[-77.04136429,38.78542264],[-77.04704408,38.78798187],[-77.051029,38.78977085],[-77.05164011,38.79009008],[-77.05208973,38.79041418],[-77.05268605,38.79077168],[-77.05376142,38.79121197],[-77.0542779,38.79135289],[-77.05465041,38.79149891],[-77.05548726,38.79193625],[-77.05677407,38.79258112],[-77.0574586,38.7921445],[-77.05787309,38.79194775],[-77.0605425,38.79082231],[-77.06053359,38.79070853],[-77.06071559,38.78872753],[-77.06083959,38.78813653],[-77.06118159,38.78536652],[-77.06144449,38.7830447],[-77.06162363,38.7823329],[-77.06271077,38.7802523],[-77.0628583,38.77993676],[-77.0629673,38.77956076],[-77.06298729,38.77931276],[-77.06290683,38.77816763],[-77.0627053,38.77594276],[-77.0626623,38.77578076],[-77.0625986,38.77504558],[-77.06239329,38.774752],[-77.05933988,38.77149471],[-77.05897436,38.7712485],[-77.0586116,38.77115212],[-77.05763188,38.77107972],[-77.0566562,38.77096835],[-77.0561441,38.7704824],[-77.05597566,38.7700353],[-77.05608631,38.76982244],[-77.05588667,38.76966542],[-77.05570537,38.76965818],[-77.05555378,38.76935424],[-77.05526001,38.76928328],[-77.05510154,38.76913919],[-77.05465154,38.76904706],[-77.05439568,38.76891448],[-77.0542439,38.76870865],[-77.05403943,38.76870206],[-77.05403186,38.76852057],[-77.05352543,38.76839049],[-77.05302487,38.76830284],[-77.05279428,38.76821911],[-77.05245343,38.76824586],[-77.05222246,38.76814848],[-77.05205789,38.7674464],[-77.05186386,38.76715291],[-77.05158326,38.76697781],[-77.05110626,38.76680166],[-77.04996386,38.76605157],[-77.04987793,38.765964],[-77.04988658,38.76553571],[-77.0500664,38.76531549],[-77.05061965,38.76501476],[-77.05091128,38.76464214],[-77.05084778,38.7644862],[-77.0506745,38.76438245],[-77.05013022,38.76423841],[-77.04938681,38.76422922],[-77.04907862,38.76437919],[-77.04867583,38.76487126],[-77.04847289,38.76519417],[-77.04829411,38.76536222],[-77.04818124,38.76556678],[-77.04795754,38.76570132],[-77.04688662,38.76575533],[-77.04179626,38.76563031],[-77.0413682,38.76563979]]]},"properties":{"PREC_IDENT":602,"PREC_NAME":"BELLEVIEW","DISTRICT":"Mount Vernon","cx":-77.05143470475332,"cy":38.77855315164929},"id":602},
{"type":"Feature","geometry":{"type":"Polygon","coordinates":[[[-77.06963081,38.77171265],[-77.06877739,38.77193841],[-77.06675251,38.77250684],[-77.06649049,38.77262859],[-77.0661297,38.77295371],[-77.06584315,38.77342529],[-77.06565253,38.77401201],[-77.06536779,38.77456874],[-77.06517056,38.77478327],[-77.06470268,38.7750247],[-77.06428411,38.77507999],[-77.06341408,38.77508169],[-77.0625986,38.77504558],[-77.0626623,38.77578076],[-77.0627053,38.77594276],[-77.06290683,38.77816763],[-77.06298729,38.77931276],[-77.0629673,38.77956076],[-77.0628583,38.77993676],[-77.06271077,38.7802523],[-77.06162363,38.7823329],[-77.06144449,38.7830447],[-77.06118159,38.78536652],[-77.06083959,38.78813653],[-77.06071559,38.78872753],[-77.06053359,38.79070853],[-77.0605425,38.79082231],[-77.06354359,38.78959052],[-77.06366144,38.78955824],[-77.06513717,38.78892959],[-77.06555554,38.78871227],[-77.06593976,38.78844785],[-77.06903733,38.78601416],[-77.06977234,38.78557551],[-77.07028284,38.78531124],[-77.07218933,38.78453808],[-77.07235947,38.78445091],[-77.07442079,38.78365214],[-77.07661716,38.78276436],[-77.07722022,38.78242978],[-77.07771824,38.78208432],[-77.07828225,38.78159548],[-77.07853399,38.7812841],[-77.07880789,38.78091669],[-77.07910553,38.78041364],[-77.07923051,38.78012543],[-77.07991838,38.77816067],[-77.0802084,38.77679935],[-77.0804964,38.77553962],[-77.08102042,38.77334081],[-77.08121228,38.77232981],[-77.08096501,38.77223894],[-77.07863361,38.77145964],[-77.07556392,38.77041181],[-77.07495194,38.77031649],[-77.07459365,38.77034097],[-77.07393436,38.77050871],[-77.07110525,38.7713036],[-77.07032615,38.77149732],[-77.06963081,38.77171265]]]},"properties":{"PREC_IDENT":601,"PREC_NAME":"BELLE HAVEN","DISTRICT":"Mount Vernon","cx":-77.07036808297381,"cy":38.77897407396528},"id":601},
{"type":"Feature","geometry":{"type":"Polygon","coordinates":[[[-77.07995951,38.79844681],[-77.07957959,38.79831588],[-77.0782027,38.79767172],[-77.07503846,38.79620396],[-77.07322098,38.7953086],[-77.07206773,38.79476061],[-77.0721353,38.79470376],[-77.0736153,38.79271576],[-77.0712683,38.79165576],[-77.0697143,38.79376576],[-77.0689833,38.79342276],[-77.0684833,38.79309776],[-77.0671383,38.79196776],[-77.0657353,38.79089076],[-77.0649963,38.79044876],[-77.0640573,38.78994576],[-77.06354359,38.78959052],[-77.0605425,38.79082231],[-77.05787309,38.79194775],[-77.0574586,38.7921445],[-77.05677407,38.79258112],[-77.05824217,38.79331437],[-77.05971966,38.79400395],[-77.06030808,38.79423361],[-77.06361567,38.79535751],[-77.06303634,38.7964269],[-77.06899012,38.7987776],[-77.07001089,38.79915116],[-77.07149956,38.799643],[-77.0725534,38.7999428],[-77.07342988,38.80016217],[-77.07412518,38.80031617],[-77.07531051,38.80053378],[-77.07605929,38.80064585],[-77.07745481,38.80081481],[-77.07793777,38.80035056],[-77.07853191,38.79983278],[-77.0790473,38.79932413],[-77.0795797,38.79884314],[-77.07995951,38.79844681]]]},"properties":{"PREC_IDENT":621,"PREC_NAME":"GROSVENOR","DISTRICT":"Mount Vernon","cx":-77.06831018514394,"cy":38.795802680356815},"id":621},
{"type":"Feature","geometry":{"type":"Polygon","coordinates":[[[-77.08050515,38.79782729],[-77.08001957,38.79753857],[-77.07974901,38.79720164],[-77.07947577,38.79646786],[-77.07931987,38.79618861],[-77.07826903,38.79485225],[-77.07791425,38.79433855],[-77.07766316,38.79390573],[-77.07727492,38.79313348],[-77.07695307,38.79255289],[-77.07648122,38.79157366],[-77.07625402,38.79082121],[-77.07626292,38.7901952],[-77.07647329,38.78896337],[-77.07665219,38.78861129],[-77.0769673,38.78811395],[-77.07742947,38.78745499],[-77.07761927,38.78708382],[-77.07770576,38.78679103],[-77.07774369,38.78629307],[-77.07764952,38.78555597],[-77.07773312,38.78487731],[-77.07807014,38.78380354],[-77.07829651,38.78371155],[-77.07853743,38.78306089],[-77.07855366,38.78277274],[-77.0789751,38.78150913],[-77.07853399,38.7812841],[-77.07828225,38.78159548],[-77.07771824,38.78208432],[-77.07722022,38.78242978],[-77.07661716,38.78276436],[-77.07442079,38.78365214],[-77.07235947,38.78445091],[-77.07218933,38.78453808],[-77.07028284,38.78531124],[-77.06977234,38.78557551],[-77.06903733,38.78601416],[-77.06593976,38.78844785],[-77.06555554,38.78871227],[-77.06513717,38.78892959],[-77.06366144,38.78955824],[-77.06354359,38.78959052],[-77.0640573,38.78994576],[-77.0649963,38.79044876],[-77.0657353,38.79089076],[-77.0671383,38.79196776],[-77.0684833,38.79309776],[-77.0689833,38.79342276],[-77.0697143,38.79376576],[-77.0712683,38.79165576],[-77.0736153,38.79271576],[-77.0721353,38.79470376],[-77.07206773,38.79476061],[-77.07322098,38.7953086],[-77.07503846,38.79620396],[-77.0782027,38.79767172],[-77.07957959,38.79831588],[-77.07995951,38.79844681],[-77.08050515,38.79782729]],[[-77.06850033,38.78784231],[-77.06875309,38.78788935],[-77.06917331,38.78777967],[-77.06976738,38.78790172],[-77.07015814,38.78804425],[-77.07052149,38.78808981],[-77.07084,38.78817788],[-77.07119314,38.78804825],[-77.07155774,38.7881541],[-77.07215588,38.78844073],[-77.07239499,38.78846469],[-77.07253715,38.7886922],[-77.0722635,38.78873381],[-77.0722016,38.78884692],[-77.0723192,38.78907987],[-77.07196802,38.78957308],[-77.0718101,38.78963018],[-77.07184609,38.78995598],[-77.07167773,38.79018544],[-77.07139571,38.7903523],[-77.07126349,38.79063255],[-77.07101016,38.79073386],[-77.07071834,38.79072959],[-77.07085078,38.79119997],[-77.07077329,38.79128513],[-77.07036316,38.79125526],[-77.07027176,38.79105707],[-77.069939,38.79094778],[-77.06956076,38.79067311],[-77.06920635,38.79053991],[-77.06884304,38.79049147],[-77.06828446,38.79018234],[-77.06759615,38.78975874],[-77.06755238,38.78962427],[-77.06784971,38.78927554],[-77.06783074,38.78863572],[-77.06778658,38.78838666],[-77.06764266,38.78803752],[-77.06774463,38.78785065],[-77.06837337,38.78746426],[-77.06861646,38.7875908],[-77.06850033,38.78784231]]]},"properties":{"PREC_IDENT":607,"PREC_NAME":"HUNTINGTON","DISTRICT":"Mount Vernon","cx":-77.07456358195844,"cy":38.78712511765779},"id":607},
{"type":"Feature","geometry":{"type":"Polygon","coordinates":[[[-77.1746402,38.86962035],[-77.16935109,38.87051753],[-77.16622189,38.87105183],[-77.16412554,38.8713891],[-77.1598122,38.87212532],[-77.15859304,38.87232559],[-77.1580792,38.87237738],[-77.15742927,38.87238094],[-77.15686419,38.87235525],[-77.15618257,38.87225742],[-77.15632763,38.87237843],[-77.15580433,38.87229478],[-77.15514133,38.87212278],[-77.15486433,38.87228478],[-77.15409433,38.87257478],[-77.15395584,38.87271738],[-77.15524861,38.87271434],[-77.15555166,38.87247616],[-77.15585846,38.8726005],[-77.15650346,38.87323535],[-77.15718597,38.87374431],[-77.15827342,38.8743897],[-77.15840612,38.8742443],[-77.15796578,38.87393446],[-77.15750265,38.87352825],[-77.15751337,38.87333066],[-77.15804565,38.87342049],[-77.15826179,38.87313326],[-77.16024532,38.87393772],[-77.16100862,38.87420733],[-77.16449343,38.87540387],[-77.16649257,38.87614467],[-77.17369131,38.87876902],[-77.17823762,38.87933071],[-77.178326,38.87931524],[-77.17836815,38.87930957],[-77.17820422,38.87925354],[-77.17770071,38.87873171],[-77.17755435,38.87840787],[-77.17754096,38.87806529],[-77.17742081,38.87774894],[-77.17731705,38.87727947],[-77.17726153,38.87685301],[-77.1772767,38.87638697],[-77.17749241,38.87582547],[-77.17748165,38.87544881],[-77.17766387,38.8743852],[-77.17761715,38.87435435],[-77.17765681,38.87347543],[-77.17783314,38.87343625],[-77.17976024,38.87332338],[-77.1795302,38.8709345],[-77.17930177,38.86998592],[-77.17898822,38.86889085],[-77.1746402,38.86962035]]]},"properties":{"PREC_IDENT":535,"PREC_NAME":"FORT BUFFALO","DISTRICT":"Mason","cx":-77.17174776566189,"cy":38.873983595258395},"id":535},
{"type":"Feature","geometry":{"type":"Polygon","coordinates":[[[-77.29248863,38.87169998],[-77.29248843,38.87170004],[-77.29207453,38.87145551],[-77.29186975,38.87110054],[-77.29070165,38.87100477],[-77.29137102,38.86859382],[-77.29166332,38.8675053],[-77.28233092,38.86686931],[-77.2772787,38.86653397],[-77.27415208,38.86631821],[-77.27386437,38.86667277],[-77.27293737,38.86733377],[-77.27223137,38.86785577],[-77.27266137,38.86803877],[-77.27261668,38.86821922],[-77.27301537,38.86834077],[-77.27323516,38.86858111],[-77.27324037,38.86869877],[-77.27352837,38.86872377],[-77.27344837,38.86885977],[-77.27377037,38.86917777],[-77.27372781,38.86955672],[-77.27360137,38.86979377],[-77.27373737,38.86999177],[-77.27398498,38.87006672],[-77.27391647,38.87020033],[-77.27411135,38.87044875],[-77.27442434,38.87052992],[-77.27422143,38.87079407],[-77.27431959,38.87102037],[-77.27458937,38.87128377],[-77.27453437,38.87145777],[-77.27465237,38.87175877],[-77.27485837,38.87200777],[-77.27499837,38.87199677],[-77.27498037,38.87223277],[-77.27505537,38.87235077],[-77.27540629,38.87261314],[-77.27559737,38.87314977],[-77.27583237,38.87331677],[-77.27580037,38.87362477],[-77.27599237,38.87380377],[-77.27618737,38.87389277],[-77.27636937,38.87383777],[-77.27649237,38.87408677],[-77.27668137,38.87412377],[-77.27712237,38.87430277],[-77.27715,38.87453277],[-77.27740437,38.87455377],[-77.2774596,38.87477799],[-77.27770837,38.87508577],[-77.27803337,38.87534477],[-77.27810337,38.87556077],[-77.27833637,38.87566477],[-77.27831333,38.87612662],[-77.27910052,38.87589203],[-77.28020867,38.87559187],[-77.28311783,38.87474473],[-77.28796124,38.87332433],[-77.28854755,38.87313542],[-77.29007269,38.87268295],[-77.29077849,38.87248976],[-77.29259152,38.8719598],[-77.29248863,38.87169998]]]},"properties":{"PREC_IDENT":709,"PREC_NAME":"MOSBY #1","DISTRICT":"Providence","cx":-77.28213308225914,"cy":38.8707849872121},"id":709},
{"type":"Feature","geometry":{"type":"Polygon","coordinates":[[[-77.24576684,38.84130899],[-77.24405111,38.8412371],[-77.24367168,38.84124951],[-77.24314702,38.84133451],[-77.24295048,38.84132966],[-77.24230261,38.84143257],[-77.24195186,38.84161142],[-77.24139235,38.84228231],[-77.24126423,38.8423798],[-77.24012168,38.84365954],[-77.23976831,38.84398664],[-77.23922328,38.84423068],[-77.23885794,38.84443957],[-77.23855725,38.84476586],[-77.23820109,38.84545129],[-77.23776697,38.8459766],[-77.23692807,38.84675569],[-77.23625406,38.84734295],[-77.23578615,38.84759191],[-77.23537713,38.84768774],[-77.23467273,38.84780646],[-77.23429779,38.84796032],[-77.23407525,38.84823389],[-77.2338538,38.84864478],[-77.23341655,38.84914533],[-77.232672,38.84974691],[-77.2322059,38.85028971],[-77.23193373,38.85078792],[-77.23172286,38.85139389],[-77.23115205,38.85289254],[-77.23083475,38.85375685],[-77.23071505,38.85397249],[-77.23045175,38.85416598],[-77.23018,38.85424131],[-77.2280596,38.85439684],[-77.22611167,38.8545295],[-77.22564365,38.85458209],[-77.22446955,38.85464623],[-77.22419838,38.85468859],[-77.22380909,38.85485598],[-77.22329777,38.85517171],[-77.22390499,38.85538838],[-77.22431948,38.85558099],[-77.22478099,38.85589493],[-77.22508518,38.85616871],[-77.22531553,38.85644719],[-77.22554063,38.85682447],[-77.22565865,38.85710035],[-77.22589157,38.85782783],[-77.22615726,38.85888655],[-77.22636218,38.8596096],[-77.22695566,38.8596133],[-77.22875784,38.85958752],[-77.23077735,38.85957077],[-77.23105024,38.85970589],[-77.23144635,38.86109977],[-77.23139835,38.86122377],[-77.2315201,38.86147894],[-77.23117035,38.86160177],[-77.2312928,38.86201632],[-77.23141029,38.86272177],[-77.2283567,38.86276583],[-77.22780918,38.86281274],[-77.22782217,38.86303736],[-77.22782595,38.86480583],[-77.22779303,38.86553853],[-77.22800295,38.86552034],[-77.22926044,38.86551748],[-77.23063334,38.86554331],[-77.2321477,38.86551437],[-77.23533406,38.86548008],[-77.23702754,38.86545162],[-77.23828559,38.86541709],[-77.24018636,38.86538533],[-77.24079622,38.86425777],[-77.24103774,38.86390475],[-77.24189432,38.86152491],[-77.24212469,38.86100563],[-77.24272182,38.86000013],[-77.24306478,38.85946833],[-77.24457601,38.85720119],[-77.24541974,38.85594704],[-77.24620649,38.85473622],[-77.24724155,38.85318067],[-77.24736135,38.85295677],[-77.24745884,38.8526022],[-77.24747046,38.85233871],[-77.24741285,38.85181635],[-77.24717464,38.85017307],[-77.24714304,38.84977044],[-77.24714801,38.84807757],[-77.24706589,38.84725586],[-77.24686834,38.84579265],[-77.24675705,38.84532876],[-77.24622149,38.84382508],[-77.24570358,38.84251794],[-77.24576684,38.84130899]]]},"properties":{"PREC_IDENT":718,"PREC_NAME":"PINE RIDGE","DISTRICT":"Providence","cx":-77.23769001516233,"cy":38.85460779243735},"id":718},
{"type":"Feature","geometry":{"type":"Polygon","coordinates":[[[-77.21079201,38.83267684],[-77.21082846,38.83299303],[-77.21056215,38.83374664],[-77.21019823,38.83485204],[-77.2099519,38.83566491],[-77.20978229,38.83611614],[-77.2096294,38.8364179],[-77.20933914,38.83674423],[-77.208875,38.837173],[-77.20867606,38.83749759],[-77.20859809,38.83773289],[-77.20842556,38.83873605],[-77.2083111,38.83904783],[-77.20751467,38.84077044],[-77.20726735,38.84124553],[-77.20644199,38.84242684],[-77.20615825,38.84277933],[-77.20555312,38.84342896],[-77.20466,38.84427587],[-77.20369234,38.84536085],[-77.20331705,38.84591964],[-77.20309939,38.84630581],[-77.20273851,38.84684416],[-77.20220978,38.84734359],[-77.20200851,38.84779308],[-77.20160807,38.84993605],[-77.20150968,38.85032765],[-77.20126518,38.85083708],[-77.20087836,38.85125432],[-77.20055827,38.85147732],[-77.19943586,38.85237246],[-77.19917606,38.8525618],[-77.19872535,38.8528218],[-77.19819099,38.85304654],[-77.19717654,38.85335699],[-77.19717694,38.85335889],[-77.19719831,38.85344485],[-77.19703476,38.85393685],[-77.19676649,38.85420527],[-77.1965292,38.85433474],[-77.19657697,38.85453524],[-77.19720443,38.85469642],[-77.19752335,38.85472525],[-77.1979767,38.85483183],[-77.1985927,38.85517579],[-77.19888237,38.8554485],[-77.19913665,38.85544783],[-77.19921205,38.8552058],[-77.19953279,38.85473092],[-77.19976295,38.8544718],[-77.19981635,38.85423389],[-77.19992346,38.85415289],[-77.19996993,38.85392743],[-77.20017324,38.85385889],[-77.20059751,38.85382591],[-77.20085144,38.85388669],[-77.20087395,38.85361717],[-77.20118672,38.85356841],[-77.20173267,38.85356233],[-77.20206523,38.85344271],[-77.20257663,38.8536075],[-77.20314066,38.8536586],[-77.20378491,38.85365237],[-77.20390506,38.85375146],[-77.20427058,38.85382859],[-77.20456401,38.85379121],[-77.20491879,38.85381765],[-77.2050884,38.85404574],[-77.2054649,38.8541008],[-77.20552781,38.85438444],[-77.20597162,38.85452581],[-77.20628766,38.85475708],[-77.20665403,38.8547997],[-77.20677372,38.85473533],[-77.20697753,38.8551087],[-77.20722519,38.85539325],[-77.20730957,38.85558528],[-77.20746134,38.85568575],[-77.20720568,38.85584888],[-77.20774949,38.85611302],[-77.20811829,38.85633492],[-77.20875372,38.856344],[-77.2092172,38.85644521],[-77.20941633,38.85652967],[-77.21021759,38.85668393],[-77.21079143,38.85692321],[-77.21150455,38.85737262],[-77.21181427,38.85751184],[-77.2121571,38.85803526],[-77.21219974,38.85820343],[-77.2123388,38.85831619],[-77.21254654,38.85863143],[-77.21260963,38.85887927],[-77.21256881,38.85917564],[-77.21259424,38.85981739],[-77.21251936,38.86016421],[-77.21271393,38.86062076],[-77.21256891,38.86084596],[-77.21258435,38.86117002],[-77.21266307,38.86126521],[-77.2125988,38.86178367],[-77.21267176,38.86192029],[-77.21269898,38.86239241],[-77.21281634,38.86295518],[-77.21288273,38.86345255],[-77.21286063,38.86375613],[-77.21269616,38.86434128],[-77.21260141,38.86498644],[-77.21245941,38.86532879],[-77.21243152,38.86583596],[-77.21322449,38.86581241],[-77.21582446,38.86576947],[-77.21635119,38.86577661],[-77.2183784,38.86574658],[-77.21882491,38.86572262],[-77.22022427,38.86570869],[-77.2202147,38.86546654],[-77.2201797,38.86168554],[-77.2201407,38.86063454],[-77.2200807,38.85803354],[-77.2201037,38.85689454],[-77.22021891,38.85386387],[-77.22017498,38.85384173],[-77.22017887,38.85302331],[-77.22015753,38.85165968],[-77.22019723,38.84825092],[-77.22019585,38.84734334],[-77.22021459,38.84570142],[-77.22018435,38.84483747],[-77.2200961,38.8436818],[-77.22002325,38.84304118],[-77.21985762,38.84189291],[-77.21947648,38.84003243],[-77.21901656,38.83825897],[-77.21878403,38.83751637],[-77.21839829,38.83611306],[-77.21826768,38.83536608],[-77.21822019,38.83487951],[-77.21821405,38.83431999],[-77.21728626,38.83409493],[-77.21284763,38.83296851],[-77.21233695,38.83286268],[-77.21129334,38.83271667],[-77.21079201,38.83267684]]]},"properties":{"PREC_IDENT":536,"PREC_NAME":"WOODBURN","DISTRICT":"Mason","cx":-77.21267251647066,"cy":38.84906200114645},"id":536},
{"type":"Feature","geometry":{"type":"Polygon","coordinates":[[[-77.4637997,38.86762429],[-77.46381119,38.86765719],[-77.46427743,38.86762776],[-77.46449243,38.86746076],[-77.46472143,38.86738676],[-77.46492243,38.86709376],[-77.46533343,38.86693976],[-77.46560843,38.86668876],[-77.46613943,38.86652076],[-77.46651243,38.86626676],[-77.46719943,38.86593376],[-77.46765143,38.86556776],[-77.46803543,38.86541976],[-77.46825043,38.86516476],[-77.46849443,38.86501976],[-77.46848643,38.86483276],[-77.46883243,38.86475176],[-77.46903543,38.86462176],[-77.46937243,38.86457976],[-77.46996043,38.86438476],[-77.47027643,38.86413676],[-77.47040543,38.86395776],[-77.47079343,38.86365276],[-77.47116843,38.86328976],[-77.47149943,38.86291276],[-77.47194643,38.86285776],[-77.47212043,38.86296576],[-77.47215243,38.86311576],[-77.47250343,38.86298376],[-77.47259043,38.86287976],[-77.47291743,38.86287976],[-77.47353143,38.86278976],[-77.47376443,38.86297976],[-77.47407243,38.86294876],[-77.47437643,38.86283076],[-77.47521443,38.86286776],[-77.47549643,38.86269476],[-77.47574943,38.86273376],[-77.47578743,38.86259576],[-77.47597443,38.86254476],[-77.47610943,38.86262576],[-77.47622843,38.86283476],[-77.47634843,38.86285076],[-77.47669843,38.86265376],[-77.47678443,38.86249176],[-77.47709043,38.86262776],[-77.47724143,38.86259776],[-77.47753043,38.86277476],[-77.47749743,38.86294876],[-77.47766143,38.86311876],[-77.47791143,38.86277176],[-77.47854843,38.86248876],[-77.47884543,38.86196876],[-77.47897043,38.86186576],[-77.47940143,38.86174776],[-77.47959043,38.86152076],[-77.47947243,38.86123176],[-77.47920643,38.86098076],[-77.47878743,38.86041076],[-77.47859843,38.86007576],[-77.47829443,38.85931076],[-77.47823343,38.85891776],[-77.47828243,38.85818676],[-77.47825643,38.85745876],[-77.47810543,38.85651976],[-77.47814143,38.85648276],[-77.47802443,38.85592076],[-77.47797643,38.85543576],[-77.47806443,38.85464676],[-77.47798943,38.85410376],[-77.47794543,38.85353076],[-77.47782843,38.85293376],[-77.47781643,38.85263676],[-77.47764043,38.85230976],[-77.47762743,38.85194076],[-77.47776243,38.85174576],[-77.47749043,38.85075976],[-77.47742243,38.85021976],[-77.47712843,38.84971976],[-77.47686943,38.84938676],[-77.47666643,38.84890976],[-77.47650343,38.84867276],[-77.47642843,38.84842576],[-77.47618543,38.84786576],[-77.47593043,38.84756576],[-77.47570743,38.84745976],[-77.47547843,38.84711476],[-77.47513043,38.84639976],[-77.47507443,38.84613876],[-77.47484543,38.84596976],[-77.47414543,38.84588776],[-77.47381743,38.84597776],[-77.47341143,38.84616076],[-77.47313943,38.84650076],[-77.47305043,38.84679076],[-77.47282243,38.84724276],[-77.47262143,38.84786176],[-77.47242143,38.84809376],[-77.47221343,38.84818776],[-77.47184843,38.84824576],[-77.47120143,38.84819176],[-77.47022943,38.84802976],[-77.46914543,38.84750276],[-77.46859543,38.84732776],[-77.46822043,38.84704676],[-77.46780343,38.84691076],[-77.46690742,38.84638976],[-77.46622143,38.84583176],[-77.46596243,38.84572476],[-77.46558142,38.84543276],[-77.46529242,38.84507976],[-77.46516643,38.84474476],[-77.46491243,38.84440676],[-77.46453942,38.84367076],[-77.46442443,38.84365376],[-77.46433542,38.84333476],[-77.46402501,38.84310189],[-77.46391832,38.84335142],[-77.46372739,38.84335478],[-77.46343663,38.84352786],[-77.46301428,38.84366773],[-77.4632518,38.84385243],[-77.46306925,38.84394617],[-77.46321505,38.84415579],[-77.46285601,38.84436441],[-77.46282783,38.84469164],[-77.4630586,38.84496106],[-77.4619071,38.84478348],[-77.46206276,38.84501917],[-77.46192879,38.8450642],[-77.46140032,38.84563957],[-77.46110383,38.84562014],[-77.46102726,38.845777],[-77.46081494,38.84567893],[-77.46068908,38.84591849],[-77.46053995,38.84602302],[-77.46030134,38.84633238],[-77.4602734,38.84653628],[-77.45995978,38.84694689],[-77.45967826,38.84709585],[-77.45948163,38.84702422],[-77.45920495,38.84710318],[-77.45899206,38.84733922],[-77.45876271,38.84717852],[-77.45855642,38.84716414],[-77.4581378,38.84700684],[-77.45776169,38.84724609],[-77.45731628,38.84730954],[-77.45694846,38.84715552],[-77.45643458,38.84714144],[-77.45453274,38.84853056],[-77.45251967,38.85004869],[-77.45235197,38.85042525],[-77.45283997,38.85055941],[-77.45359091,38.85059631],[-77.45410126,38.85051574],[-77.45477137,38.85031576],[-77.45528551,38.85021599],[-77.45588938,38.85022411],[-77.45638291,38.85033422],[-77.45664834,38.85043406],[-77.45706598,38.85069177],[-77.45742242,38.85105328],[-77.45760375,38.85138303],[-77.45769742,38.85170376],[-77.4577042,38.85196194],[-77.45761757,38.8523662],[-77.45745131,38.85269149],[-77.45728688,38.85289048],[-77.45697041,38.85316089],[-77.45649978,38.85340659],[-77.4555081,38.85374238],[-77.45504437,38.85399637],[-77.45469916,38.85431045],[-77.45447668,38.85463661],[-77.45438582,38.85484724],[-77.45366818,38.85685911],[-77.45355026,38.85748001],[-77.45354084,38.85788495],[-77.45345116,38.85825485],[-77.45326037,38.85857443],[-77.45386465,38.85904113],[-77.45420799,38.85933938],[-77.45753293,38.8620627],[-77.45758437,38.86214828],[-77.45838948,38.86281719],[-77.4600593,38.86416514],[-77.46035466,38.86438469],[-77.46186486,38.86560351],[-77.46234124,38.86593586],[-77.46303215,38.86649252],[-77.46344056,38.86691076],[-77.46368748,38.86732483],[-77.4637997,38.86762429]]]},"properties":{"PREC_IDENT":921,"PREC_NAME":"DEER PARK","DISTRICT":"Sully","cx":-77.46628796829332,"cy":38.85552613355336},"id":921},
{"type":"Feature","geometry":{"type":"Polygon","coordinates":[[[-77.04385149,38.72179926],[-77.0425527,38.72124702],[-77.04250088,38.72136396],[-77.04242753,38.72204273],[-77.04223243,38.72302069],[-77.04214962,38.72364716],[-77.04194756,38.72444928],[-77.04176694,38.72488505],[-77.04155678,38.72556761],[-77.04149069,38.72588809],[-77.04145285,38.72637094],[-77.04152204,38.72710778],[-77.04148689,38.72797651],[-77.04155412,38.72950148],[-77.04153669,38.7301878],[-77.04158292,38.73032844],[-77.04161473,38.73100714],[-77.04156254,38.73150629],[-77.04158523,38.73194322],[-77.04166656,38.73260056],[-77.04147845,38.73392325],[-77.04157723,38.73441193],[-77.04168912,38.73632878],[-77.04155142,38.73672114],[-77.04156124,38.7369286],[-77.04186367,38.73740333],[-77.04226141,38.7378463],[-77.04264097,38.73832199],[-77.04317126,38.73879955],[-77.04333435,38.73905697],[-77.04332642,38.73927519],[-77.04323611,38.73940588],[-77.04262599,38.74009857],[-77.04229766,38.74072748],[-77.04221806,38.74102171],[-77.0420732,38.74522567],[-77.04191075,38.75012281],[-77.04184831,38.75181779],[-77.04851471,38.75181808],[-77.05020724,38.75172649],[-77.05036046,38.75178056],[-77.05053812,38.75201344],[-77.05061072,38.75276129],[-77.05079642,38.75294346],[-77.05120484,38.75303776],[-77.05151363,38.75302922],[-77.05178209,38.75293367],[-77.05228571,38.75265429],[-77.05257214,38.752537],[-77.05288519,38.75249143],[-77.05375846,38.75248985],[-77.05495139,38.752462],[-77.05581409,38.75246302],[-77.05667135,38.75256008],[-77.05727073,38.75257569],[-77.05777022,38.75232645],[-77.05814197,38.7520651],[-77.05788306,38.75160881],[-77.05787729,38.75143691],[-77.05771765,38.75130215],[-77.05801609,38.75110812],[-77.05805544,38.75091033],[-77.057917,38.75083835],[-77.05789147,38.75059328],[-77.05764381,38.75038369],[-77.05766172,38.75006085],[-77.05747533,38.74998963],[-77.05773815,38.74972141],[-77.05801167,38.74978337],[-77.05809443,38.74968869],[-77.05833777,38.74967292],[-77.05847586,38.74930463],[-77.05850916,38.74895373],[-77.05870736,38.74884052],[-77.05872317,38.74851705],[-77.05892629,38.74805696],[-77.05925216,38.74782309],[-77.05962521,38.74738549],[-77.0596629,38.74714575],[-77.05982877,38.74680441],[-77.06014812,38.74655604],[-77.06028134,38.74629718],[-77.06079235,38.74583193],[-77.06096831,38.74575196],[-77.06131959,38.7457962],[-77.06147517,38.74560404],[-77.06170334,38.74560623],[-77.06205109,38.7454487],[-77.0621981,38.74526625],[-77.06275746,38.74515597],[-77.06278275,38.74505582],[-77.06330985,38.74476732],[-77.06348269,38.74473022],[-77.06376862,38.74448443],[-77.06395778,38.74441543],[-77.06424742,38.74420461],[-77.0644362,38.74418067],[-77.06443114,38.74400038],[-77.06457008,38.7439281],[-77.06469789,38.74352082],[-77.06511562,38.74327861],[-77.06533991,38.7432972],[-77.06589705,38.74352808],[-77.06620974,38.74348044],[-77.06643748,38.74353686],[-77.06707973,38.74336487],[-77.06724185,38.74322007],[-77.06758009,38.74307577],[-77.06795444,38.74312382],[-77.06917028,38.74311192],[-77.06941027,38.74315409],[-77.06969569,38.74299258],[-77.06968248,38.74284388],[-77.06996284,38.7426105],[-77.07012757,38.74233743],[-77.0698186,38.74172841],[-77.0696229,38.74154708],[-77.06964525,38.74137731],[-77.06981978,38.74121788],[-77.06995355,38.7407277],[-77.07015831,38.74048862],[-77.06993686,38.74026919],[-77.06986976,38.74009776],[-77.0693924,38.73940542],[-77.06940706,38.73898208],[-77.06949874,38.73869291],[-77.06933159,38.73848955],[-77.06961805,38.73837274],[-77.06939459,38.73800542],[-77.06956906,38.73786035],[-77.06951829,38.73776417],[-77.0691281,38.73759201],[-77.06915167,38.73719793],[-77.06947573,38.73709957],[-77.06914245,38.736797],[-77.069219,38.7365605],[-77.06938559,38.73647032],[-77.06917507,38.73616181],[-77.06886949,38.73636208],[-77.06866731,38.73638219],[-77.06822435,38.73633053],[-77.06751586,38.73611706],[-77.06713665,38.73623397],[-77.06597031,38.7359391],[-77.06494073,38.73570132],[-77.06475975,38.73563457],[-77.06364644,38.73537651],[-77.06078233,38.73465484],[-77.06052092,38.73457748],[-77.05763516,38.73388979],[-77.0569239,38.73369155],[-77.05584245,38.73342146],[-77.0556825,38.73335495],[-77.0555399,38.73329827],[-77.0533981,38.73275557],[-77.05037788,38.73248346],[-77.04885525,38.73236026],[-77.04801204,38.73227429],[-77.04765138,38.73242498],[-77.04718409,38.73195371],[-77.046489,38.73147825],[-77.0445072,38.73031124],[-77.04375698,38.72978976],[-77.04342651,38.72948906],[-77.04304215,38.72907922],[-77.04275202,38.72869115],[-77.04237285,38.72802598],[-77.04215275,38.72746989],[-77.04202073,38.72689155],[-77.04199579,38.72604678],[-77.04202921,38.72578219],[-77.04221627,38.72502795],[-77.04253922,38.72431521],[-77.04334936,38.72308676],[-77.04360336,38.72266151],[-77.04372872,38.72235687],[-77.04385149,38.72179926]]]},"properties":{"PREC_IDENT":606,"PREC_NAME":"HOLLIN HALL","DISTRICT":"Mount Vernon","cx":-77.05297309706637,"cy":38.74131398851395},"id":606},
{"type":"Feature","geometry":{"type":"Polygon","coordinates":[[[-77.08617368,38.74142423],[-77.08695323,38.74065372],[-77.08748135,38.74018638],[-77.0885077,38.73942903],[-77.0883532,38.739273],[-77.0877298,38.73900994],[-77.08770724,38.73872405],[-77.08762299,38.73842312],[-77.0877293,38.73831975],[-77.08777675,38.73794371],[-77.08790868,38.73773019],[-77.08781409,38.73738285],[-77.08760802,38.7371998],[-77.08731447,38.73709519],[-77.0868743,38.73650275],[-77.08686297,38.73636429],[-77.08667824,38.73633109],[-77.08622646,38.73606574],[-77.08575639,38.73607792],[-77.08565986,38.73599437],[-77.08557197,38.73565005],[-77.08502898,38.73544851],[-77.0848737,38.73532169],[-77.08444626,38.73477141],[-77.08404661,38.73476933],[-77.08375973,38.73491553],[-77.08355692,38.73488836],[-77.0835183,38.73453502],[-77.08367813,38.73425272],[-77.08337422,38.73383987],[-77.08299424,38.73355105],[-77.08254448,38.73342341],[-77.08206297,38.73348349],[-77.0817588,38.73343999],[-77.08171162,38.7333433],[-77.08194356,38.73296027],[-77.08192474,38.73267033],[-77.08145713,38.73202619],[-77.08121017,38.73174858],[-77.08099904,38.73161009],[-77.08089529,38.73136031],[-77.08104562,38.73120422],[-77.08139112,38.7311068],[-77.08170757,38.7308827],[-77.08175793,38.73064027],[-77.08164425,38.73016718],[-77.08147251,38.73035808],[-77.08125653,38.73046531],[-77.080298,38.73071459],[-77.08004274,38.73085842],[-77.07971195,38.73127594],[-77.0797325,38.73165516],[-77.07979218,38.73182889],[-77.07973942,38.73201499],[-77.07949641,38.73224822],[-77.0784762,38.73260109],[-77.07808974,38.73264171],[-77.07787377,38.73257043],[-77.07780858,38.73232112],[-77.07788607,38.73194858],[-77.07761916,38.7317943],[-77.07714698,38.73191489],[-77.07688812,38.73206279],[-77.0764419,38.73211092],[-77.07554682,38.73198745],[-77.07519557,38.73202025],[-77.07496216,38.73212177],[-77.0748438,38.73225627],[-77.07476654,38.73261645],[-77.07453804,38.732773],[-77.07396167,38.73290153],[-77.07371454,38.73301554],[-77.07283861,38.73363515],[-77.07261985,38.73399155],[-77.0726728,38.73412953],[-77.07250115,38.73433963],[-77.07230321,38.73444064],[-77.07149616,38.73440023],[-77.07125922,38.73462058],[-77.07029522,38.73498917],[-77.07003904,38.73515003],[-77.06971406,38.73555374],[-77.06952284,38.73595681],[-77.06917507,38.73616181],[-77.06938559,38.73647032],[-77.069219,38.7365605],[-77.06914245,38.736797],[-77.06947573,38.73709957],[-77.06915167,38.73719793],[-77.0691281,38.73759201],[-77.06951829,38.73776417],[-77.06956906,38.73786035],[-77.06939459,38.73800542],[-77.06961805,38.73837274],[-77.06933159,38.73848955],[-77.06949874,38.73869291],[-77.06940706,38.73898208],[-77.0693924,38.73940542],[-77.06986976,38.74009776],[-77.06993686,38.74026919],[-77.07015831,38.74048862],[-77.06995355,38.7407277],[-77.06981978,38.74121788],[-77.06964525,38.74137731],[-77.0696229,38.74154708],[-77.0698186,38.74172841],[-77.07012757,38.74233743],[-77.06996284,38.7426105],[-77.06968248,38.74284388],[-77.06969569,38.74299258],[-77.06941027,38.74315409],[-77.06917028,38.74311192],[-77.06795444,38.74312382],[-77.06758009,38.74307577],[-77.06724185,38.74322007],[-77.06707973,38.74336487],[-77.06643748,38.74353686],[-77.06620974,38.74348044],[-77.06589705,38.74352808],[-77.06533991,38.7432972],[-77.06511562,38.74327861],[-77.06469789,38.74352082],[-77.06457008,38.7439281],[-77.06443114,38.74400038],[-77.0644362,38.74418067],[-77.06424742,38.74420461],[-77.06395778,38.74441543],[-77.06376862,38.74448443],[-77.06348269,38.74473022],[-77.06330985,38.74476732],[-77.06278275,38.74505582],[-77.06275746,38.74515597],[-77.0621981,38.74526625],[-77.06205109,38.7454487],[-77.06170334,38.74560623],[-77.06147517,38.74560404],[-77.06131959,38.7457962],[-77.06096831,38.74575196],[-77.06079235,38.74583193],[-77.06028134,38.74629718],[-77.06014812,38.74655604],[-77.05982877,38.74680441],[-77.0596629,38.74714575],[-77.05962521,38.74738549],[-77.05925216,38.74782309],[-77.05892629,38.74805696],[-77.05872317,38.74851705],[-77.05870736,38.74884052],[-77.05850916,38.74895373],[-77.05847586,38.74930463],[-77.05833777,38.74967292],[-77.05809443,38.74968869],[-77.05801167,38.74978337],[-77.05773815,38.74972141],[-77.05747533,38.74998963],[-77.05766172,38.75006085],[-77.05764381,38.75038369],[-77.05789147,38.75059328],[-77.057917,38.75083835],[-77.05805544,38.75091033],[-77.05801609,38.75110812],[-77.05771765,38.75130215],[-77.05787729,38.75143691],[-77.05788306,38.75160881],[-77.05814197,38.7520651],[-77.0589226,38.75152227],[-77.06040356,38.75042003],[-77.06294449,38.74856872],[-77.06348817,38.74821151],[-77.06450886,38.74767341],[-77.06507855,38.74741813],[-77.0654525,38.747306],[-77.06611669,38.74705873],[-77.06822506,38.74631283],[-77.06868374,38.74617151],[-77.07135707,38.74522649],[-77.07179194,38.7450478],[-77.07593784,38.74357687],[-77.07627985,38.74348217],[-77.07769294,38.74295284],[-77.07810095,38.74288913],[-77.07856598,38.74295657],[-77.07992283,38.74349753],[-77.08040826,38.74359815],[-77.08070703,38.74356195],[-77.08162803,38.74326827],[-77.08475539,38.74222272],[-77.08532396,38.74201813],[-77.08566126,38.74180525],[-77.08617368,38.74142423]]]},"properties":{"PREC_IDENT":610,"PREC_NAME":"SHERWOOD","DISTRICT":"Mount Vernon","cx":-77.07482423522616,"cy":38.73891890650605},"id":610},
{"type":"Feature","geometry":{"type":"Polygon","coordinates":[[[-77.43212383,38.84641352],[-77.43188083,38.84563552],[-77.43164983,38.84480252],[-77.43118683,38.84332452],[-77.43106183,38.84272552],[-77.43103583,38.84230152],[-77.43104583,38.84112952],[-77.43120683,38.83979652],[-77.43138784,38.83872396],[-77.42835045,38.83878346],[-77.42598992,38.83885936],[-77.42392879,38.83887069],[-77.42187777,38.83890953],[-77.42001599,38.83897205],[-77.41837942,38.83900092],[-77.41609992,38.83905677],[-77.41568215,38.83905429],[-77.41474052,38.83909913],[-77.41272179,38.83932347],[-77.41030161,38.83962505],[-77.40860245,38.83984404],[-77.40750552,38.83994093],[-77.40709117,38.83994393],[-77.40484318,38.84000262],[-77.40483872,38.84006172],[-77.40467282,38.84104312],[-77.40456118,38.84145672],[-77.40439783,38.84180667],[-77.40401953,38.84243746],[-77.40382604,38.8426924],[-77.40322465,38.84367533],[-77.40306821,38.84403221],[-77.40239824,38.84651379],[-77.40216095,38.84733536],[-77.40208376,38.84779046],[-77.40207087,38.84863335],[-77.40199218,38.84895664],[-77.40211512,38.84941362],[-77.40240737,38.85027995],[-77.40252486,38.85040462],[-77.40291132,38.85172536],[-77.40600365,38.85117438],[-77.40834911,38.85073215],[-77.410254,38.85039562],[-77.41369439,38.84976298],[-77.41637395,38.84928112],[-77.41822277,38.84893159],[-77.41909582,38.84878585],[-77.42173687,38.84829116],[-77.42318403,38.84802847],[-77.42395532,38.84787628],[-77.42709603,38.84730779],[-77.42864125,38.84705966],[-77.43013429,38.84677809],[-77.43145142,38.84651824],[-77.43212383,38.84641352]]]},"properties":{"PREC_IDENT":926,"PREC_NAME":"POWELL","DISTRICT":"Sully","cx":-77.41626351736757,"cy":38.844371322506746},"id":926},
{"type":"Feature","geometry":{"type":"Polygon","coordinates":[[[-77.2739801,38.81741878],[-77.27301452,38.81682104],[-77.27226359,38.81639853],[-77.27108701,38.81582602],[-77.27051311,38.81551932],[-77.26978482,38.81503534],[-77.26943115,38.81538007],[-77.26931025,38.81566324],[-77.26930436,38.81591176],[-77.26939876,38.8168477],[-77.26944036,38.81762276],[-77.26950236,38.81790276],[-77.26948536,38.81837576],[-77.26942673,38.81869744],[-77.26920511,38.81954502],[-77.26912485,38.82115609],[-77.26915734,38.82171799],[-77.26914793,38.82267626],[-77.26911145,38.82296146],[-77.26902026,38.82316234],[-77.26791272,38.82449352],[-77.26759581,38.82495976],[-77.26752775,38.82524326],[-77.26751732,38.82585139],[-77.2675063,38.83037947],[-77.26754293,38.83049518],[-77.26755978,38.83278554],[-77.26752577,38.8329266],[-77.26752178,38.83356776],[-77.26756043,38.83399288],[-77.27014036,38.83433099],[-77.27013298,38.8343674],[-77.27132312,38.83451732],[-77.27819513,38.83541958],[-77.27852604,38.83545835],[-77.27855764,38.83596644],[-77.27914145,38.83597249],[-77.27906104,38.83538815],[-77.27919295,38.835082],[-77.27920118,38.83491418],[-77.27903685,38.83442794],[-77.2788562,38.83428025],[-77.27889971,38.83402994],[-77.27878559,38.83392797],[-77.2785404,38.83389019],[-77.2781252,38.83335624],[-77.27803926,38.83286263],[-77.27811463,38.83250395],[-77.27807626,38.83222979],[-77.27820544,38.83177942],[-77.27797799,38.83169774],[-77.27796138,38.83146896],[-77.27814064,38.83108859],[-77.27813833,38.83076532],[-77.27822887,38.83060834],[-77.27820049,38.83043774],[-77.27838874,38.83026788],[-77.27874625,38.83034937],[-77.27931307,38.8304123],[-77.27964964,38.83050716],[-77.27996688,38.83040089],[-77.28024463,38.8304519],[-77.28099149,38.83033792],[-77.28231218,38.8306859],[-77.28318015,38.83071874],[-77.28416413,38.83065288],[-77.28458517,38.83053068],[-77.28489249,38.83037892],[-77.28500699,38.82991529],[-77.28630432,38.82632043],[-77.28568115,38.82622062],[-77.28499205,38.82607481],[-77.28431847,38.82584266],[-77.28385543,38.82561544],[-77.28311163,38.8251766],[-77.28249227,38.82464569],[-77.28025917,38.82260829],[-77.27843734,38.82116279],[-77.27724526,38.82025654],[-77.27684414,38.81990087],[-77.27663406,38.81966389],[-77.2752906,38.81837435],[-77.27458065,38.81781087],[-77.2739801,38.81741878]]]},"properties":{"PREC_IDENT":114,"PREC_NAME":"OLDE CREEK","DISTRICT":"Braddock","cx":-77.27465379864937,"cy":38.82636266116967},"id":114},
{"type":"Feature","geometry":{"type":"Polygon","coordinates":[[[-77.1535358,38.92149977],[-77.15308508,38.92210284],[-77.15215821,38.92372471],[-77.15152639,38.92460992],[-77.15133988,38.92480686],[-77.15075799,38.92527936],[-77.14969298,38.92583143],[-77.14883589,38.92635568],[-77.14871713,38.92650122],[-77.14835664,38.92678953],[-77.14787742,38.92703527],[-77.14753162,38.92728942],[-77.14738671,38.92751704],[-77.14733961,38.92777737],[-77.14736737,38.92854245],[-77.14734782,38.92939211],[-77.14727532,38.92969471],[-77.14707737,38.9299382],[-77.14682944,38.93003557],[-77.14657582,38.93006149],[-77.14533042,38.93010755],[-77.14484553,38.93009372],[-77.14449483,38.93023384],[-77.14420123,38.9307014],[-77.14403979,38.93105789],[-77.1438882,38.93126621],[-77.14356643,38.93154945],[-77.14290423,38.93198666],[-77.1426006,38.9322399],[-77.14233157,38.93252238],[-77.1418826,38.93283847],[-77.14099207,38.93326479],[-77.14060761,38.93370108],[-77.14053762,38.93386915],[-77.1406034,38.93466488],[-77.14056072,38.93487583],[-77.14040921,38.93507865],[-77.13988132,38.93547621],[-77.13938027,38.93594135],[-77.13929697,38.93624139],[-77.13982533,38.93628979],[-77.1402189,38.93657088],[-77.14037494,38.9367328],[-77.14070733,38.93692879],[-77.14100033,38.93716779],[-77.14150768,38.93737707],[-77.14148512,38.93753424],[-77.14128231,38.93764577],[-77.14126944,38.93787969],[-77.141498,38.93796243],[-77.1418451,38.93796065],[-77.14237433,38.93780679],[-77.14260912,38.93751174],[-77.14267839,38.93721957],[-77.14277233,38.93708979],[-77.14288833,38.93668079],[-77.14297658,38.93651911],[-77.14317712,38.93644157],[-77.14327133,38.93628579],[-77.14307011,38.93598219],[-77.14327875,38.93552687],[-77.14352152,38.93565316],[-77.14377346,38.93554346],[-77.14383894,38.93529405],[-77.14367397,38.93501024],[-77.14367733,38.93485479],[-77.14389813,38.93466366],[-77.14355743,38.93444075],[-77.14364533,38.93419379],[-77.14411698,38.93411722],[-77.14442494,38.93397163],[-77.14483823,38.93388911],[-77.14535264,38.93385003],[-77.14542857,38.93394309],[-77.14579933,38.93396861],[-77.14596821,38.93389875],[-77.1461639,38.93395667],[-77.14642844,38.934235],[-77.14674234,38.93463926],[-77.14671166,38.93507321],[-77.14713133,38.93517679],[-77.147279,38.93536085],[-77.14760014,38.93522035],[-77.14766332,38.93481297],[-77.14784634,38.93434469],[-77.14769964,38.93422303],[-77.14784999,38.93397819],[-77.14769297,38.93378815],[-77.14773533,38.93366479],[-77.14797303,38.93359281],[-77.14817694,38.93384877],[-77.14847873,38.93414343],[-77.14865949,38.93448049],[-77.14871662,38.93476242],[-77.1486462,38.93492063],[-77.14930133,38.93505479],[-77.14962591,38.93490899],[-77.14979538,38.93457993],[-77.15024833,38.93445179],[-77.15062133,38.93448779],[-77.15093878,38.93470433],[-77.15102408,38.9349639],[-77.15117358,38.93499138],[-77.15156779,38.93491434],[-77.15182633,38.93476479],[-77.15198427,38.93454838],[-77.15230833,38.93442779],[-77.15263066,38.93414353],[-77.15281833,38.93404679],[-77.15293212,38.93389236],[-77.15292724,38.93366727],[-77.15307133,38.93351979],[-77.15326839,38.93353973],[-77.15371467,38.93347663],[-77.15415857,38.93360429],[-77.15456935,38.93366252],[-77.15523242,38.93339221],[-77.15606626,38.93334373],[-77.15648414,38.93320917],[-77.15704133,38.93307779],[-77.15733978,38.93320884],[-77.1575304,38.93351149],[-77.15761046,38.93392999],[-77.15784636,38.93484163],[-77.1578506,38.93539774],[-77.15806304,38.93564149],[-77.15809311,38.93577638],[-77.15829159,38.93584329],[-77.15839269,38.93603584],[-77.15875606,38.93632543],[-77.15902034,38.93671779],[-77.15925939,38.93681071],[-77.15944537,38.93695837],[-77.15946857,38.93730262],[-77.15972989,38.93735487],[-77.15980534,38.93745079],[-77.16017134,38.93765179],[-77.16027851,38.93791979],[-77.16060633,38.93789379],[-77.16068334,38.93797879],[-77.16127843,38.93806366],[-77.1609592,38.93867889],[-77.16087309,38.93894791],[-77.16094254,38.93993588],[-77.16087214,38.94050487],[-77.16080407,38.94076085],[-77.16042395,38.94190983],[-77.16028523,38.94218285],[-77.161101,38.94218253],[-77.16177895,38.94221909],[-77.16390522,38.94246295],[-77.16529082,38.94264071],[-77.16618209,38.94274007],[-77.16679738,38.94274293],[-77.16752381,38.94263034],[-77.16996939,38.94196468],[-77.17177558,38.9414565],[-77.17332344,38.941036],[-77.17408978,38.94085517],[-77.17525395,38.94064725],[-77.17638187,38.94049794],[-77.17694128,38.94043972],[-77.17662832,38.93990896],[-77.17631112,38.939569],[-77.17622365,38.93935521],[-77.17602457,38.93852093],[-77.17574112,38.93749623],[-77.17573076,38.93691534],[-77.17580252,38.93607588],[-77.17592221,38.93549645],[-77.17616535,38.93508592],[-77.17642007,38.93481007],[-77.17725679,38.93405061],[-77.17649641,38.93372215],[-77.17573121,38.93327417],[-77.17547783,38.93309694],[-77.17461263,38.93235401],[-77.17348947,38.93149283],[-77.17287383,38.93113439],[-77.17185502,38.9307151],[-77.17164624,38.93059879],[-77.17056874,38.93012253],[-77.16935078,38.92961922],[-77.16852099,38.92926594],[-77.16781151,38.92885149],[-77.16722595,38.92839039],[-77.16690485,38.92807645],[-77.16642373,38.92748198],[-77.16633226,38.92729696],[-77.16493793,38.92496076],[-77.16464909,38.92461423],[-77.1643825,38.92439426],[-77.16400333,38.92417989],[-77.16359134,38.92402829],[-77.16322726,38.92394726],[-77.16258504,38.92388915],[-77.16209201,38.92393709],[-77.16011875,38.92437593],[-77.15979092,38.92442437],[-77.15911973,38.92441122],[-77.15878013,38.92433732],[-77.15838588,38.92417767],[-77.15585978,38.92278953],[-77.1535358,38.92149977]]]},"properties":{"PREC_IDENT":316,"PREC_NAME":"SALONA","DISTRICT":"Dranesville","cx":-77.16596893123979,"cy":38.93455313924715},"id":316},
{"type":"Feature","geometry":{"type":"Polygon","coordinates":[[[-77.26704918,38.87820458],[-77.26789483,38.87811595],[-77.26856036,38.87802408],[-77.27086489,38.87761435],[-77.27469077,38.87698294],[-77.27640757,38.8766315],[-77.27733889,38.87640231],[-77.27831333,38.87612662],[-77.27833637,38.87566477],[-77.27810337,38.87556077],[-77.27803337,38.87534477],[-77.27770837,38.87508577],[-77.2774596,38.87477799],[-77.27740437,38.87455377],[-77.27715,38.87453277],[-77.27712237,38.87430277],[-77.27668137,38.87412377],[-77.27649237,38.87408677],[-77.27636937,38.87383777],[-77.27618737,38.87389277],[-77.27599237,38.87380377],[-77.27580037,38.87362477],[-77.27583237,38.87331677],[-77.27559737,38.87314977],[-77.27540629,38.87261314],[-77.27505537,38.87235077],[-77.27498037,38.87223277],[-77.27499837,38.87199677],[-77.27485837,38.87200777],[-77.27465237,38.87175877],[-77.27453437,38.87145777],[-77.27458937,38.87128377],[-77.27431959,38.87102037],[-77.27422143,38.87079407],[-77.27442434,38.87052992],[-77.27411135,38.87044875],[-77.27391647,38.87020033],[-77.27398498,38.87006672],[-77.27373737,38.86999177],[-77.27360137,38.86979377],[-77.27372781,38.86955672],[-77.27377037,38.86917777],[-77.27344837,38.86885977],[-77.27352837,38.86872377],[-77.27324037,38.86869877],[-77.27323516,38.86858111],[-77.27301537,38.86834077],[-77.27261668,38.86821922],[-77.27266137,38.86803877],[-77.27223137,38.86785577],[-77.27183837,38.86822177],[-77.27134737,38.86855477],[-77.27085037,38.86896677],[-77.26964937,38.87014877],[-77.26927737,38.87048977],[-77.26891236,38.87073277],[-77.26819637,38.87107477],[-77.26781736,38.87118977],[-77.26507736,38.87184677],[-77.26399136,38.87205977],[-77.26307616,38.87228255],[-77.26359013,38.87350001],[-77.26422922,38.87494151],[-77.26453786,38.87537863],[-77.26621115,38.87714953],[-77.26692103,38.87795195],[-77.26704918,38.87820458]]]},"properties":{"PREC_IDENT":734,"PREC_NAME":"HUNTERS BRANCH","DISTRICT":"Providence","cx":-77.27055807308912,"cy":38.8738489774032},"id":734},
{"type":"Feature","geometry":{"type":"Polygon","coordinates":[[[-77.3013198,38.82581138],[-77.30136137,38.82602076],[-77.30131037,38.82627376],[-77.30113837,38.82664576],[-77.30035637,38.82820576],[-77.29959237,38.82978476],[-77.29953837,38.83015876],[-77.29944537,38.83042176],[-77.29912237,38.83108276],[-77.29872937,38.83166076],[-77.29851937,38.83207976],[-77.29716447,38.83499155],[-77.30024248,38.83504777],[-77.3002225,38.8351931],[-77.30228784,38.83534738],[-77.30229368,38.83499732],[-77.30205851,38.83478348],[-77.30179218,38.8347533],[-77.30132809,38.83311057],[-77.30316232,38.83280389],[-77.30333402,38.83345507],[-77.30390417,38.83547919],[-77.303792,38.83546844],[-77.30396422,38.83608942],[-77.30662581,38.83585976],[-77.307845,38.83574031],[-77.30806767,38.83687761],[-77.31032106,38.83661319],[-77.31038696,38.83687995],[-77.31182493,38.83672859],[-77.31162476,38.83610819],[-77.3115933,38.83588819],[-77.31162061,38.8355109],[-77.31192341,38.83482197],[-77.31216811,38.83446197],[-77.31247917,38.83412187],[-77.3132106,38.83341394],[-77.31419128,38.83249296],[-77.3144877,38.8321884],[-77.31508259,38.83145436],[-77.31558062,38.83063284],[-77.31583171,38.83009578],[-77.31610484,38.8292871],[-77.3162181,38.82880494],[-77.31642164,38.82753148],[-77.31429856,38.82663407],[-77.31340027,38.82618563],[-77.31234834,38.82547613],[-77.31185918,38.82512519],[-77.31150796,38.82492392],[-77.31102706,38.82471035],[-77.31065356,38.824583],[-77.31017099,38.82447101],[-77.308911,38.82424541],[-77.3078255,38.82408198],[-77.30725717,38.8240611],[-77.30684564,38.82411047],[-77.30553481,38.82441018],[-77.30330696,38.82496826],[-77.30297878,38.82507064],[-77.30225417,38.82536942],[-77.3013198,38.82581138]]]},"properties":{"PREC_IDENT":134,"PREC_NAME":"UNIVERSITY","DISTRICT":"Braddock","cx":-77.30760170722922,"cy":38.83011242200193},"id":134},
{"type":"Feature","geometry":{"type":"Polygon","coordinates":[[[-77.08439879,38.79220773],[-77.08490013,38.79151764],[-77.08501412,38.79125264],[-77.08554953,38.79025676],[-77.08586372,38.78980332],[-77.086186,38.78947355],[-77.08681323,38.78898131],[-77.08733386,38.78862691],[-77.08730966,38.7883598],[-77.0874623,38.78733376],[-77.08753568,38.78650065],[-77.08777167,38.78502608],[-77.08776892,38.78480911],[-77.0879133,38.78366476],[-77.08800058,38.78248318],[-77.08822611,38.78166645],[-77.08797628,38.78050876],[-77.0873393,38.78054576],[-77.0865323,38.78046176],[-77.0862664,38.78048424],[-77.08615364,38.77975951],[-77.0859223,38.77931976],[-77.0855963,38.77838176],[-77.0852583,38.77806876],[-77.0853843,38.77795776],[-77.0855333,38.77756276],[-77.08534639,38.7773418],[-77.0832333,38.77872876],[-77.08217054,38.77941132],[-77.0818533,38.77964676],[-77.07959394,38.78108549],[-77.07910768,38.78136932],[-77.0789751,38.78150913],[-77.07855366,38.78277274],[-77.07853743,38.78306089],[-77.07829651,38.78371155],[-77.07807014,38.78380354],[-77.07773312,38.78487731],[-77.07764952,38.78555597],[-77.07774369,38.78629307],[-77.07770576,38.78679103],[-77.07761927,38.78708382],[-77.07742947,38.78745499],[-77.0769673,38.78811395],[-77.07665219,38.78861129],[-77.07647329,38.78896337],[-77.07626292,38.7901952],[-77.07625402,38.79082121],[-77.07648122,38.79157366],[-77.07695307,38.79255289],[-77.07727492,38.79313348],[-77.07766316,38.79390573],[-77.07791425,38.79433855],[-77.07826903,38.79485225],[-77.07931987,38.79618861],[-77.07947577,38.79646786],[-77.07974901,38.79720164],[-77.08001957,38.79753857],[-77.08050515,38.79782729],[-77.081047,38.79704434],[-77.08189091,38.79571307],[-77.08300726,38.7940885],[-77.08373145,38.79313061],[-77.08439879,38.79220773]]]},"properties":{"PREC_IDENT":408,"PREC_NAME":"MOUNT EAGLE","DISTRICT":"Franconia","cx":-77.08217346679481,"cy":38.787130726798644},"id":408},
{"type":"Feature","geometry":{"type":"Polygon","coordinates":[[[-77.44872061,38.8098166],[-77.44849106,38.8096745],[-77.44737193,38.80916607],[-77.44685194,38.80896644],[-77.44646727,38.80887237],[-77.44597211,38.80889401],[-77.44569628,38.8090357],[-77.44501953,38.80947309],[-77.44463579,38.80955476],[-77.44420195,38.80946299],[-77.44416941,38.80959255],[-77.44435542,38.80969375],[-77.44401542,38.81010775],[-77.44357441,38.81036175],[-77.44357342,38.81050575],[-77.44340242,38.81063075],[-77.44313642,38.81067975],[-77.44289142,38.81085375],[-77.44281842,38.81109875],[-77.44285642,38.81121575],[-77.44268142,38.81134375],[-77.44229443,38.81177081],[-77.44135799,38.81138013],[-77.44121741,38.81129275],[-77.44068241,38.81124975],[-77.44016841,38.81113775],[-77.43991941,38.81181675],[-77.43988104,38.81212194],[-77.4399687,38.81307833],[-77.43984941,38.81339275],[-77.43958541,38.81357675],[-77.43865341,38.81385675],[-77.43834541,38.81369875],[-77.43787041,38.81354575],[-77.43661641,38.81257075],[-77.43548941,38.81146475],[-77.43441541,38.81058275],[-77.43418041,38.81033075],[-77.43397564,38.81121477],[-77.43421051,38.81146058],[-77.43409816,38.81183634],[-77.43415548,38.81194696],[-77.43403197,38.81245863],[-77.43391923,38.81262074],[-77.4337472,38.81270739],[-77.43281424,38.81280316],[-77.43253949,38.81279157],[-77.43201953,38.81312866],[-77.43141337,38.81346364],[-77.43099922,38.81361529],[-77.43081863,38.81394326],[-77.43090878,38.81416734],[-77.43086458,38.81448667],[-77.43072899,38.81477915],[-77.43067145,38.81508518],[-77.43045022,38.81522272],[-77.43038451,38.81569055],[-77.43041285,38.81586922],[-77.43064761,38.81604682],[-77.43068043,38.81629012],[-77.43016746,38.81671543],[-77.43007913,38.81697862],[-77.43006703,38.81744656],[-77.43011216,38.81758132],[-77.43002682,38.81790151],[-77.42969804,38.81851514],[-77.42975953,38.8188241],[-77.42991997,38.81910224],[-77.42983304,38.81926179],[-77.42949497,38.81938693],[-77.42931515,38.81932357],[-77.42895919,38.81934533],[-77.42881684,38.81942795],[-77.4283418,38.81952912],[-77.42804382,38.8197248],[-77.4275845,38.81996127],[-77.42743118,38.82038018],[-77.42701072,38.82071029],[-77.42669255,38.82121883],[-77.42670101,38.82137852],[-77.42683086,38.82165402],[-77.42678504,38.82193605],[-77.42649253,38.82201396],[-77.42640446,38.82239145],[-77.42644948,38.82261073],[-77.42661695,38.82281304],[-77.42650939,38.82291459],[-77.42647041,38.82320866],[-77.42662464,38.82348024],[-77.42642907,38.82396967],[-77.42625974,38.82413951],[-77.42591346,38.82483117],[-77.42564552,38.82483386],[-77.42539678,38.82491823],[-77.42468668,38.82505492],[-77.42418643,38.82519595],[-77.42397368,38.82522085],[-77.42294628,38.82571492],[-77.42244678,38.82590077],[-77.42223082,38.82615241],[-77.42183919,38.82637228],[-77.42180523,38.82650089],[-77.42162689,38.82660363],[-77.42137639,38.82684545],[-77.42114289,38.82680288],[-77.42084201,38.82697437],[-77.42086147,38.8271106],[-77.42069666,38.82719198],[-77.42060425,38.82736649],[-77.42034632,38.82746614],[-77.42031268,38.82760534],[-77.42009091,38.82759079],[-77.41988596,38.82777681],[-77.41981285,38.82795195],[-77.41962342,38.8281048],[-77.41976583,38.82818062],[-77.41973553,38.82849776],[-77.41966516,38.82859428],[-77.41915664,38.8288892],[-77.41914619,38.82906271],[-77.41877493,38.82909265],[-77.41868024,38.82954425],[-77.42596969,38.82847671],[-77.42829931,38.8280971],[-77.43242604,38.82749627],[-77.43450192,38.82717876],[-77.43501086,38.82718338],[-77.43550144,38.82724275],[-77.43644349,38.82739545],[-77.43748567,38.82600034],[-77.43790794,38.82545634],[-77.43828458,38.82491193],[-77.43950851,38.82332759],[-77.43985835,38.82285126],[-77.44069221,38.82304095],[-77.4408908,38.8230408],[-77.44143689,38.82321078],[-77.44191885,38.8223749],[-77.44205265,38.82202209],[-77.44203457,38.82181481],[-77.44191079,38.82154117],[-77.44163092,38.82166341],[-77.44137219,38.8218742],[-77.43991618,38.8227725],[-77.44169719,38.82034739],[-77.44223701,38.81968224],[-77.44291035,38.81876842],[-77.44305671,38.81860223],[-77.44455635,38.81663314],[-77.44517935,38.81579711],[-77.44777781,38.81236465],[-77.44821498,38.81175072],[-77.4484367,38.8112296],[-77.44859271,38.81064199],[-77.44868982,38.81001527],[-77.44872061,38.8098166]]]},"properties":{"PREC_IDENT":919,"PREC_NAME":"GREEN TRAILS","DISTRICT":"Sully","cx":-77.43516059994099,"cy":38.819631034730804},"id":919},
{"type":"Feature","geometry":{"type":"Polygon","coordinates":[[[-77.11486505,38.84488177],[-77.1149031,38.84472981],[-77.11514051,38.84425479],[-77.11581037,38.84327464],[-77.11542596,38.84301387],[-77.1142139,38.84240504],[-77.11075246,38.84345915],[-77.11283175,38.844163],[-77.11486505,38.84488177]]]},"properties":{"PREC_IDENT":509,"PREC_NAME":"PLAZA","DISTRICT":"Mason","cx":-77.11379016857438,"cy":38.84351003959865},"id":509},
{"type":"Feature","geometry":{"type":"Polygon","coordinates":[[[-77.2549708,38.83173138],[-77.25513738,38.83184298],[-77.25552181,38.83194455],[-77.25702431,38.83215269],[-77.25789919,38.83211252],[-77.25947773,38.83239146],[-77.26363838,38.83298045],[-77.26420074,38.83314839],[-77.26585404,38.83336899],[-77.26603304,38.83337225],[-77.26641806,38.83323625],[-77.26674066,38.83346344],[-77.26752178,38.83356776],[-77.26752577,38.8329266],[-77.26755978,38.83278554],[-77.26754293,38.83049518],[-77.2675063,38.83037947],[-77.26751732,38.82585139],[-77.26752775,38.82524326],[-77.26759581,38.82495976],[-77.26791272,38.82449352],[-77.26902026,38.82316234],[-77.26911145,38.82296146],[-77.26914793,38.82267626],[-77.26915734,38.82171799],[-77.26912485,38.82115609],[-77.26920511,38.81954502],[-77.26942673,38.81869744],[-77.26948536,38.81837576],[-77.26950236,38.81790276],[-77.26944036,38.81762276],[-77.26939876,38.8168477],[-77.26930436,38.81591176],[-77.26931025,38.81566324],[-77.26943115,38.81538007],[-77.26978482,38.81503534],[-77.26983936,38.81497376],[-77.26944936,38.81465876],[-77.26855536,38.81375176],[-77.26814436,38.81330876],[-77.26797536,38.81305276],[-77.26757236,38.81261876],[-77.26646836,38.81174376],[-77.26607665,38.81152531],[-77.26578136,38.81194076],[-77.26565236,38.81228276],[-77.26563136,38.81271976],[-77.26566036,38.81339776],[-77.26558636,38.81428876],[-77.26562936,38.81494176],[-77.26556736,38.81522376],[-77.26536236,38.81568876],[-77.26521336,38.81627676],[-77.26498436,38.81683476],[-77.26487336,38.81747476],[-77.26472236,38.81786376],[-77.26395036,38.81868076],[-77.26310236,38.81951376],[-77.26278336,38.81988776],[-77.26245836,38.82037376],[-77.26216136,38.82062976],[-77.26161836,38.82102076],[-77.26143191,38.82127423],[-77.26126336,38.82162776],[-77.26106249,38.8219335],[-77.26066138,38.82239471],[-77.25982836,38.82312576],[-77.25968136,38.82336576],[-77.25932736,38.82430476],[-77.25913936,38.82495376],[-77.25895336,38.82544876],[-77.25869536,38.82598876],[-77.25840994,38.82650252],[-77.25794036,38.82726776],[-77.25752472,38.82798678],[-77.25618864,38.83033558],[-77.25578555,38.8309066],[-77.25544177,38.83129564],[-77.2549708,38.83173138]]]},"properties":{"PREC_IDENT":109,"PREC_NAME":"LITTLE RUN","DISTRICT":"Braddock","cx":-77.26330916753159,"cy":38.82568930553399},"id":109},
{"type":"Feature","geometry":{"type":"Polygon","coordinates":[[[-77.12933176,38.85042564],[-77.13018815,38.85008276],[-77.12994883,38.84974221],[-77.12988909,38.84956027],[-77.1296531,38.84941335],[-77.12946055,38.84938226],[-77.12875457,38.84938912],[-77.1287207,38.84914021],[-77.12851479,38.84888928],[-77.12749041,38.84791756],[-77.12629405,38.84712643],[-77.12512115,38.8463946],[-77.12497795,38.84635448],[-77.12447428,38.84606711],[-77.12398197,38.8457373],[-77.12372971,38.84552426],[-77.12331318,38.84508825],[-77.12257413,38.84407589],[-77.12235714,38.84367242],[-77.12198264,38.84269454],[-77.12166523,38.84166927],[-77.12154938,38.8414853],[-77.12164533,38.84136439],[-77.1212962,38.84024211],[-77.1142139,38.84240504],[-77.11542596,38.84301387],[-77.11581037,38.84327464],[-77.11514051,38.84425479],[-77.1149031,38.84472981],[-77.11486505,38.84488177],[-77.11564657,38.84514362],[-77.11884144,38.8462687],[-77.12442243,38.84822353],[-77.12558061,38.8486243],[-77.12651485,38.84898398],[-77.12815344,38.84978989],[-77.12904704,38.85025617],[-77.12933176,38.85042564]]]},"properties":{"PREC_IDENT":520,"PREC_NAME":"SKYLINE","DISTRICT":"Mason","cx":-77.11991564197666,"cy":38.84407808709883},"id":520},
{"type":"Feature","geometry":{"type":"Polygon","coordinates":[[[-77.14193465,38.85733016],[-77.14228285,38.85693189],[-77.14270791,38.85636974],[-77.14536033,38.85295577],[-77.14632733,38.85341277],[-77.14666733,38.85306977],[-77.14727533,38.85252277],[-77.14749333,38.85218677],[-77.14751333,38.85205277],[-77.14733033,38.85152877],[-77.14706633,38.85123377],[-77.14667733,38.85109777],[-77.14460533,38.85053977],[-77.14445133,38.85042477],[-77.14442033,38.85024677],[-77.14474333,38.84949477],[-77.14434233,38.84946377],[-77.14299965,38.8492979],[-77.14261599,38.84915891],[-77.14229306,38.8489657],[-77.14226312,38.84869212],[-77.14207568,38.84820527],[-77.14126752,38.84711809],[-77.14112997,38.84677873],[-77.14113698,38.84603737],[-77.14098822,38.84573358],[-77.14050322,38.84538471],[-77.14013402,38.845596],[-77.13896536,38.84611657],[-77.13325933,38.84868924],[-77.13018815,38.85008276],[-77.12933176,38.85042564],[-77.1291608,38.85048821],[-77.13231979,38.85210813],[-77.13292528,38.85240077],[-77.13545894,38.85379229],[-77.13983501,38.85618821],[-77.14193465,38.85733016]]]},"properties":{"PREC_IDENT":506,"PREC_NAME":"HOLMES","DISTRICT":"Mason","cx":-77.13905512039364,"cy":38.85131332902788},"id":506},
{"type":"Feature","geometry":{"type":"Polygon","coordinates":[[[-77.16520014,38.76748573],[-77.16436087,38.76784878],[-77.16385392,38.76809129],[-77.16278593,38.76870149],[-77.1618153,38.76935315],[-77.16115568,38.76986777],[-77.16058319,38.77037001],[-77.15980418,38.77116768],[-77.15926712,38.77180686],[-77.1589344,38.77225413],[-77.15850553,38.77293314],[-77.15806179,38.77378472],[-77.15761679,38.77492195],[-77.15748258,38.77534144],[-77.1573689,38.77582519],[-77.1570981,38.77735611],[-77.15662962,38.77992586],[-77.15711255,38.77989327],[-77.1581712,38.77975424],[-77.1603616,38.77930922],[-77.16114214,38.77912959],[-77.16315912,38.77878676],[-77.16518714,38.77845922],[-77.16785484,38.77801519],[-77.16872954,38.77789958],[-77.16960372,38.77783408],[-77.17067782,38.77781569],[-77.17181925,38.77785155],[-77.17188408,38.77744292],[-77.17179847,38.77705038],[-77.17159325,38.77642297],[-77.17154957,38.7760463],[-77.17166665,38.77309297],[-77.17162671,38.77261503],[-77.17148129,38.77210309],[-77.17133492,38.77175637],[-77.17119744,38.77180627],[-77.17097371,38.77141217],[-77.17079281,38.77085488],[-77.17071481,38.77028314],[-77.1707773,38.76955873],[-77.17093473,38.76888037],[-77.16636846,38.76762236],[-77.16547705,38.76736952],[-77.16520014,38.76748573]]]},"properties":{"PREC_IDENT":403,"PREC_NAME":"FORESTDALE","DISTRICT":"Franconia","cx":-77.1646301358567,"cy":38.77375198081264},"id":403},
{"type":"Feature","geometry":{"type":"Polygon","coordinates":[[[-77.33362329,38.97361499],[-77.33446129,38.97637743],[-77.33480924,38.9772623],[-77.33515751,38.97791104],[-77.33539772,38.97828274],[-77.33582123,38.97884846],[-77.33614254,38.97942554],[-77.33625716,38.97973284],[-77.33640024,38.98045367],[-77.33665178,38.98186206],[-77.33672054,38.98217714],[-77.33690714,38.98260185],[-77.33708896,38.98288785],[-77.33738245,38.98322987],[-77.33768774,38.98349511],[-77.33812281,38.98378499],[-77.33849623,38.98397127],[-77.33989734,38.9845686],[-77.34056056,38.98489229],[-77.34098912,38.98515051],[-77.34170406,38.98575753],[-77.34251655,38.98664283],[-77.34306444,38.98626655],[-77.34444724,38.98538636],[-77.3447537,38.98514498],[-77.34506498,38.98482265],[-77.34564864,38.98397167],[-77.34609272,38.98348589],[-77.34683531,38.98281357],[-77.34706877,38.98251655],[-77.34727897,38.98213419],[-77.34743554,38.98158655],[-77.34744611,38.98092901],[-77.34742614,38.98020253],[-77.34754186,38.97956937],[-77.34761572,38.97935179],[-77.34789486,38.9788383],[-77.3481246,38.97855223],[-77.34879986,38.9779067],[-77.34922473,38.97729853],[-77.34946351,38.97688761],[-77.350416,38.97540453],[-77.35118864,38.97416683],[-77.35148793,38.97370981],[-77.35189673,38.97300399],[-77.35211348,38.97242947],[-77.35213652,38.97186954],[-77.35201853,38.97133019],[-77.35198518,38.97077657],[-77.35201836,38.97046249],[-77.35226204,38.96952303],[-77.3523823,38.96926197],[-77.35287597,38.9685254],[-77.35352722,38.96783292],[-77.35368714,38.96751046],[-77.35373498,38.96715808],[-77.35195885,38.96758971],[-77.35017611,38.96799379],[-77.34855949,38.96834591],[-77.34736962,38.9686267],[-77.34634389,38.9689791],[-77.34537304,38.96941852],[-77.3437213,38.97019997],[-77.3418253,38.9710751],[-77.34158769,38.97119495],[-77.34115899,38.97138569],[-77.33863901,38.97255803],[-77.33816103,38.97274964],[-77.33739729,38.97299197],[-77.33639479,38.97320722],[-77.33362329,38.97361499]]]},"properties":{"PREC_IDENT":234,"PREC_NAME":"ALDRIN","DISTRICT":"Hunter Mill","cx":-77.34310956828249,"cy":38.97640945094082},"id":234},
{"type":"Feature","geometry":{"type":"Polygon","coordinates":[[[-77.3602186,38.98756098],[-77.3600762,38.98725211],[-77.35969788,38.98622925],[-77.35958483,38.98583491],[-77.35969921,38.98534585],[-77.3600235,38.98443451],[-77.35995939,38.98435069],[-77.36057931,38.98245001],[-77.36156074,38.98055509],[-77.36167731,38.9800722],[-77.36172496,38.98003133],[-77.36220375,38.97913104],[-77.36224922,38.97914258],[-77.36205795,38.97638837],[-77.36207708,38.97608222],[-77.3619515,38.97512956],[-77.36180749,38.97445131],[-77.36173784,38.97396461],[-77.36155586,38.97235514],[-77.36165402,38.97104767],[-77.36172763,38.97084245],[-77.36488078,38.96626114],[-77.36359523,38.96619662],[-77.36297633,38.96618789],[-77.36052447,38.96620809],[-77.36005678,38.96620082],[-77.35832911,38.96624446],[-77.35764552,38.96632157],[-77.35390403,38.96714463],[-77.35373498,38.96715808],[-77.35368714,38.96751046],[-77.35352722,38.96783292],[-77.35287597,38.9685254],[-77.3523823,38.96926197],[-77.35226204,38.96952303],[-77.35201836,38.97046249],[-77.35198518,38.97077657],[-77.35201853,38.97133019],[-77.35213652,38.97186954],[-77.35211348,38.97242947],[-77.35189673,38.97300399],[-77.35148793,38.97370981],[-77.35118864,38.97416683],[-77.350416,38.97540453],[-77.34946351,38.97688761],[-77.34922473,38.97729853],[-77.34879986,38.9779067],[-77.3481246,38.97855223],[-77.34789486,38.9788383],[-77.34761572,38.97935179],[-77.34754186,38.97956937],[-77.34742614,38.98020253],[-77.34744611,38.98092901],[-77.34743554,38.98158655],[-77.34727897,38.98213419],[-77.34706877,38.98251655],[-77.34683531,38.98281357],[-77.34609272,38.98348589],[-77.34564864,38.98397167],[-77.34506498,38.98482265],[-77.3447537,38.98514498],[-77.34444724,38.98538636],[-77.34306444,38.98626655],[-77.34251655,38.98664283],[-77.34318906,38.98704623],[-77.3438294,38.98726396],[-77.34432773,38.987343],[-77.3447778,38.98735977],[-77.34558693,38.98734782],[-77.34640095,38.98741052],[-77.34768423,38.98772062],[-77.34806922,38.98775859],[-77.34951019,38.98780005],[-77.35034195,38.98784922],[-77.35081381,38.98793591],[-77.35146709,38.9881851],[-77.35176671,38.98835559],[-77.35225954,38.9887742],[-77.35347333,38.98987011],[-77.35384936,38.99019524],[-77.35413968,38.99039984],[-77.3547315,38.99065867],[-77.35535239,38.99081988],[-77.3571132,38.99109933],[-77.35791304,38.99124851],[-77.35888953,38.98958576],[-77.35897743,38.98936831],[-77.35947219,38.98856857],[-77.35976815,38.98845047],[-77.3602186,38.98756098]]]},"properties":{"PREC_IDENT":201,"PREC_NAME":"ARMSTRONG","DISTRICT":"Hunter Mill","cx":-77.35514258660143,"cy":38.97884056974047},"id":201},
{"type":"Feature","geometry":{"type":"Polygon","coordinates":[[[-77.35013373,39.00285914],[-77.35053048,39.00247722],[-77.35089355,39.00221991],[-77.35131531,39.00203319],[-77.35195128,39.00187465],[-77.35308349,39.0017127],[-77.35302312,39.00152677],[-77.35250894,39.00133229],[-77.35186384,39.00096354],[-77.35172803,39.00065468],[-77.35165374,38.99892268],[-77.35142314,38.99596726],[-77.3514218,38.99561165],[-77.35158318,38.99542239],[-77.35245804,38.99506435],[-77.35284286,38.99498436],[-77.35359928,38.99499036],[-77.35382049,38.99501998],[-77.35449519,38.99529564],[-77.35483203,38.99535521],[-77.35507146,38.99534518],[-77.35538264,38.99524936],[-77.35561024,38.99509918],[-77.35633093,38.99425772],[-77.35659354,38.99389782],[-77.35675761,38.99353833],[-77.35690015,38.99298505],[-77.35724687,38.99220447],[-77.35745147,38.99195109],[-77.35791304,38.99124851],[-77.3571132,38.99109933],[-77.35535239,38.99081988],[-77.3547315,38.99065867],[-77.35413968,38.99039984],[-77.35384936,38.99019524],[-77.35347333,38.98987011],[-77.35225954,38.9887742],[-77.35176671,38.98835559],[-77.35146709,38.9881851],[-77.35081381,38.98793591],[-77.35034195,38.98784922],[-77.34951019,38.98780005],[-77.34806922,38.98775859],[-77.34768423,38.98772062],[-77.34640095,38.98741052],[-77.34558693,38.98734782],[-77.3447778,38.98735977],[-77.34432773,38.987343],[-77.3438294,38.98726396],[-77.34318906,38.98704623],[-77.34251655,38.98664283],[-77.34170406,38.98575753],[-77.34098912,38.98515051],[-77.34056056,38.98489229],[-77.33989734,38.9845686],[-77.33849623,38.98397127],[-77.33812281,38.98378499],[-77.33768774,38.98349511],[-77.33738245,38.98322987],[-77.33708896,38.98288785],[-77.33690714,38.98260185],[-77.33672054,38.98217714],[-77.33665178,38.98186206],[-77.33640024,38.98045367],[-77.33625716,38.97973284],[-77.33614254,38.97942554],[-77.33582123,38.97884846],[-77.33539772,38.97828274],[-77.33515751,38.97791104],[-77.33480924,38.9772623],[-77.33446129,38.97637743],[-77.33362329,38.97361499],[-77.33045386,38.97407782],[-77.33150939,38.97754579],[-77.33037539,38.97847479],[-77.33050439,38.97999479],[-77.33201539,38.97994079],[-77.33138939,38.98417179],[-77.33108939,38.98579179],[-77.33106039,38.98756679],[-77.33184039,38.98760379],[-77.33177639,38.98877279],[-77.33249139,38.98880779],[-77.33232039,38.99130179],[-77.33236545,38.99162331],[-77.33317922,38.99224553],[-77.33519708,38.99365494],[-77.33645286,38.99454468],[-77.33704445,38.99495005],[-77.3389195,38.99627836],[-77.33932679,38.9965501],[-77.34216923,38.99855514],[-77.34347417,38.99946175],[-77.34412595,38.99984983],[-77.34539317,39.0004801],[-77.34616779,39.00088859],[-77.34793789,39.00176127],[-77.35013373,39.00285914]]]},"properties":{"PREC_IDENT":233,"PREC_NAME":"NORTH POINT","DISTRICT":"Hunter Mill","cx":-77.3436587177357,"cy":38.99283502050442},"id":233},
{"type":"Feature","geometry":{"type":"Polygon","coordinates":[[[-77.20841746,38.72087847],[-77.20830549,38.72046725],[-77.20824834,38.72047674],[-77.20765834,38.72089674],[-77.20669934,38.72150874],[-77.20574034,38.72205074],[-77.20474234,38.72254974],[-77.20408534,38.72284174],[-77.20386834,38.72242674],[-77.20363134,38.72219774],[-77.20318434,38.72203574],[-77.20295134,38.72213874],[-77.20271134,38.72252874],[-77.20239134,38.72257774],[-77.20207334,38.72250174],[-77.20185834,38.72257874],[-77.20147034,38.72251574],[-77.20120634,38.72218874],[-77.20106934,38.72209574],[-77.20067134,38.72210974],[-77.20040533,38.72224874],[-77.20027134,38.72240774],[-77.20020534,38.72269274],[-77.19999534,38.72276874],[-77.19968334,38.72266874],[-77.19959534,38.72252574],[-77.19922134,38.72247674],[-77.19885734,38.72216974],[-77.19870933,38.72169774],[-77.19832733,38.72165774],[-77.19814533,38.72154374],[-77.19805034,38.72120774],[-77.19785733,38.72106574],[-77.19751834,38.72098674],[-77.19749134,38.72060774],[-77.19737533,38.72043974],[-77.19705633,38.72032774],[-77.19654133,38.72033674],[-77.19611833,38.72038874],[-77.19595633,38.72045474],[-77.19572533,38.72029074],[-77.19541433,38.72029674],[-77.19494833,38.72060474],[-77.19455533,38.72078474],[-77.19413533,38.72072774],[-77.19381033,38.72073774],[-77.19366933,38.72081274],[-77.19345533,38.72064674],[-77.19315533,38.72067874],[-77.19290033,38.72077174],[-77.19237933,38.72077674],[-77.19230133,38.72064974],[-77.19240333,38.72042874],[-77.19231433,38.72035174],[-77.19162333,38.72037574],[-77.19136533,38.72021674],[-77.19116633,38.72022674],[-77.19067233,38.72041474],[-77.19045633,38.72040574],[-77.18906833,38.72172574],[-77.18877233,38.72193974],[-77.18841533,38.72211574],[-77.18801333,38.72226074],[-77.18622833,38.72277474],[-77.18560533,38.72302274],[-77.18513733,38.72318074],[-77.18410233,38.72371374],[-77.18337933,38.72419374],[-77.18300333,38.72450775],[-77.18271733,38.72480374],[-77.18233433,38.72508675],[-77.18219033,38.72496974],[-77.18055933,38.72378274],[-77.17994733,38.72336074],[-77.17937433,38.72306774],[-77.17870933,38.72287774],[-77.17391733,38.72198275],[-77.17376533,38.72228474],[-77.17388833,38.72239675],[-77.17364933,38.72282474],[-77.17353533,38.72287374],[-77.17349933,38.72352974],[-77.17340633,38.72387074],[-77.17322533,38.72393275],[-77.17321133,38.72406875],[-77.17332633,38.72432574],[-77.17318333,38.72446675],[-77.17310633,38.72468275],[-77.17322533,38.72487075],[-77.17300233,38.72499175],[-77.17293633,38.72523275],[-77.17274033,38.72527575],[-77.17282933,38.72544075],[-77.17263033,38.72556775],[-77.17239333,38.72605175],[-77.17252733,38.72656875],[-77.17242033,38.72677675],[-77.17250233,38.72689975],[-77.17241633,38.72721575],[-77.17227633,38.72741875],[-77.17223333,38.72781675],[-77.17205933,38.72825775],[-77.17208733,38.72837875],[-77.17195633,38.72870875],[-77.17203533,38.72890075],[-77.17183733,38.72900775],[-77.17174933,38.72919275],[-77.17091233,38.72958875],[-77.17082833,38.72959475],[-77.17026333,38.72987275],[-77.16996033,38.72995775],[-77.16977633,38.73011475],[-77.16962933,38.73039275],[-77.16942533,38.73058975],[-77.16945233,38.73080575],[-77.16914833,38.73118375],[-77.16820733,38.73154175],[-77.16759533,38.73203075],[-77.16921233,38.73276875],[-77.16990733,38.73314575],[-77.17081133,38.73356875],[-77.17021433,38.73419775],[-77.16886133,38.73589575],[-77.16863233,38.73629575],[-77.16836033,38.73710475],[-77.16811033,38.73747775],[-77.16771133,38.73788075],[-77.16720833,38.73828175],[-77.16686033,38.73848575],[-77.16650232,38.73861775],[-77.16483132,38.73910175],[-77.16428233,38.73934375],[-77.16325272,38.74004947],[-77.16344288,38.74018471],[-77.16391374,38.74050725],[-77.1643144,38.74083449],[-77.16466135,38.74122152],[-77.16491931,38.7416102],[-77.16619923,38.74134453],[-77.16635228,38.74126275],[-77.16656925,38.74136968],[-77.1667557,38.74122035],[-77.17017387,38.74054493],[-77.17284124,38.73999997],[-77.17284161,38.73998559],[-77.176375,38.73927186],[-77.17685998,38.73911093],[-77.18180443,38.73984753],[-77.18185093,38.73979471],[-77.18295516,38.74001736],[-77.18533924,38.74037147],[-77.18580088,38.73877877],[-77.18642953,38.73888341],[-77.18672783,38.73886891],[-77.18725619,38.73873615],[-77.18762773,38.73855082],[-77.18818558,38.73833875],[-77.18888285,38.73817218],[-77.1895372,38.7380518],[-77.19072521,38.73789208],[-77.19116256,38.73775004],[-77.19173284,38.73743237],[-77.19278102,38.73609161],[-77.19335448,38.73540461],[-77.1942941,38.73424661],[-77.19477774,38.73367806],[-77.19558652,38.73277261],[-77.19749457,38.73059832],[-77.19808475,38.72995131],[-77.19894595,38.72905053],[-77.20011606,38.72793212],[-77.2012091,38.72700233],[-77.20215365,38.7261409],[-77.20250253,38.72584544],[-77.20524141,38.72345366],[-77.20698149,38.72201332],[-77.20841746,38.72087847]]]},"properties":{"PREC_IDENT":630,"PREC_NAME":"ARMY","DISTRICT":"Mount Vernon","cx":-77.18475448889885,"cy":38.731446510365174},"id":630},
{"type":"Feature","geometry":{"type":"Polygon","coordinates":[[[-77.22803521,38.88317941],[-77.22767335,38.88225777],[-77.22756235,38.88183078],[-77.22753735,38.88108577],[-77.22756835,38.88017077],[-77.22762135,38.87997477],[-77.22766335,38.87922077],[-77.22929535,38.87908377],[-77.22942135,38.87908677],[-77.22950335,38.87840777],[-77.23031135,38.87842177],[-77.23089435,38.87849377],[-77.23127335,38.87563377],[-77.23143035,38.87511977],[-77.23148735,38.87459877],[-77.23142335,38.87403277],[-77.22926935,38.87418077],[-77.22867635,38.87418777],[-77.22832335,38.87425577],[-77.22814035,38.87420077],[-77.22698435,38.87443977],[-77.22690935,38.87426277],[-77.22701235,38.87250877],[-77.22707535,38.87164477],[-77.22712335,38.87126577],[-77.22720435,38.87018677],[-77.22738635,38.86879277],[-77.22753735,38.86816977],[-77.22760535,38.86752177],[-77.22767194,38.86553693],[-77.22686807,38.86554099],[-77.22592593,38.86558707],[-77.22443641,38.8656011],[-77.22244072,38.86563707],[-77.22144933,38.86568669],[-77.22031937,38.86570722],[-77.22031694,38.86674942],[-77.22035908,38.86950825],[-77.22033929,38.87179958],[-77.22035621,38.87341168],[-77.22043344,38.87439971],[-77.22053575,38.8749665],[-77.22072526,38.87576555],[-77.22150264,38.87905897],[-77.2221148,38.88157411],[-77.22221575,38.88221777],[-77.22236707,38.88279608],[-77.22247961,38.88357854],[-77.22244928,38.88449262],[-77.22238119,38.88496821],[-77.22411299,38.88438577],[-77.22542351,38.8839881],[-77.22646612,38.88363968],[-77.22803521,38.88317941]]]},"properties":{"PREC_IDENT":723,"PREC_NAME":"GALLOWS EAST","DISTRICT":"Providence","cx":-77.22371878509217,"cy":38.87450704422963},"id":723},
{"type":"Feature","geometry":{"type":"Polygon","coordinates":[[[-77.2312011,38.9267524],[-77.23147836,38.92721178],[-77.23165336,38.92777078],[-77.23173236,38.92834778],[-77.23208236,38.92966378],[-77.23233636,38.93017578],[-77.23245036,38.93047578],[-77.23267836,38.93135179],[-77.23275136,38.93185879],[-77.23339098,38.93180604],[-77.23366638,38.93173962],[-77.23410905,38.93147969],[-77.23444443,38.93106301],[-77.23460987,38.93047627],[-77.23475138,38.93015487],[-77.23495329,38.92989112],[-77.23602573,38.92915797],[-77.23653549,38.92891645],[-77.23630841,38.92849432],[-77.23599793,38.92823879],[-77.23564765,38.92800743],[-77.2352909,38.92769604],[-77.23441676,38.92680705],[-77.23410577,38.92655273],[-77.2340583,38.92645336],[-77.23320205,38.92557229],[-77.2312011,38.9267524]]]},"properties":{"PREC_IDENT":735,"PREC_NAME":"ROTONDA","DISTRICT":"Providence","cx":-77.2335680029441,"cy":38.92863156798429},"id":735},
{"type":"Feature","geometry":{"type":"Polygon","coordinates":[[[-77.36234591,38.78984049],[-77.36274078,38.7894295],[-77.36421178,38.7876345],[-77.36507178,38.7866025],[-77.36552578,38.7861635],[-77.36590378,38.7858675],[-77.36650178,38.7854635],[-77.37057378,38.7828285],[-77.37112578,38.7825195],[-77.37163278,38.7822835],[-77.37221878,38.7820865],[-77.37283278,38.7819505],[-77.37346478,38.7818775],[-77.37410079,38.7818695],[-77.37500279,38.7819635],[-77.37577279,38.7821545],[-77.37780379,38.7828515],[-77.37873279,38.7831375],[-77.37934379,38.7832575],[-77.37981579,38.7833065],[-77.38029979,38.7833205],[-77.38110979,38.7832615],[-77.38176579,38.7831395],[-77.38225779,38.7830045],[-77.38303679,38.7827065],[-77.38023779,38.7789595],[-77.38818579,38.7752935],[-77.39123779,38.7793125],[-77.3923028,38.7790605],[-77.3939358,38.7787915],[-77.4040258,38.7772515],[-77.4045668,38.77716049],[-77.4050928,38.77702849],[-77.4058878,38.77673549],[-77.4075398,38.77596349],[-77.40846081,38.77556849],[-77.40898081,38.77540649],[-77.41221381,38.77458549],[-77.41300081,38.77441149],[-77.41370081,38.77430349],[-77.41464681,38.77424249],[-77.41522081,38.77428549],[-77.41572481,38.77438349],[-77.41621081,38.77453449],[-77.41717181,38.77497549],[-77.41915381,38.77596149],[-77.42019081,38.77641249],[-77.42132081,38.77676649],[-77.42184102,38.77682681],[-77.42177912,38.77651045],[-77.42167422,38.77625411],[-77.42146344,38.77604073],[-77.42104145,38.77587621],[-77.42065932,38.77586033],[-77.42035991,38.77570929],[-77.42012848,38.77546963],[-77.41987138,38.77530388],[-77.41919608,38.77518919],[-77.41857403,38.77503242],[-77.41813771,38.77488835],[-77.41723856,38.77449836],[-77.41652509,38.77412381],[-77.41571514,38.7736344],[-77.41510251,38.77331981],[-77.41430583,38.77288269],[-77.41354454,38.77242529],[-77.41300295,38.77205368],[-77.41266322,38.77178691],[-77.41255247,38.77145637],[-77.41275612,38.77121111],[-77.4132434,38.7709987],[-77.41385143,38.77068717],[-77.41466173,38.77022099],[-77.41495631,38.76999305],[-77.41520278,38.76969876],[-77.41539172,38.76926527],[-77.41581667,38.76760237],[-77.4158216,38.76727565],[-77.41566691,38.76683485],[-77.41530196,38.76661317],[-77.41441627,38.76650063],[-77.41387866,38.76633226],[-77.41351761,38.76608589],[-77.41307939,38.76560815],[-77.41288692,38.76534686],[-77.41273669,38.76484433],[-77.41273451,38.76359762],[-77.41280777,38.76269624],[-77.41303152,38.76227954],[-77.41322016,38.76209731],[-77.41358067,38.76191392],[-77.41387236,38.76187544],[-77.41428657,38.76208385],[-77.41483851,38.76223038],[-77.41528478,38.7621741],[-77.41592342,38.76192051],[-77.41652732,38.76164462],[-77.41702606,38.76136502],[-77.41723919,38.76118575],[-77.41730993,38.76091318],[-77.41716009,38.7606166],[-77.41678354,38.7600035],[-77.41646243,38.75920282],[-77.41610161,38.75847728],[-77.41579248,38.75804605],[-77.41546283,38.75781234],[-77.41519048,38.75773293],[-77.41455542,38.75775177],[-77.41430064,38.75766977],[-77.41376177,38.75735723],[-77.41314933,38.75703988],[-77.41170393,38.75637841],[-77.41085137,38.75593937],[-77.41057329,38.75577615],[-77.40981436,38.75540799],[-77.4092845,38.75519711],[-77.40876227,38.75494648],[-77.40814891,38.75469226],[-77.40731317,38.75430278],[-77.40691586,38.7541398],[-77.40657264,38.75387985],[-77.40642203,38.7536368],[-77.40637789,38.75331098],[-77.40647804,38.75295219],[-77.40676099,38.75256352],[-77.40718402,38.75218714],[-77.40782164,38.75176608],[-77.40838332,38.75126467],[-77.40900462,38.75076244],[-77.40975775,38.75012276],[-77.41047069,38.74958843],[-77.41085394,38.74905789],[-77.41112582,38.7484714],[-77.41159656,38.74772061],[-77.41183986,38.74716817],[-77.41197295,38.74671494],[-77.4120538,38.74577518],[-77.41202914,38.74531912],[-77.41189951,38.74508038],[-77.4115666,38.74483564],[-77.41122146,38.74470337],[-77.41087761,38.74471803],[-77.41040643,38.74480564],[-77.40924774,38.74490883],[-77.4088538,38.74498891],[-77.40845895,38.7451294],[-77.4081088,38.74532797],[-77.40773646,38.74583252],[-77.40739346,38.74602154],[-77.40616503,38.74609796],[-77.40562894,38.74607099],[-77.40473359,38.74591983],[-77.40419312,38.74595048],[-77.40396007,38.74605677],[-77.40374321,38.74625108],[-77.40368471,38.74640843],[-77.40373937,38.74673297],[-77.40395512,38.74707138],[-77.40437537,38.74756684],[-77.40453186,38.74788272],[-77.40500345,38.74915167],[-77.40511893,38.74962781],[-77.40507288,38.74988825],[-77.40464084,38.75062564],[-77.40434761,38.7512284],[-77.40413257,38.75153257],[-77.40385156,38.75179356],[-77.40348051,38.75197956],[-77.40301124,38.75216739],[-77.40241913,38.75236231],[-77.40216959,38.75239842],[-77.40166141,38.75237855],[-77.40142743,38.75231458],[-77.40078817,38.75192277],[-77.40042079,38.75163923],[-77.39908063,38.75053236],[-77.39856924,38.75003602],[-77.39822931,38.74933534],[-77.3978846,38.74917558],[-77.39749854,38.74919666],[-77.39692424,38.74937387],[-77.39642293,38.74959295],[-77.3958599,38.74972083],[-77.39554053,38.74973842],[-77.39449554,38.74973818],[-77.39381499,38.7497551],[-77.39335017,38.74965323],[-77.3923035,38.74930695],[-77.39191229,38.74920715],[-77.39150284,38.74915385],[-77.390318,38.74912754],[-77.38940927,38.74916012],[-77.3886807,38.74910791],[-77.38843646,38.7490287],[-77.38814555,38.74879253],[-77.38793852,38.74834846],[-77.38792538,38.74783757],[-77.3881413,38.7470268],[-77.38841727,38.7464143],[-77.3886041,38.74612362],[-77.38917254,38.74541779],[-77.38952374,38.74492821],[-77.3898353,38.74428035],[-77.38992909,38.74388307],[-77.38992912,38.74342722],[-77.38977769,38.74301526],[-77.38953574,38.74278917],[-77.3893375,38.74268431],[-77.38860166,38.74242608],[-77.38653539,38.74158815],[-77.38455407,38.74070157],[-77.38393255,38.74030846],[-77.38355536,38.7399877],[-77.38267936,38.73904982],[-77.3821429,38.73859985],[-77.3812611,38.73803674],[-77.3805854,38.73752365],[-77.38014973,38.73713229],[-77.37959453,38.73653659],[-77.37896576,38.73571363],[-77.37865791,38.73522052],[-77.37829435,38.73447836],[-77.3780394,38.73374135],[-77.37792113,38.7332322],[-77.37773014,38.73199191],[-77.37758213,38.73046919],[-77.37746452,38.72969368],[-77.37751238,38.72932205],[-77.37764636,38.72904873],[-77.37812281,38.72839562],[-77.37847265,38.72799255],[-77.3791197,38.72718866],[-77.37936726,38.72682443],[-77.37967338,38.72630149],[-77.3799014,38.72584096],[-77.38012017,38.72529934],[-77.3803332,38.7244501],[-77.38042023,38.72381385],[-77.38045224,38.7233336],[-77.38045461,38.72250569],[-77.38037841,38.72177177],[-77.38024305,38.72100982],[-77.38015077,38.72063273],[-77.37990034,38.71983262],[-77.37963713,38.71917791],[-77.37943013,38.71874069],[-77.37905517,38.7180602],[-77.37852088,38.71725736],[-77.37809206,38.71666011],[-77.37740498,38.71576793],[-77.37688893,38.7151465],[-77.37470545,38.71267333],[-77.37412556,38.71210344],[-77.373745,38.71178536],[-77.3734259,38.71157222],[-77.372014,38.71086663],[-77.37158226,38.71068536],[-77.37088163,38.71044107],[-77.3704834,38.7103576],[-77.36997238,38.71031422],[-77.36955862,38.71032671],[-77.36912613,38.7104159],[-77.36885783,38.71053963],[-77.36847391,38.7108833],[-77.36822459,38.7113587],[-77.3680787,38.71194358],[-77.36805535,38.7125365],[-77.36794188,38.71306539],[-77.36780692,38.71340048],[-77.36755942,38.71376056],[-77.36726427,38.71402957],[-77.36687859,38.71426063],[-77.36610692,38.71451953],[-77.36528461,38.71465574],[-77.36467981,38.71477894],[-77.36416885,38.71495248],[-77.36386876,38.71508962],[-77.36337264,38.71543219],[-77.3630943,38.71574528],[-77.36288113,38.71614826],[-77.36247808,38.71747618],[-77.36192639,38.71911433],[-77.36165672,38.7197639],[-77.36134471,38.7204309],[-77.36098688,38.72111394],[-77.36060245,38.72177017],[-77.36148547,38.72211714],[-77.36158961,38.72220317],[-77.3619382,38.72231534],[-77.36216076,38.72229925],[-77.36223471,38.72247586],[-77.36219327,38.72265216],[-77.36262344,38.72287292],[-77.36286276,38.72310749],[-77.36313402,38.72347258],[-77.36353887,38.7238374],[-77.36387196,38.72408571],[-77.36426501,38.72416929],[-77.36450026,38.7242757],[-77.36490064,38.72422037],[-77.36507565,38.72439112],[-77.3650961,38.72469629],[-77.36517351,38.7249061],[-77.36509883,38.72507878],[-77.36487757,38.72533365],[-77.36464031,38.72552926],[-77.36415538,38.72567007],[-77.3638533,38.72567508],[-77.36352944,38.72556209],[-77.36339531,38.72572358],[-77.36324235,38.72616168],[-77.36336077,38.7264057],[-77.36337664,38.7266276],[-77.36356618,38.7268119],[-77.36382267,38.72692585],[-77.36430506,38.72697724],[-77.36465546,38.72721235],[-77.36487824,38.72775091],[-77.36472558,38.7280146],[-77.36491542,38.72824603],[-77.36433612,38.72873583],[-77.36429278,38.72895424],[-77.36440054,38.72909009],[-77.36438307,38.72930238],[-77.36412427,38.72947952],[-77.3639291,38.7298197],[-77.3638422,38.73030067],[-77.36358093,38.73051481],[-77.36353436,38.73070588],[-77.3637194,38.73085724],[-77.36405309,38.730894],[-77.36448336,38.73106673],[-77.36477345,38.73109896],[-77.3650695,38.73092203],[-77.36529929,38.73087579],[-77.36547921,38.73093582],[-77.36564759,38.73114086],[-77.36597327,38.73120188],[-77.36642037,38.73158248],[-77.36667084,38.73208303],[-77.36697127,38.73226546],[-77.36710001,38.73244151],[-77.36707114,38.73258886],[-77.36718756,38.73298501],[-77.36713801,38.73310574],[-77.36719771,38.7337169],[-77.3670518,38.73379701],[-77.36721984,38.7340982],[-77.36683791,38.73450559],[-77.36608956,38.73507752],[-77.36611408,38.73524587],[-77.36592407,38.73538927],[-77.36565459,38.73549439],[-77.36501601,38.73555636],[-77.36424615,38.73556403],[-77.36394409,38.73560991],[-77.3636913,38.73541688],[-77.36333932,38.7350606],[-77.36280705,38.7343552],[-77.36226941,38.73354676],[-77.36202453,38.73329175],[-77.36154593,38.73318412],[-77.36068131,38.7331002],[-77.35997991,38.73311398],[-77.35953661,38.73321264],[-77.35932831,38.73330398],[-77.35784272,38.7341298],[-77.3575264,38.73439995],[-77.35680507,38.73544602],[-77.35656181,38.73575121],[-77.35628822,38.73597921],[-77.35607985,38.73607466],[-77.35529025,38.73634155],[-77.35369044,38.73706735],[-77.35293292,38.73730022],[-77.35269636,38.73740362],[-77.35242637,38.73762478],[-77.35197704,38.73809819],[-77.35050295,38.73950894],[-77.3502512,38.73968497],[-77.34947352,38.74007963],[-77.34909584,38.74023657],[-77.34858183,38.74036745],[-77.34787188,38.74047305],[-77.34731256,38.74058701],[-77.34657837,38.74067315],[-77.34624712,38.74077699],[-77.34548323,38.74118412],[-77.34498905,38.74138932],[-77.34446594,38.74164916],[-77.34387389,38.74183555],[-77.34324783,38.74195569],[-77.34232691,38.74209626],[-77.34167959,38.74222991],[-77.34130508,38.74240607],[-77.34118539,38.74265341],[-77.34076352,38.74511381],[-77.34012048,38.74737156],[-77.33967327,38.74879096],[-77.3391285,38.75060482],[-77.33898846,38.75124188],[-77.3389892,38.75163046],[-77.33920057,38.75287376],[-77.33939138,38.75408802],[-77.33972319,38.75590919],[-77.33981726,38.75659937],[-77.33998697,38.75738367],[-77.34020062,38.75870525],[-77.3401911,38.75886031],[-77.33974138,38.75886575],[-77.33818738,38.75896775],[-77.33539638,38.75912375],[-77.33348538,38.75925075],[-77.33304038,38.75930075],[-77.33262438,38.75948075],[-77.33190038,38.76003875],[-77.33095938,38.76085075],[-77.33068938,38.76110275],[-77.33047738,38.76137475],[-77.33006838,38.76211775],[-77.32982838,38.76238375],[-77.32866238,38.76299775],[-77.32867538,38.76345575],[-77.32878238,38.76359075],[-77.32918938,38.76384475],[-77.32976338,38.76407175],[-77.33002738,38.76420675],[-77.33087938,38.76476175],[-77.33109538,38.76495875],[-77.33146738,38.76519675],[-77.33233338,38.76584075],[-77.33259638,38.76598775],[-77.33286638,38.76623575],[-77.33370838,38.76678375],[-77.33440538,38.76729175],[-77.33497638,38.76767375],[-77.33568938,38.76821875],[-77.33719838,38.76874075],[-77.33788138,38.76887675],[-77.33877738,38.76894775],[-77.33914538,38.76903975],[-77.33970038,38.76934175],[-77.34009138,38.76935575],[-77.34046138,38.76918275],[-77.34065338,38.76917675],[-77.34117438,38.76971175],[-77.34160838,38.77004175],[-77.34195938,38.77015775],[-77.34227838,38.77018175],[-77.34256838,38.77028975],[-77.34298938,38.77059775],[-77.34327538,38.77062575],[-77.34366038,38.77050775],[-77.34433438,38.77021475],[-77.34582438,38.76961975],[-77.34654638,38.76930775],[-77.34687838,38.76925075],[-77.34727038,38.76946475],[-77.34773238,38.77012775],[-77.34779438,38.77027775],[-77.34854138,38.77039075],[-77.34905838,38.77041475],[-77.34940838,38.77047575],[-77.34955238,38.77066775],[-77.34994538,38.77056275],[-77.34997238,38.77073475],[-77.34988739,38.77087275],[-77.35016138,38.77098375],[-77.35040039,38.77133675],[-77.35059539,38.77134175],[-77.35072739,38.77124075],[-77.35110239,38.77133375],[-77.35132239,38.77153575],[-77.35179439,38.77177275],[-77.35172739,38.77192475],[-77.35185039,38.77205275],[-77.35219039,38.77207775],[-77.35245539,38.77203675],[-77.35236839,38.77189175],[-77.35260839,38.77165175],[-77.35289639,38.77166275],[-77.35291939,38.77141475],[-77.35311639,38.77138575],[-77.35326039,38.77147875],[-77.35355343,38.77150757],[-77.35397599,38.7717237],[-77.35448498,38.7719209],[-77.35473648,38.77220756],[-77.3531029,38.77258153],[-77.35238424,38.77277359],[-77.35218629,38.77286776],[-77.35197932,38.77308816],[-77.35155306,38.77385974],[-77.35124785,38.77430024],[-77.35050243,38.77528699],[-77.3502172,38.7755739],[-77.34929233,38.77637353],[-77.3484151,38.77704456],[-77.34805661,38.77752434],[-77.34746332,38.77798808],[-77.34637678,38.77880258],[-77.34590577,38.77907804],[-77.34471125,38.77984203],[-77.34362833,38.78064555],[-77.34316105,38.78090593],[-77.3420026,38.78138741],[-77.34091608,38.78197531],[-77.34055738,38.78221375],[-77.33990538,38.78255575],[-77.33961538,38.78290575],[-77.33950275,38.78320472],[-77.34040633,38.78334465],[-77.3408584,38.78337658],[-77.34148673,38.78335533],[-77.3424687,38.78316045],[-77.34286371,38.78303116],[-77.34324551,38.78285095],[-77.34385524,38.7826771],[-77.34476838,38.78257875],[-77.34549039,38.78266025],[-77.34555556,38.78275288],[-77.34607131,38.78318771],[-77.34688884,38.78383832],[-77.34734171,38.78417229],[-77.34861639,38.78476375],[-77.34987139,38.78538375],[-77.34986139,38.78594475],[-77.35441839,38.78774275],[-77.35458939,38.78766075],[-77.35752239,38.78640575],[-77.35814639,38.78612775],[-77.35842353,38.78631685],[-77.35878209,38.78671439],[-77.35912252,38.78692915],[-77.35993408,38.78730226],[-77.36041668,38.78762274],[-77.36104941,38.78821104],[-77.3613624,38.78860813],[-77.36174218,38.78899763],[-77.36222814,38.78966157],[-77.36234591,38.78984049]]]},"properties":{"PREC_IDENT":803,"PREC_NAME":"CLIFTON SOUTH","DISTRICT":"Springfield","cx":-77.3714743368165,"cy":38.75758424846322},"id":803},
{"type":"Feature","geometry":{"type":"Polygon","coordinates":[[[-77.14335464,38.76721851],[-77.14381832,38.76770376],[-77.14413032,38.76789075],[-77.14435932,38.76797276],[-77.14483332,38.76803975],[-77.14537432,38.76796876],[-77.14580532,38.76882276],[-77.14591432,38.76913476],[-77.14579832,38.76944676],[-77.14614832,38.76981476],[-77.14678332,38.77042176],[-77.14699432,38.77056876],[-77.14716632,38.77056676],[-77.14766432,38.77020276],[-77.14829232,38.77075276],[-77.14831232,38.77136376],[-77.14945932,38.77212576],[-77.14956732,38.77213276],[-77.15003332,38.77167076],[-77.15016932,38.77176076],[-77.14880632,38.77309876],[-77.14855132,38.77358676],[-77.14853032,38.77392776],[-77.14857632,38.77441876],[-77.14900332,38.77496376],[-77.14950932,38.77531476],[-77.14919492,38.77573458],[-77.14906396,38.77598297],[-77.14884901,38.77625828],[-77.14622432,38.77529376],[-77.14564532,38.77509076],[-77.14553432,38.77531976],[-77.14441632,38.77708576],[-77.14376332,38.77814376],[-77.14347932,38.77802476],[-77.14137732,38.77722476],[-77.14051832,38.77690676],[-77.14024632,38.77750776],[-77.13997632,38.77827076],[-77.14013932,38.77857776],[-77.14059332,38.77883776],[-77.14111432,38.77898476],[-77.14119432,38.77972276],[-77.14138132,38.78119476],[-77.14036032,38.78138276],[-77.14054932,38.78288776],[-77.14060325,38.78317336],[-77.14163489,38.78297935],[-77.14357567,38.7825748],[-77.14519517,38.78227634],[-77.14593343,38.78212024],[-77.15136908,38.7810129],[-77.15389282,38.7803842],[-77.15499833,38.78017582],[-77.15661971,38.77992751],[-77.15662962,38.77992586],[-77.1570981,38.77735611],[-77.1573689,38.77582519],[-77.15748258,38.77534144],[-77.15761679,38.77492195],[-77.15806179,38.77378472],[-77.15850553,38.77293314],[-77.1589344,38.77225413],[-77.15926712,38.77180686],[-77.15980418,38.77116768],[-77.16058319,38.77037001],[-77.16115568,38.76986777],[-77.1618153,38.76935315],[-77.16278593,38.76870149],[-77.16385392,38.76809129],[-77.16436087,38.76784878],[-77.16520014,38.76748573],[-77.16361033,38.76703875],[-77.16286233,38.76681375],[-77.16218833,38.76665575],[-77.16136533,38.76648875],[-77.15990333,38.76623075],[-77.15647232,38.76565975],[-77.15572432,38.76549975],[-77.15563594,38.76541048],[-77.15511297,38.76524109],[-77.15474781,38.7650735],[-77.15297899,38.76419229],[-77.15221967,38.76390895],[-77.15173066,38.76380035],[-77.15128626,38.76374444],[-77.15105432,38.76381575],[-77.15036132,38.76383775],[-77.14972332,38.76392175],[-77.14886332,38.76416775],[-77.14823432,38.76448075],[-77.14781532,38.76473375],[-77.14484132,38.76638475],[-77.14365432,38.76702275],[-77.14335464,38.76721851]]]},"properties":{"PREC_IDENT":432,"PREC_NAME":"EDISON #2","DISTRICT":"Franconia","cx":-77.1544339722899,"cy":38.771463337195634},"id":432},
{"type":"Feature","geometry":{"type":"Polygon","coordinates":[[[-77.31207176,38.92344056],[-77.31151742,38.92319001],[-77.3109401,38.92302765],[-77.31049792,38.92298336],[-77.30975328,38.92294836],[-77.30921436,38.92280286],[-77.3089181,38.9226502],[-77.30733373,38.92153576],[-77.30618261,38.92058084],[-77.30581412,38.92033408],[-77.30533039,38.92015654],[-77.30510447,38.91967745],[-77.30444329,38.91885518],[-77.30418252,38.91847358],[-77.30403619,38.91818514],[-77.30390894,38.91780628],[-77.30383865,38.91738406],[-77.3038662,38.91678573],[-77.3041491,38.91499688],[-77.30418909,38.91449615],[-77.30408752,38.91363151],[-77.30381686,38.91236837],[-77.30363611,38.91161551],[-77.30329144,38.91057678],[-77.30314932,38.91003712],[-77.30304034,38.90940719],[-77.30300118,38.90880543],[-77.30309273,38.90584622],[-77.30313699,38.90530023],[-77.30336761,38.90348338],[-77.30343307,38.9027193],[-77.30277764,38.90282658],[-77.30115503,38.90340042],[-77.3008011,38.90355058],[-77.2993693,38.90406043],[-77.29856019,38.90431989],[-77.29826026,38.90439234],[-77.29785697,38.90434153],[-77.29586796,38.90350012],[-77.29466086,38.90297425],[-77.29371477,38.90260207],[-77.29291594,38.90225062],[-77.29262355,38.90208423],[-77.29220478,38.90170098],[-77.29188778,38.90153571],[-77.29123935,38.90101829],[-77.29097684,38.90074786],[-77.28884635,38.89913875],[-77.28836299,38.8988372],[-77.2879714,38.89855736],[-77.28775437,38.89847778],[-77.28576037,38.89800778],[-77.28513737,38.89792178],[-77.28427637,38.89830078],[-77.28310865,38.89895462],[-77.28274541,38.89917317],[-77.28353923,38.90002303],[-77.28391139,38.90024931],[-77.28414985,38.90069388],[-77.28439912,38.90070744],[-77.28405382,38.90117617],[-77.28454901,38.90160829],[-77.28450048,38.90198399],[-77.28425407,38.90242354],[-77.28405484,38.90235969],[-77.28375435,38.90287969],[-77.28273425,38.90252313],[-77.28259137,38.90286627],[-77.28275278,38.9028803],[-77.28286784,38.90314098],[-77.28314081,38.90320834],[-77.28278884,38.90344771],[-77.28277098,38.90367133],[-77.28264221,38.90401186],[-77.28235888,38.90434805],[-77.2816228,38.90485529],[-77.281308,38.90456095],[-77.27917033,38.90565087],[-77.27882167,38.90608892],[-77.27995937,38.90661678],[-77.28093737,38.90718978],[-77.28137237,38.90749078],[-77.28240337,38.90857378],[-77.28294937,38.90887378],[-77.28316637,38.90895978],[-77.28407237,38.90945078],[-77.28479237,38.90974578],[-77.28528737,38.90997278],[-77.28558537,38.91016678],[-77.28659737,38.91103778],[-77.28705937,38.91126078],[-77.28789637,38.91186578],[-77.28819537,38.91201778],[-77.29065038,38.91293478],[-77.29137138,38.91316278],[-77.29348938,38.91396378],[-77.29458238,38.91435078],[-77.29564938,38.91468478],[-77.29626738,38.91493878],[-77.29717138,38.91525078],[-77.29791838,38.91557478],[-77.29950038,38.91637378],[-77.30036838,38.91678578],[-77.30071738,38.91706378],[-77.30102638,38.91745278],[-77.30127238,38.91764878],[-77.30263138,38.91836078],[-77.30285938,38.91854578],[-77.30334938,38.91910478],[-77.30374138,38.91948778],[-77.30402238,38.91967478],[-77.30452038,38.91993378],[-77.305325,38.92015474],[-77.30582038,38.92136578],[-77.30595038,38.92177678],[-77.30604338,38.92235578],[-77.30596338,38.92303778],[-77.30571538,38.92399878],[-77.30542438,38.92520078],[-77.30533938,38.92575078],[-77.30533738,38.92655078],[-77.30541538,38.92738478],[-77.30534738,38.92817378],[-77.30515538,38.92966378],[-77.30510538,38.92994578],[-77.3057296,38.93017252],[-77.30629259,38.93023305],[-77.306515,38.93009271],[-77.30669717,38.93011016],[-77.30703184,38.93025654],[-77.30756683,38.93036589],[-77.30794467,38.93039467],[-77.30839433,38.93036427],[-77.30876204,38.93029081],[-77.30955637,38.93023024],[-77.31032603,38.93005383],[-77.31055398,38.92996503],[-77.31061597,38.92967494],[-77.31044664,38.92928534],[-77.31017907,38.92903761],[-77.30998426,38.92896447],[-77.30980523,38.92849132],[-77.30943927,38.92833502],[-77.30950091,38.92798251],[-77.30980259,38.92783737],[-77.31001682,38.92763376],[-77.31006364,38.92739061],[-77.30969399,38.92684455],[-77.30983081,38.92678951],[-77.31024066,38.92676411],[-77.31025622,38.92658442],[-77.31013676,38.92652256],[-77.30972476,38.92656656],[-77.30962376,38.92646756],[-77.30975376,38.92622656],[-77.30995676,38.92612456],[-77.30983976,38.92586556],[-77.30996987,38.92566272],[-77.31029795,38.92557855],[-77.31031707,38.92546842],[-77.31012378,38.92513069],[-77.31033194,38.92509575],[-77.31053026,38.92524445],[-77.31090274,38.92518306],[-77.31095476,38.92499256],[-77.31077476,38.92481056],[-77.31106476,38.92449756],[-77.31146776,38.92431756],[-77.31176176,38.92408856],[-77.31198276,38.92371556],[-77.31207176,38.92344056]]]},"properties":{"PREC_IDENT":241,"PREC_NAME":"FLINT HILL #2","DISTRICT":"Hunter Mill","cx":-77.29556036346214,"cy":38.90953118887635},"id":241},
{"type":"Feature","geometry":{"type":"Polygon","coordinates":[[[-77.25233509,38.93233944],[-77.25222236,38.93221578],[-77.25225136,38.93201478],[-77.25202436,38.93176678],[-77.25164336,38.93097678],[-77.25139136,38.93089478],[-77.25107136,38.93066078],[-77.25101236,38.93051578],[-77.25108136,38.93036178],[-77.25104036,38.92967678],[-77.25115636,38.92949678],[-77.25103736,38.92938078],[-77.25147836,38.92920278],[-77.25196736,38.92894178],[-77.25229436,38.92885078],[-77.25245036,38.92890078],[-77.25306036,38.92892778],[-77.25305536,38.92882378],[-77.25271536,38.92824278],[-77.25271536,38.92798978],[-77.25350136,38.92561378],[-77.25434136,38.92291678],[-77.25444636,38.92262678],[-77.25361736,38.92230578],[-77.25267536,38.92191078],[-77.25262188,38.92185275],[-77.24855303,38.92016521],[-77.24643482,38.91928177],[-77.24430606,38.92000732],[-77.24358468,38.91945041],[-77.24264357,38.91979869],[-77.242484,38.91907617],[-77.24216382,38.91917884],[-77.24195946,38.91866774],[-77.24271569,38.91849238],[-77.24242686,38.91692272],[-77.24365817,38.91645946],[-77.24240848,38.91576647],[-77.24108544,38.91504796],[-77.24099164,38.91499779],[-77.24011689,38.91536023],[-77.23790174,38.91620418],[-77.23735755,38.91636859],[-77.23462032,38.91731534],[-77.23411043,38.91752678],[-77.23280783,38.91824042],[-77.23242135,38.91842984],[-77.23163151,38.91876868],[-77.23140671,38.91883613],[-77.23179088,38.91914935],[-77.23229803,38.9194912],[-77.23299497,38.92003418],[-77.2336176,38.92060519],[-77.23402096,38.92105301],[-77.23536807,38.92240206],[-77.23640373,38.92347452],[-77.23689366,38.92399877],[-77.23879287,38.92594272],[-77.23940796,38.92654794],[-77.23969773,38.92686271],[-77.24058912,38.92774961],[-77.24119199,38.92840137],[-77.24249423,38.92971827],[-77.24297124,38.93024017],[-77.24437394,38.93170974],[-77.24513894,38.93244115],[-77.24561389,38.93294081],[-77.24615215,38.9334383],[-77.24658704,38.93392419],[-77.24770614,38.93363748],[-77.24865042,38.93331802],[-77.24963622,38.93303607],[-77.25098548,38.93267697],[-77.25233509,38.93233944]]]},"properties":{"PREC_IDENT":219,"PREC_NAME":"WESTBRIAR #1","DISTRICT":"Hunter Mill","cx":-77.24531149950833,"cy":38.92513598128309},"id":219},
{"type":"Feature","geometry":{"type":"Polygon","coordinates":[[[-77.31526512,38.97762721],[-77.31652474,38.97825222],[-77.31747945,38.97880963],[-77.31804688,38.9791723],[-77.31874859,38.97971343],[-77.31940764,38.98028158],[-77.32000956,38.98090133],[-77.3204929,38.98145947],[-77.32103639,38.98221043],[-77.3229029,38.98487754],[-77.32345889,38.98551328],[-77.32402704,38.98605166],[-77.32492369,38.9867265],[-77.32588531,38.98730176],[-77.32661746,38.98771134],[-77.32908518,38.98913495],[-77.32939168,38.9893261],[-77.33013998,38.98982643],[-77.33236545,38.99162331],[-77.33232039,38.99130179],[-77.33249139,38.98880779],[-77.33177639,38.98877279],[-77.33184039,38.98760379],[-77.33106039,38.98756679],[-77.33108939,38.98579179],[-77.33138939,38.98417179],[-77.33201539,38.97994079],[-77.33050439,38.97999479],[-77.33037539,38.97847479],[-77.33150939,38.97754579],[-77.33045386,38.97407782],[-77.32921924,38.9742577],[-77.32824304,38.97436742],[-77.32779578,38.97439866],[-77.32565199,38.97449123],[-77.32312471,38.97458678],[-77.32153969,38.97471095],[-77.31944846,38.97481491],[-77.31908522,38.9748703],[-77.31851922,38.97506232],[-77.31779984,38.97538186],[-77.31727087,38.97567447],[-77.31684763,38.97595441],[-77.31639363,38.9763933],[-77.31539662,38.97754615],[-77.31526512,38.97762721]]]},"properties":{"PREC_IDENT":245,"PREC_NAME":"PINEY RUN","DISTRICT":"Hunter Mill","cx":-77.32567060746402,"cy":38.980734220891506},"id":245},
{"type":"Feature","geometry":{"type":"Polygon","coordinates":[[[-77.3733602,38.92496482],[-77.3735574,38.92496278],[-77.3736314,38.92419278],[-77.3738214,38.92349778],[-77.3742934,38.92241478],[-77.3748284,38.92110978],[-77.3753174,38.91981478],[-77.3758444,38.91859078],[-77.3761564,38.91820678],[-77.3766874,38.91761178],[-77.3769564,38.91734378],[-77.3773504,38.91684578],[-77.3775664,38.91650878],[-77.3780534,38.91561678],[-77.3791224,38.91376478],[-77.3792364,38.91340478],[-77.3793454,38.91271978],[-77.3794764,38.91206778],[-77.3797054,38.91163178],[-77.3802764,38.91077277],[-77.3805994,38.91020278],[-77.38071005,38.90989317],[-77.38067804,38.90987509],[-77.38036078,38.9097713],[-77.37794371,38.90926358],[-77.37763524,38.90921258],[-77.3770419,38.90917396],[-77.37626822,38.90920501],[-77.37553053,38.90918285],[-77.37507807,38.90912497],[-77.37364897,38.90881884],[-77.37296639,38.90864479],[-77.37262416,38.90850558],[-77.3720531,38.90816785],[-77.37106121,38.9075501],[-77.37051349,38.90729358],[-77.36985429,38.907198],[-77.36939316,38.90724573],[-77.36802144,38.9075387],[-77.36747766,38.90770096],[-77.36507896,38.90870754],[-77.36463065,38.90883226],[-77.36413365,38.90892494],[-77.36378749,38.90903418],[-77.36176015,38.90988776],[-77.36256403,38.9110557],[-77.36294143,38.911636],[-77.36402772,38.91317186],[-77.36416123,38.91339695],[-77.36563274,38.91546923],[-77.36574346,38.91558014],[-77.36614503,38.91619086],[-77.36695588,38.91737119],[-77.36780542,38.91855189],[-77.36939052,38.92078997],[-77.37037338,38.92221495],[-77.37194642,38.92433617],[-77.37207971,38.92457772],[-77.37220626,38.92457756],[-77.37271876,38.92484746],[-77.37301613,38.92493818],[-77.3733602,38.92496482]]]},"properties":{"PREC_IDENT":244,"PREC_NAME":"FOX MILL #2","DISTRICT":"Hunter Mill","cx":-77.37151220851068,"cy":38.914239815756},"id":244},
{"type":"Feature","geometry":{"type":"Polygon","coordinates":[[[-77.36470748,38.8551567],[-77.3648726,38.85434085],[-77.36483525,38.85372945],[-77.36464444,38.85304309],[-77.36458166,38.85255345],[-77.36461515,38.85197174],[-77.3647215,38.85152634],[-77.36489648,38.8510944],[-77.36554195,38.85002766],[-77.36582086,38.84934283],[-77.36592986,38.84879131],[-77.36592634,38.84792245],[-77.36584522,38.84720294],[-77.36577979,38.84692753],[-77.36327879,38.84742453],[-77.36172979,38.84771953],[-77.35986378,38.84806153],[-77.35555678,38.84868953],[-77.35426178,38.84886053],[-77.35298878,38.84906153],[-77.34939678,38.84957953],[-77.34842178,38.84968753],[-77.34832959,38.84979484],[-77.34845714,38.849943],[-77.34862469,38.85066271],[-77.34926753,38.85152576],[-77.34963954,38.85241636],[-77.35021068,38.85227641],[-77.35090019,38.85198111],[-77.35170389,38.85157159],[-77.35203745,38.85135517],[-77.35256398,38.85114888],[-77.35321286,38.8509781],[-77.35356133,38.85092659],[-77.35443237,38.85091724],[-77.35481442,38.85096216],[-77.35541273,38.85109843],[-77.35624684,38.85142372],[-77.35914175,38.85266698],[-77.36010802,38.85307453],[-77.36064127,38.85332959],[-77.36106099,38.85365768],[-77.36139409,38.85413322],[-77.36173167,38.85410492],[-77.36236677,38.85413853],[-77.36282755,38.85431325],[-77.36323847,38.85453278],[-77.3636377,38.85482498],[-77.3639267,38.85498155],[-77.36444054,38.85513343],[-77.36470748,38.8551567]]]},"properties":{"PREC_IDENT":131,"PREC_NAME":"EAGLE VIEW #1","DISTRICT":"Braddock","cx":-77.36091962517423,"cy":38.850552267968446},"id":131},
{"type":"Feature","geometry":{"type":"Polygon","coordinates":[[[-77.28827313,38.82650311],[-77.28831937,38.82724976],[-77.28839137,38.82783676],[-77.28848437,38.82938676],[-77.28860337,38.83089376],[-77.28871337,38.83209776],[-77.28876537,38.83235676],[-77.28881637,38.83299876],[-77.28882437,38.83362376],[-77.28876337,38.83380176],[-77.28843737,38.83420976],[-77.28833637,38.83446576],[-77.28829204,38.8361511],[-77.28840794,38.83625664],[-77.28839982,38.83652978],[-77.29062937,38.83656276],[-77.29063035,38.83652545],[-77.29249637,38.83677576],[-77.29408237,38.83697476],[-77.29668297,38.83732071],[-77.29668599,38.8358838],[-77.29675964,38.83588809],[-77.29716447,38.83499155],[-77.29851937,38.83207976],[-77.29872937,38.83166076],[-77.29912237,38.83108276],[-77.29944537,38.83042176],[-77.29953837,38.83015876],[-77.29959237,38.82978476],[-77.30035637,38.82820576],[-77.30113837,38.82664576],[-77.30131037,38.82627376],[-77.30136137,38.82602076],[-77.3013198,38.82581138],[-77.30070146,38.82606615],[-77.3000699,38.82625741],[-77.29967184,38.82633984],[-77.29868761,38.82641764],[-77.29733255,38.82641886],[-77.29671064,38.82645231],[-77.2953212,38.82661929],[-77.29488877,38.82665741],[-77.2922357,38.82660679],[-77.29065326,38.82656029],[-77.28827313,38.82650311]]]},"properties":{"PREC_IDENT":136,"PREC_NAME":"WOODSON #2","DISTRICT":"Braddock","cx":-77.29383104543939,"cy":38.83124320583002},"id":136},
{"type":"Feature","geometry":{"type":"Polygon","coordinates":[[[-77.30863469,38.8144517],[-77.30874563,38.81749679],[-77.30877516,38.81889069],[-77.30880379,38.81906947],[-77.3088541,38.82026861],[-77.30883364,38.82044415],[-77.3078255,38.82408198],[-77.308911,38.82424541],[-77.31017099,38.82447101],[-77.31065356,38.824583],[-77.31102706,38.82471035],[-77.31150796,38.82492392],[-77.31185918,38.82512519],[-77.31234834,38.82547613],[-77.31340027,38.82618563],[-77.31429856,38.82663407],[-77.31642164,38.82753148],[-77.31675102,38.82543823],[-77.31689343,38.82446483],[-77.31710948,38.8234963],[-77.31734468,38.8228561],[-77.3177153,38.82209233],[-77.31800738,38.82162159],[-77.31844896,38.82102466],[-77.31961811,38.81951376],[-77.31979518,38.81920525],[-77.32000688,38.81871172],[-77.32027867,38.81797852],[-77.32051967,38.81740978],[-77.32078816,38.81687701],[-77.32138802,38.81582857],[-77.32049738,38.81533176],[-77.31958038,38.81486276],[-77.31811838,38.81407176],[-77.31773938,38.81384576],[-77.31681838,38.81335476],[-77.31617638,38.81296776],[-77.31509274,38.81243694],[-77.31255853,38.8110672],[-77.31230176,38.81088886],[-77.31183915,38.81063566],[-77.31074247,38.81010006],[-77.30918587,38.80936344],[-77.30922844,38.80997074],[-77.30913836,38.8109584],[-77.3089768,38.81181214],[-77.30865598,38.81295672],[-77.30861225,38.8132652],[-77.30860729,38.81377591],[-77.30863469,38.8144517]]]},"properties":{"PREC_IDENT":120,"PREC_NAME":"SIDEBURN #1","DISTRICT":"Braddock","cx":-77.3136988171567,"cy":38.81842818561614},"id":120},
{"type":"Feature","geometry":{"type":"Polygon","coordinates":[[[-77.17441659,38.79178773],[-77.17521439,38.7918983],[-77.17578187,38.79195002],[-77.17641502,38.79205603],[-77.17809293,38.79240036],[-77.17880912,38.79257045],[-77.17988112,38.79285438],[-77.18217976,38.79360245],[-77.18278964,38.79383035],[-77.18348509,38.79417593],[-77.18609608,38.79512046],[-77.18614026,38.79513611],[-77.18624634,38.79433476],[-77.18544934,38.79422776],[-77.18387833,38.79364776],[-77.18350533,38.79345676],[-77.18375033,38.79308176],[-77.18391834,38.79259076],[-77.18348833,38.79249876],[-77.18315933,38.79238476],[-77.18290333,38.79223076],[-77.18221133,38.79167376],[-77.18186634,38.79148676],[-77.18156733,38.79137876],[-77.18097133,38.79122876],[-77.18065933,38.79111276],[-77.18098933,38.79038676],[-77.18044133,38.79020576],[-77.18006733,38.78999876],[-77.17985133,38.78981976],[-77.17948533,38.78942876],[-77.17937433,38.78922676],[-77.17939333,38.78884676],[-77.18013833,38.78750376],[-77.18023933,38.78705276],[-77.18011233,38.78660476],[-77.18006633,38.78598276],[-77.17972033,38.78432576],[-77.17972833,38.78413976],[-77.18006833,38.78318576],[-77.18046933,38.78197176],[-77.17996277,38.78180304],[-77.17962466,38.78275277],[-77.17948249,38.78304363],[-77.17917147,38.78393123],[-77.17849875,38.78540791],[-77.17811975,38.78617529],[-77.17768696,38.78700522],[-77.17730266,38.7876778],[-77.17646659,38.78906612],[-77.17596858,38.78981568],[-77.17536387,38.79064229],[-77.1747855,38.7913717],[-77.17441659,38.79178773]]]},"properties":{"PREC_IDENT":433,"PREC_NAME":"LYNBROOK #2","DISTRICT":"Franconia","cx":-77.17833280503538,"cy":38.79070260463001},"id":433},
{"type":"Feature","geometry":{"type":"Polygon","coordinates":[[[-77.26307616,38.87228255],[-77.26399136,38.87205977],[-77.26507736,38.87184677],[-77.26781736,38.87118977],[-77.26819637,38.87107477],[-77.26891236,38.87073277],[-77.26927737,38.87048977],[-77.26964937,38.87014877],[-77.27085037,38.86896677],[-77.27134737,38.86855477],[-77.27183837,38.86822177],[-77.27223137,38.86785577],[-77.27293737,38.86733377],[-77.27386437,38.86667277],[-77.27415208,38.86631821],[-77.27059875,38.86608252],[-77.27023038,38.86564755],[-77.2698803,38.86487784],[-77.26526816,38.8649886],[-77.26194822,38.86503191],[-77.26198805,38.86618427],[-77.26210664,38.86663998],[-77.2622872,38.86696454],[-77.26254041,38.86731786],[-77.26266136,38.86761177],[-77.26274156,38.86811441],[-77.26292558,38.86864633],[-77.263352,38.86958446],[-77.26343536,38.86997677],[-77.26333832,38.87037791],[-77.26316122,38.87066712],[-77.2630256,38.87099521],[-77.26297996,38.87140113],[-77.2629957,38.8719148],[-77.26307616,38.87228255]]]},"properties":{"PREC_IDENT":737,"PREC_NAME":"MOSBY #2","DISTRICT":"Providence","cx":-77.266914046133,"cy":38.867979428228296},"id":737},
{"type":"Feature","geometry":{"type":"Polygon","coordinates":[[[-77.22031937,38.86570722],[-77.22144933,38.86568669],[-77.22244072,38.86563707],[-77.22443641,38.8656011],[-77.22592593,38.86558707],[-77.22686807,38.86554099],[-77.22767194,38.86553693],[-77.22779303,38.86553853],[-77.22782595,38.86480583],[-77.22782217,38.86303736],[-77.22780918,38.86281274],[-77.2283567,38.86276583],[-77.23141029,38.86272177],[-77.2312928,38.86201632],[-77.23117035,38.86160177],[-77.2315201,38.86147894],[-77.23139835,38.86122377],[-77.23144635,38.86109977],[-77.23105024,38.85970589],[-77.23077735,38.85957077],[-77.22875784,38.85958752],[-77.22695566,38.8596133],[-77.22636218,38.8596096],[-77.22615726,38.85888655],[-77.22589157,38.85782783],[-77.22565865,38.85710035],[-77.22554063,38.85682447],[-77.22531553,38.85644719],[-77.22508518,38.85616871],[-77.22478099,38.85589493],[-77.22431948,38.85558099],[-77.22390499,38.85538838],[-77.22329777,38.85517171],[-77.22204469,38.85473931],[-77.22145923,38.85448442],[-77.22021891,38.85386387],[-77.2201037,38.85689454],[-77.2200807,38.85803354],[-77.2201407,38.86063454],[-77.2201797,38.86168554],[-77.2202147,38.86546654],[-77.22022427,38.86570869],[-77.22031937,38.86570722]]]},"properties":{"PREC_IDENT":736,"PREC_NAME":"BEDFORD","DISTRICT":"Providence","cx":-77.22361373509553,"cy":38.86125535349389},"id":736},
{"type":"Feature","geometry":{"type":"Polygon","coordinates":[[[-77.32879055,38.86485555],[-77.32239579,38.86599422],[-77.32168326,38.86693305],[-77.32116004,38.86756623],[-77.32058011,38.86823043],[-77.32002345,38.8687603],[-77.31951006,38.86928924],[-77.32083061,38.86944529],[-77.32124124,38.86946589],[-77.3219442,38.86943862],[-77.32258259,38.86949308],[-77.32335147,38.86951589],[-77.32474595,38.86951612],[-77.32549326,38.86956891],[-77.32683897,38.86975947],[-77.3272239,38.86984844],[-77.32764303,38.86999405],[-77.32792163,38.87014099],[-77.32931312,38.8709718],[-77.32964041,38.87114943],[-77.33003953,38.87123029],[-77.33022496,38.87106052],[-77.33105031,38.87042069],[-77.33137366,38.87019325],[-77.33176506,38.87010103],[-77.33204591,38.87011069],[-77.33319386,38.87058342],[-77.33448631,38.87102738],[-77.33505795,38.87130078],[-77.33566429,38.87172036],[-77.33561039,38.87149677],[-77.33544039,38.87133477],[-77.33535039,38.87083177],[-77.33547139,38.87072977],[-77.33538539,38.87056977],[-77.33554839,38.87047377],[-77.33559439,38.87001977],[-77.33540839,38.86999177],[-77.33522839,38.86978477],[-77.33529339,38.86926077],[-77.33517639,38.86903377],[-77.33543739,38.86884277],[-77.33530339,38.86868277],[-77.33513139,38.86864277],[-77.33501739,38.86847577],[-77.33476739,38.86836177],[-77.33461439,38.86848377],[-77.33442339,38.86833277],[-77.33418439,38.86831677],[-77.33392639,38.86806377],[-77.33366339,38.86804677],[-77.33328739,38.86783977],[-77.33288339,38.86780477],[-77.33272939,38.86763877],[-77.33265339,38.86720177],[-77.33231039,38.86665677],[-77.33225239,38.86646677],[-77.33193038,38.86605477],[-77.33160339,38.86582577],[-77.33152338,38.86553777],[-77.33156738,38.86537677],[-77.33142639,38.86491077],[-77.33039539,38.86506877],[-77.32836838,38.86544577],[-77.32879055,38.86485555]]]},"properties":{"PREC_IDENT":857,"PREC_NAME":"ISLAND POND","DISTRICT":"Springfield","cx":-77.32892021372044,"cy":38.8678698999486},"id":857},
{"type":"Feature","geometry":{"type":"Polygon","coordinates":[[[-77.2333852,38.77927604],[-77.23320561,38.77931392],[-77.23333534,38.77951715],[-77.23409633,38.78092724],[-77.23477566,38.78179683],[-77.23688191,38.78392027],[-77.23727799,38.78434056],[-77.2380029,38.78521612],[-77.23838221,38.78579276],[-77.23899632,38.78698566],[-77.23961824,38.78793424],[-77.24012298,38.78856302],[-77.24050875,38.78897358],[-77.24106447,38.78949718],[-77.24172113,38.79006716],[-77.24348145,38.79153183],[-77.24461845,38.79252709],[-77.24506,38.79296158],[-77.24601426,38.79398776],[-77.24817335,38.79128976],[-77.24875535,38.79053876],[-77.25423136,38.78419875],[-77.25423964,38.78413339],[-77.25394113,38.78394213],[-77.25387475,38.78377623],[-77.25388087,38.78343949],[-77.25402578,38.78290888],[-77.25396492,38.78261679],[-77.25423503,38.78244051],[-77.25419833,38.78214444],[-77.2542731,38.7819104],[-77.25423284,38.78169271],[-77.25366769,38.7812579],[-77.2535302,38.78087932],[-77.25323969,38.78076176],[-77.25279664,38.78065029],[-77.25234721,38.7807054],[-77.25191652,38.78059484],[-77.25184425,38.78031402],[-77.25131871,38.78000466],[-77.2504691,38.77971395],[-77.25028634,38.77960773],[-77.25017684,38.7792913],[-77.24996472,38.77908459],[-77.24961605,38.77899143],[-77.24949713,38.77890412],[-77.24945032,38.77869342],[-77.24957817,38.77846146],[-77.24989071,38.7782976],[-77.25007952,38.77804571],[-77.25001284,38.77767607],[-77.24950669,38.77733346],[-77.24909196,38.77719843],[-77.24861578,38.77710907],[-77.2478391,38.77711885],[-77.24752035,38.77702156],[-77.24714438,38.77669602],[-77.24711376,38.7765173],[-77.24731312,38.77635466],[-77.24735178,38.77616953],[-77.24685173,38.77583457],[-77.24665416,38.77553701],[-77.24599437,38.77516851],[-77.24524411,38.77558924],[-77.24470075,38.77596925],[-77.24381064,38.776719],[-77.24339706,38.77709902],[-77.24306623,38.77736047],[-77.24240356,38.77774056],[-77.24206096,38.77787281],[-77.2416699,38.77796748],[-77.24114606,38.77803188],[-77.23951598,38.77796357],[-77.23884151,38.77801536],[-77.2379142,38.77828136],[-77.23709721,38.77845793],[-77.23661437,38.77858454],[-77.23501573,38.77892154],[-77.2333852,38.77927604]]]},"properties":{"PREC_IDENT":801,"PREC_NAME":"BURKE #1","DISTRICT":"Springfield","cx":-77.2446815049988,"cy":38.78368334703837},"id":801},
{"type":"Feature","geometry":{"type":"Polygon","coordinates":[[[-77.38303679,38.7827065],[-77.38489079,38.7851885],[-77.3929058,38.7815235],[-77.39123779,38.7793125],[-77.38818579,38.7752935],[-77.38023779,38.7789595],[-77.38303679,38.7827065]]]},"properties":{"PREC_IDENT":858,"PREC_NAME":"CLIFTON TOWN","DISTRICT":"Springfield","cx":-77.3865612859419,"cy":38.78024273848799},"id":858},
{"type":"Feature","geometry":{"type":"Polygon","coordinates":[[[-77.44900647,38.80325467],[-77.44871992,38.80338966],[-77.44829458,38.80367829],[-77.44799825,38.8037841],[-77.44724874,38.80392292],[-77.44683772,38.80395218],[-77.44360681,38.8038737],[-77.44322576,38.80377416],[-77.44288933,38.80350477],[-77.44265096,38.80324862],[-77.44252657,38.80287817],[-77.44184896,38.80170914],[-77.44147978,38.80128156],[-77.44044071,38.80035365],[-77.44008823,38.79974635],[-77.43981551,38.79944183],[-77.43952047,38.79922222],[-77.4393069,38.79895256],[-77.43875483,38.79736726],[-77.43841561,38.79657747],[-77.43812236,38.79623843],[-77.43800009,38.7959641],[-77.43798432,38.79536946],[-77.43780526,38.79490239],[-77.43720958,38.79413499],[-77.43720838,38.79397845],[-77.43681762,38.79335432],[-77.43653888,38.79298384],[-77.43645729,38.79280735],[-77.43643708,38.79251335],[-77.43648264,38.79228035],[-77.43671649,38.79165227],[-77.43677122,38.79127382],[-77.43672941,38.79101669],[-77.43658961,38.7907422],[-77.4360817,38.78997421],[-77.43566679,38.7895613],[-77.43448387,38.78864987],[-77.43413762,38.78833918],[-77.43347722,38.78768375],[-77.43313333,38.78721518],[-77.43305938,38.78699757],[-77.43299535,38.78634757],[-77.43305121,38.78589361],[-77.433212,38.78546121],[-77.43334356,38.78487065],[-77.43337933,38.78435198],[-77.43338084,38.78259594],[-77.43341893,38.78215692],[-77.43352764,38.78145082],[-77.43358577,38.78084312],[-77.4335614,38.78035822],[-77.43347397,38.78010343],[-77.43315925,38.7797985],[-77.43299185,38.77973245],[-77.43245715,38.77983056],[-77.43195968,38.78002099],[-77.4317506,38.78016188],[-77.43103415,38.78092286],[-77.43077276,38.78104267],[-77.43039588,38.78114358],[-77.42984927,38.78109878],[-77.42957763,38.78096449],[-77.42892551,38.78046701],[-77.42793448,38.77987717],[-77.42729561,38.77943335],[-77.42683158,38.77902819],[-77.42494643,38.77817751],[-77.42446809,38.77802622],[-77.42336398,38.7777305],[-77.42272706,38.77739376],[-77.42232928,38.77725143],[-77.42200229,38.77706719],[-77.42184102,38.77682681],[-77.42132081,38.77676649],[-77.42019081,38.77641249],[-77.41915381,38.77596149],[-77.41717181,38.77497549],[-77.41621081,38.77453449],[-77.41572481,38.77438349],[-77.41522081,38.77428549],[-77.41464681,38.77424249],[-77.41370081,38.77430349],[-77.41300081,38.77441149],[-77.41221381,38.77458549],[-77.40898081,38.77540649],[-77.40846081,38.77556849],[-77.4075398,38.77596349],[-77.4058878,38.77673549],[-77.4050928,38.77702849],[-77.4045668,38.77716049],[-77.4040258,38.7772515],[-77.3939358,38.7787915],[-77.3923028,38.7790605],[-77.39123779,38.7793125],[-77.3929058,38.7815235],[-77.38489079,38.7851885],[-77.38303679,38.7827065],[-77.38225779,38.7830045],[-77.38176579,38.7831395],[-77.38110979,38.7832615],[-77.38029979,38.7833205],[-77.37981579,38.7833065],[-77.37934379,38.7832575],[-77.37873279,38.7831375],[-77.37780379,38.7828515],[-77.37577279,38.7821545],[-77.37500279,38.7819635],[-77.37410079,38.7818695],[-77.37346478,38.7818775],[-77.37283278,38.7819505],[-77.37221878,38.7820865],[-77.37163278,38.7822835],[-77.37112578,38.7825195],[-77.37057378,38.7828285],[-77.36650178,38.7854635],[-77.36590378,38.7858675],[-77.36552578,38.7861635],[-77.36507178,38.7866025],[-77.36421178,38.7876345],[-77.36274078,38.7894295],[-77.36234591,38.78984049],[-77.36241139,38.78994175],[-77.36263319,38.79078157],[-77.36283008,38.7911995],[-77.36348067,38.79177148],[-77.36420329,38.79244851],[-77.36496978,38.79323716],[-77.36559175,38.79406836],[-77.3660844,38.79486809],[-77.36648931,38.79589214],[-77.36703281,38.79702874],[-77.36754097,38.79796043],[-77.3680064,38.79893151],[-77.36849355,38.79986161],[-77.36902973,38.80079905],[-77.36939639,38.80117775],[-77.36991903,38.80159709],[-77.37010524,38.80180621],[-77.37021307,38.80209009],[-77.37025839,38.80264775],[-77.37031044,38.80281597],[-77.37064615,38.80356062],[-77.37091739,38.80448775],[-77.37171964,38.80604098],[-77.37190158,38.80652327],[-77.37210591,38.80692066],[-77.37231213,38.80719724],[-77.372842,38.80809615],[-77.37309772,38.80857367],[-77.37358388,38.80957513],[-77.37376191,38.80985968],[-77.37418598,38.81034567],[-77.37454168,38.81093947],[-77.3748125,38.81157502],[-77.37496628,38.81184011],[-77.37603139,38.81313276],[-77.3763719,38.81352451],[-77.37665824,38.81406684],[-77.37688829,38.81439307],[-77.3770994,38.81460376],[-77.3778824,38.81527476],[-77.3783664,38.81560776],[-77.3792394,38.81610876],[-77.37970961,38.81645619],[-77.38059251,38.81723486],[-77.38087827,38.81759182],[-77.38102131,38.81787328],[-77.3811451,38.81826301],[-77.38128471,38.81966617],[-77.3812814,38.82002576],[-77.3805614,38.82004476],[-77.3786264,38.82011976],[-77.3762704,38.82018776],[-77.3763894,38.82166076],[-77.3776204,38.82160376],[-77.3797124,38.82153976],[-77.3815204,38.82146776],[-77.3821134,38.82216176],[-77.3828314,38.82336276],[-77.38299298,38.82357624],[-77.38345584,38.82405982],[-77.38428919,38.82509886],[-77.38439764,38.8253484],[-77.38437855,38.82567362],[-77.38416912,38.82627437],[-77.38424826,38.82660327],[-77.38449964,38.82691733],[-77.38451877,38.82726762],[-77.38640326,38.82758192],[-77.39143957,38.82897804],[-77.39283373,38.82940309],[-77.39370278,38.82973257],[-77.39565578,38.83057338],[-77.39626712,38.83076998],[-77.39718594,38.83083216],[-77.39766757,38.83078863],[-77.40008062,38.83047764],[-77.40238234,38.83009965],[-77.40338204,38.82992015],[-77.4020784,38.82839376],[-77.4015514,38.82775276],[-77.40047441,38.82660976],[-77.4001754,38.82624176],[-77.3991624,38.82511276],[-77.3986634,38.82447176],[-77.3981644,38.82364676],[-77.3978704,38.82298576],[-77.3976454,38.82228476],[-77.3975594,38.82191876],[-77.3974624,38.82124576],[-77.3974404,38.82043876],[-77.3975244,38.81859476],[-77.3977234,38.81471875],[-77.3978644,38.81164775],[-77.3980164,38.81180175],[-77.3983404,38.81249876],[-77.3986364,38.81298375],[-77.3993704,38.81400875],[-77.3995954,38.81424175],[-77.3999124,38.81444975],[-77.4003974,38.81456376],[-77.4016114,38.81458775],[-77.4035794,38.81460675],[-77.40418941,38.81466175],[-77.4049704,38.81491175],[-77.40527841,38.81513375],[-77.4059654,38.81606675],[-77.4062214,38.81637675],[-77.40652041,38.81661375],[-77.40690641,38.81679476],[-77.4095754,38.81753376],[-77.40994541,38.81772676],[-77.41038541,38.81806676],[-77.41147941,38.81901976],[-77.41223341,38.81963076],[-77.41249941,38.81975976],[-77.41292641,38.81985176],[-77.41331477,38.81986075],[-77.41323434,38.81891608],[-77.41319133,38.81804658],[-77.41327689,38.81772747],[-77.41370945,38.81697633],[-77.41381289,38.81686745],[-77.41432428,38.81600858],[-77.41466897,38.8154969],[-77.41542449,38.81427506],[-77.41553578,38.81387792],[-77.41561455,38.81331023],[-77.41573456,38.81303262],[-77.41617642,38.81235982],[-77.41640108,38.81212437],[-77.41749126,38.81128181],[-77.41774982,38.81101751],[-77.41851683,38.81006656],[-77.41882333,38.80952294],[-77.41931018,38.80818876],[-77.41941207,38.80794805],[-77.41956309,38.80700757],[-77.41967046,38.80663511],[-77.41997241,38.80578975],[-77.42000941,38.80504675],[-77.41999141,38.80486975],[-77.42011525,38.8038946],[-77.42024141,38.80345175],[-77.42043941,38.80315975],[-77.42127441,38.80233875],[-77.42143336,38.80214681],[-77.42176688,38.80234184],[-77.42303444,38.80322945],[-77.42353039,38.80362118],[-77.42545954,38.80485808],[-77.42637025,38.80520829],[-77.4270391,38.80553981],[-77.42747909,38.80568662],[-77.42787855,38.80572735],[-77.42842325,38.8056774],[-77.42894446,38.80555585],[-77.43032593,38.80516617],[-77.43140141,38.80482174],[-77.43166135,38.80480488],[-77.43228897,38.80484217],[-77.43337128,38.80498245],[-77.43387866,38.8050818],[-77.43439068,38.80510568],[-77.43490066,38.8050293],[-77.43536361,38.8050486],[-77.43593614,38.80525151],[-77.43689907,38.80563369],[-77.43734883,38.80583273],[-77.43819886,38.80625644],[-77.43903892,38.80664298],[-77.43928879,38.80683334],[-77.43958381,38.80729321],[-77.43989498,38.80761044],[-77.44040067,38.80782645],[-77.44095615,38.80799759],[-77.44185845,38.80821168],[-77.44242471,38.80836644],[-77.4431613,38.80863257],[-77.4433907,38.8087843],[-77.44377778,38.80919144],[-77.44420195,38.80946299],[-77.44463579,38.80955476],[-77.44501953,38.80947309],[-77.44569628,38.8090357],[-77.44597211,38.80889401],[-77.44646727,38.80887237],[-77.44685194,38.80896644],[-77.44737193,38.80916607],[-77.44849106,38.8096745],[-77.44872061,38.8098166],[-77.44887279,38.80877038],[-77.44902196,38.80793008],[-77.44943654,38.80525922],[-77.44946245,38.80492719],[-77.44940621,38.80421411],[-77.44930606,38.8038631],[-77.44900647,38.80325467]]]},"properties":{"PREC_IDENT":859,"PREC_NAME":"LIBERTY","DISTRICT":"Springfield","cx":-77.40241611444678,"cy":38.7963268694742},"id":859},
{"type":"Feature","geometry":{"type":"Polygon","coordinates":[[[-77.30091346,38.75323106],[-77.30115237,38.75337275],[-77.30219337,38.75390475],[-77.30267537,38.75418475],[-77.30341137,38.75474375],[-77.30509837,38.75614975],[-77.30563037,38.75664075],[-77.30604837,38.75718175],[-77.30685937,38.75827675],[-77.30756437,38.75919475],[-77.30848237,38.76045175],[-77.30851637,38.76052375],[-77.30991837,38.76244075],[-77.31045937,38.76314275],[-77.31071937,38.76353575],[-77.31142337,38.76450175],[-77.31206237,38.76519575],[-77.31316837,38.76623275],[-77.31387737,38.76685375],[-77.31475837,38.76662675],[-77.31570937,38.76628575],[-77.31622737,38.76600975],[-77.31704837,38.76543575],[-77.31776337,38.76498875],[-77.31818537,38.76462275],[-77.31886437,38.76408675],[-77.31914838,38.76398575],[-77.31970637,38.76396275],[-77.32193138,38.76401475],[-77.32243138,38.76403775],[-77.32335538,38.76412875],[-77.32369038,38.76413575],[-77.32558238,38.76428975],[-77.32597038,38.76426975],[-77.32629938,38.76415775],[-77.32719138,38.76375175],[-77.32866238,38.76299775],[-77.32982838,38.76238375],[-77.33006838,38.76211775],[-77.33047738,38.76137475],[-77.33068938,38.76110275],[-77.33095938,38.76085075],[-77.33190038,38.76003875],[-77.33262438,38.75948075],[-77.33304038,38.75930075],[-77.33348538,38.75925075],[-77.33539638,38.75912375],[-77.33818738,38.75896775],[-77.33974138,38.75886575],[-77.3401911,38.75886031],[-77.34020062,38.75870525],[-77.33998697,38.75738367],[-77.33981726,38.75659937],[-77.33972319,38.75590919],[-77.33939138,38.75408802],[-77.33920057,38.75287376],[-77.3389892,38.75163046],[-77.33898846,38.75124188],[-77.3391285,38.75060482],[-77.33967327,38.74879096],[-77.34012048,38.74737156],[-77.34076352,38.74511381],[-77.34118539,38.74265341],[-77.34130508,38.74240607],[-77.34167959,38.74222991],[-77.34232691,38.74209626],[-77.34324783,38.74195569],[-77.34387389,38.74183555],[-77.34446594,38.74164916],[-77.34498905,38.74138932],[-77.34548323,38.74118412],[-77.34624712,38.74077699],[-77.34657837,38.74067315],[-77.34731256,38.74058701],[-77.34787188,38.74047305],[-77.34858183,38.74036745],[-77.34909584,38.74023657],[-77.34947352,38.74007963],[-77.3502512,38.73968497],[-77.35050295,38.73950894],[-77.35197704,38.73809819],[-77.35242637,38.73762478],[-77.35269636,38.73740362],[-77.35293292,38.73730022],[-77.35369044,38.73706735],[-77.35529025,38.73634155],[-77.35607985,38.73607466],[-77.35628822,38.73597921],[-77.35656181,38.73575121],[-77.35680507,38.73544602],[-77.3575264,38.73439995],[-77.35784272,38.7341298],[-77.35932831,38.73330398],[-77.35953661,38.73321264],[-77.35997991,38.73311398],[-77.36068131,38.7331002],[-77.36154593,38.73318412],[-77.36202453,38.73329175],[-77.36226941,38.73354676],[-77.36280705,38.7343552],[-77.36333932,38.7350606],[-77.3636913,38.73541688],[-77.36394409,38.73560991],[-77.36424615,38.73556403],[-77.36501601,38.73555636],[-77.36565459,38.73549439],[-77.36592407,38.73538927],[-77.36611408,38.73524587],[-77.36608956,38.73507752],[-77.36683791,38.73450559],[-77.36721984,38.7340982],[-77.3670518,38.73379701],[-77.36719771,38.7337169],[-77.36713801,38.73310574],[-77.36718756,38.73298501],[-77.36707114,38.73258886],[-77.36710001,38.73244151],[-77.36697127,38.73226546],[-77.36667084,38.73208303],[-77.36642037,38.73158248],[-77.36597327,38.73120188],[-77.36564759,38.73114086],[-77.36547921,38.73093582],[-77.36529929,38.73087579],[-77.3650695,38.73092203],[-77.36477345,38.73109896],[-77.36448336,38.73106673],[-77.36405309,38.730894],[-77.3637194,38.73085724],[-77.36353436,38.73070588],[-77.36358093,38.73051481],[-77.3638422,38.73030067],[-77.3639291,38.7298197],[-77.36412427,38.72947952],[-77.36438307,38.72930238],[-77.36440054,38.72909009],[-77.36429278,38.72895424],[-77.36433612,38.72873583],[-77.36491542,38.72824603],[-77.36472558,38.7280146],[-77.36487824,38.72775091],[-77.36465546,38.72721235],[-77.36430506,38.72697724],[-77.36382267,38.72692585],[-77.36356618,38.7268119],[-77.36337664,38.7266276],[-77.36336077,38.7264057],[-77.36324235,38.72616168],[-77.36339531,38.72572358],[-77.36352944,38.72556209],[-77.3638533,38.72567508],[-77.36415538,38.72567007],[-77.36464031,38.72552926],[-77.36487757,38.72533365],[-77.36509883,38.72507878],[-77.36517351,38.7249061],[-77.3650961,38.72469629],[-77.36507565,38.72439112],[-77.36490064,38.72422037],[-77.36450026,38.7242757],[-77.36426501,38.72416929],[-77.36387196,38.72408571],[-77.36353887,38.7238374],[-77.36313402,38.72347258],[-77.36286276,38.72310749],[-77.36262344,38.72287292],[-77.36219327,38.72265216],[-77.36223471,38.72247586],[-77.36216076,38.72229925],[-77.3619382,38.72231534],[-77.36158961,38.72220317],[-77.36148547,38.72211714],[-77.36060245,38.72177017],[-77.36006942,38.72260299],[-77.35945494,38.72333158],[-77.35908811,38.72369598],[-77.35912539,38.72376874],[-77.35946139,38.72527374],[-77.35946339,38.72574274],[-77.35877038,38.72791874],[-77.35840339,38.72841374],[-77.35780538,38.72900974],[-77.35714638,38.72962574],[-77.35675938,38.72986674],[-77.35551538,38.73032674],[-77.35520938,38.73049674],[-77.35433438,38.73111274],[-77.35376038,38.73147574],[-77.35248238,38.73234674],[-77.35169738,38.73300174],[-77.35143338,38.73328674],[-77.35051038,38.73450974],[-77.35019338,38.73477274],[-77.34947038,38.73525974],[-77.34889438,38.73557774],[-77.34846638,38.73585474],[-77.34807838,38.73616374],[-77.34768638,38.73652574],[-77.34722938,38.73690374],[-77.34690138,38.73722974],[-77.34666238,38.73752274],[-77.34649438,38.73786574],[-77.34631338,38.73847574],[-77.34595738,38.73837074],[-77.34557638,38.73817674],[-77.34477938,38.73750474],[-77.34479638,38.73721674],[-77.34508238,38.73647574],[-77.34535738,38.73621574],[-77.34576238,38.73612674],[-77.34619238,38.73625174],[-77.34628138,38.73582974],[-77.34612838,38.73552874],[-77.34614838,38.73516574],[-77.34609438,38.73492574],[-77.34595938,38.73467474],[-77.34567738,38.73460174],[-77.34457538,38.73455874],[-77.34429438,38.73450274],[-77.34408238,38.73429174],[-77.34396438,38.73426974],[-77.34370138,38.73438474],[-77.34350638,38.73427674],[-77.34316438,38.73398974],[-77.34314938,38.73384374],[-77.34297538,38.73366274],[-77.34276938,38.73358474],[-77.34253138,38.73377774],[-77.34199238,38.73440374],[-77.34180638,38.73455874],[-77.34127438,38.73482074],[-77.34098638,38.73487274],[-77.34071538,38.73485874],[-77.34024638,38.73463374],[-77.33988938,38.73452174],[-77.33944638,38.73445974],[-77.33892238,38.73488174],[-77.33795838,38.73569174],[-77.33771038,38.73572274],[-77.33749138,38.73561274],[-77.33692738,38.73554574],[-77.33658438,38.73538874],[-77.33621438,38.73499074],[-77.33589738,38.73475774],[-77.33571138,38.73356174],[-77.33563138,38.73332374],[-77.33529638,38.73284874],[-77.33472038,38.73235674],[-77.33444938,38.73207774],[-77.33439238,38.73194474],[-77.33449238,38.73164474],[-77.33438838,38.73135174],[-77.33366038,38.73102874],[-77.33328338,38.73099374],[-77.33215238,38.73126874],[-77.33199538,38.73141374],[-77.33194938,38.73161074],[-77.33211238,38.73202874],[-77.33185838,38.73252474],[-77.33177438,38.73288474],[-77.33177238,38.73352974],[-77.33170038,38.73379174],[-77.33157338,38.73399774],[-77.33149738,38.73430874],[-77.33132738,38.73442074],[-77.33132638,38.73479874],[-77.33106038,38.73529874],[-77.33130938,38.73540074],[-77.33144138,38.73558174],[-77.33146738,38.73580774],[-77.33169138,38.73581474],[-77.33181938,38.73594574],[-77.33181138,38.73608674],[-77.33165238,38.73644074],[-77.33128838,38.73681074],[-77.33108738,38.73696474],[-77.33124038,38.73717874],[-77.33120638,38.73748574],[-77.33101138,38.73765574],[-77.33107138,38.73793474],[-77.33103438,38.73826974],[-77.33115038,38.73849974],[-77.33104638,38.73896574],[-77.33103438,38.73921474],[-77.33079938,38.73943774],[-77.33093238,38.73959674],[-77.33093538,38.73980074],[-77.33110938,38.74002074],[-77.33111938,38.74037974],[-77.33131738,38.74053574],[-77.33108438,38.74113074],[-77.33106438,38.74142974],[-77.33062438,38.74183874],[-77.33044938,38.74190574],[-77.32995238,38.74193074],[-77.32986938,38.74205374],[-77.32929838,38.74216474],[-77.32910238,38.74228574],[-77.32902038,38.74252474],[-77.32868438,38.74292774],[-77.32861638,38.74318474],[-77.32847638,38.74324874],[-77.32821538,38.74351774],[-77.32806538,38.74376174],[-77.32769538,38.74419974],[-77.32742038,38.74431974],[-77.32709238,38.74472874],[-77.32679438,38.74487974],[-77.32647438,38.74526274],[-77.32638838,38.74530374],[-77.32598738,38.74499074],[-77.32560438,38.74497974],[-77.32492638,38.74536174],[-77.32434638,38.74560174],[-77.32401538,38.74560474],[-77.32361837,38.74582474],[-77.32346937,38.74597474],[-77.32304537,38.74594974],[-77.32254037,38.74610174],[-77.32224637,38.74602374],[-77.32212237,38.74608374],[-77.32175037,38.74609174],[-77.32145537,38.74600674],[-77.32131837,38.74582174],[-77.32076637,38.74542774],[-77.32053137,38.74542774],[-77.32030938,38.74531374],[-77.32000137,38.74498874],[-77.31984337,38.74505474],[-77.31879637,38.74519574],[-77.31877637,38.74498974],[-77.31905237,38.74494374],[-77.31904837,38.74472174],[-77.31886337,38.74463574],[-77.31875537,38.74412174],[-77.31825637,38.74411074],[-77.31800737,38.74403974],[-77.31788637,38.74386874],[-77.31755037,38.74384074],[-77.31730637,38.74363374],[-77.31740637,38.74349274],[-77.31708837,38.74328574],[-77.31681237,38.74323474],[-77.31693337,38.74306074],[-77.31655037,38.74269974],[-77.31617037,38.74250674],[-77.31600437,38.74222474],[-77.31573837,38.74225674],[-77.31538437,38.74211574],[-77.31515337,38.74223874],[-77.31503837,38.74210074],[-77.31509537,38.74169374],[-77.31491637,38.74154674],[-77.31476537,38.74153074],[-77.31449537,38.74132174],[-77.31406337,38.74128274],[-77.31399437,38.74148774],[-77.31383637,38.74165874],[-77.31368937,38.74192774],[-77.31368837,38.74225474],[-77.31335337,38.74242374],[-77.31313337,38.74238774],[-77.31298037,38.74247574],[-77.31274637,38.74234574],[-77.31251137,38.74228974],[-77.31225137,38.74211674],[-77.31194637,38.74182974],[-77.31138837,38.74148774],[-77.31123037,38.74124074],[-77.31120737,38.74108274],[-77.31136237,38.74081874],[-77.31146437,38.74051374],[-77.31133937,38.74031874],[-77.31115137,38.74029874],[-77.31091437,38.74042774],[-77.31068837,38.74073774],[-77.31015037,38.74085574],[-77.30961537,38.74088174],[-77.30960637,38.74117674],[-77.31020237,38.74156074],[-77.31014337,38.74223774],[-77.31031237,38.74257174],[-77.31017337,38.74303174],[-77.31022237,38.74321674],[-77.31042737,38.74349674],[-77.31054437,38.74375274],[-77.31055037,38.74401474],[-77.31045237,38.74426374],[-77.31130037,38.74477474],[-77.31209737,38.74519674],[-77.31259137,38.74560874],[-77.31279737,38.74586174],[-77.31294037,38.74617174],[-77.31319237,38.74634674],[-77.31361437,38.74634174],[-77.31388637,38.74622274],[-77.31434637,38.74590175],[-77.31447837,38.74574774],[-77.31454037,38.74536674],[-77.31497537,38.74516574],[-77.31520837,38.74497874],[-77.31551437,38.74486674],[-77.31596137,38.74513574],[-77.31653337,38.74514074],[-77.31672137,38.74524174],[-77.31681337,38.74539374],[-77.31684237,38.74571274],[-77.31696937,38.74622674],[-77.31688937,38.74645474],[-77.31673137,38.74665774],[-77.31644937,38.74682774],[-77.31637837,38.74702374],[-77.31647837,38.74730874],[-77.31638737,38.74754474],[-77.31559337,38.74791274],[-77.31539237,38.74807474],[-77.31525337,38.74830174],[-77.31522137,38.74851474],[-77.31535037,38.74889274],[-77.31574437,38.74932074],[-77.31592437,38.74960374],[-77.31611537,38.75008774],[-77.31636537,38.75032575],[-77.31695737,38.75067675],[-77.31712437,38.75091174],[-77.31724636,38.75129767],[-77.31540268,38.75161829],[-77.3119234,38.75207462],[-77.31154737,38.75209475],[-77.31041837,38.75207975],[-77.30660137,38.75233775],[-77.3048438,38.75266583],[-77.30444311,38.75272079],[-77.30369561,38.75275298],[-77.30250334,38.75274904],[-77.30208908,38.75277639],[-77.3016912,38.75287256],[-77.30123241,38.75304636],[-77.30091346,38.75323106]]]},"properties":{"PREC_IDENT":860,"PREC_NAME":"SANDY RUN","DISTRICT":"Springfield","cx":-77.33118739464312,"cy":38.75140311399429},"id":860},
{"type":"Feature","geometry":{"type":"Polygon","coordinates":[[[-77.40596726,38.83399067],[-77.40590941,38.83333176],[-77.40562141,38.83256976],[-77.40514841,38.83187876],[-77.40338204,38.82992015],[-77.40238234,38.83009965],[-77.40008062,38.83047764],[-77.39766757,38.83078863],[-77.39718594,38.83083216],[-77.39626712,38.83076998],[-77.39565578,38.83057338],[-77.39370278,38.82973257],[-77.39283373,38.82940309],[-77.39143957,38.82897804],[-77.38640326,38.82758192],[-77.3863154,38.82791576],[-77.3861654,38.82817376],[-77.3859884,38.82836076],[-77.3855204,38.82872876],[-77.3850314,38.82837676],[-77.3844764,38.82812976],[-77.3841734,38.82804276],[-77.3835614,38.82795776],[-77.3829684,38.82794376],[-77.3824854,38.82801976],[-77.3822174,38.82814576],[-77.3820014,38.82832376],[-77.3818134,38.82863876],[-77.3818004,38.82904376],[-77.3820194,38.82942376],[-77.3824444,38.82969276],[-77.3859084,38.83084876],[-77.3863214,38.83103276],[-77.3865394,38.83117276],[-77.3868104,38.83142676],[-77.3870874,38.83185976],[-77.3871864,38.83221076],[-77.3871964,38.83247776],[-77.3870664,38.83302176],[-77.3870714,38.83354976],[-77.3872224,38.83387676],[-77.3875534,38.83423676],[-77.3883374,38.83481476],[-77.3898964,38.83629476],[-77.3904104,38.83664776],[-77.3910154,38.83687176],[-77.3914264,38.83694376],[-77.3920924,38.83694376],[-77.3925114,38.83686776],[-77.3929124,38.83674976],[-77.3935104,38.83670976],[-77.3943844,38.83684176],[-77.3939444,38.83860976],[-77.3938224,38.83891576],[-77.3933234,38.83948076],[-77.3931904,38.83968276],[-77.3930804,38.83999776],[-77.3931044,38.84046976],[-77.39336387,38.84121095],[-77.3949724,38.84085676],[-77.3954164,38.84077476],[-77.3971604,38.84040776],[-77.3982204,38.84025576],[-77.3992394,38.84019276],[-77.40168841,38.84014376],[-77.40264041,38.84011276],[-77.40483872,38.84006172],[-77.40484318,38.84000262],[-77.40487594,38.83969675],[-77.40525131,38.83764489],[-77.40553813,38.83633363],[-77.40570188,38.83572555],[-77.40593062,38.83453868],[-77.40596726,38.83399067]]]},"properties":{"PREC_IDENT":862,"PREC_NAME":"WILLOW SPRINGS #2","DISTRICT":"Springfield","cx":-77.39843185959407,"cy":38.835128713953495},"id":862},
{"type":"Feature","geometry":{"type":"Polygon","coordinates":[[[-77.40468691,38.88397759],[-77.40466041,38.88417977],[-77.40374541,38.88872177],[-77.39900841,38.88902077],[-77.39982841,38.88938177],[-77.40179241,38.89027777],[-77.40123541,38.89198777],[-77.40025941,38.89488177],[-77.40032741,38.89494777],[-77.40091141,38.89498577],[-77.40186941,38.89499977],[-77.40225841,38.89508277],[-77.40273641,38.89513977],[-77.40303641,38.89522577],[-77.40315241,38.89516077],[-77.40342941,38.89517977],[-77.40379083,38.8950408],[-77.40474441,38.89507877],[-77.40523141,38.89505077],[-77.40556541,38.89498677],[-77.40572641,38.89504077],[-77.40645641,38.89543177],[-77.40679441,38.89543577],[-77.40698041,38.89562177],[-77.40723441,38.89535577],[-77.40745741,38.89533577],[-77.40800841,38.89513177],[-77.40848941,38.89504277],[-77.40846041,38.89479877],[-77.40856641,38.89460077],[-77.40888441,38.89428977],[-77.40922541,38.89408577],[-77.40909441,38.89376777],[-77.40919041,38.89361177],[-77.40942341,38.89349077],[-77.40941441,38.89329177],[-77.40965841,38.89307177],[-77.40985141,38.89320177],[-77.41025241,38.89316377],[-77.41068141,38.89301877],[-77.41100241,38.89299677],[-77.41098441,38.89275477],[-77.41117941,38.89274277],[-77.41138841,38.89284877],[-77.41167641,38.89282777],[-77.41193141,38.89263777],[-77.41209441,38.89270877],[-77.41258741,38.89259777],[-77.41285941,38.89259477],[-77.41297641,38.89241377],[-77.41292441,38.89223377],[-77.41307541,38.89217277],[-77.41322141,38.89198277],[-77.41326941,38.89172777],[-77.41309641,38.89166377],[-77.41310041,38.89148877],[-77.41328741,38.89136377],[-77.41327941,38.89119877],[-77.41352241,38.89096677],[-77.41379141,38.89091777],[-77.41362032,38.89015779],[-77.41328291,38.88923753],[-77.41307541,38.88853177],[-77.41303741,38.88820677],[-77.41309441,38.88794777],[-77.41341284,38.8873549],[-77.41203714,38.88682056],[-77.41126893,38.88650865],[-77.40846057,38.88543226],[-77.40803115,38.88525391],[-77.40568054,38.88434647],[-77.40468691,38.88397759]]]},"properties":{"PREC_IDENT":934,"PREC_NAME":"FOX VALLEY","DISTRICT":"Sully","cx":-77.4070206803182,"cy":38.890333829774285},"id":934},
{"type":"Feature","geometry":{"type":"Polygon","coordinates":[[[-77.43002682,38.81790151],[-77.43011216,38.81758132],[-77.43006703,38.81744656],[-77.43007913,38.81697862],[-77.43016746,38.81671543],[-77.43068043,38.81629012],[-77.43064761,38.81604682],[-77.43041285,38.81586922],[-77.43038451,38.81569055],[-77.43045022,38.81522272],[-77.43067145,38.81508518],[-77.43072899,38.81477915],[-77.43086458,38.81448667],[-77.43090878,38.81416734],[-77.43081863,38.81394326],[-77.43099922,38.81361529],[-77.43141337,38.81346364],[-77.43201953,38.81312866],[-77.43253949,38.81279157],[-77.43281424,38.81280316],[-77.4337472,38.81270739],[-77.43391923,38.81262074],[-77.43403197,38.81245863],[-77.43415548,38.81194696],[-77.43409816,38.81183634],[-77.43421051,38.81146058],[-77.43397564,38.81121477],[-77.43418041,38.81033075],[-77.43441541,38.81058275],[-77.43548941,38.81146475],[-77.43661641,38.81257075],[-77.43787041,38.81354575],[-77.43834541,38.81369875],[-77.43865341,38.81385675],[-77.43958541,38.81357675],[-77.43984941,38.81339275],[-77.4399687,38.81307833],[-77.43988104,38.81212194],[-77.43991941,38.81181675],[-77.44016841,38.81113775],[-77.44068241,38.81124975],[-77.44121741,38.81129275],[-77.44135799,38.81138013],[-77.44229443,38.81177081],[-77.44268142,38.81134375],[-77.44285642,38.81121575],[-77.44281842,38.81109875],[-77.44289142,38.81085375],[-77.44313642,38.81067975],[-77.44340242,38.81063075],[-77.44357342,38.81050575],[-77.44357441,38.81036175],[-77.44401542,38.81010775],[-77.44435542,38.80969375],[-77.44416941,38.80959255],[-77.44420195,38.80946299],[-77.44377778,38.80919144],[-77.4433907,38.8087843],[-77.4431613,38.80863257],[-77.44242471,38.80836644],[-77.44185845,38.80821168],[-77.44095615,38.80799759],[-77.44040067,38.80782645],[-77.43989498,38.80761044],[-77.43958381,38.80729321],[-77.43928879,38.80683334],[-77.43903892,38.80664298],[-77.43819886,38.80625644],[-77.43734883,38.80583273],[-77.43689907,38.80563369],[-77.43593614,38.80525151],[-77.43536361,38.8050486],[-77.43490066,38.8050293],[-77.43439068,38.80510568],[-77.43387866,38.8050818],[-77.43337128,38.80498245],[-77.43228897,38.80484217],[-77.43166135,38.80480488],[-77.43140141,38.80482174],[-77.43032593,38.80516617],[-77.42894446,38.80555585],[-77.42842325,38.8056774],[-77.42787855,38.80572735],[-77.42747909,38.80568662],[-77.4270391,38.80553981],[-77.42637025,38.80520829],[-77.42545954,38.80485808],[-77.42353039,38.80362118],[-77.42303444,38.80322945],[-77.42176688,38.80234184],[-77.42143336,38.80214681],[-77.42127441,38.80233875],[-77.42043941,38.80315975],[-77.42024141,38.80345175],[-77.42011525,38.8038946],[-77.41999141,38.80486975],[-77.42000941,38.80504675],[-77.41997241,38.80578975],[-77.41967046,38.80663511],[-77.41956309,38.80700757],[-77.41941207,38.80794805],[-77.41931018,38.80818876],[-77.41882333,38.80952294],[-77.41851683,38.81006656],[-77.41774982,38.81101751],[-77.41934082,38.81175251],[-77.41964982,38.81185551],[-77.41877782,38.81321651],[-77.41966182,38.81357951],[-77.42015082,38.81371251],[-77.42015482,38.81420051],[-77.42035282,38.81451851],[-77.42052382,38.81467751],[-77.42072182,38.81499451],[-77.42113482,38.81525251],[-77.42174282,38.81573951],[-77.42177682,38.81596151],[-77.42188882,38.81601051],[-77.42225382,38.81639051],[-77.42223082,38.81668351],[-77.42248782,38.81696651],[-77.42280082,38.81714451],[-77.42308682,38.81722851],[-77.42350482,38.81727951],[-77.42366282,38.81735951],[-77.42427782,38.81727651],[-77.42495682,38.81740351],[-77.42561582,38.81740751],[-77.42705482,38.81787451],[-77.42734082,38.81785251],[-77.42741882,38.81792351],[-77.42781982,38.81798251],[-77.42815882,38.81782251],[-77.42850682,38.81774551],[-77.42940782,38.81778151],[-77.42982882,38.81783351],[-77.43002682,38.81790151]]]},"properties":{"PREC_IDENT":854,"PREC_NAME":"NEWGATE SOUTH","DISTRICT":"Springfield","cx":-77.42642781404997,"cy":38.810948047531035},"id":854},
{"type":"Feature","geometry":{"type":"Polygon","coordinates":[[[-77.43203802,38.83871547],[-77.43138784,38.83872396],[-77.43120683,38.83979652],[-77.43104583,38.84112952],[-77.43103583,38.84230152],[-77.43106183,38.84272552],[-77.43118683,38.84332452],[-77.43164983,38.84480252],[-77.43188083,38.84563552],[-77.43212383,38.84641352],[-77.43359241,38.84610933],[-77.43484375,38.84578569],[-77.43612809,38.84536622],[-77.43694031,38.84505505],[-77.4381561,38.84452099],[-77.43935906,38.84390304],[-77.44035449,38.8433093],[-77.44083663,38.84299649],[-77.44156405,38.84247995],[-77.44252368,38.8416909],[-77.44312491,38.84115811],[-77.44392634,38.84038136],[-77.44501791,38.83921179],[-77.44598883,38.83812763],[-77.44688494,38.83709183],[-77.44744414,38.83694691],[-77.44871442,38.83549376],[-77.44985942,38.83419776],[-77.44960542,38.83407976],[-77.44934029,38.83394272],[-77.44892118,38.83382277],[-77.44877563,38.833647],[-77.4481928,38.83343524],[-77.44787691,38.83341355],[-77.4475794,38.83350583],[-77.44745529,38.83332653],[-77.44723347,38.83334373],[-77.44658053,38.83315732],[-77.44561042,38.83305506],[-77.44528023,38.83307849],[-77.44492873,38.83296756],[-77.44462129,38.83307547],[-77.44422263,38.83313086],[-77.44394113,38.83304307],[-77.44375419,38.83317406],[-77.44346785,38.83327811],[-77.44328314,38.83353837],[-77.44301941,38.83361241],[-77.4425584,38.83382889],[-77.44206701,38.83394579],[-77.44163664,38.83398434],[-77.44076768,38.83385016],[-77.44063866,38.83379545],[-77.44023489,38.83382017],[-77.43980232,38.83407399],[-77.43977494,38.83452526],[-77.43968632,38.83505855],[-77.43974469,38.83562337],[-77.44004935,38.83710344],[-77.44013664,38.83737334],[-77.4402848,38.83756414],[-77.44091043,38.83799404],[-77.44106502,38.83822472],[-77.4411424,38.83845333],[-77.4404778,38.83852285],[-77.43943489,38.83853265],[-77.43535408,38.8386028],[-77.43399783,38.83867012],[-77.43203802,38.83871547]]]},"properties":{"PREC_IDENT":924,"PREC_NAME":"SPINDLE","DISTRICT":"Sully","cx":-77.43653216934304,"cy":38.841767754675686},"id":924},
{"type":"Feature","geometry":{"type":"Polygon","coordinates":[[[-77.19709776,38.70993214],[-77.19676807,38.70994495],[-77.19629917,38.70990404],[-77.19525184,38.70967681],[-77.19299598,38.7091193],[-77.19288092,38.7089968],[-77.19054253,38.70845716],[-77.18979146,38.70832244],[-77.18585874,38.70738453],[-77.18503691,38.70728744],[-77.17995112,38.70740844],[-77.18005533,38.70757974],[-77.18067433,38.70817574],[-77.18069833,38.70829174],[-77.18095833,38.70845674],[-77.18277733,38.71025574],[-77.18324833,38.71067674],[-77.18350033,38.71085574],[-77.18554633,38.71209274],[-77.18691333,38.71278374],[-77.18840633,38.71362574],[-77.18857633,38.71605174],[-77.18763833,38.71669174],[-77.18805533,38.71773274],[-77.18820633,38.71793474],[-77.18856433,38.71818274],[-77.18997433,38.71900074],[-77.19116833,38.71971774],[-77.19045633,38.72040574],[-77.19067233,38.72041474],[-77.19116633,38.72022674],[-77.19136533,38.72021674],[-77.19162333,38.72037574],[-77.19231433,38.72035174],[-77.19240333,38.72042874],[-77.19230133,38.72064974],[-77.19237933,38.72077674],[-77.19290033,38.72077174],[-77.19315533,38.72067874],[-77.19345533,38.72064674],[-77.19366933,38.72081274],[-77.19381033,38.72073774],[-77.19413533,38.72072774],[-77.19455533,38.72078474],[-77.19494833,38.72060474],[-77.19541433,38.72029674],[-77.19572533,38.72029074],[-77.19595633,38.72045474],[-77.19611833,38.72038874],[-77.19654133,38.72033674],[-77.19705633,38.72032774],[-77.19737533,38.72043974],[-77.19749134,38.72060774],[-77.19751834,38.72098674],[-77.19785733,38.72106574],[-77.19805034,38.72120774],[-77.19814533,38.72154374],[-77.19832733,38.72165774],[-77.19870933,38.72169774],[-77.19885734,38.72216974],[-77.19922134,38.72247674],[-77.19959534,38.72252574],[-77.19968334,38.72266874],[-77.19999534,38.72276874],[-77.20020534,38.72269274],[-77.20027134,38.72240774],[-77.20040533,38.72224874],[-77.20067134,38.72210974],[-77.20106934,38.72209574],[-77.20120634,38.72218874],[-77.20147034,38.72251574],[-77.20185834,38.72257874],[-77.20207334,38.72250174],[-77.20239134,38.72257774],[-77.20271134,38.72252874],[-77.20295134,38.72213874],[-77.20318434,38.72203574],[-77.20363134,38.72219774],[-77.20386834,38.72242674],[-77.20408534,38.72284174],[-77.20474234,38.72254974],[-77.20574034,38.72205074],[-77.20669934,38.72150874],[-77.20765834,38.72089674],[-77.20824834,38.72047674],[-77.20830549,38.72046725],[-77.20801841,38.71951481],[-77.20749891,38.7179946],[-77.2071714,38.71749394],[-77.20527154,38.71574429],[-77.20519968,38.71564738],[-77.20462742,38.71511517],[-77.20424658,38.71485283],[-77.20206099,38.71379472],[-77.20045885,38.71303826],[-77.20000391,38.71280528],[-77.19953281,38.71249661],[-77.1987476,38.71192082],[-77.19834767,38.71155389],[-77.19718233,38.7102942],[-77.19709776,38.70993214]]]},"properties":{"PREC_IDENT":631,"PREC_NAME":"POHICK CREEK","DISTRICT":"Mount Vernon","cx":-77.19515282872908,"cy":38.71531379761479},"id":631},
{"type":"Feature","geometry":{"type":"Polygon","coordinates":[[[-77.13224307,38.73983988],[-77.13212331,38.73937475],[-77.13179232,38.73898975],[-77.13136932,38.73842175],[-77.13125731,38.73818275],[-77.13114631,38.73767275],[-77.13123531,38.73732675],[-77.13147732,38.73688775],[-77.13158532,38.73658375],[-77.13191132,38.73631375],[-77.13201931,38.73613675],[-77.13226032,38.73591875],[-77.13229331,38.73554975],[-77.13245032,38.73535875],[-77.13243931,38.73513575],[-77.13261832,38.73488375],[-77.13260631,38.73474375],[-77.13242232,38.73465375],[-77.13245031,38.73449175],[-77.13261832,38.73420675],[-77.13283632,38.73356875],[-77.13304732,38.73323275],[-77.13306532,38.73309475],[-77.13290431,38.73237375],[-77.13277832,38.73204275],[-77.13276831,38.73183775],[-77.13289532,38.73148775],[-77.13314832,38.73116675],[-77.13329432,38.73073875],[-77.13327432,38.73045675],[-77.13308032,38.73009675],[-77.13305032,38.72983375],[-77.13281031,38.72891775],[-77.13235331,38.72736975],[-77.13225731,38.72696875],[-77.13215031,38.72677075],[-77.13154131,38.72720575],[-77.13114531,38.72744075],[-77.13020331,38.72770075],[-77.12843931,38.72811175],[-77.12681931,38.72853575],[-77.12673631,38.72861575],[-77.12634231,38.72874275],[-77.12621231,38.72844975],[-77.12587631,38.72749775],[-77.12559231,38.72720775],[-77.12506631,38.72650875],[-77.12496031,38.72644075],[-77.12319831,38.72559975],[-77.12305231,38.72545175],[-77.12261631,38.72459175],[-77.12254631,38.72433575],[-77.12271631,38.72416475],[-77.12274731,38.72402375],[-77.12248231,38.72305275],[-77.12241931,38.72270575],[-77.12198131,38.72219175],[-77.12024131,38.72304575],[-77.11835831,38.72394275],[-77.11682231,38.72471275],[-77.11529731,38.72544975],[-77.11469531,38.72576875],[-77.11375631,38.72623275],[-77.11314631,38.72650275],[-77.11197794,38.72710286],[-77.11224378,38.72798997],[-77.11223117,38.72809829],[-77.11262618,38.72942936],[-77.11268001,38.72954671],[-77.11306271,38.73078975],[-77.11342348,38.73189797],[-77.11447961,38.73436865],[-77.11484388,38.73551221],[-77.1152057,38.73675088],[-77.11598328,38.73952406],[-77.11612058,38.74004195],[-77.11615612,38.740928],[-77.11620421,38.74116199],[-77.11673619,38.74303564],[-77.1167212,38.74308113],[-77.12049614,38.74235533],[-77.12667045,38.74106808],[-77.12739006,38.74020154],[-77.12757566,38.74078354],[-77.13224307,38.73983988]]]},"properties":{"PREC_IDENT":627,"PREC_NAME":"WOODLAWN #1","DISTRICT":"Mount Vernon","cx":-77.12207407696023,"cy":38.73365646081805},"id":627},
{"type":"Feature","geometry":{"type":"Polygon","coordinates":[[[-77.28311132,38.6964244],[-77.28226073,38.69608529],[-77.28184358,38.69588735],[-77.28113623,38.69544611],[-77.28071902,38.69525229],[-77.2803875,38.69517194],[-77.2799359,38.69514665],[-77.27933126,38.69526117],[-77.27874887,38.69530316],[-77.27820259,38.69528236],[-77.27748972,38.69516645],[-77.27687622,38.69497743],[-77.27614648,38.69461831],[-77.27514509,38.69395564],[-77.27446005,38.69344182],[-77.27355306,38.69258791],[-77.27268262,38.69164649],[-77.27249614,38.69148663],[-77.27124847,38.69068267],[-77.27053943,38.69014112],[-77.26989415,38.68976499],[-77.26965407,38.68966636],[-77.26916572,38.68953902],[-77.26872881,38.68947676],[-77.2682299,38.68935206],[-77.26785398,38.68920668],[-77.26734389,38.68891709],[-77.26701901,38.68865554],[-77.26652779,38.6880833],[-77.26619686,38.68776676],[-77.26553949,38.68728064],[-77.26485928,38.68690137],[-77.26387211,38.68644334],[-77.26312022,38.68615804],[-77.26216524,38.68586648],[-77.26150019,38.68562603],[-77.26053996,38.68523279],[-77.25982048,38.68489838],[-77.25886213,38.68439805],[-77.25781148,38.68376492],[-77.25715354,38.68331719],[-77.25637544,38.68272813],[-77.25599206,38.68240962],[-77.25527849,38.68173611],[-77.25478453,38.6811845],[-77.25417435,38.68149473],[-77.25460735,38.68201073],[-77.25503835,38.68247273],[-77.25529935,38.68265073],[-77.25553035,38.68307973],[-77.25595035,38.68346273],[-77.25676235,38.68409473],[-77.25717935,38.68431673],[-77.25771635,38.68464373],[-77.25791735,38.68470873],[-77.25784535,38.68611973],[-77.25783335,38.68677473],[-77.25776435,38.68726373],[-77.25759735,38.68804574],[-77.25749235,38.68839373],[-77.25703935,38.68939474],[-77.25674835,38.68989973],[-77.25653435,38.69042874],[-77.25622435,38.69151574],[-77.25613135,38.69222074],[-77.25612635,38.69362874],[-77.25616835,38.69564674],[-77.25618435,38.69709574],[-77.25622035,38.69798174],[-77.25636335,38.69874874],[-77.25658435,38.69957574],[-77.25899335,38.70349474],[-77.25929435,38.70405474],[-77.26048635,38.70719874],[-77.26068935,38.70780674],[-77.26105535,38.70872274],[-77.26131635,38.70948074],[-77.26208635,38.71141874],[-77.26275035,38.71261374],[-77.26395235,38.71469174],[-77.26415635,38.71509274],[-77.26449236,38.71557674],[-77.26494735,38.71610474],[-77.26530736,38.71644374],[-77.26553433,38.71660272],[-77.26612458,38.71608923],[-77.26635663,38.71584316],[-77.26806291,38.71383724],[-77.2682243,38.71362337],[-77.26897104,38.71279366],[-77.26933692,38.71250917],[-77.27053817,38.71110201],[-77.27087072,38.71077161],[-77.27282991,38.70845683],[-77.27361128,38.70755748],[-77.27509405,38.70581594],[-77.28311132,38.6964244]]]},"properties":{"PREC_IDENT":633,"PREC_NAME":"HALLEY #2","DISTRICT":"Mount Vernon","cx":-77.26679597274035,"cy":38.69922653326783},"id":633},
{"type":"Feature","geometry":{"type":"Polygon","coordinates":[[[-77.26553433,38.71660272],[-77.26530736,38.71644374],[-77.26494735,38.71610474],[-77.26449236,38.71557674],[-77.26415635,38.71509274],[-77.26395235,38.71469174],[-77.26275035,38.71261374],[-77.26208635,38.71141874],[-77.26131635,38.70948074],[-77.26105535,38.70872274],[-77.25994035,38.70869874],[-77.25953435,38.70864174],[-77.25853435,38.70841374],[-77.25690935,38.70810474],[-77.25635535,38.70884874],[-77.25597235,38.70948374],[-77.25577335,38.70992374],[-77.25548335,38.71066474],[-77.25496635,38.71175174],[-77.25420635,38.71297574],[-77.25382935,38.71340674],[-77.25316935,38.71422874],[-77.25106235,38.71702374],[-77.25069835,38.71753274],[-77.25047835,38.71805074],[-77.25032235,38.71885574],[-77.25027135,38.71938774],[-77.25030735,38.71996474],[-77.25040635,38.72037174],[-77.25057135,38.72067574],[-77.25123435,38.72155274],[-77.25150235,38.72196074],[-77.25203435,38.72285374],[-77.25236235,38.72333774],[-77.25275135,38.72407874],[-77.25285935,38.72443674],[-77.25283535,38.72475374],[-77.25276435,38.72497774],[-77.25252635,38.72540674],[-77.25094935,38.72770174],[-77.25070735,38.72809792],[-77.25024594,38.72882758],[-77.24998849,38.72931913],[-77.24953098,38.73060151],[-77.25214117,38.73024886],[-77.253219,38.73007839],[-77.25452816,38.72988894],[-77.25556217,38.72875952],[-77.25612965,38.72809201],[-77.25784716,38.72601477],[-77.25868347,38.72499157],[-77.25874453,38.72501775],[-77.26098647,38.7223455],[-77.2614607,38.72187141],[-77.2634089,38.7195706],[-77.26376483,38.71917805],[-77.26571893,38.71689694],[-77.26553433,38.71660272]]]},"properties":{"PREC_IDENT":632,"PREC_NAME":"HALLEY #1","DISTRICT":"Mount Vernon","cx":-77.25705173450719,"cy":38.718756633546754},"id":632},
{"type":"Feature","geometry":{"type":"Polygon","coordinates":[[[-77.31199147,38.94746564],[-77.31202738,38.94704878],[-77.31212638,38.94665679],[-77.31242338,38.94591178],[-77.31248638,38.94551578],[-77.31252538,38.94456278],[-77.31266438,38.94333578],[-77.31265338,38.94262678],[-77.31043738,38.94253078],[-77.30950638,38.94252478],[-77.30914838,38.94238378],[-77.30869338,38.94192978],[-77.30799738,38.94111378],[-77.30702138,38.94005978],[-77.30681738,38.93980978],[-77.30634938,38.93887278],[-77.30609338,38.93810678],[-77.30566638,38.93700378],[-77.30550838,38.93669778],[-77.30524438,38.93630678],[-77.30498238,38.93570678],[-77.30486638,38.93502678],[-77.30491638,38.93439778],[-77.30507438,38.93367678],[-77.30504138,38.93279478],[-77.30482838,38.93167878],[-77.30483238,38.93140978],[-77.30510538,38.92994578],[-77.30477978,38.92991524],[-77.30454502,38.93014831],[-77.30448012,38.93043139],[-77.30430646,38.93076381],[-77.30417507,38.93089312],[-77.30399415,38.93085382],[-77.30372556,38.93094259],[-77.30306148,38.93087626],[-77.30308448,38.93116847],[-77.30291829,38.93124455],[-77.30257543,38.93108569],[-77.30230904,38.93133288],[-77.30196173,38.93141504],[-77.30157628,38.93156252],[-77.30029835,38.93164713],[-77.30001611,38.93136587],[-77.29960567,38.93113651],[-77.29883863,38.93093132],[-77.29858653,38.93091749],[-77.29836868,38.93098913],[-77.29819461,38.93113936],[-77.29757223,38.93148568],[-77.2971986,38.93173284],[-77.29672776,38.93170053],[-77.29642244,38.93162447],[-77.29612627,38.93179298],[-77.29569409,38.93242739],[-77.29536411,38.93281056],[-77.29545361,38.93320862],[-77.29520703,38.93338156],[-77.29492986,38.93346703],[-77.29454775,38.93349534],[-77.29440634,38.93340188],[-77.29385404,38.93344281],[-77.29373888,38.93368206],[-77.29405038,38.9342334],[-77.29402283,38.93431223],[-77.29364004,38.93475059],[-77.29361868,38.93501725],[-77.29340371,38.93521626],[-77.29347367,38.93538605],[-77.29373954,38.93538798],[-77.29396706,38.93546619],[-77.2940943,38.9356836],[-77.29443884,38.93574082],[-77.29476362,38.93652171],[-77.2951137,38.93675319],[-77.29540434,38.93677517],[-77.29557901,38.93689234],[-77.29568968,38.93719866],[-77.2958434,38.93732567],[-77.29621501,38.93742566],[-77.29675672,38.93768428],[-77.29718914,38.93796961],[-77.29732034,38.93833743],[-77.29733529,38.93856286],[-77.29767235,38.93867532],[-77.29793603,38.93902378],[-77.29814555,38.93919409],[-77.29825145,38.93941644],[-77.29833294,38.94013236],[-77.29819612,38.94026071],[-77.29796026,38.94022364],[-77.29787876,38.94010968],[-77.29767739,38.94012514],[-77.29734598,38.94030921],[-77.29704643,38.94070631],[-77.29695053,38.9410257],[-77.29663636,38.94125435],[-77.29673739,38.94134191],[-77.29639986,38.94160258],[-77.29619688,38.94199617],[-77.29601911,38.94202274],[-77.29542269,38.94174721],[-77.2952394,38.94175564],[-77.29510688,38.9420339],[-77.29502376,38.94235377],[-77.29488571,38.94246667],[-77.29441953,38.94242996],[-77.29416666,38.94233123],[-77.29393177,38.94244662],[-77.29369248,38.94288659],[-77.29337251,38.94304916],[-77.29317736,38.94323498],[-77.2933545,38.94333334],[-77.29335112,38.94351366],[-77.29345864,38.94384189],[-77.29321867,38.94408161],[-77.29292417,38.94425576],[-77.29283729,38.94443914],[-77.2930172,38.94461742],[-77.29292586,38.94496584],[-77.29300851,38.94528168],[-77.29363934,38.94553413],[-77.29501657,38.94602193],[-77.29615686,38.94638098],[-77.2969128,38.94659466],[-77.29828552,38.94693409],[-77.30066884,38.94740053],[-77.30187203,38.94757618],[-77.30279853,38.94768584],[-77.30367982,38.94776484],[-77.30513441,38.94783729],[-77.30606938,38.94786052],[-77.30779939,38.94786435],[-77.30884099,38.94781999],[-77.31052768,38.94767918],[-77.31139446,38.94757399],[-77.31199147,38.94746564]]]},"properties":{"PREC_IDENT":243,"PREC_NAME":"SUNRISE VALLEY #2","DISTRICT":"Hunter Mill","cx":-77.30262020178675,"cy":38.94149487154113},"id":243},
{"type":"Feature","geometry":{"type":"Polygon","coordinates":[[[-77.14532817,38.84249897],[-77.14407701,38.84251731],[-77.14360017,38.84256939],[-77.14317063,38.84267932],[-77.14243392,38.84300288],[-77.14203609,38.84330856],[-77.141708,38.84372794],[-77.14139753,38.84433066],[-77.14099424,38.84494733],[-77.14050322,38.84538471],[-77.14098822,38.84573358],[-77.14113698,38.84603737],[-77.14112997,38.84677873],[-77.14126752,38.84711809],[-77.14207568,38.84820527],[-77.14226312,38.84869212],[-77.14229306,38.8489657],[-77.14261599,38.84915891],[-77.14299965,38.8492979],[-77.14434233,38.84946377],[-77.14474333,38.84949477],[-77.14442033,38.85024677],[-77.14445133,38.85042477],[-77.14460533,38.85053977],[-77.14667733,38.85109777],[-77.14706633,38.85123377],[-77.14733033,38.85152877],[-77.14751333,38.85205277],[-77.14749333,38.85218677],[-77.14727533,38.85252277],[-77.14666733,38.85306977],[-77.14632733,38.85341277],[-77.14536033,38.85295577],[-77.14270791,38.85636974],[-77.14228285,38.85693189],[-77.14193465,38.85733016],[-77.14344317,38.85816181],[-77.14468432,38.85883245],[-77.14547639,38.85929331],[-77.14597121,38.85968621],[-77.14638763,38.86013999],[-77.14751612,38.86157408],[-77.14770645,38.86182547],[-77.14796011,38.86168354],[-77.1480257,38.86155798],[-77.14894452,38.8605127],[-77.14945998,38.85981015],[-77.15009312,38.85901284],[-77.15178937,38.85677508],[-77.15171517,38.85661221],[-77.15066815,38.85610092],[-77.15089966,38.85591255],[-77.15114166,38.85579355],[-77.15167266,38.85565055],[-77.15197766,38.85518954],[-77.15210866,38.85511755],[-77.15222766,38.85479755],[-77.15223466,38.85456454],[-77.15245466,38.85436555],[-77.15251266,38.85394654],[-77.1530671,38.8540025],[-77.15345144,38.85410714],[-77.15415152,38.85441724],[-77.15492714,38.85463208],[-77.15545424,38.85480288],[-77.15601944,38.85518968],[-77.15628751,38.85531495],[-77.158089,38.85588614],[-77.15861355,38.85517377],[-77.15851458,38.8550238],[-77.15818397,38.85483186],[-77.15805285,38.85467705],[-77.15773238,38.85461012],[-77.15747572,38.85445653],[-77.15745981,38.85435608],[-77.1568405,38.85429719],[-77.15345106,38.85279656],[-77.152428,38.85138448],[-77.15257761,38.8510402],[-77.15350118,38.84913796],[-77.15258659,38.84856352],[-77.15111621,38.84766841],[-77.15053349,38.84734302],[-77.14958637,38.84677618],[-77.14840038,38.84630242],[-77.14464413,38.84436105],[-77.1438279,38.84464231],[-77.14407463,38.84437265],[-77.14392533,38.84415133],[-77.14359692,38.8439936],[-77.14350456,38.84382026],[-77.14369961,38.84360706],[-77.14357619,38.84346052],[-77.14369184,38.84317093],[-77.14390596,38.84320915],[-77.14433023,38.84316125],[-77.14458267,38.84307802],[-77.14501532,38.84266777],[-77.1451786,38.84266137],[-77.14532817,38.84249897]]]},"properties":{"PREC_IDENT":530,"PREC_NAME":"TRIPPS","DISTRICT":"Mason","cx":-77.1476688752751,"cy":38.85609734891842},"id":530},
{"type":"Feature","geometry":{"type":"Polygon","coordinates":[[[-77.12024131,38.72304575],[-77.12198131,38.72219175],[-77.12270431,38.72184775],[-77.12363931,38.72134075],[-77.12535431,38.72050375],[-77.12590631,38.72025575],[-77.12699131,38.71971475],[-77.12847831,38.71899975],[-77.12894631,38.71875075],[-77.12923031,38.71864075],[-77.13007031,38.71823275],[-77.13042531,38.71809175],[-77.13145631,38.71754075],[-77.13254331,38.71701275],[-77.13301431,38.71675274],[-77.13417431,38.71619575],[-77.13530131,38.71568975],[-77.13616632,38.71539275],[-77.13700231,38.71518575],[-77.13844332,38.71486975],[-77.13893832,38.71471974],[-77.13948031,38.71449774],[-77.14027032,38.71408174],[-77.14021132,38.71381774],[-77.13957732,38.71382274],[-77.13922032,38.71371974],[-77.13757331,38.71383674],[-77.13759732,38.71348574],[-77.13708332,38.71176474],[-77.13613631,38.71215674],[-77.13460331,38.71172274],[-77.13432231,38.71166174],[-77.13397331,38.71184774],[-77.13357531,38.71194174],[-77.13308331,38.71196574],[-77.13259731,38.71192674],[-77.13178131,38.71180874],[-77.13134431,38.71185774],[-77.13076931,38.71216774],[-77.13051831,38.71226574],[-77.13003431,38.71237774],[-77.12954331,38.71157074],[-77.12936931,38.71131974],[-77.12887731,38.71078874],[-77.12842431,38.71042674],[-77.12758231,38.70986574],[-77.12709631,38.70962774],[-77.12642231,38.70936574],[-77.12566931,38.70914274],[-77.12735531,38.70659174],[-77.12820631,38.70542174],[-77.12809531,38.70522174],[-77.12961031,38.70293374],[-77.12989831,38.70271674],[-77.12957531,38.70253774],[-77.12947331,38.70235374],[-77.12905531,38.70206174],[-77.12885231,38.70208674],[-77.12836031,38.70195474],[-77.12785631,38.70203674],[-77.12771331,38.70220174],[-77.12739031,38.70240574],[-77.12728731,38.70236474],[-77.12739331,38.70212874],[-77.12733331,38.70196774],[-77.12752331,38.70181574],[-77.12773631,38.70153874],[-77.12773931,38.70137074],[-77.12754931,38.70107174],[-77.12747331,38.70050074],[-77.12732431,38.70008874],[-77.12743431,38.69972474],[-77.12706531,38.69884074],[-77.12686631,38.69862874],[-77.12640831,38.69846974],[-77.12636431,38.69858474],[-77.12587331,38.69850374],[-77.12558031,38.69834274],[-77.12529931,38.69793074],[-77.12520431,38.69752974],[-77.12507131,38.69734274],[-77.12488331,38.69676374],[-77.12475431,38.69651174],[-77.12460231,38.69588674],[-77.12448931,38.69578874],[-77.12428831,38.69545174],[-77.12407931,38.69497674],[-77.12363131,38.69435974],[-77.12343831,38.69341574],[-77.12318831,38.69309174],[-77.12311131,38.69214974],[-77.12301831,38.69155074],[-77.12284831,38.69092074],[-77.12255231,38.69012974],[-77.12244831,38.68962674],[-77.12222931,38.68908674],[-77.12210131,38.68892274],[-77.12179431,38.68786474],[-77.12193131,38.68746774],[-77.12202631,38.68732874],[-77.12214131,38.68680974],[-77.12212931,38.68638074],[-77.12217131,38.68613974],[-77.12263431,38.68526374],[-77.1086773,38.69453174],[-77.10448506,38.69712437],[-77.10345576,38.69779727],[-77.10297858,38.69800853],[-77.10253294,38.69803891],[-77.10210926,38.6980215],[-77.10139984,38.69792103],[-77.10091476,38.69799763],[-77.10053328,38.69815235],[-77.09963883,38.69837645],[-77.09859751,38.69876357],[-77.09816237,38.69897394],[-77.09768313,38.6992895],[-77.0965374,38.7001779],[-77.09617045,38.70030532],[-77.0957981,38.70053016],[-77.09554163,38.70074266],[-77.09520039,38.70116834],[-77.09489644,38.70147913],[-77.09431538,38.70180308],[-77.0937263,38.70217074],[-77.09339825,38.70246625],[-77.09256093,38.70299033],[-77.09243153,38.70297641],[-77.09203896,38.70315844],[-77.09105249,38.70342394],[-77.09040946,38.70386795],[-77.08978674,38.7043479],[-77.08908149,38.70492571],[-77.08870336,38.70508593],[-77.08834588,38.70508574],[-77.08759232,38.70562452],[-77.08684955,38.70596982],[-77.0856977,38.70644336],[-77.08501002,38.70666025],[-77.08416263,38.70679967],[-77.08332101,38.70700233],[-77.08303302,38.7072103],[-77.08174313,38.70775079],[-77.0815974,38.70785338],[-77.08134256,38.70815787],[-77.08084599,38.70845668],[-77.07990396,38.70895056],[-77.07989321,38.70913992],[-77.07959638,38.70926264],[-77.07400095,38.71164426],[-77.07484059,38.71233443],[-77.07419032,38.71286114],[-77.07400051,38.712918],[-77.07634118,38.71470998],[-77.07706008,38.71522401],[-77.07786654,38.71574185],[-77.07839533,38.71612174],[-77.07973954,38.71692207],[-77.08043095,38.71723253],[-77.08108716,38.71737367],[-77.08192385,38.71742774],[-77.08249284,38.71737009],[-77.0828625,38.71728806],[-77.08350137,38.71706373],[-77.08401514,38.71678434],[-77.08448587,38.71637535],[-77.08488494,38.71586802],[-77.08517998,38.71512462],[-77.08532651,38.71444672],[-77.08574836,38.71295789],[-77.0860141,38.7122773],[-77.08621923,38.71200516],[-77.08678605,38.71152044],[-77.08734982,38.71136933],[-77.08794363,38.7116511],[-77.08836284,38.71190057],[-77.08992723,38.71291352],[-77.09191266,38.71426517],[-77.09300878,38.71503216],[-77.09390194,38.71560309],[-77.09449956,38.71587252],[-77.09536087,38.71610117],[-77.09614853,38.71615318],[-77.09690312,38.71610317],[-77.0976913,38.71592175],[-77.09814024,38.71575412],[-77.09871404,38.71544792],[-77.1008133,38.71409675],[-77.1024953,38.71452875],[-77.10304017,38.71468671],[-77.10414631,38.71494275],[-77.10426183,38.71495117],[-77.1062823,38.71542075],[-77.10826357,38.71591462],[-77.10938999,38.71621222],[-77.11018591,38.71638094],[-77.11157124,38.71670356],[-77.11184631,38.71680875],[-77.11445574,38.71744621],[-77.11497972,38.71754029],[-77.11755422,38.71816791],[-77.11815629,38.71822726],[-77.11931729,38.72092668],[-77.11947567,38.72144159],[-77.11986489,38.72234877],[-77.12024131,38.72304575]]]},"properties":{"PREC_IDENT":613,"PREC_NAME":"WESTGATE","DISTRICT":"Mount Vernon","cx":-77.11130963460302,"cy":38.70554615051113},"id":613},
{"type":"Feature","geometry":{"type":"Polygon","coordinates":[[[-77.25068371,38.74499569],[-77.25058657,38.74453194],[-77.25070678,38.74306269],[-77.25124447,38.74097454],[-77.25143212,38.74046577],[-77.25159961,38.74010919],[-77.25179062,38.73981053],[-77.25229323,38.73913485],[-77.25242367,38.73889184],[-77.25248078,38.73863157],[-77.25244895,38.73804082],[-77.2523489,38.73734088],[-77.25227979,38.73651339],[-77.2518797,38.73644749],[-77.2517487,38.73629949],[-77.2513557,38.73615349],[-77.2507657,38.73632049],[-77.2506177,38.73649449],[-77.2502767,38.73660549],[-77.2499687,38.73650349],[-77.2497967,38.73657549],[-77.2492097,38.73636749],[-77.2491917,38.73604949],[-77.2490747,38.73591449],[-77.2489657,38.73561549],[-77.2489337,38.73533549],[-77.2486997,38.73509149],[-77.2487857,38.73492649],[-77.2484917,38.73462249],[-77.2481007,38.73440749],[-77.2478057,38.73437949],[-77.2474417,38.73450849],[-77.2473687,38.73498449],[-77.2471037,38.73527649],[-77.2468487,38.73528749],[-77.2465107,38.73522149],[-77.2462727,38.73511549],[-77.2461877,38.73491149],[-77.2460057,38.73489149],[-77.2458907,38.73501149],[-77.2456247,38.73497849],[-77.2453947,38.73473249],[-77.2451707,38.73465549],[-77.2450517,38.73447949],[-77.2448437,38.73464849],[-77.2446637,38.73465849],[-77.2445237,38.73454549],[-77.2444607,38.73426649],[-77.2445657,38.73399049],[-77.2445367,38.73378849],[-77.2448307,38.73324949],[-77.2447167,38.73311449],[-77.2444217,38.73299249],[-77.2443637,38.73283349],[-77.2445327,38.73267949],[-77.2443027,38.73256049],[-77.2440307,38.73258049],[-77.2437807,38.73241549],[-77.2436147,38.73245849],[-77.2431777,38.73237049],[-77.2428997,38.73222349],[-77.2423477,38.73226749],[-77.2419817,38.73243649],[-77.2417787,38.73246949],[-77.2416587,38.73266749],[-77.2410097,38.73264849],[-77.2409467,38.73248349],[-77.2407407,38.73260249],[-77.2405717,38.73253949],[-77.2405047,38.73277649],[-77.2402717,38.73285749],[-77.2398297,38.73283249],[-77.2397027,38.73293149],[-77.2394147,38.73300949],[-77.2392047,38.73289749],[-77.2387327,38.73293149],[-77.2384997,38.73268349],[-77.23809069,38.73282849],[-77.23777169,38.73283649],[-77.23754069,38.73266649],[-77.23727369,38.73268349],[-77.23728369,38.73292649],[-77.23714869,38.73302749],[-77.23676169,38.73304449],[-77.23663369,38.73322449],[-77.23636169,38.73339649],[-77.23588669,38.73346549],[-77.23569769,38.73364949],[-77.23547469,38.73351649],[-77.23532369,38.73359849],[-77.23503969,38.73356849],[-77.23489069,38.73369249],[-77.23484569,38.73385649],[-77.23448369,38.73408549],[-77.23454169,38.73426949],[-77.23443369,38.73439249],[-77.23424469,38.73442349],[-77.23382969,38.73438949],[-77.23382969,38.73483249],[-77.23361169,38.73507349],[-77.23337469,38.73513949],[-77.23346669,38.73530949],[-77.23327569,38.73543449],[-77.23291969,38.73538049],[-77.23300769,38.73572649],[-77.23272069,38.73589649],[-77.23259969,38.73611049],[-77.23236569,38.73611349],[-77.23204069,38.73598349],[-77.23158369,38.73604749],[-77.23119569,38.73604549],[-77.23115469,38.73589249],[-77.23094669,38.73587749],[-77.23076169,38.73545549],[-77.23038269,38.73538349],[-77.23036569,38.73510149],[-77.23043369,38.73471349],[-77.23032369,38.73441049],[-77.23027369,38.73404749],[-77.23005469,38.73400949],[-77.22940369,38.73413749],[-77.22907569,38.73411849],[-77.22846069,38.73374949],[-77.22796669,38.73367149],[-77.22767969,38.73376849],[-77.22758669,38.73401149],[-77.22738269,38.73408649],[-77.22721969,38.73402349],[-77.22682069,38.73400049],[-77.22661969,38.73408749],[-77.22622269,38.73435149],[-77.22569769,38.73428949],[-77.22547369,38.73414449],[-77.22534269,38.73395249],[-77.22535869,38.73361149],[-77.22518369,38.73338949],[-77.22488869,38.73314949],[-77.22463669,38.73272449],[-77.22439269,38.73255549],[-77.22416669,38.73262449],[-77.22387769,38.73263349],[-77.22364369,38.73257649],[-77.22348569,38.73238349],[-77.22342069,38.73209149],[-77.22279669,38.73191549],[-77.22248568,38.73187249],[-77.22215568,38.73139149],[-77.22154168,38.73211649],[-77.22193269,38.73257349],[-77.22282569,38.73352249],[-77.22313195,38.73387727],[-77.22361218,38.73439794],[-77.22390891,38.73466755],[-77.22569283,38.73608884],[-77.22598975,38.73634883],[-77.22642255,38.73665697],[-77.2268889,38.73685289],[-77.2274509,38.73699355],[-77.22778887,38.73711393],[-77.22816754,38.73731164],[-77.22847211,38.737536],[-77.22871658,38.73778855],[-77.22895834,38.73819485],[-77.22913638,38.73883387],[-77.22932959,38.73920944],[-77.22965252,38.73958641],[-77.23023765,38.74000741],[-77.23094337,38.74035007],[-77.23138009,38.74063765],[-77.23153532,38.74078212],[-77.2321213,38.74155325],[-77.23259688,38.74202385],[-77.23299389,38.74257599],[-77.23338699,38.74295233],[-77.23382744,38.74322896],[-77.23450736,38.74344637],[-77.23519206,38.74359244],[-77.23673079,38.74382598],[-77.23763769,38.74389891],[-77.23788679,38.7438906],[-77.23857311,38.74394467],[-77.23912407,38.74391902],[-77.23995114,38.7437453],[-77.24055076,38.74354442],[-77.24125752,38.74323209],[-77.24140874,38.74320625],[-77.24209417,38.74291017],[-77.24280483,38.742775],[-77.24331672,38.74277774],[-77.24369078,38.74284216],[-77.24402873,38.74296661],[-77.24549085,38.74377314],[-77.24644406,38.74440807],[-77.24694027,38.74470721],[-77.2474445,38.74494876],[-77.24783148,38.74507784],[-77.24808792,38.74525221],[-77.24847332,38.74567373],[-77.24906699,38.74541096],[-77.25068371,38.74499569]]]},"properties":{"PREC_IDENT":618,"PREC_NAME":"NEWINGTON #1","DISTRICT":"Mount Vernon","cx":-77.23984591111993,"cy":38.73840764545937},"id":618},
{"type":"Feature","geometry":{"type":"Polygon","coordinates":[[[-77.21167564,38.71989798],[-77.21159134,38.71981674],[-77.21151934,38.71948774],[-77.21170202,38.71925596],[-77.21230441,38.7189799],[-77.21254152,38.7188223],[-77.21272802,38.71860946],[-77.21310204,38.71839356],[-77.21339561,38.71827957],[-77.21362944,38.71826797],[-77.21379772,38.71859573],[-77.21405434,38.71893374],[-77.21407434,38.71945774],[-77.21395934,38.71948474],[-77.21400234,38.71985974],[-77.21442834,38.72020074],[-77.21481434,38.72061874],[-77.21562434,38.72082274],[-77.21624834,38.72084474],[-77.21646034,38.72101774],[-77.21711034,38.72102174],[-77.21735834,38.72086474],[-77.21721834,38.72073374],[-77.21699634,38.72026674],[-77.21691434,38.71991274],[-77.21696434,38.71978874],[-77.21718334,38.71962174],[-77.21719934,38.71943274],[-77.21684734,38.71896574],[-77.21677534,38.71874574],[-77.21673034,38.71834174],[-77.21704034,38.71789374],[-77.21730134,38.71784874],[-77.21777234,38.71783974],[-77.21800834,38.71796774],[-77.21861034,38.71842474],[-77.21883534,38.71850874],[-77.21914834,38.71853574],[-77.21922834,38.71845474],[-77.21998434,38.71836774],[-77.22034634,38.71824774],[-77.22054834,38.71796374],[-77.22066834,38.71768474],[-77.22082834,38.71775274],[-77.22093134,38.71825574],[-77.22092534,38.71863574],[-77.22066934,38.71930074],[-77.22035834,38.71979074],[-77.22065934,38.72003774],[-77.22087234,38.72040974],[-77.22107934,38.72047674],[-77.22129934,38.72043074],[-77.22159634,38.72068074],[-77.22225034,38.72065574],[-77.22246234,38.72068774],[-77.22283434,38.72037774],[-77.22318034,38.72033474],[-77.22360134,38.72037974],[-77.22386834,38.72034974],[-77.22431134,38.72045074],[-77.22457634,38.72045374],[-77.22506134,38.72019574],[-77.22532134,38.72043474],[-77.22537734,38.72059174],[-77.22566434,38.72096074],[-77.22592634,38.72090474],[-77.22624934,38.72092074],[-77.22660234,38.72084274],[-77.22681034,38.72141374],[-77.22659134,38.72151774],[-77.22706734,38.72188574],[-77.22740834,38.72179974],[-77.22769934,38.72161974],[-77.22819635,38.72143474],[-77.22847634,38.72140874],[-77.22886734,38.72153674],[-77.22898034,38.72170874],[-77.22910734,38.72206274],[-77.22923534,38.72222274],[-77.22943134,38.72226974],[-77.22997034,38.72212174],[-77.23002134,38.72198074],[-77.23035335,38.72194774],[-77.23070235,38.72184174],[-77.23136312,38.72193105],[-77.23163361,38.72191534],[-77.23171818,38.72173479],[-77.23202307,38.72179278],[-77.23228974,38.72199912],[-77.23225789,38.72211303],[-77.23258606,38.72240829],[-77.2329838,38.72252688],[-77.23326347,38.72256047],[-77.23398903,38.72242757],[-77.23459332,38.72241084],[-77.23501717,38.72246141],[-77.23546936,38.72264606],[-77.2356161,38.72264029],[-77.23582533,38.72249978],[-77.23603701,38.72248759],[-77.23666335,38.72276469],[-77.23691843,38.72281317],[-77.23707688,38.72274317],[-77.23736326,38.72280336],[-77.23745701,38.72298142],[-77.23762678,38.72306023],[-77.23766648,38.72321265],[-77.2381573,38.7234433],[-77.23869877,38.72341417],[-77.23900796,38.72328352],[-77.23937886,38.72345577],[-77.24004107,38.72330615],[-77.24013255,38.72309834],[-77.24039404,38.72298177],[-77.24057612,38.72307701],[-77.24073554,38.72296712],[-77.24065474,38.72290515],[-77.23972186,38.7218808],[-77.23944925,38.72146477],[-77.23904445,38.72078192],[-77.2385906,38.72030849],[-77.23737992,38.71922649],[-77.23575972,38.71781777],[-77.23477542,38.71691926],[-77.2332297,38.71538394],[-77.23286195,38.71505503],[-77.23247033,38.71475707],[-77.23212942,38.71443774],[-77.23194618,38.71420072],[-77.23146715,38.71314243],[-77.23085581,38.71190961],[-77.23059517,38.7117064],[-77.23017362,38.71154713],[-77.22969055,38.71125529],[-77.22927167,38.71090182],[-77.22888123,38.71033159],[-77.22863331,38.70966935],[-77.22860408,38.70929189],[-77.22863378,38.70877605],[-77.22875367,38.70792924],[-77.22877775,38.70716196],[-77.22868689,38.70675043],[-77.22851416,38.70641078],[-77.22803895,38.70573558],[-77.22781232,38.70527314],[-77.22766068,38.70463848],[-77.22599234,38.70480974],[-77.22501234,38.70498674],[-77.22408689,38.70518362],[-77.22408114,38.7052011],[-77.22388134,38.70579874],[-77.22324534,38.70757474],[-77.22270034,38.70880974],[-77.22222234,38.70974374],[-77.22191134,38.71029774],[-77.22158134,38.71082374],[-77.22122334,38.71133674],[-77.22084234,38.71182974],[-77.22042934,38.71231174],[-77.21958534,38.71317574],[-77.21892434,38.71378374],[-77.21839234,38.71424574],[-77.21770934,38.71479974],[-77.21702334,38.71532174],[-77.21604134,38.71603674],[-77.21534634,38.71651074],[-77.21338334,38.71780074],[-77.21254234,38.71836474],[-77.21101734,38.71942374],[-77.21003834,38.72012774],[-77.20853836,38.72126809],[-77.20884207,38.72205718],[-77.20897654,38.72218223],[-77.209214,38.72223291],[-77.20951223,38.72163205],[-77.20993699,38.72101199],[-77.21022687,38.72068015],[-77.21049707,38.72046893],[-77.21102105,38.72017949],[-77.21167564,38.71989798]]]},"properties":{"PREC_IDENT":628,"PREC_NAME":"LAUREL HILL #1","DISTRICT":"Mount Vernon","cx":-77.22649206356708,"cy":38.715525170807794},"id":628},
{"type":"Feature","geometry":{"type":"Polygon","coordinates":[[[-77.43907405,38.89750712],[-77.43741352,38.89682559],[-77.43568082,38.8961399],[-77.43517471,38.89591152],[-77.43392461,38.89538395],[-77.43312807,38.89507467],[-77.43107079,38.89424729],[-77.42838165,38.89314777],[-77.4272533,38.8927091],[-77.42573331,38.89214466],[-77.42488799,38.8918129],[-77.42296035,38.89102227],[-77.41995598,38.88987297],[-77.41825146,38.88920513],[-77.41792281,38.88909776],[-77.41613114,38.88838652],[-77.41366856,38.88743565],[-77.41341284,38.8873549],[-77.41309441,38.88794777],[-77.41303741,38.88820677],[-77.41307541,38.88853177],[-77.41328291,38.88923753],[-77.41362032,38.89015779],[-77.41379141,38.89091777],[-77.41396141,38.89160177],[-77.41422409,38.89252492],[-77.41427541,38.89283477],[-77.41475641,38.89465477],[-77.41492841,38.89515577],[-77.41509641,38.89594577],[-77.41542769,38.89713568],[-77.41559434,38.89786735],[-77.41582062,38.89870557],[-77.41586592,38.89896273],[-77.41614041,38.89991877],[-77.41667641,38.90193677],[-77.41714541,38.90376177],[-77.41734141,38.90428477],[-77.41801441,38.90555177],[-77.41842042,38.90634177],[-77.41864141,38.90673477],[-77.41899041,38.90744977],[-77.41994941,38.90921877],[-77.42010741,38.90955777],[-77.42060042,38.91047577],[-77.42085642,38.91065277],[-77.42154442,38.91094177],[-77.42108242,38.91231977],[-77.42004942,38.91565777],[-77.41984341,38.91620378],[-77.41937442,38.91730777],[-77.41902942,38.91825878],[-77.41861142,38.91932778],[-77.41817042,38.92028278],[-77.41778141,38.92125978],[-77.41722742,38.92254478],[-77.41679842,38.92366478],[-77.41884741,38.92498378],[-77.41948042,38.92537278],[-77.42196642,38.92700578],[-77.42225742,38.92721778],[-77.42405242,38.92840278],[-77.42615342,38.92983678],[-77.42674042,38.93017578],[-77.42726842,38.93038478],[-77.42759442,38.93047078],[-77.42842442,38.93053378],[-77.42939842,38.93055478],[-77.42940442,38.93165778],[-77.42938542,38.93199478],[-77.42923242,38.94107678],[-77.4290814,38.94647923],[-77.42925035,38.94656438],[-77.42997642,38.94668678],[-77.43068442,38.94690778],[-77.43084742,38.94700278],[-77.43142842,38.94745678],[-77.43173642,38.94779778],[-77.43206142,38.94849378],[-77.43219242,38.94905678],[-77.43216242,38.95038778],[-77.43219142,38.95120578],[-77.43216442,38.95222578],[-77.43221293,38.95267824],[-77.43720937,38.94760491],[-77.43880894,38.94596634],[-77.44137054,38.94337351],[-77.44691242,38.93751778],[-77.45371343,38.93071878],[-77.45684803,38.92771508],[-77.46048153,38.92400764],[-77.46566516,38.91873185],[-77.4672095,38.91717754],[-77.4680301,38.91633078],[-77.47310159,38.91122184],[-77.47047391,38.9101369],[-77.46912521,38.90958825],[-77.4682549,38.90925522],[-77.46373348,38.90743746],[-77.45963848,38.90579493],[-77.45905861,38.90555364],[-77.45764679,38.90500705],[-77.45701803,38.9047461],[-77.45472961,38.90382648],[-77.44863364,38.90135157],[-77.44745265,38.90089067],[-77.44633135,38.9004344],[-77.44515725,38.89998452],[-77.44381608,38.89942741],[-77.44168532,38.89856249],[-77.44063016,38.89815345],[-77.43907405,38.89750712]]]},"properties":{"PREC_IDENT":927,"PREC_NAME":"ARMFIELD","DISTRICT":"Sully","cx":-77.43893499000815,"cy":38.91677874410242},"id":927},
{"type":"Feature","geometry":{"type":"Polygon","coordinates":[[[-77.42388662,38.94220274],[-77.42395897,38.94237637],[-77.42422022,38.94275072],[-77.42438339,38.94281287],[-77.42481182,38.9427309],[-77.42493974,38.94277043],[-77.42509978,38.94298948],[-77.42509696,38.9431355],[-77.42484872,38.94325735],[-77.42481823,38.94348775],[-77.42506307,38.94371932],[-77.42520856,38.94400104],[-77.42540646,38.94415302],[-77.42554726,38.9441378],[-77.42575685,38.94392246],[-77.42574418,38.94367431],[-77.42622656,38.94380127],[-77.42643069,38.94392719],[-77.42670489,38.94387275],[-77.42696071,38.94403085],[-77.42731118,38.94413798],[-77.42740332,38.94438365],[-77.42729902,38.94469422],[-77.42736329,38.94480318],[-77.42738379,38.94526141],[-77.42759037,38.94533373],[-77.4277585,38.94556561],[-77.42766985,38.94585274],[-77.42783933,38.94604995],[-77.4279267,38.94625782],[-77.42821551,38.94626767],[-77.42861549,38.94646106],[-77.42890077,38.94639688],[-77.4290814,38.94647923],[-77.42923242,38.94107678],[-77.42938542,38.93199478],[-77.42940442,38.93165778],[-77.42939842,38.93055478],[-77.42842442,38.93053378],[-77.42759442,38.93047078],[-77.42726842,38.93038478],[-77.42674042,38.93017578],[-77.42615342,38.92983678],[-77.42405242,38.92840278],[-77.42225742,38.92721778],[-77.42196642,38.92700578],[-77.41948042,38.92537278],[-77.41884741,38.92498378],[-77.41679842,38.92366478],[-77.41722742,38.92254478],[-77.41778141,38.92125978],[-77.41817042,38.92028278],[-77.41861142,38.91932778],[-77.41902942,38.91825878],[-77.41937442,38.91730777],[-77.41984341,38.91620378],[-77.42004942,38.91565777],[-77.42108242,38.91231977],[-77.42154442,38.91094177],[-77.42085642,38.91065277],[-77.42060042,38.91047577],[-77.42010741,38.90955777],[-77.41994941,38.90921877],[-77.41899041,38.90744977],[-77.41864141,38.90673477],[-77.41842042,38.90634177],[-77.41797341,38.90647977],[-77.41755341,38.90652677],[-77.41684641,38.90652377],[-77.41654441,38.90655777],[-77.41612441,38.90669577],[-77.41585641,38.90686577],[-77.41559441,38.90715577],[-77.41535241,38.90761277],[-77.41514941,38.90786977],[-77.41495741,38.90802477],[-77.41433941,38.90832577],[-77.41385841,38.90867977],[-77.41356741,38.90903177],[-77.41303641,38.90950977],[-77.41274841,38.90972977],[-77.41228741,38.90997777],[-77.41163441,38.91016977],[-77.41141141,38.91027177],[-77.41122241,38.91015077],[-77.41113241,38.90964577],[-77.41083641,38.90900977],[-77.41052341,38.90896477],[-77.41045441,38.90915377],[-77.40988341,38.90900277],[-77.40927011,38.90890779],[-77.40922396,38.90932578],[-77.40886122,38.91032788],[-77.40877183,38.91047383],[-77.40846274,38.91078415],[-77.40782583,38.91115942],[-77.40744443,38.91155574],[-77.40720282,38.91172785],[-77.4067018,38.91193558],[-77.40642108,38.91210107],[-77.40617541,38.91233677],[-77.40595041,38.91285977],[-77.40591481,38.91321976],[-77.40594341,38.91350577],[-77.40606341,38.91388377],[-77.40623481,38.91418003],[-77.40644241,38.91442978],[-77.40669056,38.91460661],[-77.40719641,38.91486577],[-77.40753704,38.91452671],[-77.40810066,38.91416084],[-77.40844641,38.91401177],[-77.40889218,38.91388262],[-77.40935718,38.9138128],[-77.41114741,38.91366277],[-77.41110341,38.91401877],[-77.41112138,38.91429084],[-77.41104141,38.91452377],[-77.41097541,38.91508577],[-77.41098648,38.91527288],[-77.41116983,38.91550412],[-77.41155441,38.91579378],[-77.41228524,38.91628269],[-77.41246441,38.91632777],[-77.41284513,38.91667862],[-77.41335341,38.91725778],[-77.41317941,38.91816578],[-77.41312312,38.91864267],[-77.41293041,38.91886078],[-77.41280541,38.91941778],[-77.41255696,38.92013385],[-77.41207267,38.92112989],[-77.41195133,38.9212972],[-77.41194541,38.92149977],[-77.41181041,38.92155478],[-77.41177841,38.92176578],[-77.41137678,38.92221667],[-77.41120358,38.92287141],[-77.41130941,38.92305578],[-77.41127465,38.92335016],[-77.41113941,38.92368078],[-77.41109859,38.92391059],[-77.41118486,38.92405907],[-77.41112929,38.9241884],[-77.41156315,38.92428688],[-77.4118569,38.92414657],[-77.41249765,38.92439722],[-77.41249179,38.92473749],[-77.4123867,38.92502621],[-77.41240312,38.92515772],[-77.4126766,38.92523708],[-77.41266184,38.92543177],[-77.41239313,38.92579317],[-77.41275874,38.92607721],[-77.41296691,38.92647155],[-77.41282837,38.92677298],[-77.41322672,38.92689386],[-77.41347411,38.92690205],[-77.413416,38.92727852],[-77.41351463,38.92744161],[-77.41378406,38.92755229],[-77.41387945,38.92795676],[-77.41399714,38.92800335],[-77.41428098,38.92795421],[-77.41459319,38.9281836],[-77.41459595,38.9283101],[-77.41440717,38.92842627],[-77.41440034,38.92861254],[-77.41461074,38.9286124],[-77.41495483,38.92873832],[-77.41550339,38.92910167],[-77.41561342,38.92943233],[-77.41605677,38.92972682],[-77.41629152,38.92962714],[-77.41642678,38.92966807],[-77.41654001,38.9299521],[-77.41653177,38.93020893],[-77.41708954,38.93032981],[-77.41739929,38.93033665],[-77.41783795,38.93048619],[-77.41791852,38.93066591],[-77.41777418,38.9308675],[-77.41796386,38.93108354],[-77.41799039,38.93140343],[-77.41829192,38.93151022],[-77.41860643,38.93149137],[-77.4187726,38.93134718],[-77.41942941,38.93196802],[-77.41967653,38.93226825],[-77.41969109,38.93283906],[-77.41962854,38.93300991],[-77.41972461,38.93320463],[-77.42011973,38.93320461],[-77.42022471,38.93327832],[-77.42031392,38.93352983],[-77.42024971,38.93369479],[-77.42040931,38.93396971],[-77.42068775,38.9340033],[-77.42068143,38.93429022],[-77.42047797,38.93436529],[-77.42039474,38.9346909],[-77.42075086,38.93486988],[-77.42062985,38.93519221],[-77.420696,38.93538456],[-77.42092597,38.9356502],[-77.42085507,38.93580408],[-77.42110938,38.93609485],[-77.42145941,38.93619982],[-77.4216722,38.9361965],[-77.42180819,38.936674],[-77.42191162,38.93677904],[-77.42211137,38.93669364],[-77.42226768,38.93676191],[-77.42245942,38.93716758],[-77.42247294,38.93736785],[-77.42236919,38.93755406],[-77.42240125,38.93789586],[-77.4230277,38.9384113],[-77.4231367,38.93864257],[-77.423881,38.93870013],[-77.42415715,38.93939072],[-77.42431768,38.93987857],[-77.42436566,38.94022633],[-77.42436219,38.94056772],[-77.42457698,38.94112054],[-77.42476029,38.94121783],[-77.42482349,38.94141125],[-77.42441811,38.94158575],[-77.42437149,38.94182729],[-77.42396134,38.94194677],[-77.42388662,38.94220274]]]},"properties":{"PREC_IDENT":931,"PREC_NAME":"CARSON","DISTRICT":"Sully","cx":-77.4159545550396,"cy":38.913142406927825},"id":931},
{"type":"Feature","geometry":{"type":"Polygon","coordinates":[[[-77.2104657,38.93106849],[-77.21324101,38.93206667],[-77.2138009,38.93228003],[-77.21538353,38.93283692],[-77.21590798,38.93299918],[-77.21712263,38.93329527],[-77.21782649,38.93345261],[-77.21905303,38.93367468],[-77.22010215,38.93379183],[-77.2215218,38.93383199],[-77.22279146,38.93380598],[-77.2253631,38.93371445],[-77.22640159,38.93363921],[-77.22807283,38.93356806],[-77.22886768,38.93355195],[-77.23161506,38.93346218],[-77.23303936,38.93350779],[-77.23301236,38.93322879],[-77.23288136,38.93263379],[-77.23275136,38.93185879],[-77.23267836,38.93135179],[-77.23245036,38.93047578],[-77.23233636,38.93017578],[-77.23208236,38.92966378],[-77.23173236,38.92834778],[-77.23165336,38.92777078],[-77.23147836,38.92721178],[-77.2312011,38.9267524],[-77.23117336,38.92671378],[-77.23023336,38.92732178],[-77.23000136,38.92744678],[-77.22854136,38.92839878],[-77.22818236,38.92856878],[-77.22758736,38.92873778],[-77.22647336,38.92885278],[-77.22582636,38.92884678],[-77.22489236,38.92872678],[-77.22426936,38.92856778],[-77.22369035,38.92835578],[-77.22314935,38.92808978],[-77.22278635,38.92786778],[-77.21895335,38.92521678],[-77.21788635,38.92447278],[-77.21769535,38.92421778],[-77.21767835,38.92391478],[-77.21791935,38.92358078],[-77.21879335,38.92289978],[-77.21902035,38.92277278],[-77.21882135,38.92230878],[-77.21887635,38.92109478],[-77.21886135,38.92073178],[-77.21675935,38.92155178],[-77.21645935,38.92170978],[-77.21578135,38.92194278],[-77.21546837,38.92266213],[-77.21490512,38.92383256],[-77.21435835,38.92485478],[-77.21380375,38.92579957],[-77.21321757,38.92672953],[-77.21190307,38.92867163],[-77.21123767,38.92970369],[-77.2104657,38.93106849]]]},"properties":{"PREC_IDENT":738,"PREC_NAME":"JONES BRANCH","DISTRICT":"Providence","cx":-77.21888673297835,"cy":38.92979497096796},"id":738},
{"type":"Feature","geometry":{"type":"Polygon","coordinates":[[[-77.06850033,38.78784231],[-77.06861646,38.7875908],[-77.06837337,38.78746426],[-77.06774463,38.78785065],[-77.06764266,38.78803752],[-77.06778658,38.78838666],[-77.06783074,38.78863572],[-77.06784971,38.78927554],[-77.06755238,38.78962427],[-77.06759615,38.78975874],[-77.06828446,38.79018234],[-77.06884304,38.79049147],[-77.06920635,38.79053991],[-77.06956076,38.79067311],[-77.069939,38.79094778],[-77.07027176,38.79105707],[-77.07036316,38.79125526],[-77.07077329,38.79128513],[-77.07085078,38.79119997],[-77.07071834,38.79072959],[-77.07101016,38.79073386],[-77.07126349,38.79063255],[-77.07139571,38.7903523],[-77.07167773,38.79018544],[-77.07184609,38.78995598],[-77.0718101,38.78963018],[-77.07196802,38.78957308],[-77.0723192,38.78907987],[-77.0722016,38.78884692],[-77.0722635,38.78873381],[-77.07253715,38.7886922],[-77.07239499,38.78846469],[-77.07215588,38.78844073],[-77.07155774,38.7881541],[-77.07119314,38.78804825],[-77.07084,38.78817788],[-77.07052149,38.78808981],[-77.07015814,38.78804425],[-77.06976738,38.78790172],[-77.06917331,38.78777967],[-77.06875309,38.78788935],[-77.06850033,38.78784231]]]},"properties":{"PREC_IDENT":637,"PREC_NAME":"MONTEBELLO","DISTRICT":"Mount Vernon","cx":-77.06988264510247,"cy":38.78925865280885},"id":637}
]}