Locality,PrecinctCode,PrecinctName,ActiveVoters,InactiveVoters,AllVoters,MilitaryVoters,OverseasVoters,TempVoters,TotalPrecinctsInLocality,TotalActiveVotersPrecinctLocality,TotalInActiveVotersPrecinctLocality,TotalAllVotersPrecinctLocality,TotalMilitaryVotersPrecinctLocality,TotalOverseasVotersPrecinctLocality,TotalFederalVotersPrecinctLocality,StateTotalLocality,TotalActiveVotersLocality,TotalInActiveVotersLocality,TotalAllVotersLocality,TotalMilitaryVotersLocality,TotalOverseasVotersLocality,TotalFederalVotersLocality,StateTotalPrecincts
Locality: 001 ACCOMACK COUNTY,0101,101 - CHINCOTEAGUE,"2,870",164,"3,034",68,9,8,16,"24,910","1,264","26,174",381,29,48,133,"6,042,361","407,886","6,450,247","144,362","22,392","12,814","2,532"
Locality: 001 ACCOMACK COUNTY,0201,201 - ATLANTIC,999,49,"1,048",24,2,1,16,"24,910","1,264","26,174",381,29,48,133,"6,042,361","407,886","6,450,247","144,362","22,392","12,814","2,532"
Locality: 001 ACCOMACK COUNTY,0202,202 - GREENBACKVILLE,"1,983",141,"2,124",40,,3,16,"24,910","1,264","26,174",381,29,48,133,"6,042,361","407,886","6,450,247","144,362","22,392","12,814","2,532"
Locality: 001 ACCOMACK COUNTY,0301,301 - NEW CHURCH,"2,777",158,"2,935",29,,1,16,"24,910","1,264","26,174",381,29,48,133,"6,042,361","407,886","6,450,247","144,362","22,392","12,814","2,532"
Locality: 001 ACCOMACK COUNTY,0401,401 - BLOXOM,"1,138",54,"1,192",14,,1,16,"24,910","1,264","26,174",381,29,48,133,"6,042,361","407,886","6,450,247","144,362","22,392","12,814","2,532"
Locality: 001 ACCOMACK COUNTY,0402,402 - PARKSLEY,"1,134",43,"1,177",16,1,2,16,"24,910","1,264","26,174",381,29,48,133,"6,042,361","407,886","6,450,247","144,362","22,392","12,814","2,532"
Locality: 001 ACCOMACK COUNTY,0403,403 - SAXIS,337,14,351,2,,,16,"24,910","1,264","26,174",381,29,48,133,"6,042,361","407,886","6,450,247","144,362","22,392","12,814","2,532"
Locality: 001 ACCOMACK COUNTY,0501,501 - MAPPSVILLE,"1,216",56,"1,272",12,2,1,16,"24,910","1,264","26,174",381,29,48,133,"6,042,361","407,886","6,450,247","144,362","22,392","12,814","2,532"
Locality: 001 ACCOMACK COUNTY,0502,502 - RUE,"1,013",108,"1,121",18,,,16,"24,910","1,264","26,174",381,29,48,133,"6,042,361","407,886","6,450,247","144,362","22,392","12,814","2,532"
Locality: 001 ACCOMACK COUNTY,0601,601 - ACCOMAC,"2,209",100,"2,309",33,5,2,16,"24,910","1,264","26,174",381,29,48,133,"6,042,361","407,886","6,450,247","144,362","22,392","12,814","2,532"
Locality: 001 ACCOMACK COUNTY,0602,602 - TANGIER,291,10,301,10,,2,16,"24,910","1,264","26,174",381,29,48,133,"6,042,361","407,886","6,450,247","144,362","22,392","12,814","2,532"
Locality: 001 ACCOMACK COUNTY,0701,701 - NANDUA,"2,951",145,"3,096",39,4,15,16,"24,910","1,264","26,174",381,29,48,133,"6,042,361","407,886","6,450,247","144,362","22,392","12,814","2,532"
Locality: 001 ACCOMACK COUNTY,0801,801 - BOBTOWN,970,37,"1,007",10,1,8,16,"24,910","1,264","26,174",381,29,48,133,"6,042,361","407,886","6,450,247","144,362","22,392","12,814","2,532"
Locality: 001 ACCOMACK COUNTY,0802,802 - MELFA,"1,324",59,"1,383",15,1,1,16,"24,910","1,264","26,174",381,29,48,133,"6,042,361","407,886","6,450,247","144,362","22,392","12,814","2,532"
Locality: 001 ACCOMACK COUNTY,0803,803 - WACHAPREAGUE,825,26,851,9,2,,16,"24,910","1,264","26,174",381,29,48,133,"6,042,361","407,886","6,450,247","144,362","22,392","12,814","2,532"
Locality: 001 ACCOMACK COUNTY,0901,901 - PAINTER,"2,873",100,"2,973",42,2,3,16,"24,910","1,264","26,174",381,29,48,133,"6,042,361","407,886","6,450,247","144,362","22,392","12,814","2,532"
Locality: 003 ALBEMARLE COUNTY,0101,101 - WOODBROOK,"2,969",204,"3,173",25,13,1,30,"85,635","5,087","90,722",947,608,246,133,"6,042,361","407,886","6,450,247","144,362","22,392","12,814","2,532"
Locality: 003 ALBEMARLE COUNTY,0103,103 - BRANCHLANDS,"1,161",196,"1,357",10,3,6,30,"85,635","5,087","90,722",947,608,246,133,"6,042,361","407,886","6,450,247","144,362","22,392","12,814","2,532"
Locality: 003 ALBEMARLE COUNTY,0104,104 - AGNOR-HURT,"2,604",214,"2,818",30,12,4,30,"85,635","5,087","90,722",947,608,246,133,"6,042,361","407,886","6,450,247","144,362","22,392","12,814","2,532"
Locality: 003 ALBEMARLE COUNTY,0105,105 - DUNLORA,"3,814",238,"4,052",25,26,11,30,"85,635","5,087","90,722",947,608,246,133,"6,042,361","407,886","6,450,247","144,362","22,392","12,814","2,532"
Locality: 003 ALBEMARLE COUNTY,0106,106 - NORTHSIDE,"3,031",164,"3,195",49,22,7,30,"85,635","5,087","90,722",947,608,246,133,"6,042,361","407,886","6,450,247","144,362","22,392","12,814","2,532"
Locality: 003 ALBEMARLE COUNTY,0201,201 - JACK JOUETT,"3,606",183,"3,789",26,36,32,30,"85,635","5,087","90,722",947,608,246,133,"6,042,361","407,886","6,450,247","144,362","22,392","12,814","2,532"
Locality: 003 ALBEMARLE COUNTY,0202,202 - UNIVERSITY,"4,244",412,"4,656",33,44,18,30,"85,635","5,087","90,722",947,608,246,133,"6,042,361","407,886","6,450,247","144,362","22,392","12,814","2,532"
Locality: 003 ALBEMARLE COUNTY,0203,203 - GEORGETOWN,"3,342",403,"3,745",36,24,18,30,"85,635","5,087","90,722",947,608,246,133,"6,042,361","407,886","6,450,247","144,362","22,392","12,814","2,532"
Locality: 003 ALBEMARLE COUNTY,0301,301 - IVY,"4,033",153,"4,186",37,52,20,30,"85,635","5,087","90,722",947,608,246,133,"6,042,361","407,886","6,450,247","144,362","22,392","12,814","2,532"
Locality: 003 ALBEMARLE COUNTY,0302,302 - RED HILL,"3,279",114,"3,393",23,34,8,30,"85,635","5,087","90,722",947,608,246,133,"6,042,361","407,886","6,450,247","144,362","22,392","12,814","2,532"
Locality: 003 ALBEMARLE COUNTY,0304,304 - EAST IVY,"1,100",44,"1,144",7,14,3,30,"85,635","5,087","90,722",947,608,246,133,"6,042,361","407,886","6,450,247","144,362","22,392","12,814","2,532"
Locality: 003 ALBEMARLE COUNTY,0305,305 - COUNTRY GREEN,"3,100",159,"3,259",30,16,3,30,"85,635","5,087","90,722",947,608,246,133,"6,042,361","407,886","6,450,247","144,362","22,392","12,814","2,532"
Locality: 003 ALBEMARLE COUNTY,0306,306 - PORTERS,"1,706",63,"1,769",16,10,1,30,"85,635","5,087","90,722",947,608,246,133,"6,042,361","407,886","6,450,247","144,362","22,392","12,814","2,532"
Locality: 003 ALBEMARLE COUNTY,0307,307 - YELLOW MOUNTAIN,"1,295",47,"1,342",11,8,6,30,"85,635","5,087","90,722",947,608,246,133,"6,042,361","407,886","6,450,247","144,362","22,392","12,814","2,532"
Locality: 003 ALBEMARLE COUNTY,0401,401 - SCOTTSVILLE,"1,876",64,"1,940",11,9,5,30,"85,635","5,087","90,722",947,608,246,133,"6,042,361","407,886","6,450,247","144,362","22,392","12,814","2,532"
Locality: 003 ALBEMARLE COUNTY,0402,402 - MONTICELLO,"1,659",66,"1,725",14,8,3,30,"85,635","5,087","90,722",947,608,246,133,"6,042,361","407,886","6,450,247","144,362","22,392","12,814","2,532"
Locality: 003 ALBEMARLE COUNTY,0405,405 - MOUNTAIN VIEW,"4,286",359,"4,645",43,39,15,30,"85,635","5,087","90,722",947,608,246,133,"6,042,361","407,886","6,450,247","144,362","22,392","12,814","2,532"
Locality: 003 ALBEMARLE COUNTY,0406,406 - STONE ROBINSON,"3,510",138,"3,648",37,20,8,30,"85,635","5,087","90,722",947,608,246,133,"6,042,361","407,886","6,450,247","144,362","22,392","12,814","2,532"
Locality: 003 ALBEMARLE COUNTY,0407,407 - BISCUIT RUN,"2,361",331,"2,692",27,10,6,30,"85,635","5,087","90,722",947,608,246,133,"6,042,361","407,886","6,450,247","144,362","22,392","12,814","2,532"
Locality: 003 ALBEMARLE COUNTY,0501,501 - KESWICK,"1,574",72,"1,646",20,13,3,30,"85,635","5,087","90,722",947,608,246,133,"6,042,361","407,886","6,450,247","144,362","22,392","12,814","2,532"
Locality: 003 ALBEMARLE COUNTY,0502,502 - STONY POINT,"1,665",47,"1,712",25,14,7,30,"85,635","5,087","90,722",947,608,246,133,"6,042,361","407,886","6,450,247","144,362","22,392","12,814","2,532"
Locality: 003 ALBEMARLE COUNTY,0503,503 - HOLLYMEAD,"3,287",201,"3,488",64,23,6,30,"85,635","5,087","90,722",947,608,246,133,"6,042,361","407,886","6,450,247","144,362","22,392","12,814","2,532"
Locality: 003 ALBEMARLE COUNTY,0504,504 - FREE BRIDGE,"2,306",206,"2,512",21,18,2,30,"85,635","5,087","90,722",947,608,246,133,"6,042,361","407,886","6,450,247","144,362","22,392","12,814","2,532"
Locality: 003 ALBEMARLE COUNTY,0506,506 - BAKER-BUTLER,"5,292",237,"5,529",114,24,9,30,"85,635","5,087","90,722",947,608,246,133,"6,042,361","407,886","6,450,247","144,362","22,392","12,814","2,532"
Locality: 003 ALBEMARLE COUNTY,0507,507 - PANTOPS,"2,160",93,"2,253",17,12,2,30,"85,635","5,087","90,722",947,608,246,133,"6,042,361","407,886","6,450,247","144,362","22,392","12,814","2,532"
Locality: 003 ALBEMARLE COUNTY,0601,601 - CROZET,"4,011",132,"4,143",51,32,9,30,"85,635","5,087","90,722",947,608,246,133,"6,042,361","407,886","6,450,247","144,362","22,392","12,814","2,532"
Locality: 003 ALBEMARLE COUNTY,0602,602 - FREE UNION,"1,557",49,"1,606",14,13,9,30,"85,635","5,087","90,722",947,608,246,133,"6,042,361","407,886","6,450,247","144,362","22,392","12,814","2,532"
Locality: 003 ALBEMARLE COUNTY,0603,603 - EARLYSVILLE,"3,406",121,"3,527",47,26,10,30,"85,635","5,087","90,722",947,608,246,133,"6,042,361","407,886","6,450,247","144,362","22,392","12,814","2,532"
Locality: 003 ALBEMARLE COUNTY,0604,604 - BROWNSVILLE,"3,396",195,"3,591",36,18,7,30,"85,635","5,087","90,722",947,608,246,133,"6,042,361","407,886","6,450,247","144,362","22,392","12,814","2,532"
Locality: 003 ALBEMARLE COUNTY,0606,606 - MECHUMS RIVER,"4,005",182,"4,187",48,15,7,30,"85,635","5,087","90,722",947,608,246,133,"6,042,361","407,886","6,450,247","144,362","22,392","12,814","2,532"
Locality: 005 ALLEGHANY COUNTY,0101,101 - ARRITT,"1,160",35,"1,195",4,2,1,12,"10,909",400,"11,309",56,7,5,133,"6,042,361","407,886","6,450,247","144,362","22,392","12,814","2,532"
Locality: 005 ALLEGHANY COUNTY,0103,103 - DAMERON,421,9,430,1,,,12,"10,909",400,"11,309",56,7,5,133,"6,042,361","407,886","6,450,247","144,362","22,392","12,814","2,532"
Locality: 005 ALLEGHANY COUNTY,0201,201 - HUMPBACK BRIDGE,608,28,636,6,1,,12,"10,909",400,"11,309",56,7,5,133,"6,042,361","407,886","6,450,247","144,362","22,392","12,814","2,532"
Locality: 005 ALLEGHANY COUNTY,0202,202 - DOLLY ANN,926,28,954,3,1,,12,"10,909",400,"11,309",56,7,5,133,"6,042,361","407,886","6,450,247","144,362","22,392","12,814","2,532"
Locality: 005 ALLEGHANY COUNTY,0301,301 - CALLAGHAN,707,21,728,4,,,12,"10,909",400,"11,309",56,7,5,133,"6,042,361","407,886","6,450,247","144,362","22,392","12,814","2,532"
Locality: 005 ALLEGHANY COUNTY,0302,302 - GRIFFITH,813,29,842,4,,,12,"10,909",400,"11,309",56,7,5,133,"6,042,361","407,886","6,450,247","144,362","22,392","12,814","2,532"
Locality: 005 ALLEGHANY COUNTY,0401,401 - LOW MOOR,750,26,776,3,1,1,12,"10,909",400,"11,309",56,7,5,133,"6,042,361","407,886","6,450,247","144,362","22,392","12,814","2,532"
Locality: 005 ALLEGHANY COUNTY,0402,402 - JACKSON HEIGHTS,"1,010",33,"1,043",7,,,12,"10,909",400,"11,309",56,7,5,133,"6,042,361","407,886","6,450,247","144,362","22,392","12,814","2,532"
Locality: 005 ALLEGHANY COUNTY,0501,501 - IRON GATE,386,8,394,1,,,12,"10,909",400,"11,309",56,7,5,133,"6,042,361","407,886","6,450,247","144,362","22,392","12,814","2,532"
Locality: 005 ALLEGHANY COUNTY,0502,502 - PETERS SWITCH,"1,246",32,"1,278",9,,,12,"10,909",400,"11,309",56,7,5,133,"6,042,361","407,886","6,450,247","144,362","22,392","12,814","2,532"
Locality: 005 ALLEGHANY COUNTY,0601,601 - DISTRICT 1,"1,328",71,"1,399",4,2,1,12,"10,909",400,"11,309",56,7,5,133,"6,042,361","407,886","6,450,247","144,362","22,392","12,814","2,532"
Locality: 005 ALLEGHANY COUNTY,0701,701 - DISTRICT 2,"1,554",80,"1,634",10,,2,12,"10,909",400,"11,309",56,7,5,133,"6,042,361","407,886","6,450,247","144,362","22,392","12,814","2,532"
Locality: 007 AMELIA COUNTY,0101,101 - NUMBER ONE,"1,859",67,"1,926",28,,,5,"10,377",292,"10,669",152,10,5,133,"6,042,361","407,886","6,450,247","144,362","22,392","12,814","2,532"
Locality: 007 AMELIA COUNTY,0201,201 - NUMBER TWO,"2,016",39,"2,055",30,3,2,5,"10,377",292,"10,669",152,10,5,133,"6,042,361","407,886","6,450,247","144,362","22,392","12,814","2,532"
Locality: 007 AMELIA COUNTY,0301,301 - NUMBER THREE,"2,120",54,"2,174",40,4,1,5,"10,377",292,"10,669",152,10,5,133,"6,042,361","407,886","6,450,247","144,362","22,392","12,814","2,532"
Locality: 007 AMELIA COUNTY,0401,401 - NUMBER FOUR,"2,252",73,"2,325",24,3,1,5,"10,377",292,"10,669",152,10,5,133,"6,042,361","407,886","6,450,247","144,362","22,392","12,814","2,532"
Locality: 007 AMELIA COUNTY,0501,501 - NUMBER FIVE,"2,130",59,"2,189",30,,1,5,"10,377",292,"10,669",152,10,5,133,"6,042,361","407,886","6,450,247","144,362","22,392","12,814","2,532"
Locality: 009 AMHERST COUNTY,0101,101 - WRIGHT SHOP,"1,595",53,"1,648",14,,1,12,"23,289",740,"24,029",233,22,20,133,"6,042,361","407,886","6,450,247","144,362","22,392","12,814","2,532"
Locality: 009 AMHERST COUNTY,0102,102 - NEW GLASGOW,"2,100",52,"2,152",19,,1,12,"23,289",740,"24,029",233,22,20,133,"6,042,361","407,886","6,450,247","144,362","22,392","12,814","2,532"
Locality: 009 AMHERST COUNTY,0103,103 - COOLWELL,990,28,"1,018",9,,,12,"23,289",740,"24,029",233,22,20,133,"6,042,361","407,886","6,450,247","144,362","22,392","12,814","2,532"
Locality: 009 AMHERST COUNTY,0201,201 - COURT HOUSE,"1,624",45,"1,669",20,3,8,12,"23,289",740,"24,029",233,22,20,133,"6,042,361","407,886","6,450,247","144,362","22,392","12,814","2,532"
Locality: 009 AMHERST COUNTY,0202,202 - TEMPERANCE,"1,219",28,"1,247",11,,,12,"23,289",740,"24,029",233,22,20,133,"6,042,361","407,886","6,450,247","144,362","22,392","12,814","2,532"
Locality: 009 AMHERST COUNTY,0203,203 - TOWN OF AMHERST,"1,613",53,"1,666",14,2,2,12,"23,289",740,"24,029",233,22,20,133,"6,042,361","407,886","6,450,247","144,362","22,392","12,814","2,532"
Locality: 009 AMHERST COUNTY,0301,301 - MONROE,"1,251",48,"1,299",6,2,1,12,"23,289",740,"24,029",233,22,20,133,"6,042,361","407,886","6,450,247","144,362","22,392","12,814","2,532"
Locality: 009 AMHERST COUNTY,0302,302 - ELON,"3,029",82,"3,111",42,8,1,12,"23,289",740,"24,029",233,22,20,133,"6,042,361","407,886","6,450,247","144,362","22,392","12,814","2,532"
Locality: 009 AMHERST COUNTY,0303,303 - PLEASANT VIEW,790,16,806,12,,,12,"23,289",740,"24,029",233,22,20,133,"6,042,361","407,886","6,450,247","144,362","22,392","12,814","2,532"
Locality: 009 AMHERST COUNTY,0401,401 - AMELON,"3,366",110,"3,476",38,5,2,12,"23,289",740,"24,029",233,22,20,133,"6,042,361","407,886","6,450,247","144,362","22,392","12,814","2,532"
Locality: 009 AMHERST COUNTY,0402,402 - LONCO,"1,257",48,"1,305",9,,,12,"23,289",740,"24,029",233,22,20,133,"6,042,361","407,886","6,450,247","144,362","22,392","12,814","2,532"
Locality: 009 AMHERST COUNTY,0501,501 - MADISON,"4,455",177,"4,632",39,2,4,12,"23,289",740,"24,029",233,22,20,133,"6,042,361","407,886","6,450,247","144,362","22,392","12,814","2,532"
Locality: 011 APPOMATTOX COUNTY,0101,101 - VERA,834,37,871,8,1,,8,"12,617",475,"13,092",128,12,,133,"6,042,361","407,886","6,450,247","144,362","22,392","12,814","2,532"
Locality: 011 APPOMATTOX COUNTY,0102,102 - PAMPLIN,"1,645",71,"1,716",15,3,,8,"12,617",475,"13,092",128,12,,133,"6,042,361","407,886","6,450,247","144,362","22,392","12,814","2,532"
Locality: 011 APPOMATTOX COUNTY,0201,201 - CHAP,614,24,638,3,,,8,"12,617",475,"13,092",128,12,,133,"6,042,361","407,886","6,450,247","144,362","22,392","12,814","2,532"
Locality: 011 APPOMATTOX COUNTY,0202,202 - SPOUT SPRING,"1,946",79,"2,025",20,2,,8,"12,617",475,"13,092",128,12,,133,"6,042,361","407,886","6,450,247","144,362","22,392","12,814","2,532"
Locality: 011 APPOMATTOX COUNTY,0301,301 - US  460,"1,238",34,"1,272",17,2,,8,"12,617",475,"13,092",128,12,,133,"6,042,361","407,886","6,450,247","144,362","22,392","12,814","2,532"
Locality: 011 APPOMATTOX COUNTY,0302,302 - STONEWALL,"1,484",49,"1,533",19,,,8,"12,617",475,"13,092",128,12,,133,"6,042,361","407,886","6,450,247","144,362","22,392","12,814","2,532"
Locality: 011 APPOMATTOX COUNTY,0401,401 - COURTHOUSE,"2,290",99,"2,389",23,3,,8,"12,617",475,"13,092",128,12,,133,"6,042,361","407,886","6,450,247","144,362","22,392","12,814","2,532"
Locality: 011 APPOMATTOX COUNTY,0501,501 - OAKVILLE,"2,566",82,"2,648",23,1,,8,"12,617",475,"13,092",128,12,,133,"6,042,361","407,886","6,450,247","144,362","22,392","12,814","2,532"
Locality: 013 ARLINGTON COUNTY,0101,101 - PRECINCT 101,"2,739",257,"2,996",66,22,13,54,"168,513","17,169","185,682","3,586","2,663","1,579",133,"6,042,361","407,886","6,450,247","144,362","22,392","12,814","2,532"
Locality: 013 ARLINGTON COUNTY,0102,102 - PRECINCT 102,"3,396",324,"3,720",33,53,29,54,"168,513","17,169","185,682","3,586","2,663","1,579",133,"6,042,361","407,886","6,450,247","144,362","22,392","12,814","2,532"
Locality: 013 ARLINGTON COUNTY,0103,103 - PRECINCT 103,"1,977",132,"2,109",69,30,31,54,"168,513","17,169","185,682","3,586","2,663","1,579",133,"6,042,361","407,886","6,450,247","144,362","22,392","12,814","2,532"
Locality: 013 ARLINGTON COUNTY,0104,104 - PRECINCT 104,"3,829",398,"4,227",48,54,29,54,"168,513","17,169","185,682","3,586","2,663","1,579",133,"6,042,361","407,886","6,450,247","144,362","22,392","12,814","2,532"
Locality: 013 ARLINGTON COUNTY,0105,105 - PRECINCT 105,"2,900",289,"3,189",75,57,19,54,"168,513","17,169","185,682","3,586","2,663","1,579",133,"6,042,361","407,886","6,450,247","144,362","22,392","12,814","2,532"
Locality: 013 ARLINGTON COUNTY,0106,106 - PRECINCT 106,"3,106",537,"3,643",135,40,30,54,"168,513","17,169","185,682","3,586","2,663","1,579",133,"6,042,361","407,886","6,450,247","144,362","22,392","12,814","2,532"
Locality: 013 ARLINGTON COUNTY,0107,107 - PRECINCT 107,"3,149",287,"3,436",46,61,38,54,"168,513","17,169","185,682","3,586","2,663","1,579",133,"6,042,361","407,886","6,450,247","144,362","22,392","12,814","2,532"
Locality: 013 ARLINGTON COUNTY,0108,108 - PRECINCT 108,"4,002",570,"4,572",127,77,47,54,"168,513","17,169","185,682","3,586","2,663","1,579",133,"6,042,361","407,886","6,450,247","144,362","22,392","12,814","2,532"
Locality: 013 ARLINGTON COUNTY,0109,109 - PRECINCT 109,"4,040",441,"4,481",99,52,18,54,"168,513","17,169","185,682","3,586","2,663","1,579",133,"6,042,361","407,886","6,450,247","144,362","22,392","12,814","2,532"
Locality: 013 ARLINGTON COUNTY,0110,110 - PRECINCT 110,"4,829",685,"5,514",249,98,58,54,"168,513","17,169","185,682","3,586","2,663","1,579",133,"6,042,361","407,886","6,450,247","144,362","22,392","12,814","2,532"
Locality: 013 ARLINGTON COUNTY,0111,111 - PRECINCT 111,"2,233",115,"2,348",32,40,21,54,"168,513","17,169","185,682","3,586","2,663","1,579",133,"6,042,361","407,886","6,450,247","144,362","22,392","12,814","2,532"
Locality: 013 ARLINGTON COUNTY,0112,112 - PRECINCT 112,"2,692",155,"2,847",77,59,40,54,"168,513","17,169","185,682","3,586","2,663","1,579",133,"6,042,361","407,886","6,450,247","144,362","22,392","12,814","2,532"
Locality: 013 ARLINGTON COUNTY,0113,113 - PRECINCT 113,"2,222",140,"2,362",48,33,9,54,"168,513","17,169","185,682","3,586","2,663","1,579",133,"6,042,361","407,886","6,450,247","144,362","22,392","12,814","2,532"
Locality: 013 ARLINGTON COUNTY,0114,114 - PRECINCT 114,"2,673",230,"2,903",38,35,25,54,"168,513","17,169","185,682","3,586","2,663","1,579",133,"6,042,361","407,886","6,450,247","144,362","22,392","12,814","2,532"
Locality: 013 ARLINGTON COUNTY,0115,115 - PRECINCT 115,"1,740",244,"1,984",38,38,22,54,"168,513","17,169","185,682","3,586","2,663","1,579",133,"6,042,361","407,886","6,450,247","144,362","22,392","12,814","2,532"
Locality: 013 ARLINGTON COUNTY,0116,116 - PRECINCT 116,"3,914",400,"4,314",55,77,39,54,"168,513","17,169","185,682","3,586","2,663","1,579",133,"6,042,361","407,886","6,450,247","144,362","22,392","12,814","2,532"
Locality: 013 ARLINGTON COUNTY,0117,117 - PRECINCT 117,"3,296",212,"3,508",60,60,37,54,"168,513","17,169","185,682","3,586","2,663","1,579",133,"6,042,361","407,886","6,450,247","144,362","22,392","12,814","2,532"
Locality: 013 ARLINGTON COUNTY,0118,118 - PRECINCT 118,"6,224",958,"7,182",105,137,66,54,"168,513","17,169","185,682","3,586","2,663","1,579",133,"6,042,361","407,886","6,450,247","144,362","22,392","12,814","2,532"
Locality: 013 ARLINGTON COUNTY,0119,119 - PRECINCT 119,"5,352",740,"6,092",102,100,102,54,"168,513","17,169","185,682","3,586","2,663","1,579",133,"6,042,361","407,886","6,450,247","144,362","22,392","12,814","2,532"
Locality: 013 ARLINGTON COUNTY,0120,120 - PRECINCT 120,"3,073",122,"3,195",37,49,42,54,"168,513","17,169","185,682","3,586","2,663","1,579",133,"6,042,361","407,886","6,450,247","144,362","22,392","12,814","2,532"
Locality: 013 ARLINGTON COUNTY,0121,121 - PRECINCT 121,"1,775",126,"1,901",35,25,12,54,"168,513","17,169","185,682","3,586","2,663","1,579",133,"6,042,361","407,886","6,450,247","144,362","22,392","12,814","2,532"
Locality: 013 ARLINGTON COUNTY,0122,122 - PRECINCT 122,"2,932",244,"3,176",77,52,28,54,"168,513","17,169","185,682","3,586","2,663","1,579",133,"6,042,361","407,886","6,450,247","144,362","22,392","12,814","2,532"
Locality: 013 ARLINGTON COUNTY,0123,123 - PRECINCT 123,"2,969",168,"3,137",36,40,30,54,"168,513","17,169","185,682","3,586","2,663","1,579",133,"6,042,361","407,886","6,450,247","144,362","22,392","12,814","2,532"
Locality: 013 ARLINGTON COUNTY,0124,124 - PRECINCT 124,"4,104",293,"4,397",70,53,26,54,"168,513","17,169","185,682","3,586","2,663","1,579",133,"6,042,361","407,886","6,450,247","144,362","22,392","12,814","2,532"
Locality: 013 ARLINGTON COUNTY,0125,125 - PRECINCT 125,"2,968",237,"3,205",42,59,26,54,"168,513","17,169","185,682","3,586","2,663","1,579",133,"6,042,361","407,886","6,450,247","144,362","22,392","12,814","2,532"
Locality: 013 ARLINGTON COUNTY,0126,126 - PRECINCT 126,"3,605",408,"4,013",87,46,22,54,"168,513","17,169","185,682","3,586","2,663","1,579",133,"6,042,361","407,886","6,450,247","144,362","22,392","12,814","2,532"
Locality: 013 ARLINGTON COUNTY,0127,127 - PRECINCT 127,"3,463",272,"3,735",78,53,19,54,"168,513","17,169","185,682","3,586","2,663","1,579",133,"6,042,361","407,886","6,450,247","144,362","22,392","12,814","2,532"
Locality: 013 ARLINGTON COUNTY,0128,128 - PRECINCT 128,"3,991",309,"4,300",79,52,30,54,"168,513","17,169","185,682","3,586","2,663","1,579",133,"6,042,361","407,886","6,450,247","144,362","22,392","12,814","2,532"
Locality: 013 ARLINGTON COUNTY,0129,129 - PRECINCT 129,"3,026",100,"3,126",53,59,39,54,"168,513","17,169","185,682","3,586","2,663","1,579",133,"6,042,361","407,886","6,450,247","144,362","22,392","12,814","2,532"
Locality: 013 ARLINGTON COUNTY,0130,130 - PRECINCT 130,"3,342",275,"3,617",88,21,7,54,"168,513","17,169","185,682","3,586","2,663","1,579",133,"6,042,361","407,886","6,450,247","144,362","22,392","12,814","2,532"
Locality: 013 ARLINGTON COUNTY,0131,131 - PRECINCT 131,"3,067",147,"3,214",44,38,31,54,"168,513","17,169","185,682","3,586","2,663","1,579",133,"6,042,361","407,886","6,450,247","144,362","22,392","12,814","2,532"
Locality: 013 ARLINGTON COUNTY,0132,132 - PRECINCT 132,"1,366",146,"1,512",77,28,15,54,"168,513","17,169","185,682","3,586","2,663","1,579",133,"6,042,361","407,886","6,450,247","144,362","22,392","12,814","2,532"
Locality: 013 ARLINGTON COUNTY,0133,133 - PRECINCT 133,"3,141",142,"3,283",48,35,33,54,"168,513","17,169","185,682","3,586","2,663","1,579",133,"6,042,361","407,886","6,450,247","144,362","22,392","12,814","2,532"
Locality: 013 ARLINGTON COUNTY,0134,134 - PRECINCT 134,"2,768",116,"2,884",57,41,27,54,"168,513","17,169","185,682","3,586","2,663","1,579",133,"6,042,361","407,886","6,450,247","144,362","22,392","12,814","2,532"
Locality: 013 ARLINGTON COUNTY,0135,135 - PRECINCT 135,"3,364",125,"3,489",48,29,32,54,"168,513","17,169","185,682","3,586","2,663","1,579",133,"6,042,361","407,886","6,450,247","144,362","22,392","12,814","2,532"
Locality: 013 ARLINGTON COUNTY,0136,136 - PRECINCT 136,"3,395",227,"3,622",53,72,46,54,"168,513","17,169","185,682","3,586","2,663","1,579",133,"6,042,361","407,886","6,450,247","144,362","22,392","12,814","2,532"
Locality: 013 ARLINGTON COUNTY,0137,137 - PRECINCT 137,"2,784",115,"2,899",35,42,16,54,"168,513","17,169","185,682","3,586","2,663","1,579",133,"6,042,361","407,886","6,450,247","144,362","22,392","12,814","2,532"
Locality: 013 ARLINGTON COUNTY,0138,138 - PRECINCT 138,"3,073",473,"3,546",92,32,21,54,"168,513","17,169","185,682","3,586","2,663","1,579",133,"6,042,361","407,886","6,450,247","144,362","22,392","12,814","2,532"
Locality: 013 ARLINGTON COUNTY,0139,139 - PRECINCT 139,"1,820",71,"1,891",32,12,21,54,"168,513","17,169","185,682","3,586","2,663","1,579",133,"6,042,361","407,886","6,450,247","144,362","22,392","12,814","2,532"
Locality: 013 ARLINGTON COUNTY,0140,140 - PRECINCT 140,"4,639",564,"5,203",54,85,30,54,"168,513","17,169","185,682","3,586","2,663","1,579",133,"6,042,361","407,886","6,450,247","144,362","22,392","12,814","2,532"
Locality: 013 ARLINGTON COUNTY,0141,141 - PRECINCT 141,"3,820",549,"4,369",40,63,58,54,"168,513","17,169","185,682","3,586","2,663","1,579",133,"6,042,361","407,886","6,450,247","144,362","22,392","12,814","2,532"
Locality: 013 ARLINGTON COUNTY,0142,142 - PRECINCT 142,"2,705",377,"3,082",90,44,17,54,"168,513","17,169","185,682","3,586","2,663","1,579",133,"6,042,361","407,886","6,450,247","144,362","22,392","12,814","2,532"
Locality: 013 ARLINGTON COUNTY,0143,143 - PRECINCT 143,"2,832",225,"3,057",56,14,8,54,"168,513","17,169","185,682","3,586","2,663","1,579",133,"6,042,361","407,886","6,450,247","144,362","22,392","12,814","2,532"
Locality: 013 ARLINGTON COUNTY,0144,144 - PRECINCT 144,"2,422",415,"2,837",32,55,43,54,"168,513","17,169","185,682","3,586","2,663","1,579",133,"6,042,361","407,886","6,450,247","144,362","22,392","12,814","2,532"
Locality: 013 ARLINGTON COUNTY,0145,145 - PRECINCT 145,"2,919",319,"3,238",46,59,29,54,"168,513","17,169","185,682","3,586","2,663","1,579",133,"6,042,361","407,886","6,450,247","144,362","22,392","12,814","2,532"
Locality: 013 ARLINGTON COUNTY,0146,146 - PRECINCT 146,"4,231",643,"4,874",50,77,39,54,"168,513","17,169","185,682","3,586","2,663","1,579",133,"6,042,361","407,886","6,450,247","144,362","22,392","12,814","2,532"
Locality: 013 ARLINGTON COUNTY,0147,147 - PRECINCT 147,"2,491",186,"2,677",65,36,22,54,"168,513","17,169","185,682","3,586","2,663","1,579",133,"6,042,361","407,886","6,450,247","144,362","22,392","12,814","2,532"
Locality: 013 ARLINGTON COUNTY,0148,148 - PRECINCT 148,"2,763",319,"3,082",45,48,19,54,"168,513","17,169","185,682","3,586","2,663","1,579",133,"6,042,361","407,886","6,450,247","144,362","22,392","12,814","2,532"
Locality: 013 ARLINGTON COUNTY,0149,149 - PRECINCT 149,"2,642",352,"2,994",24,52,15,54,"168,513","17,169","185,682","3,586","2,663","1,579",133,"6,042,361","407,886","6,450,247","144,362","22,392","12,814","2,532"
Locality: 013 ARLINGTON COUNTY,0150,150 - PRECINCT 150,"4,106",637,"4,743",145,51,32,54,"168,513","17,169","185,682","3,586","2,663","1,579",133,"6,042,361","407,886","6,450,247","144,362","22,392","12,814","2,532"
Locality: 013 ARLINGTON COUNTY,0151,151 - PRECINCT 151,831,59,890,7,9,3,54,"168,513","17,169","185,682","3,586","2,663","1,579",133,"6,042,361","407,886","6,450,247","144,362","22,392","12,814","2,532"
Locality: 013 ARLINGTON COUNTY,0152,152 - PRECINCT 152,"2,686",340,"3,026",107,20,17,54,"168,513","17,169","185,682","3,586","2,663","1,579",133,"6,042,361","407,886","6,450,247","144,362","22,392","12,814","2,532"
Locality: 013 ARLINGTON COUNTY,0153,153 - PRECINCT 153,"3,465",655,"4,120",136,57,32,54,"168,513","17,169","185,682","3,586","2,663","1,579",133,"6,042,361","407,886","6,450,247","144,362","22,392","12,814","2,532"
Locality: 013 ARLINGTON COUNTY,0154,154 - PRECINCT 154,"1,622",299,"1,921",19,32,19,54,"168,513","17,169","185,682","3,586","2,663","1,579",133,"6,042,361","407,886","6,450,247","144,362","22,392","12,814","2,532"
Locality: 015 AUGUSTA COUNTY,0101,101 - JOLIVUE,"1,630",64,"1,694",6,1,,28,"56,849","1,855","58,704",338,64,53,133,"6,042,361","407,886","6,450,247","144,362","22,392","12,814","2,532"
Locality: 015 AUGUSTA COUNTY,0102,102 - STUARTS DRAFT ELEMENTARY,"1,019",76,"1,095",6,3,,28,"56,849","1,855","58,704",338,64,53,133,"6,042,361","407,886","6,450,247","144,362","22,392","12,814","2,532"
Locality: 015 AUGUSTA COUNTY,0103,103 - VERONA,"2,190",61,"2,251",10,2,1,28,"56,849","1,855","58,704",338,64,53,133,"6,042,361","407,886","6,450,247","144,362","22,392","12,814","2,532"
Locality: 015 AUGUSTA COUNTY,0104,104 - WILSON,"2,612",174,"2,786",16,3,6,28,"56,849","1,855","58,704",338,64,53,133,"6,042,361","407,886","6,450,247","144,362","22,392","12,814","2,532"
Locality: 015 AUGUSTA COUNTY,0201,201 - CRIMORA,"3,698",120,"3,818",21,3,,28,"56,849","1,855","58,704",338,64,53,133,"6,042,361","407,886","6,450,247","144,362","22,392","12,814","2,532"
Locality: 015 AUGUSTA COUNTY,0202,202 - NEW HOPE,"1,553",36,"1,589",7,4,1,28,"56,849","1,855","58,704",338,64,53,133,"6,042,361","407,886","6,450,247","144,362","22,392","12,814","2,532"
Locality: 015 AUGUSTA COUNTY,0203,203 - WEYERS CAVE,"2,761",90,"2,851",14,1,1,28,"56,849","1,855","58,704",338,64,53,133,"6,042,361","407,886","6,450,247","144,362","22,392","12,814","2,532"
Locality: 015 AUGUSTA COUNTY,0301,301 - FORT DEFIANCE,"2,042",50,"2,092",13,,4,28,"56,849","1,855","58,704",338,64,53,133,"6,042,361","407,886","6,450,247","144,362","22,392","12,814","2,532"
Locality: 015 AUGUSTA COUNTY,0302,302 - NORTH RIVER,"1,631",38,"1,669",11,1,2,28,"56,849","1,855","58,704",338,64,53,133,"6,042,361","407,886","6,450,247","144,362","22,392","12,814","2,532"
Locality: 015 AUGUSTA COUNTY,0303,303 - MOUNT SOLON,"1,493",31,"1,524",6,2,,28,"56,849","1,855","58,704",338,64,53,133,"6,042,361","407,886","6,450,247","144,362","22,392","12,814","2,532"
Locality: 015 AUGUSTA COUNTY,0304,304 - ROLLA,"2,799",99,"2,898",13,3,1,28,"56,849","1,855","58,704",338,64,53,133,"6,042,361","407,886","6,450,247","144,362","22,392","12,814","2,532"
Locality: 015 AUGUSTA COUNTY,0401,401 - BUFFALO GAP,"1,741",41,"1,782",7,1,2,28,"56,849","1,855","58,704",338,64,53,133,"6,042,361","407,886","6,450,247","144,362","22,392","12,814","2,532"
Locality: 015 AUGUSTA COUNTY,0402,402 - CHURCHVILLE ELEMENTARY,"2,134",61,"2,195",14,2,2,28,"56,849","1,855","58,704",338,64,53,133,"6,042,361","407,886","6,450,247","144,362","22,392","12,814","2,532"
Locality: 015 AUGUSTA COUNTY,0403,403 - CRAIGSVILLE,"1,279",64,"1,343",7,1,,28,"56,849","1,855","58,704",338,64,53,133,"6,042,361","407,886","6,450,247","144,362","22,392","12,814","2,532"
Locality: 015 AUGUSTA COUNTY,0404,404 - DEERFIELD,491,10,501,3,3,2,28,"56,849","1,855","58,704",338,64,53,133,"6,042,361","407,886","6,450,247","144,362","22,392","12,814","2,532"
Locality: 015 AUGUSTA COUNTY,0405,405 - CEDAR GREEN,"2,131",50,"2,181",15,5,4,28,"56,849","1,855","58,704",338,64,53,133,"6,042,361","407,886","6,450,247","144,362","22,392","12,814","2,532"
Locality: 015 AUGUSTA COUNTY,0501,501 - GREENVILLE,"2,441",54,"2,495",19,2,2,28,"56,849","1,855","58,704",338,64,53,133,"6,042,361","407,886","6,450,247","144,362","22,392","12,814","2,532"
Locality: 015 AUGUSTA COUNTY,0502,502 - MIDDLEBROOK,934,27,961,7,4,,28,"56,849","1,855","58,704",338,64,53,133,"6,042,361","407,886","6,450,247","144,362","22,392","12,814","2,532"
Locality: 015 AUGUSTA COUNTY,0503,503 - SPOTTSWOOD,"1,338",35,"1,373",12,1,1,28,"56,849","1,855","58,704",338,64,53,133,"6,042,361","407,886","6,450,247","144,362","22,392","12,814","2,532"
Locality: 015 AUGUSTA COUNTY,0504,504 - WHITE HILL,"3,565",129,"3,694",18,3,4,28,"56,849","1,855","58,704",338,64,53,133,"6,042,361","407,886","6,450,247","144,362","22,392","12,814","2,532"
Locality: 015 AUGUSTA COUNTY,0601,601 - SHERANDO,"1,938",58,"1,996",7,3,1,28,"56,849","1,855","58,704",338,64,53,133,"6,042,361","407,886","6,450,247","144,362","22,392","12,814","2,532"
Locality: 015 AUGUSTA COUNTY,0602,602 - RIDGEVIEW,"2,865",78,"2,943",17,2,2,28,"56,849","1,855","58,704",338,64,53,133,"6,042,361","407,886","6,450,247","144,362","22,392","12,814","2,532"
Locality: 015 AUGUSTA COUNTY,0603,603 - LYNDHURST,"1,509",49,"1,558",18,4,7,28,"56,849","1,855","58,704",338,64,53,133,"6,042,361","407,886","6,450,247","144,362","22,392","12,814","2,532"
Locality: 015 AUGUSTA COUNTY,0604,604 - MOUNT VERNON,"2,264",76,"2,340",16,1,3,28,"56,849","1,855","58,704",338,64,53,133,"6,042,361","407,886","6,450,247","144,362","22,392","12,814","2,532"
Locality: 015 AUGUSTA COUNTY,0801,801 - DOOMS,"2,088",58,"2,146",8,2,3,28,"56,849","1,855","58,704",338,64,53,133,"6,042,361","407,886","6,450,247","144,362","22,392","12,814","2,532"
Locality: 015 AUGUSTA COUNTY,0802,802 - FISHERSVILLE,"3,844",154,"3,998",24,5,3,28,"56,849","1,855","58,704",338,64,53,133,"6,042,361","407,886","6,450,247","144,362","22,392","12,814","2,532"
Locality: 015 AUGUSTA COUNTY,0803,803 - LADD,"1,172",33,"1,205",9,2,,28,"56,849","1,855","58,704",338,64,53,133,"6,042,361","407,886","6,450,247","144,362","22,392","12,814","2,532"
Locality: 015 AUGUSTA COUNTY,0804,804 - GOOSE CREEK,"1,687",39,"1,726",14,,1,28,"56,849","1,855","58,704",338,64,53,133,"6,042,361","407,886","6,450,247","144,362","22,392","12,814","2,532"
Locality: 017 BATH COUNTY,0101,101 - WARM SPRINGS,551,38,589,2,2,2,7,"3,317",127,"3,444",18,9,6,133,"6,042,361","407,886","6,450,247","144,362","22,392","12,814","2,532"
Locality: 017 BATH COUNTY,0102,102 - MOUNTAIN GROVE,93,2,95,3,,,7,"3,317",127,"3,444",18,9,6,133,"6,042,361","407,886","6,450,247","144,362","22,392","12,814","2,532"
Locality: 017 BATH COUNTY,0201,201 - HOT SPRINGS,632,25,657,5,1,1,7,"3,317",127,"3,444",18,9,6,133,"6,042,361","407,886","6,450,247","144,362","22,392","12,814","2,532"
Locality: 017 BATH COUNTY,0301,301 - FAIRVIEW,535,11,546,2,1,,7,"3,317",127,"3,444",18,9,6,133,"6,042,361","407,886","6,450,247","144,362","22,392","12,814","2,532"
Locality: 017 BATH COUNTY,0302,302 - BURNSVILLE,125,5,130,,,,7,"3,317",127,"3,444",18,9,6,133,"6,042,361","407,886","6,450,247","144,362","22,392","12,814","2,532"
Locality: 017 BATH COUNTY,0401,401 - MILLBORO,709,15,724,4,1,2,7,"3,317",127,"3,444",18,9,6,133,"6,042,361","407,886","6,450,247","144,362","22,392","12,814","2,532"
Locality: 017 BATH COUNTY,0501,501 - VALLEY SPRINGS,672,31,703,2,4,1,7,"3,317",127,"3,444",18,9,6,133,"6,042,361","407,886","6,450,247","144,362","22,392","12,814","2,532"
Locality: 019 BEDFORD COUNTY,0101,101 - GOODVIEW ELEM SCHOOL,"2,847",86,"2,933",20,2,2,32,"64,223","2,319","66,542",503,103,58,133,"6,042,361","407,886","6,450,247","144,362","22,392","12,814","2,532"
Locality: 019 BEDFORD COUNTY,0102,102 - HARDY VOL FIRE CO,"1,164",30,"1,194",7,1,1,32,"64,223","2,319","66,542",503,103,58,133,"6,042,361","407,886","6,450,247","144,362","22,392","12,814","2,532"
Locality: 019 BEDFORD COUNTY,0103,103 - CHAMBLISSBURG BAPTIST CHURCH,"1,999",59,"2,058",18,2,1,32,"64,223","2,319","66,542",503,103,58,133,"6,042,361","407,886","6,450,247","144,362","22,392","12,814","2,532"
Locality: 019 BEDFORD COUNTY,0104,104 - BARNHARDT BAPTIST CHURCH,"1,615",40,"1,655",13,2,,32,"64,223","2,319","66,542",503,103,58,133,"6,042,361","407,886","6,450,247","144,362","22,392","12,814","2,532"
Locality: 019 BEDFORD COUNTY,0105,105 - DIAMOND HILL BAPTIST CHURCH,"1,394",43,"1,437",12,2,,32,"64,223","2,319","66,542",503,103,58,133,"6,042,361","407,886","6,450,247","144,362","22,392","12,814","2,532"
Locality: 019 BEDFORD COUNTY,0201,201 - BEDFORD CHRISTIAN CHURCH,"1,017",39,"1,056",12,,1,32,"64,223","2,319","66,542",503,103,58,133,"6,042,361","407,886","6,450,247","144,362","22,392","12,814","2,532"
Locality: 019 BEDFORD COUNTY,0202,202 - STAUNTON RIVER HIGH SCHOOL,"1,786",45,"1,831",15,,,32,"64,223","2,319","66,542",503,103,58,133,"6,042,361","407,886","6,450,247","144,362","22,392","12,814","2,532"
Locality: 019 BEDFORD COUNTY,0203,203 - EASTLAKE COMMUNITY CHURCH,"2,790",98,"2,888",21,3,5,32,"64,223","2,319","66,542",503,103,58,133,"6,042,361","407,886","6,450,247","144,362","22,392","12,814","2,532"
Locality: 019 BEDFORD COUNTY,0204,204 - HUDDLESTON ELEMENTARY SCHOOL,"1,691",48,"1,739",11,2,1,32,"64,223","2,319","66,542",503,103,58,133,"6,042,361","407,886","6,450,247","144,362","22,392","12,814","2,532"
Locality: 019 BEDFORD COUNTY,0205,205 - SAUNDERS VOL FIRE CO,"2,278",91,"2,369",15,12,3,32,"64,223","2,319","66,542",503,103,58,133,"6,042,361","407,886","6,450,247","144,362","22,392","12,814","2,532"
Locality: 019 BEDFORD COUNTY,0301,301 - NEW LONDON ACADEMY,"2,785",96,"2,881",13,7,1,32,"64,223","2,319","66,542",503,103,58,133,"6,042,361","407,886","6,450,247","144,362","22,392","12,814","2,532"
Locality: 019 BEDFORD COUNTY,0302,302 - BEDFORD COUNTY GYM,"2,355",81,"2,436",12,4,4,32,"64,223","2,319","66,542",503,103,58,133,"6,042,361","407,886","6,450,247","144,362","22,392","12,814","2,532"
Locality: 019 BEDFORD COUNTY,0303,303 - FOREST ALLIANCE CHURCH,"1,237",29,"1,266",17,4,2,32,"64,223","2,319","66,542",503,103,58,133,"6,042,361","407,886","6,450,247","144,362","22,392","12,814","2,532"
Locality: 019 BEDFORD COUNTY,0304,304 - ONE IN CHRIST CHURCH,"1,069",56,"1,125",7,1,2,32,"64,223","2,319","66,542",503,103,58,133,"6,042,361","407,886","6,450,247","144,362","22,392","12,814","2,532"
Locality: 019 BEDFORD COUNTY,0305,305 - FOREST FIRE STATION #2,"1,653",51,"1,704",14,1,,32,"64,223","2,319","66,542",503,103,58,133,"6,042,361","407,886","6,450,247","144,362","22,392","12,814","2,532"
Locality: 019 BEDFORD COUNTY,0401,401 - FOREST ELEMENTARY SCHOOL,"3,169",164,"3,333",26,11,2,32,"64,223","2,319","66,542",503,103,58,133,"6,042,361","407,886","6,450,247","144,362","22,392","12,814","2,532"
Locality: 019 BEDFORD COUNTY,0402,402 - THOMAS JEFFERSON ELEM SCHOOL,"2,439",87,"2,526",18,2,2,32,"64,223","2,319","66,542",503,103,58,133,"6,042,361","407,886","6,450,247","144,362","22,392","12,814","2,532"
Locality: 019 BEDFORD COUNTY,0403,403 - PLEASANT VIEW BAPTIST CHURCH,"2,573",168,"2,741",27,7,5,32,"64,223","2,319","66,542",503,103,58,133,"6,042,361","407,886","6,450,247","144,362","22,392","12,814","2,532"
Locality: 019 BEDFORD COUNTY,0404,404 - FOREST RECREATION CENTER,"1,106",89,"1,195",8,5,2,32,"64,223","2,319","66,542",503,103,58,133,"6,042,361","407,886","6,450,247","144,362","22,392","12,814","2,532"
Locality: 019 BEDFORD COUNTY,0501,501 - BIG ISLAND ELEMENTARY SCHOOL,"1,574",46,"1,620",6,1,1,32,"64,223","2,319","66,542",503,103,58,133,"6,042,361","407,886","6,450,247","144,362","22,392","12,814","2,532"
Locality: 019 BEDFORD COUNTY,0502,502 - SUCK SPRING BAPTIST CHURCH,"1,278",27,"1,305",8,4,,32,"64,223","2,319","66,542",503,103,58,133,"6,042,361","407,886","6,450,247","144,362","22,392","12,814","2,532"
Locality: 019 BEDFORD COUNTY,0503,503 - BOONSBORO ELEMENTARY SCHOOL,"2,450",83,"2,533",16,5,7,32,"64,223","2,319","66,542",503,103,58,133,"6,042,361","407,886","6,450,247","144,362","22,392","12,814","2,532"
Locality: 019 BEDFORD COUNTY,0504,504 - BOONSBORO RURITAN CLUB,"4,054",130,"4,184",30,8,7,32,"64,223","2,319","66,542",503,103,58,133,"6,042,361","407,886","6,450,247","144,362","22,392","12,814","2,532"
Locality: 019 BEDFORD COUNTY,0601,601 - MONTVALE ELEM SCHOOL,"1,993",75,"2,068",18,2,,32,"64,223","2,319","66,542",503,103,58,133,"6,042,361","407,886","6,450,247","144,362","22,392","12,814","2,532"
Locality: 019 BEDFORD COUNTY,0602,602 - SHADY GROVE FIRE DEPARTMENT,"2,452",63,"2,515",20,1,3,32,"64,223","2,319","66,542",503,103,58,133,"6,042,361","407,886","6,450,247","144,362","22,392","12,814","2,532"
Locality: 019 BEDFORD COUNTY,0603,603 - BEDFORD MOOSE LODGE ,"1,324",48,"1,372",7,,,32,"64,223","2,319","66,542",503,103,58,133,"6,042,361","407,886","6,450,247","144,362","22,392","12,814","2,532"
Locality: 019 BEDFORD COUNTY,0604,604 - BEDFORD ELEMENTARY SCHOOL,"2,822",121,"2,943",22,2,1,32,"64,223","2,319","66,542",503,103,58,133,"6,042,361","407,886","6,450,247","144,362","22,392","12,814","2,532"
Locality: 019 BEDFORD COUNTY,0701,701 - GOODE VOL RESCUE SQUAD,"2,826",83,"2,909",30,3,1,32,"64,223","2,319","66,542",503,103,58,133,"6,042,361","407,886","6,450,247","144,362","22,392","12,814","2,532"
Locality: 019 BEDFORD COUNTY,0702,702 - LIBERTY HIGH SCHOOL,"1,701",48,"1,749",10,1,2,32,"64,223","2,319","66,542",503,103,58,133,"6,042,361","407,886","6,450,247","144,362","22,392","12,814","2,532"
Locality: 019 BEDFORD COUNTY,0703,703 - THAXTON BAPTIST CHURCH ,"1,361",33,"1,394",8,2,1,32,"64,223","2,319","66,542",503,103,58,133,"6,042,361","407,886","6,450,247","144,362","22,392","12,814","2,532"
Locality: 019 BEDFORD COUNTY,0704,704 - CHURCH OF GOD,"2,656",109,"2,765",29,5,,32,"64,223","2,319","66,542",503,103,58,133,"6,042,361","407,886","6,450,247","144,362","22,392","12,814","2,532"
Locality: 019 BEDFORD COUNTY,0705,705 - MOUNTAIN VIEW CHURCH,765,53,818,13,1,1,32,"64,223","2,319","66,542",503,103,58,133,"6,042,361","407,886","6,450,247","144,362","22,392","12,814","2,532"
Locality: 021 BLAND COUNTY,0101,101 - BASTIAN,521,39,560,3,1,,7,"4,406",215,"4,621",32,5,1,133,"6,042,361","407,886","6,450,247","144,362","22,392","12,814","2,532"
Locality: 021 BLAND COUNTY,0102,102 - CERES,612,18,630,10,4,,7,"4,406",215,"4,621",32,5,1,133,"6,042,361","407,886","6,450,247","144,362","22,392","12,814","2,532"
Locality: 021 BLAND COUNTY,0201,201 - DAVIS,214,11,225,1,,,7,"4,406",215,"4,621",32,5,1,133,"6,042,361","407,886","6,450,247","144,362","22,392","12,814","2,532"
Locality: 021 BLAND COUNTY,0202,202 - SEDDON,905,46,951,3,,,7,"4,406",215,"4,621",32,5,1,133,"6,042,361","407,886","6,450,247","144,362","22,392","12,814","2,532"
Locality: 021 BLAND COUNTY,0301,301 - HOLLYBROOK,623,20,643,4,,,7,"4,406",215,"4,621",32,5,1,133,"6,042,361","407,886","6,450,247","144,362","22,392","12,814","2,532"
Locality: 021 BLAND COUNTY,0302,302 - MECHANICSBURG,371,15,386,2,,,7,"4,406",215,"4,621",32,5,1,133,"6,042,361","407,886","6,450,247","144,362","22,392","12,814","2,532"
Locality: 021 BLAND COUNTY,0401,401 - ROCKY GAP,"1,160",66,"1,226",9,,1,7,"4,406",215,"4,621",32,5,1,133,"6,042,361","407,886","6,450,247","144,362","22,392","12,814","2,532"
Locality: 023 BOTETOURT COUNTY,0101,101 - DALEVILLE,"3,743",171,"3,914",36,6,3,10,"26,931",866,"27,797",225,27,25,133,"6,042,361","407,886","6,450,247","144,362","22,392","12,814","2,532"
Locality: 023 BOTETOURT COUNTY,0102,102 - GREENFIELD,"2,461",74,"2,535",13,,9,10,"26,931",866,"27,797",225,27,25,133,"6,042,361","407,886","6,450,247","144,362","22,392","12,814","2,532"
Locality: 023 BOTETOURT COUNTY,0201,201 - BLUE RIDGE,"2,677",84,"2,761",26,3,1,10,"26,931",866,"27,797",225,27,25,133,"6,042,361","407,886","6,450,247","144,362","22,392","12,814","2,532"
Locality: 023 BOTETOURT COUNTY,0202,202 - RAINBOW FOREST,"2,620",82,"2,702",16,5,1,10,"26,931",866,"27,797",225,27,25,133,"6,042,361","407,886","6,450,247","144,362","22,392","12,814","2,532"
Locality: 023 BOTETOURT COUNTY,0301,301 - BUCHANAN,"2,457",70,"2,527",19,1,,10,"26,931",866,"27,797",225,27,25,133,"6,042,361","407,886","6,450,247","144,362","22,392","12,814","2,532"
Locality: 023 BOTETOURT COUNTY,0302,302 - MILL CREEK,"2,647",73,"2,720",28,2,4,10,"26,931",866,"27,797",225,27,25,133,"6,042,361","407,886","6,450,247","144,362","22,392","12,814","2,532"
Locality: 023 BOTETOURT COUNTY,0403,403 - EAGLE ROCK,"1,712",36,"1,748",14,1,1,10,"26,931",866,"27,797",225,27,25,133,"6,042,361","407,886","6,450,247","144,362","22,392","12,814","2,532"
Locality: 023 BOTETOURT COUNTY,0406,406 - FINCASTLE,"3,552",119,"3,671",33,5,4,10,"26,931",866,"27,797",225,27,25,133,"6,042,361","407,886","6,450,247","144,362","22,392","12,814","2,532"
Locality: 023 BOTETOURT COUNTY,0501,501 - TROUTVILLE,"1,663",55,"1,718",13,1,,10,"26,931",866,"27,797",225,27,25,133,"6,042,361","407,886","6,450,247","144,362","22,392","12,814","2,532"
Locality: 023 BOTETOURT COUNTY,0502,502 - CLOVERDALE,"3,399",102,"3,501",27,3,2,10,"26,931",866,"27,797",225,27,25,133,"6,042,361","407,886","6,450,247","144,362","22,392","12,814","2,532"
Locality: 025 BRUNSWICK COUNTY,0101,101 - BRODNAX,541,26,567,7,,,13,"11,011",423,"11,434",123,4,1,133,"6,042,361","407,886","6,450,247","144,362","22,392","12,814","2,532"
Locality: 025 BRUNSWICK COUNTY,0102,102 - ROCK STORE,839,35,874,7,,1,13,"11,011",423,"11,434",123,4,1,133,"6,042,361","407,886","6,450,247","144,362","22,392","12,814","2,532"
Locality: 025 BRUNSWICK COUNTY,0103,103 - TILLMAN,"1,073",52,"1,125",8,,,13,"11,011",423,"11,434",123,4,1,133,"6,042,361","407,886","6,450,247","144,362","22,392","12,814","2,532"
Locality: 025 BRUNSWICK COUNTY,0201,201 - DROMGOOLE,331,8,339,3,,,13,"11,011",423,"11,434",123,4,1,133,"6,042,361","407,886","6,450,247","144,362","22,392","12,814","2,532"
Locality: 025 BRUNSWICK COUNTY,0202,202 - EDGERTON,"1,110",41,"1,151",16,,,13,"11,011",423,"11,434",123,4,1,133,"6,042,361","407,886","6,450,247","144,362","22,392","12,814","2,532"
Locality: 025 BRUNSWICK COUNTY,0203,203 - FITZHUGH,861,25,886,5,,,13,"11,011",423,"11,434",123,4,1,133,"6,042,361","407,886","6,450,247","144,362","22,392","12,814","2,532"
Locality: 025 BRUNSWICK COUNTY,0301,301 - ALBERTA,209,6,215,2,,,13,"11,011",423,"11,434",123,4,1,133,"6,042,361","407,886","6,450,247","144,362","22,392","12,814","2,532"
Locality: 025 BRUNSWICK COUNTY,0302,302 - DANIELTOWN,976,33,"1,009",11,1,,13,"11,011",423,"11,434",123,4,1,133,"6,042,361","407,886","6,450,247","144,362","22,392","12,814","2,532"
Locality: 025 BRUNSWICK COUNTY,0303,303 - ELMORE,506,15,521,7,,,13,"11,011",423,"11,434",123,4,1,133,"6,042,361","407,886","6,450,247","144,362","22,392","12,814","2,532"
Locality: 025 BRUNSWICK COUNTY,0304,304 - SEYMOUR,468,21,489,3,,,13,"11,011",423,"11,434",123,4,1,133,"6,042,361","407,886","6,450,247","144,362","22,392","12,814","2,532"
Locality: 025 BRUNSWICK COUNTY,0401,401 - STURGEON,"1,592",49,"1,641",27,2,,13,"11,011",423,"11,434",123,4,1,133,"6,042,361","407,886","6,450,247","144,362","22,392","12,814","2,532"
Locality: 025 BRUNSWICK COUNTY,0402,402 - KING'S STORE,515,15,530,4,,,13,"11,011",423,"11,434",123,4,1,133,"6,042,361","407,886","6,450,247","144,362","22,392","12,814","2,532"
Locality: 025 BRUNSWICK COUNTY,0501,501 - TOTARO,"1,990",97,"2,087",23,1,,13,"11,011",423,"11,434",123,4,1,133,"6,042,361","407,886","6,450,247","144,362","22,392","12,814","2,532"
Locality: 027 BUCHANAN COUNTY,0102,102 - BLACKEY,576,17,593,1,,,18,"13,807",546,"14,353",68,4,,133,"6,042,361","407,886","6,450,247","144,362","22,392","12,814","2,532"
Locality: 027 BUCHANAN COUNTY,0103,103 - HURLEY,"1,465",52,"1,517",1,,,18,"13,807",546,"14,353",68,4,,133,"6,042,361","407,886","6,450,247","144,362","22,392","12,814","2,532"
Locality: 027 BUCHANAN COUNTY,0201,201 - GRASSY,192,15,207,,,,18,"13,807",546,"14,353",68,4,,133,"6,042,361","407,886","6,450,247","144,362","22,392","12,814","2,532"
Locality: 027 BUCHANAN COUNTY,0202,202 - BULL,863,32,895,2,,,18,"13,807",546,"14,353",68,4,,133,"6,042,361","407,886","6,450,247","144,362","22,392","12,814","2,532"
Locality: 027 BUCHANAN COUNTY,0203,203 - ROCKLICK,"1,030",52,"1,082",5,,,18,"13,807",546,"14,353",68,4,,133,"6,042,361","407,886","6,450,247","144,362","22,392","12,814","2,532"
Locality: 027 BUCHANAN COUNTY,0301,301 - SLATE,"1,181",45,"1,226",5,,,18,"13,807",546,"14,353",68,4,,133,"6,042,361","407,886","6,450,247","144,362","22,392","12,814","2,532"
Locality: 027 BUCHANAN COUNTY,0302,302 - NORTH GRUNDY,971,57,"1,028",4,,,18,"13,807",546,"14,353",68,4,,133,"6,042,361","407,886","6,450,247","144,362","22,392","12,814","2,532"
Locality: 027 BUCHANAN COUNTY,0403,403 - SOUTH GRUNDY,976,32,"1,008",10,4,,18,"13,807",546,"14,353",68,4,,133,"6,042,361","407,886","6,450,247","144,362","22,392","12,814","2,532"
Locality: 027 BUCHANAN COUNTY,0404,404 - OAKWOOD,124,9,133,2,,,18,"13,807",546,"14,353",68,4,,133,"6,042,361","407,886","6,450,247","144,362","22,392","12,814","2,532"
Locality: 027 BUCHANAN COUNTY,0405,405 - Grundy,553,55,608,7,,,18,"13,807",546,"14,353",68,4,,133,"6,042,361","407,886","6,450,247","144,362","22,392","12,814","2,532"
Locality: 027 BUCHANAN COUNTY,0501,501 - PRATER,870,20,890,7,,,18,"13,807",546,"14,353",68,4,,133,"6,042,361","407,886","6,450,247","144,362","22,392","12,814","2,532"
Locality: 027 BUCHANAN COUNTY,0502,502 - FOX,277,10,287,1,,,18,"13,807",546,"14,353",68,4,,133,"6,042,361","407,886","6,450,247","144,362","22,392","12,814","2,532"
Locality: 027 BUCHANAN COUNTY,0503,503 - VANSANT,819,26,845,3,,,18,"13,807",546,"14,353",68,4,,133,"6,042,361","407,886","6,450,247","144,362","22,392","12,814","2,532"
Locality: 027 BUCHANAN COUNTY,0601,601 - COUNCIL,600,12,612,1,,,18,"13,807",546,"14,353",68,4,,133,"6,042,361","407,886","6,450,247","144,362","22,392","12,814","2,532"
Locality: 027 BUCHANAN COUNTY,0602,602 - GARDEN,843,25,868,3,,,18,"13,807",546,"14,353",68,4,,133,"6,042,361","407,886","6,450,247","144,362","22,392","12,814","2,532"
Locality: 027 BUCHANAN COUNTY,0603,603 - HURRICANE,525,17,542,6,,,18,"13,807",546,"14,353",68,4,,133,"6,042,361","407,886","6,450,247","144,362","22,392","12,814","2,532"
Locality: 027 BUCHANAN COUNTY,0701,701 - WHITEWOOD,"1,119",41,"1,160",4,,,18,"13,807",546,"14,353",68,4,,133,"6,042,361","407,886","6,450,247","144,362","22,392","12,814","2,532"
Locality: 027 BUCHANAN COUNTY,0702,702 - CONTRARY,823,29,852,6,,,18,"13,807",546,"14,353",68,4,,133,"6,042,361","407,886","6,450,247","144,362","22,392","12,814","2,532"
Locality: 029 BUCKINGHAM COUNTY,0101,101 - NEW CANTON,"1,682",69,"1,751",13,1,,10,"11,151",471,"11,622",117,16,17,133,"6,042,361","407,886","6,450,247","144,362","22,392","12,814","2,532"
Locality: 029 BUCKINGHAM COUNTY,0201,201 - WHITE HALL,"1,560",69,"1,629",17,,7,10,"11,151",471,"11,622",117,16,17,133,"6,042,361","407,886","6,450,247","144,362","22,392","12,814","2,532"
Locality: 029 BUCKINGHAM COUNTY,0301,301 - CURDSVILLE,"1,008",50,"1,058",11,1,,10,"11,151",471,"11,622",117,16,17,133,"6,042,361","407,886","6,450,247","144,362","22,392","12,814","2,532"
Locality: 029 BUCKINGHAM COUNTY,0302,302 - NEW STORE,593,26,619,8,2,,10,"11,151",471,"11,622",117,16,17,133,"6,042,361","407,886","6,450,247","144,362","22,392","12,814","2,532"
Locality: 029 BUCKINGHAM COUNTY,0401,401 - MAYSVILLE,"1,661",66,"1,727",18,4,2,10,"11,151",471,"11,622",117,16,17,133,"6,042,361","407,886","6,450,247","144,362","22,392","12,814","2,532"
Locality: 029 BUCKINGHAM COUNTY,0501,501 - WRIGHTS,563,26,589,8,,,10,"11,151",471,"11,622",117,16,17,133,"6,042,361","407,886","6,450,247","144,362","22,392","12,814","2,532"
Locality: 029 BUCKINGHAM COUNTY,0502,502 - GLENMORE,"1,079",52,"1,131",15,2,8,10,"11,151",471,"11,622",117,16,17,133,"6,042,361","407,886","6,450,247","144,362","22,392","12,814","2,532"
Locality: 029 BUCKINGHAM COUNTY,0601,601 - SLATE RIVER,872,27,899,9,,,10,"11,151",471,"11,622",117,16,17,133,"6,042,361","407,886","6,450,247","144,362","22,392","12,814","2,532"
Locality: 029 BUCKINGHAM COUNTY,0602,602  - GEORGIA CREEK,946,46,992,9,6,,10,"11,151",471,"11,622",117,16,17,133,"6,042,361","407,886","6,450,247","144,362","22,392","12,814","2,532"
Locality: 029 BUCKINGHAM COUNTY,0701,701 - GOLD HILL,"1,187",40,"1,227",9,,,10,"11,151",471,"11,622",117,16,17,133,"6,042,361","407,886","6,450,247","144,362","22,392","12,814","2,532"
Locality: 031 CAMPBELL COUNTY,0101,101 - BROOKVILLE,"3,003",99,"3,102",56,9,3,16,"41,679","1,811","43,490",506,81,15,133,"6,042,361","407,886","6,450,247","144,362","22,392","12,814","2,532"
Locality: 031 CAMPBELL COUNTY,0102,102 - NEW LONDON,"2,853",157,"3,010",41,2,1,16,"41,679","1,811","43,490",506,81,15,133,"6,042,361","407,886","6,450,247","144,362","22,392","12,814","2,532"
Locality: 031 CAMPBELL COUNTY,0201,201 - WALKER,"3,168",236,"3,404",50,9,4,16,"41,679","1,811","43,490",506,81,15,133,"6,042,361","407,886","6,450,247","144,362","22,392","12,814","2,532"
Locality: 031 CAMPBELL COUNTY,0202,202 - BEDFORD SPRINGS,"2,977",159,"3,136",37,11,1,16,"41,679","1,811","43,490",506,81,15,133,"6,042,361","407,886","6,450,247","144,362","22,392","12,814","2,532"
Locality: 031 CAMPBELL COUNTY,0301,301 - EVINGTON,"1,524",38,"1,562",14,4,,16,"41,679","1,811","43,490",506,81,15,133,"6,042,361","407,886","6,450,247","144,362","22,392","12,814","2,532"
Locality: 031 CAMPBELL COUNTY,0302,302 - OTTER RIVER,"2,017",53,"2,070",18,3,,16,"41,679","1,811","43,490",506,81,15,133,"6,042,361","407,886","6,450,247","144,362","22,392","12,814","2,532"
Locality: 031 CAMPBELL COUNTY,0303,303 - ALTAVISTA,"2,380",100,"2,480",18,2,,16,"41,679","1,811","43,490",506,81,15,133,"6,042,361","407,886","6,450,247","144,362","22,392","12,814","2,532"
Locality: 031 CAMPBELL COUNTY,0401,401 - THREE FORKS,"2,208",37,"2,245",16,2,1,16,"41,679","1,811","43,490",506,81,15,133,"6,042,361","407,886","6,450,247","144,362","22,392","12,814","2,532"
Locality: 031 CAMPBELL COUNTY,0402,402 - COURTHOUSE,"4,428",166,"4,594",44,6,1,16,"41,679","1,811","43,490",506,81,15,133,"6,042,361","407,886","6,450,247","144,362","22,392","12,814","2,532"
Locality: 031 CAMPBELL COUNTY,0501,501 - SPRING HILL,"3,487",215,"3,702",55,13,,16,"41,679","1,811","43,490",506,81,15,133,"6,042,361","407,886","6,450,247","144,362","22,392","12,814","2,532"
Locality: 031 CAMPBELL COUNTY,0502,502 - YELLOW BRANCH,"2,099",93,"2,192",30,2,1,16,"41,679","1,811","43,490",506,81,15,133,"6,042,361","407,886","6,450,247","144,362","22,392","12,814","2,532"
Locality: 031 CAMPBELL COUNTY,0601,601 - KINGS,"2,646",116,"2,762",28,4,,16,"41,679","1,811","43,490",506,81,15,133,"6,042,361","407,886","6,450,247","144,362","22,392","12,814","2,532"
Locality: 031 CAMPBELL COUNTY,0602,602 - CONCORD,"3,162",100,"3,262",37,5,1,16,"41,679","1,811","43,490",506,81,15,133,"6,042,361","407,886","6,450,247","144,362","22,392","12,814","2,532"
Locality: 031 CAMPBELL COUNTY,0701,701 - BROOKNEAL,669,33,702,7,3,,16,"41,679","1,811","43,490",506,81,15,133,"6,042,361","407,886","6,450,247","144,362","22,392","12,814","2,532"
Locality: 031 CAMPBELL COUNTY,0702,702 - GLADYS,"3,634",168,"3,802",41,5,,16,"41,679","1,811","43,490",506,81,15,133,"6,042,361","407,886","6,450,247","144,362","22,392","12,814","2,532"
Locality: 031 CAMPBELL COUNTY,0703,703 - MORRIS CHURCH,"1,424",41,"1,465",14,1,2,16,"41,679","1,811","43,490",506,81,15,133,"6,042,361","407,886","6,450,247","144,362","22,392","12,814","2,532"
Locality: 033 CAROLINE COUNTY,0101,101 - BOWLING GREEN,"2,569",132,"2,701",53,2,,13,"24,499","1,144","25,643",397,36,13,133,"6,042,361","407,886","6,450,247","144,362","22,392","12,814","2,532"
Locality: 033 CAROLINE COUNTY,0102,102 - SPARTA,"1,553",61,"1,614",18,1,1,13,"24,499","1,144","25,643",397,36,13,133,"6,042,361","407,886","6,450,247","144,362","22,392","12,814","2,532"
Locality: 033 CAROLINE COUNTY,0201,201 - NORTH MADISON,"1,662",78,"1,740",27,2,1,13,"24,499","1,144","25,643",397,36,13,133,"6,042,361","407,886","6,450,247","144,362","22,392","12,814","2,532"
Locality: 033 CAROLINE COUNTY,0202,202 - SOUTH MADISON,"3,292",162,"3,454",56,4,1,13,"24,499","1,144","25,643",397,36,13,133,"6,042,361","407,886","6,450,247","144,362","22,392","12,814","2,532"
Locality: 033 CAROLINE COUNTY,0301,301 - PORT ROYAL,"1,015",79,"1,094",18,3,2,13,"24,499","1,144","25,643",397,36,13,133,"6,042,361","407,886","6,450,247","144,362","22,392","12,814","2,532"
Locality: 033 CAROLINE COUNTY,0302,302 - WOODFORD,"2,111",66,"2,177",33,6,1,13,"24,499","1,144","25,643",397,36,13,133,"6,042,361","407,886","6,450,247","144,362","22,392","12,814","2,532"
Locality: 033 CAROLINE COUNTY,0303,303 - WRIGHTS CHAPEL,486,27,513,4,,1,13,"24,499","1,144","25,643",397,36,13,133,"6,042,361","407,886","6,450,247","144,362","22,392","12,814","2,532"
Locality: 033 CAROLINE COUNTY,0401,401 - DAWN,"3,039",104,"3,143",30,4,,13,"24,499","1,144","25,643",397,36,13,133,"6,042,361","407,886","6,450,247","144,362","22,392","12,814","2,532"
Locality: 033 CAROLINE COUNTY,0402,402 - CARMEL CHURCH,953,28,981,10,,,13,"24,499","1,144","25,643",397,36,13,133,"6,042,361","407,886","6,450,247","144,362","22,392","12,814","2,532"
Locality: 033 CAROLINE COUNTY,0501,501 - WEST MATTAPONI,"2,013",78,"2,091",25,4,2,13,"24,499","1,144","25,643",397,36,13,133,"6,042,361","407,886","6,450,247","144,362","22,392","12,814","2,532"
Locality: 033 CAROLINE COUNTY,0502,502 - MILFORD,"1,868",80,"1,948",34,1,,13,"24,499","1,144","25,643",397,36,13,133,"6,042,361","407,886","6,450,247","144,362","22,392","12,814","2,532"
Locality: 033 CAROLINE COUNTY,0601,601 - CHILESBURG,"2,220",127,"2,347",46,6,1,13,"24,499","1,144","25,643",397,36,13,133,"6,042,361","407,886","6,450,247","144,362","22,392","12,814","2,532"
Locality: 033 CAROLINE COUNTY,0602,602 - LAKE,"1,718",122,"1,840",43,3,3,13,"24,499","1,144","25,643",397,36,13,133,"6,042,361","407,886","6,450,247","144,362","22,392","12,814","2,532"
Locality: 035 CARROLL COUNTY,0101,101 - MT BETHEL,959,38,997,2,,2,16,"21,755",727,"22,482",133,3,8,133,"6,042,361","407,886","6,450,247","144,362","22,392","12,814","2,532"
Locality: 035 CARROLL COUNTY,0102,102 - ST PAUL,"1,327",38,"1,365",4,1,,16,"21,755",727,"22,482",133,3,8,133,"6,042,361","407,886","6,450,247","144,362","22,392","12,814","2,532"
Locality: 035 CARROLL COUNTY,0103,103 - LAMBSBURG,843,30,873,7,,,16,"21,755",727,"22,482",133,3,8,133,"6,042,361","407,886","6,450,247","144,362","22,392","12,814","2,532"
Locality: 035 CARROLL COUNTY,0105,105 - FANCY GAP,"1,223",55,"1,278",10,,1,16,"21,755",727,"22,482",133,3,8,133,"6,042,361","407,886","6,450,247","144,362","22,392","12,814","2,532"
Locality: 035 CARROLL COUNTY,0201,201 - HILLSVILLE B,"2,387",80,"2,467",9,,2,16,"21,755",727,"22,482",133,3,8,133,"6,042,361","407,886","6,450,247","144,362","22,392","12,814","2,532"
Locality: 035 CARROLL COUNTY,0202,202 - LAUREL FORK,900,25,925,11,1,,16,"21,755",727,"22,482",133,3,8,133,"6,042,361","407,886","6,450,247","144,362","22,392","12,814","2,532"
Locality: 035 CARROLL COUNTY,0203,203 - GLADESBORO,"1,231",40,"1,271",8,1,1,16,"21,755",727,"22,482",133,3,8,133,"6,042,361","407,886","6,450,247","144,362","22,392","12,814","2,532"
Locality: 035 CARROLL COUNTY,0301,301 - HILLSVILLE C,"2,714",93,"2,807",15,,1,16,"21,755",727,"22,482",133,3,8,133,"6,042,361","407,886","6,450,247","144,362","22,392","12,814","2,532"
Locality: 035 CARROLL COUNTY,0302,302 - SYLVATUS,990,27,"1,017",5,,,16,"21,755",727,"22,482",133,3,8,133,"6,042,361","407,886","6,450,247","144,362","22,392","12,814","2,532"
Locality: 035 CARROLL COUNTY,0303,303 - DUGSPUR,522,24,546,5,,,16,"21,755",727,"22,482",133,3,8,133,"6,042,361","407,886","6,450,247","144,362","22,392","12,814","2,532"
Locality: 035 CARROLL COUNTY,0401,401 - OAKLAND,"1,990",57,"2,047",14,,1,16,"21,755",727,"22,482",133,3,8,133,"6,042,361","407,886","6,450,247","144,362","22,392","12,814","2,532"
Locality: 035 CARROLL COUNTY,0402,402 - WOODLAWN D,"2,290",86,"2,376",20,,,16,"21,755",727,"22,482",133,3,8,133,"6,042,361","407,886","6,450,247","144,362","22,392","12,814","2,532"
Locality: 035 CARROLL COUNTY,0501,501 - VAUGHAN,669,23,692,2,,,16,"21,755",727,"22,482",133,3,8,133,"6,042,361","407,886","6,450,247","144,362","22,392","12,814","2,532"
Locality: 035 CARROLL COUNTY,0502,502 - GLADEVILLE,"1,805",50,"1,855",10,,,16,"21,755",727,"22,482",133,3,8,133,"6,042,361","407,886","6,450,247","144,362","22,392","12,814","2,532"
Locality: 035 CARROLL COUNTY,0503,503 - WOODLAWN E,896,27,923,4,,,16,"21,755",727,"22,482",133,3,8,133,"6,042,361","407,886","6,450,247","144,362","22,392","12,814","2,532"
Locality: 035 CARROLL COUNTY,0504,504 - LAUREL,"1,009",34,"1,043",7,,,16,"21,755",727,"22,482",133,3,8,133,"6,042,361","407,886","6,450,247","144,362","22,392","12,814","2,532"
Locality: 036 CHARLES CITY COUNTY,0101,101 - PRECINCT 1-1,"1,986",62,"2,048",12,3,3,3,"5,749",181,"5,930",33,8,9,133,"6,042,361","407,886","6,450,247","144,362","22,392","12,814","2,532"
Locality: 036 CHARLES CITY COUNTY,0201,201 - PRECINCT 2-1,"1,857",49,"1,906",7,,1,3,"5,749",181,"5,930",33,8,9,133,"6,042,361","407,886","6,450,247","144,362","22,392","12,814","2,532"
Locality: 036 CHARLES CITY COUNTY,0301,301 - PRECINCT 3-1,"1,906",70,"1,976",14,5,5,3,"5,749",181,"5,930",33,8,9,133,"6,042,361","407,886","6,450,247","144,362","22,392","12,814","2,532"
Locality: 037 CHARLOTTE COUNTY,0101,101 - COUNTY SEAT,"1,294",60,"1,354",8,3,,7,"8,234",381,"8,615",68,11,4,133,"6,042,361","407,886","6,450,247","144,362","22,392","12,814","2,532"
Locality: 037 CHARLOTTE COUNTY,0201,201 - RED OAK WYLLIESBURG,"1,229",32,"1,261",12,,1,7,"8,234",381,"8,615",68,11,4,133,"6,042,361","407,886","6,450,247","144,362","22,392","12,814","2,532"
Locality: 037 CHARLOTTE COUNTY,0302,302 - DRAKES BRANCH,"1,022",65,"1,087",6,,1,7,"8,234",381,"8,615",68,11,4,133,"6,042,361","407,886","6,450,247","144,362","22,392","12,814","2,532"
Locality: 037 CHARLOTTE COUNTY,0401,401 - KEYSVILLE,"1,135",46,"1,181",11,1,1,7,"8,234",381,"8,615",68,11,4,133,"6,042,361","407,886","6,450,247","144,362","22,392","12,814","2,532"
Locality: 037 CHARLOTTE COUNTY,0501,501 - CULLEN/RED HOUSE,"1,125",75,"1,200",12,4,,7,"8,234",381,"8,615",68,11,4,133,"6,042,361","407,886","6,450,247","144,362","22,392","12,814","2,532"
Locality: 037 CHARLOTTE COUNTY,0602,602 - PHENIX,"1,229",58,"1,287",6,2,1,7,"8,234",381,"8,615",68,11,4,133,"6,042,361","407,886","6,450,247","144,362","22,392","12,814","2,532"
Locality: 037 CHARLOTTE COUNTY,0702,702 - BACON/SAXE,"1,200",45,"1,245",13,1,,7,"8,234",381,"8,615",68,11,4,133,"6,042,361","407,886","6,450,247","144,362","22,392","12,814","2,532"
Locality: 041 CHESTERFIELD COUNTY,0101,101 - BELLWOOD,"2,659",145,"2,804",36,2,1,78,"276,607","12,220","288,827","5,022",534,366,133,"6,042,361","407,886","6,450,247","144,362","22,392","12,814","2,532"
Locality: 041 CHESTERFIELD COUNTY,0102,102 - SOUTH CHESTER,"3,658",215,"3,873",110,7,10,78,"276,607","12,220","288,827","5,022",534,366,133,"6,042,361","407,886","6,450,247","144,362","22,392","12,814","2,532"
Locality: 041 CHESTERFIELD COUNTY,0103,103 - ENON,"5,714",268,"5,982",255,4,6,78,"276,607","12,220","288,827","5,022",534,366,133,"6,042,361","407,886","6,450,247","144,362","22,392","12,814","2,532"
Locality: 041 CHESTERFIELD COUNTY,0104,104 - NORTH CHESTER,"4,546",221,"4,767",137,5,5,78,"276,607","12,220","288,827","5,022",534,366,133,"6,042,361","407,886","6,450,247","144,362","22,392","12,814","2,532"
Locality: 041 CHESTERFIELD COUNTY,0105,105 - DREWRYS BLUFF,"3,131",280,"3,411",39,1,2,78,"276,607","12,220","288,827","5,022",534,366,133,"6,042,361","407,886","6,450,247","144,362","22,392","12,814","2,532"
Locality: 041 CHESTERFIELD COUNTY,0106,106 - HARROWGATE,"5,089",199,"5,288",169,13,5,78,"276,607","12,220","288,827","5,022",534,366,133,"6,042,361","407,886","6,450,247","144,362","22,392","12,814","2,532"
Locality: 041 CHESTERFIELD COUNTY,0108,108 - ECOFF,"5,784",266,"6,050",153,9,2,78,"276,607","12,220","288,827","5,022",534,366,133,"6,042,361","407,886","6,450,247","144,362","22,392","12,814","2,532"
Locality: 041 CHESTERFIELD COUNTY,0109,109 - ELIZABETH SCOTT,"5,524",276,"5,800",237,23,9,78,"276,607","12,220","288,827","5,022",534,366,133,"6,042,361","407,886","6,450,247","144,362","22,392","12,814","2,532"
Locality: 041 CHESTERFIELD COUNTY,0110,110 - DUTCH GAP,"2,268",80,"2,348",81,8,6,78,"276,607","12,220","288,827","5,022",534,366,133,"6,042,361","407,886","6,450,247","144,362","22,392","12,814","2,532"
Locality: 041 CHESTERFIELD COUNTY,0111,111 - IRON BRIDGE,"3,131",154,"3,285",82,1,3,78,"276,607","12,220","288,827","5,022",534,366,133,"6,042,361","407,886","6,450,247","144,362","22,392","12,814","2,532"
Locality: 041 CHESTERFIELD COUNTY,0112,112 - CARVER,"2,969",103,"3,072",104,7,2,78,"276,607","12,220","288,827","5,022",534,366,133,"6,042,361","407,886","6,450,247","144,362","22,392","12,814","2,532"
Locality: 041 CHESTERFIELD COUNTY,0113,113 - IRON BRIDGE NORTH,"3,518",180,"3,698",75,7,3,78,"276,607","12,220","288,827","5,022",534,366,133,"6,042,361","407,886","6,450,247","144,362","22,392","12,814","2,532"
Locality: 041 CHESTERFIELD COUNTY,0115,115 - CRESTHILL,"4,004",251,"4,255",137,2,2,78,"276,607","12,220","288,827","5,022",534,366,133,"6,042,361","407,886","6,450,247","144,362","22,392","12,814","2,532"
Locality: 041 CHESTERFIELD COUNTY,0201,201 - GATES,979,39,"1,018",8,,4,78,"276,607","12,220","288,827","5,022",534,366,133,"6,042,361","407,886","6,450,247","144,362","22,392","12,814","2,532"
Locality: 041 CHESTERFIELD COUNTY,0202,202 - BEULAH,"4,383",158,"4,541",88,4,1,78,"276,607","12,220","288,827","5,022",534,366,133,"6,042,361","407,886","6,450,247","144,362","22,392","12,814","2,532"
Locality: 041 CHESTERFIELD COUNTY,0203,203 - BIRD,"3,671",125,"3,796",57,2,1,78,"276,607","12,220","288,827","5,022",534,366,133,"6,042,361","407,886","6,450,247","144,362","22,392","12,814","2,532"
Locality: 041 CHESTERFIELD COUNTY,0205,205 - FALLING CREEK,"3,707",399,"4,106",72,3,1,78,"276,607","12,220","288,827","5,022",534,366,133,"6,042,361","407,886","6,450,247","144,362","22,392","12,814","2,532"
Locality: 041 CHESTERFIELD COUNTY,0207,207 - CHIPPENHAM,"4,919",244,"5,163",68,2,2,78,"276,607","12,220","288,827","5,022",534,366,133,"6,042,361","407,886","6,450,247","144,362","22,392","12,814","2,532"
Locality: 041 CHESTERFIELD COUNTY,0208,208 - MEADOWBROOK,"3,854",142,"3,996",66,4,3,78,"276,607","12,220","288,827","5,022",534,366,133,"6,042,361","407,886","6,450,247","144,362","22,392","12,814","2,532"
Locality: 041 CHESTERFIELD COUNTY,0209,209 - SALEM CHURCH,"3,761",127,"3,888",82,10,5,78,"276,607","12,220","288,827","5,022",534,366,133,"6,042,361","407,886","6,450,247","144,362","22,392","12,814","2,532"
Locality: 041 CHESTERFIELD COUNTY,0210,210 - FIVE FORKS,"5,302",200,"5,502",106,2,5,78,"276,607","12,220","288,827","5,022",534,366,133,"6,042,361","407,886","6,450,247","144,362","22,392","12,814","2,532"
Locality: 041 CHESTERFIELD COUNTY,0211,211 - NASH,"5,285",156,"5,441",134,11,2,78,"276,607","12,220","288,827","5,022",534,366,133,"6,042,361","407,886","6,450,247","144,362","22,392","12,814","2,532"
Locality: 041 CHESTERFIELD COUNTY,0213,213 - SOUTHSIDE,"2,307",120,"2,427",40,2,2,78,"276,607","12,220","288,827","5,022",534,366,133,"6,042,361","407,886","6,450,247","144,362","22,392","12,814","2,532"
Locality: 041 CHESTERFIELD COUNTY,0218,218 - NEW MANCHESTER,"1,689",65,"1,754",30,1,1,78,"276,607","12,220","288,827","5,022",534,366,133,"6,042,361","407,886","6,450,247","144,362","22,392","12,814","2,532"
Locality: 041 CHESTERFIELD COUNTY,0219,219 - GATES EAST,"1,817",113,"1,930",25,1,1,78,"276,607","12,220","288,827","5,022",534,366,133,"6,042,361","407,886","6,450,247","144,362","22,392","12,814","2,532"
Locality: 041 CHESTERFIELD COUNTY,0220,220 - FALLING CREEK EAST,479,41,520,8,1,1,78,"276,607","12,220","288,827","5,022",534,366,133,"6,042,361","407,886","6,450,247","144,362","22,392","12,814","2,532"
Locality: 041 CHESTERFIELD COUNTY,0221,221 - OXBRIDGE,"4,359",199,"4,558",63,4,1,78,"276,607","12,220","288,827","5,022",534,366,133,"6,042,361","407,886","6,450,247","144,362","22,392","12,814","2,532"
Locality: 041 CHESTERFIELD COUNTY,0222,222 - TURNER,"3,021",271,"3,292",44,4,11,78,"276,607","12,220","288,827","5,022",534,366,133,"6,042,361","407,886","6,450,247","144,362","22,392","12,814","2,532"
Locality: 041 CHESTERFIELD COUNTY,0301,301 - ETTRICK,"5,746",380,"6,126",62,2,4,78,"276,607","12,220","288,827","5,022",534,366,133,"6,042,361","407,886","6,450,247","144,362","22,392","12,814","2,532"
Locality: 041 CHESTERFIELD COUNTY,0303,303 - MATOACA,"4,710",121,"4,831",90,5,,78,"276,607","12,220","288,827","5,022",534,366,133,"6,042,361","407,886","6,450,247","144,362","22,392","12,814","2,532"
Locality: 041 CHESTERFIELD COUNTY,0304,304 - WINFREES STORE,"2,884",74,"2,958",40,3,,78,"276,607","12,220","288,827","5,022",534,366,133,"6,042,361","407,886","6,450,247","144,362","22,392","12,814","2,532"
Locality: 041 CHESTERFIELD COUNTY,0305,305 - BEACH,"1,305",26,"1,331",21,,,78,"276,607","12,220","288,827","5,022",534,366,133,"6,042,361","407,886","6,450,247","144,362","22,392","12,814","2,532"
Locality: 041 CHESTERFIELD COUNTY,0306,306 - WINTERPOCK,"4,089",95,"4,184",63,8,3,78,"276,607","12,220","288,827","5,022",534,366,133,"6,042,361","407,886","6,450,247","144,362","22,392","12,814","2,532"
Locality: 041 CHESTERFIELD COUNTY,0307,307 - COSBY,"3,899",154,"4,053",68,8,2,78,"276,607","12,220","288,827","5,022",534,366,133,"6,042,361","407,886","6,450,247","144,362","22,392","12,814","2,532"
Locality: 041 CHESTERFIELD COUNTY,0309,309 - SKINQUARTER,"3,854",120,"3,974",76,8,6,78,"276,607","12,220","288,827","5,022",534,366,133,"6,042,361","407,886","6,450,247","144,362","22,392","12,814","2,532"
Locality: 041 CHESTERFIELD COUNTY,0313,313 - WOOLRIDGE SOUTH,"3,770",169,"3,939",53,9,2,78,"276,607","12,220","288,827","5,022",534,366,133,"6,042,361","407,886","6,450,247","144,362","22,392","12,814","2,532"
Locality: 041 CHESTERFIELD COUNTY,0314,314 - LONGHOUSE,"2,399",62,"2,461",73,1,1,78,"276,607","12,220","288,827","5,022",534,366,133,"6,042,361","407,886","6,450,247","144,362","22,392","12,814","2,532"
Locality: 041 CHESTERFIELD COUNTY,0315,315 - BAILEY BRIDGE,"3,987",127,"4,114",59,7,1,78,"276,607","12,220","288,827","5,022",534,366,133,"6,042,361","407,886","6,450,247","144,362","22,392","12,814","2,532"
Locality: 041 CHESTERFIELD COUNTY,0316,316 - SPRING RUN,"3,561",127,"3,688",47,6,2,78,"276,607","12,220","288,827","5,022",534,366,133,"6,042,361","407,886","6,450,247","144,362","22,392","12,814","2,532"
Locality: 041 CHESTERFIELD COUNTY,0319,319 - MAGNOLIA,"7,462",292,"7,754",169,12,3,78,"276,607","12,220","288,827","5,022",534,366,133,"6,042,361","407,886","6,450,247","144,362","22,392","12,814","2,532"
Locality: 041 CHESTERFIELD COUNTY,0320,320 - DRY CREEK,"6,181",204,"6,385",115,18,7,78,"276,607","12,220","288,827","5,022",534,366,133,"6,042,361","407,886","6,450,247","144,362","22,392","12,814","2,532"
Locality: 041 CHESTERFIELD COUNTY,0321,321 - CLAYPOINT,"2,982",235,"3,217",49,7,1,78,"276,607","12,220","288,827","5,022",534,366,133,"6,042,361","407,886","6,450,247","144,362","22,392","12,814","2,532"
Locality: 041 CHESTERFIELD COUNTY,0322,322 - HENSLEY,"4,827",138,"4,965",79,13,4,78,"276,607","12,220","288,827","5,022",534,366,133,"6,042,361","407,886","6,450,247","144,362","22,392","12,814","2,532"
Locality: 041 CHESTERFIELD COUNTY,0401,401 - HARBOUR POINTE,"2,286",77,"2,363",32,8,12,78,"276,607","12,220","288,827","5,022",534,366,133,"6,042,361","407,886","6,450,247","144,362","22,392","12,814","2,532"
Locality: 041 CHESTERFIELD COUNTY,0402,402 - GENITO,"3,356",127,"3,483",38,6,7,78,"276,607","12,220","288,827","5,022",534,366,133,"6,042,361","407,886","6,450,247","144,362","22,392","12,814","2,532"
Locality: 041 CHESTERFIELD COUNTY,0403,403 - BRANDERMILL,"3,796",144,"3,940",55,8,3,78,"276,607","12,220","288,827","5,022",534,366,133,"6,042,361","407,886","6,450,247","144,362","22,392","12,814","2,532"
Locality: 041 CHESTERFIELD COUNTY,0404,404 - PROVIDENCE,"3,400",131,"3,531",39,8,8,78,"276,607","12,220","288,827","5,022",534,366,133,"6,042,361","407,886","6,450,247","144,362","22,392","12,814","2,532"
Locality: 041 CHESTERFIELD COUNTY,0405,405 - LA PRADE,"3,376",138,"3,514",28,7,7,78,"276,607","12,220","288,827","5,022",534,366,133,"6,042,361","407,886","6,450,247","144,362","22,392","12,814","2,532"
Locality: 041 CHESTERFIELD COUNTY,0408,408 - REAMS,"2,053",137,"2,190",23,6,11,78,"276,607","12,220","288,827","5,022",534,366,133,"6,042,361","407,886","6,450,247","144,362","22,392","12,814","2,532"
Locality: 041 CHESTERFIELD COUNTY,0410,410 - WAGSTAFF,767,32,799,11,1,1,78,"276,607","12,220","288,827","5,022",534,366,133,"6,042,361","407,886","6,450,247","144,362","22,392","12,814","2,532"
Locality: 041 CHESTERFIELD COUNTY,0411,411 - SWIFT CREEK,"3,213",111,"3,324",36,10,10,78,"276,607","12,220","288,827","5,022",534,366,133,"6,042,361","407,886","6,450,247","144,362","22,392","12,814","2,532"
Locality: 041 CHESTERFIELD COUNTY,0412,412 - CLOVER HILL,"4,798",221,"5,019",94,5,2,78,"276,607","12,220","288,827","5,022",534,366,133,"6,042,361","407,886","6,450,247","144,362","22,392","12,814","2,532"
Locality: 041 CHESTERFIELD COUNTY,0413,413 - SHENANDOAH,"2,961",143,"3,104",24,9,7,78,"276,607","12,220","288,827","5,022",534,366,133,"6,042,361","407,886","6,450,247","144,362","22,392","12,814","2,532"
Locality: 041 CHESTERFIELD COUNTY,0414,414 - CRENSHAW,"6,198",321,"6,519",100,7,7,78,"276,607","12,220","288,827","5,022",534,366,133,"6,042,361","407,886","6,450,247","144,362","22,392","12,814","2,532"
Locality: 041 CHESTERFIELD COUNTY,0415,415 - EVERGREEN,"3,646",122,"3,768",51,9,1,78,"276,607","12,220","288,827","5,022",534,366,133,"6,042,361","407,886","6,450,247","144,362","22,392","12,814","2,532"
Locality: 041 CHESTERFIELD COUNTY,0418,418 - WOOLRIDGE NORTH,"2,269",91,"2,360",44,9,8,78,"276,607","12,220","288,827","5,022",534,366,133,"6,042,361","407,886","6,450,247","144,362","22,392","12,814","2,532"
Locality: 041 CHESTERFIELD COUNTY,0419,419 - NORTH COURTHOUSE,"2,493",110,"2,603",34,7,1,78,"276,607","12,220","288,827","5,022",534,366,133,"6,042,361","407,886","6,450,247","144,362","22,392","12,814","2,532"
Locality: 041 CHESTERFIELD COUNTY,0420,420 - NEW TOMAHAWK,"3,305",118,"3,423",59,8,14,78,"276,607","12,220","288,827","5,022",534,366,133,"6,042,361","407,886","6,450,247","144,362","22,392","12,814","2,532"
Locality: 041 CHESTERFIELD COUNTY,0421,421 - LUCKS LANE,"4,573",155,"4,728",35,17,10,78,"276,607","12,220","288,827","5,022",534,366,133,"6,042,361","407,886","6,450,247","144,362","22,392","12,814","2,532"
Locality: 041 CHESTERFIELD COUNTY,0422,422 - OTTERDALE,"5,522",272,"5,794",88,12,12,78,"276,607","12,220","288,827","5,022",534,366,133,"6,042,361","407,886","6,450,247","144,362","22,392","12,814","2,532"
Locality: 041 CHESTERFIELD COUNTY,0503,503 - MIDLOTHIAN,"4,845",237,"5,082",69,6,7,78,"276,607","12,220","288,827","5,022",534,366,133,"6,042,361","407,886","6,450,247","144,362","22,392","12,814","2,532"
Locality: 041 CHESTERFIELD COUNTY,0504,504 - ROBIOUS,"5,190",158,"5,348",37,20,15,78,"276,607","12,220","288,827","5,022",534,366,133,"6,042,361","407,886","6,450,247","144,362","22,392","12,814","2,532"
Locality: 041 CHESTERFIELD COUNTY,0505,505 - BON AIR,"3,135",91,"3,226",20,9,12,78,"276,607","12,220","288,827","5,022",534,366,133,"6,042,361","407,886","6,450,247","144,362","22,392","12,814","2,532"
Locality: 041 CHESTERFIELD COUNTY,0506,506 - GREENFIELD,"3,240",133,"3,373",23,11,4,78,"276,607","12,220","288,827","5,022",534,366,133,"6,042,361","407,886","6,450,247","144,362","22,392","12,814","2,532"
Locality: 041 CHESTERFIELD COUNTY,0507,507 - SALISBURY,"4,239",102,"4,341",34,18,7,78,"276,607","12,220","288,827","5,022",534,366,133,"6,042,361","407,886","6,450,247","144,362","22,392","12,814","2,532"
Locality: 041 CHESTERFIELD COUNTY,0508,508 - BELGRADE,"4,142",186,"4,328",66,14,10,78,"276,607","12,220","288,827","5,022",534,366,133,"6,042,361","407,886","6,450,247","144,362","22,392","12,814","2,532"
Locality: 041 CHESTERFIELD COUNTY,0509,509 - CRANBECK,"2,395",175,"2,570",30,6,3,78,"276,607","12,220","288,827","5,022",534,366,133,"6,042,361","407,886","6,450,247","144,362","22,392","12,814","2,532"
Locality: 041 CHESTERFIELD COUNTY,0510,510 - SYCAMORE,"1,447",39,"1,486",23,3,,78,"276,607","12,220","288,827","5,022",534,366,133,"6,042,361","407,886","6,450,247","144,362","22,392","12,814","2,532"
Locality: 041 CHESTERFIELD COUNTY,0511,511 - BLACK HEATH,"2,060",50,"2,110",14,6,5,78,"276,607","12,220","288,827","5,022",534,366,133,"6,042,361","407,886","6,450,247","144,362","22,392","12,814","2,532"
Locality: 041 CHESTERFIELD COUNTY,0513,513 - BEAUFONT,"2,193",256,"2,449",43,3,8,78,"276,607","12,220","288,827","5,022",534,366,133,"6,042,361","407,886","6,450,247","144,362","22,392","12,814","2,532"
Locality: 041 CHESTERFIELD COUNTY,0514,514 - WATKINS,"4,142",135,"4,277",54,9,9,78,"276,607","12,220","288,827","5,022",534,366,133,"6,042,361","407,886","6,450,247","144,362","22,392","12,814","2,532"
Locality: 041 CHESTERFIELD COUNTY,0515,515 - DAVIS,"3,427",301,"3,728",72,6,5,78,"276,607","12,220","288,827","5,022",534,366,133,"6,042,361","407,886","6,450,247","144,362","22,392","12,814","2,532"
Locality: 041 CHESTERFIELD COUNTY,0516,516 - POCOSHOCK NORTH,"1,189",39,"1,228",21,1,1,78,"276,607","12,220","288,827","5,022",534,366,133,"6,042,361","407,886","6,450,247","144,362","22,392","12,814","2,532"
Locality: 041 CHESTERFIELD COUNTY,0517,517 - ROSELAND,"3,042",97,"3,139",26,5,,78,"276,607","12,220","288,827","5,022",534,366,133,"6,042,361","407,886","6,450,247","144,362","22,392","12,814","2,532"
Locality: 041 CHESTERFIELD COUNTY,0518,518 - MIDLOTHIAN NORTH,"4,218",210,"4,428",44,8,1,78,"276,607","12,220","288,827","5,022",534,366,133,"6,042,361","407,886","6,450,247","144,362","22,392","12,814","2,532"
Locality: 041 CHESTERFIELD COUNTY,0519,519 - BUFORD,413,13,426,6,2,,78,"276,607","12,220","288,827","5,022",534,366,133,"6,042,361","407,886","6,450,247","144,362","22,392","12,814","2,532"
Locality: 041 CHESTERFIELD COUNTY,0520,520 - WALTON PARK,"2,171",74,"2,245",34,6,4,78,"276,607","12,220","288,827","5,022",534,366,133,"6,042,361","407,886","6,450,247","144,362","22,392","12,814","2,532"
Locality: 041 CHESTERFIELD COUNTY,0521,521 - ROCKAWAY,"3,923",113,"4,036",45,17,21,78,"276,607","12,220","288,827","5,022",534,366,133,"6,042,361","407,886","6,450,247","144,362","22,392","12,814","2,532"
Locality: 043 CLARKE COUNTY,0101,101 - RUSSELL,"2,518",113,"2,631",24,6,5,7,"12,120",706,"12,826",126,45,33,133,"6,042,361","407,886","6,450,247","144,362","22,392","12,814","2,532"
Locality: 043 CLARKE COUNTY,0201,201 - BERRYVILLE,"2,394",181,"2,575",23,7,7,7,"12,120",706,"12,826",126,45,33,133,"6,042,361","407,886","6,450,247","144,362","22,392","12,814","2,532"
Locality: 043 CLARKE COUNTY,0301,301 - MILLWOOD,"1,886",123,"2,009",22,8,8,7,"12,120",706,"12,826",126,45,33,133,"6,042,361","407,886","6,450,247","144,362","22,392","12,814","2,532"
Locality: 043 CLARKE COUNTY,0302,302 - PINE GROVE,766,30,796,6,5,2,7,"12,120",706,"12,826",126,45,33,133,"6,042,361","407,886","6,450,247","144,362","22,392","12,814","2,532"
Locality: 043 CLARKE COUNTY,0401,401 - WHITE POST,"2,315",128,"2,443",22,10,7,7,"12,120",706,"12,826",126,45,33,133,"6,042,361","407,886","6,450,247","144,362","22,392","12,814","2,532"
Locality: 043 CLARKE COUNTY,0501,501 - BUCKMARSH,"1,608",101,"1,709",24,7,4,7,"12,120",706,"12,826",126,45,33,133,"6,042,361","407,886","6,450,247","144,362","22,392","12,814","2,532"
Locality: 043 CLARKE COUNTY,0502,502 - BLUE RIDGE,633,30,663,5,2,,7,"12,120",706,"12,826",126,45,33,133,"6,042,361","407,886","6,450,247","144,362","22,392","12,814","2,532"
Locality: 045 CRAIG COUNTY,0101,101 - COURT HOUSE,710,43,753,4,,,8,"3,826",168,"3,994",30,2,4,133,"6,042,361","407,886","6,450,247","144,362","22,392","12,814","2,532"
Locality: 045 CRAIG COUNTY,0201,201 - AMMENDALE PRECINCT,778,22,800,6,,,8,"3,826",168,"3,994",30,2,4,133,"6,042,361","407,886","6,450,247","144,362","22,392","12,814","2,532"
Locality: 045 CRAIG COUNTY,0301,301 - GIVENS & REYNOLDS STORE,445,16,461,2,1,,8,"3,826",168,"3,994",30,2,4,133,"6,042,361","407,886","6,450,247","144,362","22,392","12,814","2,532"
Locality: 045 CRAIG COUNTY,0303,303 - MARSHALLS STORE,340,11,351,7,,,8,"3,826",168,"3,994",30,2,4,133,"6,042,361","407,886","6,450,247","144,362","22,392","12,814","2,532"
Locality: 045 CRAIG COUNTY,0401,401 - BARBOURS CREEK,352,18,370,1,1,1,8,"3,826",168,"3,994",30,2,4,133,"6,042,361","407,886","6,450,247","144,362","22,392","12,814","2,532"
Locality: 045 CRAIG COUNTY,0402,402 - PAINT BANK,74,7,81,1,,2,8,"3,826",168,"3,994",30,2,4,133,"6,042,361","407,886","6,450,247","144,362","22,392","12,814","2,532"
Locality: 045 CRAIG COUNTY,0403,403 - CRAIG SPRINGS,388,14,402,4,,1,8,"3,826",168,"3,994",30,2,4,133,"6,042,361","407,886","6,450,247","144,362","22,392","12,814","2,532"
Locality: 045 CRAIG COUNTY,0501,501 - CRAIG CITY,739,37,776,5,,,8,"3,826",168,"3,994",30,2,4,133,"6,042,361","407,886","6,450,247","144,362","22,392","12,814","2,532"
Locality: 047 CULPEPER COUNTY,0101,101 - WEST FAIRFAX,"4,629",290,"4,919",70,12,4,16,"38,462","1,673","40,135",571,94,42,133,"6,042,361","407,886","6,450,247","144,362","22,392","12,814","2,532"
Locality: 047 CULPEPER COUNTY,0201,201 - EAST FAIRFAX,"4,529",293,"4,822",62,13,2,16,"38,462","1,673","40,135",571,94,42,133,"6,042,361","407,886","6,450,247","144,362","22,392","12,814","2,532"
Locality: 047 CULPEPER COUNTY,0302,302 - EGGBORNSVILLE,"2,044",52,"2,096",34,4,1,16,"38,462","1,673","40,135",571,94,42,133,"6,042,361","407,886","6,450,247","144,362","22,392","12,814","2,532"
Locality: 047 CULPEPER COUNTY,0303,303 - CARDOVA,"2,067",99,"2,166",26,3,2,16,"38,462","1,673","40,135",571,94,42,133,"6,042,361","407,886","6,450,247","144,362","22,392","12,814","2,532"
Locality: 047 CULPEPER COUNTY,0304,304 - WILLOW SHADE,"1,276",68,"1,344",12,1,,16,"38,462","1,673","40,135",571,94,42,133,"6,042,361","407,886","6,450,247","144,362","22,392","12,814","2,532"
Locality: 047 CULPEPER COUNTY,0401,401 - ELDORADO,"2,326",84,"2,410",35,2,3,16,"38,462","1,673","40,135",571,94,42,133,"6,042,361","407,886","6,450,247","144,362","22,392","12,814","2,532"
Locality: 047 CULPEPER COUNTY,0402,402 - BROWNS STORE,"3,787",121,"3,908",41,20,9,16,"38,462","1,673","40,135",571,94,42,133,"6,042,361","407,886","6,450,247","144,362","22,392","12,814","2,532"
Locality: 047 CULPEPER COUNTY,0501,501 - JEFFERSONTON,"3,589",122,"3,711",63,10,6,16,"38,462","1,673","40,135",571,94,42,133,"6,042,361","407,886","6,450,247","144,362","22,392","12,814","2,532"
Locality: 047 CULPEPER COUNTY,0502,502 - RIXEYVILLE,"2,939",88,"3,027",45,6,2,16,"38,462","1,673","40,135",571,94,42,133,"6,042,361","407,886","6,450,247","144,362","22,392","12,814","2,532"
Locality: 047 CULPEPER COUNTY,0601,601 - MITCHELLS,441,27,468,9,2,,16,"38,462","1,673","40,135",571,94,42,133,"6,042,361","407,886","6,450,247","144,362","22,392","12,814","2,532"
Locality: 047 CULPEPER COUNTY,0602,602 - PEARL SAMPLE,"3,485",138,"3,623",50,8,4,16,"38,462","1,673","40,135",571,94,42,133,"6,042,361","407,886","6,450,247","144,362","22,392","12,814","2,532"
Locality: 047 CULPEPER COUNTY,0603,603 - SOUTH RIDGE,"1,041",80,"1,121",18,1,,16,"38,462","1,673","40,135",571,94,42,133,"6,042,361","407,886","6,450,247","144,362","22,392","12,814","2,532"
Locality: 047 CULPEPER COUNTY,0702,702 - BRANDY STATION,"4,032",143,"4,175",64,10,7,16,"38,462","1,673","40,135",571,94,42,133,"6,042,361","407,886","6,450,247","144,362","22,392","12,814","2,532"
Locality: 047 CULPEPER COUNTY,0703,703 - LIGNUM,"1,392",45,"1,437",20,2,1,16,"38,462","1,673","40,135",571,94,42,133,"6,042,361","407,886","6,450,247","144,362","22,392","12,814","2,532"
Locality: 047 CULPEPER COUNTY,0704,704 - RICHARDSVILLE,884,23,907,22,,1,16,"38,462","1,673","40,135",571,94,42,133,"6,042,361","407,886","6,450,247","144,362","22,392","12,814","2,532"
Locality: 047 CULPEPER COUNTY,B,EAST FAIRFAX - 0690B ,1,,1,,,,16,"38,462","1,673","40,135",571,94,42,133,"6,042,361","407,886","6,450,247","144,362","22,392","12,814","2,532"
Locality: 049 CUMBERLAND COUNTY,0101,101 - PRECINCT 1,"1,597",51,"1,648",18,3,,5,"7,732",217,"7,949",62,11,2,133,"6,042,361","407,886","6,450,247","144,362","22,392","12,814","2,532"
Locality: 049 CUMBERLAND COUNTY,0201,201 - PRECINCT 2,"1,650",47,"1,697",11,3,,5,"7,732",217,"7,949",62,11,2,133,"6,042,361","407,886","6,450,247","144,362","22,392","12,814","2,532"
Locality: 049 CUMBERLAND COUNTY,0301,301 - PRECINCT 3,"1,603",35,"1,638",10,1,,5,"7,732",217,"7,949",62,11,2,133,"6,042,361","407,886","6,450,247","144,362","22,392","12,814","2,532"
Locality: 049 CUMBERLAND COUNTY,0401,401 - PRECINCT 4,"1,543",42,"1,585",10,2,2,5,"7,732",217,"7,949",62,11,2,133,"6,042,361","407,886","6,450,247","144,362","22,392","12,814","2,532"
Locality: 049 CUMBERLAND COUNTY,0501,501 - PRECINCT 5,"1,339",42,"1,381",13,2,,5,"7,732",217,"7,949",62,11,2,133,"6,042,361","407,886","6,450,247","144,362","22,392","12,814","2,532"
Locality: 051 DICKENSON COUNTY,0101,101 - SOUTH CLINTWOOD,"1,991",74,"2,065",7,,1,11,"9,494",454,"9,948",51,1,3,133,"6,042,361","407,886","6,450,247","144,362","22,392","12,814","2,532"
Locality: 051 DICKENSON COUNTY,0201,201 - NORA,672,51,723,4,,,11,"9,494",454,"9,948",51,1,3,133,"6,042,361","407,886","6,450,247","144,362","22,392","12,814","2,532"
Locality: 051 DICKENSON COUNTY,0202,202 - FRYING PAN,245,5,250,,,,11,"9,494",454,"9,948",51,1,3,133,"6,042,361","407,886","6,450,247","144,362","22,392","12,814","2,532"
Locality: 051 DICKENSON COUNTY,0203,203 - CLINCHCO,881,45,926,6,,1,11,"9,494",454,"9,948",51,1,3,133,"6,042,361","407,886","6,450,247","144,362","22,392","12,814","2,532"
Locality: 051 DICKENSON COUNTY,0301,301 - WEST DANTE,277,11,288,,,,11,"9,494",454,"9,948",51,1,3,133,"6,042,361","407,886","6,450,247","144,362","22,392","12,814","2,532"
Locality: 051 DICKENSON COUNTY,0302,302 - HERALD,581,13,594,5,,,11,"9,494",454,"9,948",51,1,3,133,"6,042,361","407,886","6,450,247","144,362","22,392","12,814","2,532"
Locality: 051 DICKENSON COUNTY,0303,303 - RIDGE,585,31,616,5,,,11,"9,494",454,"9,948",51,1,3,133,"6,042,361","407,886","6,450,247","144,362","22,392","12,814","2,532"
Locality: 051 DICKENSON COUNTY,0304,304 - LONGS FORK,517,25,542,,,,11,"9,494",454,"9,948",51,1,3,133,"6,042,361","407,886","6,450,247","144,362","22,392","12,814","2,532"
Locality: 051 DICKENSON COUNTY,0401,401 - HAYSI-COLLEY,"1,803",115,"1,918",13,1,,11,"9,494",454,"9,948",51,1,3,133,"6,042,361","407,886","6,450,247","144,362","22,392","12,814","2,532"
Locality: 051 DICKENSON COUNTY,0501,501 - TARPON,419,23,442,2,,,11,"9,494",454,"9,948",51,1,3,133,"6,042,361","407,886","6,450,247","144,362","22,392","12,814","2,532"
Locality: 051 DICKENSON COUNTY,0502,502 - NORTH CLINTWOOD,"1,523",61,"1,584",9,,1,11,"9,494",454,"9,948",51,1,3,133,"6,042,361","407,886","6,450,247","144,362","22,392","12,814","2,532"
Locality: 053 DINWIDDIE COUNTY,0101,101 - WHITE OAK,802,29,831,17,3,1,13,"21,283",818,"22,101",297,20,6,133,"6,042,361","407,886","6,450,247","144,362","22,392","12,814","2,532"
Locality: 053 DINWIDDIE COUNTY,0102,102 - ROCKY RUN,"1,425",43,"1,468",15,1,,13,"21,283",818,"22,101",297,20,6,133,"6,042,361","407,886","6,450,247","144,362","22,392","12,814","2,532"
Locality: 053 DINWIDDIE COUNTY,0103,103 - CHURCH ROAD,"1,963",61,"2,024",26,3,,13,"21,283",818,"22,101",297,20,6,133,"6,042,361","407,886","6,450,247","144,362","22,392","12,814","2,532"
Locality: 053 DINWIDDIE COUNTY,0201,201 - ROHOIC,"1,262",58,"1,320",31,1,1,13,"21,283",818,"22,101",297,20,6,133,"6,042,361","407,886","6,450,247","144,362","22,392","12,814","2,532"
Locality: 053 DINWIDDIE COUNTY,0202,202 - SUTHERLAND,"2,974",127,"3,101",50,9,,13,"21,283",818,"22,101",297,20,6,133,"6,042,361","407,886","6,450,247","144,362","22,392","12,814","2,532"
Locality: 053 DINWIDDIE COUNTY,0301,301 - REAMS,853,21,874,6,,,13,"21,283",818,"22,101",297,20,6,133,"6,042,361","407,886","6,450,247","144,362","22,392","12,814","2,532"
Locality: 053 DINWIDDIE COUNTY,0302,302 - NEW HOPE,"1,520",62,"1,582",18,2,3,13,"21,283",818,"22,101",297,20,6,133,"6,042,361","407,886","6,450,247","144,362","22,392","12,814","2,532"
Locality: 053 DINWIDDIE COUNTY,0303,303 - LITTLE ZION,"2,248",71,"2,319",16,,,13,"21,283",818,"22,101",297,20,6,133,"6,042,361","407,886","6,450,247","144,362","22,392","12,814","2,532"
Locality: 053 DINWIDDIE COUNTY,0401,401 - DINWIDDIE,"2,223",81,"2,304",32,,,13,"21,283",818,"22,101",297,20,6,133,"6,042,361","407,886","6,450,247","144,362","22,392","12,814","2,532"
Locality: 053 DINWIDDIE COUNTY,0402,402 - MCKENNEY,"1,431",59,"1,490",23,,,13,"21,283",818,"22,101",297,20,6,133,"6,042,361","407,886","6,450,247","144,362","22,392","12,814","2,532"
Locality: 053 DINWIDDIE COUNTY,0403,403 - CHERRY HILL,810,20,830,6,,,13,"21,283",818,"22,101",297,20,6,133,"6,042,361","407,886","6,450,247","144,362","22,392","12,814","2,532"
Locality: 053 DINWIDDIE COUNTY,0501,501 - EDGEHILL,"1,076",72,"1,148",23,,,13,"21,283",818,"22,101",297,20,6,133,"6,042,361","407,886","6,450,247","144,362","22,392","12,814","2,532"
Locality: 053 DINWIDDIE COUNTY,0502,502 - CHESDIN,"2,696",114,"2,810",34,1,1,13,"21,283",818,"22,101",297,20,6,133,"6,042,361","407,886","6,450,247","144,362","22,392","12,814","2,532"
Locality: 057 ESSEX COUNTY,0101,101 - GREATER TAPPAHANNOCK,"1,848",130,"1,978",24,3,,4,"8,270",368,"8,638",79,6,,133,"6,042,361","407,886","6,450,247","144,362","22,392","12,814","2,532"
Locality: 057 ESSEX COUNTY,0201,201 - NORTH,"2,143",87,"2,230",18,1,,4,"8,270",368,"8,638",79,6,,133,"6,042,361","407,886","6,450,247","144,362","22,392","12,814","2,532"
Locality: 057 ESSEX COUNTY,0301,301 - SOUTH,"2,169",72,"2,241",20,2,,4,"8,270",368,"8,638",79,6,,133,"6,042,361","407,886","6,450,247","144,362","22,392","12,814","2,532"
Locality: 057 ESSEX COUNTY,0401,401 - CENTRAL,"2,110",79,"2,189",17,,,4,"8,270",368,"8,638",79,6,,133,"6,042,361","407,886","6,450,247","144,362","22,392","12,814","2,532"
Locality: 059 FAIRFAX COUNTY,0104,104 - CHAPEL,"2,547",94,"2,641",61,20,14,265,"754,304","64,919","819,223","16,974","5,514","3,442",133,"6,042,361","407,886","6,450,247","144,362","22,392","12,814","2,532"
Locality: 059 FAIRFAX COUNTY,0105,105 - FAIRVIEW,"4,874",324,"5,198",139,26,13,265,"754,304","64,919","819,223","16,974","5,514","3,442",133,"6,042,361","407,886","6,450,247","144,362","22,392","12,814","2,532"
Locality: 059 FAIRFAX COUNTY,0106,106 - HERITAGE,"3,962",428,"4,390",51,17,14,265,"754,304","64,919","819,223","16,974","5,514","3,442",133,"6,042,361","407,886","6,450,247","144,362","22,392","12,814","2,532"
Locality: 059 FAIRFAX COUNTY,0108,108 - KINGS PARK,"3,217",172,"3,389",83,29,15,265,"754,304","64,919","819,223","16,974","5,514","3,442",133,"6,042,361","407,886","6,450,247","144,362","22,392","12,814","2,532"
Locality: 059 FAIRFAX COUNTY,0109,109 - LITTLE RUN,"1,654",103,"1,757",44,12,11,265,"754,304","64,919","819,223","16,974","5,514","3,442",133,"6,042,361","407,886","6,450,247","144,362","22,392","12,814","2,532"
Locality: 059 FAIRFAX COUNTY,0110,110 - NORTH SPRINGFIELD,"4,509",268,"4,777",66,19,10,265,"754,304","64,919","819,223","16,974","5,514","3,442",133,"6,042,361","407,886","6,450,247","144,362","22,392","12,814","2,532"
Locality: 059 FAIRFAX COUNTY,0113,113 - CANTERBURY,"3,847",178,"4,025",121,32,12,265,"754,304","64,919","819,223","16,974","5,514","3,442",133,"6,042,361","407,886","6,450,247","144,362","22,392","12,814","2,532"
Locality: 059 FAIRFAX COUNTY,0114,114 - OLDE CREEK,"2,302",146,"2,448",57,18,8,265,"754,304","64,919","819,223","16,974","5,514","3,442",133,"6,042,361","407,886","6,450,247","144,362","22,392","12,814","2,532"
Locality: 059 FAIRFAX COUNTY,0115,115 - RAVENSWORTH,"1,858",77,"1,935",23,9,5,265,"754,304","64,919","819,223","16,974","5,514","3,442",133,"6,042,361","407,886","6,450,247","144,362","22,392","12,814","2,532"
Locality: 059 FAIRFAX COUNTY,0116,116 - WAKEFIELD,"2,374",127,"2,501",70,24,8,265,"754,304","64,919","819,223","16,974","5,514","3,442",133,"6,042,361","407,886","6,450,247","144,362","22,392","12,814","2,532"
Locality: 059 FAIRFAX COUNTY,0117,117 - WOODSON #1,"1,945",143,"2,088",36,19,12,265,"754,304","64,919","819,223","16,974","5,514","3,442",133,"6,042,361","407,886","6,450,247","144,362","22,392","12,814","2,532"
Locality: 059 FAIRFAX COUNTY,0118,118 - LAKE BRADDOCK,"4,376",227,"4,603",113,25,15,265,"754,304","64,919","819,223","16,974","5,514","3,442",133,"6,042,361","407,886","6,450,247","144,362","22,392","12,814","2,532"
Locality: 059 FAIRFAX COUNTY,0119,119 - LAUREL,"4,109",298,"4,407",120,29,17,265,"754,304","64,919","819,223","16,974","5,514","3,442",133,"6,042,361","407,886","6,450,247","144,362","22,392","12,814","2,532"
Locality: 059 FAIRFAX COUNTY,0120,120 - SIDEBURN #1,"1,076",77,"1,153",31,8,3,265,"754,304","64,919","819,223","16,974","5,514","3,442",133,"6,042,361","407,886","6,450,247","144,362","22,392","12,814","2,532"
Locality: 059 FAIRFAX COUNTY,0121,121 - VILLA,"2,522",164,"2,686",43,15,1,265,"754,304","64,919","819,223","16,974","5,514","3,442",133,"6,042,361","407,886","6,450,247","144,362","22,392","12,814","2,532"
Locality: 059 FAIRFAX COUNTY,0123,123 - ROBINSON,"5,219",296,"5,515",124,27,21,265,"754,304","64,919","819,223","16,974","5,514","3,442",133,"6,042,361","407,886","6,450,247","144,362","22,392","12,814","2,532"
Locality: 059 FAIRFAX COUNTY,0125,125 - SIGNAL HILL,"3,302",148,"3,450",105,24,8,265,"754,304","64,919","819,223","16,974","5,514","3,442",133,"6,042,361","407,886","6,450,247","144,362","22,392","12,814","2,532"
Locality: 059 FAIRFAX COUNTY,0126,126 - BONNIE BRAE,"2,524",160,"2,684",49,12,12,265,"754,304","64,919","819,223","16,974","5,514","3,442",133,"6,042,361","407,886","6,450,247","144,362","22,392","12,814","2,532"
Locality: 059 FAIRFAX COUNTY,0127,127 - BURKE CENTRE,"4,709",450,"5,159",139,32,17,265,"754,304","64,919","819,223","16,974","5,514","3,442",133,"6,042,361","407,886","6,450,247","144,362","22,392","12,814","2,532"
Locality: 059 FAIRFAX COUNTY,0128,128 - CARDINAL,"2,406",213,"2,619",63,20,7,265,"754,304","64,919","819,223","16,974","5,514","3,442",133,"6,042,361","407,886","6,450,247","144,362","22,392","12,814","2,532"
Locality: 059 FAIRFAX COUNTY,0129,129 - KEENE MILL,"1,865",99,"1,964",68,11,6,265,"754,304","64,919","819,223","16,974","5,514","3,442",133,"6,042,361","407,886","6,450,247","144,362","22,392","12,814","2,532"
Locality: 059 FAIRFAX COUNTY,0130,130 - TERRA CENTRE,"2,402",127,"2,529",89,23,4,265,"754,304","64,919","819,223","16,974","5,514","3,442",133,"6,042,361","407,886","6,450,247","144,362","22,392","12,814","2,532"
Locality: 059 FAIRFAX COUNTY,0131,131 - EAGLE VIEW #1,"1,910",347,"2,257",31,9,11,265,"754,304","64,919","819,223","16,974","5,514","3,442",133,"6,042,361","407,886","6,450,247","144,362","22,392","12,814","2,532"
Locality: 059 FAIRFAX COUNTY,0132,132 - MONUMENT,"5,196",644,"5,840",87,33,21,265,"754,304","64,919","819,223","16,974","5,514","3,442",133,"6,042,361","407,886","6,450,247","144,362","22,392","12,814","2,532"
Locality: 059 FAIRFAX COUNTY,0134,134 - UNIVERSITY,"2,324",158,"2,482",25,6,4,265,"754,304","64,919","819,223","16,974","5,514","3,442",133,"6,042,361","407,886","6,450,247","144,362","22,392","12,814","2,532"
Locality: 059 FAIRFAX COUNTY,0135,135 - IRVING,"2,768",133,"2,901",82,16,13,265,"754,304","64,919","819,223","16,974","5,514","3,442",133,"6,042,361","407,886","6,450,247","144,362","22,392","12,814","2,532"
Locality: 059 FAIRFAX COUNTY,0136 ,136 - WOODSON #2,"1,083",57,"1,140",25,13,10,265,"754,304","64,919","819,223","16,974","5,514","3,442",133,"6,042,361","407,886","6,450,247","144,362","22,392","12,814","2,532"
Locality: 059 FAIRFAX COUNTY,0137,137 - SIDEBURN #2,"2,026",126,"2,152",71,13,1,265,"754,304","64,919","819,223","16,974","5,514","3,442",133,"6,042,361","407,886","6,450,247","144,362","22,392","12,814","2,532"
Locality: 059 FAIRFAX COUNTY,0138,138 - EAGLE VIEW #2,"2,112",102,"2,214",40,11,4,265,"754,304","64,919","819,223","16,974","5,514","3,442",133,"6,042,361","407,886","6,450,247","144,362","22,392","12,814","2,532"
Locality: 059 FAIRFAX COUNTY,0201,201 - ARMSTRONG,"3,730",480,"4,210",30,41,26,265,"754,304","64,919","819,223","16,974","5,514","3,442",133,"6,042,361","407,886","6,450,247","144,362","22,392","12,814","2,532"
Locality: 059 FAIRFAX COUNTY,0202,202 - FLINT HILL #1,"1,529",95,"1,624",13,12,5,265,"754,304","64,919","819,223","16,974","5,514","3,442",133,"6,042,361","407,886","6,450,247","144,362","22,392","12,814","2,532"
Locality: 059 FAIRFAX COUNTY,0203,203 - FLORIS,"3,918",194,"4,112",38,26,14,265,"754,304","64,919","819,223","16,974","5,514","3,442",133,"6,042,361","407,886","6,450,247","144,362","22,392","12,814","2,532"
Locality: 059 FAIRFAX COUNTY,0204,204 - MADISON,"1,000",84,"1,084",14,10,5,265,"754,304","64,919","819,223","16,974","5,514","3,442",133,"6,042,361","407,886","6,450,247","144,362","22,392","12,814","2,532"
Locality: 059 FAIRFAX COUNTY,0208,208 - RESTON #1,"4,619",827,"5,446",52,50,37,265,"754,304","64,919","819,223","16,974","5,514","3,442",133,"6,042,361","407,886","6,450,247","144,362","22,392","12,814","2,532"
Locality: 059 FAIRFAX COUNTY,0209,209 - RESTON #2,"4,274",391,"4,665",50,38,18,265,"754,304","64,919","819,223","16,974","5,514","3,442",133,"6,042,361","407,886","6,450,247","144,362","22,392","12,814","2,532"
Locality: 059 FAIRFAX COUNTY,0213,213 - VIENNA #1,"4,315",258,"4,573",55,39,23,265,"754,304","64,919","819,223","16,974","5,514","3,442",133,"6,042,361","407,886","6,450,247","144,362","22,392","12,814","2,532"
Locality: 059 FAIRFAX COUNTY,0214,214 - VIENNA #2,"3,482",236,"3,718",55,51,18,265,"754,304","64,919","819,223","16,974","5,514","3,442",133,"6,042,361","407,886","6,450,247","144,362","22,392","12,814","2,532"
Locality: 059 FAIRFAX COUNTY,0216,216 - VIENNA #4,"1,623",139,"1,762",15,10,11,265,"754,304","64,919","819,223","16,974","5,514","3,442",133,"6,042,361","407,886","6,450,247","144,362","22,392","12,814","2,532"
Locality: 059 FAIRFAX COUNTY,0218,218 - VIENNA #6,"2,473",131,"2,604",31,24,16,265,"754,304","64,919","819,223","16,974","5,514","3,442",133,"6,042,361","407,886","6,450,247","144,362","22,392","12,814","2,532"
Locality: 059 FAIRFAX COUNTY,0219,219 - WESTBRIAR #1,"1,985",249,"2,234",41,25,15,265,"754,304","64,919","819,223","16,974","5,514","3,442",133,"6,042,361","407,886","6,450,247","144,362","22,392","12,814","2,532"
Locality: 059 FAIRFAX COUNTY,0220,220 - DOGWOOD,"4,714",451,"5,165",56,16,12,265,"754,304","64,919","819,223","16,974","5,514","3,442",133,"6,042,361","407,886","6,450,247","144,362","22,392","12,814","2,532"
Locality: 059 FAIRFAX COUNTY,0221,221 - HUNTERS WOODS,"2,795",123,"2,918",22,24,12,265,"754,304","64,919","819,223","16,974","5,514","3,442",133,"6,042,361","407,886","6,450,247","144,362","22,392","12,814","2,532"
Locality: 059 FAIRFAX COUNTY,0222,222 - RESTON #3,"2,192",227,"2,419",30,33,17,265,"754,304","64,919","819,223","16,974","5,514","3,442",133,"6,042,361","407,886","6,450,247","144,362","22,392","12,814","2,532"
Locality: 059 FAIRFAX COUNTY,0223,223 - GLADE,"3,820",323,"4,143",49,39,19,265,"754,304","64,919","819,223","16,974","5,514","3,442",133,"6,042,361","407,886","6,450,247","144,362","22,392","12,814","2,532"
Locality: 059 FAIRFAX COUNTY,0224,224 - SOUTH LAKES,"4,692",512,"5,204",72,58,42,265,"754,304","64,919","819,223","16,974","5,514","3,442",133,"6,042,361","407,886","6,450,247","144,362","22,392","12,814","2,532"
Locality: 059 FAIRFAX COUNTY,0225,225 - HUGHES,"4,103",490,"4,593",50,48,30,265,"754,304","64,919","819,223","16,974","5,514","3,442",133,"6,042,361","407,886","6,450,247","144,362","22,392","12,814","2,532"
Locality: 059 FAIRFAX COUNTY,0226,226 - WOLFTRAP,"3,507",192,"3,699",39,41,32,265,"754,304","64,919","819,223","16,974","5,514","3,442",133,"6,042,361","407,886","6,450,247","144,362","22,392","12,814","2,532"
Locality: 059 FAIRFAX COUNTY,0227,227 - SUNRISE VALLEY #1,"2,080",182,"2,262",23,18,11,265,"754,304","64,919","819,223","16,974","5,514","3,442",133,"6,042,361","407,886","6,450,247","144,362","22,392","12,814","2,532"
Locality: 059 FAIRFAX COUNTY,0229,229 - FOX MILL #1,"4,079",203,"4,282",44,27,20,265,"754,304","64,919","819,223","16,974","5,514","3,442",133,"6,042,361","407,886","6,450,247","144,362","22,392","12,814","2,532"
Locality: 059 FAIRFAX COUNTY,0233,233 - NORTH POINT,"2,538",134,"2,672",19,13,23,265,"754,304","64,919","819,223","16,974","5,514","3,442",133,"6,042,361","407,886","6,450,247","144,362","22,392","12,814","2,532"
Locality: 059 FAIRFAX COUNTY,0234,234 - ALDRIN,"2,870",271,"3,141",39,34,19,265,"754,304","64,919","819,223","16,974","5,514","3,442",133,"6,042,361","407,886","6,450,247","144,362","22,392","12,814","2,532"
Locality: 059 FAIRFAX COUNTY,0235,235 - FRYING PAN,"3,240",303,"3,543",28,26,26,265,"754,304","64,919","819,223","16,974","5,514","3,442",133,"6,042,361","407,886","6,450,247","144,362","22,392","12,814","2,532"
Locality: 059 FAIRFAX COUNTY,0236,236 - STUART,"1,419",73,"1,492",12,10,7,265,"754,304","64,919","819,223","16,974","5,514","3,442",133,"6,042,361","407,886","6,450,247","144,362","22,392","12,814","2,532"
Locality: 059 FAIRFAX COUNTY,0237,237 - MCNAIR,"4,442",709,"5,151",51,25,14,265,"754,304","64,919","819,223","16,974","5,514","3,442",133,"6,042,361","407,886","6,450,247","144,362","22,392","12,814","2,532"
Locality: 059 FAIRFAX COUNTY,0238,238 - CAMERON GLEN,"4,699",780,"5,479",55,45,24,265,"754,304","64,919","819,223","16,974","5,514","3,442",133,"6,042,361","407,886","6,450,247","144,362","22,392","12,814","2,532"
Locality: 059 FAIRFAX COUNTY,0240,240 - COLVIN,"2,562",158,"2,720",39,19,15,265,"754,304","64,919","819,223","16,974","5,514","3,442",133,"6,042,361","407,886","6,450,247","144,362","22,392","12,814","2,532"
Locality: 059 FAIRFAX COUNTY,0241,241 - FLINT HILL #2,"1,566",86,"1,652",24,26,12,265,"754,304","64,919","819,223","16,974","5,514","3,442",133,"6,042,361","407,886","6,450,247","144,362","22,392","12,814","2,532"
Locality: 059 FAIRFAX COUNTY,0242,242 - WESTBRIAR #2,"1,775",76,"1,851",19,15,7,265,"754,304","64,919","819,223","16,974","5,514","3,442",133,"6,042,361","407,886","6,450,247","144,362","22,392","12,814","2,532"
Locality: 059 FAIRFAX COUNTY,0243,243 - SUNRISE VALLEY #2,"1,034",73,"1,107",18,9,5,265,"754,304","64,919","819,223","16,974","5,514","3,442",133,"6,042,361","407,886","6,450,247","144,362","22,392","12,814","2,532"
Locality: 059 FAIRFAX COUNTY,0244,244 - FOX MILL #2,536,43,579,9,5,2,265,"754,304","64,919","819,223","16,974","5,514","3,442",133,"6,042,361","407,886","6,450,247","144,362","22,392","12,814","2,532"
Locality: 059 FAIRFAX COUNTY,0245,245 - PINEY RUN,"1,075",58,"1,133",10,7,4,265,"754,304","64,919","819,223","16,974","5,514","3,442",133,"6,042,361","407,886","6,450,247","144,362","22,392","12,814","2,532"
Locality: 059 FAIRFAX COUNTY,0301,301 - CHAIN BRIDGE,"3,661",394,"4,055",59,58,44,265,"754,304","64,919","819,223","16,974","5,514","3,442",133,"6,042,361","407,886","6,450,247","144,362","22,392","12,814","2,532"
Locality: 059 FAIRFAX COUNTY,0302,302 - CHESTERBROOK,"2,753",127,"2,880",31,30,30,265,"754,304","64,919","819,223","16,974","5,514","3,442",133,"6,042,361","407,886","6,450,247","144,362","22,392","12,814","2,532"
Locality: 059 FAIRFAX COUNTY,0303,303 - CHURCHILL,"1,720",100,"1,820",28,18,10,265,"754,304","64,919","819,223","16,974","5,514","3,442",133,"6,042,361","407,886","6,450,247","144,362","22,392","12,814","2,532"
Locality: 059 FAIRFAX COUNTY,0304,304 - COOPER,"2,432",165,"2,597",14,31,16,265,"754,304","64,919","819,223","16,974","5,514","3,442",133,"6,042,361","407,886","6,450,247","144,362","22,392","12,814","2,532"
Locality: 059 FAIRFAX COUNTY,0305,305 - EL NIDO,"2,528",167,"2,695",24,42,38,265,"754,304","64,919","819,223","16,974","5,514","3,442",133,"6,042,361","407,886","6,450,247","144,362","22,392","12,814","2,532"
Locality: 059 FAIRFAX COUNTY,0306,306 - GREAT FALLS,"2,184",139,"2,323",23,21,19,265,"754,304","64,919","819,223","16,974","5,514","3,442",133,"6,042,361","407,886","6,450,247","144,362","22,392","12,814","2,532"
Locality: 059 FAIRFAX COUNTY,0307,307 - HAYCOCK,"4,102",230,"4,332",43,57,37,265,"754,304","64,919","819,223","16,974","5,514","3,442",133,"6,042,361","407,886","6,450,247","144,362","22,392","12,814","2,532"
Locality: 059 FAIRFAX COUNTY,0309,309 - KENMORE,"4,190",263,"4,453",32,37,29,265,"754,304","64,919","819,223","16,974","5,514","3,442",133,"6,042,361","407,886","6,450,247","144,362","22,392","12,814","2,532"
Locality: 059 FAIRFAX COUNTY,0310,310 - KIRBY,"2,282",161,"2,443",26,47,35,265,"754,304","64,919","819,223","16,974","5,514","3,442",133,"6,042,361","407,886","6,450,247","144,362","22,392","12,814","2,532"
Locality: 059 FAIRFAX COUNTY,0311,311 - LANGLEY,"2,149",190,"2,339",20,36,15,265,"754,304","64,919","819,223","16,974","5,514","3,442",133,"6,042,361","407,886","6,450,247","144,362","22,392","12,814","2,532"
Locality: 059 FAIRFAX COUNTY,0312,312 - LONGFELLOW,"2,735",229,"2,964",51,44,34,265,"754,304","64,919","819,223","16,974","5,514","3,442",133,"6,042,361","407,886","6,450,247","144,362","22,392","12,814","2,532"
Locality: 059 FAIRFAX COUNTY,0314,314 - MCLEAN,"2,788",223,"3,011",38,33,24,265,"754,304","64,919","819,223","16,974","5,514","3,442",133,"6,042,361","407,886","6,450,247","144,362","22,392","12,814","2,532"
Locality: 059 FAIRFAX COUNTY,0315,315 - PIMMIT,"3,609",252,"3,861",57,26,13,265,"754,304","64,919","819,223","16,974","5,514","3,442",133,"6,042,361","407,886","6,450,247","144,362","22,392","12,814","2,532"
Locality: 059 FAIRFAX COUNTY,0316,316 - SALONA,"2,885",199,"3,084",36,42,50,265,"754,304","64,919","819,223","16,974","5,514","3,442",133,"6,042,361","407,886","6,450,247","144,362","22,392","12,814","2,532"
Locality: 059 FAIRFAX COUNTY,0317,317 - WESTHAMPTON,"1,016",45,"1,061",15,12,14,265,"754,304","64,919","819,223","16,974","5,514","3,442",133,"6,042,361","407,886","6,450,247","144,362","22,392","12,814","2,532"
Locality: 059 FAIRFAX COUNTY,0318,318 - WESTMORELAND,"1,658",116,"1,774",20,32,27,265,"754,304","64,919","819,223","16,974","5,514","3,442",133,"6,042,361","407,886","6,450,247","144,362","22,392","12,814","2,532"
Locality: 059 FAIRFAX COUNTY,0319,319 - HERNDON #1,"4,216",304,"4,520",50,28,27,265,"754,304","64,919","819,223","16,974","5,514","3,442",133,"6,042,361","407,886","6,450,247","144,362","22,392","12,814","2,532"
Locality: 059 FAIRFAX COUNTY,0320,320 - HERNDON #2,"4,538",350,"4,888",51,16,19,265,"754,304","64,919","819,223","16,974","5,514","3,442",133,"6,042,361","407,886","6,450,247","144,362","22,392","12,814","2,532"
Locality: 059 FAIRFAX COUNTY,0321,321 - CLEARVIEW,"4,078",275,"4,353",44,29,18,265,"754,304","64,919","819,223","16,974","5,514","3,442",133,"6,042,361","407,886","6,450,247","144,362","22,392","12,814","2,532"
Locality: 059 FAIRFAX COUNTY,0322,322 - FORESTVILLE,"3,390",237,"3,627",31,50,24,265,"754,304","64,919","819,223","16,974","5,514","3,442",133,"6,042,361","407,886","6,450,247","144,362","22,392","12,814","2,532"
Locality: 059 FAIRFAX COUNTY,0323,323 - SHOUSE,"2,325",97,"2,422",18,20,12,265,"754,304","64,919","819,223","16,974","5,514","3,442",133,"6,042,361","407,886","6,450,247","144,362","22,392","12,814","2,532"
Locality: 059 FAIRFAX COUNTY,0324,324 - HERNDON #3,"4,124",470,"4,594",58,22,19,265,"754,304","64,919","819,223","16,974","5,514","3,442",133,"6,042,361","407,886","6,450,247","144,362","22,392","12,814","2,532"
Locality: 059 FAIRFAX COUNTY,0325,325 - HUTCHISON,"2,504",312,"2,816",24,12,9,265,"754,304","64,919","819,223","16,974","5,514","3,442",133,"6,042,361","407,886","6,450,247","144,362","22,392","12,814","2,532"
Locality: 059 FAIRFAX COUNTY,0327,327 - SUGARLAND,"3,633",243,"3,876",46,30,20,265,"754,304","64,919","819,223","16,974","5,514","3,442",133,"6,042,361","407,886","6,450,247","144,362","22,392","12,814","2,532"
Locality: 059 FAIRFAX COUNTY,0328,328 - HICKORY,"3,497",215,"3,712",26,28,19,265,"754,304","64,919","819,223","16,974","5,514","3,442",133,"6,042,361","407,886","6,450,247","144,362","22,392","12,814","2,532"
Locality: 059 FAIRFAX COUNTY,0329,329 - SENECA,"3,592",253,"3,845",28,19,15,265,"754,304","64,919","819,223","16,974","5,514","3,442",133,"6,042,361","407,886","6,450,247","144,362","22,392","12,814","2,532"
Locality: 059 FAIRFAX COUNTY,0331,331 - SPRING HILL,"2,341",165,"2,506",21,25,19,265,"754,304","64,919","819,223","16,974","5,514","3,442",133,"6,042,361","407,886","6,450,247","144,362","22,392","12,814","2,532"
Locality: 059 FAIRFAX COUNTY,0332,332 - COATES,"6,469","1,101","7,570",123,37,10,265,"754,304","64,919","819,223","16,974","5,514","3,442",133,"6,042,361","407,886","6,450,247","144,362","22,392","12,814","2,532"
Locality: 059 FAIRFAX COUNTY,0401,401 - BUSH HILL,"3,648",248,"3,896",112,30,11,265,"754,304","64,919","819,223","16,974","5,514","3,442",133,"6,042,361","407,886","6,450,247","144,362","22,392","12,814","2,532"
Locality: 059 FAIRFAX COUNTY,0402,402 - CAMERON,"1,211",106,"1,317",45,12,10,265,"754,304","64,919","819,223","16,974","5,514","3,442",133,"6,042,361","407,886","6,450,247","144,362","22,392","12,814","2,532"
Locality: 059 FAIRFAX COUNTY,0403,403 - FORESTDALE,"1,419",97,"1,516",44,10,7,265,"754,304","64,919","819,223","16,974","5,514","3,442",133,"6,042,361","407,886","6,450,247","144,362","22,392","12,814","2,532"
Locality: 059 FAIRFAX COUNTY,0404,404 - EDISON #1,"1,940",170,"2,110",67,13,4,265,"754,304","64,919","819,223","16,974","5,514","3,442",133,"6,042,361","407,886","6,450,247","144,362","22,392","12,814","2,532"
Locality: 059 FAIRFAX COUNTY,0405,405 - GROVETON,"2,141",340,"2,481",84,9,6,265,"754,304","64,919","819,223","16,974","5,514","3,442",133,"6,042,361","407,886","6,450,247","144,362","22,392","12,814","2,532"
Locality: 059 FAIRFAX COUNTY,0406,406 - HAYFIELD,"2,437",134,"2,571",108,19,10,265,"754,304","64,919","819,223","16,974","5,514","3,442",133,"6,042,361","407,886","6,450,247","144,362","22,392","12,814","2,532"
Locality: 059 FAIRFAX COUNTY,0408,408 - MOUNT EAGLE,"3,030",423,"3,453",136,22,12,265,"754,304","64,919","819,223","16,974","5,514","3,442",133,"6,042,361","407,886","6,450,247","144,362","22,392","12,814","2,532"
Locality: 059 FAIRFAX COUNTY,0409,409 - PIONEER,"4,193",447,"4,640",103,22,11,265,"754,304","64,919","819,223","16,974","5,514","3,442",133,"6,042,361","407,886","6,450,247","144,362","22,392","12,814","2,532"
Locality: 059 FAIRFAX COUNTY,0410,410 - ROSE HILL,"4,941",442,"5,383",155,39,16,265,"754,304","64,919","819,223","16,974","5,514","3,442",133,"6,042,361","407,886","6,450,247","144,362","22,392","12,814","2,532"
Locality: 059 FAIRFAX COUNTY,0411,411 - VIRGINIA HILLS,"2,614",184,"2,798",63,11,4,265,"754,304","64,919","819,223","16,974","5,514","3,442",133,"6,042,361","407,886","6,450,247","144,362","22,392","12,814","2,532"
Locality: 059 FAIRFAX COUNTY,0413,413 - FAIRFIELD,"2,900",328,"3,228",55,9,1,265,"754,304","64,919","819,223","16,974","5,514","3,442",133,"6,042,361","407,886","6,450,247","144,362","22,392","12,814","2,532"
Locality: 059 FAIRFAX COUNTY,0415,415 - CRESTWOOD,"2,936",156,"3,092",50,7,11,265,"754,304","64,919","819,223","16,974","5,514","3,442",133,"6,042,361","407,886","6,450,247","144,362","22,392","12,814","2,532"
Locality: 059 FAIRFAX COUNTY,0417,417 - GARFIELD,"4,280",273,"4,553",89,20,6,265,"754,304","64,919","819,223","16,974","5,514","3,442",133,"6,042,361","407,886","6,450,247","144,362","22,392","12,814","2,532"
Locality: 059 FAIRFAX COUNTY,0418,418 - LYNBROOK #1,"2,191",127,"2,318",27,8,12,265,"754,304","64,919","819,223","16,974","5,514","3,442",133,"6,042,361","407,886","6,450,247","144,362","22,392","12,814","2,532"
Locality: 059 FAIRFAX COUNTY,0419,419 - LANE,"2,588",215,"2,803",62,23,7,265,"754,304","64,919","819,223","16,974","5,514","3,442",133,"6,042,361","407,886","6,450,247","144,362","22,392","12,814","2,532"
Locality: 059 FAIRFAX COUNTY,0420,420 - VILLAGES,"4,793",457,"5,250",198,32,13,265,"754,304","64,919","819,223","16,974","5,514","3,442",133,"6,042,361","407,886","6,450,247","144,362","22,392","12,814","2,532"
Locality: 059 FAIRFAX COUNTY,0421,421 - KINGSTOWNE,"3,643",484,"4,127",173,27,16,265,"754,304","64,919","819,223","16,974","5,514","3,442",133,"6,042,361","407,886","6,450,247","144,362","22,392","12,814","2,532"
Locality: 059 FAIRFAX COUNTY,0422,422 - VAN DORN,"3,766",524,"4,290",128,33,10,265,"754,304","64,919","819,223","16,974","5,514","3,442",133,"6,042,361","407,886","6,450,247","144,362","22,392","12,814","2,532"
Locality: 059 FAIRFAX COUNTY,0423,423 - CLERMONT,"2,865",181,"3,046",104,22,18,265,"754,304","64,919","819,223","16,974","5,514","3,442",133,"6,042,361","407,886","6,450,247","144,362","22,392","12,814","2,532"
Locality: 059 FAIRFAX COUNTY,0424,424 - HUNTLEY,"2,796",237,"3,033",114,22,15,265,"754,304","64,919","819,223","16,974","5,514","3,442",133,"6,042,361","407,886","6,450,247","144,362","22,392","12,814","2,532"
Locality: 059 FAIRFAX COUNTY,0426,426 - GREENSPRING,"1,794",93,"1,887",12,8,7,265,"754,304","64,919","819,223","16,974","5,514","3,442",133,"6,042,361","407,886","6,450,247","144,362","22,392","12,814","2,532"
Locality: 059 FAIRFAX COUNTY,0427,427 - ISLAND CREEK,"2,913",261,"3,174",157,25,6,265,"754,304","64,919","819,223","16,974","5,514","3,442",133,"6,042,361","407,886","6,450,247","144,362","22,392","12,814","2,532"
Locality: 059 FAIRFAX COUNTY,0428,428 - PINEWOOD,"3,543",326,"3,869",73,7,5,265,"754,304","64,919","819,223","16,974","5,514","3,442",133,"6,042,361","407,886","6,450,247","144,362","22,392","12,814","2,532"
Locality: 059 FAIRFAX COUNTY,0429,429 - HYBLA VALLEY,"3,757",568,"4,325",81,13,3,265,"754,304","64,919","819,223","16,974","5,514","3,442",133,"6,042,361","407,886","6,450,247","144,362","22,392","12,814","2,532"
Locality: 059 FAIRFAX COUNTY,0431,431 - WEST SPRINGFIELD,"3,117",208,"3,325",128,21,6,265,"754,304","64,919","819,223","16,974","5,514","3,442",133,"6,042,361","407,886","6,450,247","144,362","22,392","12,814","2,532"
Locality: 059 FAIRFAX COUNTY,0432,432 - EDISON #2,"3,535",359,"3,894",87,25,16,265,"754,304","64,919","819,223","16,974","5,514","3,442",133,"6,042,361","407,886","6,450,247","144,362","22,392","12,814","2,532"
Locality: 059 FAIRFAX COUNTY,0433,433 - LYNBROOK #2,184,13,197,1,3,,265,"754,304","64,919","819,223","16,974","5,514","3,442",133,"6,042,361","407,886","6,450,247","144,362","22,392","12,814","2,532"
Locality: 059 FAIRFAX COUNTY,0501,501 - BAILEYS,"3,894",400,"4,294",48,33,12,265,"754,304","64,919","819,223","16,974","5,514","3,442",133,"6,042,361","407,886","6,450,247","144,362","22,392","12,814","2,532"
Locality: 059 FAIRFAX COUNTY,0502,502 - BARCROFT,"1,446",72,"1,518",20,18,13,265,"754,304","64,919","819,223","16,974","5,514","3,442",133,"6,042,361","407,886","6,450,247","144,362","22,392","12,814","2,532"
Locality: 059 FAIRFAX COUNTY,0503,503 - BELVEDERE,"1,730",123,"1,853",28,22,15,265,"754,304","64,919","819,223","16,974","5,514","3,442",133,"6,042,361","407,886","6,450,247","144,362","22,392","12,814","2,532"
Locality: 059 FAIRFAX COUNTY,0504,504 - BRISTOW,"2,863",267,"3,130",39,9,12,265,"754,304","64,919","819,223","16,974","5,514","3,442",133,"6,042,361","407,886","6,450,247","144,362","22,392","12,814","2,532"
Locality: 059 FAIRFAX COUNTY,0505,505 - GLEN FOREST,"3,165",313,"3,478",40,23,22,265,"754,304","64,919","819,223","16,974","5,514","3,442",133,"6,042,361","407,886","6,450,247","144,362","22,392","12,814","2,532"
Locality: 059 FAIRFAX COUNTY,0506,506 - HOLMES,835,54,889,21,,3,265,"754,304","64,919","819,223","16,974","5,514","3,442",133,"6,042,361","407,886","6,450,247","144,362","22,392","12,814","2,532"
Locality: 059 FAIRFAX COUNTY,0507,507 - LINCOLNIA,"3,568",446,"4,014",73,23,6,265,"754,304","64,919","819,223","16,974","5,514","3,442",133,"6,042,361","407,886","6,450,247","144,362","22,392","12,814","2,532"
Locality: 059 FAIRFAX COUNTY,0508,508 - MASONVILLE,"2,226",108,"2,334",44,10,13,265,"754,304","64,919","819,223","16,974","5,514","3,442",133,"6,042,361","407,886","6,450,247","144,362","22,392","12,814","2,532"
Locality: 059 FAIRFAX COUNTY,0509,509 - PLAZA,"1,053",195,"1,248",15,6,9,265,"754,304","64,919","819,223","16,974","5,514","3,442",133,"6,042,361","407,886","6,450,247","144,362","22,392","12,814","2,532"
Locality: 059 FAIRFAX COUNTY,0510,510 - PARKLAWN,"2,393",139,"2,532",29,12,14,265,"754,304","64,919","819,223","16,974","5,514","3,442",133,"6,042,361","407,886","6,450,247","144,362","22,392","12,814","2,532"
Locality: 059 FAIRFAX COUNTY,0511,511 - RAVENWOOD,"1,760",108,"1,868",26,22,13,265,"754,304","64,919","819,223","16,974","5,514","3,442",133,"6,042,361","407,886","6,450,247","144,362","22,392","12,814","2,532"
Locality: 059 FAIRFAX COUNTY,0512,512 - SLEEPY HOLLOW,"3,278",165,"3,443",50,46,16,265,"754,304","64,919","819,223","16,974","5,514","3,442",133,"6,042,361","407,886","6,450,247","144,362","22,392","12,814","2,532"
Locality: 059 FAIRFAX COUNTY,0513,513 - SAINT ALBANS,"2,665",146,"2,811",46,26,17,265,"754,304","64,919","819,223","16,974","5,514","3,442",133,"6,042,361","407,886","6,450,247","144,362","22,392","12,814","2,532"
Locality: 059 FAIRFAX COUNTY,0514,514 - CROSSROADS,"1,248",148,"1,396",29,6,3,265,"754,304","64,919","819,223","16,974","5,514","3,442",133,"6,042,361","407,886","6,450,247","144,362","22,392","12,814","2,532"
Locality: 059 FAIRFAX COUNTY,0515,515 - WESTLAWN,"1,950",86,"2,036",31,11,2,265,"754,304","64,919","819,223","16,974","5,514","3,442",133,"6,042,361","407,886","6,450,247","144,362","22,392","12,814","2,532"
Locality: 059 FAIRFAX COUNTY,0516,516 - WEYANOKE,"3,351",382,"3,733",62,25,11,265,"754,304","64,919","819,223","16,974","5,514","3,442",133,"6,042,361","407,886","6,450,247","144,362","22,392","12,814","2,532"
Locality: 059 FAIRFAX COUNTY,0517,517 - WILLSTON,"1,881",291,"2,172",35,8,12,265,"754,304","64,919","819,223","16,974","5,514","3,442",133,"6,042,361","407,886","6,450,247","144,362","22,392","12,814","2,532"
Locality: 059 FAIRFAX COUNTY,0518,518 - COLUMBIA,"2,918",286,"3,204",50,14,10,265,"754,304","64,919","819,223","16,974","5,514","3,442",133,"6,042,361","407,886","6,450,247","144,362","22,392","12,814","2,532"
Locality: 059 FAIRFAX COUNTY,0520,520 - SKYLINE,"2,918",474,"3,392",50,23,22,265,"754,304","64,919","819,223","16,974","5,514","3,442",133,"6,042,361","407,886","6,450,247","144,362","22,392","12,814","2,532"
Locality: 059 FAIRFAX COUNTY,0521,521 - BROOK HILL,"2,444",184,"2,628",40,6,11,265,"754,304","64,919","819,223","16,974","5,514","3,442",133,"6,042,361","407,886","6,450,247","144,362","22,392","12,814","2,532"
Locality: 059 FAIRFAX COUNTY,0522,522 - CAMELOT,"2,123",103,"2,226",41,15,6,265,"754,304","64,919","819,223","16,974","5,514","3,442",133,"6,042,361","407,886","6,450,247","144,362","22,392","12,814","2,532"
Locality: 059 FAIRFAX COUNTY,0523,523 - POE,"2,916",227,"3,143",45,17,18,265,"754,304","64,919","819,223","16,974","5,514","3,442",133,"6,042,361","407,886","6,450,247","144,362","22,392","12,814","2,532"
Locality: 059 FAIRFAX COUNTY,0525,525 - WALNUT HILL,"4,001",342,"4,343",51,19,23,265,"754,304","64,919","819,223","16,974","5,514","3,442",133,"6,042,361","407,886","6,450,247","144,362","22,392","12,814","2,532"
Locality: 059 FAIRFAX COUNTY,0526,526 - BREN MAR,"3,969",507,"4,476",106,30,10,265,"754,304","64,919","819,223","16,974","5,514","3,442",133,"6,042,361","407,886","6,450,247","144,362","22,392","12,814","2,532"
Locality: 059 FAIRFAX COUNTY,0527,527 - EDSALL,"2,350",144,"2,494",42,16,6,265,"754,304","64,919","819,223","16,974","5,514","3,442",133,"6,042,361","407,886","6,450,247","144,362","22,392","12,814","2,532"
Locality: 059 FAIRFAX COUNTY,0528,528 - RIDGELEA,597,41,638,9,10,3,265,"754,304","64,919","819,223","16,974","5,514","3,442",133,"6,042,361","407,886","6,450,247","144,362","22,392","12,814","2,532"
Locality: 059 FAIRFAX COUNTY,0530,530 - TRIPPS,"1,876",162,"2,038",20,12,9,265,"754,304","64,919","819,223","16,974","5,514","3,442",133,"6,042,361","407,886","6,450,247","144,362","22,392","12,814","2,532"
Locality: 059 FAIRFAX COUNTY,0535,535 - FORT BUFFALO,"2,178",235,"2,413",55,12,14,265,"754,304","64,919","819,223","16,974","5,514","3,442",133,"6,042,361","407,886","6,450,247","144,362","22,392","12,814","2,532"
Locality: 059 FAIRFAX COUNTY,0536,536 - WOODBURN,"3,427",227,"3,654",53,27,37,265,"754,304","64,919","819,223","16,974","5,514","3,442",133,"6,042,361","407,886","6,450,247","144,362","22,392","12,814","2,532"
Locality: 059 FAIRFAX COUNTY,0601,601 - BELLE HAVEN,"2,784",205,"2,989",78,13,15,265,"754,304","64,919","819,223","16,974","5,514","3,442",133,"6,042,361","407,886","6,450,247","144,362","22,392","12,814","2,532"
Locality: 059 FAIRFAX COUNTY,0602,602 - BELLEVIEW,"2,184",291,"2,475",45,23,22,265,"754,304","64,919","819,223","16,974","5,514","3,442",133,"6,042,361","407,886","6,450,247","144,362","22,392","12,814","2,532"
Locality: 059 FAIRFAX COUNTY,0604,604 - BUCKNELL,"4,351",635,"4,986",120,21,13,265,"754,304","64,919","819,223","16,974","5,514","3,442",133,"6,042,361","407,886","6,450,247","144,362","22,392","12,814","2,532"
Locality: 059 FAIRFAX COUNTY,0605,605 - FORT HUNT,"2,535",127,"2,662",100,18,22,265,"754,304","64,919","819,223","16,974","5,514","3,442",133,"6,042,361","407,886","6,450,247","144,362","22,392","12,814","2,532"
Locality: 059 FAIRFAX COUNTY,0606,606 - HOLLIN HALL,"2,927",156,"3,083",108,14,22,265,"754,304","64,919","819,223","16,974","5,514","3,442",133,"6,042,361","407,886","6,450,247","144,362","22,392","12,814","2,532"
Locality: 059 FAIRFAX COUNTY,0607,607 - HUNTINGTON,"2,989",653,"3,642",138,14,17,265,"754,304","64,919","819,223","16,974","5,514","3,442",133,"6,042,361","407,886","6,450,247","144,362","22,392","12,814","2,532"
Locality: 059 FAIRFAX COUNTY,0608,608 - KIRKSIDE,"2,184",127,"2,311",56,24,23,265,"754,304","64,919","819,223","16,974","5,514","3,442",133,"6,042,361","407,886","6,450,247","144,362","22,392","12,814","2,532"
Locality: 059 FAIRFAX COUNTY,0609,609 - MARLAN,"2,390",141,"2,531",65,19,14,265,"754,304","64,919","819,223","16,974","5,514","3,442",133,"6,042,361","407,886","6,450,247","144,362","22,392","12,814","2,532"
Locality: 059 FAIRFAX COUNTY,0610,610 - SHERWOOD,"2,400",224,"2,624",77,8,7,265,"754,304","64,919","819,223","16,974","5,514","3,442",133,"6,042,361","407,886","6,450,247","144,362","22,392","12,814","2,532"
Locality: 059 FAIRFAX COUNTY,0611,611 - STRATFORD,"3,219",152,"3,371",128,11,12,265,"754,304","64,919","819,223","16,974","5,514","3,442",133,"6,042,361","407,886","6,450,247","144,362","22,392","12,814","2,532"
Locality: 059 FAIRFAX COUNTY,0612,612 - WAYNEWOOD,"1,419",111,"1,530",82,10,5,265,"754,304","64,919","819,223","16,974","5,514","3,442",133,"6,042,361","407,886","6,450,247","144,362","22,392","12,814","2,532"
Locality: 059 FAIRFAX COUNTY,0613,613 - WESTGATE,"3,436",191,"3,627",138,17,14,265,"754,304","64,919","819,223","16,974","5,514","3,442",133,"6,042,361","407,886","6,450,247","144,362","22,392","12,814","2,532"
Locality: 059 FAIRFAX COUNTY,0614,614 - RIVERSIDE,"2,169",164,"2,333",110,14,10,265,"754,304","64,919","819,223","16,974","5,514","3,442",133,"6,042,361","407,886","6,450,247","144,362","22,392","12,814","2,532"
Locality: 059 FAIRFAX COUNTY,0615,615 - WOODLEY,"3,228",290,"3,518",118,11,18,265,"754,304","64,919","819,223","16,974","5,514","3,442",133,"6,042,361","407,886","6,450,247","144,362","22,392","12,814","2,532"
Locality: 059 FAIRFAX COUNTY,0616,616 - GUNSTON,"2,751",572,"3,323","1,087",15,12,265,"754,304","64,919","819,223","16,974","5,514","3,442",133,"6,042,361","407,886","6,450,247","144,362","22,392","12,814","2,532"
Locality: 059 FAIRFAX COUNTY,0617,617 - LORTON,"4,073",442,"4,515",157,16,4,265,"754,304","64,919","819,223","16,974","5,514","3,442",133,"6,042,361","407,886","6,450,247","144,362","22,392","12,814","2,532"
Locality: 059 FAIRFAX COUNTY,0618,618 - NEWINGTON #1,"2,284",153,"2,437",68,12,4,265,"754,304","64,919","819,223","16,974","5,514","3,442",133,"6,042,361","407,886","6,450,247","144,362","22,392","12,814","2,532"
Locality: 059 FAIRFAX COUNTY,0621,621 - GROSVENOR,"2,674",538,"3,212",144,22,9,265,"754,304","64,919","819,223","16,974","5,514","3,442",133,"6,042,361","407,886","6,450,247","144,362","22,392","12,814","2,532"
Locality: 059 FAIRFAX COUNTY,0622,622 - LORTON STATION,"4,031",506,"4,537",155,15,5,265,"754,304","64,919","819,223","16,974","5,514","3,442",133,"6,042,361","407,886","6,450,247","144,362","22,392","12,814","2,532"
Locality: 059 FAIRFAX COUNTY,0623,623 - ALBAN,"2,945",253,"3,198",79,16,9,265,"754,304","64,919","819,223","16,974","5,514","3,442",133,"6,042,361","407,886","6,450,247","144,362","22,392","12,814","2,532"
Locality: 059 FAIRFAX COUNTY,0627,627 - WOODLAWN #1,"2,200",262,"2,462",358,7,4,265,"754,304","64,919","819,223","16,974","5,514","3,442",133,"6,042,361","407,886","6,450,247","144,362","22,392","12,814","2,532"
Locality: 059 FAIRFAX COUNTY,0628,628 - LAUREL HILL #1,"3,392",310,"3,702",127,18,6,265,"754,304","64,919","819,223","16,974","5,514","3,442",133,"6,042,361","407,886","6,450,247","144,362","22,392","12,814","2,532"
Locality: 059 FAIRFAX COUNTY,0629,629 - SOUTH COUNTY,"2,454",257,"2,711",101,13,7,265,"754,304","64,919","819,223","16,974","5,514","3,442",133,"6,042,361","407,886","6,450,247","144,362","22,392","12,814","2,532"
Locality: 059 FAIRFAX COUNTY,0630,630 - ARMY,"2,360",191,"2,551",80,13,3,265,"754,304","64,919","819,223","16,974","5,514","3,442",133,"6,042,361","407,886","6,450,247","144,362","22,392","12,814","2,532"
Locality: 059 FAIRFAX COUNTY,0631,631 - POHICK CREEK,"2,426",196,"2,622",82,9,12,265,"754,304","64,919","819,223","16,974","5,514","3,442",133,"6,042,361","407,886","6,450,247","144,362","22,392","12,814","2,532"
Locality: 059 FAIRFAX COUNTY,0632,632 - HALLEY #1,"1,076",70,"1,146",35,2,2,265,"754,304","64,919","819,223","16,974","5,514","3,442",133,"6,042,361","407,886","6,450,247","144,362","22,392","12,814","2,532"
Locality: 059 FAIRFAX COUNTY,0633,633 - HALLEY #2,325,15,340,6,,,265,"754,304","64,919","819,223","16,974","5,514","3,442",133,"6,042,361","407,886","6,450,247","144,362","22,392","12,814","2,532"
Locality: 059 FAIRFAX COUNTY,0634,634 - NEWINGTON #2,"3,273",239,"3,512",80,17,7,265,"754,304","64,919","819,223","16,974","5,514","3,442",133,"6,042,361","407,886","6,450,247","144,362","22,392","12,814","2,532"
Locality: 059 FAIRFAX COUNTY,0635,635 - WOODLAWN #2,"2,708",514,"3,222",375,10,7,265,"754,304","64,919","819,223","16,974","5,514","3,442",133,"6,042,361","407,886","6,450,247","144,362","22,392","12,814","2,532"
Locality: 059 FAIRFAX COUNTY,0636,636 - LAUREL HILL #2,"1,678",169,"1,847",75,7,,265,"754,304","64,919","819,223","16,974","5,514","3,442",133,"6,042,361","407,886","6,450,247","144,362","22,392","12,814","2,532"
Locality: 059 FAIRFAX COUNTY,0637,637 - MONTEBELLO,"1,175",112,"1,287",20,6,6,265,"754,304","64,919","819,223","16,974","5,514","3,442",133,"6,042,361","407,886","6,450,247","144,362","22,392","12,814","2,532"
Locality: 059 FAIRFAX COUNTY,0701,701 - BLAKE,"4,833",513,"5,346",64,54,17,265,"754,304","64,919","819,223","16,974","5,514","3,442",133,"6,042,361","407,886","6,450,247","144,362","22,392","12,814","2,532"
Locality: 059 FAIRFAX COUNTY,0704,704 - FREEDOM HILL,"2,542",198,"2,740",33,38,29,265,"754,304","64,919","819,223","16,974","5,514","3,442",133,"6,042,361","407,886","6,450,247","144,362","22,392","12,814","2,532"
Locality: 059 FAIRFAX COUNTY,0705,705 - GRAHAM-GREENWAY,"3,664",231,"3,895",48,29,14,265,"754,304","64,919","819,223","16,974","5,514","3,442",133,"6,042,361","407,886","6,450,247","144,362","22,392","12,814","2,532"
Locality: 059 FAIRFAX COUNTY,0707,707 - MANTUA,"2,548",131,"2,679",45,35,25,265,"754,304","64,919","819,223","16,974","5,514","3,442",133,"6,042,361","407,886","6,450,247","144,362","22,392","12,814","2,532"
Locality: 059 FAIRFAX COUNTY,0708,708 - MARSHALL,"3,936",632,"4,568",65,25,52,265,"754,304","64,919","819,223","16,974","5,514","3,442",133,"6,042,361","407,886","6,450,247","144,362","22,392","12,814","2,532"
Locality: 059 FAIRFAX COUNTY,0709,709 - MOSBY #1,"2,528",351,"2,879",31,23,12,265,"754,304","64,919","819,223","16,974","5,514","3,442",133,"6,042,361","407,886","6,450,247","144,362","22,392","12,814","2,532"
Locality: 059 FAIRFAX COUNTY,0710,710 - PINE SPRING,"2,386",205,"2,591",26,28,22,265,"754,304","64,919","819,223","16,974","5,514","3,442",133,"6,042,361","407,886","6,450,247","144,362","22,392","12,814","2,532"
Locality: 059 FAIRFAX COUNTY,0711,711 - PRICE,"2,206",201,"2,407",37,24,11,265,"754,304","64,919","819,223","16,974","5,514","3,442",133,"6,042,361","407,886","6,450,247","144,362","22,392","12,814","2,532"
Locality: 059 FAIRFAX COUNTY,0712,712 - SHREVE,"2,659",118,"2,777",35,47,18,265,"754,304","64,919","819,223","16,974","5,514","3,442",133,"6,042,361","407,886","6,450,247","144,362","22,392","12,814","2,532"
Locality: 059 FAIRFAX COUNTY,0713,713 - TIMBER LANE,"3,397",285,"3,682",46,37,19,265,"754,304","64,919","819,223","16,974","5,514","3,442",133,"6,042,361","407,886","6,450,247","144,362","22,392","12,814","2,532"
Locality: 059 FAIRFAX COUNTY,0714,714 - WALKER,"3,874",271,"4,145",40,38,23,265,"754,304","64,919","819,223","16,974","5,514","3,442",133,"6,042,361","407,886","6,450,247","144,362","22,392","12,814","2,532"
Locality: 059 FAIRFAX COUNTY,0718,718 - PINE RIDGE,"2,541",229,"2,770",39,16,13,265,"754,304","64,919","819,223","16,974","5,514","3,442",133,"6,042,361","407,886","6,450,247","144,362","22,392","12,814","2,532"
Locality: 059 FAIRFAX COUNTY,0720,720 - THOREAU,"3,039",174,"3,213",60,28,9,265,"754,304","64,919","819,223","16,974","5,514","3,442",133,"6,042,361","407,886","6,450,247","144,362","22,392","12,814","2,532"
Locality: 059 FAIRFAX COUNTY,0721,721 - MERRIFIELD,"4,068",808,"4,876",65,34,16,265,"754,304","64,919","819,223","16,974","5,514","3,442",133,"6,042,361","407,886","6,450,247","144,362","22,392","12,814","2,532"
Locality: 059 FAIRFAX COUNTY,0723,723 - GALLOWS EAST,"2,427",419,"2,846",36,37,28,265,"754,304","64,919","819,223","16,974","5,514","3,442",133,"6,042,361","407,886","6,450,247","144,362","22,392","12,814","2,532"
Locality: 059 FAIRFAX COUNTY,0726,726 - MAGARITY,"4,966",723,"5,689",78,72,34,265,"754,304","64,919","819,223","16,974","5,514","3,442",133,"6,042,361","407,886","6,450,247","144,362","22,392","12,814","2,532"
Locality: 059 FAIRFAX COUNTY,0727,727 - OAKTON,"2,654",163,"2,817",44,23,6,265,"754,304","64,919","819,223","16,974","5,514","3,442",133,"6,042,361","407,886","6,450,247","144,362","22,392","12,814","2,532"
Locality: 059 FAIRFAX COUNTY,0729,729 - NOTTOWAY,"3,784",372,"4,156",76,87,42,265,"754,304","64,919","819,223","16,974","5,514","3,442",133,"6,042,361","407,886","6,450,247","144,362","22,392","12,814","2,532"
Locality: 059 FAIRFAX COUNTY,0731,731 - TYSONS,"3,126",616,"3,742",44,19,16,265,"754,304","64,919","819,223","16,974","5,514","3,442",133,"6,042,361","407,886","6,450,247","144,362","22,392","12,814","2,532"
Locality: 059 FAIRFAX COUNTY,0732,732 - OAKTREE CROSSING,"3,983",295,"4,278",48,32,14,265,"754,304","64,919","819,223","16,974","5,514","3,442",133,"6,042,361","407,886","6,450,247","144,362","22,392","12,814","2,532"
Locality: 059 FAIRFAX COUNTY,0733,733 - KILMER,"4,693",471,"5,164",66,65,24,265,"754,304","64,919","819,223","16,974","5,514","3,442",133,"6,042,361","407,886","6,450,247","144,362","22,392","12,814","2,532"
Locality: 059 FAIRFAX COUNTY,0734,734 - HUNTERS BRANCH,"2,889",330,"3,219",31,36,12,265,"754,304","64,919","819,223","16,974","5,514","3,442",133,"6,042,361","407,886","6,450,247","144,362","22,392","12,814","2,532"
Locality: 059 FAIRFAX COUNTY,0735,735 - ROTONDA,"1,444",132,"1,576",20,14,27,265,"754,304","64,919","819,223","16,974","5,514","3,442",133,"6,042,361","407,886","6,450,247","144,362","22,392","12,814","2,532"
Locality: 059 FAIRFAX COUNTY,0736,736 - BEDFORD,574,198,772,12,3,,265,"754,304","64,919","819,223","16,974","5,514","3,442",133,"6,042,361","407,886","6,450,247","144,362","22,392","12,814","2,532"
Locality: 059 FAIRFAX COUNTY,0737,737 - MOSBY #2,"1,073",143,"1,216",23,9,10,265,"754,304","64,919","819,223","16,974","5,514","3,442",133,"6,042,361","407,886","6,450,247","144,362","22,392","12,814","2,532"
Locality: 059 FAIRFAX COUNTY,0738,738 - JONES BRANCH,"2,447",441,"2,888",34,13,17,265,"754,304","64,919","819,223","16,974","5,514","3,442",133,"6,042,361","407,886","6,450,247","144,362","22,392","12,814","2,532"
Locality: 059 FAIRFAX COUNTY,0801,801 - BURKE #1,"2,809",266,"3,075",79,11,11,265,"754,304","64,919","819,223","16,974","5,514","3,442",133,"6,042,361","407,886","6,450,247","144,362","22,392","12,814","2,532"
Locality: 059 FAIRFAX COUNTY,0802,802 - CEDAR LAKE,"1,785",225,"2,010",28,14,7,265,"754,304","64,919","819,223","16,974","5,514","3,442",133,"6,042,361","407,886","6,450,247","144,362","22,392","12,814","2,532"
Locality: 059 FAIRFAX COUNTY,0803,803 - CLIFTON SOUTH,"2,602",148,"2,750",79,15,5,265,"754,304","64,919","819,223","16,974","5,514","3,442",133,"6,042,361","407,886","6,450,247","144,362","22,392","12,814","2,532"
Locality: 059 FAIRFAX COUNTY,0804,804 - COLCHESTER,"1,921",102,"2,023",31,9,8,265,"754,304","64,919","819,223","16,974","5,514","3,442",133,"6,042,361","407,886","6,450,247","144,362","22,392","12,814","2,532"
Locality: 059 FAIRFAX COUNTY,0805,805 - FAIRFAX STATION,"1,597",74,"1,671",46,6,7,265,"754,304","64,919","819,223","16,974","5,514","3,442",133,"6,042,361","407,886","6,450,247","144,362","22,392","12,814","2,532"
Locality: 059 FAIRFAX COUNTY,0806,806 - SYDENSTRICKER,"3,278",179,"3,457",114,31,4,265,"754,304","64,919","819,223","16,974","5,514","3,442",133,"6,042,361","407,886","6,450,247","144,362","22,392","12,814","2,532"
Locality: 059 FAIRFAX COUNTY,0807,807 - HUNT VALLEY,"2,431",149,"2,580",117,26,10,265,"754,304","64,919","819,223","16,974","5,514","3,442",133,"6,042,361","407,886","6,450,247","144,362","22,392","12,814","2,532"
Locality: 059 FAIRFAX COUNTY,0811,811 - POHICK,"2,198",185,"2,383",79,18,3,265,"754,304","64,919","819,223","16,974","5,514","3,442",133,"6,042,361","407,886","6,450,247","144,362","22,392","12,814","2,532"
Locality: 059 FAIRFAX COUNTY,0812,812 - VALLEY,"3,038",188,"3,226",102,20,11,265,"754,304","64,919","819,223","16,974","5,514","3,442",133,"6,042,361","407,886","6,450,247","144,362","22,392","12,814","2,532"
Locality: 059 FAIRFAX COUNTY,0815,815 - WOODYARD,"1,602",89,"1,691",38,9,8,265,"754,304","64,919","819,223","16,974","5,514","3,442",133,"6,042,361","407,886","6,450,247","144,362","22,392","12,814","2,532"
Locality: 059 FAIRFAX COUNTY,0824,824 - ORANGE,"4,085",251,"4,336",185,30,12,265,"754,304","64,919","819,223","16,974","5,514","3,442",133,"6,042,361","407,886","6,450,247","144,362","22,392","12,814","2,532"
Locality: 059 FAIRFAX COUNTY,0825,825 - CHERRY RUN,"2,939",172,"3,111",118,27,15,265,"754,304","64,919","819,223","16,974","5,514","3,442",133,"6,042,361","407,886","6,450,247","144,362","22,392","12,814","2,532"
Locality: 059 FAIRFAX COUNTY,0833,833 - WHITE OAKS,"3,353",189,"3,542",89,16,15,265,"754,304","64,919","819,223","16,974","5,514","3,442",133,"6,042,361","407,886","6,450,247","144,362","22,392","12,814","2,532"
Locality: 059 FAIRFAX COUNTY,0838,838 - SANGSTER,"2,375",107,"2,482",110,18,5,265,"754,304","64,919","819,223","16,974","5,514","3,442",133,"6,042,361","407,886","6,450,247","144,362","22,392","12,814","2,532"
Locality: 059 FAIRFAX COUNTY,0839,839 - SILVERBROOK,"3,600",177,"3,777",147,18,6,265,"754,304","64,919","819,223","16,974","5,514","3,442",133,"6,042,361","407,886","6,450,247","144,362","22,392","12,814","2,532"
Locality: 059 FAIRFAX COUNTY,0841,841 - POPES HEAD,"1,649",107,"1,756",29,14,4,265,"754,304","64,919","819,223","16,974","5,514","3,442",133,"6,042,361","407,886","6,450,247","144,362","22,392","12,814","2,532"
Locality: 059 FAIRFAX COUNTY,0842,842 - PARKWAY,"2,388",104,"2,492",97,13,8,265,"754,304","64,919","819,223","16,974","5,514","3,442",133,"6,042,361","407,886","6,450,247","144,362","22,392","12,814","2,532"
Locality: 059 FAIRFAX COUNTY,0843,843 - FAIR LAKES,"3,425",365,"3,790",64,28,12,265,"754,304","64,919","819,223","16,974","5,514","3,442",133,"6,042,361","407,886","6,450,247","144,362","22,392","12,814","2,532"
Locality: 059 FAIRFAX COUNTY,0844,844 - CENTERPOINTE,"3,298",607,"3,905",56,21,20,265,"754,304","64,919","819,223","16,974","5,514","3,442",133,"6,042,361","407,886","6,450,247","144,362","22,392","12,814","2,532"
Locality: 059 FAIRFAX COUNTY,0845,845 - FOUNTAINHEAD,"3,816",227,"4,043",102,10,6,265,"754,304","64,919","819,223","16,974","5,514","3,442",133,"6,042,361","407,886","6,450,247","144,362","22,392","12,814","2,532"
Locality: 059 FAIRFAX COUNTY,0846,846 - GREENBRIAR EAST,"3,732",471,"4,203",55,24,20,265,"754,304","64,919","819,223","16,974","5,514","3,442",133,"6,042,361","407,886","6,450,247","144,362","22,392","12,814","2,532"
Locality: 059 FAIRFAX COUNTY,0847,847 - GREENBRIAR WEST,"2,446",198,"2,644",45,11,10,265,"754,304","64,919","819,223","16,974","5,514","3,442",133,"6,042,361","407,886","6,450,247","144,362","22,392","12,814","2,532"
Locality: 059 FAIRFAX COUNTY,0848,848 - FAIR OAKS,"4,500",388,"4,888",69,10,12,265,"754,304","64,919","819,223","16,974","5,514","3,442",133,"6,042,361","407,886","6,450,247","144,362","22,392","12,814","2,532"
Locality: 059 FAIRFAX COUNTY,0849,849 - NEWGATE NORTH,"2,853",148,"3,001",47,14,11,265,"754,304","64,919","819,223","16,974","5,514","3,442",133,"6,042,361","407,886","6,450,247","144,362","22,392","12,814","2,532"
Locality: 059 FAIRFAX COUNTY,0850,850 - SOUTH RUN,"3,033",159,"3,192",147,23,12,265,"754,304","64,919","819,223","16,974","5,514","3,442",133,"6,042,361","407,886","6,450,247","144,362","22,392","12,814","2,532"
Locality: 059 FAIRFAX COUNTY,0851,851 - WILLOW SPRINGS #1,"1,271",79,"1,350",12,5,4,265,"754,304","64,919","819,223","16,974","5,514","3,442",133,"6,042,361","407,886","6,450,247","144,362","22,392","12,814","2,532"
Locality: 059 FAIRFAX COUNTY,0854,854 - NEWGATE SOUTH,"2,960",187,"3,147",37,11,5,265,"754,304","64,919","819,223","16,974","5,514","3,442",133,"6,042,361","407,886","6,450,247","144,362","22,392","12,814","2,532"
Locality: 059 FAIRFAX COUNTY,0855,855 - SARATOGA,"3,831",275,"4,106",140,11,16,265,"754,304","64,919","819,223","16,974","5,514","3,442",133,"6,042,361","407,886","6,450,247","144,362","22,392","12,814","2,532"
Locality: 059 FAIRFAX COUNTY,0856,856 - PENDERBROOK,"3,970",455,"4,425",67,22,11,265,"754,304","64,919","819,223","16,974","5,514","3,442",133,"6,042,361","407,886","6,450,247","144,362","22,392","12,814","2,532"
Locality: 059 FAIRFAX COUNTY,0857,857 - ISLAND POND,207,4,211,2,1,,265,"754,304","64,919","819,223","16,974","5,514","3,442",133,"6,042,361","407,886","6,450,247","144,362","22,392","12,814","2,532"
Locality: 059 FAIRFAX COUNTY,0858,858 - CLIFTON TOWN,196,12,208,1,2,1,265,"754,304","64,919","819,223","16,974","5,514","3,442",133,"6,042,361","407,886","6,450,247","144,362","22,392","12,814","2,532"
Locality: 059 FAIRFAX COUNTY,0859,859 - LIBERTY,"2,227",103,"2,330",21,10,5,265,"754,304","64,919","819,223","16,974","5,514","3,442",133,"6,042,361","407,886","6,450,247","144,362","22,392","12,814","2,532"
Locality: 059 FAIRFAX COUNTY,0860,860 - SANDY RUN,"1,222",58,"1,280",31,4,6,265,"754,304","64,919","819,223","16,974","5,514","3,442",133,"6,042,361","407,886","6,450,247","144,362","22,392","12,814","2,532"
Locality: 059 FAIRFAX COUNTY,0861,861 - BURKE #2,"2,335",179,"2,514",51,8,14,265,"754,304","64,919","819,223","16,974","5,514","3,442",133,"6,042,361","407,886","6,450,247","144,362","22,392","12,814","2,532"
Locality: 059 FAIRFAX COUNTY,0862,862 - WILLOW SPRINGS #2,"1,735",104,"1,839",23,10,5,265,"754,304","64,919","819,223","16,974","5,514","3,442",133,"6,042,361","407,886","6,450,247","144,362","22,392","12,814","2,532"
Locality: 059 FAIRFAX COUNTY,0901,901 - CENTRE RIDGE,"3,610",364,"3,974",59,14,13,265,"754,304","64,919","819,223","16,974","5,514","3,442",133,"6,042,361","407,886","6,450,247","144,362","22,392","12,814","2,532"
Locality: 059 FAIRFAX COUNTY,0902,902 - BROOKFIELD,"4,481",367,"4,848",56,21,16,265,"754,304","64,919","819,223","16,974","5,514","3,442",133,"6,042,361","407,886","6,450,247","144,362","22,392","12,814","2,532"
Locality: 059 FAIRFAX COUNTY,0903,903 - CUB RUN,"4,864",443,"5,307",69,27,9,265,"754,304","64,919","819,223","16,974","5,514","3,442",133,"6,042,361","407,886","6,450,247","144,362","22,392","12,814","2,532"
Locality: 059 FAIRFAX COUNTY,0904,904 - STONECROFT,"2,413",128,"2,541",39,6,5,265,"754,304","64,919","819,223","16,974","5,514","3,442",133,"6,042,361","407,886","6,450,247","144,362","22,392","12,814","2,532"
Locality: 059 FAIRFAX COUNTY,0905,905 - FRANKLIN,"2,848",130,"2,978",34,12,13,265,"754,304","64,919","819,223","16,974","5,514","3,442",133,"6,042,361","407,886","6,450,247","144,362","22,392","12,814","2,532"
Locality: 059 FAIRFAX COUNTY,0908,908 - HIDDEN MEADOW,"2,356",140,"2,496",31,15,10,265,"754,304","64,919","819,223","16,974","5,514","3,442",133,"6,042,361","407,886","6,450,247","144,362","22,392","12,814","2,532"
Locality: 059 FAIRFAX COUNTY,0909,909 - OAK HILL,"2,172",92,"2,264",30,7,2,265,"754,304","64,919","819,223","16,974","5,514","3,442",133,"6,042,361","407,886","6,450,247","144,362","22,392","12,814","2,532"
Locality: 059 FAIRFAX COUNTY,0910,910 - LONDON TOWNE,"4,309",322,"4,631",53,16,3,265,"754,304","64,919","819,223","16,974","5,514","3,442",133,"6,042,361","407,886","6,450,247","144,362","22,392","12,814","2,532"
Locality: 059 FAIRFAX COUNTY,0911,911 - NAVY,"4,200",224,"4,424",58,22,10,265,"754,304","64,919","819,223","16,974","5,514","3,442",133,"6,042,361","407,886","6,450,247","144,362","22,392","12,814","2,532"
Locality: 059 FAIRFAX COUNTY,0913,913 - ROCKY RUN,"5,377",173,"5,550",61,22,15,265,"754,304","64,919","819,223","16,974","5,514","3,442",133,"6,042,361","407,886","6,450,247","144,362","22,392","12,814","2,532"
Locality: 059 FAIRFAX COUNTY,0914,914 - VALE,"2,746",147,"2,893",34,22,13,265,"754,304","64,919","819,223","16,974","5,514","3,442",133,"6,042,361","407,886","6,450,247","144,362","22,392","12,814","2,532"
Locality: 059 FAIRFAX COUNTY,0915,915 - VIRGINIA RUN,"2,959",147,"3,106",37,7,6,265,"754,304","64,919","819,223","16,974","5,514","3,442",133,"6,042,361","407,886","6,450,247","144,362","22,392","12,814","2,532"
Locality: 059 FAIRFAX COUNTY,0916,916 - WAPLES MILL,"4,438",232,"4,670",51,34,21,265,"754,304","64,919","819,223","16,974","5,514","3,442",133,"6,042,361","407,886","6,450,247","144,362","22,392","12,814","2,532"
Locality: 059 FAIRFAX COUNTY,0917,917 - STONE,"4,027",310,"4,337",44,12,3,265,"754,304","64,919","819,223","16,974","5,514","3,442",133,"6,042,361","407,886","6,450,247","144,362","22,392","12,814","2,532"
Locality: 059 FAIRFAX COUNTY,0918,918 - CENTREVILLE,"4,961",531,"5,492",58,22,9,265,"754,304","64,919","819,223","16,974","5,514","3,442",133,"6,042,361","407,886","6,450,247","144,362","22,392","12,814","2,532"
Locality: 059 FAIRFAX COUNTY,0919,919 - GREEN TRAILS,"4,736",288,"5,024",56,26,18,265,"754,304","64,919","819,223","16,974","5,514","3,442",133,"6,042,361","407,886","6,450,247","144,362","22,392","12,814","2,532"
Locality: 059 FAIRFAX COUNTY,0920,920 - CHANTILLY,"2,380",123,"2,503",14,17,3,265,"754,304","64,919","819,223","16,974","5,514","3,442",133,"6,042,361","407,886","6,450,247","144,362","22,392","12,814","2,532"
Locality: 059 FAIRFAX COUNTY,0921,921 - DEER PARK,"3,443",181,"3,624",41,13,4,265,"754,304","64,919","819,223","16,974","5,514","3,442",133,"6,042,361","407,886","6,450,247","144,362","22,392","12,814","2,532"
Locality: 059 FAIRFAX COUNTY,0923,923 - BULL RUN,"2,792",137,"2,929",39,12,11,265,"754,304","64,919","819,223","16,974","5,514","3,442",133,"6,042,361","407,886","6,450,247","144,362","22,392","12,814","2,532"
Locality: 059 FAIRFAX COUNTY,0924,924 - SPINDLE,"2,402",314,"2,716",40,5,2,265,"754,304","64,919","819,223","16,974","5,514","3,442",133,"6,042,361","407,886","6,450,247","144,362","22,392","12,814","2,532"
Locality: 059 FAIRFAX COUNTY,0925,925 - OLD MILL,"2,011",97,"2,108",24,6,4,265,"754,304","64,919","819,223","16,974","5,514","3,442",133,"6,042,361","407,886","6,450,247","144,362","22,392","12,814","2,532"
Locality: 059 FAIRFAX COUNTY,0926,926 - POWELL,"4,922",314,"5,236",68,14,5,265,"754,304","64,919","819,223","16,974","5,514","3,442",133,"6,042,361","407,886","6,450,247","144,362","22,392","12,814","2,532"
Locality: 059 FAIRFAX COUNTY,0927,927 - ARMFIELD,"3,201",280,"3,481",33,27,7,265,"754,304","64,919","819,223","16,974","5,514","3,442",133,"6,042,361","407,886","6,450,247","144,362","22,392","12,814","2,532"
Locality: 059 FAIRFAX COUNTY,0928,928 - POPLAR TREE,"2,970",141,"3,111",35,14,6,265,"754,304","64,919","819,223","16,974","5,514","3,442",133,"6,042,361","407,886","6,450,247","144,362","22,392","12,814","2,532"
Locality: 059 FAIRFAX COUNTY,0929,929 - DIFFICULT RUN,553,28,581,5,1,1,265,"754,304","64,919","819,223","16,974","5,514","3,442",133,"6,042,361","407,886","6,450,247","144,362","22,392","12,814","2,532"
Locality: 059 FAIRFAX COUNTY,0931,931 - CARSON,"2,472",160,"2,632",20,10,10,265,"754,304","64,919","819,223","16,974","5,514","3,442",133,"6,042,361","407,886","6,450,247","144,362","22,392","12,814","2,532"
Locality: 059 FAIRFAX COUNTY,0934,934 - FOX VALLEY,"1,465",99,"1,564",22,16,4,265,"754,304","64,919","819,223","16,974","5,514","3,442",133,"6,042,361","407,886","6,450,247","144,362","22,392","12,814","2,532"
Locality: 059 FAIRFAX COUNTY,0935,935 - ROBINSON MILL,867,125,992,18,2,,265,"754,304","64,919","819,223","16,974","5,514","3,442",133,"6,042,361","407,886","6,450,247","144,362","22,392","12,814","2,532"
Locality: 061 FAUQUIER COUNTY,0101,101 - KETTLE RUN,"1,767",59,"1,826",25,3,,24,"56,210","2,390","58,600",684,220,47,133,"6,042,361","407,886","6,450,247","144,362","22,392","12,814","2,532"
Locality: 061 FAUQUIER COUNTY,0102,102 - CATLETT,"3,440",104,"3,544",40,6,,24,"56,210","2,390","58,600",684,220,47,133,"6,042,361","407,886","6,450,247","144,362","22,392","12,814","2,532"
Locality: 061 FAUQUIER COUNTY,0103,103 - CASANOVA,"3,642",134,"3,776",56,13,3,24,"56,210","2,390","58,600",684,220,47,133,"6,042,361","407,886","6,450,247","144,362","22,392","12,814","2,532"
Locality: 061 FAUQUIER COUNTY,0104,104 - LOIS,"1,467",53,"1,520",21,,1,24,"56,210","2,390","58,600",684,220,47,133,"6,042,361","407,886","6,450,247","144,362","22,392","12,814","2,532"
Locality: 061 FAUQUIER COUNTY,0105,105 - OPAL,"1,599",66,"1,665",18,2,,24,"56,210","2,390","58,600",684,220,47,133,"6,042,361","407,886","6,450,247","144,362","22,392","12,814","2,532"
Locality: 061 FAUQUIER COUNTY,0201,201 - WARD 1,"1,617",75,"1,692",8,12,2,24,"56,210","2,390","58,600",684,220,47,133,"6,042,361","407,886","6,450,247","144,362","22,392","12,814","2,532"
Locality: 061 FAUQUIER COUNTY,0202,202 - WARD 2,"1,389",93,"1,482",20,9,,24,"56,210","2,390","58,600",684,220,47,133,"6,042,361","407,886","6,450,247","144,362","22,392","12,814","2,532"
Locality: 061 FAUQUIER COUNTY,0203,203 - WARD 3,"1,470",71,"1,541",18,5,3,24,"56,210","2,390","58,600",684,220,47,133,"6,042,361","407,886","6,450,247","144,362","22,392","12,814","2,532"
Locality: 061 FAUQUIER COUNTY,0204,204 - WARD 4,"1,507",72,"1,579",22,3,1,24,"56,210","2,390","58,600",684,220,47,133,"6,042,361","407,886","6,450,247","144,362","22,392","12,814","2,532"
Locality: 061 FAUQUIER COUNTY,0205,205 - WARD 5,"1,392",84,"1,476",12,6,,24,"56,210","2,390","58,600",684,220,47,133,"6,042,361","407,886","6,450,247","144,362","22,392","12,814","2,532"
Locality: 061 FAUQUIER COUNTY,0206,206 - AIRLIE,"2,859",107,"2,966",31,9,3,24,"56,210","2,390","58,600",684,220,47,133,"6,042,361","407,886","6,450,247","144,362","22,392","12,814","2,532"
Locality: 061 FAUQUIER COUNTY,0301,301 - MORRISVILLE,"3,540",141,"3,681",37,6,2,24,"56,210","2,390","58,600",684,220,47,133,"6,042,361","407,886","6,450,247","144,362","22,392","12,814","2,532"
Locality: 061 FAUQUIER COUNTY,0302,302 - BOTHA,"3,263",128,"3,391",38,5,3,24,"56,210","2,390","58,600",684,220,47,133,"6,042,361","407,886","6,450,247","144,362","22,392","12,814","2,532"
Locality: 061 FAUQUIER COUNTY,0303,303 - BEALETON,"3,346",177,"3,523",49,5,2,24,"56,210","2,390","58,600",684,220,47,133,"6,042,361","407,886","6,450,247","144,362","22,392","12,814","2,532"
Locality: 061 FAUQUIER COUNTY,0304,304 - REMINGTON,388,24,412,3,2,,24,"56,210","2,390","58,600",684,220,47,133,"6,042,361","407,886","6,450,247","144,362","22,392","12,814","2,532"
Locality: 061 FAUQUIER COUNTY,0401,401 - SALEM,"3,469",159,"3,628",35,12,1,24,"56,210","2,390","58,600",684,220,47,133,"6,042,361","407,886","6,450,247","144,362","22,392","12,814","2,532"
Locality: 061 FAUQUIER COUNTY,0402,402 - LEEDS,"3,438",123,"3,561",33,30,5,24,"56,210","2,390","58,600",684,220,47,133,"6,042,361","407,886","6,450,247","144,362","22,392","12,814","2,532"
Locality: 061 FAUQUIER COUNTY,0403,403 - WATERLOO,"3,500",122,"3,622",42,21,3,24,"56,210","2,390","58,600",684,220,47,133,"6,042,361","407,886","6,450,247","144,362","22,392","12,814","2,532"
Locality: 061 FAUQUIER COUNTY,0404,404 - SPRINGS VALLEY,"1,464",61,"1,525",14,9,2,24,"56,210","2,390","58,600",684,220,47,133,"6,042,361","407,886","6,450,247","144,362","22,392","12,814","2,532"
Locality: 061 FAUQUIER COUNTY,0501,501 - HOPEWELL,"1,470",84,"1,554",23,11,6,24,"56,210","2,390","58,600",684,220,47,133,"6,042,361","407,886","6,450,247","144,362","22,392","12,814","2,532"
Locality: 061 FAUQUIER COUNTY,0502,502 - NEW BALTIMORE,"3,866",178,"4,044",60,12,1,24,"56,210","2,390","58,600",684,220,47,133,"6,042,361","407,886","6,450,247","144,362","22,392","12,814","2,532"
Locality: 061 FAUQUIER COUNTY,0503,503 - BROAD RUN,"2,508",90,"2,598",35,19,3,24,"56,210","2,390","58,600",684,220,47,133,"6,042,361","407,886","6,450,247","144,362","22,392","12,814","2,532"
Locality: 061 FAUQUIER COUNTY,0504,504 - VINT HILL,"3,602",169,"3,771",42,18,5,24,"56,210","2,390","58,600",684,220,47,133,"6,042,361","407,886","6,450,247","144,362","22,392","12,814","2,532"
Locality: 061 FAUQUIER COUNTY,0505,505 - THE PLAINS,207,16,223,2,2,1,24,"56,210","2,390","58,600",684,220,47,133,"6,042,361","407,886","6,450,247","144,362","22,392","12,814","2,532"
Locality: 063 FLOYD COUNTY,0101,101 - LOCUST GROVE,"2,401",60,"2,461",12,8,,5,"12,009",310,"12,319",69,32,8,133,"6,042,361","407,886","6,450,247","144,362","22,392","12,814","2,532"
Locality: 063 FLOYD COUNTY,0201,201 - LITTLE RIVER,"2,423",58,"2,481",14,4,2,5,"12,009",310,"12,319",69,32,8,133,"6,042,361","407,886","6,450,247","144,362","22,392","12,814","2,532"
Locality: 063 FLOYD COUNTY,0301,301 - COURTHOUSE,"2,343",60,"2,403",19,8,2,5,"12,009",310,"12,319",69,32,8,133,"6,042,361","407,886","6,450,247","144,362","22,392","12,814","2,532"
Locality: 063 FLOYD COUNTY,0401,401 - BURKS FORK,"2,443",77,"2,520",12,5,3,5,"12,009",310,"12,319",69,32,8,133,"6,042,361","407,886","6,450,247","144,362","22,392","12,814","2,532"
Locality: 063 FLOYD COUNTY,0501,501 - INDIAN VALLEY,"2,399",55,"2,454",12,7,1,5,"12,009",310,"12,319",69,32,8,133,"6,042,361","407,886","6,450,247","144,362","22,392","12,814","2,532"
Locality: 065 FLUVANNA COUNTY,0101,101 - PALMYRA,"4,413",141,"4,554",54,15,5,5,"21,638",692,"22,330",246,55,23,133,"6,042,361","407,886","6,450,247","144,362","22,392","12,814","2,532"
Locality: 065 FLUVANNA COUNTY,0201,201 - COLUMBIA,"4,063",129,"4,192",36,4,9,5,"21,638",692,"22,330",246,55,23,133,"6,042,361","407,886","6,450,247","144,362","22,392","12,814","2,532"
Locality: 065 FLUVANNA COUNTY,0301,301 - FORK UNION,"4,407",124,"4,531",43,6,3,5,"21,638",692,"22,330",246,55,23,133,"6,042,361","407,886","6,450,247","144,362","22,392","12,814","2,532"
Locality: 065 FLUVANNA COUNTY,0401,401 - CUNNINGHAM,"4,153",115,"4,268",54,15,1,5,"21,638",692,"22,330",246,55,23,133,"6,042,361","407,886","6,450,247","144,362","22,392","12,814","2,532"
Locality: 065 FLUVANNA COUNTY,0501,501 - RIVANNA,"4,602",183,"4,785",59,15,5,5,"21,638",692,"22,330",246,55,23,133,"6,042,361","407,886","6,450,247","144,362","22,392","12,814","2,532"
Locality: 067 FRANKLIN COUNTY,0102,102 - BURNT CHIMNEY,"3,689",214,"3,903",28,6,2,23,"40,285","1,527","41,812",264,30,23,133,"6,042,361","407,886","6,450,247","144,362","22,392","12,814","2,532"
Locality: 067 FRANKLIN COUNTY,0103,103 - SCRUGGS,"3,236",100,"3,336",17,1,3,23,"40,285","1,527","41,812",264,30,23,133,"6,042,361","407,886","6,450,247","144,362","22,392","12,814","2,532"
Locality: 067 FRANKLIN COUNTY,0201,201 - GLADE HILL,"1,301",28,"1,329",9,1,1,23,"40,285","1,527","41,812",264,30,23,133,"6,042,361","407,886","6,450,247","144,362","22,392","12,814","2,532"
Locality: 067 FRANKLIN COUNTY,0202,202 - PENHOOK,"1,668",89,"1,757",13,4,2,23,"40,285","1,527","41,812",264,30,23,133,"6,042,361","407,886","6,450,247","144,362","22,392","12,814","2,532"
Locality: 067 FRANKLIN COUNTY,0203,203 - HODGESVILLE,"1,543",56,"1,599",7,2,,23,"40,285","1,527","41,812",264,30,23,133,"6,042,361","407,886","6,450,247","144,362","22,392","12,814","2,532"
Locality: 067 FRANKLIN COUNTY,0204,204 - DUDLEY,"1,889",69,"1,958",17,2,1,23,"40,285","1,527","41,812",264,30,23,133,"6,042,361","407,886","6,450,247","144,362","22,392","12,814","2,532"
Locality: 067 FRANKLIN COUNTY,0301,301 - SNOW CREEK,"1,090",40,"1,130",8,1,1,23,"40,285","1,527","41,812",264,30,23,133,"6,042,361","407,886","6,450,247","144,362","22,392","12,814","2,532"
Locality: 067 FRANKLIN COUNTY,0302,302 - FORK MOUNTAIN,"1,077",40,"1,117",6,,,23,"40,285","1,527","41,812",264,30,23,133,"6,042,361","407,886","6,450,247","144,362","22,392","12,814","2,532"
Locality: 067 FRANKLIN COUNTY,0303,303 - SONTAG,"2,141",64,"2,205",11,1,,23,"40,285","1,527","41,812",264,30,23,133,"6,042,361","407,886","6,450,247","144,362","22,392","12,814","2,532"
Locality: 067 FRANKLIN COUNTY,0304,304 - DICKINSON,"1,101",28,"1,129",9,,3,23,"40,285","1,527","41,812",264,30,23,133,"6,042,361","407,886","6,450,247","144,362","22,392","12,814","2,532"
Locality: 067 FRANKLIN COUNTY,0401,401 - HENRY,"1,425",79,"1,504",12,,2,23,"40,285","1,527","41,812",264,30,23,133,"6,042,361","407,886","6,450,247","144,362","22,392","12,814","2,532"
Locality: 067 FRANKLIN COUNTY,0402,402 - FERRUM,"1,416",52,"1,468",6,,2,23,"40,285","1,527","41,812",264,30,23,133,"6,042,361","407,886","6,450,247","144,362","22,392","12,814","2,532"
Locality: 067 FRANKLIN COUNTY,0403,403 - ENDICOTT,814,27,841,7,1,,23,"40,285","1,527","41,812",264,30,23,133,"6,042,361","407,886","6,450,247","144,362","22,392","12,814","2,532"
Locality: 067 FRANKLIN COUNTY,0404,404 - WAIDSBORO,"1,218",41,"1,259",3,1,1,23,"40,285","1,527","41,812",264,30,23,133,"6,042,361","407,886","6,450,247","144,362","22,392","12,814","2,532"
Locality: 067 FRANKLIN COUNTY,0502,502 - CALLAWAY,"1,919",54,"1,973",15,2,1,23,"40,285","1,527","41,812",264,30,23,133,"6,042,361","407,886","6,450,247","144,362","22,392","12,814","2,532"
Locality: 067 FRANKLIN COUNTY,0503,503 - BOWMANS,"1,757",57,"1,814",16,1,1,23,"40,285","1,527","41,812",264,30,23,133,"6,042,361","407,886","6,450,247","144,362","22,392","12,814","2,532"
Locality: 067 FRANKLIN COUNTY,0504,504 - GOGGINSVILLE,"2,010",62,"2,072",13,2,,23,"40,285","1,527","41,812",264,30,23,133,"6,042,361","407,886","6,450,247","144,362","22,392","12,814","2,532"
Locality: 067 FRANKLIN COUNTY,0601,601 - BOONES MILL,"2,618",86,"2,704",12,,,23,"40,285","1,527","41,812",264,30,23,133,"6,042,361","407,886","6,450,247","144,362","22,392","12,814","2,532"
Locality: 067 FRANKLIN COUNTY,0602,602 - BONBROOK,"1,900",56,"1,956",10,2,1,23,"40,285","1,527","41,812",264,30,23,133,"6,042,361","407,886","6,450,247","144,362","22,392","12,814","2,532"
Locality: 067 FRANKLIN COUNTY,0603,603 - COOPERS COVE,"1,287",35,"1,322",10,1,,23,"40,285","1,527","41,812",264,30,23,133,"6,042,361","407,886","6,450,247","144,362","22,392","12,814","2,532"
Locality: 067 FRANKLIN COUNTY,0701,701 - ROCKY MOUNT EAST,"1,761",106,"1,867",14,1,2,23,"40,285","1,527","41,812",264,30,23,133,"6,042,361","407,886","6,450,247","144,362","22,392","12,814","2,532"
Locality: 067 FRANKLIN COUNTY,0702,702 - ROCKY MOUNT WEST,"2,055",97,"2,152",14,,,23,"40,285","1,527","41,812",264,30,23,133,"6,042,361","407,886","6,450,247","144,362","22,392","12,814","2,532"
Locality: 067 FRANKLIN COUNTY,0703,703 - ROCKY MOUNT SOUTH,"1,370",47,"1,417",7,1,,23,"40,285","1,527","41,812",264,30,23,133,"6,042,361","407,886","6,450,247","144,362","22,392","12,814","2,532"
Locality: 069 FREDERICK COUNTY,0101,101 - RUSSELLS,"3,335",126,"3,461",35,9,9,29,"70,589","4,429","75,018",797,149,81,133,"6,042,361","407,886","6,450,247","144,362","22,392","12,814","2,532"
Locality: 069 FREDERICK COUNTY,0102,102 - GORE,"3,669",213,"3,882",33,5,2,29,"70,589","4,429","75,018",797,149,81,133,"6,042,361","407,886","6,450,247","144,362","22,392","12,814","2,532"
Locality: 069 FREDERICK COUNTY,0103,103 - KERNSTOWN,"3,001",166,"3,167",33,11,6,29,"70,589","4,429","75,018",797,149,81,133,"6,042,361","407,886","6,450,247","144,362","22,392","12,814","2,532"
Locality: 069 FREDERICK COUNTY,0104,104 - CEDAR CREEK,"1,098",46,"1,144",12,2,1,29,"70,589","4,429","75,018",797,149,81,133,"6,042,361","407,886","6,450,247","144,362","22,392","12,814","2,532"
Locality: 069 FREDERICK COUNTY,0105,105 - MIDDLETOWN ,"1,392",93,"1,485",13,3,,29,"70,589","4,429","75,018",797,149,81,133,"6,042,361","407,886","6,450,247","144,362","22,392","12,814","2,532"
Locality: 069 FREDERICK COUNTY,0201,201 - GAINESBOROUGH,"2,096",108,"2,204",24,2,3,29,"70,589","4,429","75,018",797,149,81,133,"6,042,361","407,886","6,450,247","144,362","22,392","12,814","2,532"
Locality: 069 FREDERICK COUNTY,0202,202 - ALBIN,"2,455",121,"2,576",30,10,4,29,"70,589","4,429","75,018",797,149,81,133,"6,042,361","407,886","6,450,247","144,362","22,392","12,814","2,532"
Locality: 069 FREDERICK COUNTY,0203,203 - REDLAND,"3,773",274,"4,047",54,9,3,29,"70,589","4,429","75,018",797,149,81,133,"6,042,361","407,886","6,450,247","144,362","22,392","12,814","2,532"
Locality: 069 FREDERICK COUNTY,0204,204 - NAIN,"2,236",116,"2,352",24,5,,29,"70,589","4,429","75,018",797,149,81,133,"6,042,361","407,886","6,450,247","144,362","22,392","12,814","2,532"
Locality: 069 FREDERICK COUNTY,0205,205 - WHITE HALL,"1,582",67,"1,649",17,1,2,29,"70,589","4,429","75,018",797,149,81,133,"6,042,361","407,886","6,450,247","144,362","22,392","12,814","2,532"
Locality: 069 FREDERICK COUNTY,0301,301 - CLEAR BROOK,"2,580",151,"2,731",22,4,2,29,"70,589","4,429","75,018",797,149,81,133,"6,042,361","407,886","6,450,247","144,362","22,392","12,814","2,532"
Locality: 069 FREDERICK COUNTY,0302,302 - NEFF'S TOWN,970,112,"1,082",9,2,1,29,"70,589","4,429","75,018",797,149,81,133,"6,042,361","407,886","6,450,247","144,362","22,392","12,814","2,532"
Locality: 069 FREDERICK COUNTY,0303,303 - JORDAN SPRINGS,"4,010",252,"4,262",51,5,8,29,"70,589","4,429","75,018",797,149,81,133,"6,042,361","407,886","6,450,247","144,362","22,392","12,814","2,532"
Locality: 069 FREDERICK COUNTY,0304,304 - GIBSON SCHOOL,"1,165",128,"1,293",19,,,29,"70,589","4,429","75,018",797,149,81,133,"6,042,361","407,886","6,450,247","144,362","22,392","12,814","2,532"
Locality: 069 FREDERICK COUNTY,0305,305 - SUNNYSIDE,"1,571",129,"1,700",18,2,2,29,"70,589","4,429","75,018",797,149,81,133,"6,042,361","407,886","6,450,247","144,362","22,392","12,814","2,532"
Locality: 069 FREDERICK COUNTY,0401,401 - ARMEL,"2,339",147,"2,486",24,9,6,29,"70,589","4,429","75,018",797,149,81,133,"6,042,361","407,886","6,450,247","144,362","22,392","12,814","2,532"
Locality: 069 FREDERICK COUNTY,0402,402 - SHENANDOAH,"3,676",237,"3,913",47,6,1,29,"70,589","4,429","75,018",797,149,81,133,"6,042,361","407,886","6,450,247","144,362","22,392","12,814","2,532"
Locality: 069 FREDERICK COUNTY,0403,403 - PARKIN'S MILL,"3,239",300,"3,539",34,6,2,29,"70,589","4,429","75,018",797,149,81,133,"6,042,361","407,886","6,450,247","144,362","22,392","12,814","2,532"
Locality: 069 FREDERICK COUNTY,0404,404 - WHITE OAK SCHOOL,"2,554",128,"2,682",36,4,7,29,"70,589","4,429","75,018",797,149,81,133,"6,042,361","407,886","6,450,247","144,362","22,392","12,814","2,532"
Locality: 069 FREDERICK COUNTY,0501,501 - STEPHENS CITY,"2,141",143,"2,284",28,3,1,29,"70,589","4,429","75,018",797,149,81,133,"6,042,361","407,886","6,450,247","144,362","22,392","12,814","2,532"
Locality: 069 FREDERICK COUNTY,0502,502 - BASS-HOOVER,"2,577",236,"2,813",33,3,5,29,"70,589","4,429","75,018",797,149,81,133,"6,042,361","407,886","6,450,247","144,362","22,392","12,814","2,532"
Locality: 069 FREDERICK COUNTY,0503,503 - CANTERBURG,"3,621",137,"3,758",34,12,4,29,"70,589","4,429","75,018",797,149,81,133,"6,042,361","407,886","6,450,247","144,362","22,392","12,814","2,532"
Locality: 069 FREDERICK COUNTY,0504,504 - VAUCLUSE SPRING,"2,890",166,"3,056",32,2,3,29,"70,589","4,429","75,018",797,149,81,133,"6,042,361","407,886","6,450,247","144,362","22,392","12,814","2,532"
Locality: 069 FREDERICK COUNTY,0505,505 - AYLOR,"1,629",105,"1,734",16,3,,29,"70,589","4,429","75,018",797,149,81,133,"6,042,361","407,886","6,450,247","144,362","22,392","12,814","2,532"
Locality: 069 FREDERICK COUNTY,0601,601 - MILLBROOK,"2,726",183,"2,909",29,8,2,29,"70,589","4,429","75,018",797,149,81,133,"6,042,361","407,886","6,450,247","144,362","22,392","12,814","2,532"
Locality: 069 FREDERICK COUNTY,0602,602 - ASH HOLLOW,"3,189",266,"3,455",39,3,4,29,"70,589","4,429","75,018",797,149,81,133,"6,042,361","407,886","6,450,247","144,362","22,392","12,814","2,532"
Locality: 069 FREDERICK COUNTY,0603,603 - GREENWOOD,"3,781",209,"3,990",38,17,2,29,"70,589","4,429","75,018",797,149,81,133,"6,042,361","407,886","6,450,247","144,362","22,392","12,814","2,532"
Locality: 069 FREDERICK COUNTY,0604,604 - CARPERS VALLEY,981,58,"1,039",8,3,1,29,"70,589","4,429","75,018",797,149,81,133,"6,042,361","407,886","6,450,247","144,362","22,392","12,814","2,532"
Locality: 069 FREDERICK COUNTY,0605,605 - SULPHUR SPRING,313,12,325,5,,,29,"70,589","4,429","75,018",797,149,81,133,"6,042,361","407,886","6,450,247","144,362","22,392","12,814","2,532"
Locality: 071 GILES COUNTY,0102,102 - RICH CREEK,"1,059",71,"1,130",6,1,,8,"11,987",548,"12,535",77,7,4,133,"6,042,361","407,886","6,450,247","144,362","22,392","12,814","2,532"
Locality: 071 GILES COUNTY,0103,103 - NARROWS,"2,480",172,"2,652",18,1,1,8,"11,987",548,"12,535",77,7,4,133,"6,042,361","407,886","6,450,247","144,362","22,392","12,814","2,532"
Locality: 071 GILES COUNTY,0201,201 - PEARISBURG,"3,252",143,"3,395",13,3,1,8,"11,987",548,"12,535",77,7,4,133,"6,042,361","407,886","6,450,247","144,362","22,392","12,814","2,532"
Locality: 071 GILES COUNTY,0202,202 - STAFFORDSVILLE,532,17,549,4,,,8,"11,987",548,"12,535",77,7,4,133,"6,042,361","407,886","6,450,247","144,362","22,392","12,814","2,532"
Locality: 071 GILES COUNTY,0203,203 - WHITE GATE,293,12,305,,,,8,"11,987",548,"12,535",77,7,4,133,"6,042,361","407,886","6,450,247","144,362","22,392","12,814","2,532"
Locality: 071 GILES COUNTY,0301,301 - EGGLESTON,904,25,929,6,1,,8,"11,987",548,"12,535",77,7,4,133,"6,042,361","407,886","6,450,247","144,362","22,392","12,814","2,532"
Locality: 071 GILES COUNTY,0302,302 - PEMBROKE,"2,310",77,"2,387",23,,1,8,"11,987",548,"12,535",77,7,4,133,"6,042,361","407,886","6,450,247","144,362","22,392","12,814","2,532"
Locality: 071 GILES COUNTY,0303,303 - NEWPORT,"1,157",31,"1,188",7,1,1,8,"11,987",548,"12,535",77,7,4,133,"6,042,361","407,886","6,450,247","144,362","22,392","12,814","2,532"
Locality: 073 GLOUCESTER COUNTY,0101,101 - HARCUM,"2,281",79,"2,360",55,4,1,11,"30,485","1,159","31,644",922,62,23,133,"6,042,361","407,886","6,450,247","144,362","22,392","12,814","2,532"
Locality: 073 GLOUCESTER COUNTY,0102,102 - SALEM,"1,922",65,"1,987",52,3,,11,"30,485","1,159","31,644",922,62,23,133,"6,042,361","407,886","6,450,247","144,362","22,392","12,814","2,532"
Locality: 073 GLOUCESTER COUNTY,0103,103 - PEASLEY,"1,681",56,"1,737",29,1,,11,"30,485","1,159","31,644",922,62,23,133,"6,042,361","407,886","6,450,247","144,362","22,392","12,814","2,532"
Locality: 073 GLOUCESTER COUNTY,0201,201 - COURTHOUSE,"2,473",69,"2,542",69,9,3,11,"30,485","1,159","31,644",922,62,23,133,"6,042,361","407,886","6,450,247","144,362","22,392","12,814","2,532"
Locality: 073 GLOUCESTER COUNTY,0202,202 - BOTETOURT,"3,551",152,"3,703",151,5,4,11,"30,485","1,159","31,644",922,62,23,133,"6,042,361","407,886","6,450,247","144,362","22,392","12,814","2,532"
Locality: 073 GLOUCESTER COUNTY,0301,301 - WHITE MARSH,"3,836",143,"3,979",108,6,2,11,"30,485","1,159","31,644",922,62,23,133,"6,042,361","407,886","6,450,247","144,362","22,392","12,814","2,532"
Locality: 073 GLOUCESTER COUNTY,0302,302 - ROANES,"2,568",93,"2,661",77,6,2,11,"30,485","1,159","31,644",922,62,23,133,"6,042,361","407,886","6,450,247","144,362","22,392","12,814","2,532"
Locality: 073 GLOUCESTER COUNTY,0401,401 - HAYES,"3,252",144,"3,396",84,15,2,11,"30,485","1,159","31,644",922,62,23,133,"6,042,361","407,886","6,450,247","144,362","22,392","12,814","2,532"
Locality: 073 GLOUCESTER COUNTY,0402,402 - SARAHS CREEK,"2,619",123,"2,742",86,2,4,11,"30,485","1,159","31,644",922,62,23,133,"6,042,361","407,886","6,450,247","144,362","22,392","12,814","2,532"
Locality: 073 GLOUCESTER COUNTY,0501,501 - ACHILLES,"3,711",136,"3,847",112,5,3,11,"30,485","1,159","31,644",922,62,23,133,"6,042,361","407,886","6,450,247","144,362","22,392","12,814","2,532"
Locality: 073 GLOUCESTER COUNTY,0502,502 - WALKER,"2,591",99,"2,690",99,6,2,11,"30,485","1,159","31,644",922,62,23,133,"6,042,361","407,886","6,450,247","144,362","22,392","12,814","2,532"
Locality: 075 GOOCHLAND COUNTY,0101,101 - FIFE,"1,912",43,"1,955",14,2,1,11,"24,310",694,"25,004",169,71,19,133,"6,042,361","407,886","6,450,247","144,362","22,392","12,814","2,532"
Locality: 075 GOOCHLAND COUNTY,0102,102 - HADENSVILLE,"2,389",62,"2,451",23,3,2,11,"24,310",694,"25,004",169,71,19,133,"6,042,361","407,886","6,450,247","144,362","22,392","12,814","2,532"
Locality: 075 GOOCHLAND COUNTY,0201,201 - THREE SQUARE,"2,104",59,"2,163",12,3,3,11,"24,310",694,"25,004",169,71,19,133,"6,042,361","407,886","6,450,247","144,362","22,392","12,814","2,532"
Locality: 075 GOOCHLAND COUNTY,0202,202 - SANDY HOOK,"2,172",57,"2,229",31,4,,11,"24,310",694,"25,004",169,71,19,133,"6,042,361","407,886","6,450,247","144,362","22,392","12,814","2,532"
Locality: 075 GOOCHLAND COUNTY,0301,301 - BEAVERDAM,"2,468",67,"2,535",17,12,2,11,"24,310",694,"25,004",169,71,19,133,"6,042,361","407,886","6,450,247","144,362","22,392","12,814","2,532"
Locality: 075 GOOCHLAND COUNTY,0302,302 - RANDOLPH,"1,647",39,"1,686",7,7,1,11,"24,310",694,"25,004",169,71,19,133,"6,042,361","407,886","6,450,247","144,362","22,392","12,814","2,532"
Locality: 075 GOOCHLAND COUNTY,0401,401 - SHALLOW WELL,"1,213",40,"1,253",9,6,2,11,"24,310",694,"25,004",169,71,19,133,"6,042,361","407,886","6,450,247","144,362","22,392","12,814","2,532"
Locality: 075 GOOCHLAND COUNTY,0402,402 - CENTERVILLE,"3,184",59,"3,243",10,12,1,11,"24,310",694,"25,004",169,71,19,133,"6,042,361","407,886","6,450,247","144,362","22,392","12,814","2,532"
Locality: 075 GOOCHLAND COUNTY,0403,403 - WEST CREEK,"1,663",131,"1,794",15,2,,11,"24,310",694,"25,004",169,71,19,133,"6,042,361","407,886","6,450,247","144,362","22,392","12,814","2,532"
Locality: 075 GOOCHLAND COUNTY,0501,501 - MANAKIN,"2,321",58,"2,379",19,6,4,11,"24,310",694,"25,004",169,71,19,133,"6,042,361","407,886","6,450,247","144,362","22,392","12,814","2,532"
Locality: 075 GOOCHLAND COUNTY,0502,502 - BLAIR,"3,237",79,"3,316",12,14,3,11,"24,310",694,"25,004",169,71,19,133,"6,042,361","407,886","6,450,247","144,362","22,392","12,814","2,532"
Locality: 077 GRAYSON COUNTY,0101,101 - BRIDLE CREEK,676,19,695,2,,,15,"10,671",451,"11,122",55,4,7,133,"6,042,361","407,886","6,450,247","144,362","22,392","12,814","2,532"
Locality: 077 GRAYSON COUNTY,0102,102 - FLATRIDGE,254,9,263,1,,,15,"10,671",451,"11,122",55,4,7,133,"6,042,361","407,886","6,450,247","144,362","22,392","12,814","2,532"
Locality: 077 GRAYSON COUNTY,0103,103 - GRANT,435,18,453,2,,,15,"10,671",451,"11,122",55,4,7,133,"6,042,361","407,886","6,450,247","144,362","22,392","12,814","2,532"
Locality: 077 GRAYSON COUNTY,0104,104 - MOUTH OF WILSON,290,26,316,1,,3,15,"10,671",451,"11,122",55,4,7,133,"6,042,361","407,886","6,450,247","144,362","22,392","12,814","2,532"
Locality: 077 GRAYSON COUNTY,0105,105 - MOUNT ROGERS,354,10,364,3,,,15,"10,671",451,"11,122",55,4,7,133,"6,042,361","407,886","6,450,247","144,362","22,392","12,814","2,532"
Locality: 077 GRAYSON COUNTY,0106,106 - RUGBY,322,4,326,1,,,15,"10,671",451,"11,122",55,4,7,133,"6,042,361","407,886","6,450,247","144,362","22,392","12,814","2,532"
Locality: 077 GRAYSON COUNTY,0107,107 - TROUTDALE,194,10,204,,,,15,"10,671",451,"11,122",55,4,7,133,"6,042,361","407,886","6,450,247","144,362","22,392","12,814","2,532"
Locality: 077 GRAYSON COUNTY,0108,108 - COMERS ROCK,231,7,238,1,,,15,"10,671",451,"11,122",55,4,7,133,"6,042,361","407,886","6,450,247","144,362","22,392","12,814","2,532"
Locality: 077 GRAYSON COUNTY,0202,202 - ELK CREEK,763,21,784,9,,,15,"10,671",451,"11,122",55,4,7,133,"6,042,361","407,886","6,450,247","144,362","22,392","12,814","2,532"
Locality: 077 GRAYSON COUNTY,0203,203 - INDEPENDENCE,"1,788",78,"1,866",8,2,1,15,"10,671",451,"11,122",55,4,7,133,"6,042,361","407,886","6,450,247","144,362","22,392","12,814","2,532"
Locality: 077 GRAYSON COUNTY,0301,301 - BAYWOOD,"1,134",53,"1,187",4,,,15,"10,671",451,"11,122",55,4,7,133,"6,042,361","407,886","6,450,247","144,362","22,392","12,814","2,532"
Locality: 077 GRAYSON COUNTY,0302,302 - FAIRVIEW,"1,560",82,"1,642",12,1,1,15,"10,671",451,"11,122",55,4,7,133,"6,042,361","407,886","6,450,247","144,362","22,392","12,814","2,532"
Locality: 077 GRAYSON COUNTY,0401,401 - FRIES,722,16,738,1,,1,15,"10,671",451,"11,122",55,4,7,133,"6,042,361","407,886","6,450,247","144,362","22,392","12,814","2,532"
Locality: 077 GRAYSON COUNTY,0402,402 - PROVIDENCE,"1,331",49,"1,380",4,1,1,15,"10,671",451,"11,122",55,4,7,133,"6,042,361","407,886","6,450,247","144,362","22,392","12,814","2,532"
Locality: 077 GRAYSON COUNTY,0403,403 - OLDTOWN,617,49,666,6,,,15,"10,671",451,"11,122",55,4,7,133,"6,042,361","407,886","6,450,247","144,362","22,392","12,814","2,532"
Locality: 079 GREENE COUNTY,0101,101 - DYKE,"1,393",48,"1,441",5,1,6,6,"15,985",605,"16,590",206,40,28,133,"6,042,361","407,886","6,450,247","144,362","22,392","12,814","2,532"
Locality: 079 GREENE COUNTY,0102,102 - SWIFT RUN,"2,372",69,"2,441",22,6,3,6,"15,985",605,"16,590",206,40,28,133,"6,042,361","407,886","6,450,247","144,362","22,392","12,814","2,532"
Locality: 079 GREENE COUNTY,0201,201 - RUCKERSVILLE,"4,054",228,"4,282",66,9,4,6,"15,985",605,"16,590",206,40,28,133,"6,042,361","407,886","6,450,247","144,362","22,392","12,814","2,532"
Locality: 079 GREENE COUNTY,0301,301 - STANARDSVILLE,"3,712",120,"3,832",51,2,7,6,"15,985",605,"16,590",206,40,28,133,"6,042,361","407,886","6,450,247","144,362","22,392","12,814","2,532"
Locality: 079 GREENE COUNTY,0302,302 - STANARDSVILLE TOWN,218,12,230,,3,1,6,"15,985",605,"16,590",206,40,28,133,"6,042,361","407,886","6,450,247","144,362","22,392","12,814","2,532"
Locality: 079 GREENE COUNTY,0401,401 - MIDWAY,"4,236",128,"4,364",62,19,7,6,"15,985",605,"16,590",206,40,28,133,"6,042,361","407,886","6,450,247","144,362","22,392","12,814","2,532"
Locality: 081 GREENSVILLE COUNTY,0101,101 - PRECINCT 1-A,519,15,534,4,,,9,"6,285",236,"6,521",68,1,1,133,"6,042,361","407,886","6,450,247","144,362","22,392","12,814","2,532"
Locality: 081 GREENSVILLE COUNTY,0102,102 - PRECINCT 1-B,263,6,269,4,,,9,"6,285",236,"6,521",68,1,1,133,"6,042,361","407,886","6,450,247","144,362","22,392","12,814","2,532"
Locality: 081 GREENSVILLE COUNTY,0103,103 - PRECINCT 1-C,796,47,843,5,,,9,"6,285",236,"6,521",68,1,1,133,"6,042,361","407,886","6,450,247","144,362","22,392","12,814","2,532"
Locality: 081 GREENSVILLE COUNTY,0201,201 - PRECINCT 2-A,765,27,792,11,,,9,"6,285",236,"6,521",68,1,1,133,"6,042,361","407,886","6,450,247","144,362","22,392","12,814","2,532"
Locality: 081 GREENSVILLE COUNTY,0202,202 - PRECINCT 2-B,951,31,982,7,,,9,"6,285",236,"6,521",68,1,1,133,"6,042,361","407,886","6,450,247","144,362","22,392","12,814","2,532"
Locality: 081 GREENSVILLE COUNTY,0302,302 - PRECINCT 3-A,"1,243",44,"1,287",17,1,,9,"6,285",236,"6,521",68,1,1,133,"6,042,361","407,886","6,450,247","144,362","22,392","12,814","2,532"
Locality: 081 GREENSVILLE COUNTY,0401,401 - PRECINCT 4-A,418,9,427,6,,,9,"6,285",236,"6,521",68,1,1,133,"6,042,361","407,886","6,450,247","144,362","22,392","12,814","2,532"
Locality: 081 GREENSVILLE COUNTY,0402,402 - PRECINCT 4-B,782,32,814,8,,1,9,"6,285",236,"6,521",68,1,1,133,"6,042,361","407,886","6,450,247","144,362","22,392","12,814","2,532"
Locality: 081 GREENSVILLE COUNTY,0403,403 - PRECINCT 4-C,548,25,573,6,,,9,"6,285",236,"6,521",68,1,1,133,"6,042,361","407,886","6,450,247","144,362","22,392","12,814","2,532"
Locality: 083 HALIFAX COUNTY,0101,101 - CHILDREY,"1,094",28,"1,122",8,,,20,"24,862",922,"25,784",211,29,,133,"6,042,361","407,886","6,450,247","144,362","22,392","12,814","2,532"
Locality: 083 HALIFAX COUNTY,0102,102 - LIBERTY,594,18,612,6,1,,20,"24,862",922,"25,784",211,29,,133,"6,042,361","407,886","6,450,247","144,362","22,392","12,814","2,532"
Locality: 083 HALIFAX COUNTY,0103,103 - REPUBLICAN GROVE,"1,342",46,"1,388",14,,,20,"24,862",922,"25,784",211,29,,133,"6,042,361","407,886","6,450,247","144,362","22,392","12,814","2,532"
Locality: 083 HALIFAX COUNTY,0201,201 - CLAYS MILL,799,21,820,11,,,20,"24,862",922,"25,784",211,29,,133,"6,042,361","407,886","6,450,247","144,362","22,392","12,814","2,532"
Locality: 083 HALIFAX COUNTY,0202,202 - CROSSROADS,766,25,791,5,2,,20,"24,862",922,"25,784",211,29,,133,"6,042,361","407,886","6,450,247","144,362","22,392","12,814","2,532"
Locality: 083 HALIFAX COUNTY,0203,203 - CLOVER,"1,254",47,"1,301",9,,,20,"24,862",922,"25,784",211,29,,133,"6,042,361","407,886","6,450,247","144,362","22,392","12,814","2,532"
Locality: 083 HALIFAX COUNTY,0302,302 - MEADVILLE,523,19,542,7,,,20,"24,862",922,"25,784",211,29,,133,"6,042,361","407,886","6,450,247","144,362","22,392","12,814","2,532"
Locality: 083 HALIFAX COUNTY,0304,304 - VERNON HILL,873,28,901,9,2,,20,"24,862",922,"25,784",211,29,,133,"6,042,361","407,886","6,450,247","144,362","22,392","12,814","2,532"
Locality: 083 HALIFAX COUNTY,0305,305 - SINAI,"1,878",110,"1,988",15,2,,20,"24,862",922,"25,784",211,29,,133,"6,042,361","407,886","6,450,247","144,362","22,392","12,814","2,532"
Locality: 083 HALIFAX COUNTY,0401,401 - COURTHOUSE,"1,557",56,"1,613",16,3,,20,"24,862",922,"25,784",211,29,,133,"6,042,361","407,886","6,450,247","144,362","22,392","12,814","2,532"
Locality: 083 HALIFAX COUNTY,0403,403 - CENTER,"1,623",70,"1,693",13,4,,20,"24,862",922,"25,784",211,29,,133,"6,042,361","407,886","6,450,247","144,362","22,392","12,814","2,532"
Locality: 083 HALIFAX COUNTY,0502,502 - DAN RIVER,"2,049",92,"2,141",11,5,,20,"24,862",922,"25,784",211,29,,133,"6,042,361","407,886","6,450,247","144,362","22,392","12,814","2,532"
Locality: 083 HALIFAX COUNTY,0503,503 - SCOTTSBURG,988,23,"1,011",9,1,,20,"24,862",922,"25,784",211,29,,133,"6,042,361","407,886","6,450,247","144,362","22,392","12,814","2,532"
Locality: 083 HALIFAX COUNTY,0601,601 - BLACK WALNUT,"1,265",41,"1,306",18,3,,20,"24,862",922,"25,784",211,29,,133,"6,042,361","407,886","6,450,247","144,362","22,392","12,814","2,532"
Locality: 083 HALIFAX COUNTY,0603,603 - MT CARMEL,"1,651",49,"1,700",10,2,,20,"24,862",922,"25,784",211,29,,133,"6,042,361","407,886","6,450,247","144,362","22,392","12,814","2,532"
Locality: 083 HALIFAX COUNTY,0605,605 - UNION,537,13,550,2,,,20,"24,862",922,"25,784",211,29,,133,"6,042,361","407,886","6,450,247","144,362","22,392","12,814","2,532"
Locality: 083 HALIFAX COUNTY,0701,701 - HYCO,"1,598",48,"1,646",13,1,,20,"24,862",922,"25,784",211,29,,133,"6,042,361","407,886","6,450,247","144,362","22,392","12,814","2,532"
Locality: 083 HALIFAX COUNTY,0702,702 - MIDWAY,"1,039",28,"1,067",3,3,,20,"24,862",922,"25,784",211,29,,133,"6,042,361","407,886","6,450,247","144,362","22,392","12,814","2,532"
Locality: 083 HALIFAX COUNTY,0703,703 - VIRGILINA,771,22,793,5,,,20,"24,862",922,"25,784",211,29,,133,"6,042,361","407,886","6,450,247","144,362","22,392","12,814","2,532"
Locality: 083 HALIFAX COUNTY,0801,801 - SOUTH BOSTON,"2,661",138,"2,799",27,,,20,"24,862",922,"25,784",211,29,,133,"6,042,361","407,886","6,450,247","144,362","22,392","12,814","2,532"
Locality: 085 HANOVER COUNTY,0101,101 - ASHLAND,"2,125",107,"2,232",16,4,2,36,"87,749","2,880","90,629",920,137,88,133,"6,042,361","407,886","6,450,247","144,362","22,392","12,814","2,532"
Locality: 085 HANOVER COUNTY,0104,104 - SLIDING HILL,"2,229",84,"2,313",19,2,2,36,"87,749","2,880","90,629",920,137,88,133,"6,042,361","407,886","6,450,247","144,362","22,392","12,814","2,532"
Locality: 085 HANOVER COUNTY,0105,105 - BERKLEY,"2,376",220,"2,596",22,1,1,36,"87,749","2,880","90,629",920,137,88,133,"6,042,361","407,886","6,450,247","144,362","22,392","12,814","2,532"
Locality: 085 HANOVER COUNTY,0106,106 - KERSEY CREEK,"1,264",34,"1,298",10,1,,36,"87,749","2,880","90,629",920,137,88,133,"6,042,361","407,886","6,450,247","144,362","22,392","12,814","2,532"
Locality: 085 HANOVER COUNTY,0108,108 - HONEY MEADOWS,"3,181",76,"3,257",29,12,9,36,"87,749","2,880","90,629",920,137,88,133,"6,042,361","407,886","6,450,247","144,362","22,392","12,814","2,532"
Locality: 085 HANOVER COUNTY,0201,201 - BEAVERDAM,"3,131",100,"3,231",40,5,1,36,"87,749","2,880","90,629",920,137,88,133,"6,042,361","407,886","6,450,247","144,362","22,392","12,814","2,532"
Locality: 085 HANOVER COUNTY,0202,202 - BLUNTS,"1,385",45,"1,430",21,3,5,36,"87,749","2,880","90,629",920,137,88,133,"6,042,361","407,886","6,450,247","144,362","22,392","12,814","2,532"
Locality: 085 HANOVER COUNTY,0203,203 - WILMINGTON PARISH,"2,874",90,"2,964",31,11,3,36,"87,749","2,880","90,629",920,137,88,133,"6,042,361","407,886","6,450,247","144,362","22,392","12,814","2,532"
Locality: 085 HANOVER COUNTY,0206,206 - COURTHOUSE,"2,559",78,"2,637",29,1,3,36,"87,749","2,880","90,629",920,137,88,133,"6,042,361","407,886","6,450,247","144,362","22,392","12,814","2,532"
Locality: 085 HANOVER COUNTY,0208,208 - OAK KNOLL,"2,059",64,"2,123",18,4,3,36,"87,749","2,880","90,629",920,137,88,133,"6,042,361","407,886","6,450,247","144,362","22,392","12,814","2,532"
Locality: 085 HANOVER COUNTY,0210,210 - OAK HILL,"1,100",15,"1,115",19,,1,36,"87,749","2,880","90,629",920,137,88,133,"6,042,361","407,886","6,450,247","144,362","22,392","12,814","2,532"
Locality: 085 HANOVER COUNTY,0301,301 - CLAY,"2,564",76,"2,640",16,3,3,36,"87,749","2,880","90,629",920,137,88,133,"6,042,361","407,886","6,450,247","144,362","22,392","12,814","2,532"
Locality: 085 HANOVER COUNTY,0303,303 - SHADY GROVE,"2,640",83,"2,723",29,5,3,36,"87,749","2,880","90,629",920,137,88,133,"6,042,361","407,886","6,450,247","144,362","22,392","12,814","2,532"
Locality: 085 HANOVER COUNTY,0304,304 - ATLEE,"3,113",103,"3,216",42,9,6,36,"87,749","2,880","90,629",920,137,88,133,"6,042,361","407,886","6,450,247","144,362","22,392","12,814","2,532"
Locality: 085 HANOVER COUNTY,0305,305 - COOL SPRING,"2,561",95,"2,656",31,7,4,36,"87,749","2,880","90,629",920,137,88,133,"6,042,361","407,886","6,450,247","144,362","22,392","12,814","2,532"
Locality: 085 HANOVER COUNTY,0306,306 - RUTLAND,"2,215",71,"2,286",31,3,3,36,"87,749","2,880","90,629",920,137,88,133,"6,042,361","407,886","6,450,247","144,362","22,392","12,814","2,532"
Locality: 085 HANOVER COUNTY,0401,401 - BATTLEFIELD,"2,781",56,"2,837",22,3,1,36,"87,749","2,880","90,629",920,137,88,133,"6,042,361","407,886","6,450,247","144,362","22,392","12,814","2,532"
Locality: 085 HANOVER COUNTY,0403,403 - COLD HARBOR,"4,010",151,"4,161",38,6,6,36,"87,749","2,880","90,629",920,137,88,133,"6,042,361","407,886","6,450,247","144,362","22,392","12,814","2,532"
Locality: 085 HANOVER COUNTY,0404,404 - BLACK CREEK,"1,813",45,"1,858",17,5,,36,"87,749","2,880","90,629",920,137,88,133,"6,042,361","407,886","6,450,247","144,362","22,392","12,814","2,532"
Locality: 085 HANOVER COUNTY,0405,405 - PEBBLE CREEK,"1,688",51,"1,739",20,,3,36,"87,749","2,880","90,629",920,137,88,133,"6,042,361","407,886","6,450,247","144,362","22,392","12,814","2,532"
Locality: 085 HANOVER COUNTY,0407,407 - OLD CHURCH,"1,970",45,"2,015",27,2,4,36,"87,749","2,880","90,629",920,137,88,133,"6,042,361","407,886","6,450,247","144,362","22,392","12,814","2,532"
Locality: 085 HANOVER COUNTY,0502,502 - RURAL POINT,"2,965",98,"3,063",29,8,1,36,"87,749","2,880","90,629",920,137,88,133,"6,042,361","407,886","6,450,247","144,362","22,392","12,814","2,532"
Locality: 085 HANOVER COUNTY,0503,503 - NEWMAN,"2,298",93,"2,391",26,3,2,36,"87,749","2,880","90,629",920,137,88,133,"6,042,361","407,886","6,450,247","144,362","22,392","12,814","2,532"
Locality: 085 HANOVER COUNTY,0504,504 - STUDLEY,"1,734",39,"1,773",22,1,3,36,"87,749","2,880","90,629",920,137,88,133,"6,042,361","407,886","6,450,247","144,362","22,392","12,814","2,532"
Locality: 085 HANOVER COUNTY,0505,505 - TOTOPOTOMOY,671,12,683,8,,,36,"87,749","2,880","90,629",920,137,88,133,"6,042,361","407,886","6,450,247","144,362","22,392","12,814","2,532"
Locality: 085 HANOVER COUNTY,0506,506 - GEORGETOWN,"2,399",60,"2,459",41,4,2,36,"87,749","2,880","90,629",920,137,88,133,"6,042,361","407,886","6,450,247","144,362","22,392","12,814","2,532"
Locality: 085 HANOVER COUNTY,0507,507 - LAUREL MEADOW,"2,550",72,"2,622",36,2,1,36,"87,749","2,880","90,629",920,137,88,133,"6,042,361","407,886","6,450,247","144,362","22,392","12,814","2,532"
Locality: 085 HANOVER COUNTY,0601,601 - VILLAGE,"3,372",93,"3,465",43,6,2,36,"87,749","2,880","90,629",920,137,88,133,"6,042,361","407,886","6,450,247","144,362","22,392","12,814","2,532"
Locality: 085 HANOVER COUNTY,0602,602 - LEE DAVIS,"2,691",102,"2,793",33,3,2,36,"87,749","2,880","90,629",920,137,88,133,"6,042,361","407,886","6,450,247","144,362","22,392","12,814","2,532"
Locality: 085 HANOVER COUNTY,0603,603 - MECHANICSVILLE,"3,057",143,"3,200",35,1,,36,"87,749","2,880","90,629",920,137,88,133,"6,042,361","407,886","6,450,247","144,362","22,392","12,814","2,532"
Locality: 085 HANOVER COUNTY,0604,604 - HANOVER GROVE,"2,881",115,"2,996",24,2,3,36,"87,749","2,880","90,629",920,137,88,133,"6,042,361","407,886","6,450,247","144,362","22,392","12,814","2,532"
Locality: 085 HANOVER COUNTY,0701,701 - FARRINGTON,"2,700",64,"2,764",25,6,1,36,"87,749","2,880","90,629",920,137,88,133,"6,042,361","407,886","6,450,247","144,362","22,392","12,814","2,532"
Locality: 085 HANOVER COUNTY,0702,702 - MONTPELIER,"2,872",88,"2,960",19,7,4,36,"87,749","2,880","90,629",920,137,88,133,"6,042,361","407,886","6,450,247","144,362","22,392","12,814","2,532"
Locality: 085 HANOVER COUNTY,0703,703 - ROCKVILLE,"2,630",58,"2,688",23,3,3,36,"87,749","2,880","90,629",920,137,88,133,"6,042,361","407,886","6,450,247","144,362","22,392","12,814","2,532"
Locality: 085 HANOVER COUNTY,0704,704 - ELMONT,"3,839",96,"3,935",16,2,,36,"87,749","2,880","90,629",920,137,88,133,"6,042,361","407,886","6,450,247","144,362","22,392","12,814","2,532"
Locality: 085 HANOVER COUNTY,0705,705 - SOUTH ANNA,"1,452",58,"1,510",13,2,1,36,"87,749","2,880","90,629",920,137,88,133,"6,042,361","407,886","6,450,247","144,362","22,392","12,814","2,532"
Locality: 087 HENRICO COUNTY,0101,101 - COALPIT,"4,222",158,"4,380",37,19,6,90,"242,391","11,855","254,246","2,929",646,464,133,"6,042,361","407,886","6,450,247","144,362","22,392","12,814","2,532"
Locality: 087 HENRICO COUNTY,0102,102 - DUMBARTON,"3,708",311,"4,019",60,13,5,90,"242,391","11,855","254,246","2,929",646,464,133,"6,042,361","407,886","6,450,247","144,362","22,392","12,814","2,532"
Locality: 087 HENRICO COUNTY,0103,103 - GLEN ALLEN,"4,707",182,"4,889",50,11,6,90,"242,391","11,855","254,246","2,929",646,464,133,"6,042,361","407,886","6,450,247","144,362","22,392","12,814","2,532"
Locality: 087 HENRICO COUNTY,0104,104 - GREENDALE,"1,723",112,"1,835",24,2,1,90,"242,391","11,855","254,246","2,929",646,464,133,"6,042,361","407,886","6,450,247","144,362","22,392","12,814","2,532"
Locality: 087 HENRICO COUNTY,0105,105 - HERMITAGE,"4,005",216,"4,221",58,4,3,90,"242,391","11,855","254,246","2,929",646,464,133,"6,042,361","407,886","6,450,247","144,362","22,392","12,814","2,532"
Locality: 087 HENRICO COUNTY,0106,106 - HOLLADAY,"1,686",73,"1,759",11,2,3,90,"242,391","11,855","254,246","2,929",646,464,133,"6,042,361","407,886","6,450,247","144,362","22,392","12,814","2,532"
Locality: 087 HENRICO COUNTY,0107,107 - HUNGARY CREEK,"3,878",109,"3,987",34,14,13,90,"242,391","11,855","254,246","2,929",646,464,133,"6,042,361","407,886","6,450,247","144,362","22,392","12,814","2,532"
Locality: 087 HENRICO COUNTY,0108,108 - HUNTON,"1,082",35,"1,117",12,4,,90,"242,391","11,855","254,246","2,929",646,464,133,"6,042,361","407,886","6,450,247","144,362","22,392","12,814","2,532"
Locality: 087 HENRICO COUNTY,0109,109 - JOHNSON,"2,832",196,"3,028",42,7,6,90,"242,391","11,855","254,246","2,929",646,464,133,"6,042,361","407,886","6,450,247","144,362","22,392","12,814","2,532"
Locality: 087 HENRICO COUNTY,0110,110 - LONGAN,"3,958",224,"4,182",54,13,3,90,"242,391","11,855","254,246","2,929",646,464,133,"6,042,361","407,886","6,450,247","144,362","22,392","12,814","2,532"
Locality: 087 HENRICO COUNTY,0111,111 - MAUDE TREVVETT,"4,150",299,"4,449",66,15,8,90,"242,391","11,855","254,246","2,929",646,464,133,"6,042,361","407,886","6,450,247","144,362","22,392","12,814","2,532"
Locality: 087 HENRICO COUNTY,0112,112 - MONUMENT HILLS,"1,065",57,"1,122",5,9,20,90,"242,391","11,855","254,246","2,929",646,464,133,"6,042,361","407,886","6,450,247","144,362","22,392","12,814","2,532"
Locality: 087 HENRICO COUNTY,0113,113 - SPRINGFIELD,"3,771",259,"4,030",36,14,6,90,"242,391","11,855","254,246","2,929",646,464,133,"6,042,361","407,886","6,450,247","144,362","22,392","12,814","2,532"
Locality: 087 HENRICO COUNTY,0114,114 - STAPLES MILL,"3,322",85,"3,407",35,7,3,90,"242,391","11,855","254,246","2,929",646,464,133,"6,042,361","407,886","6,450,247","144,362","22,392","12,814","2,532"
Locality: 087 HENRICO COUNTY,0115,115 - WESTWOOD,"2,165",94,"2,259",12,15,14,90,"242,391","11,855","254,246","2,929",646,464,133,"6,042,361","407,886","6,450,247","144,362","22,392","12,814","2,532"
Locality: 087 HENRICO COUNTY,0201,201 - AZALEA,"3,856",333,"4,189",63,,,90,"242,391","11,855","254,246","2,929",646,464,133,"6,042,361","407,886","6,450,247","144,362","22,392","12,814","2,532"
Locality: 087 HENRICO COUNTY,0202,202 - BELMONT,"4,140",250,"4,390",52,5,5,90,"242,391","11,855","254,246","2,929",646,464,133,"6,042,361","407,886","6,450,247","144,362","22,392","12,814","2,532"
Locality: 087 HENRICO COUNTY,0203,203 - BROOKLAND,"1,583",85,"1,668",11,6,2,90,"242,391","11,855","254,246","2,929",646,464,133,"6,042,361","407,886","6,450,247","144,362","22,392","12,814","2,532"
Locality: 087 HENRICO COUNTY,0204,204 - CANTERBURY,838,7,845,3,1,1,90,"242,391","11,855","254,246","2,929",646,464,133,"6,042,361","407,886","6,450,247","144,362","22,392","12,814","2,532"
Locality: 087 HENRICO COUNTY,0205,205 - CENTRAL GARDENS,"2,994",155,"3,149",43,2,1,90,"242,391","11,855","254,246","2,929",646,464,133,"6,042,361","407,886","6,450,247","144,362","22,392","12,814","2,532"
Locality: 087 HENRICO COUNTY,0206,206 - CHAMBERLAYNE,"2,685",81,"2,766",24,1,2,90,"242,391","11,855","254,246","2,929",646,464,133,"6,042,361","407,886","6,450,247","144,362","22,392","12,814","2,532"
Locality: 087 HENRICO COUNTY,0207,207 - EASTBOURNE,"1,163",43,"1,206",20,3,1,90,"242,391","11,855","254,246","2,929",646,464,133,"6,042,361","407,886","6,450,247","144,362","22,392","12,814","2,532"
Locality: 087 HENRICO COUNTY,0209,209 - FAIRFIELD,"2,125",200,"2,325",41,1,,90,"242,391","11,855","254,246","2,929",646,464,133,"6,042,361","407,886","6,450,247","144,362","22,392","12,814","2,532"
Locality: 087 HENRICO COUNTY,0210,210 - GLEN LEA,"2,400",91,"2,491",36,2,,90,"242,391","11,855","254,246","2,929",646,464,133,"6,042,361","407,886","6,450,247","144,362","22,392","12,814","2,532"
Locality: 087 HENRICO COUNTY,0211,211 - GREENWOOD,927,41,968,13,2,,90,"242,391","11,855","254,246","2,929",646,464,133,"6,042,361","407,886","6,450,247","144,362","22,392","12,814","2,532"
Locality: 087 HENRICO COUNTY,0212,212 - HIGHLAND GARDENS,"2,342",205,"2,547",32,,3,90,"242,391","11,855","254,246","2,929",646,464,133,"6,042,361","407,886","6,450,247","144,362","22,392","12,814","2,532"
Locality: 087 HENRICO COUNTY,0214,214 - HUNGARY,"2,002",95,"2,097",31,4,,90,"242,391","11,855","254,246","2,929",646,464,133,"6,042,361","407,886","6,450,247","144,362","22,392","12,814","2,532"
Locality: 087 HENRICO COUNTY,0215,215 - LAKESIDE,"4,063",141,"4,204",40,9,3,90,"242,391","11,855","254,246","2,929",646,464,133,"6,042,361","407,886","6,450,247","144,362","22,392","12,814","2,532"
Locality: 087 HENRICO COUNTY,0216,216 - LONGDALE,"3,592",132,"3,724",43,6,3,90,"242,391","11,855","254,246","2,929",646,464,133,"6,042,361","407,886","6,450,247","144,362","22,392","12,814","2,532"
Locality: 087 HENRICO COUNTY,0217,217 - MAPLEWOOD,"3,115",118,"3,233",46,2,1,90,"242,391","11,855","254,246","2,929",646,464,133,"6,042,361","407,886","6,450,247","144,362","22,392","12,814","2,532"
Locality: 087 HENRICO COUNTY,0218,218 - MOODY,954,49,"1,003",8,2,5,90,"242,391","11,855","254,246","2,929",646,464,133,"6,042,361","407,886","6,450,247","144,362","22,392","12,814","2,532"
Locality: 087 HENRICO COUNTY,0219,219 - MOUNTAIN,886,37,923,12,1,1,90,"242,391","11,855","254,246","2,929",646,464,133,"6,042,361","407,886","6,450,247","144,362","22,392","12,814","2,532"
Locality: 087 HENRICO COUNTY,0220,220 - NORTH PARK,975,48,"1,023",10,2,3,90,"242,391","11,855","254,246","2,929",646,464,133,"6,042,361","407,886","6,450,247","144,362","22,392","12,814","2,532"
Locality: 087 HENRICO COUNTY,0222,222 - RANDOLPH,356,11,367,4,,,90,"242,391","11,855","254,246","2,929",646,464,133,"6,042,361","407,886","6,450,247","144,362","22,392","12,814","2,532"
Locality: 087 HENRICO COUNTY,0223,223 - RATCLIFFE,"3,888",182,"4,070",45,1,1,90,"242,391","11,855","254,246","2,929",646,464,133,"6,042,361","407,886","6,450,247","144,362","22,392","12,814","2,532"
Locality: 087 HENRICO COUNTY,0225,225 - WILDER,"2,020",65,"2,085",28,10,5,90,"242,391","11,855","254,246","2,929",646,464,133,"6,042,361","407,886","6,450,247","144,362","22,392","12,814","2,532"
Locality: 087 HENRICO COUNTY,0226,226 - YELLOW TAVERN,"4,366",172,"4,538",56,7,7,90,"242,391","11,855","254,246","2,929",646,464,133,"6,042,361","407,886","6,450,247","144,362","22,392","12,814","2,532"
Locality: 087 HENRICO COUNTY,0301,301 - CAUSEWAY,"2,760",198,"2,958",25,22,3,90,"242,391","11,855","254,246","2,929",646,464,133,"6,042,361","407,886","6,450,247","144,362","22,392","12,814","2,532"
Locality: 087 HENRICO COUNTY,0302,302 - CEDARFIELD,"2,670",85,"2,755",24,11,12,90,"242,391","11,855","254,246","2,929",646,464,133,"6,042,361","407,886","6,450,247","144,362","22,392","12,814","2,532"
Locality: 087 HENRICO COUNTY,0303,303 - COLONIAL TRAIL,"2,899",215,"3,114",42,11,4,90,"242,391","11,855","254,246","2,929",646,464,133,"6,042,361","407,886","6,450,247","144,362","22,392","12,814","2,532"
Locality: 087 HENRICO COUNTY,0304,304 - INNSBROOK,"2,549",112,"2,661",31,6,3,90,"242,391","11,855","254,246","2,929",646,464,133,"6,042,361","407,886","6,450,247","144,362","22,392","12,814","2,532"
Locality: 087 HENRICO COUNTY,0305,305 - JACKSON DAVIS,"1,831",75,"1,906",18,10,11,90,"242,391","11,855","254,246","2,929",646,464,133,"6,042,361","407,886","6,450,247","144,362","22,392","12,814","2,532"
Locality: 087 HENRICO COUNTY,0306,306 - NUCKOLS FARM,"3,843",154,"3,997",28,13,4,90,"242,391","11,855","254,246","2,929",646,464,133,"6,042,361","407,886","6,450,247","144,362","22,392","12,814","2,532"
Locality: 087 HENRICO COUNTY,0307,307 - POCAHONTAS,"3,417",293,"3,710",42,11,21,90,"242,391","11,855","254,246","2,929",646,464,133,"6,042,361","407,886","6,450,247","144,362","22,392","12,814","2,532"
Locality: 087 HENRICO COUNTY,0308,308 - RIDGE,"1,523",79,"1,602",17,6,7,90,"242,391","11,855","254,246","2,929",646,464,133,"6,042,361","407,886","6,450,247","144,362","22,392","12,814","2,532"
Locality: 087 HENRICO COUNTY,0309,309 - RIVERS EDGE,"3,506",141,"3,647",21,12,7,90,"242,391","11,855","254,246","2,929",646,464,133,"6,042,361","407,886","6,450,247","144,362","22,392","12,814","2,532"
Locality: 087 HENRICO COUNTY,0310,310 - SADLER,"3,863",164,"4,027",28,10,11,90,"242,391","11,855","254,246","2,929",646,464,133,"6,042,361","407,886","6,450,247","144,362","22,392","12,814","2,532"
Locality: 087 HENRICO COUNTY,0311,311 - SHADY GROVE,"3,702",196,"3,898",39,18,18,90,"242,391","11,855","254,246","2,929",646,464,133,"6,042,361","407,886","6,450,247","144,362","22,392","12,814","2,532"
Locality: 087 HENRICO COUNTY,0312,312 - SHORT PUMP,"2,713",97,"2,810",30,10,3,90,"242,391","11,855","254,246","2,929",646,464,133,"6,042,361","407,886","6,450,247","144,362","22,392","12,814","2,532"
Locality: 087 HENRICO COUNTY,0313,313 - STONEY RUN,"4,118",212,"4,330",48,22,15,90,"242,391","11,855","254,246","2,929",646,464,133,"6,042,361","407,886","6,450,247","144,362","22,392","12,814","2,532"
Locality: 087 HENRICO COUNTY,0314,314 - THREE CHOPT,"2,497",105,"2,602",26,10,5,90,"242,391","11,855","254,246","2,929",646,464,133,"6,042,361","407,886","6,450,247","144,362","22,392","12,814","2,532"
Locality: 087 HENRICO COUNTY,0315,315 - TUCKER,"4,320",430,"4,750",66,7,5,90,"242,391","11,855","254,246","2,929",646,464,133,"6,042,361","407,886","6,450,247","144,362","22,392","12,814","2,532"
Locality: 087 HENRICO COUNTY,0401,401 - CRESTVIEW,"2,657",154,"2,811",31,5,15,90,"242,391","11,855","254,246","2,929",646,464,133,"6,042,361","407,886","6,450,247","144,362","22,392","12,814","2,532"
Locality: 087 HENRICO COUNTY,0402,402 - DERBYSHIRE,"2,007",50,"2,057",11,10,3,90,"242,391","11,855","254,246","2,929",646,464,133,"6,042,361","407,886","6,450,247","144,362","22,392","12,814","2,532"
Locality: 087 HENRICO COUNTY,0403,403 - FREEMAN,"2,364",129,"2,493",10,11,7,90,"242,391","11,855","254,246","2,929",646,464,133,"6,042,361","407,886","6,450,247","144,362","22,392","12,814","2,532"
Locality: 087 HENRICO COUNTY,0404,404 - GAYTON,"3,356",87,"3,443",32,22,9,90,"242,391","11,855","254,246","2,929",646,464,133,"6,042,361","407,886","6,450,247","144,362","22,392","12,814","2,532"
Locality: 087 HENRICO COUNTY,0405,405 - GODWIN,"2,419",60,"2,479",12,7,11,90,"242,391","11,855","254,246","2,929",646,464,133,"6,042,361","407,886","6,450,247","144,362","22,392","12,814","2,532"
Locality: 087 HENRICO COUNTY,0406,406 - LAKEWOOD,"2,274",77,"2,351",15,4,5,90,"242,391","11,855","254,246","2,929",646,464,133,"6,042,361","407,886","6,450,247","144,362","22,392","12,814","2,532"
Locality: 087 HENRICO COUNTY,0407,407 - LAUDERDALE,"2,784",217,"3,001",36,3,6,90,"242,391","11,855","254,246","2,929",646,464,133,"6,042,361","407,886","6,450,247","144,362","22,392","12,814","2,532"
Locality: 087 HENRICO COUNTY,0408,408 - MAYBEURY,"2,540",102,"2,642",25,12,5,90,"242,391","11,855","254,246","2,929",646,464,133,"6,042,361","407,886","6,450,247","144,362","22,392","12,814","2,532"
Locality: 087 HENRICO COUNTY,0409,409 - MOORELAND,"1,732",55,"1,787",11,8,8,90,"242,391","11,855","254,246","2,929",646,464,133,"6,042,361","407,886","6,450,247","144,362","22,392","12,814","2,532"
Locality: 087 HENRICO COUNTY,0410,410 - PEMBERTON,"2,868",186,"3,054",48,6,8,90,"242,391","11,855","254,246","2,929",646,464,133,"6,042,361","407,886","6,450,247","144,362","22,392","12,814","2,532"
Locality: 087 HENRICO COUNTY,0411,411 - PINCHBECK,"3,356",190,"3,546",48,4,9,90,"242,391","11,855","254,246","2,929",646,464,133,"6,042,361","407,886","6,450,247","144,362","22,392","12,814","2,532"
Locality: 087 HENRICO COUNTY,0412,412 - QUIOCCASIN ,"3,052",151,"3,203",33,14,15,90,"242,391","11,855","254,246","2,929",646,464,133,"6,042,361","407,886","6,450,247","144,362","22,392","12,814","2,532"
Locality: 087 HENRICO COUNTY,0413,413 - RIDGEFIELD,"3,382",111,"3,493",42,10,12,90,"242,391","11,855","254,246","2,929",646,464,133,"6,042,361","407,886","6,450,247","144,362","22,392","12,814","2,532"
Locality: 087 HENRICO COUNTY,0414,414 - ROLLINGWOOD,"1,976",52,"2,028",18,18,7,90,"242,391","11,855","254,246","2,929",646,464,133,"6,042,361","407,886","6,450,247","144,362","22,392","12,814","2,532"
Locality: 087 HENRICO COUNTY,0415,415 - SKIPWITH,"1,888",112,"2,000",24,3,5,90,"242,391","11,855","254,246","2,929",646,464,133,"6,042,361","407,886","6,450,247","144,362","22,392","12,814","2,532"
Locality: 087 HENRICO COUNTY,0416,416 - SPOTTSWOOD,"1,161",44,"1,205",8,4,3,90,"242,391","11,855","254,246","2,929",646,464,133,"6,042,361","407,886","6,450,247","144,362","22,392","12,814","2,532"
Locality: 087 HENRICO COUNTY,0417,417 - TUCKAHOE,"3,891",136,"4,027",29,33,23,90,"242,391","11,855","254,246","2,929",646,464,133,"6,042,361","407,886","6,450,247","144,362","22,392","12,814","2,532"
Locality: 087 HENRICO COUNTY,0418,418 - WELBORNE,"2,274",178,"2,452",33,11,5,90,"242,391","11,855","254,246","2,929",646,464,133,"6,042,361","407,886","6,450,247","144,362","22,392","12,814","2,532"
Locality: 087 HENRICO COUNTY,0419,419 - WEST END,"2,779",141,"2,920",26,12,6,90,"242,391","11,855","254,246","2,929",646,464,133,"6,042,361","407,886","6,450,247","144,362","22,392","12,814","2,532"
Locality: 087 HENRICO COUNTY,0501,501 - ADAMS,"2,888",117,"3,005",41,4,1,90,"242,391","11,855","254,246","2,929",646,464,133,"6,042,361","407,886","6,450,247","144,362","22,392","12,814","2,532"
Locality: 087 HENRICO COUNTY,0502,502 - ANTIOCH,"1,980",36,"2,016",27,1,1,90,"242,391","11,855","254,246","2,929",646,464,133,"6,042,361","407,886","6,450,247","144,362","22,392","12,814","2,532"
Locality: 087 HENRICO COUNTY,0503,503 - CEDAR FORK,"2,141",71,"2,212",24,3,1,90,"242,391","11,855","254,246","2,929",646,464,133,"6,042,361","407,886","6,450,247","144,362","22,392","12,814","2,532"
Locality: 087 HENRICO COUNTY,0504,504 - CHICKAHOMINY,"2,817",104,"2,921",36,1,5,90,"242,391","11,855","254,246","2,929",646,464,133,"6,042,361","407,886","6,450,247","144,362","22,392","12,814","2,532"
Locality: 087 HENRICO COUNTY,0505,505 - DONAHOE,"2,497",90,"2,587",38,1,1,90,"242,391","11,855","254,246","2,929",646,464,133,"6,042,361","407,886","6,450,247","144,362","22,392","12,814","2,532"
Locality: 087 HENRICO COUNTY,0506,506 - DOREY,"3,567",105,"3,672",76,4,2,90,"242,391","11,855","254,246","2,929",646,464,133,"6,042,361","407,886","6,450,247","144,362","22,392","12,814","2,532"
Locality: 087 HENRICO COUNTY,0507,507 - EANES,"3,621",234,"3,855",58,6,7,90,"242,391","11,855","254,246","2,929",646,464,133,"6,042,361","407,886","6,450,247","144,362","22,392","12,814","2,532"
Locality: 087 HENRICO COUNTY,0508,508 - ELKO,779,20,799,10,,,90,"242,391","11,855","254,246","2,929",646,464,133,"6,042,361","407,886","6,450,247","144,362","22,392","12,814","2,532"
Locality: 087 HENRICO COUNTY,0509,509 - HIGHLAND SPRINGS,"2,560",157,"2,717",39,2,1,90,"242,391","11,855","254,246","2,929",646,464,133,"6,042,361","407,886","6,450,247","144,362","22,392","12,814","2,532"
Locality: 087 HENRICO COUNTY,0510,510 - LABURNUM,"2,606",178,"2,784",36,1,1,90,"242,391","11,855","254,246","2,929",646,464,133,"6,042,361","407,886","6,450,247","144,362","22,392","12,814","2,532"
Locality: 087 HENRICO COUNTY,0511,511 - MEHFOUD,"2,373",51,"2,424",54,1,2,90,"242,391","11,855","254,246","2,929",646,464,133,"6,042,361","407,886","6,450,247","144,362","22,392","12,814","2,532"
Locality: 087 HENRICO COUNTY,0512,512 - MONTROSE,"3,073",195,"3,268",38,2,2,90,"242,391","11,855","254,246","2,929",646,464,133,"6,042,361","407,886","6,450,247","144,362","22,392","12,814","2,532"
Locality: 087 HENRICO COUNTY,0513,513 - NINE MILE,"1,513",79,"1,592",16,4,2,90,"242,391","11,855","254,246","2,929",646,464,133,"6,042,361","407,886","6,450,247","144,362","22,392","12,814","2,532"
Locality: 087 HENRICO COUNTY,0514,514 - PLEASANTS,"3,847",206,"4,053",56,1,1,90,"242,391","11,855","254,246","2,929",646,464,133,"6,042,361","407,886","6,450,247","144,362","22,392","12,814","2,532"
Locality: 087 HENRICO COUNTY,0515,515 - ROLFE,"3,828",160,"3,988",69,8,,90,"242,391","11,855","254,246","2,929",646,464,133,"6,042,361","407,886","6,450,247","144,362","22,392","12,814","2,532"
Locality: 087 HENRICO COUNTY,0516,516 - SANDSTON,"2,414",86,"2,500",34,2,1,90,"242,391","11,855","254,246","2,929",646,464,133,"6,042,361","407,886","6,450,247","144,362","22,392","12,814","2,532"
Locality: 087 HENRICO COUNTY,0517,517 - SULLIVANS,"3,995",149,"4,144",49,3,1,90,"242,391","11,855","254,246","2,929",646,464,133,"6,042,361","407,886","6,450,247","144,362","22,392","12,814","2,532"
Locality: 087 HENRICO COUNTY,0518,518 - TOWN HALL,"1,051",23,"1,074",16,4,3,90,"242,391","11,855","254,246","2,929",646,464,133,"6,042,361","407,886","6,450,247","144,362","22,392","12,814","2,532"
Locality: 087 HENRICO COUNTY,0519,519 - WHITLOCKS,"2,326",55,"2,381",38,6,,90,"242,391","11,855","254,246","2,929",646,464,133,"6,042,361","407,886","6,450,247","144,362","22,392","12,814","2,532"
Locality: 089 HENRY COUNTY,0101,101 - BASSETT #2,919,64,983,13,1,,24,"35,328","2,083","37,411",358,30,7,133,"6,042,361","407,886","6,450,247","144,362","22,392","12,814","2,532"
Locality: 089 HENRY COUNTY,0102,102 - GUNVILLE,"1,651",120,"1,771",15,,,24,"35,328","2,083","37,411",358,30,7,133,"6,042,361","407,886","6,450,247","144,362","22,392","12,814","2,532"
Locality: 089 HENRY COUNTY,0103,103 - SCOTT'S TANYARD,"2,851",148,"2,999",30,,,24,"35,328","2,083","37,411",358,30,7,133,"6,042,361","407,886","6,450,247","144,362","22,392","12,814","2,532"
Locality: 089 HENRY COUNTY,0201,201 - FIELDALE,"1,038",87,"1,125",13,1,,24,"35,328","2,083","37,411",358,30,7,133,"6,042,361","407,886","6,450,247","144,362","22,392","12,814","2,532"
Locality: 089 HENRY COUNTY,0202,202 - HORSEPASTURE #1,"1,690",96,"1,786",15,,,24,"35,328","2,083","37,411",358,30,7,133,"6,042,361","407,886","6,450,247","144,362","22,392","12,814","2,532"
Locality: 089 HENRY COUNTY,0203,203-HORSEPASTURE #2,"1,485",107,"1,592",10,,,24,"35,328","2,083","37,411",358,30,7,133,"6,042,361","407,886","6,450,247","144,362","22,392","12,814","2,532"
Locality: 089 HENRY COUNTY,0204,204 - SPENCER,"1,636",81,"1,717",19,1,,24,"35,328","2,083","37,411",358,30,7,133,"6,042,361","407,886","6,450,247","144,362","22,392","12,814","2,532"
Locality: 089 HENRY COUNTY,0302,302 - AXTON,"1,133",45,"1,178",10,,,24,"35,328","2,083","37,411",358,30,7,133,"6,042,361","407,886","6,450,247","144,362","22,392","12,814","2,532"
Locality: 089 HENRY COUNTY,0303,303 - IRISBURG,"2,174",155,"2,329",18,,2,24,"35,328","2,083","37,411",358,30,7,133,"6,042,361","407,886","6,450,247","144,362","22,392","12,814","2,532"
Locality: 089 HENRY COUNTY,0304,304 - MOUNT OLIVET,"2,033",129,"2,162",23,5,1,24,"35,328","2,083","37,411",358,30,7,133,"6,042,361","407,886","6,450,247","144,362","22,392","12,814","2,532"
Locality: 089 HENRY COUNTY,0305,305 - MOUNTAIN VALLEY,"1,033",34,"1,067",7,,,24,"35,328","2,083","37,411",358,30,7,133,"6,042,361","407,886","6,450,247","144,362","22,392","12,814","2,532"
Locality: 089 HENRY COUNTY,0401,401 - COLLINSVILLE #1,"1,201",66,"1,267",6,,,24,"35,328","2,083","37,411",358,30,7,133,"6,042,361","407,886","6,450,247","144,362","22,392","12,814","2,532"
Locality: 089 HENRY COUNTY,0402,402 - DANIELS CREEK,"1,422",106,"1,528",13,2,,24,"35,328","2,083","37,411",358,30,7,133,"6,042,361","407,886","6,450,247","144,362","22,392","12,814","2,532"
Locality: 089 HENRY COUNTY,0404,404 - COLLINSVILLE #2,"2,065",128,"2,193",13,9,,24,"35,328","2,083","37,411",358,30,7,133,"6,042,361","407,886","6,450,247","144,362","22,392","12,814","2,532"
Locality: 089 HENRY COUNTY,0405,405 - MOUNTAIN VIEW,863,46,909,11,2,2,24,"35,328","2,083","37,411",358,30,7,133,"6,042,361","407,886","6,450,247","144,362","22,392","12,814","2,532"
Locality: 089 HENRY COUNTY,0501,501 - BASSETT #1,973,73,"1,046",12,,1,24,"35,328","2,083","37,411",358,30,7,133,"6,042,361","407,886","6,450,247","144,362","22,392","12,814","2,532"
Locality: 089 HENRY COUNTY,0502,502 - FIGSBORO,"1,253",60,"1,313",18,1,,24,"35,328","2,083","37,411",358,30,7,133,"6,042,361","407,886","6,450,247","144,362","22,392","12,814","2,532"
Locality: 089 HENRY COUNTY,0503,503 - STANLEYTOWN,"2,132",122,"2,254",24,3,,24,"35,328","2,083","37,411",358,30,7,133,"6,042,361","407,886","6,450,247","144,362","22,392","12,814","2,532"
Locality: 089 HENRY COUNTY,0504,504 - OAK LEVEL,636,32,668,7,,,24,"35,328","2,083","37,411",358,30,7,133,"6,042,361","407,886","6,450,247","144,362","22,392","12,814","2,532"
Locality: 089 HENRY COUNTY,0505,505 - DYERS STORE,"1,089",31,"1,120",11,,,24,"35,328","2,083","37,411",358,30,7,133,"6,042,361","407,886","6,450,247","144,362","22,392","12,814","2,532"
Locality: 089 HENRY COUNTY,0601,601 - FONTAINE,"1,896",98,"1,994",19,2,1,24,"35,328","2,083","37,411",358,30,7,133,"6,042,361","407,886","6,450,247","144,362","22,392","12,814","2,532"
Locality: 089 HENRY COUNTY,0602,602 - HILLCREST,615,40,655,5,,,24,"35,328","2,083","37,411",358,30,7,133,"6,042,361","407,886","6,450,247","144,362","22,392","12,814","2,532"
Locality: 089 HENRY COUNTY,0603,603 - RIDGEWAY #1,"2,078",122,"2,200",35,3,,24,"35,328","2,083","37,411",358,30,7,133,"6,042,361","407,886","6,450,247","144,362","22,392","12,814","2,532"
Locality: 089 HENRY COUNTY,0604,604 - RIDGEWAY #2,"1,462",93,"1,555",11,,,24,"35,328","2,083","37,411",358,30,7,133,"6,042,361","407,886","6,450,247","144,362","22,392","12,814","2,532"
Locality: 091 HIGHLAND COUNTY,0001,001 - MONTEREY,731,18,749,,,,4,"1,816",32,"1,848",2,2,1,133,"6,042,361","407,886","6,450,247","144,362","22,392","12,814","2,532"
Locality: 091 HIGHLAND COUNTY,0005,005 - BLUE GRASS,353,8,361,2,,,4,"1,816",32,"1,848",2,2,1,133,"6,042,361","407,886","6,450,247","144,362","22,392","12,814","2,532"
Locality: 091 HIGHLAND COUNTY,0007,007 - MILL GAP,203,1,204,,,,4,"1,816",32,"1,848",2,2,1,133,"6,042,361","407,886","6,450,247","144,362","22,392","12,814","2,532"
Locality: 091 HIGHLAND COUNTY,0008,008 - MCDOWELL,529,5,534,,2,1,4,"1,816",32,"1,848",2,2,1,133,"6,042,361","407,886","6,450,247","144,362","22,392","12,814","2,532"
Locality: 093 ISLE OF WIGHT COUNTY,0101,101 - PAGAN RIVER,"3,162",122,"3,284",106,5,7,17,"32,247","1,228","33,475","1,237",31,27,133,"6,042,361","407,886","6,450,247","144,362","22,392","12,814","2,532"
Locality: 093 ISLE OF WIGHT COUNTY,0102,102 - CYPRESS CREEK A,"3,312",124,"3,436",150,6,5,17,"32,247","1,228","33,475","1,237",31,27,133,"6,042,361","407,886","6,450,247","144,362","22,392","12,814","2,532"
Locality: 093 ISLE OF WIGHT COUNTY,0103,103 - CYPRESS CREEK B,194,6,200,9,,,17,"32,247","1,228","33,475","1,237",31,27,133,"6,042,361","407,886","6,450,247","144,362","22,392","12,814","2,532"
Locality: 093 ISLE OF WIGHT COUNTY,0201,201 - BARTLETT,"3,687",179,"3,866",238,4,1,17,"32,247","1,228","33,475","1,237",31,27,133,"6,042,361","407,886","6,450,247","144,362","22,392","12,814","2,532"
Locality: 093 ISLE OF WIGHT COUNTY,0202,202 - NIKE PARK A,"2,829",113,"2,942",130,2,2,17,"32,247","1,228","33,475","1,237",31,27,133,"6,042,361","407,886","6,450,247","144,362","22,392","12,814","2,532"
Locality: 093 ISLE OF WIGHT COUNTY,0203,203 - NIKE PARK B,315,10,325,4,,,17,"32,247","1,228","33,475","1,237",31,27,133,"6,042,361","407,886","6,450,247","144,362","22,392","12,814","2,532"
Locality: 093 ISLE OF WIGHT COUNTY,0301,301 - RUSHMERE,"1,711",70,"1,781",39,1,2,17,"32,247","1,228","33,475","1,237",31,27,133,"6,042,361","407,886","6,450,247","144,362","22,392","12,814","2,532"
Locality: 093 ISLE OF WIGHT COUNTY,0302,302 - PONS,"2,616",82,"2,698",59,2,1,17,"32,247","1,228","33,475","1,237",31,27,133,"6,042,361","407,886","6,450,247","144,362","22,392","12,814","2,532"
Locality: 093 ISLE OF WIGHT COUNTY,0303,303 - BENNS CHURCH,"1,791",71,"1,862",124,,3,17,"32,247","1,228","33,475","1,237",31,27,133,"6,042,361","407,886","6,450,247","144,362","22,392","12,814","2,532"
Locality: 093 ISLE OF WIGHT COUNTY,0304,304 - NEW TOWNE,490,31,521,16,,1,17,"32,247","1,228","33,475","1,237",31,27,133,"6,042,361","407,886","6,450,247","144,362","22,392","12,814","2,532"
Locality: 093 ISLE OF WIGHT COUNTY,0401,401 - BOWLING GREEN,"1,667",49,"1,716",52,2,1,17,"32,247","1,228","33,475","1,237",31,27,133,"6,042,361","407,886","6,450,247","144,362","22,392","12,814","2,532"
Locality: 093 ISLE OF WIGHT COUNTY,0402,402 - WINDSOR,"2,741",101,"2,842",82,,2,17,"32,247","1,228","33,475","1,237",31,27,133,"6,042,361","407,886","6,450,247","144,362","22,392","12,814","2,532"
Locality: 093 ISLE OF WIGHT COUNTY,0403,403 - CEDAR GROVE,"1,718",60,"1,778",84,3,,17,"32,247","1,228","33,475","1,237",31,27,133,"6,042,361","407,886","6,450,247","144,362","22,392","12,814","2,532"
Locality: 093 ISLE OF WIGHT COUNTY,0501,501 - WALTERS,"1,214",36,"1,250",33,,,17,"32,247","1,228","33,475","1,237",31,27,133,"6,042,361","407,886","6,450,247","144,362","22,392","12,814","2,532"
Locality: 093 ISLE OF WIGHT COUNTY,0502,502 - BEAVER DAM,"1,458",70,"1,528",29,2,1,17,"32,247","1,228","33,475","1,237",31,27,133,"6,042,361","407,886","6,450,247","144,362","22,392","12,814","2,532"
Locality: 093 ISLE OF WIGHT COUNTY,0503,503 - FIRE TOWER,"1,995",70,"2,065",46,3,1,17,"32,247","1,228","33,475","1,237",31,27,133,"6,042,361","407,886","6,450,247","144,362","22,392","12,814","2,532"
Locality: 093 ISLE OF WIGHT COUNTY,0504,504 - BETHANY CHURCH,"1,347",34,"1,381",36,1,,17,"32,247","1,228","33,475","1,237",31,27,133,"6,042,361","407,886","6,450,247","144,362","22,392","12,814","2,532"
Locality: 095 JAMES CITY COUNTY,0101,101 - BERKELEY A,"4,585",178,"4,763",145,17,18,18,"63,860","3,011","66,871","1,595",200,164,133,"6,042,361","407,886","6,450,247","144,362","22,392","12,814","2,532"
Locality: 095 JAMES CITY COUNTY,0102,102 - BERKELEY B,"3,116",143,"3,259",62,10,10,18,"63,860","3,011","66,871","1,595",200,164,133,"6,042,361","407,886","6,450,247","144,362","22,392","12,814","2,532"
Locality: 095 JAMES CITY COUNTY,0103,103 - BERKELEY C,"3,176",136,"3,312",53,9,11,18,"63,860","3,011","66,871","1,595",200,164,133,"6,042,361","407,886","6,450,247","144,362","22,392","12,814","2,532"
Locality: 095 JAMES CITY COUNTY,0104,104- BERKELEY D,"1,391",58,"1,449",30,4,2,18,"63,860","3,011","66,871","1,595",200,164,133,"6,042,361","407,886","6,450,247","144,362","22,392","12,814","2,532"
Locality: 095 JAMES CITY COUNTY,0201,201 - JAMESTOWN A,"2,265",123,"2,388",55,6,8,18,"63,860","3,011","66,871","1,595",200,164,133,"6,042,361","407,886","6,450,247","144,362","22,392","12,814","2,532"
Locality: 095 JAMES CITY COUNTY,0202,202 - JAMESTOWN B,"3,485",284,"3,769",88,6,4,18,"63,860","3,011","66,871","1,595",200,164,133,"6,042,361","407,886","6,450,247","144,362","22,392","12,814","2,532"
Locality: 095 JAMES CITY COUNTY,0203,203 - JAMESTOWN C,"2,946",251,"3,197",93,14,8,18,"63,860","3,011","66,871","1,595",200,164,133,"6,042,361","407,886","6,450,247","144,362","22,392","12,814","2,532"
Locality: 095 JAMES CITY COUNTY,0204,204 - JAMESTOWN D,"3,914",124,"4,038",66,24,12,18,"63,860","3,011","66,871","1,595",200,164,133,"6,042,361","407,886","6,450,247","144,362","22,392","12,814","2,532"
Locality: 095 JAMES CITY COUNTY,0301,301 - POWHATAN A,"4,255",187,"4,442",89,11,11,18,"63,860","3,011","66,871","1,595",200,164,133,"6,042,361","407,886","6,450,247","144,362","22,392","12,814","2,532"
Locality: 095 JAMES CITY COUNTY,0302,302 - POWHATAN B,"1,488",46,"1,534",51,1,2,18,"63,860","3,011","66,871","1,595",200,164,133,"6,042,361","407,886","6,450,247","144,362","22,392","12,814","2,532"
Locality: 095 JAMES CITY COUNTY,0303,303 - POWHATAN C,"3,218",133,"3,351",55,5,3,18,"63,860","3,011","66,871","1,595",200,164,133,"6,042,361","407,886","6,450,247","144,362","22,392","12,814","2,532"
Locality: 095 JAMES CITY COUNTY,0304,304 - POWHATAN D,"3,857",247,"4,104",124,7,5,18,"63,860","3,011","66,871","1,595",200,164,133,"6,042,361","407,886","6,450,247","144,362","22,392","12,814","2,532"
Locality: 095 JAMES CITY COUNTY,0401,401 - STONEHOUSE A,"4,517",201,"4,718",169,7,4,18,"63,860","3,011","66,871","1,595",200,164,133,"6,042,361","407,886","6,450,247","144,362","22,392","12,814","2,532"
Locality: 095 JAMES CITY COUNTY,0402,402 - STONEHOUSE B,"5,435",204,"5,639",94,7,7,18,"63,860","3,011","66,871","1,595",200,164,133,"6,042,361","407,886","6,450,247","144,362","22,392","12,814","2,532"
Locality: 095 JAMES CITY COUNTY,0403,403 - STONEHOUSE C,"4,606",144,"4,750",176,8,8,18,"63,860","3,011","66,871","1,595",200,164,133,"6,042,361","407,886","6,450,247","144,362","22,392","12,814","2,532"
Locality: 095 JAMES CITY COUNTY,0501,501 - ROBERTS A,"2,068",137,"2,205",59,3,,18,"63,860","3,011","66,871","1,595",200,164,133,"6,042,361","407,886","6,450,247","144,362","22,392","12,814","2,532"
Locality: 095 JAMES CITY COUNTY,0502,502 - ROBERTS B,"4,834",206,"5,040",86,33,27,18,"63,860","3,011","66,871","1,595",200,164,133,"6,042,361","407,886","6,450,247","144,362","22,392","12,814","2,532"
Locality: 095 JAMES CITY COUNTY,0503,503 - ROBERTS C,"4,704",209,"4,913",100,28,24,18,"63,860","3,011","66,871","1,595",200,164,133,"6,042,361","407,886","6,450,247","144,362","22,392","12,814","2,532"
Locality: 097 KING & QUEEN COUNTY,0101,101 - OWENTON,"1,194",38,"1,232",8,,,5,"5,430",210,"5,640",54,3,1,133,"6,042,361","407,886","6,450,247","144,362","22,392","12,814","2,532"
Locality: 097 KING & QUEEN COUNTY,0201,201 - CLARKS,"1,014",27,"1,041",7,1,,5,"5,430",210,"5,640",54,3,1,133,"6,042,361","407,886","6,450,247","144,362","22,392","12,814","2,532"
Locality: 097 KING & QUEEN COUNTY,0301,301 - SHACKLEFORDS,"1,072",59,"1,131",18,2,,5,"5,430",210,"5,640",54,3,1,133,"6,042,361","407,886","6,450,247","144,362","22,392","12,814","2,532"
Locality: 097 KING & QUEEN COUNTY,0401,401 - COURTHOUSE,"1,113",29,"1,142",10,,1,5,"5,430",210,"5,640",54,3,1,133,"6,042,361","407,886","6,450,247","144,362","22,392","12,814","2,532"
Locality: 097 KING & QUEEN COUNTY,0501,501 - OLDMILL,"1,037",57,"1,094",11,,,5,"5,430",210,"5,640",54,3,1,133,"6,042,361","407,886","6,450,247","144,362","22,392","12,814","2,532"
Locality: 099 KING GEORGE COUNTY,0101,101 - COURTHOUSE,"3,353",122,"3,475",130,5,1,5,"20,827","1,005","21,832",838,34,14,133,"6,042,361","407,886","6,450,247","144,362","22,392","12,814","2,532"
Locality: 099 KING GEORGE COUNTY,0102,102 - PASSAPATANZY,"2,211",97,"2,308",66,1,1,5,"20,827","1,005","21,832",838,34,14,133,"6,042,361","407,886","6,450,247","144,362","22,392","12,814","2,532"
Locality: 099 KING GEORGE COUNTY,0201,201 - MONROE,"5,343",257,"5,600",219,8,9,5,"20,827","1,005","21,832",838,34,14,133,"6,042,361","407,886","6,450,247","144,362","22,392","12,814","2,532"
Locality: 099 KING GEORGE COUNTY,0301,301 - DAHLGREN,"4,525",326,"4,851",273,8,1,5,"20,827","1,005","21,832",838,34,14,133,"6,042,361","407,886","6,450,247","144,362","22,392","12,814","2,532"
Locality: 099 KING GEORGE COUNTY,0401,401 - SHILOH,"5,395",203,"5,598",150,12,2,5,"20,827","1,005","21,832",838,34,14,133,"6,042,361","407,886","6,450,247","144,362","22,392","12,814","2,532"
Locality: 101 KING WILLIAM COUNTY,0101,101 - WEST POINT,"2,524",89,"2,613",57,3,3,6,"14,964",401,"15,365",218,7,6,133,"6,042,361","407,886","6,450,247","144,362","22,392","12,814","2,532"
Locality: 101 KING WILLIAM COUNTY,0201,201 - SWEET HALL,"1,031",25,"1,056",20,,,6,"14,964",401,"15,365",218,7,6,133,"6,042,361","407,886","6,450,247","144,362","22,392","12,814","2,532"
Locality: 101 KING WILLIAM COUNTY,0202,202 - COURTHOUSE,"2,150",72,"2,222",32,1,1,6,"14,964",401,"15,365",218,7,6,133,"6,042,361","407,886","6,450,247","144,362","22,392","12,814","2,532"
Locality: 101 KING WILLIAM COUNTY,0301,301 - AYLETT,"3,055",79,"3,134",31,,2,6,"14,964",401,"15,365",218,7,6,133,"6,042,361","407,886","6,450,247","144,362","22,392","12,814","2,532"
Locality: 101 KING WILLIAM COUNTY,0401,401 - MANQUIN,"3,136",68,"3,204",46,1,,6,"14,964",401,"15,365",218,7,6,133,"6,042,361","407,886","6,450,247","144,362","22,392","12,814","2,532"
Locality: 101 KING WILLIAM COUNTY,0501,501 - MANGOHICK,"3,068",68,"3,136",32,2,,6,"14,964",401,"15,365",218,7,6,133,"6,042,361","407,886","6,450,247","144,362","22,392","12,814","2,532"
Locality: 103 LANCASTER COUNTY,0101,101 - PRECINCT 1-1,"1,855",57,"1,912",12,3,1,6,"9,324",379,"9,703",68,14,25,133,"6,042,361","407,886","6,450,247","144,362","22,392","12,814","2,532"
Locality: 103 LANCASTER COUNTY,0201,201 - PRECINCT 2-1,"1,689",72,"1,761",12,4,1,6,"9,324",379,"9,703",68,14,25,133,"6,042,361","407,886","6,450,247","144,362","22,392","12,814","2,532"
Locality: 103 LANCASTER COUNTY,0301,301 - PRECINCT 3-1,"1,408",59,"1,467",13,3,4,6,"9,324",379,"9,703",68,14,25,133,"6,042,361","407,886","6,450,247","144,362","22,392","12,814","2,532"
Locality: 103 LANCASTER COUNTY,0302,302 - PRECINCT 3-2,631,25,656,3,,4,6,"9,324",379,"9,703",68,14,25,133,"6,042,361","407,886","6,450,247","144,362","22,392","12,814","2,532"
Locality: 103 LANCASTER COUNTY,0401,401 - PRECINCT 4-1,"1,832",93,"1,925",17,1,1,6,"9,324",379,"9,703",68,14,25,133,"6,042,361","407,886","6,450,247","144,362","22,392","12,814","2,532"
Locality: 103 LANCASTER COUNTY,0501,501 - PRECINCT 5-1,"1,909",73,"1,982",11,3,14,6,"9,324",379,"9,703",68,14,25,133,"6,042,361","407,886","6,450,247","144,362","22,392","12,814","2,532"
Locality: 105 LEE COUNTY,0101,101 - ELYDALE,804,65,869,9,1,,16,"15,111",815,"15,926",99,12,2,133,"6,042,361","407,886","6,450,247","144,362","22,392","12,814","2,532"
Locality: 105 LEE COUNTY,0102,102 - EWING,850,65,915,10,,,16,"15,111",815,"15,926",99,12,2,133,"6,042,361","407,886","6,450,247","144,362","22,392","12,814","2,532"
Locality: 105 LEE COUNTY,0103,103 - ROSE HILL,"1,498",87,"1,585",10,5,,16,"15,111",815,"15,926",99,12,2,133,"6,042,361","407,886","6,450,247","144,362","22,392","12,814","2,532"
Locality: 105 LEE COUNTY,0201,201 - BLACKWATER,301,16,317,1,,,16,"15,111",815,"15,926",99,12,2,133,"6,042,361","407,886","6,450,247","144,362","22,392","12,814","2,532"
Locality: 105 LEE COUNTY,0202,202 - FLATWOODS,"1,109",45,"1,154",3,,,16,"15,111",815,"15,926",99,12,2,133,"6,042,361","407,886","6,450,247","144,362","22,392","12,814","2,532"
Locality: 105 LEE COUNTY,0203,203 - JONESVILLE,"1,965",136,"2,101",13,2,1,16,"15,111",815,"15,926",99,12,2,133,"6,042,361","407,886","6,450,247","144,362","22,392","12,814","2,532"
Locality: 105 LEE COUNTY,0301,301 - BEN HUR,"1,396",47,"1,443",4,1,,16,"15,111",815,"15,926",99,12,2,133,"6,042,361","407,886","6,450,247","144,362","22,392","12,814","2,532"
Locality: 105 LEE COUNTY,0302,302 - WOODWAY,796,43,839,6,2,,16,"15,111",815,"15,926",99,12,2,133,"6,042,361","407,886","6,450,247","144,362","22,392","12,814","2,532"
Locality: 105 LEE COUNTY,0401,401 - STICKLEYVILLE,"1,076",35,"1,111",7,,,16,"15,111",815,"15,926",99,12,2,133,"6,042,361","407,886","6,450,247","144,362","22,392","12,814","2,532"
Locality: 105 LEE COUNTY,0402,402 - JASPER,550,18,568,3,,,16,"15,111",815,"15,926",99,12,2,133,"6,042,361","407,886","6,450,247","144,362","22,392","12,814","2,532"
Locality: 105 LEE COUNTY,0403,403 - SEMINARY,663,20,683,7,,,16,"15,111",815,"15,926",99,12,2,133,"6,042,361","407,886","6,450,247","144,362","22,392","12,814","2,532"
Locality: 105 LEE COUNTY,0404,404 - DRYDEN,"1,260",56,"1,316",10,1,1,16,"15,111",815,"15,926",99,12,2,133,"6,042,361","407,886","6,450,247","144,362","22,392","12,814","2,532"
Locality: 105 LEE COUNTY,0501,501 - SAINT CHARLES,680,25,705,4,,,16,"15,111",815,"15,926",99,12,2,133,"6,042,361","407,886","6,450,247","144,362","22,392","12,814","2,532"
Locality: 105 LEE COUNTY,0502,502 - PENNINGTON,"1,714",126,"1,840",9,,,16,"15,111",815,"15,926",99,12,2,133,"6,042,361","407,886","6,450,247","144,362","22,392","12,814","2,532"
Locality: 105 LEE COUNTY,0503,503 - ROBBINS CHAPEL,184,13,197,2,,,16,"15,111",815,"15,926",99,12,2,133,"6,042,361","407,886","6,450,247","144,362","22,392","12,814","2,532"
Locality: 105 LEE COUNTY,0504,504 - KEOKEE,265,18,283,1,,,16,"15,111",815,"15,926",99,12,2,133,"6,042,361","407,886","6,450,247","144,362","22,392","12,814","2,532"
Locality: 107 LOUDOUN COUNTY,0107,107 - LITTLE RIVER,"3,281",167,"3,448",39,16,12,107,"293,037","19,894","312,931","3,441","1,811",937,133,"6,042,361","407,886","6,450,247","144,362","22,392","12,814","2,532"
Locality: 107 LOUDOUN COUNTY,0108,108 - MERCER,"3,070",140,"3,210",47,9,7,107,"293,037","19,894","312,931","3,441","1,811",937,133,"6,042,361","407,886","6,450,247","144,362","22,392","12,814","2,532"
Locality: 107 LOUDOUN COUNTY,0112,112 - FREEDOM,"2,758",138,"2,896",33,14,13,107,"293,037","19,894","312,931","3,441","1,811",937,133,"6,042,361","407,886","6,450,247","144,362","22,392","12,814","2,532"
Locality: 107 LOUDOUN COUNTY,0114,114 - DULLES SOUTH,"3,272",222,"3,494",46,12,6,107,"293,037","19,894","312,931","3,441","1,811",937,133,"6,042,361","407,886","6,450,247","144,362","22,392","12,814","2,532"
Locality: 107 LOUDOUN COUNTY,0119,119 - ARCOLA,"4,820",364,"5,184",59,28,4,107,"293,037","19,894","312,931","3,441","1,811",937,133,"6,042,361","407,886","6,450,247","144,362","22,392","12,814","2,532"
Locality: 107 LOUDOUN COUNTY,0120,120 - LUNSFORD,"4,034",172,"4,206",50,24,6,107,"293,037","19,894","312,931","3,441","1,811",937,133,"6,042,361","407,886","6,450,247","144,362","22,392","12,814","2,532"
Locality: 107 LOUDOUN COUNTY,0121,121 - TOWN HALL,"1,903",140,"2,043",21,12,5,107,"293,037","19,894","312,931","3,441","1,811",937,133,"6,042,361","407,886","6,450,247","144,362","22,392","12,814","2,532"
Locality: 107 LOUDOUN COUNTY,0122,122 - HUTCHISON FARM,"3,643",215,"3,858",20,31,14,107,"293,037","19,894","312,931","3,441","1,811",937,133,"6,042,361","407,886","6,450,247","144,362","22,392","12,814","2,532"
Locality: 107 LOUDOUN COUNTY,0123,123 - CARDINAL RIDGE,"1,829",99,"1,928",29,10,7,107,"293,037","19,894","312,931","3,441","1,811",937,133,"6,042,361","407,886","6,450,247","144,362","22,392","12,814","2,532"
Locality: 107 LOUDOUN COUNTY,0124,124 - LIBERTY,"2,818",161,"2,979",44,22,8,107,"293,037","19,894","312,931","3,441","1,811",937,133,"6,042,361","407,886","6,450,247","144,362","22,392","12,814","2,532"
Locality: 107 LOUDOUN COUNTY,0126,126-GOSHEN POST,"3,346",208,"3,554",57,17,7,107,"293,037","19,894","312,931","3,441","1,811",937,133,"6,042,361","407,886","6,450,247","144,362","22,392","12,814","2,532"
Locality: 107 LOUDOUN COUNTY,0207,207 - RIVER BEND,"1,813",77,"1,890",21,13,4,107,"293,037","19,894","312,931","3,441","1,811",937,133,"6,042,361","407,886","6,450,247","144,362","22,392","12,814","2,532"
Locality: 107 LOUDOUN COUNTY,0208,208 - ALGONKIAN,"1,830",112,"1,942",24,18,6,107,"293,037","19,894","312,931","3,441","1,811",937,133,"6,042,361","407,886","6,450,247","144,362","22,392","12,814","2,532"
Locality: 107 LOUDOUN COUNTY,0209,209 - POTOMAC FALLS,"3,558",234,"3,792",38,24,17,107,"293,037","19,894","312,931","3,441","1,811",937,133,"6,042,361","407,886","6,450,247","144,362","22,392","12,814","2,532"
Locality: 107 LOUDOUN COUNTY,0210,210 - CASCADES,"3,676",294,"3,970",38,22,12,107,"293,037","19,894","312,931","3,441","1,811",937,133,"6,042,361","407,886","6,450,247","144,362","22,392","12,814","2,532"
Locality: 107 LOUDOUN COUNTY,0213,213 - COUNTRYSIDE,"1,364",135,"1,499",12,9,2,107,"293,037","19,894","312,931","3,441","1,811",937,133,"6,042,361","407,886","6,450,247","144,362","22,392","12,814","2,532"
Locality: 107 LOUDOUN COUNTY,0214,214 - SUGARLAND NORTH,"2,742",162,"2,904",27,21,11,107,"293,037","19,894","312,931","3,441","1,811",937,133,"6,042,361","407,886","6,450,247","144,362","22,392","12,814","2,532"
Locality: 107 LOUDOUN COUNTY,0215,215 - SUGARLAND SOUTH,"3,209",210,"3,419",38,24,7,107,"293,037","19,894","312,931","3,441","1,811",937,133,"6,042,361","407,886","6,450,247","144,362","22,392","12,814","2,532"
Locality: 107 LOUDOUN COUNTY,0216,216 - LOWES ISLAND,"2,733",182,"2,915",34,36,17,107,"293,037","19,894","312,931","3,441","1,811",937,133,"6,042,361","407,886","6,450,247","144,362","22,392","12,814","2,532"
Locality: 107 LOUDOUN COUNTY,0217,217 - SOUTH BANK,"3,370",189,"3,559",33,12,22,107,"293,037","19,894","312,931","3,441","1,811",937,133,"6,042,361","407,886","6,450,247","144,362","22,392","12,814","2,532"
Locality: 107 LOUDOUN COUNTY,0218,218 - UNIVERSITY CENTER,"2,726",379,"3,105",32,23,11,107,"293,037","19,894","312,931","3,441","1,811",937,133,"6,042,361","407,886","6,450,247","144,362","22,392","12,814","2,532"
Locality: 107 LOUDOUN COUNTY,0219,219 - GALILEE CHURCH,"2,581",233,"2,814",22,17,7,107,"293,037","19,894","312,931","3,441","1,811",937,133,"6,042,361","407,886","6,450,247","144,362","22,392","12,814","2,532"
Locality: 107 LOUDOUN COUNTY,0220,220 - MIRROR RIDGE,"3,040",221,"3,261",29,27,14,107,"293,037","19,894","312,931","3,441","1,811",937,133,"6,042,361","407,886","6,450,247","144,362","22,392","12,814","2,532"
Locality: 107 LOUDOUN COUNTY,0221,221 - SENECA,"2,702",152,"2,854",29,24,19,107,"293,037","19,894","312,931","3,441","1,811",937,133,"6,042,361","407,886","6,450,247","144,362","22,392","12,814","2,532"
Locality: 107 LOUDOUN COUNTY,0307,307 - MIDDLEBURG,"1,336",151,"1,487",12,7,10,107,"293,037","19,894","312,931","3,441","1,811",937,133,"6,042,361","407,886","6,450,247","144,362","22,392","12,814","2,532"
Locality: 107 LOUDOUN COUNTY,0308,308 - ST LOUIS,"1,430",90,"1,520",12,11,6,107,"293,037","19,894","312,931","3,441","1,811",937,133,"6,042,361","407,886","6,450,247","144,362","22,392","12,814","2,532"
Locality: 107 LOUDOUN COUNTY,0309,309 - ALDIE,"1,050",67,"1,117",12,6,3,107,"293,037","19,894","312,931","3,441","1,811",937,133,"6,042,361","407,886","6,450,247","144,362","22,392","12,814","2,532"
Locality: 107 LOUDOUN COUNTY,0312,312 - BRIAR WOODS,"2,289",212,"2,501",38,28,7,107,"293,037","19,894","312,931","3,441","1,811",937,133,"6,042,361","407,886","6,450,247","144,362","22,392","12,814","2,532"
Locality: 107 LOUDOUN COUNTY,0313,313 - PINEBROOK,"2,303",94,"2,397",37,15,7,107,"293,037","19,894","312,931","3,441","1,811",937,133,"6,042,361","407,886","6,450,247","144,362","22,392","12,814","2,532"
Locality: 107 LOUDOUN COUNTY,0314,314 - LEGACY,"3,183",127,"3,310",31,21,12,107,"293,037","19,894","312,931","3,441","1,811",937,133,"6,042,361","407,886","6,450,247","144,362","22,392","12,814","2,532"
Locality: 107 LOUDOUN COUNTY,0319,319 - JOHN CHAMPE,"1,871",55,"1,926",11,8,2,107,"293,037","19,894","312,931","3,441","1,811",937,133,"6,042,361","407,886","6,450,247","144,362","22,392","12,814","2,532"
Locality: 107 LOUDOUN COUNTY,0321,321 - BRAMBLETON MIDDLE,"3,747",198,"3,945",61,24,5,107,"293,037","19,894","312,931","3,441","1,811",937,133,"6,042,361","407,886","6,450,247","144,362","22,392","12,814","2,532"
Locality: 107 LOUDOUN COUNTY,0322,322 - BUFFALO TRAIL,"2,759",136,"2,895",40,17,1,107,"293,037","19,894","312,931","3,441","1,811",937,133,"6,042,361","407,886","6,450,247","144,362","22,392","12,814","2,532"
Locality: 107 LOUDOUN COUNTY,0323,323 - SYCOLIN CREEK,"2,494",162,"2,656",32,9,5,107,"293,037","19,894","312,931","3,441","1,811",937,133,"6,042,361","407,886","6,450,247","144,362","22,392","12,814","2,532"
Locality: 107 LOUDOUN COUNTY,0324,324 - MADISON,"2,090",117,"2,207",44,10,4,107,"293,037","19,894","312,931","3,441","1,811",937,133,"6,042,361","407,886","6,450,247","144,362","22,392","12,814","2,532"
Locality: 107 LOUDOUN COUNTY,0325,325 - CREIGHTON,"4,056",176,"4,232",37,14,7,107,"293,037","19,894","312,931","3,441","1,811",937,133,"6,042,361","407,886","6,450,247","144,362","22,392","12,814","2,532"
Locality: 107 LOUDOUN COUNTY,0326,326 - INDEPENDENCE,"3,693",169,"3,862",29,7,3,107,"293,037","19,894","312,931","3,441","1,811",937,133,"6,042,361","407,886","6,450,247","144,362","22,392","12,814","2,532"
Locality: 107 LOUDOUN COUNTY,0327,327 - WILLARD,"1,672",86,"1,758",20,7,1,107,"293,037","19,894","312,931","3,441","1,811",937,133,"6,042,361","407,886","6,450,247","144,362","22,392","12,814","2,532"
Locality: 107 LOUDOUN COUNTY,0328,328 - HOVATTER,"2,416",86,"2,502",18,10,2,107,"293,037","19,894","312,931","3,441","1,811",937,133,"6,042,361","407,886","6,450,247","144,362","22,392","12,814","2,532"
Locality: 107 LOUDOUN COUNTY,0329,329 - LIGHTRIDGE,"3,196",105,"3,301",37,29,4,107,"293,037","19,894","312,931","3,441","1,811",937,133,"6,042,361","407,886","6,450,247","144,362","22,392","12,814","2,532"
Locality: 107 LOUDOUN COUNTY,0401,401 - WEST LOVETTSVILLE,"3,978",285,"4,263",52,14,11,107,"293,037","19,894","312,931","3,441","1,811",937,133,"6,042,361","407,886","6,450,247","144,362","22,392","12,814","2,532"
Locality: 107 LOUDOUN COUNTY,0402,402 - WATERFORD,"2,950",188,"3,138",44,12,12,107,"293,037","19,894","312,931","3,441","1,811",937,133,"6,042,361","407,886","6,450,247","144,362","22,392","12,814","2,532"
Locality: 107 LOUDOUN COUNTY,0403,403 - LUCKETTS,"2,709",191,"2,900",39,22,14,107,"293,037","19,894","312,931","3,441","1,811",937,133,"6,042,361","407,886","6,450,247","144,362","22,392","12,814","2,532"
Locality: 107 LOUDOUN COUNTY,0409,409 - CLARKES GAP,"3,370",189,"3,559",40,19,17,107,"293,037","19,894","312,931","3,441","1,811",937,133,"6,042,361","407,886","6,450,247","144,362","22,392","12,814","2,532"
Locality: 107 LOUDOUN COUNTY,0411,411 - EAST LOVETTSVILLE,"2,486",171,"2,657",26,12,16,107,"293,037","19,894","312,931","3,441","1,811",937,133,"6,042,361","407,886","6,450,247","144,362","22,392","12,814","2,532"
Locality: 107 LOUDOUN COUNTY,0413,413 - TUSCARORA,"1,600",105,"1,705",24,14,6,107,"293,037","19,894","312,931","3,441","1,811",937,133,"6,042,361","407,886","6,450,247","144,362","22,392","12,814","2,532"
Locality: 107 LOUDOUN COUNTY,0416,416 - HAMILTON,"2,698",145,"2,843",23,24,9,107,"293,037","19,894","312,931","3,441","1,811",937,133,"6,042,361","407,886","6,450,247","144,362","22,392","12,814","2,532"
Locality: 107 LOUDOUN COUNTY,0421,421 - BETWEEN THE HILLS,385,30,415,6,3,,107,"293,037","19,894","312,931","3,441","1,811",937,133,"6,042,361","407,886","6,450,247","144,362","22,392","12,814","2,532"
Locality: 107 LOUDOUN COUNTY,0423,423 - SIMPSON,706,54,760,6,4,4,107,"293,037","19,894","312,931","3,441","1,811",937,133,"6,042,361","407,886","6,450,247","144,362","22,392","12,814","2,532"
Locality: 107 LOUDOUN COUNTY,0424,424 - PURCELLVILLE,"3,466",235,"3,701",53,25,6,107,"293,037","19,894","312,931","3,441","1,811",937,133,"6,042,361","407,886","6,450,247","144,362","22,392","12,814","2,532"
Locality: 107 LOUDOUN COUNTY,0425,425 - ROUND HILL,"2,988",180,"3,168",30,18,11,107,"293,037","19,894","312,931","3,441","1,811",937,133,"6,042,361","407,886","6,450,247","144,362","22,392","12,814","2,532"
Locality: 107 LOUDOUN COUNTY,0426,426 - HILLSBORO,"2,788",182,"2,970",30,21,13,107,"293,037","19,894","312,931","3,441","1,811",937,133,"6,042,361","407,886","6,450,247","144,362","22,392","12,814","2,532"
Locality: 107 LOUDOUN COUNTY,0427,427 - PHILOMONT,"2,420",130,"2,550",26,16,17,107,"293,037","19,894","312,931","3,441","1,811",937,133,"6,042,361","407,886","6,450,247","144,362","22,392","12,814","2,532"
Locality: 107 LOUDOUN COUNTY,0428,428 - MOUNTAIN VIEW,"4,019",258,"4,277",59,14,8,107,"293,037","19,894","312,931","3,441","1,811",937,133,"6,042,361","407,886","6,450,247","144,362","22,392","12,814","2,532"
Locality: 107 LOUDOUN COUNTY,0429,429 - ROUND HILL ELEMENTARY,"3,715",187,"3,902",46,16,8,107,"293,037","19,894","312,931","3,441","1,811",937,133,"6,042,361","407,886","6,450,247","144,362","22,392","12,814","2,532"
Locality: 107 LOUDOUN COUNTY,0430,430 - HARMONY,"1,422",75,"1,497",11,7,6,107,"293,037","19,894","312,931","3,441","1,811",937,133,"6,042,361","407,886","6,450,247","144,362","22,392","12,814","2,532"
Locality: 107 LOUDOUN COUNTY,0501,501 - WEST LEESBURG,"2,911",192,"3,103",31,25,17,107,"293,037","19,894","312,931","3,441","1,811",937,133,"6,042,361","407,886","6,450,247","144,362","22,392","12,814","2,532"
Locality: 107 LOUDOUN COUNTY,0502,502 - EAST LEESBURG,"3,613",362,"3,975",35,13,16,107,"293,037","19,894","312,931","3,441","1,811",937,133,"6,042,361","407,886","6,450,247","144,362","22,392","12,814","2,532"
Locality: 107 LOUDOUN COUNTY,0503,503 - DRY MILL,"1,837",98,"1,935",21,12,8,107,"293,037","19,894","312,931","3,441","1,811",937,133,"6,042,361","407,886","6,450,247","144,362","22,392","12,814","2,532"
Locality: 107 LOUDOUN COUNTY,0504,504 - SMARTS MILL,"3,231",311,"3,542",39,19,13,107,"293,037","19,894","312,931","3,441","1,811",937,133,"6,042,361","407,886","6,450,247","144,362","22,392","12,814","2,532"
Locality: 107 LOUDOUN COUNTY,0505,505 - COOL SPRING,"3,201",232,"3,433",38,27,12,107,"293,037","19,894","312,931","3,441","1,811",937,133,"6,042,361","407,886","6,450,247","144,362","22,392","12,814","2,532"
Locality: 107 LOUDOUN COUNTY,0506,506 - DOUGLASS,"2,056",196,"2,252",22,12,4,107,"293,037","19,894","312,931","3,441","1,811",937,133,"6,042,361","407,886","6,450,247","144,362","22,392","12,814","2,532"
Locality: 107 LOUDOUN COUNTY,0507,507 - GREENWAY,"1,627",142,"1,769",18,9,14,107,"293,037","19,894","312,931","3,441","1,811",937,133,"6,042,361","407,886","6,450,247","144,362","22,392","12,814","2,532"
Locality: 107 LOUDOUN COUNTY,0508,508 - BALLS BLUFF,"3,198",205,"3,403",36,16,8,107,"293,037","19,894","312,931","3,441","1,811",937,133,"6,042,361","407,886","6,450,247","144,362","22,392","12,814","2,532"
Locality: 107 LOUDOUN COUNTY,0509,509 - TOLBERT,"4,600",369,"4,969",66,18,5,107,"293,037","19,894","312,931","3,441","1,811",937,133,"6,042,361","407,886","6,450,247","144,362","22,392","12,814","2,532"
Locality: 107 LOUDOUN COUNTY,0510,510 - HERITAGE,"1,852",102,"1,954",18,14,3,107,"293,037","19,894","312,931","3,441","1,811",937,133,"6,042,361","407,886","6,450,247","144,362","22,392","12,814","2,532"
Locality: 107 LOUDOUN COUNTY,0511,511 - EVERGREEN,"3,985",245,"4,230",51,30,7,107,"293,037","19,894","312,931","3,441","1,811",937,133,"6,042,361","407,886","6,450,247","144,362","22,392","12,814","2,532"
Locality: 107 LOUDOUN COUNTY,0512,512 - RIVER CREEK,"2,555",154,"2,709",22,16,26,107,"293,037","19,894","312,931","3,441","1,811",937,133,"6,042,361","407,886","6,450,247","144,362","22,392","12,814","2,532"
Locality: 107 LOUDOUN COUNTY,0513,513 - RED ROCK,"2,137",117,"2,254",8,9,3,107,"293,037","19,894","312,931","3,441","1,811",937,133,"6,042,361","407,886","6,450,247","144,362","22,392","12,814","2,532"
Locality: 107 LOUDOUN COUNTY,0615,615 - HILLSIDE,"4,050",244,"4,294",66,38,9,107,"293,037","19,894","312,931","3,441","1,811",937,133,"6,042,361","407,886","6,450,247","144,362","22,392","12,814","2,532"
Locality: 107 LOUDOUN COUNTY,0616,616 - EAGLE RIDGE,"4,270",512,"4,782",68,19,12,107,"293,037","19,894","312,931","3,441","1,811",937,133,"6,042,361","407,886","6,450,247","144,362","22,392","12,814","2,532"
Locality: 107 LOUDOUN COUNTY,0620,620 - RUSSELL BRANCH,"2,486",165,"2,651",35,12,9,107,"293,037","19,894","312,931","3,441","1,811",937,133,"6,042,361","407,886","6,450,247","144,362","22,392","12,814","2,532"
Locality: 107 LOUDOUN COUNTY,0621,621 - DOMINION TRAIL,"3,831",260,"4,091",37,27,12,107,"293,037","19,894","312,931","3,441","1,811",937,133,"6,042,361","407,886","6,450,247","144,362","22,392","12,814","2,532"
Locality: 107 LOUDOUN COUNTY,0622,622 - FARMWELL STATION,"3,443",261,"3,704",32,23,7,107,"293,037","19,894","312,931","3,441","1,811",937,133,"6,042,361","407,886","6,450,247","144,362","22,392","12,814","2,532"
Locality: 107 LOUDOUN COUNTY,0623,623 - WELLER,"3,923",228,"4,151",34,8,12,107,"293,037","19,894","312,931","3,441","1,811",937,133,"6,042,361","407,886","6,450,247","144,362","22,392","12,814","2,532"
Locality: 107 LOUDOUN COUNTY,0625,625 - MILL RUN,"2,894",151,"3,045",38,15,5,107,"293,037","19,894","312,931","3,441","1,811",937,133,"6,042,361","407,886","6,450,247","144,362","22,392","12,814","2,532"
Locality: 107 LOUDOUN COUNTY,0626,626 - ASHBY PONDS,"2,185",48,"2,233",8,5,4,107,"293,037","19,894","312,931","3,441","1,811",937,133,"6,042,361","407,886","6,450,247","144,362","22,392","12,814","2,532"
Locality: 107 LOUDOUN COUNTY,0627,627 - ASHBROOK,"1,924",173,"2,097",19,17,7,107,"293,037","19,894","312,931","3,441","1,811",937,133,"6,042,361","407,886","6,450,247","144,362","22,392","12,814","2,532"
Locality: 107 LOUDOUN COUNTY,0628,628 - MOOREFIELD STATION,"2,731",210,"2,941",67,17,5,107,"293,037","19,894","312,931","3,441","1,811",937,133,"6,042,361","407,886","6,450,247","144,362","22,392","12,814","2,532"
Locality: 107 LOUDOUN COUNTY,0629,629 - DISCOVERY,"1,632",241,"1,873",23,4,7,107,"293,037","19,894","312,931","3,441","1,811",937,133,"6,042,361","407,886","6,450,247","144,362","22,392","12,814","2,532"
Locality: 107 LOUDOUN COUNTY,0630,630 - CROSON,"3,295",274,"3,569",49,18,11,107,"293,037","19,894","312,931","3,441","1,811",937,133,"6,042,361","407,886","6,450,247","144,362","22,392","12,814","2,532"
Locality: 107 LOUDOUN COUNTY,0631,631 - MARBLEHEAD,"2,573",334,"2,907",47,10,4,107,"293,037","19,894","312,931","3,441","1,811",937,133,"6,042,361","407,886","6,450,247","144,362","22,392","12,814","2,532"
Locality: 107 LOUDOUN COUNTY,0701,701 - SULLY,"2,860",207,"3,067",26,13,5,107,"293,037","19,894","312,931","3,441","1,811",937,133,"6,042,361","407,886","6,450,247","144,362","22,392","12,814","2,532"
Locality: 107 LOUDOUN COUNTY,0702,702 - PARK VIEW,"3,600",203,"3,803",38,12,3,107,"293,037","19,894","312,931","3,441","1,811",937,133,"6,042,361","407,886","6,450,247","144,362","22,392","12,814","2,532"
Locality: 107 LOUDOUN COUNTY,0703,703 - ROLLING RIDGE,"3,013",232,"3,245",26,22,7,107,"293,037","19,894","312,931","3,441","1,811",937,133,"6,042,361","407,886","6,450,247","144,362","22,392","12,814","2,532"
Locality: 107 LOUDOUN COUNTY,0705,705 - FOREST GROVE,"3,065",241,"3,306",36,16,12,107,"293,037","19,894","312,931","3,441","1,811",937,133,"6,042,361","407,886","6,450,247","144,362","22,392","12,814","2,532"
Locality: 107 LOUDOUN COUNTY,0707,707 - CLAUDE MOORE PARK,"1,226",69,"1,295",16,10,4,107,"293,037","19,894","312,931","3,441","1,811",937,133,"6,042,361","407,886","6,450,247","144,362","22,392","12,814","2,532"
Locality: 107 LOUDOUN COUNTY,0710,710 - STERLING,"2,394",237,"2,631",34,10,7,107,"293,037","19,894","312,931","3,441","1,811",937,133,"6,042,361","407,886","6,450,247","144,362","22,392","12,814","2,532"
Locality: 107 LOUDOUN COUNTY,0711,711 - GUILFORD,"2,026",162,"2,188",27,25,12,107,"293,037","19,894","312,931","3,441","1,811",937,133,"6,042,361","407,886","6,450,247","144,362","22,392","12,814","2,532"
Locality: 107 LOUDOUN COUNTY,0712,712 - STONE HILL,"2,505",215,"2,720",42,20,4,107,"293,037","19,894","312,931","3,441","1,811",937,133,"6,042,361","407,886","6,450,247","144,362","22,392","12,814","2,532"
Locality: 107 LOUDOUN COUNTY,0713,713 - CARTER,"1,172",167,"1,339",20,7,12,107,"293,037","19,894","312,931","3,441","1,811",937,133,"6,042,361","407,886","6,450,247","144,362","22,392","12,814","2,532"
Locality: 107 LOUDOUN COUNTY,0714,714 - ROCK RIDGE,"3,467",139,"3,606",28,19,19,107,"293,037","19,894","312,931","3,441","1,811",937,133,"6,042,361","407,886","6,450,247","144,362","22,392","12,814","2,532"
Locality: 107 LOUDOUN COUNTY,0715,715 - OAK GROVE,"1,548",119,"1,667",15,10,2,107,"293,037","19,894","312,931","3,441","1,811",937,133,"6,042,361","407,886","6,450,247","144,362","22,392","12,814","2,532"
Locality: 107 LOUDOUN COUNTY,0716,716 - RIDGETOP,"1,989",334,"2,323",25,11,9,107,"293,037","19,894","312,931","3,441","1,811",937,133,"6,042,361","407,886","6,450,247","144,362","22,392","12,814","2,532"
Locality: 107 LOUDOUN COUNTY,0808,808 - STONE BRIDGE,"3,807",219,"4,026",41,43,12,107,"293,037","19,894","312,931","3,441","1,811",937,133,"6,042,361","407,886","6,450,247","144,362","22,392","12,814","2,532"
Locality: 107 LOUDOUN COUNTY,0810,810 - CEDAR LANE,"3,026",203,"3,229",25,27,12,107,"293,037","19,894","312,931","3,441","1,811",937,133,"6,042,361","407,886","6,450,247","144,362","22,392","12,814","2,532"
Locality: 107 LOUDOUN COUNTY,0813,813 - SELDENS LANDING,"2,672",298,"2,970",30,19,6,107,"293,037","19,894","312,931","3,441","1,811",937,133,"6,042,361","407,886","6,450,247","144,362","22,392","12,814","2,532"
Locality: 107 LOUDOUN COUNTY,0814,814 - NEWTON - LEE,"3,854",229,"4,083",40,24,14,107,"293,037","19,894","312,931","3,441","1,811",937,133,"6,042,361","407,886","6,450,247","144,362","22,392","12,814","2,532"
Locality: 107 LOUDOUN COUNTY,0815,815 - BELMONT RIDGE,"3,728",236,"3,964",18,26,18,107,"293,037","19,894","312,931","3,441","1,811",937,133,"6,042,361","407,886","6,450,247","144,362","22,392","12,814","2,532"
Locality: 107 LOUDOUN COUNTY,0817,817 - SANDERS CORNER,"2,750",223,"2,973",34,17,5,107,"293,037","19,894","312,931","3,441","1,811",937,133,"6,042,361","407,886","6,450,247","144,362","22,392","12,814","2,532"
Locality: 107 LOUDOUN COUNTY,0818,818 - EAST BROAD RUN,"2,502",179,"2,681",28,18,5,107,"293,037","19,894","312,931","3,441","1,811",937,133,"6,042,361","407,886","6,450,247","144,362","22,392","12,814","2,532"
Locality: 107 LOUDOUN COUNTY,0819,819 - WEST BROAD RUN,"2,211",121,"2,332",29,15,8,107,"293,037","19,894","312,931","3,441","1,811",937,133,"6,042,361","407,886","6,450,247","144,362","22,392","12,814","2,532"
Locality: 107 LOUDOUN COUNTY,0820,820 - BELMONT STATION,"2,850",217,"3,067",32,22,13,107,"293,037","19,894","312,931","3,441","1,811",937,133,"6,042,361","407,886","6,450,247","144,362","22,392","12,814","2,532"
Locality: 107 LOUDOUN COUNTY,0822,822 - RIVERSIDE,"2,495",127,"2,622",19,16,12,107,"293,037","19,894","312,931","3,441","1,811",937,133,"6,042,361","407,886","6,450,247","144,362","22,392","12,814","2,532"
Locality: 107 LOUDOUN COUNTY,0823,823 - HARPER PARK,"2,578",131,"2,709",29,16,7,107,"293,037","19,894","312,931","3,441","1,811",937,133,"6,042,361","407,886","6,450,247","144,362","22,392","12,814","2,532"
Locality: 107 LOUDOUN COUNTY,0824,824 - GOOSE CREEK,"1,264",144,"1,408",19,12,6,107,"293,037","19,894","312,931","3,441","1,811",937,133,"6,042,361","407,886","6,450,247","144,362","22,392","12,814","2,532"
Locality: 107 LOUDOUN COUNTY,0825,825 - WAXPOOL,"2,992",174,"3,166",28,19,8,107,"293,037","19,894","312,931","3,441","1,811",937,133,"6,042,361","407,886","6,450,247","144,362","22,392","12,814","2,532"
Locality: 109 LOUISA COUNTY,0101,101 - GREEN SPRINGS #1,"3,650",104,"3,754",35,5,8,14,"31,700","1,153","32,853",338,40,38,133,"6,042,361","407,886","6,450,247","144,362","22,392","12,814","2,532"
Locality: 109 LOUISA COUNTY,0102,102 - GREEN SPRINGS #2,"1,510",53,"1,563",9,1,2,14,"31,700","1,153","32,853",338,40,38,133,"6,042,361","407,886","6,450,247","144,362","22,392","12,814","2,532"
Locality: 109 LOUISA COUNTY,0201,201 - LOUISA #1,"2,000",134,"2,134",25,1,1,14,"31,700","1,153","32,853",338,40,38,133,"6,042,361","407,886","6,450,247","144,362","22,392","12,814","2,532"
Locality: 109 LOUISA COUNTY,0202,202 - LOUISA #2,"1,854",74,"1,928",22,5,2,14,"31,700","1,153","32,853",338,40,38,133,"6,042,361","407,886","6,450,247","144,362","22,392","12,814","2,532"
Locality: 109 LOUISA COUNTY,0203,203 - LOUISA #3,351,4,355,4,,,14,"31,700","1,153","32,853",338,40,38,133,"6,042,361","407,886","6,450,247","144,362","22,392","12,814","2,532"
Locality: 109 LOUISA COUNTY,0301,301 - PATRICK HENRY #1,"2,547",93,"2,640",25,7,3,14,"31,700","1,153","32,853",338,40,38,133,"6,042,361","407,886","6,450,247","144,362","22,392","12,814","2,532"
Locality: 109 LOUISA COUNTY,0302,302 - PATRICK HENRY #2,"1,827",91,"1,918",20,1,1,14,"31,700","1,153","32,853",338,40,38,133,"6,042,361","407,886","6,450,247","144,362","22,392","12,814","2,532"
Locality: 109 LOUISA COUNTY,0401,401 - MINERAL,"4,891",175,"5,066",51,3,4,14,"31,700","1,153","32,853",338,40,38,133,"6,042,361","407,886","6,450,247","144,362","22,392","12,814","2,532"
Locality: 109 LOUISA COUNTY,0501,501 - CUCKOO #1,"1,264",47,"1,311",19,,,14,"31,700","1,153","32,853",338,40,38,133,"6,042,361","407,886","6,450,247","144,362","22,392","12,814","2,532"
Locality: 109 LOUISA COUNTY,0502,502 - CUCKOO #2,"1,399",56,"1,455",15,,2,14,"31,700","1,153","32,853",338,40,38,133,"6,042,361","407,886","6,450,247","144,362","22,392","12,814","2,532"
Locality: 109 LOUISA COUNTY,0503,503 - CUCKOO #3,"2,207",72,"2,279",26,12,1,14,"31,700","1,153","32,853",338,40,38,133,"6,042,361","407,886","6,450,247","144,362","22,392","12,814","2,532"
Locality: 109 LOUISA COUNTY,0601,601 - JACKSON,"4,016",111,"4,127",45,3,2,14,"31,700","1,153","32,853",338,40,38,133,"6,042,361","407,886","6,450,247","144,362","22,392","12,814","2,532"
Locality: 109 LOUISA COUNTY,0701,701 - MOUNTAIN ROAD #1,"1,974",51,"2,025",15,2,5,14,"31,700","1,153","32,853",338,40,38,133,"6,042,361","407,886","6,450,247","144,362","22,392","12,814","2,532"
Locality: 109 LOUISA COUNTY,0702,702 - MOUNTAIN ROAD #2,"2,210",88,"2,298",27,,7,14,"31,700","1,153","32,853",338,40,38,133,"6,042,361","407,886","6,450,247","144,362","22,392","12,814","2,532"
Locality: 111 LUNENBURG COUNTY,0101,101 - PLYMOUTH,997,38,"1,035",6,1,,11,"8,034",292,"8,326",88,3,1,133,"6,042,361","407,886","6,450,247","144,362","22,392","12,814","2,532"
Locality: 111 LUNENBURG COUNTY,0201,201 - BROWNS STORE,"1,029",33,"1,062",10,2,,11,"8,034",292,"8,326",88,3,1,133,"6,042,361","407,886","6,450,247","144,362","22,392","12,814","2,532"
Locality: 111 LUNENBURG COUNTY,0301,301 - ROSEBUD,470,14,484,4,,,11,"8,034",292,"8,326",88,3,1,133,"6,042,361","407,886","6,450,247","144,362","22,392","12,814","2,532"
Locality: 111 LUNENBURG COUNTY,0302,302 - FLAT ROCK,657,29,686,6,,,11,"8,034",292,"8,326",88,3,1,133,"6,042,361","407,886","6,450,247","144,362","22,392","12,814","2,532"
Locality: 111 LUNENBURG COUNTY,0401,401 - ARROWHEAD GUN CLUB,386,21,407,4,,,11,"8,034",292,"8,326",88,3,1,133,"6,042,361","407,886","6,450,247","144,362","22,392","12,814","2,532"
Locality: 111 LUNENBURG COUNTY,0402,402 - PLEASANT GROVE,835,21,856,10,,1,11,"8,034",292,"8,326",88,3,1,133,"6,042,361","407,886","6,450,247","144,362","22,392","12,814","2,532"
Locality: 111 LUNENBURG COUNTY,0501,501 - REEDY CREEK,642,20,662,8,,,11,"8,034",292,"8,326",88,3,1,133,"6,042,361","407,886","6,450,247","144,362","22,392","12,814","2,532"
Locality: 111 LUNENBURG COUNTY,0502,502 - PEOPLES COMMUNITY CENTER,683,27,710,8,,,11,"8,034",292,"8,326",88,3,1,133,"6,042,361","407,886","6,450,247","144,362","22,392","12,814","2,532"
Locality: 111 LUNENBURG COUNTY,0601,601 - HOUNDS CREEK,"1,089",50,"1,139",20,,,11,"8,034",292,"8,326",88,3,1,133,"6,042,361","407,886","6,450,247","144,362","22,392","12,814","2,532"
Locality: 111 LUNENBURG COUNTY,0701,701 - MEHERRIN FIRE DEPARTMENT,614,18,632,7,,,11,"8,034",292,"8,326",88,3,1,133,"6,042,361","407,886","6,450,247","144,362","22,392","12,814","2,532"
Locality: 111 LUNENBURG COUNTY,0702,702 - VICTORIA PUBLIC LIBRARY,632,21,653,5,,,11,"8,034",292,"8,326",88,3,1,133,"6,042,361","407,886","6,450,247","144,362","22,392","12,814","2,532"
Locality: 113 MADISON COUNTY,0001,001 - OAK PARK,"1,269",51,"1,320",9,4,3,8,"10,533",331,"10,864",121,26,14,133,"6,042,361","407,886","6,450,247","144,362","22,392","12,814","2,532"
Locality: 113 MADISON COUNTY,0002,002 - RADIANT,"1,850",60,"1,910",29,2,,8,"10,533",331,"10,864",121,26,14,133,"6,042,361","407,886","6,450,247","144,362","22,392","12,814","2,532"
Locality: 113 MADISON COUNTY,0003,003 - ROCHELLE,872,22,894,11,6,,8,"10,533",331,"10,864",121,26,14,133,"6,042,361","407,886","6,450,247","144,362","22,392","12,814","2,532"
Locality: 113 MADISON COUNTY,0004,004 - GRAVES MILL/WOLFTOWN,"1,132",36,"1,168",16,3,1,8,"10,533",331,"10,864",121,26,14,133,"6,042,361","407,886","6,450,247","144,362","22,392","12,814","2,532"
Locality: 113 MADISON COUNTY,0005,005 - MADISON,"2,014",75,"2,089",20,6,5,8,"10,533",331,"10,864",121,26,14,133,"6,042,361","407,886","6,450,247","144,362","22,392","12,814","2,532"
Locality: 113 MADISON COUNTY,0006,006 - ETLAN,567,20,587,5,,,8,"10,533",331,"10,864",121,26,14,133,"6,042,361","407,886","6,450,247","144,362","22,392","12,814","2,532"
Locality: 113 MADISON COUNTY,0007,007 - BRIGHTWOOD,"1,961",50,"2,011",23,1,,8,"10,533",331,"10,864",121,26,14,133,"6,042,361","407,886","6,450,247","144,362","22,392","12,814","2,532"
Locality: 113 MADISON COUNTY,0008,008 - CRIGLERSVILLE,868,17,885,8,4,5,8,"10,533",331,"10,864",121,26,14,133,"6,042,361","407,886","6,450,247","144,362","22,392","12,814","2,532"
Locality: 115 MATHEWS COUNTY,0001,001 - CHESAPEAKE,"1,632",57,"1,689",25,10,1,3,"7,357",189,"7,546",112,23,6,133,"6,042,361","407,886","6,450,247","144,362","22,392","12,814","2,532"
Locality: 115 MATHEWS COUNTY,0002,002 - WESTVILLE,"2,619",59,"2,678",43,5,1,3,"7,357",189,"7,546",112,23,6,133,"6,042,361","407,886","6,450,247","144,362","22,392","12,814","2,532"
Locality: 115 MATHEWS COUNTY,0003,003 - PIANKATANK,"3,106",73,"3,179",44,8,4,3,"7,357",189,"7,546",112,23,6,133,"6,042,361","407,886","6,450,247","144,362","22,392","12,814","2,532"
Locality: 117 MECKLENBURG COUNTY,0101,101 - PALMER SPRINGS,854,43,897,11,2,,22,"22,300","1,556","23,856",202,15,6,133,"6,042,361","407,886","6,450,247","144,362","22,392","12,814","2,532"
Locality: 117 MECKLENBURG COUNTY,0102,102 - ANTIOCH CHURCH,319,22,341,,,,22,"22,300","1,556","23,856",202,15,6,133,"6,042,361","407,886","6,450,247","144,362","22,392","12,814","2,532"
Locality: 117 MECKLENBURG COUNTY,0103,103 - CLARKSVILLE SOUTH,"1,257",118,"1,375",5,,,22,"22,300","1,556","23,856",202,15,6,133,"6,042,361","407,886","6,450,247","144,362","22,392","12,814","2,532"
Locality: 117 MECKLENBURG COUNTY,0201,201 - CHASE CITY,"1,752",151,"1,903",18,1,1,22,"22,300","1,556","23,856",202,15,6,133,"6,042,361","407,886","6,450,247","144,362","22,392","12,814","2,532"
Locality: 117 MECKLENBURG COUNTY,0202,202 - BLUESTONE,382,19,401,1,,,22,"22,300","1,556","23,856",202,15,6,133,"6,042,361","407,886","6,450,247","144,362","22,392","12,814","2,532"
Locality: 117 MECKLENBURG COUNTY,0301,301 - BRACEY,"1,578",143,"1,721",13,2,1,22,"22,300","1,556","23,856",202,15,6,133,"6,042,361","407,886","6,450,247","144,362","22,392","12,814","2,532"
Locality: 117 MECKLENBURG COUNTY,0302,302 - LACROSSE,"1,038",80,"1,118",8,1,,22,"22,300","1,556","23,856",202,15,6,133,"6,042,361","407,886","6,450,247","144,362","22,392","12,814","2,532"
Locality: 117 MECKLENBURG COUNTY,0401,401 - SOUTH HILL WEST,"2,282",196,"2,478",26,1,,22,"22,300","1,556","23,856",202,15,6,133,"6,042,361","407,886","6,450,247","144,362","22,392","12,814","2,532"
Locality: 117 MECKLENBURG COUNTY,0501,501 - SOUTH HILL EAST,"2,295",172,"2,467",22,,,22,"22,300","1,556","23,856",202,15,6,133,"6,042,361","407,886","6,450,247","144,362","22,392","12,814","2,532"
Locality: 117 MECKLENBURG COUNTY,0601,601 - BASKERVILLE,630,28,658,6,1,,22,"22,300","1,556","23,856",202,15,6,133,"6,042,361","407,886","6,450,247","144,362","22,392","12,814","2,532"
Locality: 117 MECKLENBURG COUNTY,0602,602 - UNION LEVEL,454,37,491,6,,,22,"22,300","1,556","23,856",202,15,6,133,"6,042,361","407,886","6,450,247","144,362","22,392","12,814","2,532"
Locality: 117 MECKLENBURG COUNTY,0603,603 - SMITH CROSSROADS,627,37,664,4,,,22,"22,300","1,556","23,856",202,15,6,133,"6,042,361","407,886","6,450,247","144,362","22,392","12,814","2,532"
Locality: 117 MECKLENBURG COUNTY,0604,604 - LAKE GASTON,"1,057",95,"1,152",17,2,,22,"22,300","1,556","23,856",202,15,6,133,"6,042,361","407,886","6,450,247","144,362","22,392","12,814","2,532"
Locality: 117 MECKLENBURG COUNTY,0701,701 - MIDWAY,550,31,581,7,,,22,"22,300","1,556","23,856",202,15,6,133,"6,042,361","407,886","6,450,247","144,362","22,392","12,814","2,532"
Locality: 117 MECKLENBURG COUNTY,0702,702 - WILLIAMS GROVE,"1,001",51,"1,052",7,2,1,22,"22,300","1,556","23,856",202,15,6,133,"6,042,361","407,886","6,450,247","144,362","22,392","12,814","2,532"
Locality: 117 MECKLENBURG COUNTY,0703,703 - CHASE CITY EAST,818,40,858,6,,,22,"22,300","1,556","23,856",202,15,6,133,"6,042,361","407,886","6,450,247","144,362","22,392","12,814","2,532"
Locality: 117 MECKLENBURG COUNTY,0801,801 - BOYDTON,615,45,660,7,1,,22,"22,300","1,556","23,856",202,15,6,133,"6,042,361","407,886","6,450,247","144,362","22,392","12,814","2,532"
Locality: 117 MECKLENBURG COUNTY,0802,802 - CLARKSVILLE VFW,"1,290",55,"1,345",13,,1,22,"22,300","1,556","23,856",202,15,6,133,"6,042,361","407,886","6,450,247","144,362","22,392","12,814","2,532"
Locality: 117 MECKLENBURG COUNTY,0803,803 - CHASE CITY WEST,787,35,822,4,,,22,"22,300","1,556","23,856",202,15,6,133,"6,042,361","407,886","6,450,247","144,362","22,392","12,814","2,532"
Locality: 117 MECKLENBURG COUNTY,0901,901 - NELSON,383,14,397,4,,,22,"22,300","1,556","23,856",202,15,6,133,"6,042,361","407,886","6,450,247","144,362","22,392","12,814","2,532"
Locality: 117 MECKLENBURG COUNTY,0902,902 - BUFFALO JUNCTION,677,37,714,4,,,22,"22,300","1,556","23,856",202,15,6,133,"6,042,361","407,886","6,450,247","144,362","22,392","12,814","2,532"
Locality: 117 MECKLENBURG COUNTY,0903,903 - CLARKSVILLE NORTH,"1,654",107,"1,761",13,2,2,22,"22,300","1,556","23,856",202,15,6,133,"6,042,361","407,886","6,450,247","144,362","22,392","12,814","2,532"
Locality: 119 MIDDLESEX COUNTY,0101,101 - SALUDA,658,47,705,11,4,1,6,"8,654",417,"9,071",88,25,5,133,"6,042,361","407,886","6,450,247","144,362","22,392","12,814","2,532"
Locality: 119 MIDDLESEX COUNTY,0102,102 - URBANNA,975,38,"1,013",6,6,,6,"8,654",417,"9,071",88,25,5,133,"6,042,361","407,886","6,450,247","144,362","22,392","12,814","2,532"
Locality: 119 MIDDLESEX COUNTY,0201,201 - NEW MARKET,"1,826",76,"1,902",18,6,1,6,"8,654",417,"9,071",88,25,5,133,"6,042,361","407,886","6,450,247","144,362","22,392","12,814","2,532"
Locality: 119 MIDDLESEX COUNTY,0302,302 - CHURCH VIEW,"1,624",90,"1,714",15,1,1,6,"8,654",417,"9,071",88,25,5,133,"6,042,361","407,886","6,450,247","144,362","22,392","12,814","2,532"
Locality: 119 MIDDLESEX COUNTY,0401,401- HARMONY VILLAGE,"1,674",97,"1,771",10,3,1,6,"8,654",417,"9,071",88,25,5,133,"6,042,361","407,886","6,450,247","144,362","22,392","12,814","2,532"
Locality: 119 MIDDLESEX COUNTY,0501,501 - WILTON,"1,897",69,"1,966",28,5,1,6,"8,654",417,"9,071",88,25,5,133,"6,042,361","407,886","6,450,247","144,362","22,392","12,814","2,532"
Locality: 121 MONTGOMERY COUNTY,0101,101 - PRECINCT A-1,"2,240",104,"2,344",27,2,2,29,"62,744","5,240","67,984",498,51,29,133,"6,042,361","407,886","6,450,247","144,362","22,392","12,814","2,532"
Locality: 121 MONTGOMERY COUNTY,0102,102 - PRECINCT A-2,"2,444",341,"2,785",22,5,6,29,"62,744","5,240","67,984",498,51,29,133,"6,042,361","407,886","6,450,247","144,362","22,392","12,814","2,532"
Locality: 121 MONTGOMERY COUNTY,0103,103 - PRECINCT A-3,306,115,421,2,,,29,"62,744","5,240","67,984",498,51,29,133,"6,042,361","407,886","6,450,247","144,362","22,392","12,814","2,532"
Locality: 121 MONTGOMERY COUNTY,0104,104 - PRECINCT A-4 ,"2,557",280,"2,837",20,8,3,29,"62,744","5,240","67,984",498,51,29,133,"6,042,361","407,886","6,450,247","144,362","22,392","12,814","2,532"
Locality: 121 MONTGOMERY COUNTY,0105,105 - PRECINCT A-5,"1,846",122,"1,968",20,,,29,"62,744","5,240","67,984",498,51,29,133,"6,042,361","407,886","6,450,247","144,362","22,392","12,814","2,532"
Locality: 121 MONTGOMERY COUNTY,0201,201 - PRECINCT B-1,877,33,910,10,,,29,"62,744","5,240","67,984",498,51,29,133,"6,042,361","407,886","6,450,247","144,362","22,392","12,814","2,532"
Locality: 121 MONTGOMERY COUNTY,0202,202 - PRECINCT B-2,"2,736",179,"2,915",29,,1,29,"62,744","5,240","67,984",498,51,29,133,"6,042,361","407,886","6,450,247","144,362","22,392","12,814","2,532"
Locality: 121 MONTGOMERY COUNTY,0203,203 - PRECINCT B-3,"1,237",106,"1,343",6,,,29,"62,744","5,240","67,984",498,51,29,133,"6,042,361","407,886","6,450,247","144,362","22,392","12,814","2,532"
Locality: 121 MONTGOMERY COUNTY,0204,204 - PRECINCT B-4,"3,292",275,"3,567",34,,,29,"62,744","5,240","67,984",498,51,29,133,"6,042,361","407,886","6,450,247","144,362","22,392","12,814","2,532"
Locality: 121 MONTGOMERY COUNTY,0205,205 - PRECINCT B-5,"2,233",140,"2,373",13,,,29,"62,744","5,240","67,984",498,51,29,133,"6,042,361","407,886","6,450,247","144,362","22,392","12,814","2,532"
Locality: 121 MONTGOMERY COUNTY,0301,301 - PRECINCT C-1,"3,183",137,"3,320",13,,,29,"62,744","5,240","67,984",498,51,29,133,"6,042,361","407,886","6,450,247","144,362","22,392","12,814","2,532"
Locality: 121 MONTGOMERY COUNTY,0302,302 - PRECINCT C-2,"1,347",62,"1,409",9,1,,29,"62,744","5,240","67,984",498,51,29,133,"6,042,361","407,886","6,450,247","144,362","22,392","12,814","2,532"
Locality: 121 MONTGOMERY COUNTY,0303,303 - PRECINCT C-3,"1,293",45,"1,338",5,1,,29,"62,744","5,240","67,984",498,51,29,133,"6,042,361","407,886","6,450,247","144,362","22,392","12,814","2,532"
Locality: 121 MONTGOMERY COUNTY,0304,304 - PRECINCT C-4,"2,590",219,"2,809",14,1,,29,"62,744","5,240","67,984",498,51,29,133,"6,042,361","407,886","6,450,247","144,362","22,392","12,814","2,532"
Locality: 121 MONTGOMERY COUNTY,0305,305 - PRECINCT C-5,"1,618",117,"1,735",16,1,,29,"62,744","5,240","67,984",498,51,29,133,"6,042,361","407,886","6,450,247","144,362","22,392","12,814","2,532"
Locality: 121 MONTGOMERY COUNTY,0401,401 - PRECINCT D-1,"3,103",122,"3,225",21,,2,29,"62,744","5,240","67,984",498,51,29,133,"6,042,361","407,886","6,450,247","144,362","22,392","12,814","2,532"
Locality: 121 MONTGOMERY COUNTY,0402,402 - PRECINCT D-2,"3,223",91,"3,314",14,,1,29,"62,744","5,240","67,984",498,51,29,133,"6,042,361","407,886","6,450,247","144,362","22,392","12,814","2,532"
Locality: 121 MONTGOMERY COUNTY,0403,403 - PRECINCT D-3,"3,136",169,"3,305",22,3,,29,"62,744","5,240","67,984",498,51,29,133,"6,042,361","407,886","6,450,247","144,362","22,392","12,814","2,532"
Locality: 121 MONTGOMERY COUNTY,0404,404 - PRECINCT D-4,"1,338",22,"1,360",8,,,29,"62,744","5,240","67,984",498,51,29,133,"6,042,361","407,886","6,450,247","144,362","22,392","12,814","2,532"
Locality: 121 MONTGOMERY COUNTY,0501,501 - PRECINCT E-1,"2,796",237,"3,033",27,4,,29,"62,744","5,240","67,984",498,51,29,133,"6,042,361","407,886","6,450,247","144,362","22,392","12,814","2,532"
Locality: 121 MONTGOMERY COUNTY,0502,502 - PRECINCT E-2,"1,976",59,"2,035",11,,1,29,"62,744","5,240","67,984",498,51,29,133,"6,042,361","407,886","6,450,247","144,362","22,392","12,814","2,532"
Locality: 121 MONTGOMERY COUNTY,0503,503 - PRECINCT E-3,"1,997",319,"2,316",10,,,29,"62,744","5,240","67,984",498,51,29,133,"6,042,361","407,886","6,450,247","144,362","22,392","12,814","2,532"
Locality: 121 MONTGOMERY COUNTY,0504,504 - PRECINCT E-4,623,72,695,6,1,,29,"62,744","5,240","67,984",498,51,29,133,"6,042,361","407,886","6,450,247","144,362","22,392","12,814","2,532"
Locality: 121 MONTGOMERY COUNTY,0601,601 - PRECINCT F-1,"2,799",249,"3,048",30,5,3,29,"62,744","5,240","67,984",498,51,29,133,"6,042,361","407,886","6,450,247","144,362","22,392","12,814","2,532"
Locality: 121 MONTGOMERY COUNTY,0602,602 - PRECINCT F-2,"3,120",376,"3,496",23,8,4,29,"62,744","5,240","67,984",498,51,29,133,"6,042,361","407,886","6,450,247","144,362","22,392","12,814","2,532"
Locality: 121 MONTGOMERY COUNTY,0603,603 - PRECINCT F-3,"1,012",307,"1,319",15,,,29,"62,744","5,240","67,984",498,51,29,133,"6,042,361","407,886","6,450,247","144,362","22,392","12,814","2,532"
Locality: 121 MONTGOMERY COUNTY,0701,701 - PRECINCT G-1,"3,220",429,"3,649",30,3,,29,"62,744","5,240","67,984",498,51,29,133,"6,042,361","407,886","6,450,247","144,362","22,392","12,814","2,532"
Locality: 121 MONTGOMERY COUNTY,0702,702 - PRECINCT G-2,"2,539",254,"2,793",23,1,2,29,"62,744","5,240","67,984",498,51,29,133,"6,042,361","407,886","6,450,247","144,362","22,392","12,814","2,532"
Locality: 121 MONTGOMERY COUNTY,0703,703 - PRECINCT G-3 ,"2,063",259,"2,322",18,7,4,29,"62,744","5,240","67,984",498,51,29,133,"6,042,361","407,886","6,450,247","144,362","22,392","12,814","2,532"
Locality: 125 NELSON COUNTY,0101,101 - ROCKFISH,"2,223",57,"2,280",16,9,6,9,"11,823",332,"12,155",88,36,25,133,"6,042,361","407,886","6,450,247","144,362","22,392","12,814","2,532"
Locality: 125 NELSON COUNTY,0201,201 - LOVINGSTON,"1,376",50,"1,426",11,4,2,9,"11,823",332,"12,155",88,36,25,133,"6,042,361","407,886","6,450,247","144,362","22,392","12,814","2,532"
Locality: 125 NELSON COUNTY,0202,202 - SCHUYLER,925,27,952,2,1,2,9,"11,823",332,"12,155",88,36,25,133,"6,042,361","407,886","6,450,247","144,362","22,392","12,814","2,532"
Locality: 125 NELSON COUNTY,0301,301 - SHIPMAN,"1,889",42,"1,931",16,,1,9,"11,823",332,"12,155",88,36,25,133,"6,042,361","407,886","6,450,247","144,362","22,392","12,814","2,532"
Locality: 125 NELSON COUNTY,0302,302 - GLADSTONE,327,7,334,2,,,9,"11,823",332,"12,155",88,36,25,133,"6,042,361","407,886","6,450,247","144,362","22,392","12,814","2,532"
Locality: 125 NELSON COUNTY,0401,401 - ROSELAND,"1,907",49,"1,956",9,5,5,9,"11,823",332,"12,155",88,36,25,133,"6,042,361","407,886","6,450,247","144,362","22,392","12,814","2,532"
Locality: 125 NELSON COUNTY,0402,402 - MONTEBELLO,184,7,191,1,,,9,"11,823",332,"12,155",88,36,25,133,"6,042,361","407,886","6,450,247","144,362","22,392","12,814","2,532"
Locality: 125 NELSON COUNTY,0501,501 - FABER,832,16,848,6,4,2,9,"11,823",332,"12,155",88,36,25,133,"6,042,361","407,886","6,450,247","144,362","22,392","12,814","2,532"
Locality: 125 NELSON COUNTY,0502,502 - NELLYSFORD,"2,160",77,"2,237",25,13,7,9,"11,823",332,"12,155",88,36,25,133,"6,042,361","407,886","6,450,247","144,362","22,392","12,814","2,532"
Locality: 127 NEW KENT COUNTY,0102,102 - TUNSTALL,"1,492",42,"1,534",25,1,,10,"21,217",607,"21,824",370,32,3,133,"6,042,361","407,886","6,450,247","144,362","22,392","12,814","2,532"
Locality: 127 NEW KENT COUNTY,0103,103 - SOUTHERN BRANCH,"2,074",65,"2,139",25,4,,10,"21,217",607,"21,824",370,32,3,133,"6,042,361","407,886","6,450,247","144,362","22,392","12,814","2,532"
Locality: 127 NEW KENT COUNTY,0201,201 - QUINTON,"2,404",83,"2,487",34,4,1,10,"21,217",607,"21,824",370,32,3,133,"6,042,361","407,886","6,450,247","144,362","22,392","12,814","2,532"
Locality: 127 NEW KENT COUNTY,0202,202 - KENTWOOD,"1,407",29,"1,436",18,2,,10,"21,217",607,"21,824",370,32,3,133,"6,042,361","407,886","6,450,247","144,362","22,392","12,814","2,532"
Locality: 127 NEW KENT COUNTY,0301,301 - WATKINS,"3,830",101,"3,931",83,2,,10,"21,217",607,"21,824",370,32,3,133,"6,042,361","407,886","6,450,247","144,362","22,392","12,814","2,532"
Locality: 127 NEW KENT COUNTY,0302,302 - CUMBERLAND,"1,689",56,"1,745",25,1,,10,"21,217",607,"21,824",370,32,3,133,"6,042,361","407,886","6,450,247","144,362","22,392","12,814","2,532"
Locality: 127 NEW KENT COUNTY,0401,401 - PROVIDENCE FORGE,"3,348",91,"3,439",82,10,2,10,"21,217",607,"21,824",370,32,3,133,"6,042,361","407,886","6,450,247","144,362","22,392","12,814","2,532"
Locality: 127 NEW KENT COUNTY,0403,403 - MOUNTCASTLE,"1,148",27,"1,175",8,1,,10,"21,217",607,"21,824",370,32,3,133,"6,042,361","407,886","6,450,247","144,362","22,392","12,814","2,532"
Locality: 127 NEW KENT COUNTY,0501,501 - ELTHAM,"1,611",62,"1,673",32,2,,10,"21,217",607,"21,824",370,32,3,133,"6,042,361","407,886","6,450,247","144,362","22,392","12,814","2,532"
Locality: 127 NEW KENT COUNTY,0502,502 - CHICKAHOMINY RIVER,"2,214",51,"2,265",38,5,,10,"21,217",607,"21,824",370,32,3,133,"6,042,361","407,886","6,450,247","144,362","22,392","12,814","2,532"
Locality: 131 NORTHAMPTON COUNTY,0101,101 - PRECINCT 1-1,"2,372",86,"2,458",29,12,3,5,"9,761",314,"10,075",113,26,10,133,"6,042,361","407,886","6,450,247","144,362","22,392","12,814","2,532"
Locality: 131 NORTHAMPTON COUNTY,0201,201 - PRECINCT 2-1,"1,906",56,"1,962",27,6,,5,"9,761",314,"10,075",113,26,10,133,"6,042,361","407,886","6,450,247","144,362","22,392","12,814","2,532"
Locality: 131 NORTHAMPTON COUNTY,0301,301 - PRECINCT 3-1,"1,774",53,"1,827",22,2,1,5,"9,761",314,"10,075",113,26,10,133,"6,042,361","407,886","6,450,247","144,362","22,392","12,814","2,532"
Locality: 131 NORTHAMPTON COUNTY,0401,401 - PRECINCT 4-1,"1,935",56,"1,991",14,4,3,5,"9,761",314,"10,075",113,26,10,133,"6,042,361","407,886","6,450,247","144,362","22,392","12,814","2,532"
Locality: 131 NORTHAMPTON COUNTY,0501,501 - PRECINCT 5-1,"1,774",63,"1,837",21,2,3,5,"9,761",314,"10,075",113,26,10,133,"6,042,361","407,886","6,450,247","144,362","22,392","12,814","2,532"
Locality: 133 NORTHUMBERLAND COUNTY,0101,101 - 1A,"1,848",77,"1,925",11,8,6,5,"10,382",477,"10,859",103,23,19,133,"6,042,361","407,886","6,450,247","144,362","22,392","12,814","2,532"
Locality: 133 NORTHUMBERLAND COUNTY,0201,201 - 2A,"2,010",87,"2,097",17,4,3,5,"10,382",477,"10,859",103,23,19,133,"6,042,361","407,886","6,450,247","144,362","22,392","12,814","2,532"
Locality: 133 NORTHUMBERLAND COUNTY,0301,301 - 3A,"1,905",107,"2,012",15,1,2,5,"10,382",477,"10,859",103,23,19,133,"6,042,361","407,886","6,450,247","144,362","22,392","12,814","2,532"
Locality: 133 NORTHUMBERLAND COUNTY,0401,401 - 4A,"2,247",107,"2,354",33,7,4,5,"10,382",477,"10,859",103,23,19,133,"6,042,361","407,886","6,450,247","144,362","22,392","12,814","2,532"
Locality: 133 NORTHUMBERLAND COUNTY,0501,501 - 5A,"2,372",99,"2,471",27,3,4,5,"10,382",477,"10,859",103,23,19,133,"6,042,361","407,886","6,450,247","144,362","22,392","12,814","2,532"
Locality: 135 NOTTOWAY COUNTY,0101,101 - PRECINCT 1-1,"1,579",62,"1,641",17,,,7,"9,568",532,"10,100",171,5,5,133,"6,042,361","407,886","6,450,247","144,362","22,392","12,814","2,532"
Locality: 135 NOTTOWAY COUNTY,0201,201 - PRECINCT 2-1,"2,101",106,"2,207",43,1,,7,"9,568",532,"10,100",171,5,5,133,"6,042,361","407,886","6,450,247","144,362","22,392","12,814","2,532"
Locality: 135 NOTTOWAY COUNTY,0301,301 - PRECINCT 3-1,"1,507",83,"1,590",29,1,2,7,"9,568",532,"10,100",171,5,5,133,"6,042,361","407,886","6,450,247","144,362","22,392","12,814","2,532"
Locality: 135 NOTTOWAY COUNTY,0302,302 - PRECINCT 3-2,395,12,407,3,,,7,"9,568",532,"10,100",171,5,5,133,"6,042,361","407,886","6,450,247","144,362","22,392","12,814","2,532"
Locality: 135 NOTTOWAY COUNTY,0401,401 - PRECINCT 4-1,"1,250",90,"1,340",16,1,,7,"9,568",532,"10,100",171,5,5,133,"6,042,361","407,886","6,450,247","144,362","22,392","12,814","2,532"
Locality: 135 NOTTOWAY COUNTY,0402,402 - PRECINCT 4-2,792,42,834,13,,,7,"9,568",532,"10,100",171,5,5,133,"6,042,361","407,886","6,450,247","144,362","22,392","12,814","2,532"
Locality: 135 NOTTOWAY COUNTY,0501,501 - PRECINCT 5-1,"1,944",137,"2,081",50,2,3,7,"9,568",532,"10,100",171,5,5,133,"6,042,361","407,886","6,450,247","144,362","22,392","12,814","2,532"
Locality: 137 ORANGE COUNTY,0101,101 - ONE WEST,"2,608",90,"2,698",19,4,,12,"29,778","1,220","30,998",455,44,40,133,"6,042,361","407,886","6,450,247","144,362","22,392","12,814","2,532"
Locality: 137 ORANGE COUNTY,0102,102 - ONE EAST,"2,007",58,"2,065",19,2,7,12,"29,778","1,220","30,998",455,44,40,133,"6,042,361","407,886","6,450,247","144,362","22,392","12,814","2,532"
Locality: 137 ORANGE COUNTY,0103,103 - ONE TOWN,"1,094",47,"1,141",12,,1,12,"29,778","1,220","30,998",455,44,40,133,"6,042,361","407,886","6,450,247","144,362","22,392","12,814","2,532"
Locality: 137 ORANGE COUNTY,0201,201 - TWO WEST,"2,713",94,"2,807",30,2,2,12,"29,778","1,220","30,998",455,44,40,133,"6,042,361","407,886","6,450,247","144,362","22,392","12,814","2,532"
Locality: 137 ORANGE COUNTY,0202,202 - TWO EAST,"3,204",131,"3,335",51,4,1,12,"29,778","1,220","30,998",455,44,40,133,"6,042,361","407,886","6,450,247","144,362","22,392","12,814","2,532"
Locality: 137 ORANGE COUNTY,0301,301 - THREE WEST,597,19,616,1,,,12,"29,778","1,220","30,998",455,44,40,133,"6,042,361","407,886","6,450,247","144,362","22,392","12,814","2,532"
Locality: 137 ORANGE COUNTY,0302,302 - THREE EAST,"1,584",52,"1,636",14,1,2,12,"29,778","1,220","30,998",455,44,40,133,"6,042,361","407,886","6,450,247","144,362","22,392","12,814","2,532"
Locality: 137 ORANGE COUNTY,0303,303 - THREE TOWN,"3,128",166,"3,294",45,6,4,12,"29,778","1,220","30,998",455,44,40,133,"6,042,361","407,886","6,450,247","144,362","22,392","12,814","2,532"
Locality: 137 ORANGE COUNTY,0401,401 - FOUR WEST,"3,253",130,"3,383",61,3,2,12,"29,778","1,220","30,998",455,44,40,133,"6,042,361","407,886","6,450,247","144,362","22,392","12,814","2,532"
Locality: 137 ORANGE COUNTY,0402,402 - FOUR EAST,"3,239",160,"3,399",94,2,2,12,"29,778","1,220","30,998",455,44,40,133,"6,042,361","407,886","6,450,247","144,362","22,392","12,814","2,532"
Locality: 137 ORANGE COUNTY,0501,501 - FIVE SOUTH,"2,868",142,"3,010",47,7,9,12,"29,778","1,220","30,998",455,44,40,133,"6,042,361","407,886","6,450,247","144,362","22,392","12,814","2,532"
Locality: 137 ORANGE COUNTY,0502,502 - FIVE NORTH,"3,483",131,"3,614",62,13,10,12,"29,778","1,220","30,998",455,44,40,133,"6,042,361","407,886","6,450,247","144,362","22,392","12,814","2,532"
Locality: 139 PAGE COUNTY,0101,101 - WEST LURAY,"3,628",138,"3,766",23,5,,5,"17,608",568,"18,176",138,27,11,133,"6,042,361","407,886","6,450,247","144,362","22,392","12,814","2,532"
Locality: 139 PAGE COUNTY,0201,201 - EAST LURAY,"3,568",110,"3,678",36,8,,5,"17,608",568,"18,176",138,27,11,133,"6,042,361","407,886","6,450,247","144,362","22,392","12,814","2,532"
Locality: 139 PAGE COUNTY,0301,301 - MARKSVILLE,"3,837",128,"3,965",34,9,7,5,"17,608",568,"18,176",138,27,11,133,"6,042,361","407,886","6,450,247","144,362","22,392","12,814","2,532"
Locality: 139 PAGE COUNTY,0401,401 - NEWPORT,"3,152",97,"3,249",22,2,1,5,"17,608",568,"18,176",138,27,11,133,"6,042,361","407,886","6,450,247","144,362","22,392","12,814","2,532"
Locality: 139 PAGE COUNTY,0501,501 - SHENANDOAH,"3,423",95,"3,518",23,3,3,5,"17,608",568,"18,176",138,27,11,133,"6,042,361","407,886","6,450,247","144,362","22,392","12,814","2,532"
Locality: 141 PATRICK COUNTY,0101,101 - ARARAT,921,37,958,8,1,,13,"13,027",493,"13,520",111,15,,133,"6,042,361","407,886","6,450,247","144,362","22,392","12,814","2,532"
Locality: 141 PATRICK COUNTY,0102,102 - CLAUDVILLE,811,33,844,7,1,,13,"13,027",493,"13,520",111,15,,133,"6,042,361","407,886","6,450,247","144,362","22,392","12,814","2,532"
Locality: 141 PATRICK COUNTY,0103,103 - WILLIS GAP,948,46,994,6,1,,13,"13,027",493,"13,520",111,15,,133,"6,042,361","407,886","6,450,247","144,362","22,392","12,814","2,532"
Locality: 141 PATRICK COUNTY,0201,201 - DRY POND,623,14,637,2,1,,13,"13,027",493,"13,520",111,15,,133,"6,042,361","407,886","6,450,247","144,362","22,392","12,814","2,532"
Locality: 141 PATRICK COUNTY,0202,202 - PATRICK SPRINGS,"1,067",32,"1,099",10,,,13,"13,027",493,"13,520",111,15,,133,"6,042,361","407,886","6,450,247","144,362","22,392","12,814","2,532"
Locality: 141 PATRICK COUNTY,0203,203 - RUSSELL CREEK,944,57,"1,001",5,1,,13,"13,027",493,"13,520",111,15,,133,"6,042,361","407,886","6,450,247","144,362","22,392","12,814","2,532"
Locality: 141 PATRICK COUNTY,0301,301 - CRITZ/STELLA,"1,727",57,"1,784",23,,,13,"13,027",493,"13,520",111,15,,133,"6,042,361","407,886","6,450,247","144,362","22,392","12,814","2,532"
Locality: 141 PATRICK COUNTY,0302,302 - LIBERTY,944,27,971,11,,,13,"13,027",493,"13,520",111,15,,133,"6,042,361","407,886","6,450,247","144,362","22,392","12,814","2,532"
Locality: 141 PATRICK COUNTY,0401,401 - MEADOWS OF DAN,"1,057",41,"1,098",11,6,,13,"13,027",493,"13,520",111,15,,133,"6,042,361","407,886","6,450,247","144,362","22,392","12,814","2,532"
Locality: 141 PATRICK COUNTY,0402,402 - STUART FAIRGROUNDS,801,41,842,10,1,,13,"13,027",493,"13,520",111,15,,133,"6,042,361","407,886","6,450,247","144,362","22,392","12,814","2,532"
Locality: 141 PATRICK COUNTY,0403,403 - STUART COMMUNITY,605,22,627,4,,,13,"13,027",493,"13,520",111,15,,133,"6,042,361","407,886","6,450,247","144,362","22,392","12,814","2,532"
Locality: 141 PATRICK COUNTY,0502,502 - ELAMSVILLE,"1,302",45,"1,347",4,1,,13,"13,027",493,"13,520",111,15,,133,"6,042,361","407,886","6,450,247","144,362","22,392","12,814","2,532"
Locality: 141 PATRICK COUNTY,0503,503 - WOOLWINE,"1,277",41,"1,318",10,2,,13,"13,027",493,"13,520",111,15,,133,"6,042,361","407,886","6,450,247","144,362","22,392","12,814","2,532"
Locality: 143 PITTSYLVANIA COUNTY,0103,103 - TWIN SPRINGS,"3,354",113,"3,467",26,6,3,29,"44,791","1,650","46,441",430,34,24,133,"6,042,361","407,886","6,450,247","144,362","22,392","12,814","2,532"
Locality: 143 PITTSYLVANIA COUNTY,0105,105 - CHATHAM,"1,040",46,"1,086",6,5,2,29,"44,791","1,650","46,441",430,34,24,133,"6,042,361","407,886","6,450,247","144,362","22,392","12,814","2,532"
Locality: 143 PITTSYLVANIA COUNTY,0106,106 - TUNSTALL,"1,559",72,"1,631",15,,,29,"44,791","1,650","46,441",430,34,24,133,"6,042,361","407,886","6,450,247","144,362","22,392","12,814","2,532"
Locality: 143 PITTSYLVANIA COUNTY,0108,108 - WEST BLAIRS,889,28,917,8,,,29,"44,791","1,650","46,441",430,34,24,133,"6,042,361","407,886","6,450,247","144,362","22,392","12,814","2,532"
Locality: 143 PITTSYLVANIA COUNTY,0201,201 - CALLANDS,"1,307",30,"1,337",7,,,29,"44,791","1,650","46,441",430,34,24,133,"6,042,361","407,886","6,450,247","144,362","22,392","12,814","2,532"
Locality: 143 PITTSYLVANIA COUNTY,0202,202- BEARSKIN,830,26,856,7,,,29,"44,791","1,650","46,441",430,34,24,133,"6,042,361","407,886","6,450,247","144,362","22,392","12,814","2,532"
Locality: 143 PITTSYLVANIA COUNTY,0204,204 - SANDY LEVEL,988,33,"1,021",13,2,,29,"44,791","1,650","46,441",430,34,24,133,"6,042,361","407,886","6,450,247","144,362","22,392","12,814","2,532"
Locality: 143 PITTSYLVANIA COUNTY,0206,206 - CLIMAX,966,30,996,7,2,,29,"44,791","1,650","46,441",430,34,24,133,"6,042,361","407,886","6,450,247","144,362","22,392","12,814","2,532"
Locality: 143 PITTSYLVANIA COUNTY,0207,207 - GRETNA,"2,106",98,"2,204",22,2,,29,"44,791","1,650","46,441",430,34,24,133,"6,042,361","407,886","6,450,247","144,362","22,392","12,814","2,532"
Locality: 143 PITTSYLVANIA COUNTY,0301,301 - CENTRAL,"1,467",60,"1,527",16,1,,29,"44,791","1,650","46,441",430,34,24,133,"6,042,361","407,886","6,450,247","144,362","22,392","12,814","2,532"
Locality: 143 PITTSYLVANIA COUNTY,0305,305 - RICEVILLE,"1,080",36,"1,116",11,,,29,"44,791","1,650","46,441",430,34,24,133,"6,042,361","407,886","6,450,247","144,362","22,392","12,814","2,532"
Locality: 143 PITTSYLVANIA COUNTY,0307,307 - EAST BLAIRS,"1,801",98,"1,899",22,1,1,29,"44,791","1,650","46,441",430,34,24,133,"6,042,361","407,886","6,450,247","144,362","22,392","12,814","2,532"
Locality: 143 PITTSYLVANIA COUNTY,0308,308 - MT AIRY,945,26,971,8,3,,29,"44,791","1,650","46,441",430,34,24,133,"6,042,361","407,886","6,450,247","144,362","22,392","12,814","2,532"
Locality: 143 PITTSYLVANIA COUNTY,0309,309 - EAST GRETNA,768,33,801,8,,,29,"44,791","1,650","46,441",430,34,24,133,"6,042,361","407,886","6,450,247","144,362","22,392","12,814","2,532"
Locality: 143 PITTSYLVANIA COUNTY,0402,402 - KEELING,"1,414",41,"1,455",11,1,3,29,"44,791","1,650","46,441",430,34,24,133,"6,042,361","407,886","6,450,247","144,362","22,392","12,814","2,532"
Locality: 143 PITTSYLVANIA COUNTY,0404,404 - KENTUCK,"2,492",70,"2,562",27,2,,29,"44,791","1,650","46,441",430,34,24,133,"6,042,361","407,886","6,450,247","144,362","22,392","12,814","2,532"
Locality: 143 PITTSYLVANIA COUNTY,0405,405 - RINGGOLD,"2,803",82,"2,885",23,,6,29,"44,791","1,650","46,441",430,34,24,133,"6,042,361","407,886","6,450,247","144,362","22,392","12,814","2,532"
Locality: 143 PITTSYLVANIA COUNTY,0501,501 - HURT,"2,417",75,"2,492",32,,,29,"44,791","1,650","46,441",430,34,24,133,"6,042,361","407,886","6,450,247","144,362","22,392","12,814","2,532"
Locality: 143 PITTSYLVANIA COUNTY,0502,502 - MOTLEY SYCAMORE,"2,897",109,"3,006",20,3,,29,"44,791","1,650","46,441",430,34,24,133,"6,042,361","407,886","6,450,247","144,362","22,392","12,814","2,532"
Locality: 143 PITTSYLVANIA COUNTY,0503,503 - RENAN,"1,013",38,"1,051",11,,,29,"44,791","1,650","46,441",430,34,24,133,"6,042,361","407,886","6,450,247","144,362","22,392","12,814","2,532"
Locality: 143 PITTSYLVANIA COUNTY,0603,603 - STONY MILL,"1,825",48,"1,873",21,1,2,29,"44,791","1,650","46,441",430,34,24,133,"6,042,361","407,886","6,450,247","144,362","22,392","12,814","2,532"
Locality: 143 PITTSYLVANIA COUNTY,0604,604 - SWANSONVILLE,"1,039",42,"1,081",8,,,29,"44,791","1,650","46,441",430,34,24,133,"6,042,361","407,886","6,450,247","144,362","22,392","12,814","2,532"
Locality: 143 PITTSYLVANIA COUNTY,0605,605 - WHITMELL,"1,378",49,"1,427",14,1,,29,"44,791","1,650","46,441",430,34,24,133,"6,042,361","407,886","6,450,247","144,362","22,392","12,814","2,532"
Locality: 143 PITTSYLVANIA COUNTY,0606,606 - BROSVILLE,"1,457",73,"1,530",18,,4,29,"44,791","1,650","46,441",430,34,24,133,"6,042,361","407,886","6,450,247","144,362","22,392","12,814","2,532"
Locality: 143 PITTSYLVANIA COUNTY,0607,607 - DRY FORK,592,14,606,3,,,29,"44,791","1,650","46,441",430,34,24,133,"6,042,361","407,886","6,450,247","144,362","22,392","12,814","2,532"
Locality: 143 PITTSYLVANIA COUNTY,0702,702 - BACHELORS HALL,"1,749",82,"1,831",23,1,1,29,"44,791","1,650","46,441",430,34,24,133,"6,042,361","407,886","6,450,247","144,362","22,392","12,814","2,532"
Locality: 143 PITTSYLVANIA COUNTY,0703,703 - FERRY ROAD,414,35,449,4,,,29,"44,791","1,650","46,441",430,34,24,133,"6,042,361","407,886","6,450,247","144,362","22,392","12,814","2,532"
Locality: 143 PITTSYLVANIA COUNTY,0704,704 - MT HERMON,"2,836",93,"2,929",26,,2,29,"44,791","1,650","46,441",430,34,24,133,"6,042,361","407,886","6,450,247","144,362","22,392","12,814","2,532"
Locality: 143 PITTSYLVANIA COUNTY,0705,705 - MT CROSS,"1,365",70,"1,435",13,3,,29,"44,791","1,650","46,441",430,34,24,133,"6,042,361","407,886","6,450,247","144,362","22,392","12,814","2,532"
Locality: 145 POWHATAN COUNTY,0101,101 - SUBLETTS,"2,400",58,"2,458",36,4,1,12,"24,970",663,"25,633",321,63,4,133,"6,042,361","407,886","6,450,247","144,362","22,392","12,814","2,532"
Locality: 145 POWHATAN COUNTY,0102,102 - MANAKIN,"1,999",63,"2,062",20,3,,12,"24,970",663,"25,633",321,63,4,133,"6,042,361","407,886","6,450,247","144,362","22,392","12,814","2,532"
Locality: 145 POWHATAN COUNTY,0103,103 - FLAT ROCK,996,31,"1,027",7,1,,12,"24,970",663,"25,633",321,63,4,133,"6,042,361","407,886","6,450,247","144,362","22,392","12,814","2,532"
Locality: 145 POWHATAN COUNTY,0201,201 - POWHATAN STATION,"2,001",49,"2,050",23,5,,12,"24,970",663,"25,633",321,63,4,133,"6,042,361","407,886","6,450,247","144,362","22,392","12,814","2,532"
Locality: 145 POWHATAN COUNTY,0202,202 - GRACELAND,"2,662",67,"2,729",27,10,1,12,"24,970",663,"25,633",321,63,4,133,"6,042,361","407,886","6,450,247","144,362","22,392","12,814","2,532"
Locality: 145 POWHATAN COUNTY,0301,301 - BETHESDA,"2,769",83,"2,852",29,7,,12,"24,970",663,"25,633",321,63,4,133,"6,042,361","407,886","6,450,247","144,362","22,392","12,814","2,532"
Locality: 145 POWHATAN COUNTY,0302,302 - LEE'S LANDING,"2,497",64,"2,561",34,10,1,12,"24,970",663,"25,633",321,63,4,133,"6,042,361","407,886","6,450,247","144,362","22,392","12,814","2,532"
Locality: 145 POWHATAN COUNTY,0401,401 - POWHATAN COURTHOUSE,"3,594",90,"3,684",41,12,,12,"24,970",663,"25,633",321,63,4,133,"6,042,361","407,886","6,450,247","144,362","22,392","12,814","2,532"
Locality: 145 POWHATAN COUNTY,0402,402 - MT ZION ,"1,487",50,"1,537",20,1,1,12,"24,970",663,"25,633",321,63,4,133,"6,042,361","407,886","6,450,247","144,362","22,392","12,814","2,532"
Locality: 145 POWHATAN COUNTY,0501,501 - SMITH CROSS ROADS,"2,231",51,"2,282",31,8,,12,"24,970",663,"25,633",321,63,4,133,"6,042,361","407,886","6,450,247","144,362","22,392","12,814","2,532"
Locality: 145 POWHATAN COUNTY,0502,502 - PINEVILLE,"1,163",23,"1,186",20,1,,12,"24,970",663,"25,633",321,63,4,133,"6,042,361","407,886","6,450,247","144,362","22,392","12,814","2,532"
Locality: 145 POWHATAN COUNTY,0503,503 - TOBACCOVILLE,"1,171",34,"1,205",33,1,,12,"24,970",663,"25,633",321,63,4,133,"6,042,361","407,886","6,450,247","144,362","22,392","12,814","2,532"
Locality: 147 PRINCE EDWARD COUNTY,0101,101 - FARMVILLE,"1,922",95,"2,017",20,2,1,10,"13,535",751,"14,286",128,18,4,133,"6,042,361","407,886","6,450,247","144,362","22,392","12,814","2,532"
Locality: 147 PRINCE EDWARD COUNTY,0201,201 - LOCKETT,"2,065",98,"2,163",17,2,,10,"13,535",751,"14,286",128,18,4,133,"6,042,361","407,886","6,450,247","144,362","22,392","12,814","2,532"
Locality: 147 PRINCE EDWARD COUNTY,0301,301 - LEIGH,"1,491",52,"1,543",15,1,,10,"13,535",751,"14,286",128,18,4,133,"6,042,361","407,886","6,450,247","144,362","22,392","12,814","2,532"
Locality: 147 PRINCE EDWARD COUNTY,0302,302 - MT PLEASANT,754,22,776,9,,,10,"13,535",751,"14,286",128,18,4,133,"6,042,361","407,886","6,450,247","144,362","22,392","12,814","2,532"
Locality: 147 PRINCE EDWARD COUNTY,0401,401 - HAMPDEN,"1,426",113,"1,539",14,4,2,10,"13,535",751,"14,286",128,18,4,133,"6,042,361","407,886","6,450,247","144,362","22,392","12,814","2,532"
Locality: 147 PRINCE EDWARD COUNTY,0501,501 - DARLINGTON HTS,964,41,"1,005",10,1,,10,"13,535",751,"14,286",128,18,4,133,"6,042,361","407,886","6,450,247","144,362","22,392","12,814","2,532"
Locality: 147 PRINCE EDWARD COUNTY,0502,502 - BUFFALO HTS,700,44,744,9,1,,10,"13,535",751,"14,286",128,18,4,133,"6,042,361","407,886","6,450,247","144,362","22,392","12,814","2,532"
Locality: 147 PRINCE EDWARD COUNTY,0601,601 - PROSPECT,"2,079",101,"2,180",17,2,,10,"13,535",751,"14,286",128,18,4,133,"6,042,361","407,886","6,450,247","144,362","22,392","12,814","2,532"
Locality: 147 PRINCE EDWARD COUNTY,0701,701 - WEST END,"1,300",92,"1,392",9,4,1,10,"13,535",751,"14,286",128,18,4,133,"6,042,361","407,886","6,450,247","144,362","22,392","12,814","2,532"
Locality: 147 PRINCE EDWARD COUNTY,0801,801 - CENTER,834,93,927,8,1,,10,"13,535",751,"14,286",128,18,4,133,"6,042,361","407,886","6,450,247","144,362","22,392","12,814","2,532"
Locality: 149 PRINCE GEORGE COUNTY,0101,101 - RICHARD BLAND,"1,385",52,"1,437",32,,2,10,"24,788","1,338","26,126","2,307",40,15,133,"6,042,361","407,886","6,450,247","144,362","22,392","12,814","2,532"
Locality: 149 PRINCE GEORGE COUNTY,0102,102 - TEMPLETON,"3,985",116,"4,101",97,5,2,10,"24,788","1,338","26,126","2,307",40,15,133,"6,042,361","407,886","6,450,247","144,362","22,392","12,814","2,532"
Locality: 149 PRINCE GEORGE COUNTY,0103,103 - UNION BRANCH,"2,400",74,"2,474",68,4,2,10,"24,788","1,338","26,126","2,307",40,15,133,"6,042,361","407,886","6,450,247","144,362","22,392","12,814","2,532"
Locality: 149 PRINCE GEORGE COUNTY,0104,104 - RIVES,"2,189",284,"2,473",783,3,2,10,"24,788","1,338","26,126","2,307",40,15,133,"6,042,361","407,886","6,450,247","144,362","22,392","12,814","2,532"
Locality: 149 PRINCE GEORGE COUNTY,0105,105 - HARRISON,991,16,"1,007",14,,,10,"24,788","1,338","26,126","2,307",40,15,133,"6,042,361","407,886","6,450,247","144,362","22,392","12,814","2,532"
Locality: 149 PRINCE GEORGE COUNTY,0201,201 - BLAND,"4,073",169,"4,242",158,7,2,10,"24,788","1,338","26,126","2,307",40,15,133,"6,042,361","407,886","6,450,247","144,362","22,392","12,814","2,532"
Locality: 149 PRINCE GEORGE COUNTY,0202,202 - BLACKWATER,"2,711",112,"2,823",57,1,,10,"24,788","1,338","26,126","2,307",40,15,133,"6,042,361","407,886","6,450,247","144,362","22,392","12,814","2,532"
Locality: 149 PRINCE GEORGE COUNTY,0203,203 - BRANDON,945,30,975,28,2,,10,"24,788","1,338","26,126","2,307",40,15,133,"6,042,361","407,886","6,450,247","144,362","22,392","12,814","2,532"
Locality: 149 PRINCE GEORGE COUNTY,0204,204 - COURTS,"3,005",119,"3,124",213,8,2,10,"24,788","1,338","26,126","2,307",40,15,133,"6,042,361","407,886","6,450,247","144,362","22,392","12,814","2,532"
Locality: 149 PRINCE GEORGE COUNTY,0205,205 - JEFFERSON PARK,"3,104",366,"3,470",857,10,3,10,"24,788","1,338","26,126","2,307",40,15,133,"6,042,361","407,886","6,450,247","144,362","22,392","12,814","2,532"
Locality: 153 PRINCE WILLIAM COUNTY,0101,101 - BRENTSVILLE,"3,159",209,"3,368",69,2,3,103,"301,893","33,068","334,961","8,884","1,411",302,133,"6,042,361","407,886","6,450,247","144,362","22,392","12,814","2,532"
Locality: 153 PRINCE WILLIAM COUNTY,0102,102 - CEDAR POINT,"2,657",214,"2,871",48,7,2,103,"301,893","33,068","334,961","8,884","1,411",302,133,"6,042,361","407,886","6,450,247","144,362","22,392","12,814","2,532"
Locality: 153 PRINCE WILLIAM COUNTY,0103,103 - GLENKIRK,"3,762",232,"3,994",74,20,5,103,"301,893","33,068","334,961","8,884","1,411",302,133,"6,042,361","407,886","6,450,247","144,362","22,392","12,814","2,532"
Locality: 153 PRINCE WILLIAM COUNTY,0104,104 - NOKESVILLE,"4,030",300,"4,330",76,16,3,103,"301,893","33,068","334,961","8,884","1,411",302,133,"6,042,361","407,886","6,450,247","144,362","22,392","12,814","2,532"
Locality: 153 PRINCE WILLIAM COUNTY,0105,105 - PINEY BRANCH,"3,171",252,"3,423",56,20,4,103,"301,893","33,068","334,961","8,884","1,411",302,133,"6,042,361","407,886","6,450,247","144,362","22,392","12,814","2,532"
Locality: 153 PRINCE WILLIAM COUNTY,0106,106 - UNITY REED,"1,371",221,"1,592",16,3,1,103,"301,893","33,068","334,961","8,884","1,411",302,133,"6,042,361","407,886","6,450,247","144,362","22,392","12,814","2,532"
Locality: 153 PRINCE WILLIAM COUNTY,0107,107 - MARSTELLER,"3,600",328,"3,928",63,14,3,103,"301,893","33,068","334,961","8,884","1,411",302,133,"6,042,361","407,886","6,450,247","144,362","22,392","12,814","2,532"
Locality: 153 PRINCE WILLIAM COUNTY,0108,108 - VICTORY,"3,725",362,"4,087",65,13,,103,"301,893","33,068","334,961","8,884","1,411",302,133,"6,042,361","407,886","6,450,247","144,362","22,392","12,814","2,532"
Locality: 153 PRINCE WILLIAM COUNTY,0109,109 - CHRIS YUNG,"3,462",397,"3,859",55,15,2,103,"301,893","33,068","334,961","8,884","1,411",302,133,"6,042,361","407,886","6,450,247","144,362","22,392","12,814","2,532"
Locality: 153 PRINCE WILLIAM COUNTY,0110,110 - BUCKLAND MILLS,"3,683",461,"4,144",54,12,2,103,"301,893","33,068","334,961","8,884","1,411",302,133,"6,042,361","407,886","6,450,247","144,362","22,392","12,814","2,532"
Locality: 153 PRINCE WILLIAM COUNTY,0111,111 - LIMESTONE,"4,121",361,"4,482",77,25,2,103,"301,893","33,068","334,961","8,884","1,411",302,133,"6,042,361","407,886","6,450,247","144,362","22,392","12,814","2,532"
Locality: 153 PRINCE WILLIAM COUNTY,0112,112 - BURKE-NICKENS,"4,518",358,"4,876",86,26,3,103,"301,893","33,068","334,961","8,884","1,411",302,133,"6,042,361","407,886","6,450,247","144,362","22,392","12,814","2,532"
Locality: 153 PRINCE WILLIAM COUNTY,0113,113 - LAKES,"3,147",230,"3,377",50,15,1,103,"301,893","33,068","334,961","8,884","1,411",302,133,"6,042,361","407,886","6,450,247","144,362","22,392","12,814","2,532"
Locality: 153 PRINCE WILLIAM COUNTY,0114,114 - BRISTOW RUN,"3,975",267,"4,242",69,18,3,103,"301,893","33,068","334,961","8,884","1,411",302,133,"6,042,361","407,886","6,450,247","144,362","22,392","12,814","2,532"
Locality: 153 PRINCE WILLIAM COUNTY,0201,201 - HYLTON,"3,133",336,"3,469",77,14,3,103,"301,893","33,068","334,961","8,884","1,411",302,133,"6,042,361","407,886","6,450,247","144,362","22,392","12,814","2,532"
Locality: 153 PRINCE WILLIAM COUNTY,0202,202 - WEST GATE,"2,271",416,"2,687",39,6,1,103,"301,893","33,068","334,961","8,884","1,411",302,133,"6,042,361","407,886","6,450,247","144,362","22,392","12,814","2,532"
Locality: 153 PRINCE WILLIAM COUNTY,0203,203 - BENNETT,"4,032",315,"4,347",86,30,3,103,"301,893","33,068","334,961","8,884","1,411",302,133,"6,042,361","407,886","6,450,247","144,362","22,392","12,814","2,532"
Locality: 153 PRINCE WILLIAM COUNTY,0204,204 - ELLIS,"2,485",313,"2,798",24,4,,103,"301,893","33,068","334,961","8,884","1,411",302,133,"6,042,361","407,886","6,450,247","144,362","22,392","12,814","2,532"
Locality: 153 PRINCE WILLIAM COUNTY,0205,205 - BUCKHALL,"2,369",215,"2,584",54,11,5,103,"301,893","33,068","334,961","8,884","1,411",302,133,"6,042,361","407,886","6,450,247","144,362","22,392","12,814","2,532"
Locality: 153 PRINCE WILLIAM COUNTY,0206,206 - COLES,"3,299",277,"3,576",98,9,,103,"301,893","33,068","334,961","8,884","1,411",302,133,"6,042,361","407,886","6,450,247","144,362","22,392","12,814","2,532"
Locality: 153 PRINCE WILLIAM COUNTY,0207,207 - SPRIGGS,"3,009",207,"3,216",162,25,4,103,"301,893","33,068","334,961","8,884","1,411",302,133,"6,042,361","407,886","6,450,247","144,362","22,392","12,814","2,532"
Locality: 153 PRINCE WILLIAM COUNTY,0208,208 - COLGAN,"1,842",129,"1,971",48,11,4,103,"301,893","33,068","334,961","8,884","1,411",302,133,"6,042,361","407,886","6,450,247","144,362","22,392","12,814","2,532"
Locality: 153 PRINCE WILLIAM COUNTY,0209,209 - INDEPENDENT HILL,"2,599",196,"2,795",55,13,6,103,"301,893","33,068","334,961","8,884","1,411",302,133,"6,042,361","407,886","6,450,247","144,362","22,392","12,814","2,532"
Locality: 153 PRINCE WILLIAM COUNTY,0210,210 - YATES FORD,"3,306",278,"3,584",77,15,4,103,"301,893","33,068","334,961","8,884","1,411",302,133,"6,042,361","407,886","6,450,247","144,362","22,392","12,814","2,532"
Locality: 153 PRINCE WILLIAM COUNTY,0211,211 - SIGNAL HILL,"2,060",217,"2,277",25,6,,103,"301,893","33,068","334,961","8,884","1,411",302,133,"6,042,361","407,886","6,450,247","144,362","22,392","12,814","2,532"
Locality: 153 PRINCE WILLIAM COUNTY,0212,212 - YORKSHIRE,"3,036",397,"3,433",36,10,4,103,"301,893","33,068","334,961","8,884","1,411",302,133,"6,042,361","407,886","6,450,247","144,362","22,392","12,814","2,532"
Locality: 153 PRINCE WILLIAM COUNTY,0213,213 - PARKSIDE,"2,462",299,"2,761",45,8,,103,"301,893","33,068","334,961","8,884","1,411",302,133,"6,042,361","407,886","6,450,247","144,362","22,392","12,814","2,532"
Locality: 153 PRINCE WILLIAM COUNTY,0214,214 - LUCASVILLE,"3,158",263,"3,421",49,10,2,103,"301,893","33,068","334,961","8,884","1,411",302,133,"6,042,361","407,886","6,450,247","144,362","22,392","12,814","2,532"
Locality: 153 PRINCE WILLIAM COUNTY,0215,215 - SAUNDERS,"2,831",274,"3,105",74,11,,103,"301,893","33,068","334,961","8,884","1,411",302,133,"6,042,361","407,886","6,450,247","144,362","22,392","12,814","2,532"
Locality: 153 PRINCE WILLIAM COUNTY,0301,301 - DUMFRIES,"3,054",441,"3,495",68,4,3,103,"301,893","33,068","334,961","8,884","1,411",302,133,"6,042,361","407,886","6,450,247","144,362","22,392","12,814","2,532"
Locality: 153 PRINCE WILLIAM COUNTY,0302,302 - POTOMAC,"3,263",399,"3,662",112,15,2,103,"301,893","33,068","334,961","8,884","1,411",302,133,"6,042,361","407,886","6,450,247","144,362","22,392","12,814","2,532"
Locality: 153 PRINCE WILLIAM COUNTY,0303,303 - GRAHAM PARK,"2,247",375,"2,622",85,6,3,103,"301,893","33,068","334,961","8,884","1,411",302,133,"6,042,361","407,886","6,450,247","144,362","22,392","12,814","2,532"
Locality: 153 PRINCE WILLIAM COUNTY,0304,304 - QUANTICO,"1,203",471,"1,674",930,11,8,103,"301,893","33,068","334,961","8,884","1,411",302,133,"6,042,361","407,886","6,450,247","144,362","22,392","12,814","2,532"
Locality: 153 PRINCE WILLIAM COUNTY,0305,305 - FOREST PARK,"3,012",300,"3,312",143,25,3,103,"301,893","33,068","334,961","8,884","1,411",302,133,"6,042,361","407,886","6,450,247","144,362","22,392","12,814","2,532"
Locality: 153 PRINCE WILLIAM COUNTY,0306,306 - FOUR SEASONS,"2,920",300,"3,220",105,16,7,103,"301,893","33,068","334,961","8,884","1,411",302,133,"6,042,361","407,886","6,450,247","144,362","22,392","12,814","2,532"
Locality: 153 PRINCE WILLIAM COUNTY,0307,307 - HENDERSON,"2,529",265,"2,794",115,15,3,103,"301,893","33,068","334,961","8,884","1,411",302,133,"6,042,361","407,886","6,450,247","144,362","22,392","12,814","2,532"
Locality: 153 PRINCE WILLIAM COUNTY,0308,308 - MONTCLAIR,"1,769",196,"1,965",58,8,2,103,"301,893","33,068","334,961","8,884","1,411",302,133,"6,042,361","407,886","6,450,247","144,362","22,392","12,814","2,532"
Locality: 153 PRINCE WILLIAM COUNTY,0309,309 - ASHLAND ,"2,286",190,"2,476",97,13,3,103,"301,893","33,068","334,961","8,884","1,411",302,133,"6,042,361","407,886","6,450,247","144,362","22,392","12,814","2,532"
Locality: 153 PRINCE WILLIAM COUNTY,0310,310 - PW FOREST PARK,"2,756",300,"3,056",106,11,6,103,"301,893","33,068","334,961","8,884","1,411",302,133,"6,042,361","407,886","6,450,247","144,362","22,392","12,814","2,532"
Locality: 153 PRINCE WILLIAM COUNTY,0311,311 - SWANS CREEK,"2,906",296,"3,202",103,14,1,103,"301,893","33,068","334,961","8,884","1,411",302,133,"6,042,361","407,886","6,450,247","144,362","22,392","12,814","2,532"
Locality: 153 PRINCE WILLIAM COUNTY,0312,312 - TRIANGLE ,"3,410",421,"3,831",152,12,6,103,"301,893","33,068","334,961","8,884","1,411",302,133,"6,042,361","407,886","6,450,247","144,362","22,392","12,814","2,532"
Locality: 153 PRINCE WILLIAM COUNTY,0313,313 - CARDINAL,"3,218",293,"3,511",129,17,1,103,"301,893","33,068","334,961","8,884","1,411",302,133,"6,042,361","407,886","6,450,247","144,362","22,392","12,814","2,532"
Locality: 153 PRINCE WILLIAM COUNTY,0314,314 - CABIN BRANCH,"2,534",207,"2,741",126,12,5,103,"301,893","33,068","334,961","8,884","1,411",302,133,"6,042,361","407,886","6,450,247","144,362","22,392","12,814","2,532"
Locality: 153 PRINCE WILLIAM COUNTY,0315,315 - WILLIAMS,"3,275",372,"3,647",82,14,2,103,"301,893","33,068","334,961","8,884","1,411",302,133,"6,042,361","407,886","6,450,247","144,362","22,392","12,814","2,532"
Locality: 153 PRINCE WILLIAM COUNTY,0316,316 - POTOMAC SHORES,"3,869",279,"4,148",289,12,2,103,"301,893","33,068","334,961","8,884","1,411",302,133,"6,042,361","407,886","6,450,247","144,362","22,392","12,814","2,532"
Locality: 153 PRINCE WILLIAM COUNTY,0401,401 - EVERGREEN,"3,139",280,"3,419",50,13,6,103,"301,893","33,068","334,961","8,884","1,411",302,133,"6,042,361","407,886","6,450,247","144,362","22,392","12,814","2,532"
Locality: 153 PRINCE WILLIAM COUNTY,0402,402 - GRAVELY,"4,061",309,"4,370",64,24,3,103,"301,893","33,068","334,961","8,884","1,411",302,133,"6,042,361","407,886","6,450,247","144,362","22,392","12,814","2,532"
Locality: 153 PRINCE WILLIAM COUNTY,0403,403 - BULL RUN,"3,250",268,"3,518",50,22,3,103,"301,893","33,068","334,961","8,884","1,411",302,133,"6,042,361","407,886","6,450,247","144,362","22,392","12,814","2,532"
Locality: 153 PRINCE WILLIAM COUNTY,0404,404 - UNITY BRAXTON,"2,068",261,"2,329",28,9,1,103,"301,893","33,068","334,961","8,884","1,411",302,133,"6,042,361","407,886","6,450,247","144,362","22,392","12,814","2,532"
Locality: 153 PRINCE WILLIAM COUNTY,0405,405 - BEN LOMOND,"2,840",328,"3,168",44,14,1,103,"301,893","33,068","334,961","8,884","1,411",302,133,"6,042,361","407,886","6,450,247","144,362","22,392","12,814","2,532"
Locality: 153 PRINCE WILLIAM COUNTY,0406,406 - ALVEY,"3,383",279,"3,662",53,26,3,103,"301,893","33,068","334,961","8,884","1,411",302,133,"6,042,361","407,886","6,450,247","144,362","22,392","12,814","2,532"
Locality: 153 PRINCE WILLIAM COUNTY,0407,407 - HERITAGE HUNT,"3,904",282,"4,186",36,14,3,103,"301,893","33,068","334,961","8,884","1,411",302,133,"6,042,361","407,886","6,450,247","144,362","22,392","12,814","2,532"
Locality: 153 PRINCE WILLIAM COUNTY,0408,408 - SUDLEY,"2,098",214,"2,312",22,7,1,103,"301,893","33,068","334,961","8,884","1,411",302,133,"6,042,361","407,886","6,450,247","144,362","22,392","12,814","2,532"
Locality: 153 PRINCE WILLIAM COUNTY,0409,409 - TYLER,"4,913",365,"5,278",65,25,3,103,"301,893","33,068","334,961","8,884","1,411",302,133,"6,042,361","407,886","6,450,247","144,362","22,392","12,814","2,532"
Locality: 153 PRINCE WILLIAM COUNTY,0410,410 - MOUNTAIN VIEW,"4,131",390,"4,521",86,34,2,103,"301,893","33,068","334,961","8,884","1,411",302,133,"6,042,361","407,886","6,450,247","144,362","22,392","12,814","2,532"
Locality: 153 PRINCE WILLIAM COUNTY,0411,411 - MULLEN,"3,364",475,"3,839",55,13,1,103,"301,893","33,068","334,961","8,884","1,411",302,133,"6,042,361","407,886","6,450,247","144,362","22,392","12,814","2,532"
Locality: 153 PRINCE WILLIAM COUNTY,0412,412 - CATHARPIN,"2,370",155,"2,525",36,13,5,103,"301,893","33,068","334,961","8,884","1,411",302,133,"6,042,361","407,886","6,450,247","144,362","22,392","12,814","2,532"
Locality: 153 PRINCE WILLIAM COUNTY,0413,413 - REAGAN,"3,673",298,"3,971",55,22,,103,"301,893","33,068","334,961","8,884","1,411",302,133,"6,042,361","407,886","6,450,247","144,362","22,392","12,814","2,532"
Locality: 153 PRINCE WILLIAM COUNTY,0414,414 - SEYMOUR,"2,297",361,"2,658",44,3,3,103,"301,893","33,068","334,961","8,884","1,411",302,133,"6,042,361","407,886","6,450,247","144,362","22,392","12,814","2,532"
Locality: 153 PRINCE WILLIAM COUNTY,0501,501 - SPRINGWOODS,"3,605",446,"4,051",103,17,6,103,"301,893","33,068","334,961","8,884","1,411",302,133,"6,042,361","407,886","6,450,247","144,362","22,392","12,814","2,532"
Locality: 153 PRINCE WILLIAM COUNTY,0502,502 - OCCOQUAN,"3,111",490,"3,601",101,26,4,103,"301,893","33,068","334,961","8,884","1,411",302,133,"6,042,361","407,886","6,450,247","144,362","22,392","12,814","2,532"
Locality: 153 PRINCE WILLIAM COUNTY,0503,503 - MOHICAN,"1,997",298,"2,295",69,7,,103,"301,893","33,068","334,961","8,884","1,411",302,133,"6,042,361","407,886","6,450,247","144,362","22,392","12,814","2,532"
Locality: 153 PRINCE WILLIAM COUNTY,0504,504 - ROCKLEDGE,"2,266",236,"2,502",45,14,2,103,"301,893","33,068","334,961","8,884","1,411",302,133,"6,042,361","407,886","6,450,247","144,362","22,392","12,814","2,532"
Locality: 153 PRINCE WILLIAM COUNTY,0505,505 - LAKE RIDGE,"3,367",365,"3,732",90,28,9,103,"301,893","33,068","334,961","8,884","1,411",302,133,"6,042,361","407,886","6,450,247","144,362","22,392","12,814","2,532"
Locality: 153 PRINCE WILLIAM COUNTY,0506,506 - OLD BRIDGE,"2,672",332,"3,004",78,14,1,103,"301,893","33,068","334,961","8,884","1,411",302,133,"6,042,361","407,886","6,450,247","144,362","22,392","12,814","2,532"
Locality: 153 PRINCE WILLIAM COUNTY,0507,507 - CHINN,"3,473",421,"3,894",114,15,6,103,"301,893","33,068","334,961","8,884","1,411",302,133,"6,042,361","407,886","6,450,247","144,362","22,392","12,814","2,532"
Locality: 153 PRINCE WILLIAM COUNTY,0508,508 - PURCELL,"3,098",269,"3,367",94,18,3,103,"301,893","33,068","334,961","8,884","1,411",302,133,"6,042,361","407,886","6,450,247","144,362","22,392","12,814","2,532"
Locality: 153 PRINCE WILLIAM COUNTY,0509,509 - MC COART,"3,409",275,"3,684",118,28,5,103,"301,893","33,068","334,961","8,884","1,411",302,133,"6,042,361","407,886","6,450,247","144,362","22,392","12,814","2,532"
Locality: 153 PRINCE WILLIAM COUNTY,0510,510 - COUNTY CENTER,830,129,959,20,2,,103,"301,893","33,068","334,961","8,884","1,411",302,133,"6,042,361","407,886","6,450,247","144,362","22,392","12,814","2,532"
Locality: 153 PRINCE WILLIAM COUNTY,0511,511 - WESTRIDGE,"3,705",355,"4,060",165,28,5,103,"301,893","33,068","334,961","8,884","1,411",302,133,"6,042,361","407,886","6,450,247","144,362","22,392","12,814","2,532"
Locality: 153 PRINCE WILLIAM COUNTY,0512,512 - YORK,"2,525",322,"2,847",57,11,7,103,"301,893","33,068","334,961","8,884","1,411",302,133,"6,042,361","407,886","6,450,247","144,362","22,392","12,814","2,532"
Locality: 153 PRINCE WILLIAM COUNTY,0513,513 - WOODBRIDGE,"3,644",376,"4,020",160,25,2,103,"301,893","33,068","334,961","8,884","1,411",302,133,"6,042,361","407,886","6,450,247","144,362","22,392","12,814","2,532"
Locality: 153 PRINCE WILLIAM COUNTY,0514,514 - ANTIETAM,"3,334",377,"3,711",96,18,6,103,"301,893","33,068","334,961","8,884","1,411",302,133,"6,042,361","407,886","6,450,247","144,362","22,392","12,814","2,532"
Locality: 153 PRINCE WILLIAM COUNTY,0515,515 - MARSHALL,"2,564",245,"2,809",93,21,4,103,"301,893","33,068","334,961","8,884","1,411",302,133,"6,042,361","407,886","6,450,247","144,362","22,392","12,814","2,532"
Locality: 153 PRINCE WILLIAM COUNTY,0516,516 - KERRYDALE,"1,378",152,"1,530",34,6,,103,"301,893","33,068","334,961","8,884","1,411",302,133,"6,042,361","407,886","6,450,247","144,362","22,392","12,814","2,532"
Locality: 153 PRINCE WILLIAM COUNTY,0601,601 - DALE,"3,051",431,"3,482",49,7,1,103,"301,893","33,068","334,961","8,884","1,411",302,133,"6,042,361","407,886","6,450,247","144,362","22,392","12,814","2,532"
Locality: 153 PRINCE WILLIAM COUNTY,0602,602 - BEVILLE,"3,612",390,"4,002",80,9,11,103,"301,893","33,068","334,961","8,884","1,411",302,133,"6,042,361","407,886","6,450,247","144,362","22,392","12,814","2,532"
Locality: 153 PRINCE WILLIAM COUNTY,0603,603 - HAMPTON,"2,928",451,"3,379",81,7,7,103,"301,893","33,068","334,961","8,884","1,411",302,133,"6,042,361","407,886","6,450,247","144,362","22,392","12,814","2,532"
Locality: 153 PRINCE WILLIAM COUNTY,0604,604 - GAR-FIELD,"2,578",322,"2,900",37,9,8,103,"301,893","33,068","334,961","8,884","1,411",302,133,"6,042,361","407,886","6,450,247","144,362","22,392","12,814","2,532"
Locality: 153 PRINCE WILLIAM COUNTY,0605,605 - MINNIEVILLE,"2,018",209,"2,227",39,7,3,103,"301,893","33,068","334,961","8,884","1,411",302,133,"6,042,361","407,886","6,450,247","144,362","22,392","12,814","2,532"
Locality: 153 PRINCE WILLIAM COUNTY,0606,606 - BEL AIR,"2,967",328,"3,295",59,6,5,103,"301,893","33,068","334,961","8,884","1,411",302,133,"6,042,361","407,886","6,450,247","144,362","22,392","12,814","2,532"
Locality: 153 PRINCE WILLIAM COUNTY,0607,607 - HILLENDALE,"2,156",301,"2,457",37,4,2,103,"301,893","33,068","334,961","8,884","1,411",302,133,"6,042,361","407,886","6,450,247","144,362","22,392","12,814","2,532"
Locality: 153 PRINCE WILLIAM COUNTY,0608,608 - ENTERPRISE,"3,754",375,"4,129",95,14,3,103,"301,893","33,068","334,961","8,884","1,411",302,133,"6,042,361","407,886","6,450,247","144,362","22,392","12,814","2,532"
Locality: 153 PRINCE WILLIAM COUNTY,0609,609 - KING,"2,236",176,"2,412",60,16,2,103,"301,893","33,068","334,961","8,884","1,411",302,133,"6,042,361","407,886","6,450,247","144,362","22,392","12,814","2,532"
Locality: 153 PRINCE WILLIAM COUNTY,0610,610 - FITZGERALD,"3,350",446,"3,796",78,17,2,103,"301,893","33,068","334,961","8,884","1,411",302,133,"6,042,361","407,886","6,450,247","144,362","22,392","12,814","2,532"
Locality: 153 PRINCE WILLIAM COUNTY,0611,611 - NEABSCO,"3,345",438,"3,783",82,18,3,103,"301,893","33,068","334,961","8,884","1,411",302,133,"6,042,361","407,886","6,450,247","144,362","22,392","12,814","2,532"
Locality: 153 PRINCE WILLIAM COUNTY,0612,612 - ELM FARM,"2,101",230,"2,331",50,8,,103,"301,893","33,068","334,961","8,884","1,411",302,133,"6,042,361","407,886","6,450,247","144,362","22,392","12,814","2,532"
Locality: 153 PRINCE WILLIAM COUNTY,0613,613 - HOADLY,812,67,879,27,1,,103,"301,893","33,068","334,961","8,884","1,411",302,133,"6,042,361","407,886","6,450,247","144,362","22,392","12,814","2,532"
Locality: 153 PRINCE WILLIAM COUNTY,0614,614 - ROSA PARKS,"3,257",358,"3,615",86,5,4,103,"301,893","33,068","334,961","8,884","1,411",302,133,"6,042,361","407,886","6,450,247","144,362","22,392","12,814","2,532"
Locality: 153 PRINCE WILLIAM COUNTY,0615,615 - COMMONS,395,58,453,33,3,,103,"301,893","33,068","334,961","8,884","1,411",302,133,"6,042,361","407,886","6,450,247","144,362","22,392","12,814","2,532"
Locality: 153 PRINCE WILLIAM COUNTY,0616,616 - MARKHAM,982,128,"1,110",15,7,,103,"301,893","33,068","334,961","8,884","1,411",302,133,"6,042,361","407,886","6,450,247","144,362","22,392","12,814","2,532"
Locality: 153 PRINCE WILLIAM COUNTY,0701,701 - BELMONT,"3,588",541,"4,129",105,21,1,103,"301,893","33,068","334,961","8,884","1,411",302,133,"6,042,361","407,886","6,450,247","144,362","22,392","12,814","2,532"
Locality: 153 PRINCE WILLIAM COUNTY,0702,702 - LIBRARY,"3,412",590,"4,002",210,26,4,103,"301,893","33,068","334,961","8,884","1,411",302,133,"6,042,361","407,886","6,450,247","144,362","22,392","12,814","2,532"
Locality: 153 PRINCE WILLIAM COUNTY,0703,703 - LYNN,"2,341",540,"2,881",49,6,4,103,"301,893","33,068","334,961","8,884","1,411",302,133,"6,042,361","407,886","6,450,247","144,362","22,392","12,814","2,532"
Locality: 153 PRINCE WILLIAM COUNTY,0704,704 - PORTER,"3,241",557,"3,798",104,11,2,103,"301,893","33,068","334,961","8,884","1,411",302,133,"6,042,361","407,886","6,450,247","144,362","22,392","12,814","2,532"
Locality: 153 PRINCE WILLIAM COUNTY,0705,705 - POTOMAC VIEW,"2,229",313,"2,542",42,10,,103,"301,893","33,068","334,961","8,884","1,411",302,133,"6,042,361","407,886","6,450,247","144,362","22,392","12,814","2,532"
Locality: 153 PRINCE WILLIAM COUNTY,0706,706 - RIPPON,"3,627",451,"4,078",115,14,2,103,"301,893","33,068","334,961","8,884","1,411",302,133,"6,042,361","407,886","6,450,247","144,362","22,392","12,814","2,532"
Locality: 153 PRINCE WILLIAM COUNTY,0707,707 - KILBY,"3,183",440,"3,623",112,10,3,103,"301,893","33,068","334,961","8,884","1,411",302,133,"6,042,361","407,886","6,450,247","144,362","22,392","12,814","2,532"
Locality: 153 PRINCE WILLIAM COUNTY,0708,708 - RIVER OAKS,"3,430",482,"3,912",132,8,2,103,"301,893","33,068","334,961","8,884","1,411",302,133,"6,042,361","407,886","6,450,247","144,362","22,392","12,814","2,532"
Locality: 153 PRINCE WILLIAM COUNTY,0709,709 - FREEDOM,"2,791",376,"3,167",129,23,,103,"301,893","33,068","334,961","8,884","1,411",302,133,"6,042,361","407,886","6,450,247","144,362","22,392","12,814","2,532"
Locality: 153 PRINCE WILLIAM COUNTY,0710,710 - POWELLS CREEK,"3,270",521,"3,791",138,14,4,103,"301,893","33,068","334,961","8,884","1,411",302,133,"6,042,361","407,886","6,450,247","144,362","22,392","12,814","2,532"
Locality: 153 PRINCE WILLIAM COUNTY,0711,711 - GRAYSON,"3,234",483,"3,717",85,6,2,103,"301,893","33,068","334,961","8,884","1,411",302,133,"6,042,361","407,886","6,450,247","144,362","22,392","12,814","2,532"
Locality: 153 PRINCE WILLIAM COUNTY,0712,712 - LEESYLVANIA,"3,012",284,"3,296",123,13,5,103,"301,893","33,068","334,961","8,884","1,411",302,133,"6,042,361","407,886","6,450,247","144,362","22,392","12,814","2,532"
Locality: 155 PULASKI COUNTY,0101,101 - BELSPRING,928,16,944,4,,1,13,"23,777",884,"24,661",151,21,20,133,"6,042,361","407,886","6,450,247","144,362","22,392","12,814","2,532"
Locality: 155 PULASKI COUNTY,0102,102 - NEW RIVER,"3,002",117,"3,119",22,4,,13,"23,777",884,"24,661",151,21,20,133,"6,042,361","407,886","6,450,247","144,362","22,392","12,814","2,532"
Locality: 155 PULASKI COUNTY,0103,103 - WEST CLOYD,979,22,"1,001",5,,,13,"23,777",884,"24,661",151,21,20,133,"6,042,361","407,886","6,450,247","144,362","22,392","12,814","2,532"
Locality: 155 PULASKI COUNTY,0201,201 - DRAPER,"1,701",56,"1,757",23,3,3,13,"23,777",884,"24,661",151,21,20,133,"6,042,361","407,886","6,450,247","144,362","22,392","12,814","2,532"
Locality: 155 PULASKI COUNTY,0202,202 - SOUTH PULASKI,473,29,502,1,1,,13,"23,777",884,"24,661",151,21,20,133,"6,042,361","407,886","6,450,247","144,362","22,392","12,814","2,532"
Locality: 155 PULASKI COUNTY,0203,203 - NEWBERN,"2,778",113,"2,891",11,4,6,13,"23,777",884,"24,661",151,21,20,133,"6,042,361","407,886","6,450,247","144,362","22,392","12,814","2,532"
Locality: 155 PULASKI COUNTY,0301,301 - DUBLIN,"2,907",99,"3,006",15,2,4,13,"23,777",884,"24,661",151,21,20,133,"6,042,361","407,886","6,450,247","144,362","22,392","12,814","2,532"
Locality: 155 PULASKI COUNTY,0302,302 - HIWASSEE,572,16,588,5,2,,13,"23,777",884,"24,661",151,21,20,133,"6,042,361","407,886","6,450,247","144,362","22,392","12,814","2,532"
Locality: 155 PULASKI COUNTY,0304,304 - SNOWVILLE,"1,387",36,"1,423",10,2,4,13,"23,777",884,"24,661",151,21,20,133,"6,042,361","407,886","6,450,247","144,362","22,392","12,814","2,532"
Locality: 155 PULASKI COUNTY,0402,402 - WALKER,995,28,"1,023",5,,,13,"23,777",884,"24,661",151,21,20,133,"6,042,361","407,886","6,450,247","144,362","22,392","12,814","2,532"
Locality: 155 PULASKI COUNTY,0403,403 - WEST MASSIE,"2,844",161,"3,005",15,1,,13,"23,777",884,"24,661",151,21,20,133,"6,042,361","407,886","6,450,247","144,362","22,392","12,814","2,532"
Locality: 155 PULASKI COUNTY,0404,404 - EAST MASSIE,756,12,768,3,,,13,"23,777",884,"24,661",151,21,20,133,"6,042,361","407,886","6,450,247","144,362","22,392","12,814","2,532"
Locality: 155 PULASKI COUNTY,0501,501 - ROBINSON,"4,455",179,"4,634",32,2,2,13,"23,777",884,"24,661",151,21,20,133,"6,042,361","407,886","6,450,247","144,362","22,392","12,814","2,532"
Locality: 157 RAPPAHANNOCK COUNTY,0101,101 - WASHINGTON,"1,234",68,"1,302",7,8,2,6,"6,202",276,"6,478",50,29,31,133,"6,042,361","407,886","6,450,247","144,362","22,392","12,814","2,532"
Locality: 157 RAPPAHANNOCK COUNTY,0201,201 - AMISSVILLE,"1,415",40,"1,455",15,1,4,6,"6,202",276,"6,478",50,29,31,133,"6,042,361","407,886","6,450,247","144,362","22,392","12,814","2,532"
Locality: 157 RAPPAHANNOCK COUNTY,0301,301 - SPERRYVILLE,"1,137",48,"1,185",7,8,10,6,"6,202",276,"6,478",50,29,31,133,"6,042,361","407,886","6,450,247","144,362","22,392","12,814","2,532"
Locality: 157 RAPPAHANNOCK COUNTY,0401,401 - SCRABBLE,"1,174",59,"1,233",16,6,5,6,"6,202",276,"6,478",50,29,31,133,"6,042,361","407,886","6,450,247","144,362","22,392","12,814","2,532"
Locality: 157 RAPPAHANNOCK COUNTY,0501,501 - CHESTER GAP,573,30,603,3,,1,6,"6,202",276,"6,478",50,29,31,133,"6,042,361","407,886","6,450,247","144,362","22,392","12,814","2,532"
Locality: 157 RAPPAHANNOCK COUNTY,0502,502 - FLINT HILL,669,31,700,2,6,9,6,"6,202",276,"6,478",50,29,31,133,"6,042,361","407,886","6,450,247","144,362","22,392","12,814","2,532"
Locality: 159 RICHMOND COUNTY,0101,101 - PRECINCT 1-1,"1,214",46,"1,260",14,1,1,5,"5,637",173,"5,810",51,4,3,133,"6,042,361","407,886","6,450,247","144,362","22,392","12,814","2,532"
Locality: 159 RICHMOND COUNTY,0201,201 - PRECINCT 2-1,956,27,983,10,1,2,5,"5,637",173,"5,810",51,4,3,133,"6,042,361","407,886","6,450,247","144,362","22,392","12,814","2,532"
Locality: 159 RICHMOND COUNTY,0301,301 - PRECINCT 3-1,"1,134",33,"1,167",12,2,,5,"5,637",173,"5,810",51,4,3,133,"6,042,361","407,886","6,450,247","144,362","22,392","12,814","2,532"
Locality: 159 RICHMOND COUNTY,0401,401 - PRECINCT 4-1,"1,199",35,"1,234",8,,,5,"5,637",173,"5,810",51,4,3,133,"6,042,361","407,886","6,450,247","144,362","22,392","12,814","2,532"
Locality: 159 RICHMOND COUNTY,0501,501 - PRECINCT 5-1,"1,134",32,"1,166",7,,,5,"5,637",173,"5,810",51,4,3,133,"6,042,361","407,886","6,450,247","144,362","22,392","12,814","2,532"
Locality: 161 ROANOKE COUNTY,0101,101 - CATAWBA,"2,672",69,"2,741",5,7,4,33,"72,028","3,243","75,271",272,146,65,133,"6,042,361","407,886","6,450,247","144,362","22,392","12,814","2,532"
Locality: 161 ROANOKE COUNTY,0102,102 - RICHFIELD,"2,385",86,"2,471",18,2,2,33,"72,028","3,243","75,271",272,146,65,133,"6,042,361","407,886","6,450,247","144,362","22,392","12,814","2,532"
Locality: 161 ROANOKE COUNTY,0103,103 - NORTH GLENVAR,"2,256",60,"2,316",13,4,,33,"72,028","3,243","75,271",272,146,65,133,"6,042,361","407,886","6,450,247","144,362","22,392","12,814","2,532"
Locality: 161 ROANOKE COUNTY,0104,104 - NORTHSIDE,"2,416",115,"2,531",15,7,1,33,"72,028","3,243","75,271",272,146,65,133,"6,042,361","407,886","6,450,247","144,362","22,392","12,814","2,532"
Locality: 161 ROANOKE COUNTY,0105,105 - HANGING ROCK,"2,567",126,"2,693",11,3,1,33,"72,028","3,243","75,271",272,146,65,133,"6,042,361","407,886","6,450,247","144,362","22,392","12,814","2,532"
Locality: 161 ROANOKE COUNTY,0106,106 - SOUTH GLENVAR,"1,292",39,"1,331",3,2,,33,"72,028","3,243","75,271",272,146,65,133,"6,042,361","407,886","6,450,247","144,362","22,392","12,814","2,532"
Locality: 161 ROANOKE COUNTY,0107,107 - FORT LEWIS,"1,523",36,"1,559",5,6,,33,"72,028","3,243","75,271",272,146,65,133,"6,042,361","407,886","6,450,247","144,362","22,392","12,814","2,532"
Locality: 161 ROANOKE COUNTY,0201,201 - PLANTATION,"2,333",83,"2,416",6,5,2,33,"72,028","3,243","75,271",272,146,65,133,"6,042,361","407,886","6,450,247","144,362","22,392","12,814","2,532"
Locality: 161 ROANOKE COUNTY,0202,202 - BURLINGTON,"1,832",132,"1,964",7,3,3,33,"72,028","3,243","75,271",272,146,65,133,"6,042,361","407,886","6,450,247","144,362","22,392","12,814","2,532"
Locality: 161 ROANOKE COUNTY,0203,203 - MOUNTAIN VIEW,"3,221",109,"3,330",14,2,1,33,"72,028","3,243","75,271",272,146,65,133,"6,042,361","407,886","6,450,247","144,362","22,392","12,814","2,532"
Locality: 161 ROANOKE COUNTY,0204,204 - GREEN RIDGE,"2,390",118,"2,508",7,7,,33,"72,028","3,243","75,271",272,146,65,133,"6,042,361","407,886","6,450,247","144,362","22,392","12,814","2,532"
Locality: 161 ROANOKE COUNTY,0205,205 - ORCHARDS,"2,986",120,"3,106",11,5,,33,"72,028","3,243","75,271",272,146,65,133,"6,042,361","407,886","6,450,247","144,362","22,392","12,814","2,532"
Locality: 161 ROANOKE COUNTY,0206,206 - HOLLINS,"1,355",84,"1,439",4,5,1,33,"72,028","3,243","75,271",272,146,65,133,"6,042,361","407,886","6,450,247","144,362","22,392","12,814","2,532"
Locality: 161 ROANOKE COUNTY,0301,301 - BENT MOUNTAIN,746,19,765,,,1,33,"72,028","3,243","75,271",272,146,65,133,"6,042,361","407,886","6,450,247","144,362","22,392","12,814","2,532"
Locality: 161 ROANOKE COUNTY,0302,302 - BACK CREEK,"3,133",135,"3,268",13,7,5,33,"72,028","3,243","75,271",272,146,65,133,"6,042,361","407,886","6,450,247","144,362","22,392","12,814","2,532"
Locality: 161 ROANOKE COUNTY,0303,303 - WINDSOR HILLS,"2,411",193,"2,604",13,5,2,33,"72,028","3,243","75,271",272,146,65,133,"6,042,361","407,886","6,450,247","144,362","22,392","12,814","2,532"
Locality: 161 ROANOKE COUNTY,0304,304 - OAK GROVE,"2,418",95,"2,513",9,17,4,33,"72,028","3,243","75,271",272,146,65,133,"6,042,361","407,886","6,450,247","144,362","22,392","12,814","2,532"
Locality: 161 ROANOKE COUNTY,0305,305 - EAST HIDDEN VALLEY,"2,048",91,"2,139",8,5,8,33,"72,028","3,243","75,271",272,146,65,133,"6,042,361","407,886","6,450,247","144,362","22,392","12,814","2,532"
Locality: 161 ROANOKE COUNTY,0306,306 - GARST MILL,"2,122",123,"2,245",9,3,2,33,"72,028","3,243","75,271",272,146,65,133,"6,042,361","407,886","6,450,247","144,362","22,392","12,814","2,532"
Locality: 161 ROANOKE COUNTY,0307,307 - WEST HIDDEN VALLEY,"1,854",85,"1,939",8,6,,33,"72,028","3,243","75,271",272,146,65,133,"6,042,361","407,886","6,450,247","144,362","22,392","12,814","2,532"
Locality: 161 ROANOKE COUNTY,0401,401 - BONSACK,"1,420",42,"1,462",11,2,1,33,"72,028","3,243","75,271",272,146,65,133,"6,042,361","407,886","6,450,247","144,362","22,392","12,814","2,532"
Locality: 161 ROANOKE COUNTY,0402,402 - NORTH LINDENWOOD,"2,260",62,"2,322",8,1,,33,"72,028","3,243","75,271",272,146,65,133,"6,042,361","407,886","6,450,247","144,362","22,392","12,814","2,532"
Locality: 161 ROANOKE COUNTY,0403,403 - NORTH VINTON,"2,734",150,"2,884",4,1,,33,"72,028","3,243","75,271",272,146,65,133,"6,042,361","407,886","6,450,247","144,362","22,392","12,814","2,532"
Locality: 161 ROANOKE COUNTY,0404,404 - SOUTH VINTON,"2,587",100,"2,687",8,1,1,33,"72,028","3,243","75,271",272,146,65,133,"6,042,361","407,886","6,450,247","144,362","22,392","12,814","2,532"
Locality: 161 ROANOKE COUNTY,0405,405 - SOUTH LINDENWOOD,"2,042",51,"2,093",10,1,6,33,"72,028","3,243","75,271",272,146,65,133,"6,042,361","407,886","6,450,247","144,362","22,392","12,814","2,532"
Locality: 161 ROANOKE COUNTY,0406,406 - MOUNT PLEASANT,"2,896",93,"2,989",2,2,1,33,"72,028","3,243","75,271",272,146,65,133,"6,042,361","407,886","6,450,247","144,362","22,392","12,814","2,532"
Locality: 161 ROANOKE COUNTY,0501,501 - STARKEY,"1,876",77,"1,953",10,5,4,33,"72,028","3,243","75,271",272,146,65,133,"6,042,361","407,886","6,450,247","144,362","22,392","12,814","2,532"
Locality: 161 ROANOKE COUNTY,0502,502 - WEST CAVE SPRING,"1,888",87,"1,975",5,9,1,33,"72,028","3,243","75,271",272,146,65,133,"6,042,361","407,886","6,450,247","144,362","22,392","12,814","2,532"
Locality: 161 ROANOKE COUNTY,0503,503 - EAST CAVE SPRING,"2,068",106,"2,174",6,7,4,33,"72,028","3,243","75,271",272,146,65,133,"6,042,361","407,886","6,450,247","144,362","22,392","12,814","2,532"
Locality: 161 ROANOKE COUNTY,0504,504 - GREEN VALLEY,"3,251",316,"3,567",9,7,5,33,"72,028","3,243","75,271",272,146,65,133,"6,042,361","407,886","6,450,247","144,362","22,392","12,814","2,532"
Locality: 161 ROANOKE COUNTY,0505,505 - CLEARBROOK,"1,626",66,"1,692",6,3,,33,"72,028","3,243","75,271",272,146,65,133,"6,042,361","407,886","6,450,247","144,362","22,392","12,814","2,532"
Locality: 161 ROANOKE COUNTY,0506,506 - BUCK MOUNTAIN,533,18,551,1,,1,33,"72,028","3,243","75,271",272,146,65,133,"6,042,361","407,886","6,450,247","144,362","22,392","12,814","2,532"
Locality: 161 ROANOKE COUNTY,0507,507 - HUNTING HILLS,"2,887",157,"3,044",13,6,4,33,"72,028","3,243","75,271",272,146,65,133,"6,042,361","407,886","6,450,247","144,362","22,392","12,814","2,532"
Locality: 163 ROCKBRIDGE COUNTY,0101,101 - AIRPORT,"2,376",51,"2,427",31,25,8,14,"16,775",572,"17,347",219,82,22,133,"6,042,361","407,886","6,450,247","144,362","22,392","12,814","2,532"
Locality: 163 ROCKBRIDGE COUNTY,0103,103 - PLANK ROAD,536,20,556,2,,4,14,"16,775",572,"17,347",219,82,22,133,"6,042,361","407,886","6,450,247","144,362","22,392","12,814","2,532"
Locality: 163 ROCKBRIDGE COUNTY,0104,104 - EFFINGER,613,16,629,7,1,,14,"16,775",572,"17,347",219,82,22,133,"6,042,361","407,886","6,450,247","144,362","22,392","12,814","2,532"
Locality: 163 ROCKBRIDGE COUNTY,0201,201 - COLLIERSTOWN,647,26,673,7,4,1,14,"16,775",572,"17,347",219,82,22,133,"6,042,361","407,886","6,450,247","144,362","22,392","12,814","2,532"
Locality: 163 ROCKBRIDGE COUNTY,0202,202 - HIGHLAND BELLE,"2,032",64,"2,096",26,14,5,14,"16,775",572,"17,347",219,82,22,133,"6,042,361","407,886","6,450,247","144,362","22,392","12,814","2,532"
Locality: 163 ROCKBRIDGE COUNTY,0203,203 - VO-TECH,507,45,552,15,1,1,14,"16,775",572,"17,347",219,82,22,133,"6,042,361","407,886","6,450,247","144,362","22,392","12,814","2,532"
Locality: 163 ROCKBRIDGE COUNTY,0301,301 - MAURY RIVER,"1,355",68,"1,423",15,3,,14,"16,775",572,"17,347",219,82,22,133,"6,042,361","407,886","6,450,247","144,362","22,392","12,814","2,532"
Locality: 163 ROCKBRIDGE COUNTY,0302,302 - NATURAL BRIDGE,"1,718",45,"1,763",13,2,,14,"16,775",572,"17,347",219,82,22,133,"6,042,361","407,886","6,450,247","144,362","22,392","12,814","2,532"
Locality: 163 ROCKBRIDGE COUNTY,0401,401 - FAIRFIELD,"1,692",48,"1,740",16,8,2,14,"16,775",572,"17,347",219,82,22,133,"6,042,361","407,886","6,450,247","144,362","22,392","12,814","2,532"
Locality: 163 ROCKBRIDGE COUNTY,0402,402 - MOUNTAIN VIEW,"1,763",64,"1,827",24,11,,14,"16,775",572,"17,347",219,82,22,133,"6,042,361","407,886","6,450,247","144,362","22,392","12,814","2,532"
Locality: 163 ROCKBRIDGE COUNTY,0501,501 - GOSHEN,643,16,659,10,,1,14,"16,775",572,"17,347",219,82,22,133,"6,042,361","407,886","6,450,247","144,362","22,392","12,814","2,532"
Locality: 163 ROCKBRIDGE COUNTY,0502,502 - MEADOWVIEW,"1,191",69,"1,260",27,2,,14,"16,775",572,"17,347",219,82,22,133,"6,042,361","407,886","6,450,247","144,362","22,392","12,814","2,532"
Locality: 163 ROCKBRIDGE COUNTY,0503,503 - ROCKBRIDGE BATHS,624,15,639,11,6,,14,"16,775",572,"17,347",219,82,22,133,"6,042,361","407,886","6,450,247","144,362","22,392","12,814","2,532"
Locality: 163 ROCKBRIDGE COUNTY,0504,504 - ROCKBRIDGE,"1,078",25,"1,103",15,5,,14,"16,775",572,"17,347",219,82,22,133,"6,042,361","407,886","6,450,247","144,362","22,392","12,814","2,532"
Locality: 165 ROCKINGHAM COUNTY,0101,101 - BROADWAY,"2,907",150,"3,057",17,2,,29,"59,254","2,283","61,537",393,125,22,133,"6,042,361","407,886","6,450,247","144,362","22,392","12,814","2,532"
Locality: 165 ROCKINGHAM COUNTY,0102,102 - TIMBERVILLE,"1,784",95,"1,879",7,8,,29,"59,254","2,283","61,537",393,125,22,133,"6,042,361","407,886","6,450,247","144,362","22,392","12,814","2,532"
Locality: 165 ROCKINGHAM COUNTY,0103,103 - FULKS RUN,"1,580",44,"1,624",7,2,,29,"59,254","2,283","61,537",393,125,22,133,"6,042,361","407,886","6,450,247","144,362","22,392","12,814","2,532"
Locality: 165 ROCKINGHAM COUNTY,0104,104 - BERGTON,516,10,526,3,1,,29,"59,254","2,283","61,537",393,125,22,133,"6,042,361","407,886","6,450,247","144,362","22,392","12,814","2,532"
Locality: 165 ROCKINGHAM COUNTY,0105,105 - LACEY SPRING,"2,381",66,"2,447",4,2,,29,"59,254","2,283","61,537",393,125,22,133,"6,042,361","407,886","6,450,247","144,362","22,392","12,814","2,532"
Locality: 165 ROCKINGHAM COUNTY,0106,106 - LONE PINE,"2,185",59,"2,244",9,3,1,29,"59,254","2,283","61,537",393,125,22,133,"6,042,361","407,886","6,450,247","144,362","22,392","12,814","2,532"
Locality: 165 ROCKINGHAM COUNTY,0201,201 - SINGERS GLEN,"1,728",35,"1,763",9,5,2,29,"59,254","2,283","61,537",393,125,22,133,"6,042,361","407,886","6,450,247","144,362","22,392","12,814","2,532"
Locality: 165 ROCKINGHAM COUNTY,0202,202 - EDOM,"3,102",118,"3,220",24,12,2,29,"59,254","2,283","61,537",393,125,22,133,"6,042,361","407,886","6,450,247","144,362","22,392","12,814","2,532"
Locality: 165 ROCKINGHAM COUNTY,0203,203 - DAYTON,"1,113",70,"1,183",6,4,1,29,"59,254","2,283","61,537",393,125,22,133,"6,042,361","407,886","6,450,247","144,362","22,392","12,814","2,532"
Locality: 165 ROCKINGHAM COUNTY,0204,204 - MT CLINTON,"1,891",52,"1,943",11,4,,29,"59,254","2,283","61,537",393,125,22,133,"6,042,361","407,886","6,450,247","144,362","22,392","12,814","2,532"
Locality: 165 ROCKINGHAM COUNTY,0205,205 - SILVER LAKE,"3,122",98,"3,220",33,9,1,29,"59,254","2,283","61,537",393,125,22,133,"6,042,361","407,886","6,450,247","144,362","22,392","12,814","2,532"
Locality: 165 ROCKINGHAM COUNTY,0301,301 - KEEZLETOWN,"1,301",30,"1,331",10,8,1,29,"59,254","2,283","61,537",393,125,22,133,"6,042,361","407,886","6,450,247","144,362","22,392","12,814","2,532"
Locality: 165 ROCKINGHAM COUNTY,0302,302 - PORT REPUBLIC,"1,343",40,"1,383",18,5,,29,"59,254","2,283","61,537",393,125,22,133,"6,042,361","407,886","6,450,247","144,362","22,392","12,814","2,532"
Locality: 165 ROCKINGHAM COUNTY,0303,303 - MELROSE,"1,091",21,"1,112",13,1,,29,"59,254","2,283","61,537",393,125,22,133,"6,042,361","407,886","6,450,247","144,362","22,392","12,814","2,532"
Locality: 165 ROCKINGHAM COUNTY,0304,304 - GROTTOES,"2,365",69,"2,434",14,4,,29,"59,254","2,283","61,537",393,125,22,133,"6,042,361","407,886","6,450,247","144,362","22,392","12,814","2,532"
Locality: 165 ROCKINGHAM COUNTY,0305,305 - MASSANETTA SPRINGS,"3,783",272,"4,055",34,9,2,29,"59,254","2,283","61,537",393,125,22,133,"6,042,361","407,886","6,450,247","144,362","22,392","12,814","2,532"
Locality: 165 ROCKINGHAM COUNTY,0306,306 - CROSSROADS,"3,190",91,"3,281",18,9,3,29,"59,254","2,283","61,537",393,125,22,133,"6,042,361","407,886","6,450,247","144,362","22,392","12,814","2,532"
Locality: 165 ROCKINGHAM COUNTY,0401,401 - WEST BRIDGEWATER,"1,538",50,"1,588",9,5,1,29,"59,254","2,283","61,537",393,125,22,133,"6,042,361","407,886","6,450,247","144,362","22,392","12,814","2,532"
Locality: 165 ROCKINGHAM COUNTY,0402,402 - MONTEZUMA,"1,765",40,"1,805",8,1,,29,"59,254","2,283","61,537",393,125,22,133,"6,042,361","407,886","6,450,247","144,362","22,392","12,814","2,532"
Locality: 165 ROCKINGHAM COUNTY,0403,403 - MT CRAWFORD,314,13,327,1,,,29,"59,254","2,283","61,537",393,125,22,133,"6,042,361","407,886","6,450,247","144,362","22,392","12,814","2,532"
Locality: 165 ROCKINGHAM COUNTY,0404,404 - NORTH RIVER,"3,124",169,"3,293",23,4,,29,"59,254","2,283","61,537",393,125,22,133,"6,042,361","407,886","6,450,247","144,362","22,392","12,814","2,532"
Locality: 165 ROCKINGHAM COUNTY,0405,405 - OTTOBINE,"2,064",54,"2,118",8,2,,29,"59,254","2,283","61,537",393,125,22,133,"6,042,361","407,886","6,450,247","144,362","22,392","12,814","2,532"
Locality: 165 ROCKINGHAM COUNTY,0406,406 - EAST BRIDGEWATER,"2,328",132,"2,460",14,11,3,29,"59,254","2,283","61,537",393,125,22,133,"6,042,361","407,886","6,450,247","144,362","22,392","12,814","2,532"
Locality: 165 ROCKINGHAM COUNTY,0501,501 - ELKTON,"2,245",111,"2,356",16,1,1,29,"59,254","2,283","61,537",393,125,22,133,"6,042,361","407,886","6,450,247","144,362","22,392","12,814","2,532"
Locality: 165 ROCKINGHAM COUNTY,0502,502 - SWIFT RUN,"3,032",92,"3,124",21,,1,29,"59,254","2,283","61,537",393,125,22,133,"6,042,361","407,886","6,450,247","144,362","22,392","12,814","2,532"
Locality: 165 ROCKINGHAM COUNTY,0503,503 - MCGAHEYSVILLE,"2,798",94,"2,892",22,7,1,29,"59,254","2,283","61,537",393,125,22,133,"6,042,361","407,886","6,450,247","144,362","22,392","12,814","2,532"
Locality: 165 ROCKINGHAM COUNTY,0504,504 - SOUTH FORK,"1,379",37,"1,416",10,1,,29,"59,254","2,283","61,537",393,125,22,133,"6,042,361","407,886","6,450,247","144,362","22,392","12,814","2,532"
Locality: 165 ROCKINGHAM COUNTY,0505,505 - STONY RUN,"1,976",125,"2,101",18,5,2,29,"59,254","2,283","61,537",393,125,22,133,"6,042,361","407,886","6,450,247","144,362","22,392","12,814","2,532"
Locality: 165 ROCKINGHAM COUNTY,0506,506 - DEEP RUN,"1,309",46,"1,355",6,,,29,"59,254","2,283","61,537",393,125,22,133,"6,042,361","407,886","6,450,247","144,362","22,392","12,814","2,532"
Locality: 167 RUSSELL COUNTY,0101,101 - MOCCASIN,"1,889",43,"1,932",8,,,14,"18,722",597,"19,319",86,11,2,133,"6,042,361","407,886","6,450,247","144,362","22,392","12,814","2,532"
Locality: 167 RUSSELL COUNTY,0103,103 - SOUTH CASTLEWOOD,"1,369",29,"1,398",8,,,14,"18,722",597,"19,319",86,11,2,133,"6,042,361","407,886","6,450,247","144,362","22,392","12,814","2,532"
Locality: 167 RUSSELL COUNTY,0201,201 - NORTH CASTLEWOOD,"2,358",84,"2,442",22,3,1,14,"18,722",597,"19,319",86,11,2,133,"6,042,361","407,886","6,450,247","144,362","22,392","12,814","2,532"
Locality: 167 RUSSELL COUNTY,0202,202 - DANTE,500,23,523,1,,,14,"18,722",597,"19,319",86,11,2,133,"6,042,361","407,886","6,450,247","144,362","22,392","12,814","2,532"
Locality: 167 RUSSELL COUNTY,0301,301 - COOKS MILL,427,9,436,,1,,14,"18,722",597,"19,319",86,11,2,133,"6,042,361","407,886","6,450,247","144,362","22,392","12,814","2,532"
Locality: 167 RUSSELL COUNTY,0302,302 - DAUGHERTY,513,8,521,3,,,14,"18,722",597,"19,319",86,11,2,133,"6,042,361","407,886","6,450,247","144,362","22,392","12,814","2,532"
Locality: 167 RUSSELL COUNTY,0303,303 - NEW GARDEN,"1,342",35,"1,377",7,,,14,"18,722",597,"19,319",86,11,2,133,"6,042,361","407,886","6,450,247","144,362","22,392","12,814","2,532"
Locality: 167 RUSSELL COUNTY,0304,304 - CLEVELAND,750,30,780,5,,1,14,"18,722",597,"19,319",86,11,2,133,"6,042,361","407,886","6,450,247","144,362","22,392","12,814","2,532"
Locality: 167 RUSSELL COUNTY,0401,401 - DRILL,153,9,162,,,,14,"18,722",597,"19,319",86,11,2,133,"6,042,361","407,886","6,450,247","144,362","22,392","12,814","2,532"
Locality: 167 RUSSELL COUNTY,0402,402 - SWORDS CREEK,"1,909",51,"1,960",6,2,,14,"18,722",597,"19,319",86,11,2,133,"6,042,361","407,886","6,450,247","144,362","22,392","12,814","2,532"
Locality: 167 RUSSELL COUNTY,0403,403 - HONAKER,987,40,"1,027",4,1,,14,"18,722",597,"19,319",86,11,2,133,"6,042,361","407,886","6,450,247","144,362","22,392","12,814","2,532"
Locality: 167 RUSSELL COUNTY,0501,501 - WEST LEBANON,"3,138",129,"3,267",12,2,,14,"18,722",597,"19,319",86,11,2,133,"6,042,361","407,886","6,450,247","144,362","22,392","12,814","2,532"
Locality: 167 RUSSELL COUNTY,0601,601 -  EAST LEBANON,"1,494",44,"1,538",4,1,,14,"18,722",597,"19,319",86,11,2,133,"6,042,361","407,886","6,450,247","144,362","22,392","12,814","2,532"
Locality: 167 RUSSELL COUNTY,0602,602 - ELK GARDEN,"1,893",63,"1,956",6,1,,14,"18,722",597,"19,319",86,11,2,133,"6,042,361","407,886","6,450,247","144,362","22,392","12,814","2,532"
Locality: 169 SCOTT COUNTY,0101,101 - WEBER CITY,"1,074",73,"1,147",6,,1,17,"15,436",763,"16,199",42,2,1,133,"6,042,361","407,886","6,450,247","144,362","22,392","12,814","2,532"
Locality: 169 SCOTT COUNTY,0102,102 - YUMA,"1,389",49,"1,438",5,,,17,"15,436",763,"16,199",42,2,1,133,"6,042,361","407,886","6,450,247","144,362","22,392","12,814","2,532"
Locality: 169 SCOTT COUNTY,0202,202 - WEBER CITY EAST,"1,013",44,"1,057",2,,,17,"15,436",763,"16,199",42,2,1,133,"6,042,361","407,886","6,450,247","144,362","22,392","12,814","2,532"
Locality: 169 SCOTT COUNTY,0203,203 - HILTONS,"1,315",65,"1,380",5,,,17,"15,436",763,"16,199",42,2,1,133,"6,042,361","407,886","6,450,247","144,362","22,392","12,814","2,532"
Locality: 169 SCOTT COUNTY,0204,204 - CLARK'S,357,12,369,,,,17,"15,436",763,"16,199",42,2,1,133,"6,042,361","407,886","6,450,247","144,362","22,392","12,814","2,532"
Locality: 169 SCOTT COUNTY,0301,301 - NICKELSVILLE,"1,001",54,"1,055",4,,,17,"15,436",763,"16,199",42,2,1,133,"6,042,361","407,886","6,450,247","144,362","22,392","12,814","2,532"
Locality: 169 SCOTT COUNTY,0302,302 - SNOWFLAKE,685,31,716,4,,,17,"15,436",763,"16,199",42,2,1,133,"6,042,361","407,886","6,450,247","144,362","22,392","12,814","2,532"
Locality: 169 SCOTT COUNTY,0303,303 - TWIN SPRINGS,766,22,788,2,,,17,"15,436",763,"16,199",42,2,1,133,"6,042,361","407,886","6,450,247","144,362","22,392","12,814","2,532"
Locality: 169 SCOTT COUNTY,0304,304 - COPPER CREEK,250,18,268,,,,17,"15,436",763,"16,199",42,2,1,133,"6,042,361","407,886","6,450,247","144,362","22,392","12,814","2,532"
Locality: 169 SCOTT COUNTY,0401,401 - GATE CITY,"2,772",181,"2,953",5,1,,17,"15,436",763,"16,199",42,2,1,133,"6,042,361","407,886","6,450,247","144,362","22,392","12,814","2,532"
Locality: 169 SCOTT COUNTY,0501,501 - DUNGANNON,599,35,634,1,1,,17,"15,436",763,"16,199",42,2,1,133,"6,042,361","407,886","6,450,247","144,362","22,392","12,814","2,532"
Locality: 169 SCOTT COUNTY,0502,502 - FORT BLACKMORE,622,28,650,2,,,17,"15,436",763,"16,199",42,2,1,133,"6,042,361","407,886","6,450,247","144,362","22,392","12,814","2,532"
Locality: 169 SCOTT COUNTY,0503,503 - MANVILLE,446,22,468,1,,,17,"15,436",763,"16,199",42,2,1,133,"6,042,361","407,886","6,450,247","144,362","22,392","12,814","2,532"
Locality: 169 SCOTT COUNTY,0504,504 - RYE COVE,849,40,889,,,,17,"15,436",763,"16,199",42,2,1,133,"6,042,361","407,886","6,450,247","144,362","22,392","12,814","2,532"
Locality: 169 SCOTT COUNTY,0601,601 - CLINCHPORT,644,30,674,2,,,17,"15,436",763,"16,199",42,2,1,133,"6,042,361","407,886","6,450,247","144,362","22,392","12,814","2,532"
Locality: 169 SCOTT COUNTY,0602,602 - DUFFIELD-PATTONSVILLE,"1,312",50,"1,362",3,,,17,"15,436",763,"16,199",42,2,1,133,"6,042,361","407,886","6,450,247","144,362","22,392","12,814","2,532"
Locality: 169 SCOTT COUNTY,0603,603 - FAIRVIEW,342,9,351,,,,17,"15,436",763,"16,199",42,2,1,133,"6,042,361","407,886","6,450,247","144,362","22,392","12,814","2,532"
Locality: 171 SHENANDOAH COUNTY,0101,101 - ORKNEY SPRINGS,"1,679",65,"1,744",17,5,8,14,"32,872","1,299","34,171",219,39,45,133,"6,042,361","407,886","6,450,247","144,362","22,392","12,814","2,532"
Locality: 171 SHENANDOAH COUNTY,0103,103 - NEW MARKET,"3,703",154,"3,857",21,7,5,14,"32,872","1,299","34,171",219,39,45,133,"6,042,361","407,886","6,450,247","144,362","22,392","12,814","2,532"
Locality: 171 SHENANDOAH COUNTY,0201,201 - CONICVILLE,"3,009",90,"3,099",19,2,3,14,"32,872","1,299","34,171",219,39,45,133,"6,042,361","407,886","6,450,247","144,362","22,392","12,814","2,532"
Locality: 171 SHENANDOAH COUNTY,0202,202 - MT JACKSON,"2,395",95,"2,490",12,2,2,14,"32,872","1,299","34,171",219,39,45,133,"6,042,361","407,886","6,450,247","144,362","22,392","12,814","2,532"
Locality: 171 SHENANDOAH COUNTY,0302,302 - EDINBURG,"2,004",71,"2,075",16,4,3,14,"32,872","1,299","34,171",219,39,45,133,"6,042,361","407,886","6,450,247","144,362","22,392","12,814","2,532"
Locality: 171 SHENANDOAH COUNTY,0303,303 - ST LUKE,"2,679",65,"2,744",24,2,2,14,"32,872","1,299","34,171",219,39,45,133,"6,042,361","407,886","6,450,247","144,362","22,392","12,814","2,532"
Locality: 171 SHENANDOAH COUNTY,0304,304 - FORT VALLEY,"1,227",38,"1,265",15,2,1,14,"32,872","1,299","34,171",219,39,45,133,"6,042,361","407,886","6,450,247","144,362","22,392","12,814","2,532"
Locality: 171 SHENANDOAH COUNTY,0401,401 - WOODSTOCK NORTH,"2,644",115,"2,759",17,3,4,14,"32,872","1,299","34,171",219,39,45,133,"6,042,361","407,886","6,450,247","144,362","22,392","12,814","2,532"
Locality: 171 SHENANDOAH COUNTY,0402,402 - WOODSTOCK SOUTH,"2,236",138,"2,374",17,1,3,14,"32,872","1,299","34,171",219,39,45,133,"6,042,361","407,886","6,450,247","144,362","22,392","12,814","2,532"
Locality: 171 SHENANDOAH COUNTY,0501,501 - CEDAR CREEK,213,11,224,1,1,,14,"32,872","1,299","34,171",219,39,45,133,"6,042,361","407,886","6,450,247","144,362","22,392","12,814","2,532"
Locality: 171 SHENANDOAH COUNTY,0503,503 - TOMS BROOK,"3,306",104,"3,410",17,5,6,14,"32,872","1,299","34,171",219,39,45,133,"6,042,361","407,886","6,450,247","144,362","22,392","12,814","2,532"
Locality: 171 SHENANDOAH COUNTY,0504,504 - LEBANON CHURCH,"2,315",60,"2,375",15,,2,14,"32,872","1,299","34,171",219,39,45,133,"6,042,361","407,886","6,450,247","144,362","22,392","12,814","2,532"
Locality: 171 SHENANDOAH COUNTY,0601,601 - STRASBURG WEST,"2,706",147,"2,853",12,1,3,14,"32,872","1,299","34,171",219,39,45,133,"6,042,361","407,886","6,450,247","144,362","22,392","12,814","2,532"
Locality: 171 SHENANDOAH COUNTY,0602,602 - STRASBURG EAST,"2,756",146,"2,902",16,4,3,14,"32,872","1,299","34,171",219,39,45,133,"6,042,361","407,886","6,450,247","144,362","22,392","12,814","2,532"
Locality: 173 SMYTH COUNTY,0101,101 - SALTVILLE,"2,744",89,"2,833",19,1,,12,"20,207",872,"21,079",149,18,1,133,"6,042,361","407,886","6,450,247","144,362","22,392","12,814","2,532"
Locality: 173 SMYTH COUNTY,0201,201 - SEVEN MILE FORD,"2,048",79,"2,127",22,1,,12,"20,207",872,"21,079",149,18,1,133,"6,042,361","407,886","6,450,247","144,362","22,392","12,814","2,532"
Locality: 173 SMYTH COUNTY,0202,202 - RICH VALLEY,772,24,796,6,,,12,"20,207",872,"21,079",149,18,1,133,"6,042,361","407,886","6,450,247","144,362","22,392","12,814","2,532"
Locality: 173 SMYTH COUNTY,0301,301 - CHILHOWIE,"2,955",110,"3,065",19,,1,12,"20,207",872,"21,079",149,18,1,133,"6,042,361","407,886","6,450,247","144,362","22,392","12,814","2,532"
Locality: 173 SMYTH COUNTY,0401,401 - EAST PARK,"2,818",209,"3,027",14,4,,12,"20,207",872,"21,079",149,18,1,133,"6,042,361","407,886","6,450,247","144,362","22,392","12,814","2,532"
Locality: 173 SMYTH COUNTY,0501,501 - ATKINS,"1,807",74,"1,881",10,,,12,"20,207",872,"21,079",149,18,1,133,"6,042,361","407,886","6,450,247","144,362","22,392","12,814","2,532"
Locality: 173 SMYTH COUNTY,0502,502 - WASSONA,"1,179",40,"1,219",14,4,,12,"20,207",872,"21,079",149,18,1,133,"6,042,361","407,886","6,450,247","144,362","22,392","12,814","2,532"
Locality: 173 SMYTH COUNTY,0601,601 - ROYAL OAK EAST,"1,895",112,"2,007",17,2,,12,"20,207",872,"21,079",149,18,1,133,"6,042,361","407,886","6,450,247","144,362","22,392","12,814","2,532"
Locality: 173 SMYTH COUNTY,0602,602 - ROYAL OAK WEST,906,28,934,7,3,,12,"20,207",872,"21,079",149,18,1,133,"6,042,361","407,886","6,450,247","144,362","22,392","12,814","2,532"
Locality: 173 SMYTH COUNTY,0701,701 - ADWOLFE,"1,831",61,"1,892",13,2,,12,"20,207",872,"21,079",149,18,1,133,"6,042,361","407,886","6,450,247","144,362","22,392","12,814","2,532"
Locality: 173 SMYTH COUNTY,0702,702 - SUGAR GROVE,"1,100",42,"1,142",6,1,,12,"20,207",872,"21,079",149,18,1,133,"6,042,361","407,886","6,450,247","144,362","22,392","12,814","2,532"
Locality: 173 SMYTH COUNTY,0703,703 - KONNAROCK,152,4,156,2,,,12,"20,207",872,"21,079",149,18,1,133,"6,042,361","407,886","6,450,247","144,362","22,392","12,814","2,532"
Locality: 175 SOUTHAMPTON COUNTY,0101,101 - BERLIN,"1,017",40,"1,057",32,,,11,"13,023",549,"13,572",259,10,8,133,"6,042,361","407,886","6,450,247","144,362","22,392","12,814","2,532"
Locality: 175 SOUTHAMPTON COUNTY,0102,102 - IVOR,"1,319",50,"1,369",41,1,,11,"13,023",549,"13,572",259,10,8,133,"6,042,361","407,886","6,450,247","144,362","22,392","12,814","2,532"
Locality: 175 SOUTHAMPTON COUNTY,0201,201 - BOYKINS-BRANCHVILLE,"1,536",50,"1,586",22,2,,11,"13,023",549,"13,572",259,10,8,133,"6,042,361","407,886","6,450,247","144,362","22,392","12,814","2,532"
Locality: 175 SOUTHAMPTON COUNTY,0301,301 - CAPRON-DREWRYVILLE,"1,467",57,"1,524",18,3,3,11,"13,023",549,"13,572",259,10,8,133,"6,042,361","407,886","6,450,247","144,362","22,392","12,814","2,532"
Locality: 175 SOUTHAMPTON COUNTY,0302,302 - SEBRELL,"1,005",38,"1,043",20,1,,11,"13,023",549,"13,572",259,10,8,133,"6,042,361","407,886","6,450,247","144,362","22,392","12,814","2,532"
Locality: 175 SOUTHAMPTON COUNTY,0501,501 - DARDEN MILL,"1,107",36,"1,143",28,2,2,11,"13,023",549,"13,572",259,10,8,133,"6,042,361","407,886","6,450,247","144,362","22,392","12,814","2,532"
Locality: 175 SOUTHAMPTON COUNTY,0502,502 - FAIRGROUNDS,"1,173",41,"1,214",22,,,11,"13,023",549,"13,572",259,10,8,133,"6,042,361","407,886","6,450,247","144,362","22,392","12,814","2,532"
Locality: 175 SOUTHAMPTON COUNTY,0601,601 - COURTLAND,"1,459",81,"1,540",29,1,2,11,"13,023",549,"13,572",259,10,8,133,"6,042,361","407,886","6,450,247","144,362","22,392","12,814","2,532"
Locality: 175 SOUTHAMPTON COUNTY,0602,602 - SEDLEY,307,6,313,4,,,11,"13,023",549,"13,572",259,10,8,133,"6,042,361","407,886","6,450,247","144,362","22,392","12,814","2,532"
Locality: 175 SOUTHAMPTON COUNTY,0701,701 - BLACKWATER RIVER,"1,460",105,"1,565",20,,1,11,"13,023",549,"13,572",259,10,8,133,"6,042,361","407,886","6,450,247","144,362","22,392","12,814","2,532"
Locality: 175 SOUTHAMPTON COUNTY,0702,702 - NEWSOMS,"1,173",45,"1,218",23,,,11,"13,023",549,"13,572",259,10,8,133,"6,042,361","407,886","6,450,247","144,362","22,392","12,814","2,532"
Locality: 177 SPOTSYLVANIA COUNTY,0101,101 - PARTLOW RURITAN,"3,316",122,"3,438",71,3,1,29,"109,750","5,042","114,792","3,541",284,96,133,"6,042,361","407,886","6,450,247","144,362","22,392","12,814","2,532"
Locality: 177 SPOTSYLVANIA COUNTY,0102,102 - BERKELEY,"3,692",105,"3,797",94,6,,29,"109,750","5,042","114,792","3,541",284,96,133,"6,042,361","407,886","6,450,247","144,362","22,392","12,814","2,532"
Locality: 177 SPOTSYLVANIA COUNTY,0103,103 - JOHN J WRIGHT,"5,967",193,"6,160",214,8,7,29,"109,750","5,042","114,792","3,541",284,96,133,"6,042,361","407,886","6,450,247","144,362","22,392","12,814","2,532"
Locality: 177 SPOTSYLVANIA COUNTY,0104,104 - MASSAPONAX HIGH,"4,974",317,"5,291",189,4,2,29,"109,750","5,042","114,792","3,541",284,96,133,"6,042,361","407,886","6,450,247","144,362","22,392","12,814","2,532"
Locality: 177 SPOTSYLVANIA COUNTY,0201,201 - WILDERNESS ELEMENTARY,"2,598",124,"2,722",68,11,2,29,"109,750","5,042","114,792","3,541",284,96,133,"6,042,361","407,886","6,450,247","144,362","22,392","12,814","2,532"
Locality: 177 SPOTSYLVANIA COUNTY,0202,202 - FIRE RESCUE 7,"4,687",196,"4,883",175,17,13,29,"109,750","5,042","114,792","3,541",284,96,133,"6,042,361","407,886","6,450,247","144,362","22,392","12,814","2,532"
Locality: 177 SPOTSYLVANIA COUNTY,0203,203 - NI RIVER MIDDLE,"4,115",144,"4,259",134,12,5,29,"109,750","5,042","114,792","3,541",284,96,133,"6,042,361","407,886","6,450,247","144,362","22,392","12,814","2,532"
Locality: 177 SPOTSYLVANIA COUNTY,0204,204 - CHANCELLOR ELEMENTARY,"4,157",209,"4,366",142,11,2,29,"109,750","5,042","114,792","3,541",284,96,133,"6,042,361","407,886","6,450,247","144,362","22,392","12,814","2,532"
Locality: 177 SPOTSYLVANIA COUNTY,0301,301 - SALEM ELEMENTARY,"2,821",153,"2,974",71,3,5,29,"109,750","5,042","114,792","3,541",284,96,133,"6,042,361","407,886","6,450,247","144,362","22,392","12,814","2,532"
Locality: 177 SPOTSYLVANIA COUNTY,0302,302 - SALEM LIBRARY,"4,629",234,"4,863",160,14,4,29,"109,750","5,042","114,792","3,541",284,96,133,"6,042,361","407,886","6,450,247","144,362","22,392","12,814","2,532"
Locality: 177 SPOTSYLVANIA COUNTY,0303,303 - RIVERBEND HIGH,"4,602",153,"4,755",137,13,1,29,"109,750","5,042","114,792","3,541",284,96,133,"6,042,361","407,886","6,450,247","144,362","22,392","12,814","2,532"
Locality: 177 SPOTSYLVANIA COUNTY,0304,304 - KNIGHTS OF PYTHIAS,"3,214",163,"3,377",107,3,4,29,"109,750","5,042","114,792","3,541",284,96,133,"6,042,361","407,886","6,450,247","144,362","22,392","12,814","2,532"
Locality: 177 SPOTSYLVANIA COUNTY,0401,401 - COSNER PARK,"3,785",181,"3,966",122,8,5,29,"109,750","5,042","114,792","3,541",284,96,133,"6,042,361","407,886","6,450,247","144,362","22,392","12,814","2,532"
Locality: 177 SPOTSYLVANIA COUNTY,0402,402 - GERMANNA CAMPUS,"4,226",255,"4,481",152,13,2,29,"109,750","5,042","114,792","3,541",284,96,133,"6,042,361","407,886","6,450,247","144,362","22,392","12,814","2,532"
Locality: 177 SPOTSYLVANIA COUNTY,0403,403 - LEE HILL ELEMENTARY,"4,209",244,"4,453",151,9,4,29,"109,750","5,042","114,792","3,541",284,96,133,"6,042,361","407,886","6,450,247","144,362","22,392","12,814","2,532"
Locality: 177 SPOTSYLVANIA COUNTY,0404,404 - NEW POST CHURCH,"2,485",127,"2,612",90,6,3,29,"109,750","5,042","114,792","3,541",284,96,133,"6,042,361","407,886","6,450,247","144,362","22,392","12,814","2,532"
Locality: 177 SPOTSYLVANIA COUNTY,0501,501 - BELMONT RURITAN,"2,924",97,"3,021",66,6,2,29,"109,750","5,042","114,792","3,541",284,96,133,"6,042,361","407,886","6,450,247","144,362","22,392","12,814","2,532"
Locality: 177 SPOTSYLVANIA COUNTY,0502,502 - FIRE RESCUE 2,"2,653",102,"2,755",65,7,,29,"109,750","5,042","114,792","3,541",284,96,133,"6,042,361","407,886","6,450,247","144,362","22,392","12,814","2,532"
Locality: 177 SPOTSYLVANIA COUNTY,0503,503 - SPOTSYLVANIA HIGH,"2,706",85,"2,791",75,2,,29,"109,750","5,042","114,792","3,541",284,96,133,"6,042,361","407,886","6,450,247","144,362","22,392","12,814","2,532"
Locality: 177 SPOTSYLVANIA COUNTY,0504,504 - PUBLIC SAFETY,"3,800",156,"3,956",123,22,3,29,"109,750","5,042","114,792","3,541",284,96,133,"6,042,361","407,886","6,450,247","144,362","22,392","12,814","2,532"
Locality: 177 SPOTSYLVANIA COUNTY,0505,505 - BROCK ROAD ELEMENTARY,"5,003",165,"5,168",161,21,4,29,"109,750","5,042","114,792","3,541",284,96,133,"6,042,361","407,886","6,450,247","144,362","22,392","12,814","2,532"
Locality: 177 SPOTSYLVANIA COUNTY,0601,601 - BATTLEFIELD ELEMENTARY,"3,718",146,"3,864",132,7,1,29,"109,750","5,042","114,792","3,541",284,96,133,"6,042,361","407,886","6,450,247","144,362","22,392","12,814","2,532"
Locality: 177 SPOTSYLVANIA COUNTY,0602,602 - SMITH STATION ELEMENTARY,"4,283",226,"4,509",147,11,2,29,"109,750","5,042","114,792","3,541",284,96,133,"6,042,361","407,886","6,450,247","144,362","22,392","12,814","2,532"
Locality: 177 SPOTSYLVANIA COUNTY,0603,603 - CHANCELLOR HIGH,"2,808",160,"2,968",100,7,4,29,"109,750","5,042","114,792","3,541",284,96,133,"6,042,361","407,886","6,450,247","144,362","22,392","12,814","2,532"
Locality: 177 SPOTSYLVANIA COUNTY,0604,604 - COURTHOUSE ROAD ELEMENTARY,"2,985",185,"3,170",103,4,2,29,"109,750","5,042","114,792","3,541",284,96,133,"6,042,361","407,886","6,450,247","144,362","22,392","12,814","2,532"
Locality: 177 SPOTSYLVANIA COUNTY,0701,701 - SPOTSWOOD ELEMENTARY,"3,389",174,"3,563",89,4,4,29,"109,750","5,042","114,792","3,541",284,96,133,"6,042,361","407,886","6,450,247","144,362","22,392","12,814","2,532"
Locality: 177 SPOTSYLVANIA COUNTY,0702,702 - EASTLAND CHURCH,"3,758",295,"4,053",120,11,7,29,"109,750","5,042","114,792","3,541",284,96,133,"6,042,361","407,886","6,450,247","144,362","22,392","12,814","2,532"
Locality: 177 SPOTSYLVANIA COUNTY,0703,703 - LEES PARKE,"4,187",207,"4,394",169,21,2,29,"109,750","5,042","114,792","3,541",284,96,133,"6,042,361","407,886","6,450,247","144,362","22,392","12,814","2,532"
Locality: 177 SPOTSYLVANIA COUNTY,0704,704 - COURTLAND ELEMENTARY,"4,059",124,"4,183",114,20,5,29,"109,750","5,042","114,792","3,541",284,96,133,"6,042,361","407,886","6,450,247","144,362","22,392","12,814","2,532"
Locality: 179 STAFFORD COUNTY,0101,101 - HARTWOOD,"4,931",224,"5,155",276,30,10,37,"113,082","7,006","120,088","6,728",510,102,133,"6,042,361","407,886","6,450,247","144,362","22,392","12,814","2,532"
Locality: 179 STAFFORD COUNTY,0102,102 - SIMPSON,"3,410",145,"3,555",192,13,5,37,"113,082","7,006","120,088","6,728",510,102,133,"6,042,361","407,886","6,450,247","144,362","22,392","12,814","2,532"
Locality: 179 STAFFORD COUNTY,0103,103 - COLLEGE,"3,140",174,"3,314",171,19,2,37,"113,082","7,006","120,088","6,728",510,102,133,"6,042,361","407,886","6,450,247","144,362","22,392","12,814","2,532"
Locality: 179 STAFFORD COUNTY,0104,104 - WESTLAKE,"2,317",71,"2,388",101,4,,37,"113,082","7,006","120,088","6,728",510,102,133,"6,042,361","407,886","6,450,247","144,362","22,392","12,814","2,532"
Locality: 179 STAFFORD COUNTY,0105,105 - ROCKY RUN,"1,899",178,"2,077",110,8,,37,"113,082","7,006","120,088","6,728",510,102,133,"6,042,361","407,886","6,450,247","144,362","22,392","12,814","2,532"
Locality: 179 STAFFORD COUNTY,0106,106 - FORGE,"1,759",130,"1,889",134,9,,37,"113,082","7,006","120,088","6,728",510,102,133,"6,042,361","407,886","6,450,247","144,362","22,392","12,814","2,532"
Locality: 179 STAFFORD COUNTY,0201,201 - ROCK HILL,"4,383",298,"4,681",338,19,1,37,"113,082","7,006","120,088","6,728",510,102,133,"6,042,361","407,886","6,450,247","144,362","22,392","12,814","2,532"
Locality: 179 STAFFORD COUNTY,0202,202 - ROSEVILLE,"3,493",180,"3,673",220,17,5,37,"113,082","7,006","120,088","6,728",510,102,133,"6,042,361","407,886","6,450,247","144,362","22,392","12,814","2,532"
Locality: 179 STAFFORD COUNTY,0203,203 - RUBY,"3,058",171,"3,229",178,13,5,37,"113,082","7,006","120,088","6,728",510,102,133,"6,042,361","407,886","6,450,247","144,362","22,392","12,814","2,532"
Locality: 179 STAFFORD COUNTY,0204,204 - STEFANIGA,"3,639",204,"3,843",261,24,1,37,"113,082","7,006","120,088","6,728",510,102,133,"6,042,361","407,886","6,450,247","144,362","22,392","12,814","2,532"
Locality: 179 STAFFORD COUNTY,0205,205 - MOUNT ARARAT,"1,542",82,"1,624",82,7,1,37,"113,082","7,006","120,088","6,728",510,102,133,"6,042,361","407,886","6,450,247","144,362","22,392","12,814","2,532"
Locality: 179 STAFFORD COUNTY,0301,301 - STAFFORDBORO,"2,149",187,"2,336",109,2,1,37,"113,082","7,006","120,088","6,728",510,102,133,"6,042,361","407,886","6,450,247","144,362","22,392","12,814","2,532"
Locality: 179 STAFFORD COUNTY,0302,302 - WIDEWATER,"2,606",105,"2,711",140,10,2,37,"113,082","7,006","120,088","6,728",510,102,133,"6,042,361","407,886","6,450,247","144,362","22,392","12,814","2,532"
Locality: 179 STAFFORD COUNTY,0303,303 - BARRETT HEIGHTS,"1,938",140,"2,078",128,8,4,37,"113,082","7,006","120,088","6,728",510,102,133,"6,042,361","407,886","6,450,247","144,362","22,392","12,814","2,532"
Locality: 179 STAFFORD COUNTY,0304,304 - AQUIA EPISCOPAL,"1,038",93,"1,131",65,8,,37,"113,082","7,006","120,088","6,728",510,102,133,"6,042,361","407,886","6,450,247","144,362","22,392","12,814","2,532"
Locality: 179 STAFFORD COUNTY,0305,305 - GRIFFIS,"1,284",133,"1,417",177,3,1,37,"113,082","7,006","120,088","6,728",510,102,133,"6,042,361","407,886","6,450,247","144,362","22,392","12,814","2,532"
Locality: 179 STAFFORD COUNTY,0306,306 - MIDWAY,"2,864",191,"3,055",161,15,,37,"113,082","7,006","120,088","6,728",510,102,133,"6,042,361","407,886","6,450,247","144,362","22,392","12,814","2,532"
Locality: 179 STAFFORD COUNTY,0401,401 - COURTHOUSE,"3,909",299,"4,208",278,8,2,37,"113,082","7,006","120,088","6,728",510,102,133,"6,042,361","407,886","6,450,247","144,362","22,392","12,814","2,532"
Locality: 179 STAFFORD COUNTY,0402,402 - BROOKE,"2,411",170,"2,581",161,21,1,37,"113,082","7,006","120,088","6,728",510,102,133,"6,042,361","407,886","6,450,247","144,362","22,392","12,814","2,532"
Locality: 179 STAFFORD COUNTY,0403,403 - HARBOUR,"2,281",138,"2,419",177,15,8,37,"113,082","7,006","120,088","6,728",510,102,133,"6,042,361","407,886","6,450,247","144,362","22,392","12,814","2,532"
Locality: 179 STAFFORD COUNTY,0404,404 - GOVERNMENT ISLAND,"2,847",201,"3,048",238,21,7,37,"113,082","7,006","120,088","6,728",510,102,133,"6,042,361","407,886","6,450,247","144,362","22,392","12,814","2,532"
Locality: 179 STAFFORD COUNTY,0405,405 - HOPE,"4,456",279,"4,735",265,17,2,37,"113,082","7,006","120,088","6,728",510,102,133,"6,042,361","407,886","6,450,247","144,362","22,392","12,814","2,532"
Locality: 179 STAFFORD COUNTY,0406,406 - AQUIA,796,144,940,75,1,,37,"113,082","7,006","120,088","6,728",510,102,133,"6,042,361","407,886","6,450,247","144,362","22,392","12,814","2,532"
Locality: 179 STAFFORD COUNTY,0501,501 - GRAFTON,"4,830",223,"5,053",191,27,4,37,"113,082","7,006","120,088","6,728",510,102,133,"6,042,361","407,886","6,450,247","144,362","22,392","12,814","2,532"
Locality: 179 STAFFORD COUNTY,0502,502 - FALMOUTH,"3,241",169,"3,410",115,13,5,37,"113,082","7,006","120,088","6,728",510,102,133,"6,042,361","407,886","6,450,247","144,362","22,392","12,814","2,532"
Locality: 179 STAFFORD COUNTY,0503,503 - DREW,"4,370",230,"4,600",177,8,2,37,"113,082","7,006","120,088","6,728",510,102,133,"6,042,361","407,886","6,450,247","144,362","22,392","12,814","2,532"
Locality: 179 STAFFORD COUNTY,0504,504 - GAYLE,"3,145",204,"3,349",99,7,1,37,"113,082","7,006","120,088","6,728",510,102,133,"6,042,361","407,886","6,450,247","144,362","22,392","12,814","2,532"
Locality: 179 STAFFORD COUNTY,0505,505 - ESKIMO HILL,"1,423",96,"1,519",124,3,,37,"113,082","7,006","120,088","6,728",510,102,133,"6,042,361","407,886","6,450,247","144,362","22,392","12,814","2,532"
Locality: 179 STAFFORD COUNTY,0601,601 - FERRY FARM,"3,026",129,"3,155",80,15,5,37,"113,082","7,006","120,088","6,728",510,102,133,"6,042,361","407,886","6,450,247","144,362","22,392","12,814","2,532"
Locality: 179 STAFFORD COUNTY,0602,602 - CHATHAM,"3,753",222,"3,975",146,11,2,37,"113,082","7,006","120,088","6,728",510,102,133,"6,042,361","407,886","6,450,247","144,362","22,392","12,814","2,532"
Locality: 179 STAFFORD COUNTY,0603,603 - WHITE OAK,"3,680",157,"3,837",135,17,3,37,"113,082","7,006","120,088","6,728",510,102,133,"6,042,361","407,886","6,450,247","144,362","22,392","12,814","2,532"
Locality: 179 STAFFORD COUNTY,0604,604 - ENGLAND RUN,"1,726",208,"1,934",71,1,,37,"113,082","7,006","120,088","6,728",510,102,133,"6,042,361","407,886","6,450,247","144,362","22,392","12,814","2,532"
Locality: 179 STAFFORD COUNTY,0605,605 - MELCHERS,"4,546",252,"4,798",126,15,,37,"113,082","7,006","120,088","6,728",510,102,133,"6,042,361","407,886","6,450,247","144,362","22,392","12,814","2,532"
Locality: 179 STAFFORD COUNTY,0701,701 - PARK RIDGE,"4,085",325,"4,410",334,19,6,37,"113,082","7,006","120,088","6,728",510,102,133,"6,042,361","407,886","6,450,247","144,362","22,392","12,814","2,532"
Locality: 179 STAFFORD COUNTY,0702,702 - WHITSON,"3,183",259,"3,442",218,12,5,37,"113,082","7,006","120,088","6,728",510,102,133,"6,042,361","407,886","6,450,247","144,362","22,392","12,814","2,532"
Locality: 179 STAFFORD COUNTY,0703,703 - HAMPTON,"4,181",239,"4,420",342,38,9,37,"113,082","7,006","120,088","6,728",510,102,133,"6,042,361","407,886","6,450,247","144,362","22,392","12,814","2,532"
Locality: 179 STAFFORD COUNTY,0704,704 - POOLE ,"5,743",356,"6,099",533,32,2,37,"113,082","7,006","120,088","6,728",510,102,133,"6,042,361","407,886","6,450,247","144,362","22,392","12,814","2,532"
Locality: 181 SURRY COUNTY,0101,101 - SURRY,"1,189",46,"1,235",32,,,6,"5,665",175,"5,840",141,1,,133,"6,042,361","407,886","6,450,247","144,362","22,392","12,814","2,532"
Locality: 181 SURRY COUNTY,0201,201 - BACONS CASTLE,"1,107",34,"1,141",30,,,6,"5,665",175,"5,840",141,1,,133,"6,042,361","407,886","6,450,247","144,362","22,392","12,814","2,532"
Locality: 181 SURRY COUNTY,0301,301 - DENDRON,"1,118",26,"1,144",30,1,,6,"5,665",175,"5,840",141,1,,133,"6,042,361","407,886","6,450,247","144,362","22,392","12,814","2,532"
Locality: 181 SURRY COUNTY,0401,401 - CARSLEY,"1,195",35,"1,230",15,,,6,"5,665",175,"5,840",141,1,,133,"6,042,361","407,886","6,450,247","144,362","22,392","12,814","2,532"
Locality: 181 SURRY COUNTY,0501,501 - CLAREMONT,701,17,718,26,,,6,"5,665",175,"5,840",141,1,,133,"6,042,361","407,886","6,450,247","144,362","22,392","12,814","2,532"
Locality: 181 SURRY COUNTY,0502,502 - SPRING GROVE,355,17,372,8,,,6,"5,665",175,"5,840",141,1,,133,"6,042,361","407,886","6,450,247","144,362","22,392","12,814","2,532"
Locality: 183 SUSSEX COUNTY,0101,101 - WAVERLY,"1,013",32,"1,045",18,1,,10,"7,007",304,"7,311",111,5,,133,"6,042,361","407,886","6,450,247","144,362","22,392","12,814","2,532"
Locality: 183 SUSSEX COUNTY,0201,201 - STONY CREEK,"1,027",35,"1,062",11,,,10,"7,007",304,"7,311",111,5,,133,"6,042,361","407,886","6,450,247","144,362","22,392","12,814","2,532"
Locality: 183 SUSSEX COUNTY,0301,301 - COURTHOUSE,366,10,376,4,1,,10,"7,007",304,"7,311",111,5,,133,"6,042,361","407,886","6,450,247","144,362","22,392","12,814","2,532"
Locality: 183 SUSSEX COUNTY,0302,302 - NEWVILLE ONE,269,17,286,4,,,10,"7,007",304,"7,311",111,5,,133,"6,042,361","407,886","6,450,247","144,362","22,392","12,814","2,532"
Locality: 183 SUSSEX COUNTY,0401,401 - WAKEFIELD FIREHOUSE,"1,148",68,"1,216",27,2,,10,"7,007",304,"7,311",111,5,,133,"6,042,361","407,886","6,450,247","144,362","22,392","12,814","2,532"
Locality: 183 SUSSEX COUNTY,0501,501 - HENRY,"1,023",47,"1,070",10,,,10,"7,007",304,"7,311",111,5,,133,"6,042,361","407,886","6,450,247","144,362","22,392","12,814","2,532"
Locality: 183 SUSSEX COUNTY,0601,601 - BLACKWATER,832,43,875,15,1,,10,"7,007",304,"7,311",111,5,,133,"6,042,361","407,886","6,450,247","144,362","22,392","12,814","2,532"
Locality: 183 SUSSEX COUNTY,0602,602 - WAKEFIELD,257,9,266,5,,,10,"7,007",304,"7,311",111,5,,133,"6,042,361","407,886","6,450,247","144,362","22,392","12,814","2,532"
Locality: 183 SUSSEX COUNTY,0701,701 - YALE,679,22,701,12,,,10,"7,007",304,"7,311",111,5,,133,"6,042,361","407,886","6,450,247","144,362","22,392","12,814","2,532"
Locality: 183 SUSSEX COUNTY,0702,702 - NEWVILLE TWO,393,21,414,5,,,10,"7,007",304,"7,311",111,5,,133,"6,042,361","407,886","6,450,247","144,362","22,392","12,814","2,532"
Locality: 185 TAZEWELL COUNTY,0101,101 - INDIAN VALLEY,875,82,957,5,,,19,"25,940","2,326","28,266",179,6,9,133,"6,042,361","407,886","6,450,247","144,362","22,392","12,814","2,532"
Locality: 185 TAZEWELL COUNTY,0102,102 - TIP TOP,707,55,762,6,,1,19,"25,940","2,326","28,266",179,6,9,133,"6,042,361","407,886","6,450,247","144,362","22,392","12,814","2,532"
Locality: 185 TAZEWELL COUNTY,0103,103 - MUNDY TOWN,"1,455",169,"1,624",17,1,1,19,"25,940","2,326","28,266",179,6,9,133,"6,042,361","407,886","6,450,247","144,362","22,392","12,814","2,532"
Locality: 185 TAZEWELL COUNTY,0104,104 - FALLS MILLS,729,82,811,4,,,19,"25,940","2,326","28,266",179,6,9,133,"6,042,361","407,886","6,450,247","144,362","22,392","12,814","2,532"
Locality: 185 TAZEWELL COUNTY,0106,106 - POCAHONTAS,310,46,356,1,,,19,"25,940","2,326","28,266",179,6,9,133,"6,042,361","407,886","6,450,247","144,362","22,392","12,814","2,532"
Locality: 185 TAZEWELL COUNTY,0109,109 - BISHOP,338,60,398,2,,,19,"25,940","2,326","28,266",179,6,9,133,"6,042,361","407,886","6,450,247","144,362","22,392","12,814","2,532"
Locality: 185 TAZEWELL COUNTY,0112,112 - BANDY,379,35,414,3,,,19,"25,940","2,326","28,266",179,6,9,133,"6,042,361","407,886","6,450,247","144,362","22,392","12,814","2,532"
Locality: 185 TAZEWELL COUNTY,0203,203 - BURKES GARDEN,147,9,156,,,,19,"25,940","2,326","28,266",179,6,9,133,"6,042,361","407,886","6,450,247","144,362","22,392","12,814","2,532"
Locality: 185 TAZEWELL COUNTY,0204,204 - CLEAR FORK,770,51,821,5,2,,19,"25,940","2,326","28,266",179,6,9,133,"6,042,361","407,886","6,450,247","144,362","22,392","12,814","2,532"
Locality: 185 TAZEWELL COUNTY,0207,207 - FREESTONE,209,4,213,,,,19,"25,940","2,326","28,266",179,6,9,133,"6,042,361","407,886","6,450,247","144,362","22,392","12,814","2,532"
Locality: 185 TAZEWELL COUNTY,0209,209 - JEFFERSONVILLE,"3,632",352,"3,984",23,1,1,19,"25,940","2,326","28,266",179,6,9,133,"6,042,361","407,886","6,450,247","144,362","22,392","12,814","2,532"
Locality: 185 TAZEWELL COUNTY,0214,214 - THOMPSON VALLEY,725,50,775,3,,,19,"25,940","2,326","28,266",179,6,9,133,"6,042,361","407,886","6,450,247","144,362","22,392","12,814","2,532"
Locality: 185 TAZEWELL COUNTY,0301,301 - CEDAR BLUFF,"2,768",143,"2,911",22,,1,19,"25,940","2,326","28,266",179,6,9,133,"6,042,361","407,886","6,450,247","144,362","22,392","12,814","2,532"
Locality: 185 TAZEWELL COUNTY,0302,302 - BAPTIST VALLEY,448,38,486,1,,,19,"25,940","2,326","28,266",179,6,9,133,"6,042,361","407,886","6,450,247","144,362","22,392","12,814","2,532"
Locality: 185 TAZEWELL COUNTY,0303,303 - PAINT LICK,"2,062",143,"2,205",18,,,19,"25,940","2,326","28,266",179,6,9,133,"6,042,361","407,886","6,450,247","144,362","22,392","12,814","2,532"
Locality: 185 TAZEWELL COUNTY,0401,401 - RICHLANDS,"4,644",448,"5,092",29,,3,19,"25,940","2,326","28,266",179,6,9,133,"6,042,361","407,886","6,450,247","144,362","22,392","12,814","2,532"
Locality: 185 TAZEWELL COUNTY,0402,402 - JEWELL RIDGE,308,14,322,4,,,19,"25,940","2,326","28,266",179,6,9,133,"6,042,361","407,886","6,450,247","144,362","22,392","12,814","2,532"
Locality: 185 TAZEWELL COUNTY,0501,501 - SPRINGVILLE,"1,939",139,"2,078",12,1,1,19,"25,940","2,326","28,266",179,6,9,133,"6,042,361","407,886","6,450,247","144,362","22,392","12,814","2,532"
Locality: 185 TAZEWELL COUNTY,0502,502 - GRAHAM,"3,495",406,"3,901",24,1,1,19,"25,940","2,326","28,266",179,6,9,133,"6,042,361","407,886","6,450,247","144,362","22,392","12,814","2,532"
Locality: 187 WARREN COUNTY,0101,101 - FORK TOWN,"2,147",213,"2,360",19,6,5,11,"30,072","2,301","32,373",333,58,40,133,"6,042,361","407,886","6,450,247","144,362","22,392","12,814","2,532"
Locality: 187 WARREN COUNTY,0102,102 - OTTERBURN,"3,713",221,"3,934",39,3,3,11,"30,072","2,301","32,373",333,58,40,133,"6,042,361","407,886","6,450,247","144,362","22,392","12,814","2,532"
Locality: 187 WARREN COUNTY,0201,201 - HAPPY CREEK,"3,137",201,"3,338",36,7,5,11,"30,072","2,301","32,373",333,58,40,133,"6,042,361","407,886","6,450,247","144,362","22,392","12,814","2,532"
Locality: 187 WARREN COUNTY,0202,202 - LINDEN,"3,287",274,"3,561",29,7,5,11,"30,072","2,301","32,373",333,58,40,133,"6,042,361","407,886","6,450,247","144,362","22,392","12,814","2,532"
Locality: 187 WARREN COUNTY,0301,301 - NORTH RIVER,"2,828",275,"3,103",19,5,2,11,"30,072","2,301","32,373",333,58,40,133,"6,042,361","407,886","6,450,247","144,362","22,392","12,814","2,532"
Locality: 187 WARREN COUNTY,0302,302 - RIVERTON,"3,195",179,"3,374",47,7,2,11,"30,072","2,301","32,373",333,58,40,133,"6,042,361","407,886","6,450,247","144,362","22,392","12,814","2,532"
Locality: 187 WARREN COUNTY,0401,401 - EAST SHENANDOAH,"4,279",358,"4,637",55,12,3,11,"30,072","2,301","32,373",333,58,40,133,"6,042,361","407,886","6,450,247","144,362","22,392","12,814","2,532"
Locality: 187 WARREN COUNTY,0402,402 - WEST SHENANDOAH,"1,822",124,"1,946",22,5,3,11,"30,072","2,301","32,373",333,58,40,133,"6,042,361","407,886","6,450,247","144,362","22,392","12,814","2,532"
Locality: 187 WARREN COUNTY,0501,501 - SOUTH RIVER,"3,611",340,"3,951",38,6,8,11,"30,072","2,301","32,373",333,58,40,133,"6,042,361","407,886","6,450,247","144,362","22,392","12,814","2,532"
Locality: 187 WARREN COUNTY,0502,502 - BENTONVILLE,"1,192",65,"1,257",13,,2,11,"30,072","2,301","32,373",333,58,40,133,"6,042,361","407,886","6,450,247","144,362","22,392","12,814","2,532"
Locality: 187 WARREN COUNTY,0504,504 - BROWNTOWN,861,51,912,16,,2,11,"30,072","2,301","32,373",333,58,40,133,"6,042,361","407,886","6,450,247","144,362","22,392","12,814","2,532"
Locality: 191 WASHINGTON COUNTY,0101,101 - EAST ABINGDON,"3,396",221,"3,617",19,3,5,19,"39,314","1,739","41,053",310,39,31,133,"6,042,361","407,886","6,450,247","144,362","22,392","12,814","2,532"
Locality: 191 WASHINGTON COUNTY,0102,102 - WEST ABINGDON,"1,918",127,"2,045",15,6,2,19,"39,314","1,739","41,053",310,39,31,133,"6,042,361","407,886","6,450,247","144,362","22,392","12,814","2,532"
Locality: 191 WASHINGTON COUNTY,0201,201 - CLINCHBURG,"1,153",51,"1,204",10,1,,19,"39,314","1,739","41,053",310,39,31,133,"6,042,361","407,886","6,450,247","144,362","22,392","12,814","2,532"
Locality: 191 WASHINGTON COUNTY,0202,202 - GREENDALE,"2,065",77,"2,142",16,2,,19,"39,314","1,739","41,053",310,39,31,133,"6,042,361","407,886","6,450,247","144,362","22,392","12,814","2,532"
Locality: 191 WASHINGTON COUNTY,0203,203 - HAYTERS GAP,708,14,722,9,,2,19,"39,314","1,739","41,053",310,39,31,133,"6,042,361","407,886","6,450,247","144,362","22,392","12,814","2,532"
Locality: 191 WASHINGTON COUNTY,0204,204 WOODLAND HILLS,"1,698",68,"1,766",18,3,1,19,"39,314","1,739","41,053",310,39,31,133,"6,042,361","407,886","6,450,247","144,362","22,392","12,814","2,532"
Locality: 191 WASHINGTON COUNTY,0301,301 - WATAUGA,"3,021",107,"3,128",15,6,2,19,"39,314","1,739","41,053",310,39,31,133,"6,042,361","407,886","6,450,247","144,362","22,392","12,814","2,532"
Locality: 191 WASHINGTON COUNTY,0302,302 - SOUTH ABINGDON,"3,212",163,"3,375",25,10,5,19,"39,314","1,739","41,053",310,39,31,133,"6,042,361","407,886","6,450,247","144,362","22,392","12,814","2,532"
Locality: 191 WASHINGTON COUNTY,0401,401 - GLADE SPRING,"2,287",77,"2,364",14,2,,19,"39,314","1,739","41,053",310,39,31,133,"6,042,361","407,886","6,450,247","144,362","22,392","12,814","2,532"
Locality: 191 WASHINGTON COUNTY,0402,402 - MEADOWVIEW,"2,920",112,"3,032",24,,2,19,"39,314","1,739","41,053",310,39,31,133,"6,042,361","407,886","6,450,247","144,362","22,392","12,814","2,532"
Locality: 191 WASHINGTON COUNTY,0501,501 - RHEA VALLEY,"3,599",130,"3,729",49,1,3,19,"39,314","1,739","41,053",310,39,31,133,"6,042,361","407,886","6,450,247","144,362","22,392","12,814","2,532"
Locality: 191 WASHINGTON COUNTY,0502,502 - DAMASCUS,"1,609",67,"1,676",11,,3,19,"39,314","1,739","41,053",310,39,31,133,"6,042,361","407,886","6,450,247","144,362","22,392","12,814","2,532"
Locality: 191 WASHINGTON COUNTY,0504,504 - GREEN COVE,283,3,286,2,,,19,"39,314","1,739","41,053",310,39,31,133,"6,042,361","407,886","6,450,247","144,362","22,392","12,814","2,532"
Locality: 191 WASHINGTON COUNTY,0601,601 - BURSON PLACE,"3,058",143,"3,201",22,1,1,19,"39,314","1,739","41,053",310,39,31,133,"6,042,361","407,886","6,450,247","144,362","22,392","12,814","2,532"
Locality: 191 WASHINGTON COUNTY,0602,602 - MENDOTA,539,26,565,4,,,19,"39,314","1,739","41,053",310,39,31,133,"6,042,361","407,886","6,450,247","144,362","22,392","12,814","2,532"
Locality: 191 WASHINGTON COUNTY,0603,603 - VALLEY INSTITUTE,"2,138",96,"2,234",15,,2,19,"39,314","1,739","41,053",310,39,31,133,"6,042,361","407,886","6,450,247","144,362","22,392","12,814","2,532"
Locality: 191 WASHINGTON COUNTY,0701,701 - HIGH POINT,"2,292",78,"2,370",18,3,2,19,"39,314","1,739","41,053",310,39,31,133,"6,042,361","407,886","6,450,247","144,362","22,392","12,814","2,532"
Locality: 191 WASHINGTON COUNTY,0702,702 - WALLACE,887,43,930,9,,,19,"39,314","1,739","41,053",310,39,31,133,"6,042,361","407,886","6,450,247","144,362","22,392","12,814","2,532"
Locality: 191 WASHINGTON COUNTY,0703,703 - JOHN BATTLE,"2,531",136,"2,667",15,1,1,19,"39,314","1,739","41,053",310,39,31,133,"6,042,361","407,886","6,450,247","144,362","22,392","12,814","2,532"
Locality: 193 WESTMORELAND COUNTY,0101,101 - PRECINCT 1-1,"1,635",61,"1,696",20,4,1,8,"14,982",586,"15,568",299,17,20,133,"6,042,361","407,886","6,450,247","144,362","22,392","12,814","2,532"
Locality: 193 WESTMORELAND COUNTY,0102,102 - PRECINCT 1-2,"1,066",27,"1,093",10,1,2,8,"14,982",586,"15,568",299,17,20,133,"6,042,361","407,886","6,450,247","144,362","22,392","12,814","2,532"
Locality: 193 WESTMORELAND COUNTY,0201,201 - PRECINCT 2-1,"2,026",67,"2,093",24,5,8,8,"14,982",586,"15,568",299,17,20,133,"6,042,361","407,886","6,450,247","144,362","22,392","12,814","2,532"
Locality: 193 WESTMORELAND COUNTY,0202,202 - PRECINCT 2-2,"1,101",36,"1,137",24,1,,8,"14,982",586,"15,568",299,17,20,133,"6,042,361","407,886","6,450,247","144,362","22,392","12,814","2,532"
Locality: 193 WESTMORELAND COUNTY,0301,301 - PRECINCT 3-1,"1,358",57,"1,415",24,,,8,"14,982",586,"15,568",299,17,20,133,"6,042,361","407,886","6,450,247","144,362","22,392","12,814","2,532"
Locality: 193 WESTMORELAND COUNTY,0302,302 - PRECINCT 3-2,"1,633",57,"1,690",34,2,1,8,"14,982",586,"15,568",299,17,20,133,"6,042,361","407,886","6,450,247","144,362","22,392","12,814","2,532"
Locality: 193 WESTMORELAND COUNTY,0401,401 - PRECINCT 4-1,"3,251",122,"3,373",86,1,,8,"14,982",586,"15,568",299,17,20,133,"6,042,361","407,886","6,450,247","144,362","22,392","12,814","2,532"
Locality: 193 WESTMORELAND COUNTY,0501,501 - PRECINCT 5-1,"2,912",159,"3,071",77,3,8,8,"14,982",586,"15,568",299,17,20,133,"6,042,361","407,886","6,450,247","144,362","22,392","12,814","2,532"
Locality: 195 WISE COUNTY,0101,101 - APPALACHIA,"1,515",64,"1,579",9,2,,12,"24,456","1,096","25,552",179,13,3,133,"6,042,361","407,886","6,450,247","144,362","22,392","12,814","2,532"
Locality: 195 WISE COUNTY,0102,102 - DORCHESTER,950,35,985,5,,,12,"24,456","1,096","25,552",179,13,3,133,"6,042,361","407,886","6,450,247","144,362","22,392","12,814","2,532"
Locality: 195 WISE COUNTY,0103,103 - GUEST RIVER VOTING PLACE,"1,012",41,"1,053",3,,,12,"24,456","1,096","25,552",179,13,3,133,"6,042,361","407,886","6,450,247","144,362","22,392","12,814","2,532"
Locality: 195 WISE COUNTY,0104,104 - WEST POUND,"2,527",105,"2,632",17,,,12,"24,456","1,096","25,552",179,13,3,133,"6,042,361","407,886","6,450,247","144,362","22,392","12,814","2,532"
Locality: 195 WISE COUNTY,0201,201 - NORTH COEBURN,"1,429",72,"1,501",12,,,12,"24,456","1,096","25,552",179,13,3,133,"6,042,361","407,886","6,450,247","144,362","22,392","12,814","2,532"
Locality: 195 WISE COUNTY,0202,202 - WISE,"3,849",188,"4,037",35,6,2,12,"24,456","1,096","25,552",179,13,3,133,"6,042,361","407,886","6,450,247","144,362","22,392","12,814","2,532"
Locality: 195 WISE COUNTY,0203,203 - EAST POUND,705,27,732,7,,,12,"24,456","1,096","25,552",179,13,3,133,"6,042,361","407,886","6,450,247","144,362","22,392","12,814","2,532"
Locality: 195 WISE COUNTY,0301,301 - BIG STONE GAP,"3,107",162,"3,269",20,2,1,12,"24,456","1,096","25,552",179,13,3,133,"6,042,361","407,886","6,450,247","144,362","22,392","12,814","2,532"
Locality: 195 WISE COUNTY,0302,302 - EAST STONE GAP,"2,986",121,"3,107",21,2,,12,"24,456","1,096","25,552",179,13,3,133,"6,042,361","407,886","6,450,247","144,362","22,392","12,814","2,532"
Locality: 195 WISE COUNTY,0401,401 - CLINCH VALLEY,"2,537",97,"2,634",20,1,,12,"24,456","1,096","25,552",179,13,3,133,"6,042,361","407,886","6,450,247","144,362","22,392","12,814","2,532"
Locality: 195 WISE COUNTY,0402,402 - SOUTH COEBURN,"2,888",139,"3,027",25,,,12,"24,456","1,096","25,552",179,13,3,133,"6,042,361","407,886","6,450,247","144,362","22,392","12,814","2,532"
Locality: 195 WISE COUNTY,0403,403 - ST PAUL,951,45,996,5,,,12,"24,456","1,096","25,552",179,13,3,133,"6,042,361","407,886","6,450,247","144,362","22,392","12,814","2,532"
Locality: 197 WYTHE COUNTY,0101,101 - ROYAL OAK,856,21,877,9,,,11,"21,099",774,"21,873",187,13,8,133,"6,042,361","407,886","6,450,247","144,362","22,392","12,814","2,532"
Locality: 197 WYTHE COUNTY,0102,102 - RURAL RETREAT,"2,687",76,"2,763",20,,2,11,"21,099",774,"21,873",187,13,8,133,"6,042,361","407,886","6,450,247","144,362","22,392","12,814","2,532"
Locality: 197 WYTHE COUNTY,0203,203 - WEST WYTHEVILLE,"3,535",182,"3,717",36,2,3,11,"21,099",774,"21,873",187,13,8,133,"6,042,361","407,886","6,450,247","144,362","22,392","12,814","2,532"
Locality: 197 WYTHE COUNTY,0303,303 - EAST WYTHEVILLE,"3,571",181,"3,752",40,6,3,11,"21,099",774,"21,873",187,13,8,133,"6,042,361","407,886","6,450,247","144,362","22,392","12,814","2,532"
Locality: 197 WYTHE COUNTY,0401,401 - FORT CHISWELL,"1,708",42,"1,750",13,,,11,"21,099",774,"21,873",187,13,8,133,"6,042,361","407,886","6,450,247","144,362","22,392","12,814","2,532"
Locality: 197 WYTHE COUNTY,0402,402 - MAX MEADOWS,"1,900",60,"1,960",14,2,,11,"21,099",774,"21,873",187,13,8,133,"6,042,361","407,886","6,450,247","144,362","22,392","12,814","2,532"
Locality: 197 WYTHE COUNTY,0501,501 - JACKSON MEMORIAL,"1,412",51,"1,463",13,,,11,"21,099",774,"21,873",187,13,8,133,"6,042,361","407,886","6,450,247","144,362","22,392","12,814","2,532"
Locality: 197 WYTHE COUNTY,0502,502 - SHEFFEY,"1,974",45,"2,019",16,2,,11,"21,099",774,"21,873",187,13,8,133,"6,042,361","407,886","6,450,247","144,362","22,392","12,814","2,532"
Locality: 197 WYTHE COUNTY,0601,601 - HUDDLE,894,19,913,6,1,,11,"21,099",774,"21,873",187,13,8,133,"6,042,361","407,886","6,450,247","144,362","22,392","12,814","2,532"
Locality: 197 WYTHE COUNTY,0602,602 - ZION,"1,451",63,"1,514",12,,,11,"21,099",774,"21,873",187,13,8,133,"6,042,361","407,886","6,450,247","144,362","22,392","12,814","2,532"
Locality: 197 WYTHE COUNTY,0603,603   EVERGREEN,"1,111",34,"1,145",8,,,11,"21,099",774,"21,873",187,13,8,133,"6,042,361","407,886","6,450,247","144,362","22,392","12,814","2,532"
Locality: 199 YORK COUNTY,0101,101 - QUEENS LAKE,"2,581",137,"2,718",129,28,6,13,"51,476","2,787","54,263","3,086",218,70,133,"6,042,361","407,886","6,450,247","144,362","22,392","12,814","2,532"
Locality: 199 YORK COUNTY,0102,102 - WALLER MILL,"5,042",355,"5,397",190,28,13,13,"51,476","2,787","54,263","3,086",218,70,133,"6,042,361","407,886","6,450,247","144,362","22,392","12,814","2,532"
Locality: 199 YORK COUNTY,0103,103 - MAGRUDER,"5,326",301,"5,627",377,10,2,13,"51,476","2,787","54,263","3,086",218,70,133,"6,042,361","407,886","6,450,247","144,362","22,392","12,814","2,532"
Locality: 199 YORK COUNTY,0201,201 - COVENTRY,"4,835",355,"5,190",665,20,6,13,"51,476","2,787","54,263","3,086",218,70,133,"6,042,361","407,886","6,450,247","144,362","22,392","12,814","2,532"
Locality: 199 YORK COUNTY,0202,202 - KILN CREEK,"3,653",205,"3,858",200,16,1,13,"51,476","2,787","54,263","3,086",218,70,133,"6,042,361","407,886","6,450,247","144,362","22,392","12,814","2,532"
Locality: 199 YORK COUNTY,0301,301 - SEAFORD,"4,128",132,"4,260",113,11,3,13,"51,476","2,787","54,263","3,086",218,70,133,"6,042,361","407,886","6,450,247","144,362","22,392","12,814","2,532"
Locality: 199 YORK COUNTY,0302,302 - YORKTOWN,"2,222",83,"2,305",97,11,10,13,"51,476","2,787","54,263","3,086",218,70,133,"6,042,361","407,886","6,450,247","144,362","22,392","12,814","2,532"
Locality: 199 YORK COUNTY,0303,303 - EDGEHILL,"3,659",219,"3,878",249,18,7,13,"51,476","2,787","54,263","3,086",218,70,133,"6,042,361","407,886","6,450,247","144,362","22,392","12,814","2,532"
Locality: 199 YORK COUNTY,0401,401 - HARWOODS MILL,"3,988",123,"4,111",127,12,4,13,"51,476","2,787","54,263","3,086",218,70,133,"6,042,361","407,886","6,450,247","144,362","22,392","12,814","2,532"
Locality: 199 YORK COUNTY,0402,402 - DARE,"4,230",205,"4,435",179,22,7,13,"51,476","2,787","54,263","3,086",218,70,133,"6,042,361","407,886","6,450,247","144,362","22,392","12,814","2,532"
Locality: 199 YORK COUNTY,0403,403 - GRAFTON,"2,909",164,"3,073",124,10,1,13,"51,476","2,787","54,263","3,086",218,70,133,"6,042,361","407,886","6,450,247","144,362","22,392","12,814","2,532"
Locality: 199 YORK COUNTY,0501,501 - TABB,"4,208",182,"4,390",208,15,5,13,"51,476","2,787","54,263","3,086",218,70,133,"6,042,361","407,886","6,450,247","144,362","22,392","12,814","2,532"
Locality: 199 YORK COUNTY,0502,502 - BETHEL,"4,695",326,"5,021",428,17,5,13,"51,476","2,787","54,263","3,086",218,70,133,"6,042,361","407,886","6,450,247","144,362","22,392","12,814","2,532"
Locality: 510 ALEXANDRIA CITY,0101,101 - OLD TOWN NORTH,"3,443",522,"3,965",41,50,29,32,"100,571","17,314","117,885","1,468","1,320",810,133,"6,042,361","407,886","6,450,247","144,362","22,392","12,814","2,532"
Locality: 510 ALEXANDRIA CITY,0102,102 - OLD TOWN SOUTH,"2,903",267,"3,170",24,70,41,32,"100,571","17,314","117,885","1,468","1,320",810,133,"6,042,361","407,886","6,450,247","144,362","22,392","12,814","2,532"
Locality: 510 ALEXANDRIA CITY,0103,103 - LYLES CROUCH SCHOOL,"3,589",544,"4,133",63,56,61,32,"100,571","17,314","117,885","1,468","1,320",810,133,"6,042,361","407,886","6,450,247","144,362","22,392","12,814","2,532"
Locality: 510 ALEXANDRIA CITY,0104,104 - DURANT CENTER,"3,086",439,"3,525",43,61,34,32,"100,571","17,314","117,885","1,468","1,320",810,133,"6,042,361","407,886","6,450,247","144,362","22,392","12,814","2,532"
Locality: 510 ALEXANDRIA CITY,0105,105 - LEE CENTER,"2,639",568,"3,207",55,45,16,32,"100,571","17,314","117,885","1,468","1,320",810,133,"6,042,361","407,886","6,450,247","144,362","22,392","12,814","2,532"
Locality: 510 ALEXANDRIA CITY,0106,106 - CORA KELLY,"4,323",731,"5,054",58,52,23,32,"100,571","17,314","117,885","1,468","1,320",810,133,"6,042,361","407,886","6,450,247","144,362","22,392","12,814","2,532"
Locality: 510 ALEXANDRIA CITY,0107,107 - MT VERNON RECREATION CENTER,"4,677",527,"5,204",82,89,49,32,"100,571","17,314","117,885","1,468","1,320",810,133,"6,042,361","407,886","6,450,247","144,362","22,392","12,814","2,532"
Locality: 510 ALEXANDRIA CITY,0108,108 - GEORGE WASHINGTON MIDDLE SCH,"4,079",545,"4,624",58,66,33,32,"100,571","17,314","117,885","1,468","1,320",810,133,"6,042,361","407,886","6,450,247","144,362","22,392","12,814","2,532"
Locality: 510 ALEXANDRIA CITY,0109,109 - FIRE DEPARTMENT HEADQUARTERS,"2,558",321,"2,879",59,66,27,32,"100,571","17,314","117,885","1,468","1,320",810,133,"6,042,361","407,886","6,450,247","144,362","22,392","12,814","2,532"
Locality: 510 ALEXANDRIA CITY,0110,110 - CHARLES HOUSTON CENTER,"4,284",972,"5,256",73,53,27,32,"100,571","17,314","117,885","1,468","1,320",810,133,"6,042,361","407,886","6,450,247","144,362","22,392","12,814","2,532"
Locality: 510 ALEXANDRIA CITY,0111,111 - POTOMAC YARD,"1,937",453,"2,390",40,13,8,32,"100,571","17,314","117,885","1,468","1,320",810,133,"6,042,361","407,886","6,450,247","144,362","22,392","12,814","2,532"
Locality: 510 ALEXANDRIA CITY,0201,201 - NAOMI L. BROOKS SCHOOL,"2,552",177,"2,729",29,46,29,32,"100,571","17,314","117,885","1,468","1,320",810,133,"6,042,361","407,886","6,450,247","144,362","22,392","12,814","2,532"
Locality: 510 ALEXANDRIA CITY,0202,202 - TRINITY,"2,857",182,"3,039",22,30,26,32,"100,571","17,314","117,885","1,468","1,320",810,133,"6,042,361","407,886","6,450,247","144,362","22,392","12,814","2,532"
Locality: 510 ALEXANDRIA CITY,0203,203 - CHARLES BARRETT CENTER,"2,676",285,"2,961",25,45,36,32,"100,571","17,314","117,885","1,468","1,320",810,133,"6,042,361","407,886","6,450,247","144,362","22,392","12,814","2,532"
Locality: 510 ALEXANDRIA CITY,0204,204 - NORTH QUAKER,"2,978",207,"3,185",36,44,25,32,"100,571","17,314","117,885","1,468","1,320",810,133,"6,042,361","407,886","6,450,247","144,362","22,392","12,814","2,532"
Locality: 510 ALEXANDRIA CITY,0205,205 - DOUGLAS MACARTHUR SCHOOL,"3,816",544,"4,360",54,61,33,32,"100,571","17,314","117,885","1,468","1,320",810,133,"6,042,361","407,886","6,450,247","144,362","22,392","12,814","2,532"
Locality: 510 ALEXANDRIA CITY,0206,206 - ALEXANDRIA CITY HIGH SCHOOL,"3,123",569,"3,692",27,35,27,32,"100,571","17,314","117,885","1,468","1,320",810,133,"6,042,361","407,886","6,450,247","144,362","22,392","12,814","2,532"
Locality: 510 ALEXANDRIA CITY,0207,207 - BETH EL HEBREW CONGREGATION,"3,977",320,"4,297",53,44,23,32,"100,571","17,314","117,885","1,468","1,320",810,133,"6,042,361","407,886","6,450,247","144,362","22,392","12,814","2,532"
Locality: 510 ALEXANDRIA CITY,0208,208 - NOVA ARTS CENTER,"2,883",703,"3,586",52,25,8,32,"100,571","17,314","117,885","1,468","1,320",810,133,"6,042,361","407,886","6,450,247","144,362","22,392","12,814","2,532"
Locality: 510 ALEXANDRIA CITY,0209,209 - JAMES K POLK SCHOOL,"3,958",606,"4,564",51,43,26,32,"100,571","17,314","117,885","1,468","1,320",810,133,"6,042,361","407,886","6,450,247","144,362","22,392","12,814","2,532"
Locality: 510 ALEXANDRIA CITY,0210,210 - F.T. DAY SCHOOL,"2,189",576,"2,765",37,26,19,32,"100,571","17,314","117,885","1,468","1,320",810,133,"6,042,361","407,886","6,450,247","144,362","22,392","12,814","2,532"
Locality: 510 ALEXANDRIA CITY,0211,211 - ALEX RENEW,"3,533",841,"4,374",72,40,17,32,"100,571","17,314","117,885","1,468","1,320",810,133,"6,042,361","407,886","6,450,247","144,362","22,392","12,814","2,532"
Locality: 510 ALEXANDRIA CITY,0212,212 - HOPE WAY,"1,809",293,"2,102",12,7,5,32,"100,571","17,314","117,885","1,468","1,320",810,133,"6,042,361","407,886","6,450,247","144,362","22,392","12,814","2,532"
Locality: 510 ALEXANDRIA CITY,0302,302 - PATRICK HENRY REC CENTER,"3,100",711,"3,811",58,26,24,32,"100,571","17,314","117,885","1,468","1,320",810,133,"6,042,361","407,886","6,450,247","144,362","22,392","12,814","2,532"
Locality: 510 ALEXANDRIA CITY,0303,303 - CHARLES E BEATLEY LIBRARY,"3,005",646,"3,651",26,22,15,32,"100,571","17,314","117,885","1,468","1,320",810,133,"6,042,361","407,886","6,450,247","144,362","22,392","12,814","2,532"
Locality: 510 ALEXANDRIA CITY,0304,304 - TUCKER SCHOOL,"3,342","1,101","4,443",64,38,23,32,"100,571","17,314","117,885","1,468","1,320",810,133,"6,042,361","407,886","6,450,247","144,362","22,392","12,814","2,532"
Locality: 510 ALEXANDRIA CITY,0305,305 - JOHN ADAMS SCHOOL,"2,935",715,"3,650",34,20,22,32,"100,571","17,314","117,885","1,468","1,320",810,133,"6,042,361","407,886","6,450,247","144,362","22,392","12,814","2,532"
Locality: 510 ALEXANDRIA CITY,0306,306 - WILLIAM RAMSAY SCHOOL,"2,757",336,"3,093",25,21,24,32,"100,571","17,314","117,885","1,468","1,320",810,133,"6,042,361","407,886","6,450,247","144,362","22,392","12,814","2,532"
Locality: 510 ALEXANDRIA CITY,0307,307 - TUCKER WEST,"3,291",544,"3,835",36,30,24,32,"100,571","17,314","117,885","1,468","1,320",810,133,"6,042,361","407,886","6,450,247","144,362","22,392","12,814","2,532"
Locality: 510 ALEXANDRIA CITY,0308,308 - CAMERON STATION COMMUNITY CTR,"3,630",561,"4,191",102,62,25,32,"100,571","17,314","117,885","1,468","1,320",810,133,"6,042,361","407,886","6,450,247","144,362","22,392","12,814","2,532"
Locality: 510 ALEXANDRIA CITY,0309,309 - OLYMPUS CONDO,"2,274",591,"2,865",26,24,17,32,"100,571","17,314","117,885","1,468","1,320",810,133,"6,042,361","407,886","6,450,247","144,362","22,392","12,814","2,532"
Locality: 510 ALEXANDRIA CITY,0310,310 - DEL PEPPER CENTER,"2,368",917,"3,285",31,10,14,32,"100,571","17,314","117,885","1,468","1,320",810,133,"6,042,361","407,886","6,450,247","144,362","22,392","12,814","2,532"
Locality: 520 BRISTOL CITY,0001,001 - FIRST PRECINCT,"2,474",195,"2,669",27,4,2,5,"11,313",856,"12,169",117,11,11,133,"6,042,361","407,886","6,450,247","144,362","22,392","12,814","2,532"
Locality: 520 BRISTOL CITY,0002,002 - SECOND PRECINCT,"2,592",217,"2,809",26,2,3,5,"11,313",856,"12,169",117,11,11,133,"6,042,361","407,886","6,450,247","144,362","22,392","12,814","2,532"
Locality: 520 BRISTOL CITY,0003,003 - THIRD PRECINCT,"2,341",191,"2,532",25,3,5,5,"11,313",856,"12,169",117,11,11,133,"6,042,361","407,886","6,450,247","144,362","22,392","12,814","2,532"
Locality: 520 BRISTOL CITY,0004,004 - FOURTH PRECINCT,"2,535",162,"2,697",26,1,,5,"11,313",856,"12,169",117,11,11,133,"6,042,361","407,886","6,450,247","144,362","22,392","12,814","2,532"
Locality: 520 BRISTOL CITY,0005,005 - FIFTH PRECINCT,"1,371",91,"1,462",13,1,1,5,"11,313",856,"12,169",117,11,11,133,"6,042,361","407,886","6,450,247","144,362","22,392","12,814","2,532"
Locality: 530 BUENA VISTA CITY,0001,001 - FIRST WARD,"2,214",112,"2,326",11,2,,2,"4,197",406,"4,603",28,9,1,133,"6,042,361","407,886","6,450,247","144,362","22,392","12,814","2,532"
Locality: 530 BUENA VISTA CITY,0002,002 - SECOND WARD,"1,983",294,"2,277",17,7,1,2,"4,197",406,"4,603",28,9,1,133,"6,042,361","407,886","6,450,247","144,362","22,392","12,814","2,532"
Locality: 540 CHARLOTTESVILLE CITY,0101,101 - Key Recreation,"4,301",379,"4,680",38,64,40,9,"32,259","4,003","36,262",268,341,263,133,"6,042,361","407,886","6,450,247","144,362","22,392","12,814","2,532"
Locality: 540 CHARLOTTESVILLE CITY,0102,102 - SUMMIT,"3,872",419,"4,291",34,29,23,9,"32,259","4,003","36,262",268,341,263,133,"6,042,361","407,886","6,450,247","144,362","22,392","12,814","2,532"
Locality: 540 CHARLOTTESVILLE CITY,0201,201 - CARVER,"3,293",311,"3,604",25,43,20,9,"32,259","4,003","36,262",268,341,263,133,"6,042,361","407,886","6,450,247","144,362","22,392","12,814","2,532"
Locality: 540 CHARLOTTESVILLE CITY,0202,202 - TRAILBLAZER,"3,250","1,287","4,537",23,36,40,9,"32,259","4,003","36,262",268,341,263,133,"6,042,361","407,886","6,450,247","144,362","22,392","12,814","2,532"
Locality: 540 CHARLOTTESVILLE CITY,0301,301 - JACKSON-VIA,"3,773",349,"4,122",41,31,12,9,"32,259","4,003","36,262",268,341,263,133,"6,042,361","407,886","6,450,247","144,362","22,392","12,814","2,532"
Locality: 540 CHARLOTTESVILLE CITY,0302,302 - TALL OAKS,"3,593",424,"4,017",29,42,33,9,"32,259","4,003","36,262",268,341,263,133,"6,042,361","407,886","6,450,247","144,362","22,392","12,814","2,532"
Locality: 540 CHARLOTTESVILLE CITY,0303,303 - CHARLOTTESVILLE MIDDLE,"3,268",356,"3,624",25,32,15,9,"32,259","4,003","36,262",268,341,263,133,"6,042,361","407,886","6,450,247","144,362","22,392","12,814","2,532"
Locality: 540 CHARLOTTESVILLE CITY,0401,401 - CHARLOTTESVILLE HIGH SCHOOL,"3,811",194,"4,005",35,36,40,9,"32,259","4,003","36,262",268,341,263,133,"6,042,361","407,886","6,450,247","144,362","22,392","12,814","2,532"
Locality: 540 CHARLOTTESVILLE CITY,0402,402 - WALKER,"3,098",284,"3,382",18,28,40,9,"32,259","4,003","36,262",268,341,263,133,"6,042,361","407,886","6,450,247","144,362","22,392","12,814","2,532"
Locality: 550 CHESAPEAKE CITY,0001,001 - GREAT BRIDGE,"2,870",164,"3,034",172,10,,64,"177,440","10,650","188,090","13,527",476,62,133,"6,042,361","407,886","6,450,247","144,362","22,392","12,814","2,532"
Locality: 550 CHESAPEAKE CITY,0002,002 - BETHEL,"2,916",154,"3,070",290,7,,64,"177,440","10,650","188,090","13,527",476,62,133,"6,042,361","407,886","6,450,247","144,362","22,392","12,814","2,532"
Locality: 550 CHESAPEAKE CITY,0003,003 - CAMELOT,"2,438",128,"2,566",154,4,1,64,"177,440","10,650","188,090","13,527",476,62,133,"6,042,361","407,886","6,450,247","144,362","22,392","12,814","2,532"
Locality: 550 CHESAPEAKE CITY,0004,004 - CHURCHLAND,"2,598",118,"2,716",132,8,1,64,"177,440","10,650","188,090","13,527",476,62,133,"6,042,361","407,886","6,450,247","144,362","22,392","12,814","2,532"
Locality: 550 CHESAPEAKE CITY,0005,005 - CRESTWOOD,"2,692",152,"2,844",199,8,1,64,"177,440","10,650","188,090","13,527",476,62,133,"6,042,361","407,886","6,450,247","144,362","22,392","12,814","2,532"
Locality: 550 CHESAPEAKE CITY,0006,006 - DEEP CREEK,"2,682",153,"2,835",266,4,,64,"177,440","10,650","188,090","13,527",476,62,133,"6,042,361","407,886","6,450,247","144,362","22,392","12,814","2,532"
Locality: 550 CHESAPEAKE CITY,0007,007 - GREENBRIER,"2,640",118,"2,758",186,13,,64,"177,440","10,650","188,090","13,527",476,62,133,"6,042,361","407,886","6,450,247","144,362","22,392","12,814","2,532"
Locality: 550 CHESAPEAKE CITY,0008,008 - SOUTH NORFOLK RECREATION,"3,583",247,"3,830",289,6,,64,"177,440","10,650","188,090","13,527",476,62,133,"6,042,361","407,886","6,450,247","144,362","22,392","12,814","2,532"
Locality: 550 CHESAPEAKE CITY,0009,009 - BELLS MILL,"4,118",212,"4,330",363,11,4,64,"177,440","10,650","188,090","13,527",476,62,133,"6,042,361","407,886","6,450,247","144,362","22,392","12,814","2,532"
Locality: 550 CHESAPEAKE CITY,0010,010 - OSCAR SMITH,"1,633",119,"1,752",113,6,,64,"177,440","10,650","188,090","13,527",476,62,133,"6,042,361","407,886","6,450,247","144,362","22,392","12,814","2,532"
Locality: 550 CHESAPEAKE CITY,0011,011 - GENEVA PARK,"2,696",241,"2,937",158,4,,64,"177,440","10,650","188,090","13,527",476,62,133,"6,042,361","407,886","6,450,247","144,362","22,392","12,814","2,532"
Locality: 550 CHESAPEAKE CITY,0012,012 - GEORGETOWN,"2,421",109,"2,530",136,3,,64,"177,440","10,650","188,090","13,527",476,62,133,"6,042,361","407,886","6,450,247","144,362","22,392","12,814","2,532"
Locality: 550 CHESAPEAKE CITY,0013,013 - GILMERTON,"2,579",138,"2,717",202,5,1,64,"177,440","10,650","188,090","13,527",476,62,133,"6,042,361","407,886","6,450,247","144,362","22,392","12,814","2,532"
Locality: 550 CHESAPEAKE CITY,0014,014 - GRASSFIELD,"4,425",266,"4,691",409,27,3,64,"177,440","10,650","188,090","13,527",476,62,133,"6,042,361","407,886","6,450,247","144,362","22,392","12,814","2,532"
Locality: 550 CHESAPEAKE CITY,0015,015 - GREENBRIER MIDDLE SCHOOL,"3,893",358,"4,251",283,11,3,64,"177,440","10,650","188,090","13,527",476,62,133,"6,042,361","407,886","6,450,247","144,362","22,392","12,814","2,532"
Locality: 550 CHESAPEAKE CITY,0016,016 - HICKORY GROVE,"3,098",148,"3,246",191,3,3,64,"177,440","10,650","188,090","13,527",476,62,133,"6,042,361","407,886","6,450,247","144,362","22,392","12,814","2,532"
Locality: 550 CHESAPEAKE CITY,0017,017 - INDIAN CREEK,"2,314",117,"2,431",175,6,1,64,"177,440","10,650","188,090","13,527",476,62,133,"6,042,361","407,886","6,450,247","144,362","22,392","12,814","2,532"
Locality: 550 CHESAPEAKE CITY,0018,018 - INDIAN RIVER,"2,764",196,"2,960",221,3,,64,"177,440","10,650","188,090","13,527",476,62,133,"6,042,361","407,886","6,450,247","144,362","22,392","12,814","2,532"
Locality: 550 CHESAPEAKE CITY,0019,019 - JOLLIFF,"1,859",79,"1,938",165,4,,64,"177,440","10,650","188,090","13,527",476,62,133,"6,042,361","407,886","6,450,247","144,362","22,392","12,814","2,532"
Locality: 550 CHESAPEAKE CITY,0020,020 - E W CHITTUM,"3,024",89,"3,113",194,8,1,64,"177,440","10,650","188,090","13,527",476,62,133,"6,042,361","407,886","6,450,247","144,362","22,392","12,814","2,532"
Locality: 550 CHESAPEAKE CITY,0021,021 - FELLOWSHIP,"3,220",165,"3,385",200,5,1,64,"177,440","10,650","188,090","13,527",476,62,133,"6,042,361","407,886","6,450,247","144,362","22,392","12,814","2,532"
Locality: 550 CHESAPEAKE CITY,0022,022 - NORFOLK HIGHLANDS,"2,071",137,"2,208",160,5,,64,"177,440","10,650","188,090","13,527",476,62,133,"6,042,361","407,886","6,450,247","144,362","22,392","12,814","2,532"
Locality: 550 CHESAPEAKE CITY,0023,023 - OAK GROVE,"3,222",237,"3,459",200,23,,64,"177,440","10,650","188,090","13,527",476,62,133,"6,042,361","407,886","6,450,247","144,362","22,392","12,814","2,532"
Locality: 550 CHESAPEAKE CITY,0024,024 - OAKLETTE,"3,010",253,"3,263",183,4,2,64,"177,440","10,650","188,090","13,527",476,62,133,"6,042,361","407,886","6,450,247","144,362","22,392","12,814","2,532"
Locality: 550 CHESAPEAKE CITY,0025,025 - ST JULIANS,"2,625",186,"2,811",152,2,1,64,"177,440","10,650","188,090","13,527",476,62,133,"6,042,361","407,886","6,450,247","144,362","22,392","12,814","2,532"
Locality: 550 CHESAPEAKE CITY,0026,026 - JOHNSON PARK,"1,625",199,"1,824",130,2,,64,"177,440","10,650","188,090","13,527",476,62,133,"6,042,361","407,886","6,450,247","144,362","22,392","12,814","2,532"
Locality: 550 CHESAPEAKE CITY,0027,027 - SILVERWOOD,"2,796",152,"2,948",183,10,3,64,"177,440","10,650","188,090","13,527",476,62,133,"6,042,361","407,886","6,450,247","144,362","22,392","12,814","2,532"
Locality: 550 CHESAPEAKE CITY,0028,028 - SUNRAY I,557,39,596,51,1,,64,"177,440","10,650","188,090","13,527",476,62,133,"6,042,361","407,886","6,450,247","144,362","22,392","12,814","2,532"
Locality: 550 CHESAPEAKE CITY,0029,029 - TANGLEWOOD,"2,402",123,"2,525",171,3,1,64,"177,440","10,650","188,090","13,527",476,62,133,"6,042,361","407,886","6,450,247","144,362","22,392","12,814","2,532"
Locality: 550 CHESAPEAKE CITY,0030,030 - SOUTH NORFOLK,"1,485",116,"1,601",97,3,,64,"177,440","10,650","188,090","13,527",476,62,133,"6,042,361","407,886","6,450,247","144,362","22,392","12,814","2,532"
Locality: 550 CHESAPEAKE CITY,0031,031 - CARVER SCHOOL,"3,662",274,"3,936",187,4,,64,"177,440","10,650","188,090","13,527",476,62,133,"6,042,361","407,886","6,450,247","144,362","22,392","12,814","2,532"
Locality: 550 CHESAPEAKE CITY,0032,032 - PROVIDENCE,"3,904",324,"4,228",201,3,,64,"177,440","10,650","188,090","13,527",476,62,133,"6,042,361","407,886","6,450,247","144,362","22,392","12,814","2,532"
Locality: 550 CHESAPEAKE CITY,0033,033 - WESTOVER,"1,753",138,"1,891",98,5,2,64,"177,440","10,650","188,090","13,527",476,62,133,"6,042,361","407,886","6,450,247","144,362","22,392","12,814","2,532"
Locality: 550 CHESAPEAKE CITY,0034,034 - HICKORY MIDDLE SCHOOL,"4,005",228,"4,233",308,19,2,64,"177,440","10,650","188,090","13,527",476,62,133,"6,042,361","407,886","6,450,247","144,362","22,392","12,814","2,532"
Locality: 550 CHESAPEAKE CITY,0035,035 - TAYLOR ROAD,"2,081",163,"2,244",128,2,,64,"177,440","10,650","188,090","13,527",476,62,133,"6,042,361","407,886","6,450,247","144,362","22,392","12,814","2,532"
Locality: 550 CHESAPEAKE CITY,0036,036 - GREAT BRIDGE BAPTIST CHURCH,"2,949",181,"3,130",175,12,,64,"177,440","10,650","188,090","13,527",476,62,133,"6,042,361","407,886","6,450,247","144,362","22,392","12,814","2,532"
Locality: 550 CHESAPEAKE CITY,0037,037 - BRIDGETOWN,"3,267",163,"3,430",261,13,3,64,"177,440","10,650","188,090","13,527",476,62,133,"6,042,361","407,886","6,450,247","144,362","22,392","12,814","2,532"
Locality: 550 CHESAPEAKE CITY,0038,038 - BAILEY CREEK,"2,414",83,"2,497",140,7,,64,"177,440","10,650","188,090","13,527",476,62,133,"6,042,361","407,886","6,450,247","144,362","22,392","12,814","2,532"
Locality: 550 CHESAPEAKE CITY,0039,039 - LAKE DRUMMOND,"2,363",115,"2,478",180,4,1,64,"177,440","10,650","188,090","13,527",476,62,133,"6,042,361","407,886","6,450,247","144,362","22,392","12,814","2,532"
Locality: 550 CHESAPEAKE CITY,0041,041 - JOHN T WEST,"4,681",266,"4,947",502,12,1,64,"177,440","10,650","188,090","13,527",476,62,133,"6,042,361","407,886","6,450,247","144,362","22,392","12,814","2,532"
Locality: 550 CHESAPEAKE CITY,0042,042 - PARKWAYS,"2,780",163,"2,943",153,8,1,64,"177,440","10,650","188,090","13,527",476,62,133,"6,042,361","407,886","6,450,247","144,362","22,392","12,814","2,532"
Locality: 550 CHESAPEAKE CITY,0043,043 - PLEASANT CROSSING,"2,597",82,"2,679",146,3,1,64,"177,440","10,650","188,090","13,527",476,62,133,"6,042,361","407,886","6,450,247","144,362","22,392","12,814","2,532"
Locality: 550 CHESAPEAKE CITY,0044,044 - NANSEMOND,"2,756",160,"2,916",250,7,1,64,"177,440","10,650","188,090","13,527",476,62,133,"6,042,361","407,886","6,450,247","144,362","22,392","12,814","2,532"
Locality: 550 CHESAPEAKE CITY,0045,045 - SUNRAY II,810,58,868,65,5,,64,"177,440","10,650","188,090","13,527",476,62,133,"6,042,361","407,886","6,450,247","144,362","22,392","12,814","2,532"
Locality: 550 CHESAPEAKE CITY,0046,046 - BELLS MILL II,"2,586",113,"2,699",236,6,1,64,"177,440","10,650","188,090","13,527",476,62,133,"6,042,361","407,886","6,450,247","144,362","22,392","12,814","2,532"
Locality: 550 CHESAPEAKE CITY,0048,048 - JOLLIFF MIDDLE SCHOOL,"3,944",239,"4,183",289,6,1,64,"177,440","10,650","188,090","13,527",476,62,133,"6,042,361","407,886","6,450,247","144,362","22,392","12,814","2,532"
Locality: 550 CHESAPEAKE CITY,0049,049 - WATERWAY,"3,183",156,"3,339",294,16,1,64,"177,440","10,650","188,090","13,527",476,62,133,"6,042,361","407,886","6,450,247","144,362","22,392","12,814","2,532"
Locality: 550 CHESAPEAKE CITY,0050,050 - RIVER WALK,"2,919",155,"3,074",233,12,2,64,"177,440","10,650","188,090","13,527",476,62,133,"6,042,361","407,886","6,450,247","144,362","22,392","12,814","2,532"
Locality: 550 CHESAPEAKE CITY,0051,051 - COOPERS WAY,"5,024",276,"5,300",440,16,2,64,"177,440","10,650","188,090","13,527",476,62,133,"6,042,361","407,886","6,450,247","144,362","22,392","12,814","2,532"
Locality: 550 CHESAPEAKE CITY,0052,052 - SHIPYARD ROAD,"2,836",150,"2,986",407,6,3,64,"177,440","10,650","188,090","13,527",476,62,133,"6,042,361","407,886","6,450,247","144,362","22,392","12,814","2,532"
Locality: 550 CHESAPEAKE CITY,0053,053 - FAIRWAYS,"2,804",159,"2,963",194,6,1,64,"177,440","10,650","188,090","13,527",476,62,133,"6,042,361","407,886","6,450,247","144,362","22,392","12,814","2,532"
Locality: 550 CHESAPEAKE CITY,0054,054 - PUGHSVILLE,"2,900",178,"3,078",202,4,1,64,"177,440","10,650","188,090","13,527",476,62,133,"6,042,361","407,886","6,450,247","144,362","22,392","12,814","2,532"
Locality: 550 CHESAPEAKE CITY,0055,055 - GEORGETOWN EAST,"1,806",89,"1,895",98,5,,64,"177,440","10,650","188,090","13,527",476,62,133,"6,042,361","407,886","6,450,247","144,362","22,392","12,814","2,532"
Locality: 550 CHESAPEAKE CITY,0056,056 - GREEN TREE,"2,593",204,"2,797",180,10,,64,"177,440","10,650","188,090","13,527",476,62,133,"6,042,361","407,886","6,450,247","144,362","22,392","12,814","2,532"
Locality: 550 CHESAPEAKE CITY,0057,057 - CYPRESS,"2,994",321,"3,315",278,4,2,64,"177,440","10,650","188,090","13,527",476,62,133,"6,042,361","407,886","6,450,247","144,362","22,392","12,814","2,532"
Locality: 550 CHESAPEAKE CITY,0058,058 - EXPRESSWAY,"1,167",74,"1,241",47,2,,64,"177,440","10,650","188,090","13,527",476,62,133,"6,042,361","407,886","6,450,247","144,362","22,392","12,814","2,532"
Locality: 550 CHESAPEAKE CITY,0059,059 - CLEARFIELD,"2,649",127,"2,776",210,4,3,64,"177,440","10,650","188,090","13,527",476,62,133,"6,042,361","407,886","6,450,247","144,362","22,392","12,814","2,532"
Locality: 550 CHESAPEAKE CITY,0060,060 - PARKER ROAD,"2,938",132,"3,070",281,17,1,64,"177,440","10,650","188,090","13,527",476,62,133,"6,042,361","407,886","6,450,247","144,362","22,392","12,814","2,532"
Locality: 550 CHESAPEAKE CITY,0061,061 - CENTERVILLE,"3,498",149,"3,647",270,11,1,64,"177,440","10,650","188,090","13,527",476,62,133,"6,042,361","407,886","6,450,247","144,362","22,392","12,814","2,532"
Locality: 550 CHESAPEAKE CITY,0062,062 - FENTRESS,"2,763",120,"2,883",184,3,,64,"177,440","10,650","188,090","13,527",476,62,133,"6,042,361","407,886","6,450,247","144,362","22,392","12,814","2,532"
Locality: 550 CHESAPEAKE CITY,0063,063 - POPLAR BRANCH,"2,000",113,"2,113",154,5,,64,"177,440","10,650","188,090","13,527",476,62,133,"6,042,361","407,886","6,450,247","144,362","22,392","12,814","2,532"
Locality: 550 CHESAPEAKE CITY,0064,064 - DEEP CREEK II,"3,622",253,"3,875",528,10,2,64,"177,440","10,650","188,090","13,527",476,62,133,"6,042,361","407,886","6,450,247","144,362","22,392","12,814","2,532"
Locality: 550 CHESAPEAKE CITY,0065,065 - WATERWAY II,"3,237",161,"3,398",217,15,2,64,"177,440","10,650","188,090","13,527",476,62,133,"6,042,361","407,886","6,450,247","144,362","22,392","12,814","2,532"
Locality: 550 CHESAPEAKE CITY,0066,066 - FAIRWAYS II,"1,699",170,"1,869",166,5,,64,"177,440","10,650","188,090","13,527",476,62,133,"6,042,361","407,886","6,450,247","144,362","22,392","12,814","2,532"
Locality: 570 COLONIAL HEIGHTS CITY,0001,001 - FIRST,"1,957",162,"2,119",31,,,5,"12,498",847,"13,345",247,13,3,133,"6,042,361","407,886","6,450,247","144,362","22,392","12,814","2,532"
Locality: 570 COLONIAL HEIGHTS CITY,0002,002 - SECOND,"2,289",186,"2,475",43,3,,5,"12,498",847,"13,345",247,13,3,133,"6,042,361","407,886","6,450,247","144,362","22,392","12,814","2,532"
Locality: 570 COLONIAL HEIGHTS CITY,0003,003 - THIRD,"2,562",172,"2,734",59,3,3,5,"12,498",847,"13,345",247,13,3,133,"6,042,361","407,886","6,450,247","144,362","22,392","12,814","2,532"
Locality: 570 COLONIAL HEIGHTS CITY,0004,004 - FOURTH,"3,052",221,"3,273",51,2,,5,"12,498",847,"13,345",247,13,3,133,"6,042,361","407,886","6,450,247","144,362","22,392","12,814","2,532"
Locality: 570 COLONIAL HEIGHTS CITY,0005,005 - FIFTH,"2,638",106,"2,744",63,5,,5,"12,498",847,"13,345",247,13,3,133,"6,042,361","407,886","6,450,247","144,362","22,392","12,814","2,532"
Locality: 580 COVINGTON CITY,0101,101 - PRECINCT 1-1,681,38,719,8,,,5,"3,735",177,"3,912",24,3,2,133,"6,042,361","407,886","6,450,247","144,362","22,392","12,814","2,532"
Locality: 580 COVINGTON CITY,0201,201 - PRECINCT 2-1,718,41,759,2,,,5,"3,735",177,"3,912",24,3,2,133,"6,042,361","407,886","6,450,247","144,362","22,392","12,814","2,532"
Locality: 580 COVINGTON CITY,0301,301 - PRECINCT 3-1,711,47,758,6,2,2,5,"3,735",177,"3,912",24,3,2,133,"6,042,361","407,886","6,450,247","144,362","22,392","12,814","2,532"
Locality: 580 COVINGTON CITY,0401,401 - PRECINCT 4-1,823,25,848,6,1,,5,"3,735",177,"3,912",24,3,2,133,"6,042,361","407,886","6,450,247","144,362","22,392","12,814","2,532"
Locality: 580 COVINGTON CITY,0501,501 - PRECINCT 5-1,802,26,828,2,,,5,"3,735",177,"3,912",24,3,2,133,"6,042,361","407,886","6,450,247","144,362","22,392","12,814","2,532"
Locality: 590 DANVILLE CITY,0001,001 - WARD ONE,881,106,987,2,2,,16,"26,905","2,262","29,167",56,31,16,133,"6,042,361","407,886","6,450,247","144,362","22,392","12,814","2,532"
Locality: 590 DANVILLE CITY,0002,002 - WARD TWO,863,84,947,1,1,2,16,"26,905","2,262","29,167",56,31,16,133,"6,042,361","407,886","6,450,247","144,362","22,392","12,814","2,532"
Locality: 590 DANVILLE CITY,0003,003 - WARD THREE,"1,578",187,"1,765",4,6,5,16,"26,905","2,262","29,167",56,31,16,133,"6,042,361","407,886","6,450,247","144,362","22,392","12,814","2,532"
Locality: 590 DANVILLE CITY,0004,004 - WARD FOUR,"3,075",243,"3,318",10,5,2,16,"26,905","2,262","29,167",56,31,16,133,"6,042,361","407,886","6,450,247","144,362","22,392","12,814","2,532"
Locality: 590 DANVILLE CITY,0006,006 - WARD SIX,945,75,"1,020",,,,16,"26,905","2,262","29,167",56,31,16,133,"6,042,361","407,886","6,450,247","144,362","22,392","12,814","2,532"
Locality: 590 DANVILLE CITY,0007,007 - WARD SEVEN,"1,725",150,"1,875",,1,,16,"26,905","2,262","29,167",56,31,16,133,"6,042,361","407,886","6,450,247","144,362","22,392","12,814","2,532"
Locality: 590 DANVILLE CITY,0008,008 - WARD EIGHT,"1,402",124,"1,526",4,3,1,16,"26,905","2,262","29,167",56,31,16,133,"6,042,361","407,886","6,450,247","144,362","22,392","12,814","2,532"
Locality: 590 DANVILLE CITY,0009,009 - WARD NINE,"1,267",85,"1,352",2,,,16,"26,905","2,262","29,167",56,31,16,133,"6,042,361","407,886","6,450,247","144,362","22,392","12,814","2,532"
Locality: 590 DANVILLE CITY,0010,010 - WARD TEN,"1,684",126,"1,810",3,,1,16,"26,905","2,262","29,167",56,31,16,133,"6,042,361","407,886","6,450,247","144,362","22,392","12,814","2,532"
Locality: 590 DANVILLE CITY,0011,011 - WARD ELEVEN,"2,399",213,"2,612",3,,3,16,"26,905","2,262","29,167",56,31,16,133,"6,042,361","407,886","6,450,247","144,362","22,392","12,814","2,532"
Locality: 590 DANVILLE CITY,0012,012 - WARD TWELVE,"2,281",166,"2,447",3,4,,16,"26,905","2,262","29,167",56,31,16,133,"6,042,361","407,886","6,450,247","144,362","22,392","12,814","2,532"
Locality: 590 DANVILLE CITY,0013,013 - WARD THIRTEEN,"2,183",238,"2,421",7,5,2,16,"26,905","2,262","29,167",56,31,16,133,"6,042,361","407,886","6,450,247","144,362","22,392","12,814","2,532"
Locality: 590 DANVILLE CITY,0014,014 - WARD FOURTEEN,347,39,386,2,,,16,"26,905","2,262","29,167",56,31,16,133,"6,042,361","407,886","6,450,247","144,362","22,392","12,814","2,532"
Locality: 590 DANVILLE CITY,0015,015 - WARD FIFTEEN,"2,135",159,"2,294",2,1,,16,"26,905","2,262","29,167",56,31,16,133,"6,042,361","407,886","6,450,247","144,362","22,392","12,814","2,532"
Locality: 590 DANVILLE CITY,0016,016 - WARD SIXTEEN,"2,260",160,"2,420",7,1,,16,"26,905","2,262","29,167",56,31,16,133,"6,042,361","407,886","6,450,247","144,362","22,392","12,814","2,532"
Locality: 590 DANVILLE CITY,0017,017 - WARD SEVENTEEN,"1,880",107,"1,987",6,2,,16,"26,905","2,262","29,167",56,31,16,133,"6,042,361","407,886","6,450,247","144,362","22,392","12,814","2,532"
Locality: 595 EMPORIA CITY,0101,101 - PRECINCT 1-1,650,45,695,7,1,,7,"3,855",222,"4,077",43,1,1,133,"6,042,361","407,886","6,450,247","144,362","22,392","12,814","2,532"
Locality: 595 EMPORIA CITY,0201,201 - PRECINCT 2-1,460,29,489,6,,,7,"3,855",222,"4,077",43,1,1,133,"6,042,361","407,886","6,450,247","144,362","22,392","12,814","2,532"
Locality: 595 EMPORIA CITY,0301,301 - PRECINCT 3-1,594,26,620,7,,,7,"3,855",222,"4,077",43,1,1,133,"6,042,361","407,886","6,450,247","144,362","22,392","12,814","2,532"
Locality: 595 EMPORIA CITY,0401,401 - PRECINCT 4-1,562,25,587,4,,,7,"3,855",222,"4,077",43,1,1,133,"6,042,361","407,886","6,450,247","144,362","22,392","12,814","2,532"
Locality: 595 EMPORIA CITY,0501,501 - PRECINCT 5-1,483,36,519,7,,,7,"3,855",222,"4,077",43,1,1,133,"6,042,361","407,886","6,450,247","144,362","22,392","12,814","2,532"
Locality: 595 EMPORIA CITY,0601,601 - DISTRICT 6,633,31,664,6,,1,7,"3,855",222,"4,077",43,1,1,133,"6,042,361","407,886","6,450,247","144,362","22,392","12,814","2,532"
Locality: 595 EMPORIA CITY,0701,701 - DISTRICT 7,473,30,503,6,,,7,"3,855",222,"4,077",43,1,1,133,"6,042,361","407,886","6,450,247","144,362","22,392","12,814","2,532"
Locality: 600 FAIRFAX CITY,0001,001 - ONE,"2,631",128,"2,759",42,25,15,6,"17,997","1,063","19,060",286,152,100,133,"6,042,361","407,886","6,450,247","144,362","22,392","12,814","2,532"
Locality: 600 FAIRFAX CITY,0002,002 - TWO,"3,274",123,"3,397",62,25,13,6,"17,997","1,063","19,060",286,152,100,133,"6,042,361","407,886","6,450,247","144,362","22,392","12,814","2,532"
Locality: 600 FAIRFAX CITY,0003,003 - THREE,"3,816",211,"4,027",48,42,25,6,"17,997","1,063","19,060",286,152,100,133,"6,042,361","407,886","6,450,247","144,362","22,392","12,814","2,532"
Locality: 600 FAIRFAX CITY,0004,004 - FOUR,"2,754",159,"2,913",44,20,19,6,"17,997","1,063","19,060",286,152,100,133,"6,042,361","407,886","6,450,247","144,362","22,392","12,814","2,532"
Locality: 600 FAIRFAX CITY,0005,005 - FIVE,"2,716",246,"2,962",48,22,14,6,"17,997","1,063","19,060",286,152,100,133,"6,042,361","407,886","6,450,247","144,362","22,392","12,814","2,532"
Locality: 600 FAIRFAX CITY,0006,006 - SIX,"2,806",196,"3,002",42,18,14,6,"17,997","1,063","19,060",286,152,100,133,"6,042,361","407,886","6,450,247","144,362","22,392","12,814","2,532"
Locality: 610 FALLS CHURCH CITY,0001,001 - FIRST WARD,"3,812",221,"4,033",92,124,34,3,"11,625",828,"12,453",225,369,79,133,"6,042,361","407,886","6,450,247","144,362","22,392","12,814","2,532"
Locality: 610 FALLS CHURCH CITY,0002,002 - SECOND WARD,"3,589",363,"3,952",62,129,17,3,"11,625",828,"12,453",225,369,79,133,"6,042,361","407,886","6,450,247","144,362","22,392","12,814","2,532"
Locality: 610 FALLS CHURCH CITY,0003,003 - THIRD WARD,"4,224",244,"4,468",71,116,28,3,"11,625",828,"12,453",225,369,79,133,"6,042,361","407,886","6,450,247","144,362","22,392","12,814","2,532"
Locality: 620 FRANKLIN CITY,0101,101 - PRECINCT 1-1,"1,039",50,"1,089",13,3,,6,"5,933",324,"6,257",131,7,2,133,"6,042,361","407,886","6,450,247","144,362","22,392","12,814","2,532"
Locality: 620 FRANKLIN CITY,0201,201 - PRECINCT 2-1,"1,103",67,"1,170",36,,1,6,"5,933",324,"6,257",131,7,2,133,"6,042,361","407,886","6,450,247","144,362","22,392","12,814","2,532"
Locality: 620 FRANKLIN CITY,0301,301 - PRECINCT 3-1,869,47,916,15,2,1,6,"5,933",324,"6,257",131,7,2,133,"6,042,361","407,886","6,450,247","144,362","22,392","12,814","2,532"
Locality: 620 FRANKLIN CITY,0401,401 - PRECINCT 4-1,933,59,992,15,,,6,"5,933",324,"6,257",131,7,2,133,"6,042,361","407,886","6,450,247","144,362","22,392","12,814","2,532"
Locality: 620 FRANKLIN CITY,0501,501 - PRECINCT 5-1,841,47,888,12,1,,6,"5,933",324,"6,257",131,7,2,133,"6,042,361","407,886","6,450,247","144,362","22,392","12,814","2,532"
Locality: 620 FRANKLIN CITY,0601,601 - PRECINCT 6-1,"1,148",54,"1,202",40,1,,6,"5,933",324,"6,257",131,7,2,133,"6,042,361","407,886","6,450,247","144,362","22,392","12,814","2,532"
Locality: 630 FREDERICKSBURG CITY,0101,101 - HUGH MERCER,"4,658",439,"5,097",101,12,5,5,"19,221","1,802","21,023",427,63,48,133,"6,042,361","407,886","6,450,247","144,362","22,392","12,814","2,532"
Locality: 630 FREDERICKSBURG CITY,0201,201 - DOROTHY HART,"4,172",252,"4,424",67,12,14,5,"19,221","1,802","21,023",427,63,48,133,"6,042,361","407,886","6,450,247","144,362","22,392","12,814","2,532"
Locality: 630 FREDERICKSBURG CITY,0301,301 - GLADYS WEST,"5,283",462,"5,745",140,22,15,5,"19,221","1,802","21,023",427,63,48,133,"6,042,361","407,886","6,450,247","144,362","22,392","12,814","2,532"
Locality: 630 FREDERICKSBURG CITY,0401,401 - FCPS ADMINISTRATION,"2,526",342,"2,868",41,10,8,5,"19,221","1,802","21,023",427,63,48,133,"6,042,361","407,886","6,450,247","144,362","22,392","12,814","2,532"
Locality: 630 FREDERICKSBURG CITY,0402,402 - V.F.W 3103,"2,582",307,"2,889",78,7,6,5,"19,221","1,802","21,023",427,63,48,133,"6,042,361","407,886","6,450,247","144,362","22,392","12,814","2,532"
Locality: 640 GALAX CITY,0001,001 - EAST,"1,912",93,"2,005",23,4,,2,"4,026",214,"4,240",52,6,,133,"6,042,361","407,886","6,450,247","144,362","22,392","12,814","2,532"
Locality: 640 GALAX CITY,0005,005 - WEST,"2,114",121,"2,235",29,2,,2,"4,026",214,"4,240",52,6,,133,"6,042,361","407,886","6,450,247","144,362","22,392","12,814","2,532"
Locality: 650 HAMPTON CITY,0101,101 - ABERDEEN,"3,392",259,"3,651",246,1,2,31,"96,659","7,079","103,738","5,335",135,117,133,"6,042,361","407,886","6,450,247","144,362","22,392","12,814","2,532"
Locality: 650 HAMPTON CITY,0102,102 - BASSETTE,"3,066",190,"3,256",177,2,1,31,"96,659","7,079","103,738","5,335",135,117,133,"6,042,361","407,886","6,450,247","144,362","22,392","12,814","2,532"
Locality: 650 HAMPTON CITY,0103,103 - CITY HALL,"2,574",214,"2,788",164,,3,31,"96,659","7,079","103,738","5,335",135,117,133,"6,042,361","407,886","6,450,247","144,362","22,392","12,814","2,532"
Locality: 650 HAMPTON CITY,0104,104 - COOPER,"5,541",717,"6,258",583,1,8,31,"96,659","7,079","103,738","5,335",135,117,133,"6,042,361","407,886","6,450,247","144,362","22,392","12,814","2,532"
Locality: 650 HAMPTON CITY,0105,105 - EAST HAMPTON,"1,775",152,"1,927",82,2,,31,"96,659","7,079","103,738","5,335",135,117,133,"6,042,361","407,886","6,450,247","144,362","22,392","12,814","2,532"
Locality: 650 HAMPTON CITY,0106,106 - ARMSTRONG,"3,257",189,"3,446",144,6,11,31,"96,659","7,079","103,738","5,335",135,117,133,"6,042,361","407,886","6,450,247","144,362","22,392","12,814","2,532"
Locality: 650 HAMPTON CITY,0107,107 - LINDSAY,"2,697",151,"2,848",103,2,3,31,"96,659","7,079","103,738","5,335",135,117,133,"6,042,361","407,886","6,450,247","144,362","22,392","12,814","2,532"
Locality: 650 HAMPTON CITY,0108,108 - THOMAS,"4,016",403,"4,419",199,3,2,31,"96,659","7,079","103,738","5,335",135,117,133,"6,042,361","407,886","6,450,247","144,362","22,392","12,814","2,532"
Locality: 650 HAMPTON CITY,0109,109 - PHENIX,"3,833",249,"4,082",190,7,5,31,"96,659","7,079","103,738","5,335",135,117,133,"6,042,361","407,886","6,450,247","144,362","22,392","12,814","2,532"
Locality: 650 HAMPTON CITY,0110,110 - PHOEBUS,844,66,910,46,4,1,31,"96,659","7,079","103,738","5,335",135,117,133,"6,042,361","407,886","6,450,247","144,362","22,392","12,814","2,532"
Locality: 650 HAMPTON CITY,0111,111 - HAMPTON LIBRARY,"1,180",81,"1,261",54,5,1,31,"96,659","7,079","103,738","5,335",135,117,133,"6,042,361","407,886","6,450,247","144,362","22,392","12,814","2,532"
Locality: 650 HAMPTON CITY,0112,112 - SMITH,"4,266",285,"4,551",182,3,4,31,"96,659","7,079","103,738","5,335",135,117,133,"6,042,361","407,886","6,450,247","144,362","22,392","12,814","2,532"
Locality: 650 HAMPTON CITY,0113,113 - HAMPTON UNIVERSITY,"2,281",237,"2,518",8,,1,31,"96,659","7,079","103,738","5,335",135,117,133,"6,042,361","407,886","6,450,247","144,362","22,392","12,814","2,532"
Locality: 650 HAMPTON CITY,0115,115 - WYTHE,"1,848",107,"1,955",121,3,7,31,"96,659","7,079","103,738","5,335",135,117,133,"6,042,361","407,886","6,450,247","144,362","22,392","12,814","2,532"
Locality: 650 HAMPTON CITY,0116,116 - JONES,"1,654",89,"1,743",84,4,1,31,"96,659","7,079","103,738","5,335",135,117,133,"6,042,361","407,886","6,450,247","144,362","22,392","12,814","2,532"
Locality: 650 HAMPTON CITY,0117,117 - KECOUGHTAN,"2,958",271,"3,229",172,3,6,31,"96,659","7,079","103,738","5,335",135,117,133,"6,042,361","407,886","6,450,247","144,362","22,392","12,814","2,532"
Locality: 650 HAMPTON CITY,0118,118 - MALLORY,"3,544",233,"3,777",122,8,3,31,"96,659","7,079","103,738","5,335",135,117,133,"6,042,361","407,886","6,450,247","144,362","22,392","12,814","2,532"
Locality: 650 HAMPTON CITY,0201,201 - PATRICK,"3,452",239,"3,691",161,5,5,31,"96,659","7,079","103,738","5,335",135,117,133,"6,042,361","407,886","6,450,247","144,362","22,392","12,814","2,532"
Locality: 650 HAMPTON CITY,0202,202 - BRYAN,"3,570",252,"3,822",149,4,7,31,"96,659","7,079","103,738","5,335",135,117,133,"6,042,361","407,886","6,450,247","144,362","22,392","12,814","2,532"
Locality: 650 HAMPTON CITY,0203,203 - BURBANK,"2,810",298,"3,108",358,8,4,31,"96,659","7,079","103,738","5,335",135,117,133,"6,042,361","407,886","6,450,247","144,362","22,392","12,814","2,532"
Locality: 650 HAMPTON CITY,0204,204 - FORREST,"2,797",197,"2,994",122,3,3,31,"96,659","7,079","103,738","5,335",135,117,133,"6,042,361","407,886","6,450,247","144,362","22,392","12,814","2,532"
Locality: 650 HAMPTON CITY,0205,205 - ASBURY,"4,498",224,"4,722",204,13,10,31,"96,659","7,079","103,738","5,335",135,117,133,"6,042,361","407,886","6,450,247","144,362","22,392","12,814","2,532"
Locality: 650 HAMPTON CITY,0208,208 - KRAFT,"4,840",268,"5,108",232,6,5,31,"96,659","7,079","103,738","5,335",135,117,133,"6,042,361","407,886","6,450,247","144,362","22,392","12,814","2,532"
Locality: 650 HAMPTON CITY,0209,209 - LANGLEY,"3,337",262,"3,599",161,7,5,31,"96,659","7,079","103,738","5,335",135,117,133,"6,042,361","407,886","6,450,247","144,362","22,392","12,814","2,532"
Locality: 650 HAMPTON CITY,0210,210 - MACHEN,"5,341",455,"5,796",346,7,5,31,"96,659","7,079","103,738","5,335",135,117,133,"6,042,361","407,886","6,450,247","144,362","22,392","12,814","2,532"
Locality: 650 HAMPTON CITY,0212,212 - BETHEL,"4,351",181,"4,532",211,7,2,31,"96,659","7,079","103,738","5,335",135,117,133,"6,042,361","407,886","6,450,247","144,362","22,392","12,814","2,532"
Locality: 650 HAMPTON CITY,0213,213 - PHILLIPS,"4,275",205,"4,480",251,7,5,31,"96,659","7,079","103,738","5,335",135,117,133,"6,042,361","407,886","6,450,247","144,362","22,392","12,814","2,532"
Locality: 650 HAMPTON CITY,0214,214 - JACKSON,"3,988",342,"4,330",225,2,4,31,"96,659","7,079","103,738","5,335",135,117,133,"6,042,361","407,886","6,450,247","144,362","22,392","12,814","2,532"
Locality: 650 HAMPTON CITY,0215,215 - PEAKE,"1,052",86,"1,138",36,3,,31,"96,659","7,079","103,738","5,335",135,117,133,"6,042,361","407,886","6,450,247","144,362","22,392","12,814","2,532"
Locality: 650 HAMPTON CITY,0216,216 - SANDY BOTTOM,"2,110",87,"2,197",132,5,3,31,"96,659","7,079","103,738","5,335",135,117,133,"6,042,361","407,886","6,450,247","144,362","22,392","12,814","2,532"
Locality: 650 HAMPTON CITY,0217,217 - SYMS,"1,512",90,"1,602",70,4,,31,"96,659","7,079","103,738","5,335",135,117,133,"6,042,361","407,886","6,450,247","144,362","22,392","12,814","2,532"
Locality: 660 HARRISONBURG CITY,0101,101 - NORTHEAST,"3,715",369,"4,084",39,5,13,8,"25,226","2,229","27,455",221,88,87,133,"6,042,361","407,886","6,450,247","144,362","22,392","12,814","2,532"
Locality: 660 HARRISONBURG CITY,0102,102 - EAST CENTRAL,"2,366",187,"2,553",20,12,3,8,"25,226","2,229","27,455",221,88,87,133,"6,042,361","407,886","6,450,247","144,362","22,392","12,814","2,532"
Locality: 660 HARRISONBURG CITY,0103,103 - SOUTHEAST,"3,337",300,"3,637",24,6,2,8,"25,226","2,229","27,455",221,88,87,133,"6,042,361","407,886","6,450,247","144,362","22,392","12,814","2,532"
Locality: 660 HARRISONBURG CITY,0104,104 - EAST,"3,538",301,"3,839",40,13,4,8,"25,226","2,229","27,455",221,88,87,133,"6,042,361","407,886","6,450,247","144,362","22,392","12,814","2,532"
Locality: 660 HARRISONBURG CITY,0105,105 - SOUTH EAST CENTRAL,"1,320",384,"1,704",11,,2,8,"25,226","2,229","27,455",221,88,87,133,"6,042,361","407,886","6,450,247","144,362","22,392","12,814","2,532"
Locality: 660 HARRISONBURG CITY,0201,201 - NORTHWEST,"3,924",259,"4,183",35,23,26,8,"25,226","2,229","27,455",221,88,87,133,"6,042,361","407,886","6,450,247","144,362","22,392","12,814","2,532"
Locality: 660 HARRISONBURG CITY,0202,202 - SOUTHWEST,"3,508",242,"3,750",27,11,11,8,"25,226","2,229","27,455",221,88,87,133,"6,042,361","407,886","6,450,247","144,362","22,392","12,814","2,532"
Locality: 660 HARRISONBURG CITY,0203,203 -  WEST,"3,518",187,"3,705",25,18,26,8,"25,226","2,229","27,455",221,88,87,133,"6,042,361","407,886","6,450,247","144,362","22,392","12,814","2,532"
Locality: 670 HOPEWELL CITY,0101,101 - WARD ONE,"2,132",178,"2,310",40,1,1,7,"15,525",971,"16,496",397,10,1,133,"6,042,361","407,886","6,450,247","144,362","22,392","12,814","2,532"
Locality: 670 HOPEWELL CITY,0201,201 - WARD TWO,"1,983",163,"2,146",39,2,,7,"15,525",971,"16,496",397,10,1,133,"6,042,361","407,886","6,450,247","144,362","22,392","12,814","2,532"
Locality: 670 HOPEWELL CITY,0301,301 - WARD THREE,"2,420",111,"2,531",40,1,,7,"15,525",971,"16,496",397,10,1,133,"6,042,361","407,886","6,450,247","144,362","22,392","12,814","2,532"
Locality: 670 HOPEWELL CITY,0401,401 - WARD FOUR,"2,682",120,"2,802",98,,,7,"15,525",971,"16,496",397,10,1,133,"6,042,361","407,886","6,450,247","144,362","22,392","12,814","2,532"
Locality: 670 HOPEWELL CITY,0501,501 - WARD FIVE,"2,206",148,"2,354",57,3,,7,"15,525",971,"16,496",397,10,1,133,"6,042,361","407,886","6,450,247","144,362","22,392","12,814","2,532"
Locality: 670 HOPEWELL CITY,0601,601 - WARD SIX,"2,055",118,"2,173",50,1,,7,"15,525",971,"16,496",397,10,1,133,"6,042,361","407,886","6,450,247","144,362","22,392","12,814","2,532"
Locality: 670 HOPEWELL CITY,0701,701 - WARD SEVEN,"2,047",133,"2,180",73,2,,7,"15,525",971,"16,496",397,10,1,133,"6,042,361","407,886","6,450,247","144,362","22,392","12,814","2,532"
Locality: 678 LEXINGTON CITY,0001,001 - LEXINGTON,"3,509",756,"4,265",22,16,4,1,"3,509",756,"4,265",22,16,4,133,"6,042,361","407,886","6,450,247","144,362","22,392","12,814","2,532"
Locality: 680 LYNCHBURG CITY,0101,101 - FIRST WARD FIRST PRECINCT,"4,871",372,"5,243",80,14,10,18,"55,787","4,448","60,235",707,134,104,133,"6,042,361","407,886","6,450,247","144,362","22,392","12,814","2,532"
Locality: 680 LYNCHBURG CITY,0102,102 - FIRST WARD SECOND PRECINCT,"3,916",185,"4,101",31,17,14,18,"55,787","4,448","60,235",707,134,104,133,"6,042,361","407,886","6,450,247","144,362","22,392","12,814","2,532"
Locality: 680 LYNCHBURG CITY,0103,103 - FIRST WARD THIRD PRECINCT,"2,520",96,"2,616",27,10,7,18,"55,787","4,448","60,235",707,134,104,133,"6,042,361","407,886","6,450,247","144,362","22,392","12,814","2,532"
Locality: 680 LYNCHBURG CITY,0104,104 - FIRST WARD FOURTH PRECINCT,"1,450",109,"1,559",19,12,4,18,"55,787","4,448","60,235",707,134,104,133,"6,042,361","407,886","6,450,247","144,362","22,392","12,814","2,532"
Locality: 680 LYNCHBURG CITY,0105,105 - FIRST WARD FIFTH PRECINCT,"1,778",90,"1,868",14,13,4,18,"55,787","4,448","60,235",707,134,104,133,"6,042,361","407,886","6,450,247","144,362","22,392","12,814","2,532"
Locality: 680 LYNCHBURG CITY,0201,201 - SECOND WARD FIRST PRECINCT,"5,083",453,"5,536",64,9,8,18,"55,787","4,448","60,235",707,134,104,133,"6,042,361","407,886","6,450,247","144,362","22,392","12,814","2,532"
Locality: 680 LYNCHBURG CITY,0202,202 - SECOND WARD SECOND PRECINCT,"4,586",446,"5,032",72,6,2,18,"55,787","4,448","60,235",707,134,104,133,"6,042,361","407,886","6,450,247","144,362","22,392","12,814","2,532"
Locality: 680 LYNCHBURG CITY,0203,203 - SECOND WARD THIRD PRECINCT,"1,190",260,"1,450",19,2,1,18,"55,787","4,448","60,235",707,134,104,133,"6,042,361","407,886","6,450,247","144,362","22,392","12,814","2,532"
Locality: 680 LYNCHBURG CITY,0204,204 - SECOND WARD FOURTH PRECINCT,"1,219",97,"1,316",9,1,2,18,"55,787","4,448","60,235",707,134,104,133,"6,042,361","407,886","6,450,247","144,362","22,392","12,814","2,532"
Locality: 680 LYNCHBURG CITY,0301,301 - THIRD WARD FIRST PRECINCT,"1,255",179,"1,434",19,,4,18,"55,787","4,448","60,235",707,134,104,133,"6,042,361","407,886","6,450,247","144,362","22,392","12,814","2,532"
Locality: 680 LYNCHBURG CITY,0302,302 - THIRD WARD SECOND PRECINCT,"5,209",303,"5,512",28,1,3,18,"55,787","4,448","60,235",707,134,104,133,"6,042,361","407,886","6,450,247","144,362","22,392","12,814","2,532"
Locality: 680 LYNCHBURG CITY,0303,303 - THIRD WARD THIRD PRECINCT,"1,902",134,"2,036",29,4,2,18,"55,787","4,448","60,235",707,134,104,133,"6,042,361","407,886","6,450,247","144,362","22,392","12,814","2,532"
Locality: 680 LYNCHBURG CITY,0304,304 - THIRD WARD FOURTH PRECINCT,"1,925",168,"2,093",21,5,3,18,"55,787","4,448","60,235",707,134,104,133,"6,042,361","407,886","6,450,247","144,362","22,392","12,814","2,532"
Locality: 680 LYNCHBURG CITY,0305,305 - THIRD WARD FIFTH PRECINCT,"4,286",417,"4,703",78,6,15,18,"55,787","4,448","60,235",707,134,104,133,"6,042,361","407,886","6,450,247","144,362","22,392","12,814","2,532"
Locality: 680 LYNCHBURG CITY,0401,401 - FOURTH WARD FIRST PRECINCT,"5,487",448,"5,935",84,7,4,18,"55,787","4,448","60,235",707,134,104,133,"6,042,361","407,886","6,450,247","144,362","22,392","12,814","2,532"
Locality: 680 LYNCHBURG CITY,0402,402 - FOURTH WARD SECOND PRECINCT,"1,713",109,"1,822",23,5,3,18,"55,787","4,448","60,235",707,134,104,133,"6,042,361","407,886","6,450,247","144,362","22,392","12,814","2,532"
Locality: 680 LYNCHBURG CITY,0403,403 - FOURTH WARD THIRD PRECINCT,"3,689",336,"4,025",48,10,10,18,"55,787","4,448","60,235",707,134,104,133,"6,042,361","407,886","6,450,247","144,362","22,392","12,814","2,532"
Locality: 680 LYNCHBURG CITY,0404,404 - FOURTH WARD FOURTH PRECINCT,"3,708",246,"3,954",42,12,8,18,"55,787","4,448","60,235",707,134,104,133,"6,042,361","407,886","6,450,247","144,362","22,392","12,814","2,532"
Locality: 683 MANASSAS CITY,0001,001 - DEAN,"4,055",371,"4,426",47,10,4,6,"23,004","1,804","24,808",296,47,64,133,"6,042,361","407,886","6,450,247","144,362","22,392","12,814","2,532"
Locality: 683 MANASSAS CITY,0002,002 - WEEMS,"4,259",306,"4,565",52,6,13,6,"23,004","1,804","24,808",296,47,64,133,"6,042,361","407,886","6,450,247","144,362","22,392","12,814","2,532"
Locality: 683 MANASSAS CITY,0003,003 - METZ,"4,065",294,"4,359",50,11,8,6,"23,004","1,804","24,808",296,47,64,133,"6,042,361","407,886","6,450,247","144,362","22,392","12,814","2,532"
Locality: 683 MANASSAS CITY,0004,004 - HAYDON,"3,740",288,"4,028",64,8,22,6,"23,004","1,804","24,808",296,47,64,133,"6,042,361","407,886","6,450,247","144,362","22,392","12,814","2,532"
Locality: 683 MANASSAS CITY,0005,005 - BALDWIN,"3,791",355,"4,146",33,6,10,6,"23,004","1,804","24,808",296,47,64,133,"6,042,361","407,886","6,450,247","144,362","22,392","12,814","2,532"
Locality: 683 MANASSAS CITY,0006,006 - ROUND,"3,094",190,"3,284",50,6,7,6,"23,004","1,804","24,808",296,47,64,133,"6,042,361","407,886","6,450,247","144,362","22,392","12,814","2,532"
Locality: 685 MANASSAS PARK CITY,0001,001 - PRECINCT ONE,"3,271",274,"3,545",62,15,1,3,"9,330",617,"9,947",185,31,4,133,"6,042,361","407,886","6,450,247","144,362","22,392","12,814","2,532"
Locality: 685 MANASSAS PARK CITY,0002,002 - PRECINCT TWO,"2,931",141,"3,072",41,4,,3,"9,330",617,"9,947",185,31,4,133,"6,042,361","407,886","6,450,247","144,362","22,392","12,814","2,532"
Locality: 685 MANASSAS PARK CITY,0003,003 - PRECINCT THREE,"3,128",202,"3,330",82,12,3,3,"9,330",617,"9,947",185,31,4,133,"6,042,361","407,886","6,450,247","144,362","22,392","12,814","2,532"
Locality: 690 MARTINSVILLE CITY,0001,001 - PRECINCT #1,755,58,813,3,,,6,"8,359",841,"9,200",48,14,3,133,"6,042,361","407,886","6,450,247","144,362","22,392","12,814","2,532"
Locality: 690 MARTINSVILLE CITY,0002,002 - PRECINCT #2,"1,899",203,"2,102",9,10,,6,"8,359",841,"9,200",48,14,3,133,"6,042,361","407,886","6,450,247","144,362","22,392","12,814","2,532"
Locality: 690 MARTINSVILLE CITY,0003,003 - PRECINCT #3,"1,332",181,"1,513",6,,,6,"8,359",841,"9,200",48,14,3,133,"6,042,361","407,886","6,450,247","144,362","22,392","12,814","2,532"
Locality: 690 MARTINSVILLE CITY,0004,004 - PRECINCT #4,"1,862",199,"2,061",14,1,,6,"8,359",841,"9,200",48,14,3,133,"6,042,361","407,886","6,450,247","144,362","22,392","12,814","2,532"
Locality: 690 MARTINSVILLE CITY,0005,005 - PRECINCT #5,"2,100",160,"2,260",16,3,3,6,"8,359",841,"9,200",48,14,3,133,"6,042,361","407,886","6,450,247","144,362","22,392","12,814","2,532"
Locality: 690 MARTINSVILLE CITY,0006,006 - PRECINCT #6,411,40,451,,,,6,"8,359",841,"9,200",48,14,3,133,"6,042,361","407,886","6,450,247","144,362","22,392","12,814","2,532"
Locality: 700 NEWPORT NEWS CITY,0101,101 - DENBIGH,"4,287",404,"4,691",183,10,6,43,"117,139","10,465","127,604","5,978",179,202,133,"6,042,361","407,886","6,450,247","144,362","22,392","12,814","2,532"
Locality: 700 NEWPORT NEWS CITY,0102,102 - STONEY RUN,"4,760",423,"5,183",185,1,9,43,"117,139","10,465","127,604","5,978",179,202,133,"6,042,361","407,886","6,450,247","144,362","22,392","12,814","2,532"
Locality: 700 NEWPORT NEWS CITY,0104,104 - MCINTOSH,"2,909",326,"3,235",166,6,3,43,"117,139","10,465","127,604","5,978",179,202,133,"6,042,361","407,886","6,450,247","144,362","22,392","12,814","2,532"
Locality: 700 NEWPORT NEWS CITY,0106,106 - RESERVOIR,"3,341",440,"3,781",911,13,4,43,"117,139","10,465","127,604","5,978",179,202,133,"6,042,361","407,886","6,450,247","144,362","22,392","12,814","2,532"
Locality: 700 NEWPORT NEWS CITY,0107,107 - RICHNECK,"4,761",268,"5,029",309,9,6,43,"117,139","10,465","127,604","5,978",179,202,133,"6,042,361","407,886","6,450,247","144,362","22,392","12,814","2,532"
Locality: 700 NEWPORT NEWS CITY,0108,108 - KATHERINE JOHNSON,"1,302",132,"1,434",76,6,2,43,"117,139","10,465","127,604","5,978",179,202,133,"6,042,361","407,886","6,450,247","144,362","22,392","12,814","2,532"
Locality: 700 NEWPORT NEWS CITY,0109,109 - WINDSOR,"2,253",181,"2,434",145,1,6,43,"117,139","10,465","127,604","5,978",179,202,133,"6,042,361","407,886","6,450,247","144,362","22,392","12,814","2,532"
Locality: 700 NEWPORT NEWS CITY,0110,110 - GREENWOOD,"4,185",398,"4,583",337,6,6,43,"117,139","10,465","127,604","5,978",179,202,133,"6,042,361","407,886","6,450,247","144,362","22,392","12,814","2,532"
Locality: 700 NEWPORT NEWS CITY,0111,111 - STONEYBROOK,"4,415",483,"4,898",232,8,5,43,"117,139","10,465","127,604","5,978",179,202,133,"6,042,361","407,886","6,450,247","144,362","22,392","12,814","2,532"
Locality: 700 NEWPORT NEWS CITY,0112,112 - KNOLLWOOD MEADOWS,"4,201",223,"4,424",207,8,7,43,"117,139","10,465","127,604","5,978",179,202,133,"6,042,361","407,886","6,450,247","144,362","22,392","12,814","2,532"
Locality: 700 NEWPORT NEWS CITY,0113,113 - SANFORD,"1,374",60,"1,434",56,,1,43,"117,139","10,465","127,604","5,978",179,202,133,"6,042,361","407,886","6,450,247","144,362","22,392","12,814","2,532"
Locality: 700 NEWPORT NEWS CITY,0201,201 - BLAND,974,208,"1,182",88,1,,43,"117,139","10,465","127,604","5,978",179,202,133,"6,042,361","407,886","6,450,247","144,362","22,392","12,814","2,532"
Locality: 700 NEWPORT NEWS CITY,0202,202 - BOULEVARD,"2,556",179,"2,735",73,4,7,43,"117,139","10,465","127,604","5,978",179,202,133,"6,042,361","407,886","6,450,247","144,362","22,392","12,814","2,532"
Locality: 700 NEWPORT NEWS CITY,0203,203 - CHARLES,"4,244",228,"4,472",203,12,9,43,"117,139","10,465","127,604","5,978",179,202,133,"6,042,361","407,886","6,450,247","144,362","22,392","12,814","2,532"
Locality: 700 NEWPORT NEWS CITY,0204,204 - MARINERS' MUSEUM,"2,129",185,"2,314",36,3,2,43,"117,139","10,465","127,604","5,978",179,202,133,"6,042,361","407,886","6,450,247","144,362","22,392","12,814","2,532"
Locality: 700 NEWPORT NEWS CITY,0205,205 - DEEP CREEK,"3,058",142,"3,200",104,5,4,43,"117,139","10,465","127,604","5,978",179,202,133,"6,042,361","407,886","6,450,247","144,362","22,392","12,814","2,532"
Locality: 700 NEWPORT NEWS CITY,0208,208 - HIDENWOOD,"1,742",84,"1,826",56,10,9,43,"117,139","10,465","127,604","5,978",179,202,133,"6,042,361","407,886","6,450,247","144,362","22,392","12,814","2,532"
Locality: 700 NEWPORT NEWS CITY,0211,211 - PALMER,"3,943",572,"4,515",260,3,5,43,"117,139","10,465","127,604","5,978",179,202,133,"6,042,361","407,886","6,450,247","144,362","22,392","12,814","2,532"
Locality: 700 NEWPORT NEWS CITY,0212,212 - RIVERSIDE,"1,453",90,"1,543",35,5,6,43,"117,139","10,465","127,604","5,978",179,202,133,"6,042,361","407,886","6,450,247","144,362","22,392","12,814","2,532"
Locality: 700 NEWPORT NEWS CITY,0216,216 - YATES,"3,066",239,"3,305",94,5,14,43,"117,139","10,465","127,604","5,978",179,202,133,"6,042,361","407,886","6,450,247","144,362","22,392","12,814","2,532"
Locality: 700 NEWPORT NEWS CITY,0217,217 - RIVERVIEW,"2,551",126,"2,677",96,8,11,43,"117,139","10,465","127,604","5,978",179,202,133,"6,042,361","407,886","6,450,247","144,362","22,392","12,814","2,532"
Locality: 700 NEWPORT NEWS CITY,0218,218 - KILN CREEK,"4,678",385,"5,063",250,8,8,43,"117,139","10,465","127,604","5,978",179,202,133,"6,042,361","407,886","6,450,247","144,362","22,392","12,814","2,532"
Locality: 700 NEWPORT NEWS CITY,0219,219 - DEER PARK,"4,651",607,"5,258",240,7,9,43,"117,139","10,465","127,604","5,978",179,202,133,"6,042,361","407,886","6,450,247","144,362","22,392","12,814","2,532"
Locality: 700 NEWPORT NEWS CITY,0220,220 -JENKINS,"4,068",467,"4,535",178,3,9,43,"117,139","10,465","127,604","5,978",179,202,133,"6,042,361","407,886","6,450,247","144,362","22,392","12,814","2,532"
Locality: 700 NEWPORT NEWS CITY,0302,302 - BRIARFIELD,"2,853",333,"3,186",85,,1,43,"117,139","10,465","127,604","5,978",179,202,133,"6,042,361","407,886","6,450,247","144,362","22,392","12,814","2,532"
Locality: 700 NEWPORT NEWS CITY,0303,303 - CARVER,"1,750",187,"1,937",58,,1,43,"117,139","10,465","127,604","5,978",179,202,133,"6,042,361","407,886","6,450,247","144,362","22,392","12,814","2,532"
Locality: 700 NEWPORT NEWS CITY,0304,304 - CHESTNUT,"1,254",139,"1,393",34,1,,43,"117,139","10,465","127,604","5,978",179,202,133,"6,042,361","407,886","6,450,247","144,362","22,392","12,814","2,532"
Locality: 700 NEWPORT NEWS CITY,0305,305 - DOWNTOWN,979,134,"1,113",94,3,,43,"117,139","10,465","127,604","5,978",179,202,133,"6,042,361","407,886","6,450,247","144,362","22,392","12,814","2,532"
Locality: 700 NEWPORT NEWS CITY,0308,308 - JEFFERSON,"1,134",127,"1,261",32,,2,43,"117,139","10,465","127,604","5,978",179,202,133,"6,042,361","407,886","6,450,247","144,362","22,392","12,814","2,532"
Locality: 700 NEWPORT NEWS CITY,0309,309 - MAGRUDER,"1,207",100,"1,307",33,,2,43,"117,139","10,465","127,604","5,978",179,202,133,"6,042,361","407,886","6,450,247","144,362","22,392","12,814","2,532"
Locality: 700 NEWPORT NEWS CITY,0310,310 - MARSHALL,"1,687",146,"1,833",42,,,43,"117,139","10,465","127,604","5,978",179,202,133,"6,042,361","407,886","6,450,247","144,362","22,392","12,814","2,532"
Locality: 700 NEWPORT NEWS CITY,0311,311 - NEWMARKET,"3,185",182,"3,367",76,2,3,43,"117,139","10,465","127,604","5,978",179,202,133,"6,042,361","407,886","6,450,247","144,362","22,392","12,814","2,532"
Locality: 700 NEWPORT NEWS CITY,0312,312 - NEWSOME PARK,977,114,"1,091",26,,,43,"117,139","10,465","127,604","5,978",179,202,133,"6,042,361","407,886","6,450,247","144,362","22,392","12,814","2,532"
Locality: 700 NEWPORT NEWS CITY,0313,313 - REED,"2,484",228,"2,712",46,2,1,43,"117,139","10,465","127,604","5,978",179,202,133,"6,042,361","407,886","6,450,247","144,362","22,392","12,814","2,532"
Locality: 700 NEWPORT NEWS CITY,0314,314 - RIVER,"1,624",180,"1,804",66,1,5,43,"117,139","10,465","127,604","5,978",179,202,133,"6,042,361","407,886","6,450,247","144,362","22,392","12,814","2,532"
Locality: 700 NEWPORT NEWS CITY,0315,315 - SEDGEFIELD,"2,211",157,"2,368",69,2,5,43,"117,139","10,465","127,604","5,978",179,202,133,"6,042,361","407,886","6,450,247","144,362","22,392","12,814","2,532"
Locality: 700 NEWPORT NEWS CITY,0316,316 - SOUTH MORRISON,"2,872",274,"3,146",144,2,8,43,"117,139","10,465","127,604","5,978",179,202,133,"6,042,361","407,886","6,450,247","144,362","22,392","12,814","2,532"
Locality: 700 NEWPORT NEWS CITY,0317,317 - WASHINGTON,"1,467",196,"1,663",42,,1,43,"117,139","10,465","127,604","5,978",179,202,133,"6,042,361","407,886","6,450,247","144,362","22,392","12,814","2,532"
Locality: 700 NEWPORT NEWS CITY,0318,318 - WILSON,"1,250",84,"1,334",38,1,2,43,"117,139","10,465","127,604","5,978",179,202,133,"6,042,361","407,886","6,450,247","144,362","22,392","12,814","2,532"
Locality: 700 NEWPORT NEWS CITY,0319,319 - SAUNDERS,"4,105",352,"4,457",153,6,6,43,"117,139","10,465","127,604","5,978",179,202,133,"6,042,361","407,886","6,450,247","144,362","22,392","12,814","2,532"
Locality: 700 NEWPORT NEWS CITY,0320,320 - WATKINS,"4,926",345,"5,271",264,8,4,43,"117,139","10,465","127,604","5,978",179,202,133,"6,042,361","407,886","6,450,247","144,362","22,392","12,814","2,532"
Locality: 700 NEWPORT NEWS CITY,0321,321 - HILTON,"2,402",133,"2,535",83,9,9,43,"117,139","10,465","127,604","5,978",179,202,133,"6,042,361","407,886","6,450,247","144,362","22,392","12,814","2,532"
Locality: 700 NEWPORT NEWS CITY,0322,322 - WARWICK,"1,871",204,"2,075",73,,4,43,"117,139","10,465","127,604","5,978",179,202,133,"6,042,361","407,886","6,450,247","144,362","22,392","12,814","2,532"
Locality: 710 NORFOLK CITY,0101,101 - GRANBY,"3,929",464,"4,393",6,5,7,49,"135,640","12,814","148,454",241,43,223,133,"6,042,361","407,886","6,450,247","144,362","22,392","12,814","2,532"
Locality: 710 NORFOLK CITY,0102,102 - OCEAN VIEW SCHOOL,"1,833",234,"2,067",3,,2,49,"135,640","12,814","148,454",241,43,223,133,"6,042,361","407,886","6,450,247","144,362","22,392","12,814","2,532"
Locality: 710 NORFOLK CITY,0103,103 - NORTHSIDE,"2,460",193,"2,653",7,1,2,49,"135,640","12,814","148,454",241,43,223,133,"6,042,361","407,886","6,450,247","144,362","22,392","12,814","2,532"
Locality: 710 NORFOLK CITY,0104,104 - TITUSTOWN ,"2,455",365,"2,820",18,,1,49,"135,640","12,814","148,454",241,43,223,133,"6,042,361","407,886","6,450,247","144,362","22,392","12,814","2,532"
Locality: 710 NORFOLK CITY,0106,106 - SECOND PRESBYTERIAN,"3,634",447,"4,081",9,4,14,49,"135,640","12,814","148,454",241,43,223,133,"6,042,361","407,886","6,450,247","144,362","22,392","12,814","2,532"
Locality: 710 NORFOLK CITY,0107,107 - WESLEY,"2,707",279,"2,986",9,,3,49,"135,640","12,814","148,454",241,43,223,133,"6,042,361","407,886","6,450,247","144,362","22,392","12,814","2,532"
Locality: 710 NORFOLK CITY,0201,201 - LARCHMONT SCHOOL,"3,074",273,"3,347",4,,15,49,"135,640","12,814","148,454",241,43,223,133,"6,042,361","407,886","6,450,247","144,362","22,392","12,814","2,532"
Locality: 710 NORFOLK CITY,0203,203 - GHENT SQUARE,"1,664",205,"1,869",4,1,16,49,"135,640","12,814","148,454",241,43,223,133,"6,042,361","407,886","6,450,247","144,362","22,392","12,814","2,532"
Locality: 710 NORFOLK CITY,0207,207 - LAMBERT'S POINT,"3,701",471,"4,172",3,3,2,49,"135,640","12,814","148,454",241,43,223,133,"6,042,361","407,886","6,450,247","144,362","22,392","12,814","2,532"
Locality: 710 NORFOLK CITY,0208,208 - LARCHMONT UMC,"1,756",104,"1,860",5,,1,49,"135,640","12,814","148,454",241,43,223,133,"6,042,361","407,886","6,450,247","144,362","22,392","12,814","2,532"
Locality: 710 NORFOLK CITY,0210,210 - MAURY,"2,690",336,"3,026",8,,26,49,"135,640","12,814","148,454",241,43,223,133,"6,042,361","407,886","6,450,247","144,362","22,392","12,814","2,532"
Locality: 710 NORFOLK CITY,0211,211 - CHRYSLER MUSEUM,"4,272",545,"4,817",15,4,17,49,"135,640","12,814","148,454",241,43,223,133,"6,042,361","407,886","6,450,247","144,362","22,392","12,814","2,532"
Locality: 710 NORFOLK CITY,0212,212 - PARK PLACE,"2,431",266,"2,697",2,,,49,"135,640","12,814","148,454",241,43,223,133,"6,042,361","407,886","6,450,247","144,362","22,392","12,814","2,532"
Locality: 710 NORFOLK CITY,0213,213 - TAYLOR ELEMENTARY SCHOOL,"2,894",276,"3,170",13,4,22,49,"135,640","12,814","148,454",241,43,223,133,"6,042,361","407,886","6,450,247","144,362","22,392","12,814","2,532"
Locality: 710 NORFOLK CITY,0214,214 - VIRGINIA ZOO,"2,895",283,"3,178",9,5,8,49,"135,640","12,814","148,454",241,43,223,133,"6,042,361","407,886","6,450,247","144,362","22,392","12,814","2,532"
Locality: 710 NORFOLK CITY,0215,215 - SUBURBAN PARK,"2,225",166,"2,391",2,1,2,49,"135,640","12,814","148,454",241,43,223,133,"6,042,361","407,886","6,450,247","144,362","22,392","12,814","2,532"
Locality: 710 NORFOLK CITY,0218,218 - WILLARD,"3,589",193,"3,782",7,1,17,49,"135,640","12,814","148,454",241,43,223,133,"6,042,361","407,886","6,450,247","144,362","22,392","12,814","2,532"
Locality: 710 NORFOLK CITY,0301,301 - BALLENTINE,"2,947",282,"3,229",2,,3,49,"135,640","12,814","148,454",241,43,223,133,"6,042,361","407,886","6,450,247","144,362","22,392","12,814","2,532"
Locality: 710 NORFOLK CITY,0302,302 - TANNERS CREEK,"1,942",248,"2,190",7,,,49,"135,640","12,814","148,454",241,43,223,133,"6,042,361","407,886","6,450,247","144,362","22,392","12,814","2,532"
Locality: 710 NORFOLK CITY,0303,303 - BROAD CREEK,"3,222",250,"3,472",1,,3,49,"135,640","12,814","148,454",241,43,223,133,"6,042,361","407,886","6,450,247","144,362","22,392","12,814","2,532"
Locality: 710 NORFOLK CITY,0304,304 - COLEMAN PLACE SCHOOL,"1,653",132,"1,785",,,,49,"135,640","12,814","148,454",241,43,223,133,"6,042,361","407,886","6,450,247","144,362","22,392","12,814","2,532"
Locality: 710 NORFOLK CITY,0305,305 - LAFAYETTE-WINONA,"2,208",152,"2,360",3,,3,49,"135,640","12,814","148,454",241,43,223,133,"6,042,361","407,886","6,450,247","144,362","22,392","12,814","2,532"
Locality: 710 NORFOLK CITY,0306,306 - LINDENWOOD,"1,794",154,"1,948",3,3,4,49,"135,640","12,814","148,454",241,43,223,133,"6,042,361","407,886","6,450,247","144,362","22,392","12,814","2,532"
Locality: 710 NORFOLK CITY,0309,309 - NORVIEW,"4,892",395,"5,287",7,,3,49,"135,640","12,814","148,454",241,43,223,133,"6,042,361","407,886","6,450,247","144,362","22,392","12,814","2,532"
Locality: 710 NORFOLK CITY,0310,310 - ROSEMONT,"3,976",353,"4,329",2,,3,49,"135,640","12,814","148,454",241,43,223,133,"6,042,361","407,886","6,450,247","144,362","22,392","12,814","2,532"
Locality: 710 NORFOLK CITY,0311,311 - SHERWOOD,"4,974",436,"5,410",5,,,49,"135,640","12,814","148,454",241,43,223,133,"6,042,361","407,886","6,450,247","144,362","22,392","12,814","2,532"
Locality: 710 NORFOLK CITY,0313,313 - UNION CHAPEL,"1,533",151,"1,684",1,,,49,"135,640","12,814","148,454",241,43,223,133,"6,042,361","407,886","6,450,247","144,362","22,392","12,814","2,532"
Locality: 710 NORFOLK CITY,0402,402 - BERKLEY,"2,109",143,"2,252",,,,49,"135,640","12,814","148,454",241,43,223,133,"6,042,361","407,886","6,450,247","144,362","22,392","12,814","2,532"
Locality: 710 NORFOLK CITY,0404,404 - CAMPOSTELLA,"2,701",217,"2,918",1,,3,49,"135,640","12,814","148,454",241,43,223,133,"6,042,361","407,886","6,450,247","144,362","22,392","12,814","2,532"
Locality: 710 NORFOLK CITY,0405,405 - CHESTERFIELD,"2,214",131,"2,345",3,1,2,49,"135,640","12,814","148,454",241,43,223,133,"6,042,361","407,886","6,450,247","144,362","22,392","12,814","2,532"
Locality: 710 NORFOLK CITY,0406,406 - BARRON BLACK,"1,911",113,"2,024",6,1,2,49,"135,640","12,814","148,454",241,43,223,133,"6,042,361","407,886","6,450,247","144,362","22,392","12,814","2,532"
Locality: 710 NORFOLK CITY,0408,408 - EASTSIDE,"3,158",319,"3,477",4,1,,49,"135,640","12,814","148,454",241,43,223,133,"6,042,361","407,886","6,450,247","144,362","22,392","12,814","2,532"
Locality: 710 NORFOLK CITY,0409,409 - FAIRLAWN,"2,305",148,"2,453",,,1,49,"135,640","12,814","148,454",241,43,223,133,"6,042,361","407,886","6,450,247","144,362","22,392","12,814","2,532"
Locality: 710 NORFOLK CITY,0411,411 - RUFFNER ACADEMY,"1,748",187,"1,935",,,,49,"135,640","12,814","148,454",241,43,223,133,"6,042,361","407,886","6,450,247","144,362","22,392","12,814","2,532"
Locality: 710 NORFOLK CITY,0412,412 - INGLESIDE,"2,181",190,"2,371",2,1,,49,"135,640","12,814","148,454",241,43,223,133,"6,042,361","407,886","6,450,247","144,362","22,392","12,814","2,532"
Locality: 710 NORFOLK CITY,0413,413 - POPLAR HALLS,"3,715",306,"4,021",2,,2,49,"135,640","12,814","148,454",241,43,223,133,"6,042,361","407,886","6,450,247","144,362","22,392","12,814","2,532"
Locality: 710 NORFOLK CITY,0414,414 - YOUNG PARK,"2,742",267,"3,009",,,1,49,"135,640","12,814","148,454",241,43,223,133,"6,042,361","407,886","6,450,247","144,362","22,392","12,814","2,532"
Locality: 710 NORFOLK CITY,0415,415 - LAKE TAYLOR HIGH SCHOOL,"2,639",231,"2,870",3,,2,49,"135,640","12,814","148,454",241,43,223,133,"6,042,361","407,886","6,450,247","144,362","22,392","12,814","2,532"
Locality: 710 NORFOLK CITY,0416,416 - NORFOLK STATE,905,87,992,,,,49,"135,640","12,814","148,454",241,43,223,133,"6,042,361","407,886","6,450,247","144,362","22,392","12,814","2,532"
Locality: 710 NORFOLK CITY,0501,501 - BAYVIEW,"3,319",346,"3,665",5,2,3,49,"135,640","12,814","148,454",241,43,223,133,"6,042,361","407,886","6,450,247","144,362","22,392","12,814","2,532"
Locality: 710 NORFOLK CITY,0503,503 - EAST OCEAN VIEW,"4,084",417,"4,501",17,1,8,49,"135,640","12,814","148,454",241,43,223,133,"6,042,361","407,886","6,450,247","144,362","22,392","12,814","2,532"
Locality: 710 NORFOLK CITY,0504,504 - LARRYMORE,"2,458",194,"2,652",1,,9,49,"135,640","12,814","148,454",241,43,223,133,"6,042,361","407,886","6,450,247","144,362","22,392","12,814","2,532"
Locality: 710 NORFOLK CITY,0505,505 - LITTLE CREEK,"2,088",195,"2,283",5,,,49,"135,640","12,814","148,454",241,43,223,133,"6,042,361","407,886","6,450,247","144,362","22,392","12,814","2,532"
Locality: 710 NORFOLK CITY,0506,506 - OCEAN VIEW GOLF COURSE,"4,023",521,"4,544",10,2,3,49,"135,640","12,814","148,454",241,43,223,133,"6,042,361","407,886","6,450,247","144,362","22,392","12,814","2,532"
Locality: 710 NORFOLK CITY,0507,507 - PRETLOW,"3,119",357,"3,476",4,1,3,49,"135,640","12,814","148,454",241,43,223,133,"6,042,361","407,886","6,450,247","144,362","22,392","12,814","2,532"
Locality: 710 NORFOLK CITY,0509,509 - TARRALLTON,"2,979",202,"3,181",6,1,6,49,"135,640","12,814","148,454",241,43,223,133,"6,042,361","407,886","6,450,247","144,362","22,392","12,814","2,532"
Locality: 710 NORFOLK CITY,0510,510 - THIRD PRESBYTERIAN,"3,110",199,"3,309",7,,2,49,"135,640","12,814","148,454",241,43,223,133,"6,042,361","407,886","6,450,247","144,362","22,392","12,814","2,532"
Locality: 710 NORFOLK CITY,0511,511 - CROSSROADS,"3,002",260,"3,262",7,,2,49,"135,640","12,814","148,454",241,43,223,133,"6,042,361","407,886","6,450,247","144,362","22,392","12,814","2,532"
Locality: 710 NORFOLK CITY,0512,512 - AZALEA GARDENS,"1,780",131,"1,911",3,,,49,"135,640","12,814","148,454",241,43,223,133,"6,042,361","407,886","6,450,247","144,362","22,392","12,814","2,532"
Locality: 720 NORTON CITY,0001,001 - EAST WARD,"2,466",154,"2,620",19,,,1,"2,466",154,"2,620",19,,,133,"6,042,361","407,886","6,450,247","144,362","22,392","12,814","2,532"
Locality: 730 PETERSBURG CITY,0101,101 - FIRST WARD FIRST PRECINCT,"2,833",410,"3,243",106,2,1,7,"22,563","2,513","25,076",689,43,7,133,"6,042,361","407,886","6,450,247","144,362","22,392","12,814","2,532"
Locality: 730 PETERSBURG CITY,0201,201 - SECOND WARD FIRST PRECINCT,"3,316",362,"3,678",123,6,1,7,"22,563","2,513","25,076",689,43,7,133,"6,042,361","407,886","6,450,247","144,362","22,392","12,814","2,532"
Locality: 730 PETERSBURG CITY,0301,301 - THIRD WARD FIRST PRECINCT,"3,629",259,"3,888",85,17,2,7,"22,563","2,513","25,076",689,43,7,133,"6,042,361","407,886","6,450,247","144,362","22,392","12,814","2,532"
Locality: 730 PETERSBURG CITY,0401,401 - FOURTH WARD FIRST PRECINCT,"2,994",359,"3,353",109,5,3,7,"22,563","2,513","25,076",689,43,7,133,"6,042,361","407,886","6,450,247","144,362","22,392","12,814","2,532"
Locality: 730 PETERSBURG CITY,0501,501 - FIFTH WARD FIRST PRECINCT,"3,232",392,"3,624",95,5,,7,"22,563","2,513","25,076",689,43,7,133,"6,042,361","407,886","6,450,247","144,362","22,392","12,814","2,532"
Locality: 730 PETERSBURG CITY,0601,601 - SIXTH WARD FIRST PRECINCT,"3,265",413,"3,678",78,2,,7,"22,563","2,513","25,076",689,43,7,133,"6,042,361","407,886","6,450,247","144,362","22,392","12,814","2,532"
Locality: 730 PETERSBURG CITY,0701,701 - SEVENTH WARD FIRST PRECINCT,"3,294",318,"3,612",93,6,,7,"22,563","2,513","25,076",689,43,7,133,"6,042,361","407,886","6,450,247","144,362","22,392","12,814","2,532"
Locality: 735 POQUOSON CITY,0001,001 - CENTRAL,"3,558",173,"3,731",165,6,7,3,"9,995",437,"10,432",461,19,14,133,"6,042,361","407,886","6,450,247","144,362","22,392","12,814","2,532"
Locality: 735 POQUOSON CITY,0002,002 - EASTERN,"3,227",159,"3,386",157,4,3,3,"9,995",437,"10,432",461,19,14,133,"6,042,361","407,886","6,450,247","144,362","22,392","12,814","2,532"
Locality: 735 POQUOSON CITY,0003,003 - WESTERN,"3,210",105,"3,315",139,9,4,3,"9,995",437,"10,432",461,19,14,133,"6,042,361","407,886","6,450,247","144,362","22,392","12,814","2,532"
Locality: 740 PORTSMOUTH CITY,0001,001 - EMANUEL A. M. E. CHURCH ,"2,667",344,"3,011",243,14,9,31,"66,121","5,036","71,157","3,875",95,72,133,"6,042,361","407,886","6,450,247","144,362","22,392","12,814","2,532"
Locality: 740 PORTSMOUTH CITY,0005,005 - CHARLES A. FISHER MEMORIAL ACADEMY,"1,705",158,"1,863",97,,1,31,"66,121","5,036","71,157","3,875",95,72,133,"6,042,361","407,886","6,450,247","144,362","22,392","12,814","2,532"
Locality: 740 PORTSMOUTH CITY,0007,007- PARK VIEW ELEMENTARY SCHOOL,"1,703",165,"1,868",208,2,1,31,"66,121","5,036","71,157","3,875",95,72,133,"6,042,361","407,886","6,450,247","144,362","22,392","12,814","2,532"
Locality: 740 PORTSMOUTH CITY,0009,009 - THIRD BAPTIST CHURCH,"2,407",168,"2,575",121,3,,31,"66,121","5,036","71,157","3,875",95,72,133,"6,042,361","407,886","6,450,247","144,362","22,392","12,814","2,532"
Locality: 740 PORTSMOUTH CITY,0010,010 - MOUNT HERMON PRESCHOOL CENTER,"1,294",115,"1,409",96,3,1,31,"66,121","5,036","71,157","3,875",95,72,133,"6,042,361","407,886","6,450,247","144,362","22,392","12,814","2,532"
Locality: 740 PORTSMOUTH CITY,0011,011 - JOSEPH E. PARKER RECREATION CENTER,"1,639",115,"1,754",51,1,1,31,"66,121","5,036","71,157","3,875",95,72,133,"6,042,361","407,886","6,450,247","144,362","22,392","12,814","2,532"
Locality: 740 PORTSMOUTH CITY,0013,013 - ST. MARK MISSIONARY BAPTIST CHURCH,"1,339",136,"1,475",76,,1,31,"66,121","5,036","71,157","3,875",95,72,133,"6,042,361","407,886","6,450,247","144,362","22,392","12,814","2,532"
Locality: 740 PORTSMOUTH CITY,0014,014 - BRIGHTON ELEMENTARY SCHOOL,"2,101",204,"2,305",118,2,1,31,"66,121","5,036","71,157","3,875",95,72,133,"6,042,361","407,886","6,450,247","144,362","22,392","12,814","2,532"
Locality: 740 PORTSMOUTH CITY,0016,016 - CRADOCK MIDDLE SCHOOL,"2,287",246,"2,533",229,3,1,31,"66,121","5,036","71,157","3,875",95,72,133,"6,042,361","407,886","6,450,247","144,362","22,392","12,814","2,532"
Locality: 740 PORTSMOUTH CITY,0017,017 - VICTORY LIFE FELLOWSHIP,"2,872",272,"3,144",210,2,1,31,"66,121","5,036","71,157","3,875",95,72,133,"6,042,361","407,886","6,450,247","144,362","22,392","12,814","2,532"
Locality: 740 PORTSMOUTH CITY,0019,019 - VICTORY ELEMENTARY SCHOOL,"1,218",94,"1,312",72,3,,31,"66,121","5,036","71,157","3,875",95,72,133,"6,042,361","407,886","6,450,247","144,362","22,392","12,814","2,532"
Locality: 740 PORTSMOUTH CITY,0020,020 - NOBLE STREET BAPTIST CHURCH,"2,329",182,"2,511",189,1,2,31,"66,121","5,036","71,157","3,875",95,72,133,"6,042,361","407,886","6,450,247","144,362","22,392","12,814","2,532"
Locality: 740 PORTSMOUTH CITY,0021,021 - HENDRICKS/KENDALL RECREATION CENTER,"1,276",145,"1,421",68,1,,31,"66,121","5,036","71,157","3,875",95,72,133,"6,042,361","407,886","6,450,247","144,362","22,392","12,814","2,532"
Locality: 740 PORTSMOUTH CITY,0022,022 - ST. MARK DELIVERANCE CENTER,"2,168",174,"2,342",141,2,1,31,"66,121","5,036","71,157","3,875",95,72,133,"6,042,361","407,886","6,450,247","144,362","22,392","12,814","2,532"
Locality: 740 PORTSMOUTH CITY,0023,023 - WESTHAVEN BAPTIST CHURCH,"1,863",128,"1,991",103,,,31,"66,121","5,036","71,157","3,875",95,72,133,"6,042,361","407,886","6,450,247","144,362","22,392","12,814","2,532"
Locality: 740 PORTSMOUTH CITY,0024,024 - THE SENIOR STATION,"1,622",129,"1,751",87,4,1,31,"66,121","5,036","71,157","3,875",95,72,133,"6,042,361","407,886","6,450,247","144,362","22,392","12,814","2,532"
Locality: 740 PORTSMOUTH CITY,0025,025 - WATERVIEW ELEMENTARY SCHOOL,"1,952",126,"2,078",131,8,4,31,"66,121","5,036","71,157","3,875",95,72,133,"6,042,361","407,886","6,450,247","144,362","22,392","12,814","2,532"
Locality: 740 PORTSMOUTH CITY,0026,026 - WILLIAM E. WATERS MIDDLE SCHOOL,"1,892",94,"1,986",75,1,,31,"66,121","5,036","71,157","3,875",95,72,133,"6,042,361","407,886","6,450,247","144,362","22,392","12,814","2,532"
Locality: 740 PORTSMOUTH CITY,0027,027 - CAVALIER MANOR RECREATION CENTER,"1,810",122,"1,932",61,2,,31,"66,121","5,036","71,157","3,875",95,72,133,"6,042,361","407,886","6,450,247","144,362","22,392","12,814","2,532"
Locality: 740 PORTSMOUTH CITY,0028,028 - LAKEVIEW ELEMENTARY SCHOOL,"2,454",120,"2,574",64,,2,31,"66,121","5,036","71,157","3,875",95,72,133,"6,042,361","407,886","6,450,247","144,362","22,392","12,814","2,532"
Locality: 740 PORTSMOUTH CITY,0029,029 - MANOR HIGH SCHOOL,"1,287",69,"1,356",53,1,,31,"66,121","5,036","71,157","3,875",95,72,133,"6,042,361","407,886","6,450,247","144,362","22,392","12,814","2,532"
Locality: 740 PORTSMOUTH CITY,0030,030 - THE RESCUE CHURCH,"1,803",134,"1,937",80,,,31,"66,121","5,036","71,157","3,875",95,72,133,"6,042,361","407,886","6,450,247","144,362","22,392","12,814","2,532"
Locality: 740 PORTSMOUTH CITY,0031,031 - WEST PARK CHURCH OF CHRIST ,"2,947",280,"3,227",108,1,3,31,"66,121","5,036","71,157","3,875",95,72,133,"6,042,361","407,886","6,450,247","144,362","22,392","12,814","2,532"
Locality: 740 PORTSMOUTH CITY,0032,032 - HODGES MANOR ELEMENTARY SCHOOL ,"1,476",75,"1,551",61,3,1,31,"66,121","5,036","71,157","3,875",95,72,133,"6,042,361","407,886","6,450,247","144,362","22,392","12,814","2,532"
Locality: 740 PORTSMOUTH CITY,0033,033- PINECREST BAPTIST CHURCH,"1,286",56,"1,342",62,1,1,31,"66,121","5,036","71,157","3,875",95,72,133,"6,042,361","407,886","6,450,247","144,362","22,392","12,814","2,532"
Locality: 740 PORTSMOUTH CITY,0034,034- CHURCHLAND BRANCH LIBRARY,"1,784",92,"1,876",89,8,10,31,"66,121","5,036","71,157","3,875",95,72,133,"6,042,361","407,886","6,450,247","144,362","22,392","12,814","2,532"
Locality: 740 PORTSMOUTH CITY,0035,035 - CHURCHLAND ELEMENTARY SCHOOL,"2,268",131,"2,399",128,3,6,31,"66,121","5,036","71,157","3,875",95,72,133,"6,042,361","407,886","6,450,247","144,362","22,392","12,814","2,532"
Locality: 740 PORTSMOUTH CITY,0036,036 - CHURCHLAND HIGH SCHOOL,"3,888",201,"4,089",240,10,9,31,"66,121","5,036","71,157","3,875",95,72,133,"6,042,361","407,886","6,450,247","144,362","22,392","12,814","2,532"
Locality: 740 PORTSMOUTH CITY,0037,037 - CHURCHLAND MIDDLE SCHOOL,"3,329",247,"3,576",185,4,9,31,"66,121","5,036","71,157","3,875",95,72,133,"6,042,361","407,886","6,450,247","144,362","22,392","12,814","2,532"
Locality: 740 PORTSMOUTH CITY,0038,038 - GROVE BAPTIST CHURCH,"3,860",332,"4,192",202,2,1,31,"66,121","5,036","71,157","3,875",95,72,133,"6,042,361","407,886","6,450,247","144,362","22,392","12,814","2,532"
Locality: 740 PORTSMOUTH CITY,0039,039 - CHURCHLAND PRIMARY AND INTERMEDIATE SCHOOL,"3,595",182,"3,777",227,10,5,31,"66,121","5,036","71,157","3,875",95,72,133,"6,042,361","407,886","6,450,247","144,362","22,392","12,814","2,532"
Locality: 750 RADFORD CITY,0001,001 - EAST PRECINCT,"2,118",434,"2,552",30,,1,4,"8,632","1,188","9,820",85,7,1,133,"6,042,361","407,886","6,450,247","144,362","22,392","12,814","2,532"
Locality: 750 RADFORD CITY,0002,002 - CENTRAL PRECINCT,"2,214",144,"2,358",24,4,,4,"8,632","1,188","9,820",85,7,1,133,"6,042,361","407,886","6,450,247","144,362","22,392","12,814","2,532"
Locality: 750 RADFORD CITY,0003,003 - WEST PRECINCT,"2,623",234,"2,857",20,,,4,"8,632","1,188","9,820",85,7,1,133,"6,042,361","407,886","6,450,247","144,362","22,392","12,814","2,532"
Locality: 750 RADFORD CITY,0004,004 - NEW RIVER PRECINCT,"1,677",376,"2,053",11,3,,4,"8,632","1,188","9,820",85,7,1,133,"6,042,361","407,886","6,450,247","144,362","22,392","12,814","2,532"
Locality: 760 RICHMOND CITY,0101,101 - ONE HUNDRED ONE,"1,376",314,"1,690",1,16,12,72,"153,392","13,972","167,364",337,336,438,133,"6,042,361","407,886","6,450,247","144,362","22,392","12,814","2,532"
Locality: 760 RICHMOND CITY,0102,102 - ONE HUNDRED TWO,"1,362",46,"1,408",2,4,6,72,"153,392","13,972","167,364",337,336,438,133,"6,042,361","407,886","6,450,247","144,362","22,392","12,814","2,532"
Locality: 760 RICHMOND CITY,0104,104 - ONE HUNDRED FOUR,"1,984",67,"2,051",3,6,7,72,"153,392","13,972","167,364",337,336,438,133,"6,042,361","407,886","6,450,247","144,362","22,392","12,814","2,532"
Locality: 760 RICHMOND CITY,0105,105 - ONE HUNDRED FIVE,"1,808",120,"1,928",4,5,10,72,"153,392","13,972","167,364",337,336,438,133,"6,042,361","407,886","6,450,247","144,362","22,392","12,814","2,532"
Locality: 760 RICHMOND CITY,0106,106 - ONE HUNDRED SIX,"2,113",73,"2,186",3,9,8,72,"153,392","13,972","167,364",337,336,438,133,"6,042,361","407,886","6,450,247","144,362","22,392","12,814","2,532"
Locality: 760 RICHMOND CITY,0111,111 - ONE HUNDRED ELEVEN,"1,753",74,"1,827",4,8,15,72,"153,392","13,972","167,364",337,336,438,133,"6,042,361","407,886","6,450,247","144,362","22,392","12,814","2,532"
Locality: 760 RICHMOND CITY,0112,112 - ONE HUNDRED TWELVE,"1,583",85,"1,668",2,9,7,72,"153,392","13,972","167,364",337,336,438,133,"6,042,361","407,886","6,450,247","144,362","22,392","12,814","2,532"
Locality: 760 RICHMOND CITY,0113,113 - ONE HUNDRED THIRTEEN,"2,893",202,"3,095",4,13,18,72,"153,392","13,972","167,364",337,336,438,133,"6,042,361","407,886","6,450,247","144,362","22,392","12,814","2,532"
Locality: 760 RICHMOND CITY,0114,114 - ONE HUNDRED FOURTEEN,"2,978",187,"3,165",4,19,22,72,"153,392","13,972","167,364",337,336,438,133,"6,042,361","407,886","6,450,247","144,362","22,392","12,814","2,532"
Locality: 760 RICHMOND CITY,0115,115 - ONE HUNDRED FIFTEEN,"1,519",78,"1,597",,5,11,72,"153,392","13,972","167,364",337,336,438,133,"6,042,361","407,886","6,450,247","144,362","22,392","12,814","2,532"
Locality: 760 RICHMOND CITY,0204,204 - TWO HUNDRED FOUR,"2,167",184,"2,351",7,7,13,72,"153,392","13,972","167,364",337,336,438,133,"6,042,361","407,886","6,450,247","144,362","22,392","12,814","2,532"
Locality: 760 RICHMOND CITY,0206,206 - TWO HUNDRED SIX,"1,359",219,"1,578",1,6,8,72,"153,392","13,972","167,364",337,336,438,133,"6,042,361","407,886","6,450,247","144,362","22,392","12,814","2,532"
Locality: 760 RICHMOND CITY,0207,207 - TWO HUNDRED SEVEN,"2,501",213,"2,714",2,15,22,72,"153,392","13,972","167,364",337,336,438,133,"6,042,361","407,886","6,450,247","144,362","22,392","12,814","2,532"
Locality: 760 RICHMOND CITY,0208,208 - TWO HUNDRED EIGHT,"2,790",195,"2,985",7,18,17,72,"153,392","13,972","167,364",337,336,438,133,"6,042,361","407,886","6,450,247","144,362","22,392","12,814","2,532"
Locality: 760 RICHMOND CITY,0213,213 - TWO HUNDRED THIRTEEN,"3,187",358,"3,545",11,5,4,72,"153,392","13,972","167,364",337,336,438,133,"6,042,361","407,886","6,450,247","144,362","22,392","12,814","2,532"
Locality: 760 RICHMOND CITY,0214,214 - TWO HUNDRED FOURTEEN,"2,409",277,"2,686",7,2,8,72,"153,392","13,972","167,364",337,336,438,133,"6,042,361","407,886","6,450,247","144,362","22,392","12,814","2,532"
Locality: 760 RICHMOND CITY,0215,215 - TWO HUNDRED FIFTEEN,"3,485",479,"3,964",10,3,2,72,"153,392","13,972","167,364",337,336,438,133,"6,042,361","407,886","6,450,247","144,362","22,392","12,814","2,532"
Locality: 760 RICHMOND CITY,0216,216 - TWO HUNDRED SIXTEEN,771,68,839,4,,4,72,"153,392","13,972","167,364",337,336,438,133,"6,042,361","407,886","6,450,247","144,362","22,392","12,814","2,532"
Locality: 760 RICHMOND CITY,0301,301 - THREE HUNDRED ONE,"1,541",137,"1,678",4,,,72,"153,392","13,972","167,364",337,336,438,133,"6,042,361","407,886","6,450,247","144,362","22,392","12,814","2,532"
Locality: 760 RICHMOND CITY,0302,302 - THREE HUNDRED TWO,"1,478",139,"1,617",4,4,5,72,"153,392","13,972","167,364",337,336,438,133,"6,042,361","407,886","6,450,247","144,362","22,392","12,814","2,532"
Locality: 760 RICHMOND CITY,0303,303 - THREE HUNDRED THREE,"1,265",71,"1,336",2,1,3,72,"153,392","13,972","167,364",337,336,438,133,"6,042,361","407,886","6,450,247","144,362","22,392","12,814","2,532"
Locality: 760 RICHMOND CITY,0304,304 - THREE HUNDRED FOUR,"2,353",179,"2,532",6,5,4,72,"153,392","13,972","167,364",337,336,438,133,"6,042,361","407,886","6,450,247","144,362","22,392","12,814","2,532"
Locality: 760 RICHMOND CITY,0305,305 - THREE HUNDRED FIVE,"2,322",197,"2,519",3,6,1,72,"153,392","13,972","167,364",337,336,438,133,"6,042,361","407,886","6,450,247","144,362","22,392","12,814","2,532"
Locality: 760 RICHMOND CITY,0306,306 - THREE HUNDRED SIX,"1,425",226,"1,651",2,,2,72,"153,392","13,972","167,364",337,336,438,133,"6,042,361","407,886","6,450,247","144,362","22,392","12,814","2,532"
Locality: 760 RICHMOND CITY,0307,307 - THREE HUNDRED SEVEN,"3,375",279,"3,654",6,15,23,72,"153,392","13,972","167,364",337,336,438,133,"6,042,361","407,886","6,450,247","144,362","22,392","12,814","2,532"
Locality: 760 RICHMOND CITY,0308,308 - THREE HUNDRED EIGHT,"1,801",111,"1,912",1,4,13,72,"153,392","13,972","167,364",337,336,438,133,"6,042,361","407,886","6,450,247","144,362","22,392","12,814","2,532"
Locality: 760 RICHMOND CITY,0309,309 - THREE HUNDRED NINE,935,90,"1,025",,5,4,72,"153,392","13,972","167,364",337,336,438,133,"6,042,361","407,886","6,450,247","144,362","22,392","12,814","2,532"
Locality: 760 RICHMOND CITY,0310,310 - THREE HUNDRED TEN,880,156,"1,036",,,,72,"153,392","13,972","167,364",337,336,438,133,"6,042,361","407,886","6,450,247","144,362","22,392","12,814","2,532"
Locality: 760 RICHMOND CITY,0311,311 - THREE HUNDRED ELEVEN,987,89,"1,076",,,1,72,"153,392","13,972","167,364",337,336,438,133,"6,042,361","407,886","6,450,247","144,362","22,392","12,814","2,532"
Locality: 760 RICHMOND CITY,0402,402 - FOUR HUNDRED TWO,"3,407",120,"3,527",7,11,21,72,"153,392","13,972","167,364",337,336,438,133,"6,042,361","407,886","6,450,247","144,362","22,392","12,814","2,532"
Locality: 760 RICHMOND CITY,0404,404 - FOUR HUNDRED FOUR,"2,401",210,"2,611",2,2,6,72,"153,392","13,972","167,364",337,336,438,133,"6,042,361","407,886","6,450,247","144,362","22,392","12,814","2,532"
Locality: 760 RICHMOND CITY,0409,409 - FOUR HUNDRED NINE,"1,965",72,"2,037",3,4,10,72,"153,392","13,972","167,364",337,336,438,133,"6,042,361","407,886","6,450,247","144,362","22,392","12,814","2,532"
Locality: 760 RICHMOND CITY,0410,410 - FOUR HUNDRED TEN,"2,238",207,"2,445",5,4,3,72,"153,392","13,972","167,364",337,336,438,133,"6,042,361","407,886","6,450,247","144,362","22,392","12,814","2,532"
Locality: 760 RICHMOND CITY,0412,412 - FOUR HUNDRED TWELVE,"2,745",240,"2,985",11,1,1,72,"153,392","13,972","167,364",337,336,438,133,"6,042,361","407,886","6,450,247","144,362","22,392","12,814","2,532"
Locality: 760 RICHMOND CITY,0413,413 - FOUR HUNDRED THIRTEEN,"1,919",59,"1,978",6,11,10,72,"153,392","13,972","167,364",337,336,438,133,"6,042,361","407,886","6,450,247","144,362","22,392","12,814","2,532"
Locality: 760 RICHMOND CITY,0414,414 - FOUR HUNDRED FOURTEEN,"2,139",64,"2,203",4,8,8,72,"153,392","13,972","167,364",337,336,438,133,"6,042,361","407,886","6,450,247","144,362","22,392","12,814","2,532"
Locality: 760 RICHMOND CITY,0415,415 - FOUR HUNDRED FIFTEEN,"2,079",129,"2,208",7,6,8,72,"153,392","13,972","167,364",337,336,438,133,"6,042,361","407,886","6,450,247","144,362","22,392","12,814","2,532"
Locality: 760 RICHMOND CITY,0501,501 - FIVE HUNDRED ONE,"2,566",171,"2,737",5,8,17,72,"153,392","13,972","167,364",337,336,438,133,"6,042,361","407,886","6,450,247","144,362","22,392","12,814","2,532"
Locality: 760 RICHMOND CITY,0503,503 - FIVE HUNDRED THREE,"2,695",162,"2,857",1,7,5,72,"153,392","13,972","167,364",337,336,438,133,"6,042,361","407,886","6,450,247","144,362","22,392","12,814","2,532"
Locality: 760 RICHMOND CITY,0504,504 - FIVE HUNDRED FOUR,"3,287",286,"3,573",7,10,6,72,"153,392","13,972","167,364",337,336,438,133,"6,042,361","407,886","6,450,247","144,362","22,392","12,814","2,532"
Locality: 760 RICHMOND CITY,0505,505 - FIVE HUNDRED FIVE,"2,360",243,"2,603",10,12,5,72,"153,392","13,972","167,364",337,336,438,133,"6,042,361","407,886","6,450,247","144,362","22,392","12,814","2,532"
Locality: 760 RICHMOND CITY,0508,508 - FIVE HUNDRED EIGHT,"1,317",77,"1,394",2,7,8,72,"153,392","13,972","167,364",337,336,438,133,"6,042,361","407,886","6,450,247","144,362","22,392","12,814","2,532"
Locality: 760 RICHMOND CITY,0509,509 - FIVE HUNDRED NINE,"2,057",239,"2,296",5,1,4,72,"153,392","13,972","167,364",337,336,438,133,"6,042,361","407,886","6,450,247","144,362","22,392","12,814","2,532"
Locality: 760 RICHMOND CITY,0510,510 - FIVE HUNDRED TEN,"2,675",186,"2,861",7,1,2,72,"153,392","13,972","167,364",337,336,438,133,"6,042,361","407,886","6,450,247","144,362","22,392","12,814","2,532"
Locality: 760 RICHMOND CITY,0602,602 - SIX HUNDRED TWO,"2,236",263,"2,499",3,1,,72,"153,392","13,972","167,364",337,336,438,133,"6,042,361","407,886","6,450,247","144,362","22,392","12,814","2,532"
Locality: 760 RICHMOND CITY,0603,603 - SIX HUNDRED THREE,"1,539",123,"1,662",5,2,1,72,"153,392","13,972","167,364",337,336,438,133,"6,042,361","407,886","6,450,247","144,362","22,392","12,814","2,532"
Locality: 760 RICHMOND CITY,0604,604 - SIX HUNDRED FOUR,"1,660",140,"1,800",3,,1,72,"153,392","13,972","167,364",337,336,438,133,"6,042,361","407,886","6,450,247","144,362","22,392","12,814","2,532"
Locality: 760 RICHMOND CITY,0606,606 - SIX HUNDRED SIX,"2,471",262,"2,733",6,3,5,72,"153,392","13,972","167,364",337,336,438,133,"6,042,361","407,886","6,450,247","144,362","22,392","12,814","2,532"
Locality: 760 RICHMOND CITY,0607,607 - SIX HUNDRED SEVEN,"2,384",388,"2,772",9,3,12,72,"153,392","13,972","167,364",337,336,438,133,"6,042,361","407,886","6,450,247","144,362","22,392","12,814","2,532"
Locality: 760 RICHMOND CITY,0609,609 - SIX HUNDRED NINE,"2,986",497,"3,483",10,5,2,72,"153,392","13,972","167,364",337,336,438,133,"6,042,361","407,886","6,450,247","144,362","22,392","12,814","2,532"
Locality: 760 RICHMOND CITY,0610,610 - SIX HUNDRED TEN,"1,947",238,"2,185",4,,,72,"153,392","13,972","167,364",337,336,438,133,"6,042,361","407,886","6,450,247","144,362","22,392","12,814","2,532"
Locality: 760 RICHMOND CITY,0611,611 - SIX HUNDRED ELEVEN,"2,176",305,"2,481",6,3,1,72,"153,392","13,972","167,364",337,336,438,133,"6,042,361","407,886","6,450,247","144,362","22,392","12,814","2,532"
Locality: 760 RICHMOND CITY,0701,701 - SEVEN HUNDRED ONE,"1,708",229,"1,937",6,1,2,72,"153,392","13,972","167,364",337,336,438,133,"6,042,361","407,886","6,450,247","144,362","22,392","12,814","2,532"
Locality: 760 RICHMOND CITY,0702,702 - SEVEN HUNDRED TWO,"2,228",193,"2,421",2,1,2,72,"153,392","13,972","167,364",337,336,438,133,"6,042,361","407,886","6,450,247","144,362","22,392","12,814","2,532"
Locality: 760 RICHMOND CITY,0703,703 - SEVEN HUNDRED THREE,"2,555",215,"2,770",5,3,2,72,"153,392","13,972","167,364",337,336,438,133,"6,042,361","407,886","6,450,247","144,362","22,392","12,814","2,532"
Locality: 760 RICHMOND CITY,0705,705 - SEVEN HUNDRED FIVE,"1,986",184,"2,170",9,7,7,72,"153,392","13,972","167,364",337,336,438,133,"6,042,361","407,886","6,450,247","144,362","22,392","12,814","2,532"
Locality: 760 RICHMOND CITY,0706,706 - SEVEN HUNDRED SIX,"3,415",343,"3,758",4,2,6,72,"153,392","13,972","167,364",337,336,438,133,"6,042,361","407,886","6,450,247","144,362","22,392","12,814","2,532"
Locality: 760 RICHMOND CITY,0707,707 - SEVEN HUNDRED SEVEN,"3,646",311,"3,957",12,12,12,72,"153,392","13,972","167,364",337,336,438,133,"6,042,361","407,886","6,450,247","144,362","22,392","12,814","2,532"
Locality: 760 RICHMOND CITY,0708,708 - SEVEN HUNDRED EIGHT,"1,981",338,"2,319",7,2,4,72,"153,392","13,972","167,364",337,336,438,133,"6,042,361","407,886","6,450,247","144,362","22,392","12,814","2,532"
Locality: 760 RICHMOND CITY,0709,709 - SEVEN HUNDRED NINE,"1,557",204,"1,761",4,2,8,72,"153,392","13,972","167,364",337,336,438,133,"6,042,361","407,886","6,450,247","144,362","22,392","12,814","2,532"
Locality: 760 RICHMOND CITY,0802,802 - EIGHT HUNDRED TWO,"1,937",184,"2,121",7,1,,72,"153,392","13,972","167,364",337,336,438,133,"6,042,361","407,886","6,450,247","144,362","22,392","12,814","2,532"
Locality: 760 RICHMOND CITY,0806,806 - EIGHT HUNDRED SIX,"2,403",187,"2,590",4,,,72,"153,392","13,972","167,364",337,336,438,133,"6,042,361","407,886","6,450,247","144,362","22,392","12,814","2,532"
Locality: 760 RICHMOND CITY,0810,810 - EIGHT HUNDRED TEN,"1,676",187,"1,863",5,,3,72,"153,392","13,972","167,364",337,336,438,133,"6,042,361","407,886","6,450,247","144,362","22,392","12,814","2,532"
Locality: 760 RICHMOND CITY,0811,811 - EIGHT HUNDRED ELEVEN,"2,510",316,"2,826",7,,1,72,"153,392","13,972","167,364",337,336,438,133,"6,042,361","407,886","6,450,247","144,362","22,392","12,814","2,532"
Locality: 760 RICHMOND CITY,0812,812 - EIGHT HUNDRED TWELVE,"2,982",156,"3,138",5,1,1,72,"153,392","13,972","167,364",337,336,438,133,"6,042,361","407,886","6,450,247","144,362","22,392","12,814","2,532"
Locality: 760 RICHMOND CITY,0814,814 - EIGHT HUNDRED FOURTEEN,"1,404",106,"1,510",2,,,72,"153,392","13,972","167,364",337,336,438,133,"6,042,361","407,886","6,450,247","144,362","22,392","12,814","2,532"
Locality: 760 RICHMOND CITY,0902,902 - NINE HUNDRED TWO,865,74,939,,,1,72,"153,392","13,972","167,364",337,336,438,133,"6,042,361","407,886","6,450,247","144,362","22,392","12,814","2,532"
Locality: 760 RICHMOND CITY,0903,903 - NINE HUNDRED THREE,"2,254",156,"2,410",4,,1,72,"153,392","13,972","167,364",337,336,438,133,"6,042,361","407,886","6,450,247","144,362","22,392","12,814","2,532"
Locality: 760 RICHMOND CITY,0908,908 - NINE HUNDRED EIGHT,"2,392",373,"2,765",4,,2,72,"153,392","13,972","167,364",337,336,438,133,"6,042,361","407,886","6,450,247","144,362","22,392","12,814","2,532"
Locality: 760 RICHMOND CITY,0909,909 - NINE HUNDRED NINE,"2,208",255,"2,463",5,2,,72,"153,392","13,972","167,364",337,336,438,133,"6,042,361","407,886","6,450,247","144,362","22,392","12,814","2,532"
Locality: 760 RICHMOND CITY,0910,910 - NINE HUNDRED TEN,"2,223",204,"2,427",8,2,,72,"153,392","13,972","167,364",337,336,438,133,"6,042,361","407,886","6,450,247","144,362","22,392","12,814","2,532"
Locality: 760 RICHMOND CITY,0911,911 - NINE HUNDRED ELEVEN,"1,813",163,"1,976",5,,,72,"153,392","13,972","167,364",337,336,438,133,"6,042,361","407,886","6,450,247","144,362","22,392","12,814","2,532"
Locality: 770 ROANOKE CITY,0001,001 -Peters Creek,"3,073",360,"3,433",20,2,3,20,"62,495","5,874","68,369",442,73,95,133,"6,042,361","407,886","6,450,247","144,362","22,392","12,814","2,532"
Locality: 770 ROANOKE CITY,0002,002 - Grandview,"2,826",272,"3,098",34,5,5,20,"62,495","5,874","68,369",442,73,95,133,"6,042,361","407,886","6,450,247","144,362","22,392","12,814","2,532"
Locality: 770 ROANOKE CITY,0003,003 -Preston Park,"2,880",221,"3,101",22,,3,20,"62,495","5,874","68,369",442,73,95,133,"6,042,361","407,886","6,450,247","144,362","22,392","12,814","2,532"
Locality: 770 ROANOKE CITY,0004,004 - Williamson Road,"2,918",251,"3,169",26,2,3,20,"62,495","5,874","68,369",442,73,95,133,"6,042,361","407,886","6,450,247","144,362","22,392","12,814","2,532"
Locality: 770 ROANOKE CITY,0005,005 - East Gate,"3,463",254,"3,717",36,4,2,20,"62,495","5,874","68,369",442,73,95,133,"6,042,361","407,886","6,450,247","144,362","22,392","12,814","2,532"
Locality: 770 ROANOKE CITY,0006,006 - Hollins Road,"3,380",373,"3,753",20,,3,20,"62,495","5,874","68,369",442,73,95,133,"6,042,361","407,886","6,450,247","144,362","22,392","12,814","2,532"
Locality: 770 ROANOKE CITY,0007,007 - Southeast,"3,106",308,"3,414",17,2,3,20,"62,495","5,874","68,369",442,73,95,133,"6,042,361","407,886","6,450,247","144,362","22,392","12,814","2,532"
Locality: 770 ROANOKE CITY,0008,008 - Lincoln Terrace,"2,976",344,"3,320",26,1,,20,"62,495","5,874","68,369",442,73,95,133,"6,042,361","407,886","6,450,247","144,362","22,392","12,814","2,532"
Locality: 770 ROANOKE CITY,0009,009 - Highland,"3,842",719,"4,561",27,4,9,20,"62,495","5,874","68,369",442,73,95,133,"6,042,361","407,886","6,450,247","144,362","22,392","12,814","2,532"
Locality: 770 ROANOKE CITY,0010,010 - Old Southwest-Wasena,"3,385",373,"3,758",16,4,8,20,"62,495","5,874","68,369",442,73,95,133,"6,042,361","407,886","6,450,247","144,362","22,392","12,814","2,532"
Locality: 770 ROANOKE CITY,0011,011 - RALEIGH COURT,"3,265",224,"3,489",18,13,10,20,"62,495","5,874","68,369",442,73,95,133,"6,042,361","407,886","6,450,247","144,362","22,392","12,814","2,532"
Locality: 770 ROANOKE CITY,0012,012 - SOUTH ROANOKE,"2,730",158,"2,888",18,5,16,20,"62,495","5,874","68,369",442,73,95,133,"6,042,361","407,886","6,450,247","144,362","22,392","12,814","2,532"
Locality: 770 ROANOKE CITY,0013,013 - GARDEN CITY,"3,092",249,"3,341",17,2,2,20,"62,495","5,874","68,369",442,73,95,133,"6,042,361","407,886","6,450,247","144,362","22,392","12,814","2,532"
Locality: 770 ROANOKE CITY,0014,014 - Crystal Spring,"2,937",344,"3,281",18,13,9,20,"62,495","5,874","68,369",442,73,95,133,"6,042,361","407,886","6,450,247","144,362","22,392","12,814","2,532"
Locality: 770 ROANOKE CITY,0015,015 - Grandin Court,"2,729",164,"2,893",20,6,5,20,"62,495","5,874","68,369",442,73,95,133,"6,042,361","407,886","6,450,247","144,362","22,392","12,814","2,532"
Locality: 770 ROANOKE CITY,0016,016 - Deyerle,"2,812",131,"2,943",18,2,2,20,"62,495","5,874","68,369",442,73,95,133,"6,042,361","407,886","6,450,247","144,362","22,392","12,814","2,532"
Locality: 770 ROANOKE CITY,0017,017 - LEE-HI,"3,678",245,"3,923",21,5,7,20,"62,495","5,874","68,369",442,73,95,133,"6,042,361","407,886","6,450,247","144,362","22,392","12,814","2,532"
Locality: 770 ROANOKE CITY,0018,018 - Summit Hills,"2,828",178,"3,006",18,2,,20,"62,495","5,874","68,369",442,73,95,133,"6,042,361","407,886","6,450,247","144,362","22,392","12,814","2,532"
Locality: 770 ROANOKE CITY,0019,019 - Forest Park,"3,428",430,"3,858",24,1,1,20,"62,495","5,874","68,369",442,73,95,133,"6,042,361","407,886","6,450,247","144,362","22,392","12,814","2,532"
Locality: 770 ROANOKE CITY,0020,020 - EUREKA PARK,"3,147",276,"3,423",26,,4,20,"62,495","5,874","68,369",442,73,95,133,"6,042,361","407,886","6,450,247","144,362","22,392","12,814","2,532"
Locality: 775 SALEM CITY,0001,001 - NORTH SALEM NO 2,"2,013",164,"2,177",15,7,5,10,"17,055","1,062","18,117",115,23,28,133,"6,042,361","407,886","6,450,247","144,362","22,392","12,814","2,532"
Locality: 775 SALEM CITY,0002,002 - CONEHURST,"1,274",91,"1,365",7,,4,10,"17,055","1,062","18,117",115,23,28,133,"6,042,361","407,886","6,450,247","144,362","22,392","12,814","2,532"
Locality: 775 SALEM CITY,0003,003 - BEVERLY HEIGHTS,"1,042",40,"1,082",13,1,4,10,"17,055","1,062","18,117",115,23,28,133,"6,042,361","407,886","6,450,247","144,362","22,392","12,814","2,532"
Locality: 775 SALEM CITY,0004,004 - WEST SALEM,"1,647",69,"1,716",7,2,,10,"17,055","1,062","18,117",115,23,28,133,"6,042,361","407,886","6,450,247","144,362","22,392","12,814","2,532"
Locality: 775 SALEM CITY,0005,005 - NORTH SALEM NO 1,"2,347",146,"2,493",15,3,4,10,"17,055","1,062","18,117",115,23,28,133,"6,042,361","407,886","6,450,247","144,362","22,392","12,814","2,532"
Locality: 775 SALEM CITY,0006,006 - SOUTH SALEM NO 1,"1,450",88,"1,538",2,2,,10,"17,055","1,062","18,117",115,23,28,133,"6,042,361","407,886","6,450,247","144,362","22,392","12,814","2,532"
Locality: 775 SALEM CITY,0007,007 - SOUTH SALEM NO 2,"1,640",89,"1,729",12,3,2,10,"17,055","1,062","18,117",115,23,28,133,"6,042,361","407,886","6,450,247","144,362","22,392","12,814","2,532"
Locality: 775 SALEM CITY,0008,008 - EAST SALEM,820,65,885,7,,,10,"17,055","1,062","18,117",115,23,28,133,"6,042,361","407,886","6,450,247","144,362","22,392","12,814","2,532"
Locality: 775 SALEM CITY,0009,009 - SOUTH SIDE HILLS,"2,314",98,"2,412",17,3,3,10,"17,055","1,062","18,117",115,23,28,133,"6,042,361","407,886","6,450,247","144,362","22,392","12,814","2,532"
Locality: 775 SALEM CITY,0010,010 - HIDDEN VALLEY,"2,508",212,"2,720",20,2,6,10,"17,055","1,062","18,117",115,23,28,133,"6,042,361","407,886","6,450,247","144,362","22,392","12,814","2,532"
Locality: 790 STAUNTON CITY,0101,101 - WARD NO 1,"4,360",260,"4,620",27,8,6,5,"18,535","1,024","19,559",123,39,44,133,"6,042,361","407,886","6,450,247","144,362","22,392","12,814","2,532"
Locality: 790 STAUNTON CITY,0201,201 - WARD NO 2,"4,407",209,"4,616",32,5,4,5,"18,535","1,024","19,559",123,39,44,133,"6,042,361","407,886","6,450,247","144,362","22,392","12,814","2,532"
Locality: 790 STAUNTON CITY,0301,301 - WARD NO 3,"3,368",135,"3,503",30,4,6,5,"18,535","1,024","19,559",123,39,44,133,"6,042,361","407,886","6,450,247","144,362","22,392","12,814","2,532"
Locality: 790 STAUNTON CITY,0401,401 - WARD NO 4,"2,935",143,"3,078",14,10,7,5,"18,535","1,024","19,559",123,39,44,133,"6,042,361","407,886","6,450,247","144,362","22,392","12,814","2,532"
Locality: 790 STAUNTON CITY,0501,501 - WARD NO 5,"3,465",277,"3,742",20,12,21,5,"18,535","1,024","19,559",123,39,44,133,"6,042,361","407,886","6,450,247","144,362","22,392","12,814","2,532"
Locality: 800 SUFFOLK CITY,0101,101 - BELLEHARBOUR,"1,454",105,"1,559",142,,,30,"73,694","5,048","78,742","5,257",101,69,133,"6,042,361","407,886","6,450,247","144,362","22,392","12,814","2,532"
Locality: 800 SUFFOLK CITY,0102,102 - DRIVER,"4,588",184,"4,772",259,12,8,30,"73,694","5,048","78,742","5,257",101,69,133,"6,042,361","407,886","6,450,247","144,362","22,392","12,814","2,532"
Locality: 800 SUFFOLK CITY,0104,104 - BENNETTS CREEK,"1,867",103,"1,970",190,3,,30,"73,694","5,048","78,742","5,257",101,69,133,"6,042,361","407,886","6,450,247","144,362","22,392","12,814","2,532"
Locality: 800 SUFFOLK CITY,0105,105 - HARBOURVIEW,"4,281",276,"4,557",302,21,7,30,"73,694","5,048","78,742","5,257",101,69,133,"6,042,361","407,886","6,450,247","144,362","22,392","12,814","2,532"
Locality: 800 SUFFOLK CITY,0201,201 - EBENEZER,"2,108",83,"2,191",105,4,6,30,"73,694","5,048","78,742","5,257",101,69,133,"6,042,361","407,886","6,450,247","144,362","22,392","12,814","2,532"
Locality: 800 SUFFOLK CITY,0202,202 - CHUCKATUCK,"2,368",100,"2,468",119,1,4,30,"73,694","5,048","78,742","5,257",101,69,133,"6,042,361","407,886","6,450,247","144,362","22,392","12,814","2,532"
Locality: 800 SUFFOLK CITY,0203,203 - KINGS FORK,"3,683",276,"3,959",321,4,2,30,"73,694","5,048","78,742","5,257",101,69,133,"6,042,361","407,886","6,450,247","144,362","22,392","12,814","2,532"
Locality: 800 SUFFOLK CITY,0204,204 - HILLPOINT,"3,829",312,"4,141",391,5,7,30,"73,694","5,048","78,742","5,257",101,69,133,"6,042,361","407,886","6,450,247","144,362","22,392","12,814","2,532"
Locality: 800 SUFFOLK CITY,0301,301 - WHITE MARSH,750,64,814,44,1,,30,"73,694","5,048","78,742","5,257",101,69,133,"6,042,361","407,886","6,450,247","144,362","22,392","12,814","2,532"
Locality: 800 SUFFOLK CITY,0302,302 - JOHN F KENNEDY,"2,949",177,"3,126",137,3,,30,"73,694","5,048","78,742","5,257",101,69,133,"6,042,361","407,886","6,450,247","144,362","22,392","12,814","2,532"
Locality: 800 SUFFOLK CITY,0304,304 - NANSEMOND RIVER,"3,206",206,"3,412",276,2,2,30,"73,694","5,048","78,742","5,257",101,69,133,"6,042,361","407,886","6,450,247","144,362","22,392","12,814","2,532"
Locality: 800 SUFFOLK CITY,0305,305 - SHOULDERS HILL,"1,442",54,"1,496",117,,,30,"73,694","5,048","78,742","5,257",101,69,133,"6,042,361","407,886","6,450,247","144,362","22,392","12,814","2,532"
Locality: 800 SUFFOLK CITY,0306,306 - DEERFIELD,"2,136",139,"2,275",264,4,1,30,"73,694","5,048","78,742","5,257",101,69,133,"6,042,361","407,886","6,450,247","144,362","22,392","12,814","2,532"
Locality: 800 SUFFOLK CITY,0401,401 - AIRPORT,"2,059",139,"2,198",130,1,3,30,"73,694","5,048","78,742","5,257",101,69,133,"6,042,361","407,886","6,450,247","144,362","22,392","12,814","2,532"
Locality: 800 SUFFOLK CITY,0402,402 - WHALEYVILLE,"2,413",130,"2,543",131,3,2,30,"73,694","5,048","78,742","5,257",101,69,133,"6,042,361","407,886","6,450,247","144,362","22,392","12,814","2,532"
Locality: 800 SUFFOLK CITY,0403,403 - SOUTHSIDE,"1,613",240,"1,853",53,1,,30,"73,694","5,048","78,742","5,257",101,69,133,"6,042,361","407,886","6,450,247","144,362","22,392","12,814","2,532"
Locality: 800 SUFFOLK CITY,0404,404 - BOOKER T WASHINGTON,"2,512",194,"2,706",106,3,1,30,"73,694","5,048","78,742","5,257",101,69,133,"6,042,361","407,886","6,450,247","144,362","22,392","12,814","2,532"
Locality: 800 SUFFOLK CITY,0405,405 - HOLLYWOOD,"1,371",106,"1,477",56,1,2,30,"73,694","5,048","78,742","5,257",101,69,133,"6,042,361","407,886","6,450,247","144,362","22,392","12,814","2,532"
Locality: 800 SUFFOLK CITY,0501,501 - KILBYS MILL,"3,368",231,"3,599",158,,4,30,"73,694","5,048","78,742","5,257",101,69,133,"6,042,361","407,886","6,450,247","144,362","22,392","12,814","2,532"
Locality: 800 SUFFOLK CITY,0502,502 - HOLLAND,"2,059",88,"2,147",96,2,,30,"73,694","5,048","78,742","5,257",101,69,133,"6,042,361","407,886","6,450,247","144,362","22,392","12,814","2,532"
Locality: 800 SUFFOLK CITY,0504,504 - LAKE COHOON,"4,619",224,"4,843",325,4,8,30,"73,694","5,048","78,742","5,257",101,69,133,"6,042,361","407,886","6,450,247","144,362","22,392","12,814","2,532"
Locality: 800 SUFFOLK CITY,0505,505 - PITTMANTOWN,"1,724",70,"1,794",100,2,,30,"73,694","5,048","78,742","5,257",101,69,133,"6,042,361","407,886","6,450,247","144,362","22,392","12,814","2,532"
Locality: 800 SUFFOLK CITY,0601,601 - LAKESIDE,"2,967",396,"3,363",116,5,6,30,"73,694","5,048","78,742","5,257",101,69,133,"6,042,361","407,886","6,450,247","144,362","22,392","12,814","2,532"
Locality: 800 SUFFOLK CITY,0602,602 - OLDE TOWNE,924,88,"1,012",44,,2,30,"73,694","5,048","78,742","5,257",101,69,133,"6,042,361","407,886","6,450,247","144,362","22,392","12,814","2,532"
Locality: 800 SUFFOLK CITY,0603,603 - ELEPHANTS FORK/WESTHAVEN,"1,208",133,"1,341",94,2,,30,"73,694","5,048","78,742","5,257",101,69,133,"6,042,361","407,886","6,450,247","144,362","22,392","12,814","2,532"
Locality: 800 SUFFOLK CITY,0604,604 - WILROY,"2,768",164,"2,932",293,5,,30,"73,694","5,048","78,742","5,257",101,69,133,"6,042,361","407,886","6,450,247","144,362","22,392","12,814","2,532"
Locality: 800 SUFFOLK CITY,0605,605 - MACK BENN JR,838,63,901,57,1,,30,"73,694","5,048","78,742","5,257",101,69,133,"6,042,361","407,886","6,450,247","144,362","22,392","12,814","2,532"
Locality: 800 SUFFOLK CITY,0703,703 - PUGHSVILLE,"2,250",149,"2,399",159,3,,30,"73,694","5,048","78,742","5,257",101,69,133,"6,042,361","407,886","6,450,247","144,362","22,392","12,814","2,532"
Locality: 800 SUFFOLK CITY,0704,704 - BURBAGE GRANT,"3,006",186,"3,192",310,6,3,30,"73,694","5,048","78,742","5,257",101,69,133,"6,042,361","407,886","6,450,247","144,362","22,392","12,814","2,532"
Locality: 800 SUFFOLK CITY,0706,706 - HUNTERSVILLE,"3,334",368,"3,702",362,2,1,30,"73,694","5,048","78,742","5,257",101,69,133,"6,042,361","407,886","6,450,247","144,362","22,392","12,814","2,532"
Locality: 810 VIRGINIA BEACH CITY,0001,001 - PRECINCT 1,"4,289",261,"4,550",117,23,21,108,"320,849","21,477","342,326","23,336",837,548,133,"6,042,361","407,886","6,450,247","144,362","22,392","12,814","2,532"
Locality: 810 VIRGINIA BEACH CITY,0002,002 - PRECINCT 2,"4,444",440,"4,884",214,20,5,108,"320,849","21,477","342,326","23,336",837,548,133,"6,042,361","407,886","6,450,247","144,362","22,392","12,814","2,532"
Locality: 810 VIRGINIA BEACH CITY,0003,003 - PRECINCT 3,"2,503",150,"2,653",222,6,5,108,"320,849","21,477","342,326","23,336",837,548,133,"6,042,361","407,886","6,450,247","144,362","22,392","12,814","2,532"
Locality: 810 VIRGINIA BEACH CITY,0004,004 - PRECINCT 4,"3,625",288,"3,913",246,7,13,108,"320,849","21,477","342,326","23,336",837,548,133,"6,042,361","407,886","6,450,247","144,362","22,392","12,814","2,532"
Locality: 810 VIRGINIA BEACH CITY,0005,005 - PRECINCT 5,"3,762",420,"4,182",211,1,3,108,"320,849","21,477","342,326","23,336",837,548,133,"6,042,361","407,886","6,450,247","144,362","22,392","12,814","2,532"
Locality: 810 VIRGINIA BEACH CITY,0006,006 - PRECINCT 6,"3,357",128,"3,485",92,14,15,108,"320,849","21,477","342,326","23,336",837,548,133,"6,042,361","407,886","6,450,247","144,362","22,392","12,814","2,532"
Locality: 810 VIRGINIA BEACH CITY,0007,007 - PRECINCT 7,"1,960",63,"2,023",92,13,5,108,"320,849","21,477","342,326","23,336",837,548,133,"6,042,361","407,886","6,450,247","144,362","22,392","12,814","2,532"
Locality: 810 VIRGINIA BEACH CITY,0008,008 - PRECINCT 8,"3,415",277,"3,692",144,6,4,108,"320,849","21,477","342,326","23,336",837,548,133,"6,042,361","407,886","6,450,247","144,362","22,392","12,814","2,532"
Locality: 810 VIRGINIA BEACH CITY,0009,009 - PRECINCT 9,"2,819",110,"2,929",127,15,10,108,"320,849","21,477","342,326","23,336",837,548,133,"6,042,361","407,886","6,450,247","144,362","22,392","12,814","2,532"
Locality: 810 VIRGINIA BEACH CITY,0010,010 - PRECINCT 10,"3,636",114,"3,750",129,11,7,108,"320,849","21,477","342,326","23,336",837,548,133,"6,042,361","407,886","6,450,247","144,362","22,392","12,814","2,532"
Locality: 810 VIRGINIA BEACH CITY,0011,011 - PRECINCT 11,"3,943",195,"4,138",294,22,15,108,"320,849","21,477","342,326","23,336",837,548,133,"6,042,361","407,886","6,450,247","144,362","22,392","12,814","2,532"
Locality: 810 VIRGINIA BEACH CITY,0012,012 - PRECINCT 12,"3,884",237,"4,121",272,4,5,108,"320,849","21,477","342,326","23,336",837,548,133,"6,042,361","407,886","6,450,247","144,362","22,392","12,814","2,532"
Locality: 810 VIRGINIA BEACH CITY,0013,013 - PRECINCT 13,"4,225",238,"4,463",290,9,5,108,"320,849","21,477","342,326","23,336",837,548,133,"6,042,361","407,886","6,450,247","144,362","22,392","12,814","2,532"
Locality: 810 VIRGINIA BEACH CITY,0014,014 - PRECINCT 14,"3,486",181,"3,667",181,8,4,108,"320,849","21,477","342,326","23,336",837,548,133,"6,042,361","407,886","6,450,247","144,362","22,392","12,814","2,532"
Locality: 810 VIRGINIA BEACH CITY,0015,015 - PRECINCT 15,"2,953",231,"3,184",196,8,7,108,"320,849","21,477","342,326","23,336",837,548,133,"6,042,361","407,886","6,450,247","144,362","22,392","12,814","2,532"
Locality: 810 VIRGINIA BEACH CITY,0016,016 - PRECINCT 16,"3,495",340,"3,835",211,7,1,108,"320,849","21,477","342,326","23,336",837,548,133,"6,042,361","407,886","6,450,247","144,362","22,392","12,814","2,532"
Locality: 810 VIRGINIA BEACH CITY,0017,017 - PRECINCT 17,"2,417",203,"2,620",157,10,7,108,"320,849","21,477","342,326","23,336",837,548,133,"6,042,361","407,886","6,450,247","144,362","22,392","12,814","2,532"
Locality: 810 VIRGINIA BEACH CITY,0018,018 - PRECINCT 18,"3,574",127,"3,701",194,21,15,108,"320,849","21,477","342,326","23,336",837,548,133,"6,042,361","407,886","6,450,247","144,362","22,392","12,814","2,532"
Locality: 810 VIRGINIA BEACH CITY,0019,019 - PRECINCT 19,"1,837",79,"1,916",106,5,2,108,"320,849","21,477","342,326","23,336",837,548,133,"6,042,361","407,886","6,450,247","144,362","22,392","12,814","2,532"
Locality: 810 VIRGINIA BEACH CITY,0020,020 - PRECINCT 20,"2,044",129,"2,173",190,4,3,108,"320,849","21,477","342,326","23,336",837,548,133,"6,042,361","407,886","6,450,247","144,362","22,392","12,814","2,532"
Locality: 810 VIRGINIA BEACH CITY,0021,021 - PRECINCT 21,"3,756",304,"4,060",362,2,2,108,"320,849","21,477","342,326","23,336",837,548,133,"6,042,361","407,886","6,450,247","144,362","22,392","12,814","2,532"
Locality: 810 VIRGINIA BEACH CITY,0022,022 - PRECINCT 22,"2,442",124,"2,566",123,6,4,108,"320,849","21,477","342,326","23,336",837,548,133,"6,042,361","407,886","6,450,247","144,362","22,392","12,814","2,532"
Locality: 810 VIRGINIA BEACH CITY,0023,023 - PRECINCT 23,"3,336",200,"3,536",197,8,14,108,"320,849","21,477","342,326","23,336",837,548,133,"6,042,361","407,886","6,450,247","144,362","22,392","12,814","2,532"
Locality: 810 VIRGINIA BEACH CITY,0024,024 - PRECINCT 24,"1,235",49,"1,284",54,3,,108,"320,849","21,477","342,326","23,336",837,548,133,"6,042,361","407,886","6,450,247","144,362","22,392","12,814","2,532"
Locality: 810 VIRGINIA BEACH CITY,0025,025 - PRECINCT 25,"3,770",246,"4,016",222,10,9,108,"320,849","21,477","342,326","23,336",837,548,133,"6,042,361","407,886","6,450,247","144,362","22,392","12,814","2,532"
Locality: 810 VIRGINIA BEACH CITY,0026,026 - PRECINCT 26,"1,941",80,"2,021",75,13,4,108,"320,849","21,477","342,326","23,336",837,548,133,"6,042,361","407,886","6,450,247","144,362","22,392","12,814","2,532"
Locality: 810 VIRGINIA BEACH CITY,0027,027 - PRECINCT 27,"1,627",65,"1,692",81,2,5,108,"320,849","21,477","342,326","23,336",837,548,133,"6,042,361","407,886","6,450,247","144,362","22,392","12,814","2,532"
Locality: 810 VIRGINIA BEACH CITY,0028,028 - PRECINCT 28,"2,243",92,"2,335",126,4,6,108,"320,849","21,477","342,326","23,336",837,548,133,"6,042,361","407,886","6,450,247","144,362","22,392","12,814","2,532"
Locality: 810 VIRGINIA BEACH CITY,0029,029 - PRECINCT 29,"3,895",276,"4,171",287,7,2,108,"320,849","21,477","342,326","23,336",837,548,133,"6,042,361","407,886","6,450,247","144,362","22,392","12,814","2,532"
Locality: 810 VIRGINIA BEACH CITY,0030,030 - PRECINCT 30,"3,787",323,"4,110",793,11,4,108,"320,849","21,477","342,326","23,336",837,548,133,"6,042,361","407,886","6,450,247","144,362","22,392","12,814","2,532"
Locality: 810 VIRGINIA BEACH CITY,0031,031 - PRECINCT 31,"4,086",148,"4,234",327,13,4,108,"320,849","21,477","342,326","23,336",837,548,133,"6,042,361","407,886","6,450,247","144,362","22,392","12,814","2,532"
Locality: 810 VIRGINIA BEACH CITY,0032,032 - PRECINCT 32,"1,590",71,"1,661",82,4,1,108,"320,849","21,477","342,326","23,336",837,548,133,"6,042,361","407,886","6,450,247","144,362","22,392","12,814","2,532"
Locality: 810 VIRGINIA BEACH CITY,0033,033 - PRECINCT 33,"1,704",67,"1,771",71,2,1,108,"320,849","21,477","342,326","23,336",837,548,133,"6,042,361","407,886","6,450,247","144,362","22,392","12,814","2,532"
Locality: 810 VIRGINIA BEACH CITY,0034,034 - PRECINCT 34,"1,106",48,"1,154",64,1,,108,"320,849","21,477","342,326","23,336",837,548,133,"6,042,361","407,886","6,450,247","144,362","22,392","12,814","2,532"
Locality: 810 VIRGINIA BEACH CITY,0035,035 - PRECINCT 35,"3,333",128,"3,461",158,8,4,108,"320,849","21,477","342,326","23,336",837,548,133,"6,042,361","407,886","6,450,247","144,362","22,392","12,814","2,532"
Locality: 810 VIRGINIA BEACH CITY,0036,036 - PRECINCT 36,"4,360",324,"4,684",323,8,11,108,"320,849","21,477","342,326","23,336",837,548,133,"6,042,361","407,886","6,450,247","144,362","22,392","12,814","2,532"
Locality: 810 VIRGINIA BEACH CITY,0037,037 - PRECINCT 37,"3,449",402,"3,851",943,8,6,108,"320,849","21,477","342,326","23,336",837,548,133,"6,042,361","407,886","6,450,247","144,362","22,392","12,814","2,532"
Locality: 810 VIRGINIA BEACH CITY,0038,038 - PRECINCT 38,"2,986",136,"3,122",138,7,6,108,"320,849","21,477","342,326","23,336",837,548,133,"6,042,361","407,886","6,450,247","144,362","22,392","12,814","2,532"
Locality: 810 VIRGINIA BEACH CITY,0039,039 - PRECINCT 39,"2,627",156,"2,783",155,10,6,108,"320,849","21,477","342,326","23,336",837,548,133,"6,042,361","407,886","6,450,247","144,362","22,392","12,814","2,532"
Locality: 810 VIRGINIA BEACH CITY,0040,040 - PRECINCT 40,"3,655",466,"4,121",337,1,4,108,"320,849","21,477","342,326","23,336",837,548,133,"6,042,361","407,886","6,450,247","144,362","22,392","12,814","2,532"
Locality: 810 VIRGINIA BEACH CITY,0041,041 - PRECINCT 41,"1,826",115,"1,941",91,2,2,108,"320,849","21,477","342,326","23,336",837,548,133,"6,042,361","407,886","6,450,247","144,362","22,392","12,814","2,532"
Locality: 810 VIRGINIA BEACH CITY,0042,042 - PRECINCT 42,"3,278",213,"3,491",246,12,4,108,"320,849","21,477","342,326","23,336",837,548,133,"6,042,361","407,886","6,450,247","144,362","22,392","12,814","2,532"
Locality: 810 VIRGINIA BEACH CITY,0043,043 - PRECINCT 43,"3,382",241,"3,623",234,5,5,108,"320,849","21,477","342,326","23,336",837,548,133,"6,042,361","407,886","6,450,247","144,362","22,392","12,814","2,532"
Locality: 810 VIRGINIA BEACH CITY,0044,044 - PRECINCT 44,"3,558",184,"3,742",255,11,3,108,"320,849","21,477","342,326","23,336",837,548,133,"6,042,361","407,886","6,450,247","144,362","22,392","12,814","2,532"
Locality: 810 VIRGINIA BEACH CITY,0045,045 - PRECINCT 45,"3,771",257,"4,028",443,4,3,108,"320,849","21,477","342,326","23,336",837,548,133,"6,042,361","407,886","6,450,247","144,362","22,392","12,814","2,532"
Locality: 810 VIRGINIA BEACH CITY,0046,046 - PRECINCT 46,"3,366",223,"3,589",263,7,1,108,"320,849","21,477","342,326","23,336",837,548,133,"6,042,361","407,886","6,450,247","144,362","22,392","12,814","2,532"
Locality: 810 VIRGINIA BEACH CITY,0047,047 - PRECINCT 47,"3,513",109,"3,622",125,14,6,108,"320,849","21,477","342,326","23,336",837,548,133,"6,042,361","407,886","6,450,247","144,362","22,392","12,814","2,532"
Locality: 810 VIRGINIA BEACH CITY,0048,048 - PRECINCT 48,"2,147",138,"2,285",152,7,5,108,"320,849","21,477","342,326","23,336",837,548,133,"6,042,361","407,886","6,450,247","144,362","22,392","12,814","2,532"
Locality: 810 VIRGINIA BEACH CITY,0049,049 - PRECINCT 49,"2,616",106,"2,722",90,6,9,108,"320,849","21,477","342,326","23,336",837,548,133,"6,042,361","407,886","6,450,247","144,362","22,392","12,814","2,532"
Locality: 810 VIRGINIA BEACH CITY,0050,050 - PRECINCT 50,"2,871",310,"3,181",234,9,2,108,"320,849","21,477","342,326","23,336",837,548,133,"6,042,361","407,886","6,450,247","144,362","22,392","12,814","2,532"
Locality: 810 VIRGINIA BEACH CITY,0051,051 - PRECINCT 51,"2,917",196,"3,113",175,12,9,108,"320,849","21,477","342,326","23,336",837,548,133,"6,042,361","407,886","6,450,247","144,362","22,392","12,814","2,532"
Locality: 810 VIRGINIA BEACH CITY,0052,052 - PRECINCT 52,"4,238",224,"4,462",251,10,4,108,"320,849","21,477","342,326","23,336",837,548,133,"6,042,361","407,886","6,450,247","144,362","22,392","12,814","2,532"
Locality: 810 VIRGINIA BEACH CITY,0053,053 - PRECINCT 53,"3,341",181,"3,522",175,9,5,108,"320,849","21,477","342,326","23,336",837,548,133,"6,042,361","407,886","6,450,247","144,362","22,392","12,814","2,532"
Locality: 810 VIRGINIA BEACH CITY,0054,054 - PRECINCT 54,"2,430",126,"2,556",187,8,4,108,"320,849","21,477","342,326","23,336",837,548,133,"6,042,361","407,886","6,450,247","144,362","22,392","12,814","2,532"
Locality: 810 VIRGINIA BEACH CITY,0055,055 - PRECINCT 55,"4,210",377,"4,587",289,2,5,108,"320,849","21,477","342,326","23,336",837,548,133,"6,042,361","407,886","6,450,247","144,362","22,392","12,814","2,532"
Locality: 810 VIRGINIA BEACH CITY,0056,056 - PRECINCT 56,"1,485",60,"1,545",66,2,5,108,"320,849","21,477","342,326","23,336",837,548,133,"6,042,361","407,886","6,450,247","144,362","22,392","12,814","2,532"
Locality: 810 VIRGINIA BEACH CITY,0057,057 - PRECINCT 57,"2,480",169,"2,649",154,11,3,108,"320,849","21,477","342,326","23,336",837,548,133,"6,042,361","407,886","6,450,247","144,362","22,392","12,814","2,532"
Locality: 810 VIRGINIA BEACH CITY,0058,058 - PRECINCT 58,"2,276",105,"2,381",190,5,1,108,"320,849","21,477","342,326","23,336",837,548,133,"6,042,361","407,886","6,450,247","144,362","22,392","12,814","2,532"
Locality: 810 VIRGINIA BEACH CITY,0059,059 - PRECINCT 59,"2,681",225,"2,906",238,12,6,108,"320,849","21,477","342,326","23,336",837,548,133,"6,042,361","407,886","6,450,247","144,362","22,392","12,814","2,532"
Locality: 810 VIRGINIA BEACH CITY,0060,060 - PRECINCT 60,"3,922",158,"4,080",282,7,5,108,"320,849","21,477","342,326","23,336",837,548,133,"6,042,361","407,886","6,450,247","144,362","22,392","12,814","2,532"
Locality: 810 VIRGINIA BEACH CITY,0061,061 - PRECINCT 61,"4,090",521,"4,611",376,5,2,108,"320,849","21,477","342,326","23,336",837,548,133,"6,042,361","407,886","6,450,247","144,362","22,392","12,814","2,532"
Locality: 810 VIRGINIA BEACH CITY,0062,062 - PRECINCT 62,"3,690",167,"3,857",329,14,4,108,"320,849","21,477","342,326","23,336",837,548,133,"6,042,361","407,886","6,450,247","144,362","22,392","12,814","2,532"
Locality: 810 VIRGINIA BEACH CITY,0063,063 - PRECINCT 63,"4,470",211,"4,681",365,16,14,108,"320,849","21,477","342,326","23,336",837,548,133,"6,042,361","407,886","6,450,247","144,362","22,392","12,814","2,532"
Locality: 810 VIRGINIA BEACH CITY,0064,064 - PRECINCT 64,"4,057",222,"4,279",397,4,4,108,"320,849","21,477","342,326","23,336",837,548,133,"6,042,361","407,886","6,450,247","144,362","22,392","12,814","2,532"
Locality: 810 VIRGINIA BEACH CITY,0065,065 - PRECINCT 65,"3,649",229,"3,878",285,9,5,108,"320,849","21,477","342,326","23,336",837,548,133,"6,042,361","407,886","6,450,247","144,362","22,392","12,814","2,532"
Locality: 810 VIRGINIA BEACH CITY,0066,066 - PRECINCT 66,"2,877",130,"3,007",196,12,5,108,"320,849","21,477","342,326","23,336",837,548,133,"6,042,361","407,886","6,450,247","144,362","22,392","12,814","2,532"
Locality: 810 VIRGINIA BEACH CITY,0067,067 - PRECINCT 67,"2,068",288,"2,356",210,3,3,108,"320,849","21,477","342,326","23,336",837,548,133,"6,042,361","407,886","6,450,247","144,362","22,392","12,814","2,532"
Locality: 810 VIRGINIA BEACH CITY,0068,068 - PRECINCT 68,"2,834",132,"2,966",142,4,1,108,"320,849","21,477","342,326","23,336",837,548,133,"6,042,361","407,886","6,450,247","144,362","22,392","12,814","2,532"
Locality: 810 VIRGINIA BEACH CITY,0069,069 - PRECINCT 69,"3,409",268,"3,677",339,2,2,108,"320,849","21,477","342,326","23,336",837,548,133,"6,042,361","407,886","6,450,247","144,362","22,392","12,814","2,532"
Locality: 810 VIRGINIA BEACH CITY,0070,070 - PRECINCT 70,"4,176",294,"4,470",314,8,3,108,"320,849","21,477","342,326","23,336",837,548,133,"6,042,361","407,886","6,450,247","144,362","22,392","12,814","2,532"
Locality: 810 VIRGINIA BEACH CITY,0071,071 - PRECINCT 71,"2,992",147,"3,139",244,17,4,108,"320,849","21,477","342,326","23,336",837,548,133,"6,042,361","407,886","6,450,247","144,362","22,392","12,814","2,532"
Locality: 810 VIRGINIA BEACH CITY,0072,072 - PRECINCT 72,"3,250",162,"3,412",138,15,14,108,"320,849","21,477","342,326","23,336",837,548,133,"6,042,361","407,886","6,450,247","144,362","22,392","12,814","2,532"
Locality: 810 VIRGINIA BEACH CITY,0073,073 - PRECINCT 73,"3,386",255,"3,641",307,5,6,108,"320,849","21,477","342,326","23,336",837,548,133,"6,042,361","407,886","6,450,247","144,362","22,392","12,814","2,532"
Locality: 810 VIRGINIA BEACH CITY,0074,074 - PRECINCT 74,"3,067",283,"3,350",180,2,3,108,"320,849","21,477","342,326","23,336",837,548,133,"6,042,361","407,886","6,450,247","144,362","22,392","12,814","2,532"
Locality: 810 VIRGINIA BEACH CITY,0075,075 - PRECINCT 75,"3,668",204,"3,872",177,16,13,108,"320,849","21,477","342,326","23,336",837,548,133,"6,042,361","407,886","6,450,247","144,362","22,392","12,814","2,532"
Locality: 810 VIRGINIA BEACH CITY,0076,076 - PRECINCT 76,"3,776",424,"4,200",308,7,2,108,"320,849","21,477","342,326","23,336",837,548,133,"6,042,361","407,886","6,450,247","144,362","22,392","12,814","2,532"
Locality: 810 VIRGINIA BEACH CITY,0077,077 - PRECINCT 77,"3,348",278,"3,626",254,1,7,108,"320,849","21,477","342,326","23,336",837,548,133,"6,042,361","407,886","6,450,247","144,362","22,392","12,814","2,532"
Locality: 810 VIRGINIA BEACH CITY,0078,078 - PRECINCT 78,"2,828",147,"2,975",226,9,2,108,"320,849","21,477","342,326","23,336",837,548,133,"6,042,361","407,886","6,450,247","144,362","22,392","12,814","2,532"
Locality: 810 VIRGINIA BEACH CITY,0079,079 - PRECINCT 79,"3,461",310,"3,771",263,2,3,108,"320,849","21,477","342,326","23,336",837,548,133,"6,042,361","407,886","6,450,247","144,362","22,392","12,814","2,532"
Locality: 810 VIRGINIA BEACH CITY,0080,080 - PRECINCT 80,"3,029",226,"3,255",245,1,2,108,"320,849","21,477","342,326","23,336",837,548,133,"6,042,361","407,886","6,450,247","144,362","22,392","12,814","2,532"
Locality: 810 VIRGINIA BEACH CITY,0081,081 - PRECINCT 81,"3,762",196,"3,958",306,8,2,108,"320,849","21,477","342,326","23,336",837,548,133,"6,042,361","407,886","6,450,247","144,362","22,392","12,814","2,532"
Locality: 810 VIRGINIA BEACH CITY,0082,082 - PRECINCT 82,"2,693",115,"2,808",199,2,4,108,"320,849","21,477","342,326","23,336",837,548,133,"6,042,361","407,886","6,450,247","144,362","22,392","12,814","2,532"
Locality: 810 VIRGINIA BEACH CITY,0083,083 - PRECINCT 83,"3,636",200,"3,836",351,10,4,108,"320,849","21,477","342,326","23,336",837,548,133,"6,042,361","407,886","6,450,247","144,362","22,392","12,814","2,532"
Locality: 810 VIRGINIA BEACH CITY,0084,084 - PRECINCT 84,"3,422",245,"3,667",292,12,5,108,"320,849","21,477","342,326","23,336",837,548,133,"6,042,361","407,886","6,450,247","144,362","22,392","12,814","2,532"
Locality: 810 VIRGINIA BEACH CITY,0085,085 - PRECINCT 85,"3,937",205,"4,142",290,11,8,108,"320,849","21,477","342,326","23,336",837,548,133,"6,042,361","407,886","6,450,247","144,362","22,392","12,814","2,532"
Locality: 810 VIRGINIA BEACH CITY,0086,086 - PRECINCT 86,"3,420",134,"3,554",200,8,10,108,"320,849","21,477","342,326","23,336",837,548,133,"6,042,361","407,886","6,450,247","144,362","22,392","12,814","2,532"
Locality: 810 VIRGINIA BEACH CITY,0087,087 - PRECINCT 87,"2,863",103,"2,966",200,14,3,108,"320,849","21,477","342,326","23,336",837,548,133,"6,042,361","407,886","6,450,247","144,362","22,392","12,814","2,532"
Locality: 810 VIRGINIA BEACH CITY,0088,088 - PRECINCT 88,"3,033",171,"3,204",275,11,3,108,"320,849","21,477","342,326","23,336",837,548,133,"6,042,361","407,886","6,450,247","144,362","22,392","12,814","2,532"
Locality: 810 VIRGINIA BEACH CITY,0089,089 - PRECINCT 89,"3,018",130,"3,148",182,12,7,108,"320,849","21,477","342,326","23,336",837,548,133,"6,042,361","407,886","6,450,247","144,362","22,392","12,814","2,532"
Locality: 810 VIRGINIA BEACH CITY,0090,090 - PRECINCT 90,"2,205",125,"2,330",161,6,6,108,"320,849","21,477","342,326","23,336",837,548,133,"6,042,361","407,886","6,450,247","144,362","22,392","12,814","2,532"
Locality: 810 VIRGINIA BEACH CITY,0091,091 - PRECINCT 91,"4,248",286,"4,534",387,13,7,108,"320,849","21,477","342,326","23,336",837,548,133,"6,042,361","407,886","6,450,247","144,362","22,392","12,814","2,532"
Locality: 810 VIRGINIA BEACH CITY,0092,092 - PRECINCT 92,"2,149",97,"2,246",92,9,4,108,"320,849","21,477","342,326","23,336",837,548,133,"6,042,361","407,886","6,450,247","144,362","22,392","12,814","2,532"
Locality: 810 VIRGINIA BEACH CITY,0093,093 - PRECINCT 93,"3,632",675,"4,307",344,9,3,108,"320,849","21,477","342,326","23,336",837,548,133,"6,042,361","407,886","6,450,247","144,362","22,392","12,814","2,532"
Locality: 810 VIRGINIA BEACH CITY,0094,094 - PRECINCT 94,"2,333",189,"2,522",131,3,1,108,"320,849","21,477","342,326","23,336",837,548,133,"6,042,361","407,886","6,450,247","144,362","22,392","12,814","2,532"
Locality: 810 VIRGINIA BEACH CITY,0095,095 - PRECINCT 95,"2,379",135,"2,514",215,11,4,108,"320,849","21,477","342,326","23,336",837,548,133,"6,042,361","407,886","6,450,247","144,362","22,392","12,814","2,532"
Locality: 810 VIRGINIA BEACH CITY,0096,096 - PRECINCT 96,"2,732",316,"3,048",131,10,5,108,"320,849","21,477","342,326","23,336",837,548,133,"6,042,361","407,886","6,450,247","144,362","22,392","12,814","2,532"
Locality: 810 VIRGINIA BEACH CITY,0097,097 - PRECINCT 97,"3,146",170,"3,316",285,4,3,108,"320,849","21,477","342,326","23,336",837,548,133,"6,042,361","407,886","6,450,247","144,362","22,392","12,814","2,532"
Locality: 810 VIRGINIA BEACH CITY,0098,098 - PRECINCT 98,"2,178",243,"2,421",219,3,,108,"320,849","21,477","342,326","23,336",837,548,133,"6,042,361","407,886","6,450,247","144,362","22,392","12,814","2,532"
Locality: 810 VIRGINIA BEACH CITY,0099,099 - PRECINCT 99,"2,008",134,"2,142",167,2,3,108,"320,849","21,477","342,326","23,336",837,548,133,"6,042,361","407,886","6,450,247","144,362","22,392","12,814","2,532"
Locality: 810 VIRGINIA BEACH CITY,0100,100 - PRECINCT 100,"1,490",80,"1,570",55,7,4,108,"320,849","21,477","342,326","23,336",837,548,133,"6,042,361","407,886","6,450,247","144,362","22,392","12,814","2,532"
Locality: 810 VIRGINIA BEACH CITY,101,101 - PRECINCT 101,890,47,937,55,,,108,"320,849","21,477","342,326","23,336",837,548,133,"6,042,361","407,886","6,450,247","144,362","22,392","12,814","2,532"
Locality: 810 VIRGINIA BEACH CITY,102,102 - PRECINCT 102,531,31,562,61,,1,108,"320,849","21,477","342,326","23,336",837,548,133,"6,042,361","407,886","6,450,247","144,362","22,392","12,814","2,532"
Locality: 810 VIRGINIA BEACH CITY,103,103 - PRECINCT 103,"1,700",207,"1,907",173,2,7,108,"320,849","21,477","342,326","23,336",837,548,133,"6,042,361","407,886","6,450,247","144,362","22,392","12,814","2,532"
Locality: 810 VIRGINIA BEACH CITY,104,104 - PRECINCT 104,"3,077",245,"3,322",200,2,7,108,"320,849","21,477","342,326","23,336",837,548,133,"6,042,361","407,886","6,450,247","144,362","22,392","12,814","2,532"
Locality: 810 VIRGINIA BEACH CITY,105,105 - PRECINCT 105,938,46,984,29,6,2,108,"320,849","21,477","342,326","23,336",837,548,133,"6,042,361","407,886","6,450,247","144,362","22,392","12,814","2,532"
Locality: 810 VIRGINIA BEACH CITY,106,106 - PRECINCT 106,"2,128",303,"2,431",215,7,1,108,"320,849","21,477","342,326","23,336",837,548,133,"6,042,361","407,886","6,450,247","144,362","22,392","12,814","2,532"
Locality: 810 VIRGINIA BEACH CITY,107,107 - PRECINCT 107,"1,436",71,"1,507",63,3,8,108,"320,849","21,477","342,326","23,336",837,548,133,"6,042,361","407,886","6,450,247","144,362","22,392","12,814","2,532"
Locality: 810 VIRGINIA BEACH CITY,108,108 - PRECINCT 108,836,47,883,20,3,5,108,"320,849","21,477","342,326","23,336",837,548,133,"6,042,361","407,886","6,450,247","144,362","22,392","12,814","2,532"
Locality: 820 WAYNESBORO CITY,0001,001 - WARD A,"3,419",245,"3,664",18,1,5,4,"16,037","1,025","17,062",103,22,20,133,"6,042,361","407,886","6,450,247","144,362","22,392","12,814","2,532"
Locality: 820 WAYNESBORO CITY,0002,002 - WARD B,"4,383",248,"4,631",32,9,10,4,"16,037","1,025","17,062",103,22,20,133,"6,042,361","407,886","6,450,247","144,362","22,392","12,814","2,532"
Locality: 820 WAYNESBORO CITY,0003,003 - WARD C,"4,146",324,"4,470",25,5,1,4,"16,037","1,025","17,062",103,22,20,133,"6,042,361","407,886","6,450,247","144,362","22,392","12,814","2,532"
Locality: 820 WAYNESBORO CITY,0004,004 - WARD D,"4,089",208,"4,297",28,7,4,4,"16,037","1,025","17,062",103,22,20,133,"6,042,361","407,886","6,450,247","144,362","22,392","12,814","2,532"
Locality: 830 WILLIAMSBURG CITY,0001,001 - STRYKER,"5,207",647,"5,854",122,22,32,2,"10,838","1,467","12,305",209,59,58,133,"6,042,361","407,886","6,450,247","144,362","22,392","12,814","2,532"
Locality: 830 WILLIAMSBURG CITY,0002,002 - MATOAKA,"5,631",820,"6,451",87,37,26,2,"10,838","1,467","12,305",209,59,58,133,"6,042,361","407,886","6,450,247","144,362","22,392","12,814","2,532"
Locality: 840 WINCHESTER CITY,0101,101 - MERRIMANS,"3,281",234,"3,515",32,19,12,6,"17,338","1,987","19,325",148,55,42,133,"6,042,361","407,886","6,450,247","144,362","22,392","12,814","2,532"
Locality: 840 WINCHESTER CITY,0102,102 - OLD TOWN,"2,433",210,"2,643",14,10,9,6,"17,338","1,987","19,325",148,55,42,133,"6,042,361","407,886","6,450,247","144,362","22,392","12,814","2,532"
Locality: 840 WINCHESTER CITY,0201,201 - VIRGINIA AVENUE,"3,546",478,"4,024",27,7,10,6,"17,338","1,987","19,325",148,55,42,133,"6,042,361","407,886","6,450,247","144,362","22,392","12,814","2,532"
Locality: 840 WINCHESTER CITY,0301,301 - WAR MEMORIAL,"3,425",464,"3,889",29,6,3,6,"17,338","1,987","19,325",148,55,42,133,"6,042,361","407,886","6,450,247","144,362","22,392","12,814","2,532"
Locality: 840 WINCHESTER CITY,0401,401 - FREDERICK DOUGLASS,"1,945",291,"2,236",15,2,,6,"17,338","1,987","19,325",148,55,42,133,"6,042,361","407,886","6,450,247","144,362","22,392","12,814","2,532"
Locality: 840 WINCHESTER CITY,0402,402 - ROLLING HILLS,"2,708",310,"3,018",31,11,8,6,"17,338","1,987","19,325",148,55,42,133,"6,042,361","407,886","6,450,247","144,362","22,392","12,814","2,532"

