Locality,PrecinctCode,PrecinctName,ActiveVoters,InactiveVoters,AllVoters,MilitaryVoters,OverseasVoters,TempVoters,TotalPrecinctsInLocality,TotalActiveVotersPrecinctLocality,TotalInActiveVotersPrecinctLocality,TotalAllVotersPrecinctLocality,TotalMilitaryVotersPrecinctLocality,TotalOverseasVotersPrecinctLocality,TotalFederalVotersPrecinctLocality,StateTotalLocality,TotalActiveVotersLocality,TotalInActiveVotersLocality,TotalAllVotersLocality,TotalMilitaryVotersLocality,TotalOverseasVotersLocality,TotalFederalVotersLocality,StateTotalPrecincts
Locality: 001 ACCOMACK COUNTY,0101,101 - CHINCOTEAGUE,"2,948",124,"3,072",66,7,9,16,"24,953","1,009","25,962",349,30,49,133,"6,006,967","329,212","6,336,179","136,658","24,566","12,863","2,533"
Locality: 001 ACCOMACK COUNTY,0201,201 - ATLANTIC,"1,004",43,"1,047",24,2,1,16,"24,953","1,009","25,962",349,30,49,133,"6,006,967","329,212","6,336,179","136,658","24,566","12,863","2,533"
Locality: 001 ACCOMACK COUNTY,0202,202 - GREENBACKVILLE,"1,953",118,"2,071",35,,3,16,"24,953","1,009","25,962",349,30,49,133,"6,006,967","329,212","6,336,179","136,658","24,566","12,863","2,533"
Locality: 001 ACCOMACK COUNTY,0301,301 - NEW CHURCH,"2,756",132,"2,888",31,,1,16,"24,953","1,009","25,962",349,30,49,133,"6,006,967","329,212","6,336,179","136,658","24,566","12,863","2,533"
Locality: 001 ACCOMACK COUNTY,0401,401 - BLOXOM,"1,137",47,"1,184",12,,1,16,"24,953","1,009","25,962",349,30,49,133,"6,006,967","329,212","6,336,179","136,658","24,566","12,863","2,533"
Locality: 001 ACCOMACK COUNTY,0402,402 - PARKSLEY,"1,135",37,"1,172",14,1,2,16,"24,953","1,009","25,962",349,30,49,133,"6,006,967","329,212","6,336,179","136,658","24,566","12,863","2,533"
Locality: 001 ACCOMACK COUNTY,0403,403 - SAXIS,334,15,349,1,,,16,"24,953","1,009","25,962",349,30,49,133,"6,006,967","329,212","6,336,179","136,658","24,566","12,863","2,533"
Locality: 001 ACCOMACK COUNTY,0501,501 - MAPPSVILLE,"1,192",50,"1,242",7,2,1,16,"24,953","1,009","25,962",349,30,49,133,"6,006,967","329,212","6,336,179","136,658","24,566","12,863","2,533"
Locality: 001 ACCOMACK COUNTY,0502,502 - RUE,"1,066",45,"1,111",14,,,16,"24,953","1,009","25,962",349,30,49,133,"6,006,967","329,212","6,336,179","136,658","24,566","12,863","2,533"
Locality: 001 ACCOMACK COUNTY,0601,601 - ACCOMAC,"2,195",76,"2,271",27,6,2,16,"24,953","1,009","25,962",349,30,49,133,"6,006,967","329,212","6,336,179","136,658","24,566","12,863","2,533"
Locality: 001 ACCOMACK COUNTY,0602,602 - TANGIER,303,7,310,10,,2,16,"24,953","1,009","25,962",349,30,49,133,"6,006,967","329,212","6,336,179","136,658","24,566","12,863","2,533"
Locality: 001 ACCOMACK COUNTY,0701,701 - NANDUA,"2,933",128,"3,061",39,5,15,16,"24,953","1,009","25,962",349,30,49,133,"6,006,967","329,212","6,336,179","136,658","24,566","12,863","2,533"
Locality: 001 ACCOMACK COUNTY,0801,801 - BOBTOWN,975,33,"1,008",7,1,8,16,"24,953","1,009","25,962",349,30,49,133,"6,006,967","329,212","6,336,179","136,658","24,566","12,863","2,533"
Locality: 001 ACCOMACK COUNTY,0802,802 - MELFA,"1,343",50,"1,393",14,2,1,16,"24,953","1,009","25,962",349,30,49,133,"6,006,967","329,212","6,336,179","136,658","24,566","12,863","2,533"
Locality: 001 ACCOMACK COUNTY,0803,803 - WACHAPREAGUE,788,20,808,8,1,1,16,"24,953","1,009","25,962",349,30,49,133,"6,006,967","329,212","6,336,179","136,658","24,566","12,863","2,533"
Locality: 001 ACCOMACK COUNTY,0901,901 - PAINTER,"2,891",84,"2,975",40,3,2,16,"24,953","1,009","25,962",349,30,49,133,"6,006,967","329,212","6,336,179","136,658","24,566","12,863","2,533"
Locality: 003 ALBEMARLE COUNTY,0101,101 - WOODBROOK,"3,005",158,"3,163",26,18,,30,"85,068","4,019","89,087",898,686,189,133,"6,006,967","329,212","6,336,179","136,658","24,566","12,863","2,533"
Locality: 003 ALBEMARLE COUNTY,0103,103 - BRANCHLANDS,"1,282",84,"1,366",9,8,4,30,"85,068","4,019","89,087",898,686,189,133,"6,006,967","329,212","6,336,179","136,658","24,566","12,863","2,533"
Locality: 003 ALBEMARLE COUNTY,0104,104 - AGNOR-HURT,"2,539",180,"2,719",25,12,3,30,"85,068","4,019","89,087",898,686,189,133,"6,006,967","329,212","6,336,179","136,658","24,566","12,863","2,533"
Locality: 003 ALBEMARLE COUNTY,0105,105 - DUNLORA,"3,715",186,"3,901",25,30,5,30,"85,068","4,019","89,087",898,686,189,133,"6,006,967","329,212","6,336,179","136,658","24,566","12,863","2,533"
Locality: 003 ALBEMARLE COUNTY,0106,106 - NORTHSIDE,"3,017",142,"3,159",48,22,7,30,"85,068","4,019","89,087",898,686,189,133,"6,006,967","329,212","6,336,179","136,658","24,566","12,863","2,533"
Locality: 003 ALBEMARLE COUNTY,0201,201 - JACK JOUETT,"3,637",159,"3,796",21,42,31,30,"85,068","4,019","89,087",898,686,189,133,"6,006,967","329,212","6,336,179","136,658","24,566","12,863","2,533"
Locality: 003 ALBEMARLE COUNTY,0202,202 - UNIVERSITY,"3,990",330,"4,320",27,41,18,30,"85,068","4,019","89,087",898,686,189,133,"6,006,967","329,212","6,336,179","136,658","24,566","12,863","2,533"
Locality: 003 ALBEMARLE COUNTY,0203,203 - GEORGETOWN,"3,383",349,"3,732",36,27,13,30,"85,068","4,019","89,087",898,686,189,133,"6,006,967","329,212","6,336,179","136,658","24,566","12,863","2,533"
Locality: 003 ALBEMARLE COUNTY,0301,301 - IVY,"4,044",122,"4,166",38,58,13,30,"85,068","4,019","89,087",898,686,189,133,"6,006,967","329,212","6,336,179","136,658","24,566","12,863","2,533"
Locality: 003 ALBEMARLE COUNTY,0302,302 - RED HILL,"3,251",90,"3,341",25,41,6,30,"85,068","4,019","89,087",898,686,189,133,"6,006,967","329,212","6,336,179","136,658","24,566","12,863","2,533"
Locality: 003 ALBEMARLE COUNTY,0304,304 - EAST IVY,"1,077",32,"1,109",6,15,3,30,"85,068","4,019","89,087",898,686,189,133,"6,006,967","329,212","6,336,179","136,658","24,566","12,863","2,533"
Locality: 003 ALBEMARLE COUNTY,0305,305 - COUNTRY GREEN,"3,072",127,"3,199",31,18,2,30,"85,068","4,019","89,087",898,686,189,133,"6,006,967","329,212","6,336,179","136,658","24,566","12,863","2,533"
Locality: 003 ALBEMARLE COUNTY,0306,306 - PORTERS,"1,703",48,"1,751",15,11,1,30,"85,068","4,019","89,087",898,686,189,133,"6,006,967","329,212","6,336,179","136,658","24,566","12,863","2,533"
Locality: 003 ALBEMARLE COUNTY,0307,307 - YELLOW MOUNTAIN,"1,311",42,"1,353",10,8,3,30,"85,068","4,019","89,087",898,686,189,133,"6,006,967","329,212","6,336,179","136,658","24,566","12,863","2,533"
Locality: 003 ALBEMARLE COUNTY,0401,401 - SCOTTSVILLE,"1,882",55,"1,937",8,12,3,30,"85,068","4,019","89,087",898,686,189,133,"6,006,967","329,212","6,336,179","136,658","24,566","12,863","2,533"
Locality: 003 ALBEMARLE COUNTY,0402,402 - MONTICELLO,"1,633",62,"1,695",14,9,2,30,"85,068","4,019","89,087",898,686,189,133,"6,006,967","329,212","6,336,179","136,658","24,566","12,863","2,533"
Locality: 003 ALBEMARLE COUNTY,0405,405 - MOUNTAIN VIEW,"4,349",271,"4,620",44,42,9,30,"85,068","4,019","89,087",898,686,189,133,"6,006,967","329,212","6,336,179","136,658","24,566","12,863","2,533"
Locality: 003 ALBEMARLE COUNTY,0406,406 - STONE ROBINSON,"3,526",102,"3,628",34,22,5,30,"85,068","4,019","89,087",898,686,189,133,"6,006,967","329,212","6,336,179","136,658","24,566","12,863","2,533"
Locality: 003 ALBEMARLE COUNTY,0407,407 - BISCUIT RUN,"2,417",268,"2,685",29,14,4,30,"85,068","4,019","89,087",898,686,189,133,"6,006,967","329,212","6,336,179","136,658","24,566","12,863","2,533"
Locality: 003 ALBEMARLE COUNTY,0501,501 - KESWICK,"1,564",60,"1,624",17,14,3,30,"85,068","4,019","89,087",898,686,189,133,"6,006,967","329,212","6,336,179","136,658","24,566","12,863","2,533"
Locality: 003 ALBEMARLE COUNTY,0502,502 - STONY POINT,"1,658",36,"1,694",24,19,6,30,"85,068","4,019","89,087",898,686,189,133,"6,006,967","329,212","6,336,179","136,658","24,566","12,863","2,533"
Locality: 003 ALBEMARLE COUNTY,0503,503 - HOLLYMEAD,"3,198",167,"3,365",60,26,4,30,"85,068","4,019","89,087",898,686,189,133,"6,006,967","329,212","6,336,179","136,658","24,566","12,863","2,533"
Locality: 003 ALBEMARLE COUNTY,0504,504 - FREE BRIDGE,"2,320",173,"2,493",18,20,,30,"85,068","4,019","89,087",898,686,189,133,"6,006,967","329,212","6,336,179","136,658","24,566","12,863","2,533"
Locality: 003 ALBEMARLE COUNTY,0506,506 - BAKER-BUTLER,"5,165",195,"5,360",109,29,8,30,"85,068","4,019","89,087",898,686,189,133,"6,006,967","329,212","6,336,179","136,658","24,566","12,863","2,533"
Locality: 003 ALBEMARLE COUNTY,0507,507 - PANTOPS,"2,152",69,"2,221",15,13,2,30,"85,068","4,019","89,087",898,686,189,133,"6,006,967","329,212","6,336,179","136,658","24,566","12,863","2,533"
Locality: 003 ALBEMARLE COUNTY,0601,601 - CROZET,"3,909",113,"4,022",48,31,8,30,"85,068","4,019","89,087",898,686,189,133,"6,006,967","329,212","6,336,179","136,658","24,566","12,863","2,533"
Locality: 003 ALBEMARLE COUNTY,0602,602 - FREE UNION,"1,516",39,"1,555",16,13,9,30,"85,068","4,019","89,087",898,686,189,133,"6,006,967","329,212","6,336,179","136,658","24,566","12,863","2,533"
Locality: 003 ALBEMARLE COUNTY,0603,603 - EARLYSVILLE,"3,399",86,"3,485",44,31,6,30,"85,068","4,019","89,087",898,686,189,133,"6,006,967","329,212","6,336,179","136,658","24,566","12,863","2,533"
Locality: 003 ALBEMARLE COUNTY,0604,604 - BROWNSVILLE,"3,396",136,"3,532",29,21,5,30,"85,068","4,019","89,087",898,686,189,133,"6,006,967","329,212","6,336,179","136,658","24,566","12,863","2,533"
Locality: 003 ALBEMARLE COUNTY,0606,606 - MECHUMS RIVER,"3,958",138,"4,096",47,19,6,30,"85,068","4,019","89,087",898,686,189,133,"6,006,967","329,212","6,336,179","136,658","24,566","12,863","2,533"
Locality: 005 ALLEGHANY COUNTY,0101,101 - ARRITT,"1,154",27,"1,181",3,2,1,12,"10,914",332,"11,246",48,8,5,133,"6,006,967","329,212","6,336,179","136,658","24,566","12,863","2,533"
Locality: 005 ALLEGHANY COUNTY,0103,103 - DAMERON,416,9,425,1,,,12,"10,914",332,"11,246",48,8,5,133,"6,006,967","329,212","6,336,179","136,658","24,566","12,863","2,533"
Locality: 005 ALLEGHANY COUNTY,0201,201 - HUMPBACK BRIDGE,624,20,644,4,1,,12,"10,914",332,"11,246",48,8,5,133,"6,006,967","329,212","6,336,179","136,658","24,566","12,863","2,533"
Locality: 005 ALLEGHANY COUNTY,0202,202 - DOLLY ANN,925,20,945,3,1,,12,"10,914",332,"11,246",48,8,5,133,"6,006,967","329,212","6,336,179","136,658","24,566","12,863","2,533"
Locality: 005 ALLEGHANY COUNTY,0301,301 - CALLAGHAN,701,22,723,3,,,12,"10,914",332,"11,246",48,8,5,133,"6,006,967","329,212","6,336,179","136,658","24,566","12,863","2,533"
Locality: 005 ALLEGHANY COUNTY,0302,302 - GRIFFITH,806,29,835,3,,,12,"10,914",332,"11,246",48,8,5,133,"6,006,967","329,212","6,336,179","136,658","24,566","12,863","2,533"
Locality: 005 ALLEGHANY COUNTY,0401,401 - LOW MOOR,739,20,759,2,1,1,12,"10,914",332,"11,246",48,8,5,133,"6,006,967","329,212","6,336,179","136,658","24,566","12,863","2,533"
Locality: 005 ALLEGHANY COUNTY,0402,402 - JACKSON HEIGHTS,"1,023",30,"1,053",7,,,12,"10,914",332,"11,246",48,8,5,133,"6,006,967","329,212","6,336,179","136,658","24,566","12,863","2,533"
Locality: 005 ALLEGHANY COUNTY,0501,501 - IRON GATE,386,7,393,,,,12,"10,914",332,"11,246",48,8,5,133,"6,006,967","329,212","6,336,179","136,658","24,566","12,863","2,533"
Locality: 005 ALLEGHANY COUNTY,0502,502 - PETERS SWITCH,"1,244",23,"1,267",8,1,,12,"10,914",332,"11,246",48,8,5,133,"6,006,967","329,212","6,336,179","136,658","24,566","12,863","2,533"
Locality: 005 ALLEGHANY COUNTY,0601,601 - DISTRICT 1,"1,352",58,"1,410",4,2,1,12,"10,914",332,"11,246",48,8,5,133,"6,006,967","329,212","6,336,179","136,658","24,566","12,863","2,533"
Locality: 005 ALLEGHANY COUNTY,0701,701 - DISTRICT 2,"1,544",67,"1,611",10,,2,12,"10,914",332,"11,246",48,8,5,133,"6,006,967","329,212","6,336,179","136,658","24,566","12,863","2,533"
Locality: 007 AMELIA COUNTY,0101,101 - NUMBER ONE,"1,846",45,"1,891",25,,,5,"10,312",225,"10,537",138,11,5,133,"6,006,967","329,212","6,336,179","136,658","24,566","12,863","2,533"
Locality: 007 AMELIA COUNTY,0201,201 - NUMBER TWO,"2,025",41,"2,066",27,3,2,5,"10,312",225,"10,537",138,11,5,133,"6,006,967","329,212","6,336,179","136,658","24,566","12,863","2,533"
Locality: 007 AMELIA COUNTY,0301,301 - NUMBER THREE,"2,097",42,"2,139",35,4,1,5,"10,312",225,"10,537",138,11,5,133,"6,006,967","329,212","6,336,179","136,658","24,566","12,863","2,533"
Locality: 007 AMELIA COUNTY,0401,401 - NUMBER FOUR,"2,230",54,"2,284",23,4,1,5,"10,312",225,"10,537",138,11,5,133,"6,006,967","329,212","6,336,179","136,658","24,566","12,863","2,533"
Locality: 007 AMELIA COUNTY,0501,501 - NUMBER FIVE,"2,114",43,"2,157",28,,1,5,"10,312",225,"10,537",138,11,5,133,"6,006,967","329,212","6,336,179","136,658","24,566","12,863","2,533"
Locality: 009 AMHERST COUNTY,0101,101 - WRIGHT SHOP,"1,594",44,"1,638",16,1,1,11,"23,039",628,"23,667",216,27,20,133,"6,006,967","329,212","6,336,179","136,658","24,566","12,863","2,533"
Locality: 009 AMHERST COUNTY,0102,102 - NEW GLASGOW,"2,085",50,"2,135",15,,1,11,"23,039",628,"23,667",216,27,20,133,"6,006,967","329,212","6,336,179","136,658","24,566","12,863","2,533"
Locality: 009 AMHERST COUNTY,0103,103 - COOLWELL,967,19,986,9,,,11,"23,039",628,"23,667",216,27,20,133,"6,006,967","329,212","6,336,179","136,658","24,566","12,863","2,533"
Locality: 009 AMHERST COUNTY,0201,201 - COURT HOUSE,"3,182",93,"3,275",30,6,10,11,"23,039",628,"23,667",216,27,20,133,"6,006,967","329,212","6,336,179","136,658","24,566","12,863","2,533"
Locality: 009 AMHERST COUNTY,0202,202 - TEMPERANCE,"1,207",18,"1,225",10,2,,11,"23,039",628,"23,667",216,27,20,133,"6,006,967","329,212","6,336,179","136,658","24,566","12,863","2,533"
Locality: 009 AMHERST COUNTY,0301,301 - MONROE,"1,243",31,"1,274",6,3,1,11,"23,039",628,"23,667",216,27,20,133,"6,006,967","329,212","6,336,179","136,658","24,566","12,863","2,533"
Locality: 009 AMHERST COUNTY,0302,302 - ELON,"3,023",67,"3,090",35,8,1,11,"23,039",628,"23,667",216,27,20,133,"6,006,967","329,212","6,336,179","136,658","24,566","12,863","2,533"
Locality: 009 AMHERST COUNTY,0303,303 - PLEASANT VIEW,779,15,794,14,,,11,"23,039",628,"23,667",216,27,20,133,"6,006,967","329,212","6,336,179","136,658","24,566","12,863","2,533"
Locality: 009 AMHERST COUNTY,0401,401 - AMELON,"3,380",94,"3,474",35,5,2,11,"23,039",628,"23,667",216,27,20,133,"6,006,967","329,212","6,336,179","136,658","24,566","12,863","2,533"
Locality: 009 AMHERST COUNTY,0402,402 - LONCO,"1,231",48,"1,279",10,,,11,"23,039",628,"23,667",216,27,20,133,"6,006,967","329,212","6,336,179","136,658","24,566","12,863","2,533"
Locality: 009 AMHERST COUNTY,0501,501 - MADISON,"4,348",149,"4,497",36,2,4,11,"23,039",628,"23,667",216,27,20,133,"6,006,967","329,212","6,336,179","136,658","24,566","12,863","2,533"
Locality: 011 APPOMATTOX COUNTY,0101,101 - VERA,839,30,869,9,1,,8,"12,479",406,"12,885",126,11,1,133,"6,006,967","329,212","6,336,179","136,658","24,566","12,863","2,533"
Locality: 011 APPOMATTOX COUNTY,0102,102 - PAMPLIN,"1,645",64,"1,709",13,3,,8,"12,479",406,"12,885",126,11,1,133,"6,006,967","329,212","6,336,179","136,658","24,566","12,863","2,533"
Locality: 011 APPOMATTOX COUNTY,0201,201 - CHAP,601,22,623,5,,,8,"12,479",406,"12,885",126,11,1,133,"6,006,967","329,212","6,336,179","136,658","24,566","12,863","2,533"
Locality: 011 APPOMATTOX COUNTY,0202,202 - SPOUT SPRING,"1,926",56,"1,982",24,2,,8,"12,479",406,"12,885",126,11,1,133,"6,006,967","329,212","6,336,179","136,658","24,566","12,863","2,533"
Locality: 011 APPOMATTOX COUNTY,0301,301 - US  460,"1,205",31,"1,236",15,1,1,8,"12,479",406,"12,885",126,11,1,133,"6,006,967","329,212","6,336,179","136,658","24,566","12,863","2,533"
Locality: 011 APPOMATTOX COUNTY,0302,302 - STONEWALL,"1,449",44,"1,493",17,,,8,"12,479",406,"12,885",126,11,1,133,"6,006,967","329,212","6,336,179","136,658","24,566","12,863","2,533"
Locality: 011 APPOMATTOX COUNTY,0401,401 - COURTHOUSE,"2,271",88,"2,359",24,3,,8,"12,479",406,"12,885",126,11,1,133,"6,006,967","329,212","6,336,179","136,658","24,566","12,863","2,533"
Locality: 011 APPOMATTOX COUNTY,0501,501 - OAKVILLE,"2,543",71,"2,614",19,1,,8,"12,479",406,"12,885",126,11,1,133,"6,006,967","329,212","6,336,179","136,658","24,566","12,863","2,533"
Locality: 013 ARLINGTON COUNTY,0101,101 - PRECINCT 101,"2,843",208,"3,051",62,27,12,54,"167,699","13,833","181,532","3,239","3,063","1,556",133,"6,006,967","329,212","6,336,179","136,658","24,566","12,863","2,533"
Locality: 013 ARLINGTON COUNTY,0102,102 - PRECINCT 102,"3,401",254,"3,655",30,73,30,54,"167,699","13,833","181,532","3,239","3,063","1,556",133,"6,006,967","329,212","6,336,179","136,658","24,566","12,863","2,533"
Locality: 013 ARLINGTON COUNTY,0103,103 - PRECINCT 103,"1,955",99,"2,054",57,38,31,54,"167,699","13,833","181,532","3,239","3,063","1,556",133,"6,006,967","329,212","6,336,179","136,658","24,566","12,863","2,533"
Locality: 013 ARLINGTON COUNTY,0104,104 - PRECINCT 104,"3,780",322,"4,102",41,62,30,54,"167,699","13,833","181,532","3,239","3,063","1,556",133,"6,006,967","329,212","6,336,179","136,658","24,566","12,863","2,533"
Locality: 013 ARLINGTON COUNTY,0105,105 - PRECINCT 105,"2,875",247,"3,122",64,60,20,54,"167,699","13,833","181,532","3,239","3,063","1,556",133,"6,006,967","329,212","6,336,179","136,658","24,566","12,863","2,533"
Locality: 013 ARLINGTON COUNTY,0106,106 - PRECINCT 106,"3,054",409,"3,463",119,43,30,54,"167,699","13,833","181,532","3,239","3,063","1,556",133,"6,006,967","329,212","6,336,179","136,658","24,566","12,863","2,533"
Locality: 013 ARLINGTON COUNTY,0107,107 - PRECINCT 107,"3,106",253,"3,359",30,79,38,54,"167,699","13,833","181,532","3,239","3,063","1,556",133,"6,006,967","329,212","6,336,179","136,658","24,566","12,863","2,533"
Locality: 013 ARLINGTON COUNTY,0108,108 - PRECINCT 108,"4,061",438,"4,499",114,83,46,54,"167,699","13,833","181,532","3,239","3,063","1,556",133,"6,006,967","329,212","6,336,179","136,658","24,566","12,863","2,533"
Locality: 013 ARLINGTON COUNTY,0109,109 - PRECINCT 109,"4,111",360,"4,471",89,63,18,54,"167,699","13,833","181,532","3,239","3,063","1,556",133,"6,006,967","329,212","6,336,179","136,658","24,566","12,863","2,533"
Locality: 013 ARLINGTON COUNTY,0110,110 - PRECINCT 110,"4,772",557,"5,329",227,117,58,54,"167,699","13,833","181,532","3,239","3,063","1,556",133,"6,006,967","329,212","6,336,179","136,658","24,566","12,863","2,533"
Locality: 013 ARLINGTON COUNTY,0111,111 - PRECINCT 111,"2,213",93,"2,306",34,53,20,54,"167,699","13,833","181,532","3,239","3,063","1,556",133,"6,006,967","329,212","6,336,179","136,658","24,566","12,863","2,533"
Locality: 013 ARLINGTON COUNTY,0112,112 - PRECINCT 112,"2,675",133,"2,808",67,73,41,54,"167,699","13,833","181,532","3,239","3,063","1,556",133,"6,006,967","329,212","6,336,179","136,658","24,566","12,863","2,533"
Locality: 013 ARLINGTON COUNTY,0113,113 - PRECINCT 113,"2,209",123,"2,332",42,39,11,54,"167,699","13,833","181,532","3,239","3,063","1,556",133,"6,006,967","329,212","6,336,179","136,658","24,566","12,863","2,533"
Locality: 013 ARLINGTON COUNTY,0114,114 - PRECINCT 114,"2,583",192,"2,775",39,41,22,54,"167,699","13,833","181,532","3,239","3,063","1,556",133,"6,006,967","329,212","6,336,179","136,658","24,566","12,863","2,533"
Locality: 013 ARLINGTON COUNTY,0115,115 - PRECINCT 115,"1,758",213,"1,971",35,49,18,54,"167,699","13,833","181,532","3,239","3,063","1,556",133,"6,006,967","329,212","6,336,179","136,658","24,566","12,863","2,533"
Locality: 013 ARLINGTON COUNTY,0116,116 - PRECINCT 116,"3,896",304,"4,200",41,90,38,54,"167,699","13,833","181,532","3,239","3,063","1,556",133,"6,006,967","329,212","6,336,179","136,658","24,566","12,863","2,533"
Locality: 013 ARLINGTON COUNTY,0117,117 - PRECINCT 117,"3,288",191,"3,479",58,68,38,54,"167,699","13,833","181,532","3,239","3,063","1,556",133,"6,006,967","329,212","6,336,179","136,658","24,566","12,863","2,533"
Locality: 013 ARLINGTON COUNTY,0118,118 - PRECINCT 118,"6,135",791,"6,926",83,151,66,54,"167,699","13,833","181,532","3,239","3,063","1,556",133,"6,006,967","329,212","6,336,179","136,658","24,566","12,863","2,533"
Locality: 013 ARLINGTON COUNTY,0119,119 - PRECINCT 119,"5,258",569,"5,827",95,114,96,54,"167,699","13,833","181,532","3,239","3,063","1,556",133,"6,006,967","329,212","6,336,179","136,658","24,566","12,863","2,533"
Locality: 013 ARLINGTON COUNTY,0120,120 - PRECINCT 120,"3,065",104,"3,169",29,56,48,54,"167,699","13,833","181,532","3,239","3,063","1,556",133,"6,006,967","329,212","6,336,179","136,658","24,566","12,863","2,533"
Locality: 013 ARLINGTON COUNTY,0121,121 - PRECINCT 121,"1,765",108,"1,873",34,27,14,54,"167,699","13,833","181,532","3,239","3,063","1,556",133,"6,006,967","329,212","6,336,179","136,658","24,566","12,863","2,533"
Locality: 013 ARLINGTON COUNTY,0122,122 - PRECINCT 122,"2,950",189,"3,139",79,63,26,54,"167,699","13,833","181,532","3,239","3,063","1,556",133,"6,006,967","329,212","6,336,179","136,658","24,566","12,863","2,533"
Locality: 013 ARLINGTON COUNTY,0123,123 - PRECINCT 123,"2,974",144,"3,118",28,55,28,54,"167,699","13,833","181,532","3,239","3,063","1,556",133,"6,006,967","329,212","6,336,179","136,658","24,566","12,863","2,533"
Locality: 013 ARLINGTON COUNTY,0124,124 - PRECINCT 124,"4,135",243,"4,378",69,64,27,54,"167,699","13,833","181,532","3,239","3,063","1,556",133,"6,006,967","329,212","6,336,179","136,658","24,566","12,863","2,533"
Locality: 013 ARLINGTON COUNTY,0125,125 - PRECINCT 125,"2,937",210,"3,147",35,71,26,54,"167,699","13,833","181,532","3,239","3,063","1,556",133,"6,006,967","329,212","6,336,179","136,658","24,566","12,863","2,533"
Locality: 013 ARLINGTON COUNTY,0126,126 - PRECINCT 126,"3,648",324,"3,972",78,46,20,54,"167,699","13,833","181,532","3,239","3,063","1,556",133,"6,006,967","329,212","6,336,179","136,658","24,566","12,863","2,533"
Locality: 013 ARLINGTON COUNTY,0127,127 - PRECINCT 127,"3,423",223,"3,646",74,54,18,54,"167,699","13,833","181,532","3,239","3,063","1,556",133,"6,006,967","329,212","6,336,179","136,658","24,566","12,863","2,533"
Locality: 013 ARLINGTON COUNTY,0128,128 - PRECINCT 128,"3,962",252,"4,214",62,66,31,54,"167,699","13,833","181,532","3,239","3,063","1,556",133,"6,006,967","329,212","6,336,179","136,658","24,566","12,863","2,533"
Locality: 013 ARLINGTON COUNTY,0129,129 - PRECINCT 129,"2,965",89,"3,054",54,71,35,54,"167,699","13,833","181,532","3,239","3,063","1,556",133,"6,006,967","329,212","6,336,179","136,658","24,566","12,863","2,533"
Locality: 013 ARLINGTON COUNTY,0130,130 - PRECINCT 130,"3,326",213,"3,539",85,24,7,54,"167,699","13,833","181,532","3,239","3,063","1,556",133,"6,006,967","329,212","6,336,179","136,658","24,566","12,863","2,533"
Locality: 013 ARLINGTON COUNTY,0131,131 - PRECINCT 131,"3,015",119,"3,134",40,41,28,54,"167,699","13,833","181,532","3,239","3,063","1,556",133,"6,006,967","329,212","6,336,179","136,658","24,566","12,863","2,533"
Locality: 013 ARLINGTON COUNTY,0132,132 - PRECINCT 132,"1,401",101,"1,502",68,32,15,54,"167,699","13,833","181,532","3,239","3,063","1,556",133,"6,006,967","329,212","6,336,179","136,658","24,566","12,863","2,533"
Locality: 013 ARLINGTON COUNTY,0133,133 - PRECINCT 133,"3,127",110,"3,237",47,37,32,54,"167,699","13,833","181,532","3,239","3,063","1,556",133,"6,006,967","329,212","6,336,179","136,658","24,566","12,863","2,533"
Locality: 013 ARLINGTON COUNTY,0134,134 - PRECINCT 134,"2,726",96,"2,822",47,47,28,54,"167,699","13,833","181,532","3,239","3,063","1,556",133,"6,006,967","329,212","6,336,179","136,658","24,566","12,863","2,533"
Locality: 013 ARLINGTON COUNTY,0135,135 - PRECINCT 135,"3,347",99,"3,446",44,36,30,54,"167,699","13,833","181,532","3,239","3,063","1,556",133,"6,006,967","329,212","6,336,179","136,658","24,566","12,863","2,533"
Locality: 013 ARLINGTON COUNTY,0136,136 - PRECINCT 136,"3,377",204,"3,581",51,82,45,54,"167,699","13,833","181,532","3,239","3,063","1,556",133,"6,006,967","329,212","6,336,179","136,658","24,566","12,863","2,533"
Locality: 013 ARLINGTON COUNTY,0137,137 - PRECINCT 137,"2,770",80,"2,850",34,48,16,54,"167,699","13,833","181,532","3,239","3,063","1,556",133,"6,006,967","329,212","6,336,179","136,658","24,566","12,863","2,533"
Locality: 013 ARLINGTON COUNTY,0138,138 - PRECINCT 138,"3,081",401,"3,482",87,39,20,54,"167,699","13,833","181,532","3,239","3,063","1,556",133,"6,006,967","329,212","6,336,179","136,658","24,566","12,863","2,533"
Locality: 013 ARLINGTON COUNTY,0139,139 - PRECINCT 139,"1,798",55,"1,853",27,14,21,54,"167,699","13,833","181,532","3,239","3,063","1,556",133,"6,006,967","329,212","6,336,179","136,658","24,566","12,863","2,533"
Locality: 013 ARLINGTON COUNTY,0140,140 - PRECINCT 140,"4,603",432,"5,035",53,94,29,54,"167,699","13,833","181,532","3,239","3,063","1,556",133,"6,006,967","329,212","6,336,179","136,658","24,566","12,863","2,533"
Locality: 013 ARLINGTON COUNTY,0141,141 - PRECINCT 141,"3,848",418,"4,266",39,71,60,54,"167,699","13,833","181,532","3,239","3,063","1,556",133,"6,006,967","329,212","6,336,179","136,658","24,566","12,863","2,533"
Locality: 013 ARLINGTON COUNTY,0142,142 - PRECINCT 142,"2,723",293,"3,016",73,51,15,54,"167,699","13,833","181,532","3,239","3,063","1,556",133,"6,006,967","329,212","6,336,179","136,658","24,566","12,863","2,533"
Locality: 013 ARLINGTON COUNTY,0143,143 - PRECINCT 143,"2,831",162,"2,993",59,17,10,54,"167,699","13,833","181,532","3,239","3,063","1,556",133,"6,006,967","329,212","6,336,179","136,658","24,566","12,863","2,533"
Locality: 013 ARLINGTON COUNTY,0144,144 - PRECINCT 144,"2,451",369,"2,820",33,62,40,54,"167,699","13,833","181,532","3,239","3,063","1,556",133,"6,006,967","329,212","6,336,179","136,658","24,566","12,863","2,533"
Locality: 013 ARLINGTON COUNTY,0145,145 - PRECINCT 145,"2,857",275,"3,132",39,63,31,54,"167,699","13,833","181,532","3,239","3,063","1,556",133,"6,006,967","329,212","6,336,179","136,658","24,566","12,863","2,533"
Locality: 013 ARLINGTON COUNTY,0146,146 - PRECINCT 146,"4,300",504,"4,804",52,79,38,54,"167,699","13,833","181,532","3,239","3,063","1,556",133,"6,006,967","329,212","6,336,179","136,658","24,566","12,863","2,533"
Locality: 013 ARLINGTON COUNTY,0147,147 - PRECINCT 147,"2,506",155,"2,661",55,40,21,54,"167,699","13,833","181,532","3,239","3,063","1,556",133,"6,006,967","329,212","6,336,179","136,658","24,566","12,863","2,533"
Locality: 013 ARLINGTON COUNTY,0148,148 - PRECINCT 148,"2,747",261,"3,008",41,56,19,54,"167,699","13,833","181,532","3,239","3,063","1,556",133,"6,006,967","329,212","6,336,179","136,658","24,566","12,863","2,533"
Locality: 013 ARLINGTON COUNTY,0149,149 - PRECINCT 149,"2,632",284,"2,916",19,58,14,54,"167,699","13,833","181,532","3,239","3,063","1,556",133,"6,006,967","329,212","6,336,179","136,658","24,566","12,863","2,533"
Locality: 013 ARLINGTON COUNTY,0150,150 - PRECINCT 150,"3,811",506,"4,317",117,57,32,54,"167,699","13,833","181,532","3,239","3,063","1,556",133,"6,006,967","329,212","6,336,179","136,658","24,566","12,863","2,533"
Locality: 013 ARLINGTON COUNTY,0151,151 - PRECINCT 151,819,45,864,7,11,3,54,"167,699","13,833","181,532","3,239","3,063","1,556",133,"6,006,967","329,212","6,336,179","136,658","24,566","12,863","2,533"
Locality: 013 ARLINGTON COUNTY,0152,152 - PRECINCT 152,"2,687",273,"2,960",102,22,16,54,"167,699","13,833","181,532","3,239","3,063","1,556",133,"6,006,967","329,212","6,336,179","136,658","24,566","12,863","2,533"
Locality: 013 ARLINGTON COUNTY,0153,153 - PRECINCT 153,"3,494",511,"4,005",128,57,31,54,"167,699","13,833","181,532","3,239","3,063","1,556",133,"6,006,967","329,212","6,336,179","136,658","24,566","12,863","2,533"
Locality: 013 ARLINGTON COUNTY,0154,154 - PRECINCT 154,"1,625",225,"1,850",23,29,19,54,"167,699","13,833","181,532","3,239","3,063","1,556",133,"6,006,967","329,212","6,336,179","136,658","24,566","12,863","2,533"
Locality: 015 AUGUSTA COUNTY,0101,101 - JOLIVUE,"1,562",58,"1,620",6,1,,28,"56,205","1,608","57,813",320,64,48,133,"6,006,967","329,212","6,336,179","136,658","24,566","12,863","2,533"
Locality: 015 AUGUSTA COUNTY,0102,102 - STUARTS DRAFT ELEMENTARY,"1,028",70,"1,098",7,3,,28,"56,205","1,608","57,813",320,64,48,133,"6,006,967","329,212","6,336,179","136,658","24,566","12,863","2,533"
Locality: 015 AUGUSTA COUNTY,0103,103 - VERONA,"2,191",57,"2,248",7,1,1,28,"56,205","1,608","57,813",320,64,48,133,"6,006,967","329,212","6,336,179","136,658","24,566","12,863","2,533"
Locality: 015 AUGUSTA COUNTY,0104,104 - WILSON,"2,535",154,"2,689",16,6,2,28,"56,205","1,608","57,813",320,64,48,133,"6,006,967","329,212","6,336,179","136,658","24,566","12,863","2,533"
Locality: 015 AUGUSTA COUNTY,0201,201 - CRIMORA,"3,637",101,"3,738",16,3,,28,"56,205","1,608","57,813",320,64,48,133,"6,006,967","329,212","6,336,179","136,658","24,566","12,863","2,533"
Locality: 015 AUGUSTA COUNTY,0202,202 - NEW HOPE,"1,519",29,"1,548",8,2,1,28,"56,205","1,608","57,813",320,64,48,133,"6,006,967","329,212","6,336,179","136,658","24,566","12,863","2,533"
Locality: 015 AUGUSTA COUNTY,0203,203 - WEYERS CAVE,"2,739",85,"2,824",14,1,1,28,"56,205","1,608","57,813",320,64,48,133,"6,006,967","329,212","6,336,179","136,658","24,566","12,863","2,533"
Locality: 015 AUGUSTA COUNTY,0301,301 - FORT DEFIANCE,"2,021",41,"2,062",11,,4,28,"56,205","1,608","57,813",320,64,48,133,"6,006,967","329,212","6,336,179","136,658","24,566","12,863","2,533"
Locality: 015 AUGUSTA COUNTY,0302,302 - NORTH RIVER,"1,630",24,"1,654",12,1,2,28,"56,205","1,608","57,813",320,64,48,133,"6,006,967","329,212","6,336,179","136,658","24,566","12,863","2,533"
Locality: 015 AUGUSTA COUNTY,0303,303 - MOUNT SOLON,"1,491",30,"1,521",5,2,,28,"56,205","1,608","57,813",320,64,48,133,"6,006,967","329,212","6,336,179","136,658","24,566","12,863","2,533"
Locality: 015 AUGUSTA COUNTY,0304,304 - ROLLA,"2,799",83,"2,882",12,2,1,28,"56,205","1,608","57,813",320,64,48,133,"6,006,967","329,212","6,336,179","136,658","24,566","12,863","2,533"
Locality: 015 AUGUSTA COUNTY,0401,401 - BUFFALO GAP,"1,715",37,"1,752",8,1,2,28,"56,205","1,608","57,813",320,64,48,133,"6,006,967","329,212","6,336,179","136,658","24,566","12,863","2,533"
Locality: 015 AUGUSTA COUNTY,0402,402 - CHURCHVILLE ELEMENTARY,"2,154",47,"2,201",14,1,3,28,"56,205","1,608","57,813",320,64,48,133,"6,006,967","329,212","6,336,179","136,658","24,566","12,863","2,533"
Locality: 015 AUGUSTA COUNTY,0403,403 - CRAIGSVILLE,"1,275",58,"1,333",4,1,,28,"56,205","1,608","57,813",320,64,48,133,"6,006,967","329,212","6,336,179","136,658","24,566","12,863","2,533"
Locality: 015 AUGUSTA COUNTY,0404,404 - DEERFIELD,501,9,510,4,2,3,28,"56,205","1,608","57,813",320,64,48,133,"6,006,967","329,212","6,336,179","136,658","24,566","12,863","2,533"
Locality: 015 AUGUSTA COUNTY,0405,405 - CEDAR GREEN,"2,120",49,"2,169",14,5,4,28,"56,205","1,608","57,813",320,64,48,133,"6,006,967","329,212","6,336,179","136,658","24,566","12,863","2,533"
Locality: 015 AUGUSTA COUNTY,0501,501 - GREENVILLE,"2,415",56,"2,471",15,2,2,28,"56,205","1,608","57,813",320,64,48,133,"6,006,967","329,212","6,336,179","136,658","24,566","12,863","2,533"
Locality: 015 AUGUSTA COUNTY,0502,502 - MIDDLEBROOK,940,22,962,8,4,,28,"56,205","1,608","57,813",320,64,48,133,"6,006,967","329,212","6,336,179","136,658","24,566","12,863","2,533"
Locality: 015 AUGUSTA COUNTY,0503,503 - SPOTTSWOOD,"1,313",31,"1,344",12,1,1,28,"56,205","1,608","57,813",320,64,48,133,"6,006,967","329,212","6,336,179","136,658","24,566","12,863","2,533"
Locality: 015 AUGUSTA COUNTY,0504,504 - WHITE HILL,"3,491",116,"3,607",17,4,3,28,"56,205","1,608","57,813",320,64,48,133,"6,006,967","329,212","6,336,179","136,658","24,566","12,863","2,533"
Locality: 015 AUGUSTA COUNTY,0601,601 - SHERANDO,"1,931",47,"1,978",5,3,1,28,"56,205","1,608","57,813",320,64,48,133,"6,006,967","329,212","6,336,179","136,658","24,566","12,863","2,533"
Locality: 015 AUGUSTA COUNTY,0602,602 - RIDGEVIEW,"2,828",63,"2,891",19,3,2,28,"56,205","1,608","57,813",320,64,48,133,"6,006,967","329,212","6,336,179","136,658","24,566","12,863","2,533"
Locality: 015 AUGUSTA COUNTY,0603,603 - LYNDHURST,"1,483",45,"1,528",16,5,6,28,"56,205","1,608","57,813",320,64,48,133,"6,006,967","329,212","6,336,179","136,658","24,566","12,863","2,533"
Locality: 015 AUGUSTA COUNTY,0604,604 - MOUNT VERNON,"2,220",64,"2,284",16,1,3,28,"56,205","1,608","57,813",320,64,48,133,"6,006,967","329,212","6,336,179","136,658","24,566","12,863","2,533"
Locality: 015 AUGUSTA COUNTY,0801,801 - DOOMS,"2,069",41,"2,110",10,2,3,28,"56,205","1,608","57,813",320,64,48,133,"6,006,967","329,212","6,336,179","136,658","24,566","12,863","2,533"
Locality: 015 AUGUSTA COUNTY,0802,802 - FISHERSVILLE,"3,803",136,"3,939",23,5,3,28,"56,205","1,608","57,813",320,64,48,133,"6,006,967","329,212","6,336,179","136,658","24,566","12,863","2,533"
Locality: 015 AUGUSTA COUNTY,0803,803 - LADD,"1,166",22,"1,188",9,2,,28,"56,205","1,608","57,813",320,64,48,133,"6,006,967","329,212","6,336,179","136,658","24,566","12,863","2,533"
Locality: 015 AUGUSTA COUNTY,0804,804 - GOOSE CREEK,"1,629",33,"1,662",12,,,28,"56,205","1,608","57,813",320,64,48,133,"6,006,967","329,212","6,336,179","136,658","24,566","12,863","2,533"
Locality: 017 BATH COUNTY,0101,101 - WARM SPRINGS,545,38,583,2,2,2,7,"3,298",102,"3,400",17,10,6,133,"6,006,967","329,212","6,336,179","136,658","24,566","12,863","2,533"
Locality: 017 BATH COUNTY,0102,102 - MOUNTAIN GROVE,100,,100,2,1,,7,"3,298",102,"3,400",17,10,6,133,"6,006,967","329,212","6,336,179","136,658","24,566","12,863","2,533"
Locality: 017 BATH COUNTY,0201,201 - HOT SPRINGS,622,16,638,6,1,1,7,"3,298",102,"3,400",17,10,6,133,"6,006,967","329,212","6,336,179","136,658","24,566","12,863","2,533"
Locality: 017 BATH COUNTY,0301,301 - FAIRVIEW,538,6,544,1,1,,7,"3,298",102,"3,400",17,10,6,133,"6,006,967","329,212","6,336,179","136,658","24,566","12,863","2,533"
Locality: 017 BATH COUNTY,0302,302 - BURNSVILLE,124,5,129,,,,7,"3,298",102,"3,400",17,10,6,133,"6,006,967","329,212","6,336,179","136,658","24,566","12,863","2,533"
Locality: 017 BATH COUNTY,0401,401 - MILLBORO,700,12,712,5,1,2,7,"3,298",102,"3,400",17,10,6,133,"6,006,967","329,212","6,336,179","136,658","24,566","12,863","2,533"
Locality: 017 BATH COUNTY,0501,501 - HEALING SPRINGS,669,25,694,1,4,1,7,"3,298",102,"3,400",17,10,6,133,"6,006,967","329,212","6,336,179","136,658","24,566","12,863","2,533"
Locality: 019 BEDFORD COUNTY,0101,101 - GOODVIEW ELEM SCHOOL,"2,841",74,"2,915",21,1,2,32,"63,774","1,836","65,610",505,105,64,133,"6,006,967","329,212","6,336,179","136,658","24,566","12,863","2,533"
Locality: 019 BEDFORD COUNTY,0102,102 - HARDY VOL FIRE CO,"1,172",21,"1,193",7,1,1,32,"63,774","1,836","65,610",505,105,64,133,"6,006,967","329,212","6,336,179","136,658","24,566","12,863","2,533"
Locality: 019 BEDFORD COUNTY,0103,103 - CHAMBLISSBURG BAPTIST CHURCH,"1,983",45,"2,028",21,3,1,32,"63,774","1,836","65,610",505,105,64,133,"6,006,967","329,212","6,336,179","136,658","24,566","12,863","2,533"
Locality: 019 BEDFORD COUNTY,0104,104 - BARNHARDT BAPTIST CHURCH,"1,621",33,"1,654",10,2,,32,"63,774","1,836","65,610",505,105,64,133,"6,006,967","329,212","6,336,179","136,658","24,566","12,863","2,533"
Locality: 019 BEDFORD COUNTY,0105,105 - DIAMOND HILL BAPTIST CHURCH,"1,373",35,"1,408",12,2,,32,"63,774","1,836","65,610",505,105,64,133,"6,006,967","329,212","6,336,179","136,658","24,566","12,863","2,533"
Locality: 019 BEDFORD COUNTY,0201,201 - BEDFORD CHRISTIAN CHURCH,"1,007",37,"1,044",11,,1,32,"63,774","1,836","65,610",505,105,64,133,"6,006,967","329,212","6,336,179","136,658","24,566","12,863","2,533"
Locality: 019 BEDFORD COUNTY,0202,202 - STAUNTON RIVER HIGH SCHOOL,"1,798",32,"1,830",13,,,32,"63,774","1,836","65,610",505,105,64,133,"6,006,967","329,212","6,336,179","136,658","24,566","12,863","2,533"
Locality: 019 BEDFORD COUNTY,0203,203 - EASTLAKE COMMUNITY CHURCH,"2,775",80,"2,855",19,3,6,32,"63,774","1,836","65,610",505,105,64,133,"6,006,967","329,212","6,336,179","136,658","24,566","12,863","2,533"
Locality: 019 BEDFORD COUNTY,0204,204 - HUDDLESTON ELEMENTARY SCHOOL,"1,682",39,"1,721",9,2,1,32,"63,774","1,836","65,610",505,105,64,133,"6,006,967","329,212","6,336,179","136,658","24,566","12,863","2,533"
Locality: 019 BEDFORD COUNTY,0205,205 - SAUNDERS VOL FIRE CO,"2,226",77,"2,303",15,13,4,32,"63,774","1,836","65,610",505,105,64,133,"6,006,967","329,212","6,336,179","136,658","24,566","12,863","2,533"
Locality: 019 BEDFORD COUNTY,0301,301 - NEW LONDON ACADEMY,"2,771",73,"2,844",12,8,1,32,"63,774","1,836","65,610",505,105,64,133,"6,006,967","329,212","6,336,179","136,658","24,566","12,863","2,533"
Locality: 019 BEDFORD COUNTY,0302,302 - BEDFORD COUNTY GYM,"2,333",67,"2,400",13,4,5,32,"63,774","1,836","65,610",505,105,64,133,"6,006,967","329,212","6,336,179","136,658","24,566","12,863","2,533"
Locality: 019 BEDFORD COUNTY,0303,303 - FOREST ALLIANCE CHURCH,"1,226",27,"1,253",16,4,2,32,"63,774","1,836","65,610",505,105,64,133,"6,006,967","329,212","6,336,179","136,658","24,566","12,863","2,533"
Locality: 019 BEDFORD COUNTY,0304,304 - ONE IN CHRIST CHURCH,"1,058",43,"1,101",7,2,1,32,"63,774","1,836","65,610",505,105,64,133,"6,006,967","329,212","6,336,179","136,658","24,566","12,863","2,533"
Locality: 019 BEDFORD COUNTY,0305,305 - FOREST FIRE STATION #2,"1,653",38,"1,691",13,1,,32,"63,774","1,836","65,610",505,105,64,133,"6,006,967","329,212","6,336,179","136,658","24,566","12,863","2,533"
Locality: 019 BEDFORD COUNTY,0401,401 - FOREST ELEMENTARY SCHOOL,"3,152",118,"3,270",27,10,2,32,"63,774","1,836","65,610",505,105,64,133,"6,006,967","329,212","6,336,179","136,658","24,566","12,863","2,533"
Locality: 019 BEDFORD COUNTY,0402,402 - THOMAS JEFFERSON ELEM SCHOOL,"2,471",63,"2,534",21,3,3,32,"63,774","1,836","65,610",505,105,64,133,"6,006,967","329,212","6,336,179","136,658","24,566","12,863","2,533"
Locality: 019 BEDFORD COUNTY,0403,403 - PLEASANT VIEW BAPTIST CHURCH,"2,553",137,"2,690",27,6,5,32,"63,774","1,836","65,610",505,105,64,133,"6,006,967","329,212","6,336,179","136,658","24,566","12,863","2,533"
Locality: 019 BEDFORD COUNTY,0404,404 - FOREST RECREATION CENTER,"1,096",70,"1,166",10,3,4,32,"63,774","1,836","65,610",505,105,64,133,"6,006,967","329,212","6,336,179","136,658","24,566","12,863","2,533"
Locality: 019 BEDFORD COUNTY,0501,501 - BIG ISLAND ELEMENTARY SCHOOL,"1,567",39,"1,606",7,1,1,32,"63,774","1,836","65,610",505,105,64,133,"6,006,967","329,212","6,336,179","136,658","24,566","12,863","2,533"
Locality: 019 BEDFORD COUNTY,0502,502 - SUCK SPRING BAPTIST CHURCH,"1,262",23,"1,285",10,4,,32,"63,774","1,836","65,610",505,105,64,133,"6,006,967","329,212","6,336,179","136,658","24,566","12,863","2,533"
Locality: 019 BEDFORD COUNTY,0503,503 - BOONSBORO ELEMENTARY SCHOOL,"2,444",53,"2,497",18,7,7,32,"63,774","1,836","65,610",505,105,64,133,"6,006,967","329,212","6,336,179","136,658","24,566","12,863","2,533"
Locality: 019 BEDFORD COUNTY,0504,504 - BOONSBORO RURITAN CLUB,"4,001",107,"4,108",30,8,7,32,"63,774","1,836","65,610",505,105,64,133,"6,006,967","329,212","6,336,179","136,658","24,566","12,863","2,533"
Locality: 019 BEDFORD COUNTY,0601,601 - MONTVALE ELEM SCHOOL,"2,003",57,"2,060",21,2,,32,"63,774","1,836","65,610",505,105,64,133,"6,006,967","329,212","6,336,179","136,658","24,566","12,863","2,533"
Locality: 019 BEDFORD COUNTY,0602,602 - SHADY GROVE FIRE DEPARTMENT,"2,427",58,"2,485",19,1,3,32,"63,774","1,836","65,610",505,105,64,133,"6,006,967","329,212","6,336,179","136,658","24,566","12,863","2,533"
Locality: 019 BEDFORD COUNTY,0603,603 - BEDFORD MOOSE LODGE ,"1,313",39,"1,352",8,,,32,"63,774","1,836","65,610",505,105,64,133,"6,006,967","329,212","6,336,179","136,658","24,566","12,863","2,533"
Locality: 019 BEDFORD COUNTY,0604,604 - BEDFORD ELEMENTARY SCHOOL,"2,789",104,"2,893",24,3,1,32,"63,774","1,836","65,610",505,105,64,133,"6,006,967","329,212","6,336,179","136,658","24,566","12,863","2,533"
Locality: 019 BEDFORD COUNTY,0701,701 - GOODE VOL RESCUE SQUAD,"2,804",69,"2,873",27,3,1,32,"63,774","1,836","65,610",505,105,64,133,"6,006,967","329,212","6,336,179","136,658","24,566","12,863","2,533"
Locality: 019 BEDFORD COUNTY,0702,702 - LIBERTY HIGH SCHOOL,"1,689",43,"1,732",9,1,3,32,"63,774","1,836","65,610",505,105,64,133,"6,006,967","329,212","6,336,179","136,658","24,566","12,863","2,533"
Locality: 019 BEDFORD COUNTY,0703,703 - THAXTON BAPTIST CHURCH ,"1,356",24,"1,380",8,1,1,32,"63,774","1,836","65,610",505,105,64,133,"6,006,967","329,212","6,336,179","136,658","24,566","12,863","2,533"
Locality: 019 BEDFORD COUNTY,0704,704 - CHURCH OF GOD,"2,584",82,"2,666",29,5,,32,"63,774","1,836","65,610",505,105,64,133,"6,006,967","329,212","6,336,179","136,658","24,566","12,863","2,533"
Locality: 019 BEDFORD COUNTY,0705,705 - MOUNTAIN VIEW CHURCH,744,29,773,11,1,1,32,"63,774","1,836","65,610",505,105,64,133,"6,006,967","329,212","6,336,179","136,658","24,566","12,863","2,533"
Locality: 021 BLAND COUNTY,0101,101 - BASTIAN,511,30,541,1,,,7,"4,364",192,"4,556",27,4,1,133,"6,006,967","329,212","6,336,179","136,658","24,566","12,863","2,533"
Locality: 021 BLAND COUNTY,0102,102 - CERES,598,16,614,8,4,,7,"4,364",192,"4,556",27,4,1,133,"6,006,967","329,212","6,336,179","136,658","24,566","12,863","2,533"
Locality: 021 BLAND COUNTY,0201,201 - DAVIS,219,9,228,1,,,7,"4,364",192,"4,556",27,4,1,133,"6,006,967","329,212","6,336,179","136,658","24,566","12,863","2,533"
Locality: 021 BLAND COUNTY,0202,202 - SEDDON,899,37,936,2,,,7,"4,364",192,"4,556",27,4,1,133,"6,006,967","329,212","6,336,179","136,658","24,566","12,863","2,533"
Locality: 021 BLAND COUNTY,0301,301 - HOLLYBROOK,605,23,628,4,,,7,"4,364",192,"4,556",27,4,1,133,"6,006,967","329,212","6,336,179","136,658","24,566","12,863","2,533"
Locality: 021 BLAND COUNTY,0302,302 - MECHANICSBURG,373,14,387,2,,,7,"4,364",192,"4,556",27,4,1,133,"6,006,967","329,212","6,336,179","136,658","24,566","12,863","2,533"
Locality: 021 BLAND COUNTY,0401,401 - ROCKY GAP,"1,159",63,"1,222",9,,1,7,"4,364",192,"4,556",27,4,1,133,"6,006,967","329,212","6,336,179","136,658","24,566","12,863","2,533"
Locality: 023 BOTETOURT COUNTY,0101,101 - DALEVILLE,"3,653",130,"3,783",37,6,3,10,"26,735",686,"27,421",206,29,21,133,"6,006,967","329,212","6,336,179","136,658","24,566","12,863","2,533"
Locality: 023 BOTETOURT COUNTY,0102,102 - GREENFIELD,"2,445",54,"2,499",9,,8,10,"26,735",686,"27,421",206,29,21,133,"6,006,967","329,212","6,336,179","136,658","24,566","12,863","2,533"
Locality: 023 BOTETOURT COUNTY,0201,201 - BLUE RIDGE,"2,624",68,"2,692",23,4,1,10,"26,735",686,"27,421",206,29,21,133,"6,006,967","329,212","6,336,179","136,658","24,566","12,863","2,533"
Locality: 023 BOTETOURT COUNTY,0202,202 - RAINBOW FOREST,"2,628",60,"2,688",16,5,1,10,"26,735",686,"27,421",206,29,21,133,"6,006,967","329,212","6,336,179","136,658","24,566","12,863","2,533"
Locality: 023 BOTETOURT COUNTY,0301,301 - BUCHANAN,"2,442",63,"2,505",17,1,,10,"26,735",686,"27,421",206,29,21,133,"6,006,967","329,212","6,336,179","136,658","24,566","12,863","2,533"
Locality: 023 BOTETOURT COUNTY,0302,302 - MILL CREEK,"2,607",54,"2,661",25,4,3,10,"26,735",686,"27,421",206,29,21,133,"6,006,967","329,212","6,336,179","136,658","24,566","12,863","2,533"
Locality: 023 BOTETOURT COUNTY,0403,403 - EAGLE ROCK,"1,696",24,"1,720",12,2,,10,"26,735",686,"27,421",206,29,21,133,"6,006,967","329,212","6,336,179","136,658","24,566","12,863","2,533"
Locality: 023 BOTETOURT COUNTY,0406,406 - FINCASTLE,"3,565",109,"3,674",30,4,3,10,"26,735",686,"27,421",206,29,21,133,"6,006,967","329,212","6,336,179","136,658","24,566","12,863","2,533"
Locality: 023 BOTETOURT COUNTY,0501,501 - TROUTVILLE,"1,669",46,"1,715",12,1,,10,"26,735",686,"27,421",206,29,21,133,"6,006,967","329,212","6,336,179","136,658","24,566","12,863","2,533"
Locality: 023 BOTETOURT COUNTY,0502,502 - CLOVERDALE,"3,406",78,"3,484",25,2,2,10,"26,735",686,"27,421",206,29,21,133,"6,006,967","329,212","6,336,179","136,658","24,566","12,863","2,533"
Locality: 025 BRUNSWICK COUNTY,0101,101 - BRODNAX,554,16,570,8,,,13,"10,981",323,"11,304",116,3,1,133,"6,006,967","329,212","6,336,179","136,658","24,566","12,863","2,533"
Locality: 025 BRUNSWICK COUNTY,0102,102 - ROCK STORE,857,22,879,7,,1,13,"10,981",323,"11,304",116,3,1,133,"6,006,967","329,212","6,336,179","136,658","24,566","12,863","2,533"
Locality: 025 BRUNSWICK COUNTY,0103,103 - TILLMAN,"1,066",37,"1,103",7,,,13,"10,981",323,"11,304",116,3,1,133,"6,006,967","329,212","6,336,179","136,658","24,566","12,863","2,533"
Locality: 025 BRUNSWICK COUNTY,0201,201 - DROMGOOLE,326,8,334,3,,,13,"10,981",323,"11,304",116,3,1,133,"6,006,967","329,212","6,336,179","136,658","24,566","12,863","2,533"
Locality: 025 BRUNSWICK COUNTY,0202,202 - EDGERTON,"1,100",41,"1,141",14,,,13,"10,981",323,"11,304",116,3,1,133,"6,006,967","329,212","6,336,179","136,658","24,566","12,863","2,533"
Locality: 025 BRUNSWICK COUNTY,0203,203 - FITZHUGH,854,21,875,6,,,13,"10,981",323,"11,304",116,3,1,133,"6,006,967","329,212","6,336,179","136,658","24,566","12,863","2,533"
Locality: 025 BRUNSWICK COUNTY,0301,301 - ALBERTA,204,6,210,2,,,13,"10,981",323,"11,304",116,3,1,133,"6,006,967","329,212","6,336,179","136,658","24,566","12,863","2,533"
Locality: 025 BRUNSWICK COUNTY,0302,302 - DANIELTOWN,982,30,"1,012",11,1,,13,"10,981",323,"11,304",116,3,1,133,"6,006,967","329,212","6,336,179","136,658","24,566","12,863","2,533"
Locality: 025 BRUNSWICK COUNTY,0303,303 - ELMORE,494,10,504,7,,,13,"10,981",323,"11,304",116,3,1,133,"6,006,967","329,212","6,336,179","136,658","24,566","12,863","2,533"
Locality: 025 BRUNSWICK COUNTY,0304,304 - SEYMOUR,459,14,473,3,,,13,"10,981",323,"11,304",116,3,1,133,"6,006,967","329,212","6,336,179","136,658","24,566","12,863","2,533"
Locality: 025 BRUNSWICK COUNTY,0401,401 - STURGEON,"1,582",38,"1,620",27,1,,13,"10,981",323,"11,304",116,3,1,133,"6,006,967","329,212","6,336,179","136,658","24,566","12,863","2,533"
Locality: 025 BRUNSWICK COUNTY,0402,402 - KING'S STORE,511,9,520,3,,,13,"10,981",323,"11,304",116,3,1,133,"6,006,967","329,212","6,336,179","136,658","24,566","12,863","2,533"
Locality: 025 BRUNSWICK COUNTY,0501,501 - TOTARO,"1,992",71,"2,063",18,1,,13,"10,981",323,"11,304",116,3,1,133,"6,006,967","329,212","6,336,179","136,658","24,566","12,863","2,533"
Locality: 027 BUCHANAN COUNTY,0102,102 - BLACKEY,586,17,603,1,,,18,"13,945",467,"14,412",66,5,,133,"6,006,967","329,212","6,336,179","136,658","24,566","12,863","2,533"
Locality: 027 BUCHANAN COUNTY,0103,103 - HURLEY,"1,495",47,"1,542",,,,18,"13,945",467,"14,412",66,5,,133,"6,006,967","329,212","6,336,179","136,658","24,566","12,863","2,533"
Locality: 027 BUCHANAN COUNTY,0201,201 - GRASSY,190,9,199,1,,,18,"13,945",467,"14,412",66,5,,133,"6,006,967","329,212","6,336,179","136,658","24,566","12,863","2,533"
Locality: 027 BUCHANAN COUNTY,0202,202 - BULL,868,24,892,1,,,18,"13,945",467,"14,412",66,5,,133,"6,006,967","329,212","6,336,179","136,658","24,566","12,863","2,533"
Locality: 027 BUCHANAN COUNTY,0203,203 - ROCKLICK,"1,040",39,"1,079",5,,,18,"13,945",467,"14,412",66,5,,133,"6,006,967","329,212","6,336,179","136,658","24,566","12,863","2,533"
Locality: 027 BUCHANAN COUNTY,0301,301 - SLATE,"1,188",40,"1,228",5,,,18,"13,945",467,"14,412",66,5,,133,"6,006,967","329,212","6,336,179","136,658","24,566","12,863","2,533"
Locality: 027 BUCHANAN COUNTY,0302,302 - NORTH GRUNDY,"1,012",44,"1,056",3,,,18,"13,945",467,"14,412",66,5,,133,"6,006,967","329,212","6,336,179","136,658","24,566","12,863","2,533"
Locality: 027 BUCHANAN COUNTY,0403,403 - SOUTH GRUNDY,988,26,"1,014",9,4,,18,"13,945",467,"14,412",66,5,,133,"6,006,967","329,212","6,336,179","136,658","24,566","12,863","2,533"
Locality: 027 BUCHANAN COUNTY,0404,404 - OAKWOOD,126,10,136,2,,,18,"13,945",467,"14,412",66,5,,133,"6,006,967","329,212","6,336,179","136,658","24,566","12,863","2,533"
Locality: 027 BUCHANAN COUNTY,0405,405 - Grundy,548,54,602,6,1,,18,"13,945",467,"14,412",66,5,,133,"6,006,967","329,212","6,336,179","136,658","24,566","12,863","2,533"
Locality: 027 BUCHANAN COUNTY,0501,501 - PRATER,880,18,898,8,,,18,"13,945",467,"14,412",66,5,,133,"6,006,967","329,212","6,336,179","136,658","24,566","12,863","2,533"
Locality: 027 BUCHANAN COUNTY,0502,502 - FOX,281,12,293,2,,,18,"13,945",467,"14,412",66,5,,133,"6,006,967","329,212","6,336,179","136,658","24,566","12,863","2,533"
Locality: 027 BUCHANAN COUNTY,0503,503 - VANSANT,826,20,846,3,,,18,"13,945",467,"14,412",66,5,,133,"6,006,967","329,212","6,336,179","136,658","24,566","12,863","2,533"
Locality: 027 BUCHANAN COUNTY,0601,601 - COUNCIL,616,8,624,1,,,18,"13,945",467,"14,412",66,5,,133,"6,006,967","329,212","6,336,179","136,658","24,566","12,863","2,533"
Locality: 027 BUCHANAN COUNTY,0602,602 - GARDEN,856,22,878,3,,,18,"13,945",467,"14,412",66,5,,133,"6,006,967","329,212","6,336,179","136,658","24,566","12,863","2,533"
Locality: 027 BUCHANAN COUNTY,0603,603 - HURRICANE,516,15,531,6,,,18,"13,945",467,"14,412",66,5,,133,"6,006,967","329,212","6,336,179","136,658","24,566","12,863","2,533"
Locality: 027 BUCHANAN COUNTY,0701,701 - WHITEWOOD,"1,122",39,"1,161",4,,,18,"13,945",467,"14,412",66,5,,133,"6,006,967","329,212","6,336,179","136,658","24,566","12,863","2,533"
Locality: 027 BUCHANAN COUNTY,0702,702 - CONTRARY,807,23,830,6,,,18,"13,945",467,"14,412",66,5,,133,"6,006,967","329,212","6,336,179","136,658","24,566","12,863","2,533"
Locality: 029 BUCKINGHAM COUNTY,0101,101 - NEW CANTON,"1,677",59,"1,736",10,,,10,"11,024",418,"11,442",110,16,19,133,"6,006,967","329,212","6,336,179","136,658","24,566","12,863","2,533"
Locality: 029 BUCKINGHAM COUNTY,0201,201 - WHITE HALL,"1,535",60,"1,595",14,,7,10,"11,024",418,"11,442",110,16,19,133,"6,006,967","329,212","6,336,179","136,658","24,566","12,863","2,533"
Locality: 029 BUCKINGHAM COUNTY,0301,301 - CURDSVILLE,"1,001",47,"1,048",11,2,,10,"11,024",418,"11,442",110,16,19,133,"6,006,967","329,212","6,336,179","136,658","24,566","12,863","2,533"
Locality: 029 BUCKINGHAM COUNTY,0302,302 - NEW STORE,585,29,614,9,2,,10,"11,024",418,"11,442",110,16,19,133,"6,006,967","329,212","6,336,179","136,658","24,566","12,863","2,533"
Locality: 029 BUCKINGHAM COUNTY,0401,401 - MAYSVILLE,"1,652",61,"1,713",19,4,3,10,"11,024",418,"11,442",110,16,19,133,"6,006,967","329,212","6,336,179","136,658","24,566","12,863","2,533"
Locality: 029 BUCKINGHAM COUNTY,0501,501 - WRIGHTS,545,24,569,9,,,10,"11,024",418,"11,442",110,16,19,133,"6,006,967","329,212","6,336,179","136,658","24,566","12,863","2,533"
Locality: 029 BUCKINGHAM COUNTY,0502,502 - GLENMORE,"1,052",42,"1,094",13,4,8,10,"11,024",418,"11,442",110,16,19,133,"6,006,967","329,212","6,336,179","136,658","24,566","12,863","2,533"
Locality: 029 BUCKINGHAM COUNTY,0601,601 - SLATE RIVER,864,24,888,9,,,10,"11,024",418,"11,442",110,16,19,133,"6,006,967","329,212","6,336,179","136,658","24,566","12,863","2,533"
Locality: 029 BUCKINGHAM COUNTY,0602,602  - GEORGIA CREEK,937,36,973,7,4,1,10,"11,024",418,"11,442",110,16,19,133,"6,006,967","329,212","6,336,179","136,658","24,566","12,863","2,533"
Locality: 029 BUCKINGHAM COUNTY,0701,701 - GOLD HILL,"1,176",36,"1,212",9,,,10,"11,024",418,"11,442",110,16,19,133,"6,006,967","329,212","6,336,179","136,658","24,566","12,863","2,533"
Locality: 031 CAMPBELL COUNTY,0101,101 - BROOKVILLE,"2,936",84,"3,020",50,9,3,16,"41,263","1,478","42,741",468,81,16,133,"6,006,967","329,212","6,336,179","136,658","24,566","12,863","2,533"
Locality: 031 CAMPBELL COUNTY,0102,102 - NEW LONDON,"2,829",130,"2,959",39,2,1,16,"41,263","1,478","42,741",468,81,16,133,"6,006,967","329,212","6,336,179","136,658","24,566","12,863","2,533"
Locality: 031 CAMPBELL COUNTY,0201,201 - WALKER,"3,099",183,"3,282",44,9,4,16,"41,263","1,478","42,741",468,81,16,133,"6,006,967","329,212","6,336,179","136,658","24,566","12,863","2,533"
Locality: 031 CAMPBELL COUNTY,0202,202 - BEDFORD SPRINGS,"2,927",155,"3,082",30,11,2,16,"41,263","1,478","42,741",468,81,16,133,"6,006,967","329,212","6,336,179","136,658","24,566","12,863","2,533"
Locality: 031 CAMPBELL COUNTY,0301,301 - EVINGTON,"1,520",27,"1,547",13,4,,16,"41,263","1,478","42,741",468,81,16,133,"6,006,967","329,212","6,336,179","136,658","24,566","12,863","2,533"
Locality: 031 CAMPBELL COUNTY,0302,302 - OTTER RIVER,"1,986",47,"2,033",17,3,,16,"41,263","1,478","42,741",468,81,16,133,"6,006,967","329,212","6,336,179","136,658","24,566","12,863","2,533"
Locality: 031 CAMPBELL COUNTY,0303,303 - ALTAVISTA,"2,336",84,"2,420",17,1,,16,"41,263","1,478","42,741",468,81,16,133,"6,006,967","329,212","6,336,179","136,658","24,566","12,863","2,533"
Locality: 031 CAMPBELL COUNTY,0401,401 - THREE FORKS,"2,180",32,"2,212",13,3,1,16,"41,263","1,478","42,741",468,81,16,133,"6,006,967","329,212","6,336,179","136,658","24,566","12,863","2,533"
Locality: 031 CAMPBELL COUNTY,0402,402 - COURT HOUSE,"4,330",128,"4,458",45,7,1,16,"41,263","1,478","42,741",468,81,16,133,"6,006,967","329,212","6,336,179","136,658","24,566","12,863","2,533"
Locality: 031 CAMPBELL COUNTY,0501,501 - SPRING HILL,"3,522",174,"3,696",50,12,,16,"41,263","1,478","42,741",468,81,16,133,"6,006,967","329,212","6,336,179","136,658","24,566","12,863","2,533"
Locality: 031 CAMPBELL COUNTY,0502,502 - YELLOW BRANCH,"2,099",85,"2,184",26,2,1,16,"41,263","1,478","42,741",468,81,16,133,"6,006,967","329,212","6,336,179","136,658","24,566","12,863","2,533"
Locality: 031 CAMPBELL COUNTY,0601,601 - KINGS,"2,605",99,"2,704",29,4,,16,"41,263","1,478","42,741",468,81,16,133,"6,006,967","329,212","6,336,179","136,658","24,566","12,863","2,533"
Locality: 031 CAMPBELL COUNTY,0602,602 - CONCORD,"3,130",86,"3,216",35,5,1,16,"41,263","1,478","42,741",468,81,16,133,"6,006,967","329,212","6,336,179","136,658","24,566","12,863","2,533"
Locality: 031 CAMPBELL COUNTY,0701,701 - BROOKNEAL,663,34,697,8,3,,16,"41,263","1,478","42,741",468,81,16,133,"6,006,967","329,212","6,336,179","136,658","24,566","12,863","2,533"
Locality: 031 CAMPBELL COUNTY,0702,702 - GLADYS,"3,668",98,"3,766",39,5,,16,"41,263","1,478","42,741",468,81,16,133,"6,006,967","329,212","6,336,179","136,658","24,566","12,863","2,533"
Locality: 031 CAMPBELL COUNTY,0703,703 - MORRIS CHURCH,"1,433",32,"1,465",13,1,2,16,"41,263","1,478","42,741",468,81,16,133,"6,006,967","329,212","6,336,179","136,658","24,566","12,863","2,533"
Locality: 033 CAROLINE COUNTY,0101,101 - BOWLING GREEN,"2,555",110,"2,665",56,2,1,13,"23,972",984,"24,956",386,39,13,133,"6,006,967","329,212","6,336,179","136,658","24,566","12,863","2,533"
Locality: 033 CAROLINE COUNTY,0102,102 - SPARTA,"1,519",53,"1,572",15,1,1,13,"23,972",984,"24,956",386,39,13,133,"6,006,967","329,212","6,336,179","136,658","24,566","12,863","2,533"
Locality: 033 CAROLINE COUNTY,0201,201 - NORTH MADISON,"1,628",62,"1,690",23,2,1,13,"23,972",984,"24,956",386,39,13,133,"6,006,967","329,212","6,336,179","136,658","24,566","12,863","2,533"
Locality: 033 CAROLINE COUNTY,0202,202 - SOUTH MADISON,"3,139",128,"3,267",52,3,1,13,"23,972",984,"24,956",386,39,13,133,"6,006,967","329,212","6,336,179","136,658","24,566","12,863","2,533"
Locality: 033 CAROLINE COUNTY,0301,301 - PORT ROYAL,"1,023",70,"1,093",20,3,2,13,"23,972",984,"24,956",386,39,13,133,"6,006,967","329,212","6,336,179","136,658","24,566","12,863","2,533"
Locality: 033 CAROLINE COUNTY,0302,302 - WOODFORD,"2,063",65,"2,128",35,6,1,13,"23,972",984,"24,956",386,39,13,133,"6,006,967","329,212","6,336,179","136,658","24,566","12,863","2,533"
Locality: 033 CAROLINE COUNTY,0303,303 - WRIGHTS CHAPEL,462,26,488,4,,1,13,"23,972",984,"24,956",386,39,13,133,"6,006,967","329,212","6,336,179","136,658","24,566","12,863","2,533"
Locality: 033 CAROLINE COUNTY,0401,401 - DAWN,"2,997",88,"3,085",29,4,,13,"23,972",984,"24,956",386,39,13,133,"6,006,967","329,212","6,336,179","136,658","24,566","12,863","2,533"
Locality: 033 CAROLINE COUNTY,0402,402 - CARMEL CHURCH,952,28,980,13,,,13,"23,972",984,"24,956",386,39,13,133,"6,006,967","329,212","6,336,179","136,658","24,566","12,863","2,533"
Locality: 033 CAROLINE COUNTY,0501,501 - WEST MATTAPONI,"1,965",64,"2,029",26,4,1,13,"23,972",984,"24,956",386,39,13,133,"6,006,967","329,212","6,336,179","136,658","24,566","12,863","2,533"
Locality: 033 CAROLINE COUNTY,0502,502 - MILFORD,"1,825",80,"1,905",35,1,,13,"23,972",984,"24,956",386,39,13,133,"6,006,967","329,212","6,336,179","136,658","24,566","12,863","2,533"
Locality: 033 CAROLINE COUNTY,0601,601 - CHILESBURG,"2,159",110,"2,269",43,6,1,13,"23,972",984,"24,956",386,39,13,133,"6,006,967","329,212","6,336,179","136,658","24,566","12,863","2,533"
Locality: 033 CAROLINE COUNTY,0602,602 - LAKE,"1,685",100,"1,785",35,7,3,13,"23,972",984,"24,956",386,39,13,133,"6,006,967","329,212","6,336,179","136,658","24,566","12,863","2,533"
Locality: 035 CARROLL COUNTY,0101,101 - MT BETHEL,976,31,"1,007",3,,2,16,"21,668",623,"22,291",119,4,8,133,"6,006,967","329,212","6,336,179","136,658","24,566","12,863","2,533"
Locality: 035 CARROLL COUNTY,0102,102 - ST PAUL,"1,322",31,"1,353",4,1,,16,"21,668",623,"22,291",119,4,8,133,"6,006,967","329,212","6,336,179","136,658","24,566","12,863","2,533"
Locality: 035 CARROLL COUNTY,0103,103 - LAMBSBURG,833,27,860,6,,,16,"21,668",623,"22,291",119,4,8,133,"6,006,967","329,212","6,336,179","136,658","24,566","12,863","2,533"
Locality: 035 CARROLL COUNTY,0105,105 - FANCY GAP,"1,242",43,"1,285",10,,1,16,"21,668",623,"22,291",119,4,8,133,"6,006,967","329,212","6,336,179","136,658","24,566","12,863","2,533"
Locality: 035 CARROLL COUNTY,0201,201 - HILLSVILLE B,"2,422",69,"2,491",11,,2,16,"21,668",623,"22,291",119,4,8,133,"6,006,967","329,212","6,336,179","136,658","24,566","12,863","2,533"
Locality: 035 CARROLL COUNTY,0202,202 - LAUREL FORK,886,21,907,11,2,,16,"21,668",623,"22,291",119,4,8,133,"6,006,967","329,212","6,336,179","136,658","24,566","12,863","2,533"
Locality: 035 CARROLL COUNTY,0203,203 - GLADESBORO,"1,203",40,"1,243",6,1,1,16,"21,668",623,"22,291",119,4,8,133,"6,006,967","329,212","6,336,179","136,658","24,566","12,863","2,533"
Locality: 035 CARROLL COUNTY,0301,301 - HILLSVILLE C,"2,683",80,"2,763",13,,1,16,"21,668",623,"22,291",119,4,8,133,"6,006,967","329,212","6,336,179","136,658","24,566","12,863","2,533"
Locality: 035 CARROLL COUNTY,0302,302 - SYLVATUS,973,24,997,3,,,16,"21,668",623,"22,291",119,4,8,133,"6,006,967","329,212","6,336,179","136,658","24,566","12,863","2,533"
Locality: 035 CARROLL COUNTY,0303,303 - DUGSPUR,527,17,544,5,,,16,"21,668",623,"22,291",119,4,8,133,"6,006,967","329,212","6,336,179","136,658","24,566","12,863","2,533"
Locality: 035 CARROLL COUNTY,0401,401 - OAKLAND,"1,983",43,"2,026",13,,1,16,"21,668",623,"22,291",119,4,8,133,"6,006,967","329,212","6,336,179","136,658","24,566","12,863","2,533"
Locality: 035 CARROLL COUNTY,0402,402 - WOODLAWN D,"2,282",72,"2,354",17,,,16,"21,668",623,"22,291",119,4,8,133,"6,006,967","329,212","6,336,179","136,658","24,566","12,863","2,533"
Locality: 035 CARROLL COUNTY,0501,501 - VAUGHAN,676,19,695,2,,,16,"21,668",623,"22,291",119,4,8,133,"6,006,967","329,212","6,336,179","136,658","24,566","12,863","2,533"
Locality: 035 CARROLL COUNTY,0502,502 - GLADEVILLE,"1,766",49,"1,815",5,,,16,"21,668",623,"22,291",119,4,8,133,"6,006,967","329,212","6,336,179","136,658","24,566","12,863","2,533"
Locality: 035 CARROLL COUNTY,0503,503 - WOODLAWN E,901,24,925,3,,,16,"21,668",623,"22,291",119,4,8,133,"6,006,967","329,212","6,336,179","136,658","24,566","12,863","2,533"
Locality: 035 CARROLL COUNTY,0504,504 - LAUREL,993,33,"1,026",7,,,16,"21,668",623,"22,291",119,4,8,133,"6,006,967","329,212","6,336,179","136,658","24,566","12,863","2,533"
Locality: 036 CHARLES CITY COUNTY,0101,101 - PRECINCT 1-1,"2,000",47,"2,047",9,3,3,3,"5,773",123,"5,896",27,10,10,133,"6,006,967","329,212","6,336,179","136,658","24,566","12,863","2,533"
Locality: 036 CHARLES CITY COUNTY,0201,201 - PRECINCT 2-1,"1,865",34,"1,899",7,,1,3,"5,773",123,"5,896",27,10,10,133,"6,006,967","329,212","6,336,179","136,658","24,566","12,863","2,533"
Locality: 036 CHARLES CITY COUNTY,0301,301 - PRECINCT 3-1,"1,908",42,"1,950",11,7,6,3,"5,773",123,"5,896",27,10,10,133,"6,006,967","329,212","6,336,179","136,658","24,566","12,863","2,533"
Locality: 037 CHARLOTTE COUNTY,0101,101 - COUNTY SEAT,"1,271",55,"1,326",6,3,,7,"8,221",334,"8,555",62,10,4,133,"6,006,967","329,212","6,336,179","136,658","24,566","12,863","2,533"
Locality: 037 CHARLOTTE COUNTY,0201,201 - RED OAK WYLLIESBURG,"1,242",30,"1,272",11,,1,7,"8,221",334,"8,555",62,10,4,133,"6,006,967","329,212","6,336,179","136,658","24,566","12,863","2,533"
Locality: 037 CHARLOTTE COUNTY,0302,302 - DRAKES BRANCH,"1,020",66,"1,086",6,,1,7,"8,221",334,"8,555",62,10,4,133,"6,006,967","329,212","6,336,179","136,658","24,566","12,863","2,533"
Locality: 037 CHARLOTTE COUNTY,0401,401 - KEYSVILLE,"1,127",43,"1,170",9,1,1,7,"8,221",334,"8,555",62,10,4,133,"6,006,967","329,212","6,336,179","136,658","24,566","12,863","2,533"
Locality: 037 CHARLOTTE COUNTY,0501,501 - CULLEN/RED HOUSE,"1,151",35,"1,186",11,3,,7,"8,221",334,"8,555",62,10,4,133,"6,006,967","329,212","6,336,179","136,658","24,566","12,863","2,533"
Locality: 037 CHARLOTTE COUNTY,0602,602 - PHENIX,"1,224",60,"1,284",8,2,1,7,"8,221",334,"8,555",62,10,4,133,"6,006,967","329,212","6,336,179","136,658","24,566","12,863","2,533"
Locality: 037 CHARLOTTE COUNTY,0702,702 - BACON/SAXE,"1,186",45,"1,231",11,1,,7,"8,221",334,"8,555",62,10,4,133,"6,006,967","329,212","6,336,179","136,658","24,566","12,863","2,533"
Locality: 041 CHESTERFIELD COUNTY,0101,101 - BELLWOOD,"2,582",123,"2,705",31,3,1,78,"272,370","10,114","282,484","4,521",552,369,133,"6,006,967","329,212","6,336,179","136,658","24,566","12,863","2,533"
Locality: 041 CHESTERFIELD COUNTY,0102,102 - SOUTH CHESTER,"3,615",186,"3,801",105,6,9,78,"272,370","10,114","282,484","4,521",552,369,133,"6,006,967","329,212","6,336,179","136,658","24,566","12,863","2,533"
Locality: 041 CHESTERFIELD COUNTY,0103,103 - ENON,"5,591",221,"5,812",242,3,6,78,"272,370","10,114","282,484","4,521",552,369,133,"6,006,967","329,212","6,336,179","136,658","24,566","12,863","2,533"
Locality: 041 CHESTERFIELD COUNTY,0104,104 - NORTH CHESTER,"4,401",189,"4,590",121,7,3,78,"272,370","10,114","282,484","4,521",552,369,133,"6,006,967","329,212","6,336,179","136,658","24,566","12,863","2,533"
Locality: 041 CHESTERFIELD COUNTY,0105,105 - DREWRYS BLUFF,"3,018",263,"3,281",34,1,3,78,"272,370","10,114","282,484","4,521",552,369,133,"6,006,967","329,212","6,336,179","136,658","24,566","12,863","2,533"
Locality: 041 CHESTERFIELD COUNTY,0106,106 - HARROWGATE,"4,998",164,"5,162",149,11,7,78,"272,370","10,114","282,484","4,521",552,369,133,"6,006,967","329,212","6,336,179","136,658","24,566","12,863","2,533"
Locality: 041 CHESTERFIELD COUNTY,0108,108 - ECOFF,"5,738",226,"5,964",140,9,2,78,"272,370","10,114","282,484","4,521",552,369,133,"6,006,967","329,212","6,336,179","136,658","24,566","12,863","2,533"
Locality: 041 CHESTERFIELD COUNTY,0109,109 - ELIZABETH SCOTT,"5,552",225,"5,777",227,25,9,78,"272,370","10,114","282,484","4,521",552,369,133,"6,006,967","329,212","6,336,179","136,658","24,566","12,863","2,533"
Locality: 041 CHESTERFIELD COUNTY,0110,110 - DUTCH GAP,"2,241",66,"2,307",77,9,6,78,"272,370","10,114","282,484","4,521",552,369,133,"6,006,967","329,212","6,336,179","136,658","24,566","12,863","2,533"
Locality: 041 CHESTERFIELD COUNTY,0111,111 - IRON BRIDGE,"3,136",130,"3,266",80,1,3,78,"272,370","10,114","282,484","4,521",552,369,133,"6,006,967","329,212","6,336,179","136,658","24,566","12,863","2,533"
Locality: 041 CHESTERFIELD COUNTY,0112,112 - CARVER,"2,945",92,"3,037",93,7,2,78,"272,370","10,114","282,484","4,521",552,369,133,"6,006,967","329,212","6,336,179","136,658","24,566","12,863","2,533"
Locality: 041 CHESTERFIELD COUNTY,0113,113 - IRON BRIDGE NORTH,"3,418",144,"3,562",64,7,4,78,"272,370","10,114","282,484","4,521",552,369,133,"6,006,967","329,212","6,336,179","136,658","24,566","12,863","2,533"
Locality: 041 CHESTERFIELD COUNTY,0115,115 - CRESTHILL,"3,983",234,"4,217",125,4,2,78,"272,370","10,114","282,484","4,521",552,369,133,"6,006,967","329,212","6,336,179","136,658","24,566","12,863","2,533"
Locality: 041 CHESTERFIELD COUNTY,0201,201 - GATES,999,32,"1,031",9,,4,78,"272,370","10,114","282,484","4,521",552,369,133,"6,006,967","329,212","6,336,179","136,658","24,566","12,863","2,533"
Locality: 041 CHESTERFIELD COUNTY,0202,202 - BEULAH,"4,316",136,"4,452",83,4,1,78,"272,370","10,114","282,484","4,521",552,369,133,"6,006,967","329,212","6,336,179","136,658","24,566","12,863","2,533"
Locality: 041 CHESTERFIELD COUNTY,0203,203 - BIRD,"3,621",114,"3,735",51,3,1,78,"272,370","10,114","282,484","4,521",552,369,133,"6,006,967","329,212","6,336,179","136,658","24,566","12,863","2,533"
Locality: 041 CHESTERFIELD COUNTY,0205,205 - FALLING CREEK,"3,725",296,"4,021",68,3,1,78,"272,370","10,114","282,484","4,521",552,369,133,"6,006,967","329,212","6,336,179","136,658","24,566","12,863","2,533"
Locality: 041 CHESTERFIELD COUNTY,0207,207 - CHIPPENHAM,"4,897",190,"5,087",70,2,3,78,"272,370","10,114","282,484","4,521",552,369,133,"6,006,967","329,212","6,336,179","136,658","24,566","12,863","2,533"
Locality: 041 CHESTERFIELD COUNTY,0208,208 - MEADOWBROOK,"3,829",111,"3,940",60,4,2,78,"272,370","10,114","282,484","4,521",552,369,133,"6,006,967","329,212","6,336,179","136,658","24,566","12,863","2,533"
Locality: 041 CHESTERFIELD COUNTY,0209,209 - SALEM CHURCH,"3,740",110,"3,850",69,13,3,78,"272,370","10,114","282,484","4,521",552,369,133,"6,006,967","329,212","6,336,179","136,658","24,566","12,863","2,533"
Locality: 041 CHESTERFIELD COUNTY,0210,210 - FIVE FORKS,"5,205",145,"5,350",94,4,4,78,"272,370","10,114","282,484","4,521",552,369,133,"6,006,967","329,212","6,336,179","136,658","24,566","12,863","2,533"
Locality: 041 CHESTERFIELD COUNTY,0211,211 - NASH,"5,177",119,"5,296",118,7,2,78,"272,370","10,114","282,484","4,521",552,369,133,"6,006,967","329,212","6,336,179","136,658","24,566","12,863","2,533"
Locality: 041 CHESTERFIELD COUNTY,0213,213 - SOUTHSIDE,"2,222",105,"2,327",36,2,2,78,"272,370","10,114","282,484","4,521",552,369,133,"6,006,967","329,212","6,336,179","136,658","24,566","12,863","2,533"
Locality: 041 CHESTERFIELD COUNTY,0218,218 - NEW MANCHESTER,"1,694",55,"1,749",25,4,,78,"272,370","10,114","282,484","4,521",552,369,133,"6,006,967","329,212","6,336,179","136,658","24,566","12,863","2,533"
Locality: 041 CHESTERFIELD COUNTY,0219,219 - GATES EAST,"1,835",79,"1,914",20,,3,78,"272,370","10,114","282,484","4,521",552,369,133,"6,006,967","329,212","6,336,179","136,658","24,566","12,863","2,533"
Locality: 041 CHESTERFIELD COUNTY,0220,220 - FALLING CREEK EAST,493,37,530,8,1,1,78,"272,370","10,114","282,484","4,521",552,369,133,"6,006,967","329,212","6,336,179","136,658","24,566","12,863","2,533"
Locality: 041 CHESTERFIELD COUNTY,0221,221 - OXBRIDGE,"4,340",192,"4,532",59,5,1,78,"272,370","10,114","282,484","4,521",552,369,133,"6,006,967","329,212","6,336,179","136,658","24,566","12,863","2,533"
Locality: 041 CHESTERFIELD COUNTY,0222,222 - TURNER,"3,011",249,"3,260",35,4,11,78,"272,370","10,114","282,484","4,521",552,369,133,"6,006,967","329,212","6,336,179","136,658","24,566","12,863","2,533"
Locality: 041 CHESTERFIELD COUNTY,0301,301 - ETTRICK,"5,385",295,"5,680",60,2,5,78,"272,370","10,114","282,484","4,521",552,369,133,"6,006,967","329,212","6,336,179","136,658","24,566","12,863","2,533"
Locality: 041 CHESTERFIELD COUNTY,0303,303 - MATOACA,"4,665",107,"4,772",80,7,,78,"272,370","10,114","282,484","4,521",552,369,133,"6,006,967","329,212","6,336,179","136,658","24,566","12,863","2,533"
Locality: 041 CHESTERFIELD COUNTY,0304,304 - WINFREES STORE,"2,872",65,"2,937",38,3,,78,"272,370","10,114","282,484","4,521",552,369,133,"6,006,967","329,212","6,336,179","136,658","24,566","12,863","2,533"
Locality: 041 CHESTERFIELD COUNTY,0305,305 - BEACH,"1,307",22,"1,329",16,,1,78,"272,370","10,114","282,484","4,521",552,369,133,"6,006,967","329,212","6,336,179","136,658","24,566","12,863","2,533"
Locality: 041 CHESTERFIELD COUNTY,0306,306 - WINTERPOCK,"4,077",81,"4,158",54,9,3,78,"272,370","10,114","282,484","4,521",552,369,133,"6,006,967","329,212","6,336,179","136,658","24,566","12,863","2,533"
Locality: 041 CHESTERFIELD COUNTY,0307,307 - COSBY,"3,694",135,"3,829",63,8,2,78,"272,370","10,114","282,484","4,521",552,369,133,"6,006,967","329,212","6,336,179","136,658","24,566","12,863","2,533"
Locality: 041 CHESTERFIELD COUNTY,0309,309 - SKINQUARTER,"3,647",103,"3,750",63,7,7,78,"272,370","10,114","282,484","4,521",552,369,133,"6,006,967","329,212","6,336,179","136,658","24,566","12,863","2,533"
Locality: 041 CHESTERFIELD COUNTY,0313,313 - WOOLRIDGE SOUTH,"3,556",136,"3,692",46,11,2,78,"272,370","10,114","282,484","4,521",552,369,133,"6,006,967","329,212","6,336,179","136,658","24,566","12,863","2,533"
Locality: 041 CHESTERFIELD COUNTY,0314,314 - LONGHOUSE,"2,299",47,"2,346",55,3,,78,"272,370","10,114","282,484","4,521",552,369,133,"6,006,967","329,212","6,336,179","136,658","24,566","12,863","2,533"
Locality: 041 CHESTERFIELD COUNTY,0315,315 - BAILEY BRIDGE,"3,985",104,"4,089",44,8,1,78,"272,370","10,114","282,484","4,521",552,369,133,"6,006,967","329,212","6,336,179","136,658","24,566","12,863","2,533"
Locality: 041 CHESTERFIELD COUNTY,0316,316 - SPRING RUN,"3,540",116,"3,656",38,3,3,78,"272,370","10,114","282,484","4,521",552,369,133,"6,006,967","329,212","6,336,179","136,658","24,566","12,863","2,533"
Locality: 041 CHESTERFIELD COUNTY,0319,319 - MAGNOLIA,"7,191",222,"7,413",153,12,1,78,"272,370","10,114","282,484","4,521",552,369,133,"6,006,967","329,212","6,336,179","136,658","24,566","12,863","2,533"
Locality: 041 CHESTERFIELD COUNTY,0320,320 - DRY CREEK,"5,985",185,"6,170",104,18,7,78,"272,370","10,114","282,484","4,521",552,369,133,"6,006,967","329,212","6,336,179","136,658","24,566","12,863","2,533"
Locality: 041 CHESTERFIELD COUNTY,0321,321 - CLAYPOINT,"2,942",206,"3,148",38,7,,78,"272,370","10,114","282,484","4,521",552,369,133,"6,006,967","329,212","6,336,179","136,658","24,566","12,863","2,533"
Locality: 041 CHESTERFIELD COUNTY,0322,322 - HENSLEY,"4,792",114,"4,906",66,13,3,78,"272,370","10,114","282,484","4,521",552,369,133,"6,006,967","329,212","6,336,179","136,658","24,566","12,863","2,533"
Locality: 041 CHESTERFIELD COUNTY,0401,401 - HARBOUR POINTE,"2,251",62,"2,313",27,7,13,78,"272,370","10,114","282,484","4,521",552,369,133,"6,006,967","329,212","6,336,179","136,658","24,566","12,863","2,533"
Locality: 041 CHESTERFIELD COUNTY,0402,402 - GENITO,"3,377",103,"3,480",35,7,6,78,"272,370","10,114","282,484","4,521",552,369,133,"6,006,967","329,212","6,336,179","136,658","24,566","12,863","2,533"
Locality: 041 CHESTERFIELD COUNTY,0403,403 - BRANDERMILL,"3,757",128,"3,885",49,9,4,78,"272,370","10,114","282,484","4,521",552,369,133,"6,006,967","329,212","6,336,179","136,658","24,566","12,863","2,533"
Locality: 041 CHESTERFIELD COUNTY,0404,404 - PROVIDENCE,"3,352",110,"3,462",35,6,8,78,"272,370","10,114","282,484","4,521",552,369,133,"6,006,967","329,212","6,336,179","136,658","24,566","12,863","2,533"
Locality: 041 CHESTERFIELD COUNTY,0405,405 - LA PRADE,"3,318",106,"3,424",27,6,9,78,"272,370","10,114","282,484","4,521",552,369,133,"6,006,967","329,212","6,336,179","136,658","24,566","12,863","2,533"
Locality: 041 CHESTERFIELD COUNTY,0408,408 - REAMS,"2,045",99,"2,144",19,7,10,78,"272,370","10,114","282,484","4,521",552,369,133,"6,006,967","329,212","6,336,179","136,658","24,566","12,863","2,533"
Locality: 041 CHESTERFIELD COUNTY,0410,410 - WAGSTAFF,764,31,795,11,1,1,78,"272,370","10,114","282,484","4,521",552,369,133,"6,006,967","329,212","6,336,179","136,658","24,566","12,863","2,533"
Locality: 041 CHESTERFIELD COUNTY,0411,411 - SWIFT CREEK,"3,155",105,"3,260",34,8,9,78,"272,370","10,114","282,484","4,521",552,369,133,"6,006,967","329,212","6,336,179","136,658","24,566","12,863","2,533"
Locality: 041 CHESTERFIELD COUNTY,0412,412 - CLOVER HILL,"4,624",180,"4,804",85,6,2,78,"272,370","10,114","282,484","4,521",552,369,133,"6,006,967","329,212","6,336,179","136,658","24,566","12,863","2,533"
Locality: 041 CHESTERFIELD COUNTY,0413,413 - SHENANDOAH,"2,956",116,"3,072",24,10,6,78,"272,370","10,114","282,484","4,521",552,369,133,"6,006,967","329,212","6,336,179","136,658","24,566","12,863","2,533"
Locality: 041 CHESTERFIELD COUNTY,0414,414 - CRENSHAW,"6,082",261,"6,343",93,9,6,78,"272,370","10,114","282,484","4,521",552,369,133,"6,006,967","329,212","6,336,179","136,658","24,566","12,863","2,533"
Locality: 041 CHESTERFIELD COUNTY,0415,415 - EVERGREEN,"3,580",99,"3,679",39,11,2,78,"272,370","10,114","282,484","4,521",552,369,133,"6,006,967","329,212","6,336,179","136,658","24,566","12,863","2,533"
Locality: 041 CHESTERFIELD COUNTY,0418,418 - WOOLRIDGE NORTH,"2,308",74,"2,382",36,11,9,78,"272,370","10,114","282,484","4,521",552,369,133,"6,006,967","329,212","6,336,179","136,658","24,566","12,863","2,533"
Locality: 041 CHESTERFIELD COUNTY,0419,419 - NORTH COURTHOUSE,"2,498",99,"2,597",29,5,3,78,"272,370","10,114","282,484","4,521",552,369,133,"6,006,967","329,212","6,336,179","136,658","24,566","12,863","2,533"
Locality: 041 CHESTERFIELD COUNTY,0420,420 - NEW TOMAHAWK,"3,278",104,"3,382",56,9,13,78,"272,370","10,114","282,484","4,521",552,369,133,"6,006,967","329,212","6,336,179","136,658","24,566","12,863","2,533"
Locality: 041 CHESTERFIELD COUNTY,0421,421 - LUCKS LANE,"4,558",133,"4,691",33,15,13,78,"272,370","10,114","282,484","4,521",552,369,133,"6,006,967","329,212","6,336,179","136,658","24,566","12,863","2,533"
Locality: 041 CHESTERFIELD COUNTY,0422,422 - OTTERDALE,"5,446",228,"5,674",76,11,10,78,"272,370","10,114","282,484","4,521",552,369,133,"6,006,967","329,212","6,336,179","136,658","24,566","12,863","2,533"
Locality: 041 CHESTERFIELD COUNTY,0503,503 - MIDLOTHIAN,"4,607",200,"4,807",66,7,6,78,"272,370","10,114","282,484","4,521",552,369,133,"6,006,967","329,212","6,336,179","136,658","24,566","12,863","2,533"
Locality: 041 CHESTERFIELD COUNTY,0504,504 - ROBIOUS,"5,189",122,"5,311",30,19,17,78,"272,370","10,114","282,484","4,521",552,369,133,"6,006,967","329,212","6,336,179","136,658","24,566","12,863","2,533"
Locality: 041 CHESTERFIELD COUNTY,0505,505 - BON AIR,"3,105",90,"3,195",19,11,11,78,"272,370","10,114","282,484","4,521",552,369,133,"6,006,967","329,212","6,336,179","136,658","24,566","12,863","2,533"
Locality: 041 CHESTERFIELD COUNTY,0506,506 - GREENFIELD,"3,248",102,"3,350",24,11,3,78,"272,370","10,114","282,484","4,521",552,369,133,"6,006,967","329,212","6,336,179","136,658","24,566","12,863","2,533"
Locality: 041 CHESTERFIELD COUNTY,0507,507 - SALISBURY,"4,270",75,"4,345",32,20,7,78,"272,370","10,114","282,484","4,521",552,369,133,"6,006,967","329,212","6,336,179","136,658","24,566","12,863","2,533"
Locality: 041 CHESTERFIELD COUNTY,0508,508 - BELGRADE,"4,028",148,"4,176",55,10,13,78,"272,370","10,114","282,484","4,521",552,369,133,"6,006,967","329,212","6,336,179","136,658","24,566","12,863","2,533"
Locality: 041 CHESTERFIELD COUNTY,0509,509 - CRANBECK,"2,391",156,"2,547",30,6,3,78,"272,370","10,114","282,484","4,521",552,369,133,"6,006,967","329,212","6,336,179","136,658","24,566","12,863","2,533"
Locality: 041 CHESTERFIELD COUNTY,0510,510 - SYCAMORE,"1,440",28,"1,468",24,3,,78,"272,370","10,114","282,484","4,521",552,369,133,"6,006,967","329,212","6,336,179","136,658","24,566","12,863","2,533"
Locality: 041 CHESTERFIELD COUNTY,0511,511 - BLACK HEATH,"2,063",45,"2,108",8,5,6,78,"272,370","10,114","282,484","4,521",552,369,133,"6,006,967","329,212","6,336,179","136,658","24,566","12,863","2,533"
Locality: 041 CHESTERFIELD COUNTY,0513,513 - BEAUFONT,"2,123",164,"2,287",38,3,7,78,"272,370","10,114","282,484","4,521",552,369,133,"6,006,967","329,212","6,336,179","136,658","24,566","12,863","2,533"
Locality: 041 CHESTERFIELD COUNTY,0514,514 - WATKINS,"4,103",113,"4,216",46,9,9,78,"272,370","10,114","282,484","4,521",552,369,133,"6,006,967","329,212","6,336,179","136,658","24,566","12,863","2,533"
Locality: 041 CHESTERFIELD COUNTY,0515,515 - DAVIS,"3,379",199,"3,578",63,5,6,78,"272,370","10,114","282,484","4,521",552,369,133,"6,006,967","329,212","6,336,179","136,658","24,566","12,863","2,533"
Locality: 041 CHESTERFIELD COUNTY,0516,516 - POCOSHOCK NORTH,"1,176",28,"1,204",22,1,1,78,"272,370","10,114","282,484","4,521",552,369,133,"6,006,967","329,212","6,336,179","136,658","24,566","12,863","2,533"
Locality: 041 CHESTERFIELD COUNTY,0517,517 - ROSELAND,"2,985",70,"3,055",27,9,,78,"272,370","10,114","282,484","4,521",552,369,133,"6,006,967","329,212","6,336,179","136,658","24,566","12,863","2,533"
Locality: 041 CHESTERFIELD COUNTY,0518,518 - MIDLOTHIAN NORTH,"4,213",184,"4,397",40,8,1,78,"272,370","10,114","282,484","4,521",552,369,133,"6,006,967","329,212","6,336,179","136,658","24,566","12,863","2,533"
Locality: 041 CHESTERFIELD COUNTY,0519,519 - BUFORD,381,10,391,7,3,,78,"272,370","10,114","282,484","4,521",552,369,133,"6,006,967","329,212","6,336,179","136,658","24,566","12,863","2,533"
Locality: 041 CHESTERFIELD COUNTY,0520,520 - WALTON PARK,"2,117",73,"2,190",29,6,4,78,"272,370","10,114","282,484","4,521",552,369,133,"6,006,967","329,212","6,336,179","136,658","24,566","12,863","2,533"
Locality: 041 CHESTERFIELD COUNTY,0521,521 - ROCKAWAY,"3,944",98,"4,042",42,18,20,78,"272,370","10,114","282,484","4,521",552,369,133,"6,006,967","329,212","6,336,179","136,658","24,566","12,863","2,533"
Locality: 043 CLARKE COUNTY,0101,101 - RUSSELL,"2,515",107,"2,622",24,8,3,7,"12,092",620,"12,712",120,46,34,133,"6,006,967","329,212","6,336,179","136,658","24,566","12,863","2,533"
Locality: 043 CLARKE COUNTY,0201,201 - BERRYVILLE,"2,385",151,"2,536",25,6,8,7,"12,092",620,"12,712",120,46,34,133,"6,006,967","329,212","6,336,179","136,658","24,566","12,863","2,533"
Locality: 043 CLARKE COUNTY,0301,301 - MILLWOOD,"1,891",114,"2,005",22,10,8,7,"12,092",620,"12,712",120,46,34,133,"6,006,967","329,212","6,336,179","136,658","24,566","12,863","2,533"
Locality: 043 CLARKE COUNTY,0302,302 - PINE GROVE,756,27,783,5,5,3,7,"12,092",620,"12,712",120,46,34,133,"6,006,967","329,212","6,336,179","136,658","24,566","12,863","2,533"
Locality: 043 CLARKE COUNTY,0401,401 - WHITE POST,"2,306",107,"2,413",23,8,8,7,"12,092",620,"12,712",120,46,34,133,"6,006,967","329,212","6,336,179","136,658","24,566","12,863","2,533"
Locality: 043 CLARKE COUNTY,0501,501 - BUCKMARSH,"1,613",84,"1,697",17,7,4,7,"12,092",620,"12,712",120,46,34,133,"6,006,967","329,212","6,336,179","136,658","24,566","12,863","2,533"
Locality: 043 CLARKE COUNTY,0502,502 - BLUE RIDGE,626,30,656,4,2,,7,"12,092",620,"12,712",120,46,34,133,"6,006,967","329,212","6,336,179","136,658","24,566","12,863","2,533"
Locality: 045 CRAIG COUNTY,0101,101 - COURT HOUSE,719,29,748,2,,,8,"3,842",130,"3,972",27,2,4,133,"6,006,967","329,212","6,336,179","136,658","24,566","12,863","2,533"
Locality: 045 CRAIG COUNTY,0201,201 - AMMENDALE PRECINCT,773,15,788,6,,,8,"3,842",130,"3,972",27,2,4,133,"6,006,967","329,212","6,336,179","136,658","24,566","12,863","2,533"
Locality: 045 CRAIG COUNTY,0301,301 - GIVENS & REYNOLDS STORE,466,12,478,2,1,,8,"3,842",130,"3,972",27,2,4,133,"6,006,967","329,212","6,336,179","136,658","24,566","12,863","2,533"
Locality: 045 CRAIG COUNTY,0303,303 - MARSHALLS STORE,339,7,346,7,,,8,"3,842",130,"3,972",27,2,4,133,"6,006,967","329,212","6,336,179","136,658","24,566","12,863","2,533"
Locality: 045 CRAIG COUNTY,0401,401 - BARBOURS CREEK,349,16,365,1,1,1,8,"3,842",130,"3,972",27,2,4,133,"6,006,967","329,212","6,336,179","136,658","24,566","12,863","2,533"
Locality: 045 CRAIG COUNTY,0402,402 - PAINT BANK,77,6,83,1,,2,8,"3,842",130,"3,972",27,2,4,133,"6,006,967","329,212","6,336,179","136,658","24,566","12,863","2,533"
Locality: 045 CRAIG COUNTY,0403,403 - CRAIG SPRINGS,384,13,397,3,,1,8,"3,842",130,"3,972",27,2,4,133,"6,006,967","329,212","6,336,179","136,658","24,566","12,863","2,533"
Locality: 045 CRAIG COUNTY,0501,501 - CRAIG CITY,735,32,767,5,,,8,"3,842",130,"3,972",27,2,4,133,"6,006,967","329,212","6,336,179","136,658","24,566","12,863","2,533"
Locality: 047 CULPEPER COUNTY,0101,101 - WEST FAIRFAX,"4,678",229,"4,907",64,16,4,15,"37,848","1,360","39,208",515,103,44,133,"6,006,967","329,212","6,336,179","136,658","24,566","12,863","2,533"
Locality: 047 CULPEPER COUNTY,0201,201 - EAST FAIRFAX,"4,385",234,"4,619",51,13,3,15,"37,848","1,360","39,208",515,103,44,133,"6,006,967","329,212","6,336,179","136,658","24,566","12,863","2,533"
Locality: 047 CULPEPER COUNTY,0302,302 - EGGBORNSVILLE,"2,037",42,"2,079",32,5,1,15,"37,848","1,360","39,208",515,103,44,133,"6,006,967","329,212","6,336,179","136,658","24,566","12,863","2,533"
Locality: 047 CULPEPER COUNTY,0303,303 - CARDOVA,"2,033",71,"2,104",24,3,2,15,"37,848","1,360","39,208",515,103,44,133,"6,006,967","329,212","6,336,179","136,658","24,566","12,863","2,533"
Locality: 047 CULPEPER COUNTY,0304,304 - WILLOW SHADE,"1,266",56,"1,322",11,1,1,15,"37,848","1,360","39,208",515,103,44,133,"6,006,967","329,212","6,336,179","136,658","24,566","12,863","2,533"
Locality: 047 CULPEPER COUNTY,0401,401 - ELDORADO,"2,315",73,"2,388",34,1,4,15,"37,848","1,360","39,208",515,103,44,133,"6,006,967","329,212","6,336,179","136,658","24,566","12,863","2,533"
Locality: 047 CULPEPER COUNTY,0402,402 - BROWNS STORE,"3,749",100,"3,849",38,21,8,15,"37,848","1,360","39,208",515,103,44,133,"6,006,967","329,212","6,336,179","136,658","24,566","12,863","2,533"
Locality: 047 CULPEPER COUNTY,0501,501 - JEFFERSONTON,"3,464",101,"3,565",54,12,6,15,"37,848","1,360","39,208",515,103,44,133,"6,006,967","329,212","6,336,179","136,658","24,566","12,863","2,533"
Locality: 047 CULPEPER COUNTY,0502,502 - RIXEYVILLE,"2,889",71,"2,960",40,7,2,15,"37,848","1,360","39,208",515,103,44,133,"6,006,967","329,212","6,336,179","136,658","24,566","12,863","2,533"
Locality: 047 CULPEPER COUNTY,0601,601 - MITCHELLS,446,20,466,9,2,1,15,"37,848","1,360","39,208",515,103,44,133,"6,006,967","329,212","6,336,179","136,658","24,566","12,863","2,533"
Locality: 047 CULPEPER COUNTY,0602,602 - PEARL SAMPLE,"3,444",122,"3,566",41,9,4,15,"37,848","1,360","39,208",515,103,44,133,"6,006,967","329,212","6,336,179","136,658","24,566","12,863","2,533"
Locality: 047 CULPEPER COUNTY,0603,603 - SOUTH RIDGE,"1,038",65,"1,103",16,1,,15,"37,848","1,360","39,208",515,103,44,133,"6,006,967","329,212","6,336,179","136,658","24,566","12,863","2,533"
Locality: 047 CULPEPER COUNTY,0702,702 - BRANDY STATION,"3,833",126,"3,959",61,10,6,15,"37,848","1,360","39,208",515,103,44,133,"6,006,967","329,212","6,336,179","136,658","24,566","12,863","2,533"
Locality: 047 CULPEPER COUNTY,0703,703 - LIGNUM,"1,387",33,"1,420",18,2,1,15,"37,848","1,360","39,208",515,103,44,133,"6,006,967","329,212","6,336,179","136,658","24,566","12,863","2,533"
Locality: 047 CULPEPER COUNTY,0704,704 - RICHARDSVILLE,884,17,901,22,,1,15,"37,848","1,360","39,208",515,103,44,133,"6,006,967","329,212","6,336,179","136,658","24,566","12,863","2,533"
Locality: 049 CUMBERLAND COUNTY,0101,101 - PRECINCT 1,"1,565",38,"1,603",17,4,,5,"7,634",172,"7,806",60,11,2,133,"6,006,967","329,212","6,336,179","136,658","24,566","12,863","2,533"
Locality: 049 CUMBERLAND COUNTY,0201,201 - PRECINCT 2,"1,601",35,"1,636",10,4,,5,"7,634",172,"7,806",60,11,2,133,"6,006,967","329,212","6,336,179","136,658","24,566","12,863","2,533"
Locality: 049 CUMBERLAND COUNTY,0301,301 - PRECINCT 3,"1,601",25,"1,626",10,1,,5,"7,634",172,"7,806",60,11,2,133,"6,006,967","329,212","6,336,179","136,658","24,566","12,863","2,533"
Locality: 049 CUMBERLAND COUNTY,0401,401 - PRECINCT 4,"1,547",31,"1,578",10,1,2,5,"7,634",172,"7,806",60,11,2,133,"6,006,967","329,212","6,336,179","136,658","24,566","12,863","2,533"
Locality: 049 CUMBERLAND COUNTY,0501,501 - PRECINCT 5,"1,320",43,"1,363",13,1,,5,"7,634",172,"7,806",60,11,2,133,"6,006,967","329,212","6,336,179","136,658","24,566","12,863","2,533"
Locality: 051 DICKENSON COUNTY,0101,101 - SOUTH CLINTWOOD,"1,957",61,"2,018",7,,1,11,"9,565",369,"9,934",50,1,3,133,"6,006,967","329,212","6,336,179","136,658","24,566","12,863","2,533"
Locality: 051 DICKENSON COUNTY,0201,201 - NORA,679,39,718,4,,,11,"9,565",369,"9,934",50,1,3,133,"6,006,967","329,212","6,336,179","136,658","24,566","12,863","2,533"
Locality: 051 DICKENSON COUNTY,0202,202 - FRYING PAN,245,4,249,,,,11,"9,565",369,"9,934",50,1,3,133,"6,006,967","329,212","6,336,179","136,658","24,566","12,863","2,533"
Locality: 051 DICKENSON COUNTY,0203,203 - CLINCHCO,891,32,923,5,,1,11,"9,565",369,"9,934",50,1,3,133,"6,006,967","329,212","6,336,179","136,658","24,566","12,863","2,533"
Locality: 051 DICKENSON COUNTY,0301,301 - WEST DANTE,275,4,279,,,,11,"9,565",369,"9,934",50,1,3,133,"6,006,967","329,212","6,336,179","136,658","24,566","12,863","2,533"
Locality: 051 DICKENSON COUNTY,0302,302 - HERALD,579,12,591,5,,,11,"9,565",369,"9,934",50,1,3,133,"6,006,967","329,212","6,336,179","136,658","24,566","12,863","2,533"
Locality: 051 DICKENSON COUNTY,0303,303 - RIDGE,595,25,620,6,,,11,"9,565",369,"9,934",50,1,3,133,"6,006,967","329,212","6,336,179","136,658","24,566","12,863","2,533"
Locality: 051 DICKENSON COUNTY,0304,304 - LONGS FORK,518,26,544,,,,11,"9,565",369,"9,934",50,1,3,133,"6,006,967","329,212","6,336,179","136,658","24,566","12,863","2,533"
Locality: 051 DICKENSON COUNTY,0401,401 - HAYSI-COLLEY,"1,831",102,"1,933",11,1,,11,"9,565",369,"9,934",50,1,3,133,"6,006,967","329,212","6,336,179","136,658","24,566","12,863","2,533"
Locality: 051 DICKENSON COUNTY,0501,501 - TARPON,421,19,440,2,,,11,"9,565",369,"9,934",50,1,3,133,"6,006,967","329,212","6,336,179","136,658","24,566","12,863","2,533"
Locality: 051 DICKENSON COUNTY,0502,502 - NORTH CLINTWOOD,"1,574",45,"1,619",10,,1,11,"9,565",369,"9,934",50,1,3,133,"6,006,967","329,212","6,336,179","136,658","24,566","12,863","2,533"
Locality: 053 DINWIDDIE COUNTY,0101,101 - WHITE OAK,784,27,811,15,2,1,13,"21,079",671,"21,750",281,20,5,133,"6,006,967","329,212","6,336,179","136,658","24,566","12,863","2,533"
Locality: 053 DINWIDDIE COUNTY,0102,102 - ROCKY RUN,"1,413",35,"1,448",14,1,,13,"21,079",671,"21,750",281,20,5,133,"6,006,967","329,212","6,336,179","136,658","24,566","12,863","2,533"
Locality: 053 DINWIDDIE COUNTY,0103,103 - CHURCH ROAD,"1,947",46,"1,993",23,3,,13,"21,079",671,"21,750",281,20,5,133,"6,006,967","329,212","6,336,179","136,658","24,566","12,863","2,533"
Locality: 053 DINWIDDIE COUNTY,0201,201 - ROHOIC,"1,222",57,"1,279",31,1,1,13,"21,079",671,"21,750",281,20,5,133,"6,006,967","329,212","6,336,179","136,658","24,566","12,863","2,533"
Locality: 053 DINWIDDIE COUNTY,0202,202 - SUTHERLAND,"2,995",99,"3,094",46,9,,13,"21,079",671,"21,750",281,20,5,133,"6,006,967","329,212","6,336,179","136,658","24,566","12,863","2,533"
Locality: 053 DINWIDDIE COUNTY,0301,301 - REAMS,840,18,858,7,,,13,"21,079",671,"21,750",281,20,5,133,"6,006,967","329,212","6,336,179","136,658","24,566","12,863","2,533"
Locality: 053 DINWIDDIE COUNTY,0302,302 - NEW HOPE,"1,496",52,"1,548",17,3,2,13,"21,079",671,"21,750",281,20,5,133,"6,006,967","329,212","6,336,179","136,658","24,566","12,863","2,533"
Locality: 053 DINWIDDIE COUNTY,0303,303 - LITTLE ZION,"2,219",66,"2,285",13,,,13,"21,079",671,"21,750",281,20,5,133,"6,006,967","329,212","6,336,179","136,658","24,566","12,863","2,533"
Locality: 053 DINWIDDIE COUNTY,0401,401 - DINWIDDIE,"2,210",64,"2,274",33,,,13,"21,079",671,"21,750",281,20,5,133,"6,006,967","329,212","6,336,179","136,658","24,566","12,863","2,533"
Locality: 053 DINWIDDIE COUNTY,0402,402 - MCKENNEY,"1,403",46,"1,449",20,,,13,"21,079",671,"21,750",281,20,5,133,"6,006,967","329,212","6,336,179","136,658","24,566","12,863","2,533"
Locality: 053 DINWIDDIE COUNTY,0403,403 - CHERRY HILL,816,18,834,7,,,13,"21,079",671,"21,750",281,20,5,133,"6,006,967","329,212","6,336,179","136,658","24,566","12,863","2,533"
Locality: 053 DINWIDDIE COUNTY,0501,501 - EDGEHILL,"1,072",53,"1,125",17,,,13,"21,079",671,"21,750",281,20,5,133,"6,006,967","329,212","6,336,179","136,658","24,566","12,863","2,533"
Locality: 053 DINWIDDIE COUNTY,0502,502 - CHESDIN,"2,662",90,"2,752",38,1,1,13,"21,079",671,"21,750",281,20,5,133,"6,006,967","329,212","6,336,179","136,658","24,566","12,863","2,533"
Locality: 057 ESSEX COUNTY,0101,101 - GREATER TAPPAHANNOCK,"1,848",127,"1,975",25,3,,4,"8,229",336,"8,565",84,6,,133,"6,006,967","329,212","6,336,179","136,658","24,566","12,863","2,533"
Locality: 057 ESSEX COUNTY,0201,201 - NORTH,"2,144",81,"2,225",19,2,,4,"8,229",336,"8,565",84,6,,133,"6,006,967","329,212","6,336,179","136,658","24,566","12,863","2,533"
Locality: 057 ESSEX COUNTY,0301,301 - SOUTH,"2,148",62,"2,210",22,1,,4,"8,229",336,"8,565",84,6,,133,"6,006,967","329,212","6,336,179","136,658","24,566","12,863","2,533"
Locality: 057 ESSEX COUNTY,0401,401 - CENTRAL,"2,089",66,"2,155",18,,,4,"8,229",336,"8,565",84,6,,133,"6,006,967","329,212","6,336,179","136,658","24,566","12,863","2,533"
Locality: 059 FAIRFAX COUNTY,0104,104 - CHAPEL,"2,529",76,"2,605",58,22,15,265,"754,532","54,135","808,667","15,911","6,056","3,455",133,"6,006,967","329,212","6,336,179","136,658","24,566","12,863","2,533"
Locality: 059 FAIRFAX COUNTY,0105,105 - FAIRVIEW,"4,872",263,"5,135",136,28,12,265,"754,532","54,135","808,667","15,911","6,056","3,455",133,"6,006,967","329,212","6,336,179","136,658","24,566","12,863","2,533"
Locality: 059 FAIRFAX COUNTY,0106,106 - HERITAGE,"4,026",358,"4,384",59,18,13,265,"754,532","54,135","808,667","15,911","6,056","3,455",133,"6,006,967","329,212","6,336,179","136,658","24,566","12,863","2,533"
Locality: 059 FAIRFAX COUNTY,0108,108 - KINGS PARK,"3,218",138,"3,356",85,26,16,265,"754,532","54,135","808,667","15,911","6,056","3,455",133,"6,006,967","329,212","6,336,179","136,658","24,566","12,863","2,533"
Locality: 059 FAIRFAX COUNTY,0109,109 - LITTLE RUN,"1,650",80,"1,730",44,13,11,265,"754,532","54,135","808,667","15,911","6,056","3,455",133,"6,006,967","329,212","6,336,179","136,658","24,566","12,863","2,533"
Locality: 059 FAIRFAX COUNTY,0110,110 - NORTH SPRINGFIELD,"4,537",196,"4,733",59,23,12,265,"754,532","54,135","808,667","15,911","6,056","3,455",133,"6,006,967","329,212","6,336,179","136,658","24,566","12,863","2,533"
Locality: 059 FAIRFAX COUNTY,0113,113 - CANTERBURY,"3,850",139,"3,989",104,35,10,265,"754,532","54,135","808,667","15,911","6,056","3,455",133,"6,006,967","329,212","6,336,179","136,658","24,566","12,863","2,533"
Locality: 059 FAIRFAX COUNTY,0114,114 - OLDE CREEK,"2,314",120,"2,434",59,18,6,265,"754,532","54,135","808,667","15,911","6,056","3,455",133,"6,006,967","329,212","6,336,179","136,658","24,566","12,863","2,533"
Locality: 059 FAIRFAX COUNTY,0115,115 - RAVENSWORTH,"1,847",53,"1,900",24,11,6,265,"754,532","54,135","808,667","15,911","6,056","3,455",133,"6,006,967","329,212","6,336,179","136,658","24,566","12,863","2,533"
Locality: 059 FAIRFAX COUNTY,0116,116 - WAKEFIELD,"2,376",100,"2,476",62,27,7,265,"754,532","54,135","808,667","15,911","6,056","3,455",133,"6,006,967","329,212","6,336,179","136,658","24,566","12,863","2,533"
Locality: 059 FAIRFAX COUNTY,0117,117 - WOODSON #1,"1,973",129,"2,102",35,21,13,265,"754,532","54,135","808,667","15,911","6,056","3,455",133,"6,006,967","329,212","6,336,179","136,658","24,566","12,863","2,533"
Locality: 059 FAIRFAX COUNTY,0118,118 - LAKE BRADDOCK,"4,374",197,"4,571",109,29,15,265,"754,532","54,135","808,667","15,911","6,056","3,455",133,"6,006,967","329,212","6,336,179","136,658","24,566","12,863","2,533"
Locality: 059 FAIRFAX COUNTY,0119,119 - LAUREL,"4,112",267,"4,379",112,34,18,265,"754,532","54,135","808,667","15,911","6,056","3,455",133,"6,006,967","329,212","6,336,179","136,658","24,566","12,863","2,533"
Locality: 059 FAIRFAX COUNTY,0120,120 - SIDEBURN #1,"1,088",60,"1,148",32,9,4,265,"754,532","54,135","808,667","15,911","6,056","3,455",133,"6,006,967","329,212","6,336,179","136,658","24,566","12,863","2,533"
Locality: 059 FAIRFAX COUNTY,0121,121 - VILLA,"2,446",143,"2,589",35,15,,265,"754,532","54,135","808,667","15,911","6,056","3,455",133,"6,006,967","329,212","6,336,179","136,658","24,566","12,863","2,533"
Locality: 059 FAIRFAX COUNTY,0123,123 - ROBINSON,"4,917",242,"5,159",119,33,18,265,"754,532","54,135","808,667","15,911","6,056","3,455",133,"6,006,967","329,212","6,336,179","136,658","24,566","12,863","2,533"
Locality: 059 FAIRFAX COUNTY,0125,125 - SIGNAL HILL,"3,301",114,"3,415",106,27,9,265,"754,532","54,135","808,667","15,911","6,056","3,455",133,"6,006,967","329,212","6,336,179","136,658","24,566","12,863","2,533"
Locality: 059 FAIRFAX COUNTY,0126,126 - BONNIE BRAE,"2,529",121,"2,650",43,17,10,265,"754,532","54,135","808,667","15,911","6,056","3,455",133,"6,006,967","329,212","6,336,179","136,658","24,566","12,863","2,533"
Locality: 059 FAIRFAX COUNTY,0127,127 - BURKE CENTRE,"4,719",360,"5,079",140,36,18,265,"754,532","54,135","808,667","15,911","6,056","3,455",133,"6,006,967","329,212","6,336,179","136,658","24,566","12,863","2,533"
Locality: 059 FAIRFAX COUNTY,0128,128 - CARDINAL,"2,428",188,"2,616",59,25,6,265,"754,532","54,135","808,667","15,911","6,056","3,455",133,"6,006,967","329,212","6,336,179","136,658","24,566","12,863","2,533"
Locality: 059 FAIRFAX COUNTY,0129,129 - KEENE MILL,"1,860",88,"1,948",60,11,6,265,"754,532","54,135","808,667","15,911","6,056","3,455",133,"6,006,967","329,212","6,336,179","136,658","24,566","12,863","2,533"
Locality: 059 FAIRFAX COUNTY,0130,130 - TERRA CENTRE,"2,395",105,"2,500",80,22,4,265,"754,532","54,135","808,667","15,911","6,056","3,455",133,"6,006,967","329,212","6,336,179","136,658","24,566","12,863","2,533"
Locality: 059 FAIRFAX COUNTY,0131,131 - EAGLE VIEW #1,"1,943",281,"2,224",32,10,11,265,"754,532","54,135","808,667","15,911","6,056","3,455",133,"6,006,967","329,212","6,336,179","136,658","24,566","12,863","2,533"
Locality: 059 FAIRFAX COUNTY,0132,132 - MONUMENT,"5,231",529,"5,760",82,36,21,265,"754,532","54,135","808,667","15,911","6,056","3,455",133,"6,006,967","329,212","6,336,179","136,658","24,566","12,863","2,533"
Locality: 059 FAIRFAX COUNTY,0134,134 - UNIVERSITY,"2,049",134,"2,183",16,5,4,265,"754,532","54,135","808,667","15,911","6,056","3,455",133,"6,006,967","329,212","6,336,179","136,658","24,566","12,863","2,533"
Locality: 059 FAIRFAX COUNTY,0135,135 - IRVING,"2,765",109,"2,874",82,16,13,265,"754,532","54,135","808,667","15,911","6,056","3,455",133,"6,006,967","329,212","6,336,179","136,658","24,566","12,863","2,533"
Locality: 059 FAIRFAX COUNTY,0136 ,136 - WOODSON #2,"1,083",47,"1,130",21,15,10,265,"754,532","54,135","808,667","15,911","6,056","3,455",133,"6,006,967","329,212","6,336,179","136,658","24,566","12,863","2,533"
Locality: 059 FAIRFAX COUNTY,0137,137 - SIDEBURN #2,"2,055",104,"2,159",65,16,1,265,"754,532","54,135","808,667","15,911","6,056","3,455",133,"6,006,967","329,212","6,336,179","136,658","24,566","12,863","2,533"
Locality: 059 FAIRFAX COUNTY,0138,138 - EAGLE VIEW #2,"2,083",95,"2,178",36,10,3,265,"754,532","54,135","808,667","15,911","6,056","3,455",133,"6,006,967","329,212","6,336,179","136,658","24,566","12,863","2,533"
Locality: 059 FAIRFAX COUNTY,0201,201 - ARMSTRONG,"3,763",413,"4,176",27,50,25,265,"754,532","54,135","808,667","15,911","6,056","3,455",133,"6,006,967","329,212","6,336,179","136,658","24,566","12,863","2,533"
Locality: 059 FAIRFAX COUNTY,0202,202 - FLINT HILL #1,"1,531",74,"1,605",12,18,6,265,"754,532","54,135","808,667","15,911","6,056","3,455",133,"6,006,967","329,212","6,336,179","136,658","24,566","12,863","2,533"
Locality: 059 FAIRFAX COUNTY,0203,203 - FLORIS,"3,896",163,"4,059",34,34,14,265,"754,532","54,135","808,667","15,911","6,056","3,455",133,"6,006,967","329,212","6,336,179","136,658","24,566","12,863","2,533"
Locality: 059 FAIRFAX COUNTY,0204,204 - MADISON,"1,005",72,"1,077",17,8,5,265,"754,532","54,135","808,667","15,911","6,056","3,455",133,"6,006,967","329,212","6,336,179","136,658","24,566","12,863","2,533"
Locality: 059 FAIRFAX COUNTY,0208,208 - RESTON #1,"4,583",660,"5,243",50,51,37,265,"754,532","54,135","808,667","15,911","6,056","3,455",133,"6,006,967","329,212","6,336,179","136,658","24,566","12,863","2,533"
Locality: 059 FAIRFAX COUNTY,0209,209 - RESTON #2,"4,254",331,"4,585",53,37,22,265,"754,532","54,135","808,667","15,911","6,056","3,455",133,"6,006,967","329,212","6,336,179","136,658","24,566","12,863","2,533"
Locality: 059 FAIRFAX COUNTY,0213,213 - VIENNA #1,"4,329",198,"4,527",51,46,25,265,"754,532","54,135","808,667","15,911","6,056","3,455",133,"6,006,967","329,212","6,336,179","136,658","24,566","12,863","2,533"
Locality: 059 FAIRFAX COUNTY,0214,214 - VIENNA #2,"3,484",190,"3,674",51,52,17,265,"754,532","54,135","808,667","15,911","6,056","3,455",133,"6,006,967","329,212","6,336,179","136,658","24,566","12,863","2,533"
Locality: 059 FAIRFAX COUNTY,0216,216 - VIENNA #4,"1,619",108,"1,727",15,10,11,265,"754,532","54,135","808,667","15,911","6,056","3,455",133,"6,006,967","329,212","6,336,179","136,658","24,566","12,863","2,533"
Locality: 059 FAIRFAX COUNTY,0218,218 - VIENNA #6,"2,484",118,"2,602",24,28,15,265,"754,532","54,135","808,667","15,911","6,056","3,455",133,"6,006,967","329,212","6,336,179","136,658","24,566","12,863","2,533"
Locality: 059 FAIRFAX COUNTY,0219,219 - WESTBRIAR #1,"2,021",195,"2,216",30,30,15,265,"754,532","54,135","808,667","15,911","6,056","3,455",133,"6,006,967","329,212","6,336,179","136,658","24,566","12,863","2,533"
Locality: 059 FAIRFAX COUNTY,0220,220 - DOGWOOD,"4,677",357,"5,034",46,18,11,265,"754,532","54,135","808,667","15,911","6,056","3,455",133,"6,006,967","329,212","6,336,179","136,658","24,566","12,863","2,533"
Locality: 059 FAIRFAX COUNTY,0221,221 - HUNTERS WOODS,"2,782",110,"2,892",19,33,13,265,"754,532","54,135","808,667","15,911","6,056","3,455",133,"6,006,967","329,212","6,336,179","136,658","24,566","12,863","2,533"
Locality: 059 FAIRFAX COUNTY,0222,222 - RESTON #3,"2,204",187,"2,391",24,33,18,265,"754,532","54,135","808,667","15,911","6,056","3,455",133,"6,006,967","329,212","6,336,179","136,658","24,566","12,863","2,533"
Locality: 059 FAIRFAX COUNTY,0223,223 - GLADE,"3,816",273,"4,089",40,43,20,265,"754,532","54,135","808,667","15,911","6,056","3,455",133,"6,006,967","329,212","6,336,179","136,658","24,566","12,863","2,533"
Locality: 059 FAIRFAX COUNTY,0224,224 - SOUTH LAKES,"4,741",412,"5,153",69,64,46,265,"754,532","54,135","808,667","15,911","6,056","3,455",133,"6,006,967","329,212","6,336,179","136,658","24,566","12,863","2,533"
Locality: 059 FAIRFAX COUNTY,0225,225 - HUGHES,"4,163",428,"4,591",46,50,28,265,"754,532","54,135","808,667","15,911","6,056","3,455",133,"6,006,967","329,212","6,336,179","136,658","24,566","12,863","2,533"
Locality: 059 FAIRFAX COUNTY,0226,226 - WOLFTRAP,"3,549",151,"3,700",35,44,32,265,"754,532","54,135","808,667","15,911","6,056","3,455",133,"6,006,967","329,212","6,336,179","136,658","24,566","12,863","2,533"
Locality: 059 FAIRFAX COUNTY,0227,227 - SUNRISE VALLEY #1,"2,106",144,"2,250",24,18,12,265,"754,532","54,135","808,667","15,911","6,056","3,455",133,"6,006,967","329,212","6,336,179","136,658","24,566","12,863","2,533"
Locality: 059 FAIRFAX COUNTY,0229,229 - FOX MILL #1,"4,101",168,"4,269",47,32,22,265,"754,532","54,135","808,667","15,911","6,056","3,455",133,"6,006,967","329,212","6,336,179","136,658","24,566","12,863","2,533"
Locality: 059 FAIRFAX COUNTY,0233,233 - NORTH POINT,"2,535",108,"2,643",15,15,20,265,"754,532","54,135","808,667","15,911","6,056","3,455",133,"6,006,967","329,212","6,336,179","136,658","24,566","12,863","2,533"
Locality: 059 FAIRFAX COUNTY,0234,234 - ALDRIN,"2,902",243,"3,145",39,37,18,265,"754,532","54,135","808,667","15,911","6,056","3,455",133,"6,006,967","329,212","6,336,179","136,658","24,566","12,863","2,533"
Locality: 059 FAIRFAX COUNTY,0235,235 - FRYING PAN,"3,268",257,"3,525",21,26,30,265,"754,532","54,135","808,667","15,911","6,056","3,455",133,"6,006,967","329,212","6,336,179","136,658","24,566","12,863","2,533"
Locality: 059 FAIRFAX COUNTY,0236,236 - STUART,"1,436",63,"1,499",12,14,6,265,"754,532","54,135","808,667","15,911","6,056","3,455",133,"6,006,967","329,212","6,336,179","136,658","24,566","12,863","2,533"
Locality: 059 FAIRFAX COUNTY,0237,237 - MCNAIR,"4,438",577,"5,015",42,28,14,265,"754,532","54,135","808,667","15,911","6,056","3,455",133,"6,006,967","329,212","6,336,179","136,658","24,566","12,863","2,533"
Locality: 059 FAIRFAX COUNTY,0238,238 - CAMERON GLEN,"4,635",662,"5,297",46,52,21,265,"754,532","54,135","808,667","15,911","6,056","3,455",133,"6,006,967","329,212","6,336,179","136,658","24,566","12,863","2,533"
Locality: 059 FAIRFAX COUNTY,0240,240 - COLVIN,"2,574",121,"2,695",30,20,15,265,"754,532","54,135","808,667","15,911","6,056","3,455",133,"6,006,967","329,212","6,336,179","136,658","24,566","12,863","2,533"
Locality: 059 FAIRFAX COUNTY,0241,241 - FLINT HILL #2,"1,582",71,"1,653",21,30,12,265,"754,532","54,135","808,667","15,911","6,056","3,455",133,"6,006,967","329,212","6,336,179","136,658","24,566","12,863","2,533"
Locality: 059 FAIRFAX COUNTY,0242,242 - WESTBRIAR #2,"1,772",68,"1,840",16,16,6,265,"754,532","54,135","808,667","15,911","6,056","3,455",133,"6,006,967","329,212","6,336,179","136,658","24,566","12,863","2,533"
Locality: 059 FAIRFAX COUNTY,0243,243 - SUNRISE VALLEY #2,"1,042",65,"1,107",20,11,3,265,"754,532","54,135","808,667","15,911","6,056","3,455",133,"6,006,967","329,212","6,336,179","136,658","24,566","12,863","2,533"
Locality: 059 FAIRFAX COUNTY,0244,244 - FOX MILL #2,561,28,589,7,7,2,265,"754,532","54,135","808,667","15,911","6,056","3,455",133,"6,006,967","329,212","6,336,179","136,658","24,566","12,863","2,533"
Locality: 059 FAIRFAX COUNTY,0245,245 - PINEY RUN,"1,087",50,"1,137",7,7,4,265,"754,532","54,135","808,667","15,911","6,056","3,455",133,"6,006,967","329,212","6,336,179","136,658","24,566","12,863","2,533"
Locality: 059 FAIRFAX COUNTY,0301,301 - CHAIN BRIDGE,"3,701",317,"4,018",60,68,46,265,"754,532","54,135","808,667","15,911","6,056","3,455",133,"6,006,967","329,212","6,336,179","136,658","24,566","12,863","2,533"
Locality: 059 FAIRFAX COUNTY,0302,302 - CHESTERBROOK,"2,737",109,"2,846",27,29,31,265,"754,532","54,135","808,667","15,911","6,056","3,455",133,"6,006,967","329,212","6,336,179","136,658","24,566","12,863","2,533"
Locality: 059 FAIRFAX COUNTY,0303,303 - CHURCHILL,"1,723",82,"1,805",24,20,10,265,"754,532","54,135","808,667","15,911","6,056","3,455",133,"6,006,967","329,212","6,336,179","136,658","24,566","12,863","2,533"
Locality: 059 FAIRFAX COUNTY,0304,304 - COOPER,"2,422",138,"2,560",12,36,14,265,"754,532","54,135","808,667","15,911","6,056","3,455",133,"6,006,967","329,212","6,336,179","136,658","24,566","12,863","2,533"
Locality: 059 FAIRFAX COUNTY,0305,305 - EL NIDO,"2,517",132,"2,649",21,41,39,265,"754,532","54,135","808,667","15,911","6,056","3,455",133,"6,006,967","329,212","6,336,179","136,658","24,566","12,863","2,533"
Locality: 059 FAIRFAX COUNTY,0306,306 - GREAT FALLS,"2,219",104,"2,323",24,24,20,265,"754,532","54,135","808,667","15,911","6,056","3,455",133,"6,006,967","329,212","6,336,179","136,658","24,566","12,863","2,533"
Locality: 059 FAIRFAX COUNTY,0307,307 - HAYCOCK,"4,123",176,"4,299",33,67,38,265,"754,532","54,135","808,667","15,911","6,056","3,455",133,"6,006,967","329,212","6,336,179","136,658","24,566","12,863","2,533"
Locality: 059 FAIRFAX COUNTY,0309,309 - KENMORE,"4,250",210,"4,460",29,38,30,265,"754,532","54,135","808,667","15,911","6,056","3,455",133,"6,006,967","329,212","6,336,179","136,658","24,566","12,863","2,533"
Locality: 059 FAIRFAX COUNTY,0310,310 - KIRBY,"2,277",126,"2,403",24,48,36,265,"754,532","54,135","808,667","15,911","6,056","3,455",133,"6,006,967","329,212","6,336,179","136,658","24,566","12,863","2,533"
Locality: 059 FAIRFAX COUNTY,0311,311 - LANGLEY,"2,178",158,"2,336",16,41,15,265,"754,532","54,135","808,667","15,911","6,056","3,455",133,"6,006,967","329,212","6,336,179","136,658","24,566","12,863","2,533"
Locality: 059 FAIRFAX COUNTY,0312,312 - LONGFELLOW,"2,702",195,"2,897",49,47,32,265,"754,532","54,135","808,667","15,911","6,056","3,455",133,"6,006,967","329,212","6,336,179","136,658","24,566","12,863","2,533"
Locality: 059 FAIRFAX COUNTY,0314,314 - MCLEAN,"2,791",186,"2,977",33,42,25,265,"754,532","54,135","808,667","15,911","6,056","3,455",133,"6,006,967","329,212","6,336,179","136,658","24,566","12,863","2,533"
Locality: 059 FAIRFAX COUNTY,0315,315 - PIMMIT,"3,571",207,"3,778",52,30,16,265,"754,532","54,135","808,667","15,911","6,056","3,455",133,"6,006,967","329,212","6,336,179","136,658","24,566","12,863","2,533"
Locality: 059 FAIRFAX COUNTY,0316,316 - SALONA,"2,920",170,"3,090",30,48,49,265,"754,532","54,135","808,667","15,911","6,056","3,455",133,"6,006,967","329,212","6,336,179","136,658","24,566","12,863","2,533"
Locality: 059 FAIRFAX COUNTY,0317,317 - WESTHAMPTON,"1,023",39,"1,062",15,14,14,265,"754,532","54,135","808,667","15,911","6,056","3,455",133,"6,006,967","329,212","6,336,179","136,658","24,566","12,863","2,533"
Locality: 059 FAIRFAX COUNTY,0318,318 - WESTMORELAND,"1,615",102,"1,717",14,36,29,265,"754,532","54,135","808,667","15,911","6,056","3,455",133,"6,006,967","329,212","6,336,179","136,658","24,566","12,863","2,533"
Locality: 059 FAIRFAX COUNTY,0319,319 - HERNDON #1,"4,213",270,"4,483",40,33,27,265,"754,532","54,135","808,667","15,911","6,056","3,455",133,"6,006,967","329,212","6,336,179","136,658","24,566","12,863","2,533"
Locality: 059 FAIRFAX COUNTY,0320,320 - HERNDON #2,"4,479",316,"4,795",46,14,19,265,"754,532","54,135","808,667","15,911","6,056","3,455",133,"6,006,967","329,212","6,336,179","136,658","24,566","12,863","2,533"
Locality: 059 FAIRFAX COUNTY,0321,321 - CLEARVIEW,"4,083",226,"4,309",40,33,20,265,"754,532","54,135","808,667","15,911","6,056","3,455",133,"6,006,967","329,212","6,336,179","136,658","24,566","12,863","2,533"
Locality: 059 FAIRFAX COUNTY,0322,322 - FORESTVILLE,"3,401",188,"3,589",30,51,24,265,"754,532","54,135","808,667","15,911","6,056","3,455",133,"6,006,967","329,212","6,336,179","136,658","24,566","12,863","2,533"
Locality: 059 FAIRFAX COUNTY,0323,323 - SHOUSE,"2,332",82,"2,414",18,24,10,265,"754,532","54,135","808,667","15,911","6,056","3,455",133,"6,006,967","329,212","6,336,179","136,658","24,566","12,863","2,533"
Locality: 059 FAIRFAX COUNTY,0324,324 - HERNDON #3,"4,101",386,"4,487",42,26,20,265,"754,532","54,135","808,667","15,911","6,056","3,455",133,"6,006,967","329,212","6,336,179","136,658","24,566","12,863","2,533"
Locality: 059 FAIRFAX COUNTY,0325,325 - HUTCHISON,"2,497",260,"2,757",30,13,10,265,"754,532","54,135","808,667","15,911","6,056","3,455",133,"6,006,967","329,212","6,336,179","136,658","24,566","12,863","2,533"
Locality: 059 FAIRFAX COUNTY,0327,327 - SUGARLAND,"3,668",196,"3,864",43,33,18,265,"754,532","54,135","808,667","15,911","6,056","3,455",133,"6,006,967","329,212","6,336,179","136,658","24,566","12,863","2,533"
Locality: 059 FAIRFAX COUNTY,0328,328 - HICKORY,"3,509",189,"3,698",22,31,22,265,"754,532","54,135","808,667","15,911","6,056","3,455",133,"6,006,967","329,212","6,336,179","136,658","24,566","12,863","2,533"
Locality: 059 FAIRFAX COUNTY,0329,329 - SENECA,"3,613",214,"3,827",27,22,16,265,"754,532","54,135","808,667","15,911","6,056","3,455",133,"6,006,967","329,212","6,336,179","136,658","24,566","12,863","2,533"
Locality: 059 FAIRFAX COUNTY,0331,331 - SPRING HILL,"2,334",132,"2,466",20,30,19,265,"754,532","54,135","808,667","15,911","6,056","3,455",133,"6,006,967","329,212","6,336,179","136,658","24,566","12,863","2,533"
Locality: 059 FAIRFAX COUNTY,0332,332 - COATES,"6,335",911,"7,246",109,40,10,265,"754,532","54,135","808,667","15,911","6,056","3,455",133,"6,006,967","329,212","6,336,179","136,658","24,566","12,863","2,533"
Locality: 059 FAIRFAX COUNTY,0401,401 - BUSH HILL,"3,649",219,"3,868",102,34,9,265,"754,532","54,135","808,667","15,911","6,056","3,455",133,"6,006,967","329,212","6,336,179","136,658","24,566","12,863","2,533"
Locality: 059 FAIRFAX COUNTY,0402,402 - CAMERON,"1,208",98,"1,306",48,12,9,265,"754,532","54,135","808,667","15,911","6,056","3,455",133,"6,006,967","329,212","6,336,179","136,658","24,566","12,863","2,533"
Locality: 059 FAIRFAX COUNTY,0403,403 - FORESTDALE,"1,447",89,"1,536",46,11,8,265,"754,532","54,135","808,667","15,911","6,056","3,455",133,"6,006,967","329,212","6,336,179","136,658","24,566","12,863","2,533"
Locality: 059 FAIRFAX COUNTY,0404,404 - EDISON #1,"1,903",160,"2,063",58,18,3,265,"754,532","54,135","808,667","15,911","6,056","3,455",133,"6,006,967","329,212","6,336,179","136,658","24,566","12,863","2,533"
Locality: 059 FAIRFAX COUNTY,0405,405 - GROVETON,"2,106",317,"2,423",74,8,6,265,"754,532","54,135","808,667","15,911","6,056","3,455",133,"6,006,967","329,212","6,336,179","136,658","24,566","12,863","2,533"
Locality: 059 FAIRFAX COUNTY,0406,406 - HAYFIELD,"2,424",119,"2,543",103,19,10,265,"754,532","54,135","808,667","15,911","6,056","3,455",133,"6,006,967","329,212","6,336,179","136,658","24,566","12,863","2,533"
Locality: 059 FAIRFAX COUNTY,0408,408 - MOUNT EAGLE,"3,044",342,"3,386",127,23,11,265,"754,532","54,135","808,667","15,911","6,056","3,455",133,"6,006,967","329,212","6,336,179","136,658","24,566","12,863","2,533"
Locality: 059 FAIRFAX COUNTY,0409,409 - PIONEER,"4,151",391,"4,542",96,22,15,265,"754,532","54,135","808,667","15,911","6,056","3,455",133,"6,006,967","329,212","6,336,179","136,658","24,566","12,863","2,533"
Locality: 059 FAIRFAX COUNTY,0410,410 - ROSE HILL,"4,959",361,"5,320",144,39,14,265,"754,532","54,135","808,667","15,911","6,056","3,455",133,"6,006,967","329,212","6,336,179","136,658","24,566","12,863","2,533"
Locality: 059 FAIRFAX COUNTY,0411,411 - VIRGINIA HILLS,"2,575",149,"2,724",55,9,5,265,"754,532","54,135","808,667","15,911","6,056","3,455",133,"6,006,967","329,212","6,336,179","136,658","24,566","12,863","2,533"
Locality: 059 FAIRFAX COUNTY,0413,413 - FAIRFIELD,"2,826",309,"3,135",59,8,2,265,"754,532","54,135","808,667","15,911","6,056","3,455",133,"6,006,967","329,212","6,336,179","136,658","24,566","12,863","2,533"
Locality: 059 FAIRFAX COUNTY,0415,415 - CRESTWOOD,"2,942",124,"3,066",47,7,11,265,"754,532","54,135","808,667","15,911","6,056","3,455",133,"6,006,967","329,212","6,336,179","136,658","24,566","12,863","2,533"
Locality: 059 FAIRFAX COUNTY,0417,417 - GARFIELD,"4,247",231,"4,478",82,19,7,265,"754,532","54,135","808,667","15,911","6,056","3,455",133,"6,006,967","329,212","6,336,179","136,658","24,566","12,863","2,533"
Locality: 059 FAIRFAX COUNTY,0418,418 - LYNBROOK #1,"2,198",107,"2,305",31,10,12,265,"754,532","54,135","808,667","15,911","6,056","3,455",133,"6,006,967","329,212","6,336,179","136,658","24,566","12,863","2,533"
Locality: 059 FAIRFAX COUNTY,0419,419 - LANE,"2,569",166,"2,735",61,24,5,265,"754,532","54,135","808,667","15,911","6,056","3,455",133,"6,006,967","329,212","6,336,179","136,658","24,566","12,863","2,533"
Locality: 059 FAIRFAX COUNTY,0420,420 - VILLAGES,"4,816",392,"5,208",184,38,10,265,"754,532","54,135","808,667","15,911","6,056","3,455",133,"6,006,967","329,212","6,336,179","136,658","24,566","12,863","2,533"
Locality: 059 FAIRFAX COUNTY,0421,421 - KINGSTOWNE,"3,665",411,"4,076",166,30,14,265,"754,532","54,135","808,667","15,911","6,056","3,455",133,"6,006,967","329,212","6,336,179","136,658","24,566","12,863","2,533"
Locality: 059 FAIRFAX COUNTY,0422,422 - VAN DORN,"3,827",439,"4,266",126,28,11,265,"754,532","54,135","808,667","15,911","6,056","3,455",133,"6,006,967","329,212","6,336,179","136,658","24,566","12,863","2,533"
Locality: 059 FAIRFAX COUNTY,0423,423 - CLERMONT,"2,855",165,"3,020",98,23,18,265,"754,532","54,135","808,667","15,911","6,056","3,455",133,"6,006,967","329,212","6,336,179","136,658","24,566","12,863","2,533"
Locality: 059 FAIRFAX COUNTY,0424,424 - HUNTLEY,"2,776",201,"2,977",102,25,14,265,"754,532","54,135","808,667","15,911","6,056","3,455",133,"6,006,967","329,212","6,336,179","136,658","24,566","12,863","2,533"
Locality: 059 FAIRFAX COUNTY,0426,426 - GREENSPRING,"1,801",95,"1,896",12,6,7,265,"754,532","54,135","808,667","15,911","6,056","3,455",133,"6,006,967","329,212","6,336,179","136,658","24,566","12,863","2,533"
Locality: 059 FAIRFAX COUNTY,0427,427 - ISLAND CREEK,"2,887",206,"3,093",146,32,6,265,"754,532","54,135","808,667","15,911","6,056","3,455",133,"6,006,967","329,212","6,336,179","136,658","24,566","12,863","2,533"
Locality: 059 FAIRFAX COUNTY,0428,428 - PINEWOOD,"3,558",266,"3,824",71,7,5,265,"754,532","54,135","808,667","15,911","6,056","3,455",133,"6,006,967","329,212","6,336,179","136,658","24,566","12,863","2,533"
Locality: 059 FAIRFAX COUNTY,0429,429 - HYBLA VALLEY,"3,735",472,"4,207",75,12,4,265,"754,532","54,135","808,667","15,911","6,056","3,455",133,"6,006,967","329,212","6,336,179","136,658","24,566","12,863","2,533"
Locality: 059 FAIRFAX COUNTY,0431,431 - WEST SPRINGFIELD,"3,106",186,"3,292",131,22,7,265,"754,532","54,135","808,667","15,911","6,056","3,455",133,"6,006,967","329,212","6,336,179","136,658","24,566","12,863","2,533"
Locality: 059 FAIRFAX COUNTY,0432,432 - EDISON #2,"3,511",327,"3,838",77,25,17,265,"754,532","54,135","808,667","15,911","6,056","3,455",133,"6,006,967","329,212","6,336,179","136,658","24,566","12,863","2,533"
Locality: 059 FAIRFAX COUNTY,0433,433 - LYNBROOK #2,185,12,197,1,2,,265,"754,532","54,135","808,667","15,911","6,056","3,455",133,"6,006,967","329,212","6,336,179","136,658","24,566","12,863","2,533"
Locality: 059 FAIRFAX COUNTY,0501,501 - BAILEYS,"3,819",343,"4,162",48,41,14,265,"754,532","54,135","808,667","15,911","6,056","3,455",133,"6,006,967","329,212","6,336,179","136,658","24,566","12,863","2,533"
Locality: 059 FAIRFAX COUNTY,0502,502 - BARCROFT,"1,459",56,"1,515",20,18,13,265,"754,532","54,135","808,667","15,911","6,056","3,455",133,"6,006,967","329,212","6,336,179","136,658","24,566","12,863","2,533"
Locality: 059 FAIRFAX COUNTY,0503,503 - BELVEDERE,"1,735",102,"1,837",22,21,17,265,"754,532","54,135","808,667","15,911","6,056","3,455",133,"6,006,967","329,212","6,336,179","136,658","24,566","12,863","2,533"
Locality: 059 FAIRFAX COUNTY,0504,504 - BRISTOW,"2,899",207,"3,106",37,15,10,265,"754,532","54,135","808,667","15,911","6,056","3,455",133,"6,006,967","329,212","6,336,179","136,658","24,566","12,863","2,533"
Locality: 059 FAIRFAX COUNTY,0505,505 - GLEN FOREST,"3,204",278,"3,482",38,31,21,265,"754,532","54,135","808,667","15,911","6,056","3,455",133,"6,006,967","329,212","6,336,179","136,658","24,566","12,863","2,533"
Locality: 059 FAIRFAX COUNTY,0506,506 - HOLMES,847,39,886,19,,3,265,"754,532","54,135","808,667","15,911","6,056","3,455",133,"6,006,967","329,212","6,336,179","136,658","24,566","12,863","2,533"
Locality: 059 FAIRFAX COUNTY,0507,507 - LINCOLNIA,"3,583",382,"3,965",69,23,9,265,"754,532","54,135","808,667","15,911","6,056","3,455",133,"6,006,967","329,212","6,336,179","136,658","24,566","12,863","2,533"
Locality: 059 FAIRFAX COUNTY,0508,508 - MASONVILLE,"2,236",90,"2,326",29,14,12,265,"754,532","54,135","808,667","15,911","6,056","3,455",133,"6,006,967","329,212","6,336,179","136,658","24,566","12,863","2,533"
Locality: 059 FAIRFAX COUNTY,0509,509 - PLAZA,"1,056",189,"1,245",13,7,9,265,"754,532","54,135","808,667","15,911","6,056","3,455",133,"6,006,967","329,212","6,336,179","136,658","24,566","12,863","2,533"
Locality: 059 FAIRFAX COUNTY,0510,510 - PARKLAWN,"2,378",120,"2,498",26,11,13,265,"754,532","54,135","808,667","15,911","6,056","3,455",133,"6,006,967","329,212","6,336,179","136,658","24,566","12,863","2,533"
Locality: 059 FAIRFAX COUNTY,0511,511 - RAVENWOOD,"1,776",98,"1,874",25,25,14,265,"754,532","54,135","808,667","15,911","6,056","3,455",133,"6,006,967","329,212","6,336,179","136,658","24,566","12,863","2,533"
Locality: 059 FAIRFAX COUNTY,0512,512 - SLEEPY HOLLOW,"3,303",126,"3,429",36,48,19,265,"754,532","54,135","808,667","15,911","6,056","3,455",133,"6,006,967","329,212","6,336,179","136,658","24,566","12,863","2,533"
Locality: 059 FAIRFAX COUNTY,0513,513 - SAINT ALBANS,"2,705",110,"2,815",42,29,17,265,"754,532","54,135","808,667","15,911","6,056","3,455",133,"6,006,967","329,212","6,336,179","136,658","24,566","12,863","2,533"
Locality: 059 FAIRFAX COUNTY,0514,514 - CROSSROADS,"1,262",107,"1,369",29,5,3,265,"754,532","54,135","808,667","15,911","6,056","3,455",133,"6,006,967","329,212","6,336,179","136,658","24,566","12,863","2,533"
Locality: 059 FAIRFAX COUNTY,0515,515 - WESTLAWN,"1,933",75,"2,008",30,10,3,265,"754,532","54,135","808,667","15,911","6,056","3,455",133,"6,006,967","329,212","6,336,179","136,658","24,566","12,863","2,533"
Locality: 059 FAIRFAX COUNTY,0516,516 - WEYANOKE,"3,405",332,"3,737",57,29,10,265,"754,532","54,135","808,667","15,911","6,056","3,455",133,"6,006,967","329,212","6,336,179","136,658","24,566","12,863","2,533"
Locality: 059 FAIRFAX COUNTY,0517,517 - WILLSTON,"1,883",246,"2,129",31,12,12,265,"754,532","54,135","808,667","15,911","6,056","3,455",133,"6,006,967","329,212","6,336,179","136,658","24,566","12,863","2,533"
Locality: 059 FAIRFAX COUNTY,0518,518 - COLUMBIA,"2,933",227,"3,160",43,19,10,265,"754,532","54,135","808,667","15,911","6,056","3,455",133,"6,006,967","329,212","6,336,179","136,658","24,566","12,863","2,533"
Locality: 059 FAIRFAX COUNTY,0520,520 - SKYLINE,"2,833",407,"3,240",46,28,24,265,"754,532","54,135","808,667","15,911","6,056","3,455",133,"6,006,967","329,212","6,336,179","136,658","24,566","12,863","2,533"
Locality: 059 FAIRFAX COUNTY,0521,521 - BROOK HILL,"2,441",151,"2,592",35,7,13,265,"754,532","54,135","808,667","15,911","6,056","3,455",133,"6,006,967","329,212","6,336,179","136,658","24,566","12,863","2,533"
Locality: 059 FAIRFAX COUNTY,0522,522 - CAMELOT,"2,127",90,"2,217",40,17,6,265,"754,532","54,135","808,667","15,911","6,056","3,455",133,"6,006,967","329,212","6,336,179","136,658","24,566","12,863","2,533"
Locality: 059 FAIRFAX COUNTY,0523,523 - POE,"2,932",186,"3,118",42,22,18,265,"754,532","54,135","808,667","15,911","6,056","3,455",133,"6,006,967","329,212","6,336,179","136,658","24,566","12,863","2,533"
Locality: 059 FAIRFAX COUNTY,0525,525 - WALNUT HILL,"4,019",273,"4,292",60,20,23,265,"754,532","54,135","808,667","15,911","6,056","3,455",133,"6,006,967","329,212","6,336,179","136,658","24,566","12,863","2,533"
Locality: 059 FAIRFAX COUNTY,0526,526 - BREN MAR,"3,968",423,"4,391",93,32,10,265,"754,532","54,135","808,667","15,911","6,056","3,455",133,"6,006,967","329,212","6,336,179","136,658","24,566","12,863","2,533"
Locality: 059 FAIRFAX COUNTY,0527,527 - EDSALL,"2,380",109,"2,489",42,15,6,265,"754,532","54,135","808,667","15,911","6,056","3,455",133,"6,006,967","329,212","6,336,179","136,658","24,566","12,863","2,533"
Locality: 059 FAIRFAX COUNTY,0528,528 - RIDGELEA,604,35,639,10,10,3,265,"754,532","54,135","808,667","15,911","6,056","3,455",133,"6,006,967","329,212","6,336,179","136,658","24,566","12,863","2,533"
Locality: 059 FAIRFAX COUNTY,0530,530 - TRIPPS,"1,916",133,"2,049",18,13,8,265,"754,532","54,135","808,667","15,911","6,056","3,455",133,"6,006,967","329,212","6,336,179","136,658","24,566","12,863","2,533"
Locality: 059 FAIRFAX COUNTY,0535,535 - FORT BUFFALO,"2,179",201,"2,380",47,14,14,265,"754,532","54,135","808,667","15,911","6,056","3,455",133,"6,006,967","329,212","6,336,179","136,658","24,566","12,863","2,533"
Locality: 059 FAIRFAX COUNTY,0536,536 - WOODBURN,"3,475",173,"3,648",49,28,39,265,"754,532","54,135","808,667","15,911","6,056","3,455",133,"6,006,967","329,212","6,336,179","136,658","24,566","12,863","2,533"
Locality: 059 FAIRFAX COUNTY,0601,601 - BELLE HAVEN,"2,740",173,"2,913",71,13,14,265,"754,532","54,135","808,667","15,911","6,056","3,455",133,"6,006,967","329,212","6,336,179","136,658","24,566","12,863","2,533"
Locality: 059 FAIRFAX COUNTY,0602,602 - BELLEVIEW,"2,175",264,"2,439",47,26,22,265,"754,532","54,135","808,667","15,911","6,056","3,455",133,"6,006,967","329,212","6,336,179","136,658","24,566","12,863","2,533"
Locality: 059 FAIRFAX COUNTY,0604,604 - BUCKNELL,"4,312",552,"4,864",111,23,12,265,"754,532","54,135","808,667","15,911","6,056","3,455",133,"6,006,967","329,212","6,336,179","136,658","24,566","12,863","2,533"
Locality: 059 FAIRFAX COUNTY,0605,605 - FORT HUNT,"2,536",111,"2,647",90,19,21,265,"754,532","54,135","808,667","15,911","6,056","3,455",133,"6,006,967","329,212","6,336,179","136,658","24,566","12,863","2,533"
Locality: 059 FAIRFAX COUNTY,0606,606 - HOLLIN HALL,"2,898",141,"3,039",97,21,21,265,"754,532","54,135","808,667","15,911","6,056","3,455",133,"6,006,967","329,212","6,336,179","136,658","24,566","12,863","2,533"
Locality: 059 FAIRFAX COUNTY,0607,607 - HUNTINGTON,"2,992",559,"3,551",138,15,15,265,"754,532","54,135","808,667","15,911","6,056","3,455",133,"6,006,967","329,212","6,336,179","136,658","24,566","12,863","2,533"
Locality: 059 FAIRFAX COUNTY,0608,608 - KIRKSIDE,"2,172",107,"2,279",54,26,24,265,"754,532","54,135","808,667","15,911","6,056","3,455",133,"6,006,967","329,212","6,336,179","136,658","24,566","12,863","2,533"
Locality: 059 FAIRFAX COUNTY,0609,609 - MARLAN,"2,382",135,"2,517",59,23,13,265,"754,532","54,135","808,667","15,911","6,056","3,455",133,"6,006,967","329,212","6,336,179","136,658","24,566","12,863","2,533"
Locality: 059 FAIRFAX COUNTY,0610,610 - SHERWOOD,"2,369",199,"2,568",69,7,9,265,"754,532","54,135","808,667","15,911","6,056","3,455",133,"6,006,967","329,212","6,336,179","136,658","24,566","12,863","2,533"
Locality: 059 FAIRFAX COUNTY,0611,611 - STRATFORD,"3,238",123,"3,361",131,10,13,265,"754,532","54,135","808,667","15,911","6,056","3,455",133,"6,006,967","329,212","6,336,179","136,658","24,566","12,863","2,533"
Locality: 059 FAIRFAX COUNTY,0612,612 - WAYNEWOOD,"1,421",92,"1,513",72,11,5,265,"754,532","54,135","808,667","15,911","6,056","3,455",133,"6,006,967","329,212","6,336,179","136,658","24,566","12,863","2,533"
Locality: 059 FAIRFAX COUNTY,0613,613 - WESTGATE,"3,428",166,"3,594",119,20,12,265,"754,532","54,135","808,667","15,911","6,056","3,455",133,"6,006,967","329,212","6,336,179","136,658","24,566","12,863","2,533"
Locality: 059 FAIRFAX COUNTY,0614,614 - RIVERSIDE,"2,188",137,"2,325",112,12,11,265,"754,532","54,135","808,667","15,911","6,056","3,455",133,"6,006,967","329,212","6,336,179","136,658","24,566","12,863","2,533"
Locality: 059 FAIRFAX COUNTY,0615,615 - WOODLEY,"3,198",241,"3,439",100,15,14,265,"754,532","54,135","808,667","15,911","6,056","3,455",133,"6,006,967","329,212","6,336,179","136,658","24,566","12,863","2,533"
Locality: 059 FAIRFAX COUNTY,0616,616 - GUNSTON,"2,781",484,"3,265","1,053",15,11,265,"754,532","54,135","808,667","15,911","6,056","3,455",133,"6,006,967","329,212","6,336,179","136,658","24,566","12,863","2,533"
Locality: 059 FAIRFAX COUNTY,0617,617 - LORTON,"4,051",399,"4,450",153,15,4,265,"754,532","54,135","808,667","15,911","6,056","3,455",133,"6,006,967","329,212","6,336,179","136,658","24,566","12,863","2,533"
Locality: 059 FAIRFAX COUNTY,0618,618 - NEWINGTON #1,"2,293",135,"2,428",66,14,4,265,"754,532","54,135","808,667","15,911","6,056","3,455",133,"6,006,967","329,212","6,336,179","136,658","24,566","12,863","2,533"
Locality: 059 FAIRFAX COUNTY,0621,621 - GROSVENOR,"2,680",470,"3,150",133,23,7,265,"754,532","54,135","808,667","15,911","6,056","3,455",133,"6,006,967","329,212","6,336,179","136,658","24,566","12,863","2,533"
Locality: 059 FAIRFAX COUNTY,0622,622 - LORTON STATION,"4,034",446,"4,480",135,16,7,265,"754,532","54,135","808,667","15,911","6,056","3,455",133,"6,006,967","329,212","6,336,179","136,658","24,566","12,863","2,533"
Locality: 059 FAIRFAX COUNTY,0623,623 - ALBAN,"2,970",210,"3,180",74,16,10,265,"754,532","54,135","808,667","15,911","6,056","3,455",133,"6,006,967","329,212","6,336,179","136,658","24,566","12,863","2,533"
Locality: 059 FAIRFAX COUNTY,0627,627 - WOODLAWN #1,"2,183",208,"2,391",334,8,4,265,"754,532","54,135","808,667","15,911","6,056","3,455",133,"6,006,967","329,212","6,336,179","136,658","24,566","12,863","2,533"
Locality: 059 FAIRFAX COUNTY,0628,628 - LAUREL HILL #1,"3,409",268,"3,677",124,16,6,265,"754,532","54,135","808,667","15,911","6,056","3,455",133,"6,006,967","329,212","6,336,179","136,658","24,566","12,863","2,533"
Locality: 059 FAIRFAX COUNTY,0629,629 - SOUTH COUNTY,"2,490",238,"2,728",106,14,6,265,"754,532","54,135","808,667","15,911","6,056","3,455",133,"6,006,967","329,212","6,336,179","136,658","24,566","12,863","2,533"
Locality: 059 FAIRFAX COUNTY,0630,630 - ARMY,"2,374",158,"2,532",72,13,3,265,"754,532","54,135","808,667","15,911","6,056","3,455",133,"6,006,967","329,212","6,336,179","136,658","24,566","12,863","2,533"
Locality: 059 FAIRFAX COUNTY,0631,631 - POHICK CREEK,"2,433",170,"2,603",96,8,11,265,"754,532","54,135","808,667","15,911","6,056","3,455",133,"6,006,967","329,212","6,336,179","136,658","24,566","12,863","2,533"
Locality: 059 FAIRFAX COUNTY,0632,632 - HALLEY #1,"1,103",53,"1,156",37,2,2,265,"754,532","54,135","808,667","15,911","6,056","3,455",133,"6,006,967","329,212","6,336,179","136,658","24,566","12,863","2,533"
Locality: 059 FAIRFAX COUNTY,0633,633 - HALLEY #2,329,14,343,3,1,,265,"754,532","54,135","808,667","15,911","6,056","3,455",133,"6,006,967","329,212","6,336,179","136,658","24,566","12,863","2,533"
Locality: 059 FAIRFAX COUNTY,0634,634 - NEWINGTON #2,"3,292",207,"3,499",79,15,7,265,"754,532","54,135","808,667","15,911","6,056","3,455",133,"6,006,967","329,212","6,336,179","136,658","24,566","12,863","2,533"
Locality: 059 FAIRFAX COUNTY,0635,635 - WOODLAWN #2,"2,699",451,"3,150",370,10,6,265,"754,532","54,135","808,667","15,911","6,056","3,455",133,"6,006,967","329,212","6,336,179","136,658","24,566","12,863","2,533"
Locality: 059 FAIRFAX COUNTY,0636,636 - LAUREL HILL #2,"1,665",130,"1,795",72,7,,265,"754,532","54,135","808,667","15,911","6,056","3,455",133,"6,006,967","329,212","6,336,179","136,658","24,566","12,863","2,533"
Locality: 059 FAIRFAX COUNTY,0637,637 - MONTEBELLO,"1,224",61,"1,285",21,8,6,265,"754,532","54,135","808,667","15,911","6,056","3,455",133,"6,006,967","329,212","6,336,179","136,658","24,566","12,863","2,533"
Locality: 059 FAIRFAX COUNTY,0701,701 - BLAKE,"4,874",439,"5,313",55,69,14,265,"754,532","54,135","808,667","15,911","6,056","3,455",133,"6,006,967","329,212","6,336,179","136,658","24,566","12,863","2,533"
Locality: 059 FAIRFAX COUNTY,0704,704 - FREEDOM HILL,"2,553",164,"2,717",30,40,29,265,"754,532","54,135","808,667","15,911","6,056","3,455",133,"6,006,967","329,212","6,336,179","136,658","24,566","12,863","2,533"
Locality: 059 FAIRFAX COUNTY,0705,705 - GRAHAM-GREENWAY,"3,662",205,"3,867",47,30,15,265,"754,532","54,135","808,667","15,911","6,056","3,455",133,"6,006,967","329,212","6,336,179","136,658","24,566","12,863","2,533"
Locality: 059 FAIRFAX COUNTY,0707,707 - MANTUA,"2,531",110,"2,641",39,29,29,265,"754,532","54,135","808,667","15,911","6,056","3,455",133,"6,006,967","329,212","6,336,179","136,658","24,566","12,863","2,533"
Locality: 059 FAIRFAX COUNTY,0708,708 - MARSHALL,"3,983",561,"4,544",56,37,53,265,"754,532","54,135","808,667","15,911","6,056","3,455",133,"6,006,967","329,212","6,336,179","136,658","24,566","12,863","2,533"
Locality: 059 FAIRFAX COUNTY,0709,709 - MOSBY #1,"2,576",296,"2,872",30,27,12,265,"754,532","54,135","808,667","15,911","6,056","3,455",133,"6,006,967","329,212","6,336,179","136,658","24,566","12,863","2,533"
Locality: 059 FAIRFAX COUNTY,0710,710 - PINE SPRING,"2,392",172,"2,564",24,32,23,265,"754,532","54,135","808,667","15,911","6,056","3,455",133,"6,006,967","329,212","6,336,179","136,658","24,566","12,863","2,533"
Locality: 059 FAIRFAX COUNTY,0711,711 - PRICE,"2,194",157,"2,351",42,25,11,265,"754,532","54,135","808,667","15,911","6,056","3,455",133,"6,006,967","329,212","6,336,179","136,658","24,566","12,863","2,533"
Locality: 059 FAIRFAX COUNTY,0712,712 - SHREVE,"2,671",79,"2,750",31,53,18,265,"754,532","54,135","808,667","15,911","6,056","3,455",133,"6,006,967","329,212","6,336,179","136,658","24,566","12,863","2,533"
Locality: 059 FAIRFAX COUNTY,0713,713 - TIMBER LANE,"3,416",260,"3,676",48,39,18,265,"754,532","54,135","808,667","15,911","6,056","3,455",133,"6,006,967","329,212","6,336,179","136,658","24,566","12,863","2,533"
Locality: 059 FAIRFAX COUNTY,0714,714 - WALKER,"3,907",211,"4,118",38,42,23,265,"754,532","54,135","808,667","15,911","6,056","3,455",133,"6,006,967","329,212","6,336,179","136,658","24,566","12,863","2,533"
Locality: 059 FAIRFAX COUNTY,0718,718 - PINE RIDGE,"2,589",181,"2,770",32,21,12,265,"754,532","54,135","808,667","15,911","6,056","3,455",133,"6,006,967","329,212","6,336,179","136,658","24,566","12,863","2,533"
Locality: 059 FAIRFAX COUNTY,0720,720 - THOREAU,"3,063",135,"3,198",57,35,10,265,"754,532","54,135","808,667","15,911","6,056","3,455",133,"6,006,967","329,212","6,336,179","136,658","24,566","12,863","2,533"
Locality: 059 FAIRFAX COUNTY,0721,721 - MERRIFIELD,"4,143",649,"4,792",64,39,16,265,"754,532","54,135","808,667","15,911","6,056","3,455",133,"6,006,967","329,212","6,336,179","136,658","24,566","12,863","2,533"
Locality: 059 FAIRFAX COUNTY,0723,723 - GALLOWS EAST,"2,475",329,"2,804",33,40,26,265,"754,532","54,135","808,667","15,911","6,056","3,455",133,"6,006,967","329,212","6,336,179","136,658","24,566","12,863","2,533"
Locality: 059 FAIRFAX COUNTY,0726,726 - MAGARITY,"5,082",491,"5,573",63,75,37,265,"754,532","54,135","808,667","15,911","6,056","3,455",133,"6,006,967","329,212","6,336,179","136,658","24,566","12,863","2,533"
Locality: 059 FAIRFAX COUNTY,0727,727 - OAKTON,"2,666",140,"2,806",37,25,7,265,"754,532","54,135","808,667","15,911","6,056","3,455",133,"6,006,967","329,212","6,336,179","136,658","24,566","12,863","2,533"
Locality: 059 FAIRFAX COUNTY,0729,729 - NOTTOWAY,"3,809",329,"4,138",69,92,41,265,"754,532","54,135","808,667","15,911","6,056","3,455",133,"6,006,967","329,212","6,336,179","136,658","24,566","12,863","2,533"
Locality: 059 FAIRFAX COUNTY,0731,731 - TYSONS,"3,081",465,"3,546",39,18,16,265,"754,532","54,135","808,667","15,911","6,056","3,455",133,"6,006,967","329,212","6,336,179","136,658","24,566","12,863","2,533"
Locality: 059 FAIRFAX COUNTY,0732,732 - OAKTREE CROSSING,"4,023",224,"4,247",45,34,12,265,"754,532","54,135","808,667","15,911","6,056","3,455",133,"6,006,967","329,212","6,336,179","136,658","24,566","12,863","2,533"
Locality: 059 FAIRFAX COUNTY,0733,733 - KILMER,"4,653",412,"5,065",56,66,25,265,"754,532","54,135","808,667","15,911","6,056","3,455",133,"6,006,967","329,212","6,336,179","136,658","24,566","12,863","2,533"
Locality: 059 FAIRFAX COUNTY,0734,734 - HUNTERS BRANCH,"2,886",268,"3,154",32,41,14,265,"754,532","54,135","808,667","15,911","6,056","3,455",133,"6,006,967","329,212","6,336,179","136,658","24,566","12,863","2,533"
Locality: 059 FAIRFAX COUNTY,0735,735 - ROTONDA,"1,440",119,"1,559",15,16,28,265,"754,532","54,135","808,667","15,911","6,056","3,455",133,"6,006,967","329,212","6,336,179","136,658","24,566","12,863","2,533"
Locality: 059 FAIRFAX COUNTY,0736,736 - BEDFORD,609,156,765,13,3,,265,"754,532","54,135","808,667","15,911","6,056","3,455",133,"6,006,967","329,212","6,336,179","136,658","24,566","12,863","2,533"
Locality: 059 FAIRFAX COUNTY,0737,737 - MOSBY #2,"1,066",120,"1,186",24,10,11,265,"754,532","54,135","808,667","15,911","6,056","3,455",133,"6,006,967","329,212","6,336,179","136,658","24,566","12,863","2,533"
Locality: 059 FAIRFAX COUNTY,0738,738 - JONES BRANCH,"2,401",360,"2,761",28,12,17,265,"754,532","54,135","808,667","15,911","6,056","3,455",133,"6,006,967","329,212","6,336,179","136,658","24,566","12,863","2,533"
Locality: 059 FAIRFAX COUNTY,0801,801 - BURKE #1,"2,828",230,"3,058",72,15,11,265,"754,532","54,135","808,667","15,911","6,056","3,455",133,"6,006,967","329,212","6,336,179","136,658","24,566","12,863","2,533"
Locality: 059 FAIRFAX COUNTY,0802,802 - CEDAR LAKE,"1,758",190,"1,948",27,16,7,265,"754,532","54,135","808,667","15,911","6,056","3,455",133,"6,006,967","329,212","6,336,179","136,658","24,566","12,863","2,533"
Locality: 059 FAIRFAX COUNTY,0803,803 - CLIFTON SOUTH,"2,593",125,"2,718",75,16,6,265,"754,532","54,135","808,667","15,911","6,056","3,455",133,"6,006,967","329,212","6,336,179","136,658","24,566","12,863","2,533"
Locality: 059 FAIRFAX COUNTY,0804,804 - COLCHESTER,"1,916",87,"2,003",29,11,7,265,"754,532","54,135","808,667","15,911","6,056","3,455",133,"6,006,967","329,212","6,336,179","136,658","24,566","12,863","2,533"
Locality: 059 FAIRFAX COUNTY,0805,805 - FAIRFAX STATION,"1,634",50,"1,684",44,6,9,265,"754,532","54,135","808,667","15,911","6,056","3,455",133,"6,006,967","329,212","6,336,179","136,658","24,566","12,863","2,533"
Locality: 059 FAIRFAX COUNTY,0806,806 - SYDENSTRICKER,"3,275",142,"3,417",109,27,6,265,"754,532","54,135","808,667","15,911","6,056","3,455",133,"6,006,967","329,212","6,336,179","136,658","24,566","12,863","2,533"
Locality: 059 FAIRFAX COUNTY,0807,807 - HUNT VALLEY,"2,413",132,"2,545",106,24,10,265,"754,532","54,135","808,667","15,911","6,056","3,455",133,"6,006,967","329,212","6,336,179","136,658","24,566","12,863","2,533"
Locality: 059 FAIRFAX COUNTY,0811,811 - POHICK,"2,182",164,"2,346",72,18,6,265,"754,532","54,135","808,667","15,911","6,056","3,455",133,"6,006,967","329,212","6,336,179","136,658","24,566","12,863","2,533"
Locality: 059 FAIRFAX COUNTY,0812,812 - VALLEY,"3,055",166,"3,221",103,20,12,265,"754,532","54,135","808,667","15,911","6,056","3,455",133,"6,006,967","329,212","6,336,179","136,658","24,566","12,863","2,533"
Locality: 059 FAIRFAX COUNTY,0815,815 - WOODYARD,"1,630",70,"1,700",38,12,7,265,"754,532","54,135","808,667","15,911","6,056","3,455",133,"6,006,967","329,212","6,336,179","136,658","24,566","12,863","2,533"
Locality: 059 FAIRFAX COUNTY,0824,824 - ORANGE,"4,061",205,"4,266",185,32,14,265,"754,532","54,135","808,667","15,911","6,056","3,455",133,"6,006,967","329,212","6,336,179","136,658","24,566","12,863","2,533"
Locality: 059 FAIRFAX COUNTY,0825,825 - CHERRY RUN,"2,949",139,"3,088",114,35,12,265,"754,532","54,135","808,667","15,911","6,056","3,455",133,"6,006,967","329,212","6,336,179","136,658","24,566","12,863","2,533"
Locality: 059 FAIRFAX COUNTY,0833,833 - WHITE OAKS,"3,330",157,"3,487",89,20,13,265,"754,532","54,135","808,667","15,911","6,056","3,455",133,"6,006,967","329,212","6,336,179","136,658","24,566","12,863","2,533"
Locality: 059 FAIRFAX COUNTY,0838,838 - SANGSTER,"2,374",98,"2,472",111,21,6,265,"754,532","54,135","808,667","15,911","6,056","3,455",133,"6,006,967","329,212","6,336,179","136,658","24,566","12,863","2,533"
Locality: 059 FAIRFAX COUNTY,0839,839 - SILVERBROOK,"3,605",152,"3,757",129,19,5,265,"754,532","54,135","808,667","15,911","6,056","3,455",133,"6,006,967","329,212","6,336,179","136,658","24,566","12,863","2,533"
Locality: 059 FAIRFAX COUNTY,0841,841 - POPES HEAD,"1,649",89,"1,738",26,17,4,265,"754,532","54,135","808,667","15,911","6,056","3,455",133,"6,006,967","329,212","6,336,179","136,658","24,566","12,863","2,533"
Locality: 059 FAIRFAX COUNTY,0842,842 - PARKWAY,"2,415",93,"2,508",90,13,8,265,"754,532","54,135","808,667","15,911","6,056","3,455",133,"6,006,967","329,212","6,336,179","136,658","24,566","12,863","2,533"
Locality: 059 FAIRFAX COUNTY,0843,843 - FAIR LAKES,"3,490",291,"3,781",55,36,12,265,"754,532","54,135","808,667","15,911","6,056","3,455",133,"6,006,967","329,212","6,336,179","136,658","24,566","12,863","2,533"
Locality: 059 FAIRFAX COUNTY,0844,844 - CENTERPOINTE,"3,323",511,"3,834",52,19,20,265,"754,532","54,135","808,667","15,911","6,056","3,455",133,"6,006,967","329,212","6,336,179","136,658","24,566","12,863","2,533"
Locality: 059 FAIRFAX COUNTY,0845,845 - FOUNTAINHEAD,"3,799",197,"3,996",95,12,6,265,"754,532","54,135","808,667","15,911","6,056","3,455",133,"6,006,967","329,212","6,336,179","136,658","24,566","12,863","2,533"
Locality: 059 FAIRFAX COUNTY,0846,846 - GREENBRIAR EAST,"3,699",418,"4,117",47,27,18,265,"754,532","54,135","808,667","15,911","6,056","3,455",133,"6,006,967","329,212","6,336,179","136,658","24,566","12,863","2,533"
Locality: 059 FAIRFAX COUNTY,0847,847 - GREENBRIAR WEST,"2,513",165,"2,678",42,13,10,265,"754,532","54,135","808,667","15,911","6,056","3,455",133,"6,006,967","329,212","6,336,179","136,658","24,566","12,863","2,533"
Locality: 059 FAIRFAX COUNTY,0848,848 - FAIR OAKS,"4,465",318,"4,783",55,12,12,265,"754,532","54,135","808,667","15,911","6,056","3,455",133,"6,006,967","329,212","6,336,179","136,658","24,566","12,863","2,533"
Locality: 059 FAIRFAX COUNTY,0849,849 - NEWGATE NORTH,"2,860",124,"2,984",42,14,9,265,"754,532","54,135","808,667","15,911","6,056","3,455",133,"6,006,967","329,212","6,336,179","136,658","24,566","12,863","2,533"
Locality: 059 FAIRFAX COUNTY,0850,850 - SOUTH RUN,"3,042",129,"3,171",137,25,11,265,"754,532","54,135","808,667","15,911","6,056","3,455",133,"6,006,967","329,212","6,336,179","136,658","24,566","12,863","2,533"
Locality: 059 FAIRFAX COUNTY,0851,851 - WILLOW SPRINGS #1,"1,285",64,"1,349",7,6,4,265,"754,532","54,135","808,667","15,911","6,056","3,455",133,"6,006,967","329,212","6,336,179","136,658","24,566","12,863","2,533"
Locality: 059 FAIRFAX COUNTY,0854,854 - NEWGATE SOUTH,"2,933",171,"3,104",35,12,6,265,"754,532","54,135","808,667","15,911","6,056","3,455",133,"6,006,967","329,212","6,336,179","136,658","24,566","12,863","2,533"
Locality: 059 FAIRFAX COUNTY,0855,855 - SARATOGA,"3,784",233,"4,017",134,19,14,265,"754,532","54,135","808,667","15,911","6,056","3,455",133,"6,006,967","329,212","6,336,179","136,658","24,566","12,863","2,533"
Locality: 059 FAIRFAX COUNTY,0856,856 - PENDERBROOK,"3,962",383,"4,345",59,26,9,265,"754,532","54,135","808,667","15,911","6,056","3,455",133,"6,006,967","329,212","6,336,179","136,658","24,566","12,863","2,533"
Locality: 059 FAIRFAX COUNTY,0857,857 - ISLAND POND,208,4,212,1,1,,265,"754,532","54,135","808,667","15,911","6,056","3,455",133,"6,006,967","329,212","6,336,179","136,658","24,566","12,863","2,533"
Locality: 059 FAIRFAX COUNTY,0858,858 - CLIFTON TOWN,201,6,207,2,2,1,265,"754,532","54,135","808,667","15,911","6,056","3,455",133,"6,006,967","329,212","6,336,179","136,658","24,566","12,863","2,533"
Locality: 059 FAIRFAX COUNTY,0859,859 - LIBERTY,"2,236",85,"2,321",22,12,5,265,"754,532","54,135","808,667","15,911","6,056","3,455",133,"6,006,967","329,212","6,336,179","136,658","24,566","12,863","2,533"
Locality: 059 FAIRFAX COUNTY,0860,860 - SANDY RUN,"1,233",49,"1,282",24,6,6,265,"754,532","54,135","808,667","15,911","6,056","3,455",133,"6,006,967","329,212","6,336,179","136,658","24,566","12,863","2,533"
Locality: 059 FAIRFAX COUNTY,0861,861 - BURKE #2,"2,313",148,"2,461",47,11,13,265,"754,532","54,135","808,667","15,911","6,056","3,455",133,"6,006,967","329,212","6,336,179","136,658","24,566","12,863","2,533"
Locality: 059 FAIRFAX COUNTY,0862,862 - WILLOW SPRINGS #2,"1,730",83,"1,813",24,10,5,265,"754,532","54,135","808,667","15,911","6,056","3,455",133,"6,006,967","329,212","6,336,179","136,658","24,566","12,863","2,533"
Locality: 059 FAIRFAX COUNTY,0901,901 - CENTRE RIDGE,"3,658",302,"3,960",53,12,15,265,"754,532","54,135","808,667","15,911","6,056","3,455",133,"6,006,967","329,212","6,336,179","136,658","24,566","12,863","2,533"
Locality: 059 FAIRFAX COUNTY,0902,902 - BROOKFIELD,"4,509",287,"4,796",47,20,16,265,"754,532","54,135","808,667","15,911","6,056","3,455",133,"6,006,967","329,212","6,336,179","136,658","24,566","12,863","2,533"
Locality: 059 FAIRFAX COUNTY,0903,903 - CUB RUN,"4,846",363,"5,209",61,31,6,265,"754,532","54,135","808,667","15,911","6,056","3,455",133,"6,006,967","329,212","6,336,179","136,658","24,566","12,863","2,533"
Locality: 059 FAIRFAX COUNTY,0904,904 - STONECROFT,"2,158",99,"2,257",37,3,6,265,"754,532","54,135","808,667","15,911","6,056","3,455",133,"6,006,967","329,212","6,336,179","136,658","24,566","12,863","2,533"
Locality: 059 FAIRFAX COUNTY,0905,905 - FRANKLIN,"2,858",104,"2,962",37,12,14,265,"754,532","54,135","808,667","15,911","6,056","3,455",133,"6,006,967","329,212","6,336,179","136,658","24,566","12,863","2,533"
Locality: 059 FAIRFAX COUNTY,0908,908 - HIDDEN MEADOW,"2,370",124,"2,494",30,15,10,265,"754,532","54,135","808,667","15,911","6,056","3,455",133,"6,006,967","329,212","6,336,179","136,658","24,566","12,863","2,533"
Locality: 059 FAIRFAX COUNTY,0909,909 - OAK HILL,"2,170",69,"2,239",29,8,1,265,"754,532","54,135","808,667","15,911","6,056","3,455",133,"6,006,967","329,212","6,336,179","136,658","24,566","12,863","2,533"
Locality: 059 FAIRFAX COUNTY,0910,910 - LONDON TOWNE,"4,267",260,"4,527",52,17,3,265,"754,532","54,135","808,667","15,911","6,056","3,455",133,"6,006,967","329,212","6,336,179","136,658","24,566","12,863","2,533"
Locality: 059 FAIRFAX COUNTY,0911,911 - NAVY,"4,234",192,"4,426",52,27,13,265,"754,532","54,135","808,667","15,911","6,056","3,455",133,"6,006,967","329,212","6,336,179","136,658","24,566","12,863","2,533"
Locality: 059 FAIRFAX COUNTY,0913,913 - ROCKY RUN,"5,253",134,"5,387",58,25,14,265,"754,532","54,135","808,667","15,911","6,056","3,455",133,"6,006,967","329,212","6,336,179","136,658","24,566","12,863","2,533"
Locality: 059 FAIRFAX COUNTY,0914,914 - VALE,"2,737",130,"2,867",36,26,13,265,"754,532","54,135","808,667","15,911","6,056","3,455",133,"6,006,967","329,212","6,336,179","136,658","24,566","12,863","2,533"
Locality: 059 FAIRFAX COUNTY,0915,915 - VIRGINIA RUN,"2,944",117,"3,061",32,9,6,265,"754,532","54,135","808,667","15,911","6,056","3,455",133,"6,006,967","329,212","6,336,179","136,658","24,566","12,863","2,533"
Locality: 059 FAIRFAX COUNTY,0916,916 - WAPLES MILL,"4,472",191,"4,663",45,38,22,265,"754,532","54,135","808,667","15,911","6,056","3,455",133,"6,006,967","329,212","6,336,179","136,658","24,566","12,863","2,533"
Locality: 059 FAIRFAX COUNTY,0917,917 - STONE,"4,060",248,"4,308",39,14,5,265,"754,532","54,135","808,667","15,911","6,056","3,455",133,"6,006,967","329,212","6,336,179","136,658","24,566","12,863","2,533"
Locality: 059 FAIRFAX COUNTY,0918,918 - CENTREVILLE,"5,032",438,"5,470",57,24,9,265,"754,532","54,135","808,667","15,911","6,056","3,455",133,"6,006,967","329,212","6,336,179","136,658","24,566","12,863","2,533"
Locality: 059 FAIRFAX COUNTY,0919,919 - GREEN TRAILS,"4,725",255,"4,980",61,27,17,265,"754,532","54,135","808,667","15,911","6,056","3,455",133,"6,006,967","329,212","6,336,179","136,658","24,566","12,863","2,533"
Locality: 059 FAIRFAX COUNTY,0920,920 - CHANTILLY,"2,387",96,"2,483",12,16,3,265,"754,532","54,135","808,667","15,911","6,056","3,455",133,"6,006,967","329,212","6,336,179","136,658","24,566","12,863","2,533"
Locality: 059 FAIRFAX COUNTY,0921,921 - DEER PARK,"3,457",143,"3,600",41,19,4,265,"754,532","54,135","808,667","15,911","6,056","3,455",133,"6,006,967","329,212","6,336,179","136,658","24,566","12,863","2,533"
Locality: 059 FAIRFAX COUNTY,0923,923 - BULL RUN,"2,791",113,"2,904",40,11,9,265,"754,532","54,135","808,667","15,911","6,056","3,455",133,"6,006,967","329,212","6,336,179","136,658","24,566","12,863","2,533"
Locality: 059 FAIRFAX COUNTY,0924,924 - SPINDLE,"2,404",263,"2,667",36,4,2,265,"754,532","54,135","808,667","15,911","6,056","3,455",133,"6,006,967","329,212","6,336,179","136,658","24,566","12,863","2,533"
Locality: 059 FAIRFAX COUNTY,0925,925 - OLD MILL,"2,018",80,"2,098",23,8,4,265,"754,532","54,135","808,667","15,911","6,056","3,455",133,"6,006,967","329,212","6,336,179","136,658","24,566","12,863","2,533"
Locality: 059 FAIRFAX COUNTY,0926,926 - POWELL,"4,926",268,"5,194",67,15,5,265,"754,532","54,135","808,667","15,911","6,056","3,455",133,"6,006,967","329,212","6,336,179","136,658","24,566","12,863","2,533"
Locality: 059 FAIRFAX COUNTY,0927,927 - ARMFIELD,"3,202",231,"3,433",30,24,7,265,"754,532","54,135","808,667","15,911","6,056","3,455",133,"6,006,967","329,212","6,336,179","136,658","24,566","12,863","2,533"
Locality: 059 FAIRFAX COUNTY,0928,928 - POPLAR TREE,"2,987",108,"3,095",34,16,6,265,"754,532","54,135","808,667","15,911","6,056","3,455",133,"6,006,967","329,212","6,336,179","136,658","24,566","12,863","2,533"
Locality: 059 FAIRFAX COUNTY,0929,929 - DIFFICULT RUN,574,22,596,5,1,1,265,"754,532","54,135","808,667","15,911","6,056","3,455",133,"6,006,967","329,212","6,336,179","136,658","24,566","12,863","2,533"
Locality: 059 FAIRFAX COUNTY,0931,931 - CARSON,"2,490",117,"2,607",24,10,11,265,"754,532","54,135","808,667","15,911","6,056","3,455",133,"6,006,967","329,212","6,336,179","136,658","24,566","12,863","2,533"
Locality: 059 FAIRFAX COUNTY,0934,934 - FOX VALLEY,"1,461",90,"1,551",19,19,3,265,"754,532","54,135","808,667","15,911","6,056","3,455",133,"6,006,967","329,212","6,336,179","136,658","24,566","12,863","2,533"
Locality: 059 FAIRFAX COUNTY,0935,935 - ROBINSON MILL,891,105,996,18,2,,265,"754,532","54,135","808,667","15,911","6,056","3,455",133,"6,006,967","329,212","6,336,179","136,658","24,566","12,863","2,533"
Locality: 061 FAUQUIER COUNTY,0101,101 - KETTLE RUN,"1,770",46,"1,816",24,4,,24,"55,742","2,000","57,742",652,229,42,133,"6,006,967","329,212","6,336,179","136,658","24,566","12,863","2,533"
Locality: 061 FAUQUIER COUNTY,0102,102 - CATLETT,"3,397",101,"3,498",33,5,,24,"55,742","2,000","57,742",652,229,42,133,"6,006,967","329,212","6,336,179","136,658","24,566","12,863","2,533"
Locality: 061 FAUQUIER COUNTY,0103,103 - CASANOVA,"3,625",113,"3,738",48,16,1,24,"55,742","2,000","57,742",652,229,42,133,"6,006,967","329,212","6,336,179","136,658","24,566","12,863","2,533"
Locality: 061 FAUQUIER COUNTY,0104,104 - LOIS,"1,447",38,"1,485",18,,1,24,"55,742","2,000","57,742",652,229,42,133,"6,006,967","329,212","6,336,179","136,658","24,566","12,863","2,533"
Locality: 061 FAUQUIER COUNTY,0105,105 - OPAL,"1,583",53,"1,636",15,2,,24,"55,742","2,000","57,742",652,229,42,133,"6,006,967","329,212","6,336,179","136,658","24,566","12,863","2,533"
Locality: 061 FAUQUIER COUNTY,0201,201 - WARD 1,"1,599",66,"1,665",9,10,1,24,"55,742","2,000","57,742",652,229,42,133,"6,006,967","329,212","6,336,179","136,658","24,566","12,863","2,533"
Locality: 061 FAUQUIER COUNTY,0202,202 - WARD 2,"1,344",86,"1,430",20,6,,24,"55,742","2,000","57,742",652,229,42,133,"6,006,967","329,212","6,336,179","136,658","24,566","12,863","2,533"
Locality: 061 FAUQUIER COUNTY,0203,203 - WARD 3,"1,480",57,"1,537",17,5,4,24,"55,742","2,000","57,742",652,229,42,133,"6,006,967","329,212","6,336,179","136,658","24,566","12,863","2,533"
Locality: 061 FAUQUIER COUNTY,0204,204 - WARD 4,"1,490",50,"1,540",20,4,1,24,"55,742","2,000","57,742",652,229,42,133,"6,006,967","329,212","6,336,179","136,658","24,566","12,863","2,533"
Locality: 061 FAUQUIER COUNTY,0205,205 - WARD 5,"1,398",64,"1,462",8,12,,24,"55,742","2,000","57,742",652,229,42,133,"6,006,967","329,212","6,336,179","136,658","24,566","12,863","2,533"
Locality: 061 FAUQUIER COUNTY,0206,206 - AIRLIE,"2,847",87,"2,934",26,9,3,24,"55,742","2,000","57,742",652,229,42,133,"6,006,967","329,212","6,336,179","136,658","24,566","12,863","2,533"
Locality: 061 FAUQUIER COUNTY,0301,301 - MORRISVILLE,"3,510",115,"3,625",38,6,2,24,"55,742","2,000","57,742",652,229,42,133,"6,006,967","329,212","6,336,179","136,658","24,566","12,863","2,533"
Locality: 061 FAUQUIER COUNTY,0302,302 - BOTHA,"3,264",106,"3,370",41,4,3,24,"55,742","2,000","57,742",652,229,42,133,"6,006,967","329,212","6,336,179","136,658","24,566","12,863","2,533"
Locality: 061 FAUQUIER COUNTY,0303,303 - BEALETON,"3,264",160,"3,424",46,7,2,24,"55,742","2,000","57,742",652,229,42,133,"6,006,967","329,212","6,336,179","136,658","24,566","12,863","2,533"
Locality: 061 FAUQUIER COUNTY,0304,304 - REMINGTON,397,20,417,3,2,,24,"55,742","2,000","57,742",652,229,42,133,"6,006,967","329,212","6,336,179","136,658","24,566","12,863","2,533"
Locality: 061 FAUQUIER COUNTY,0401,401 - SALEM,"3,407",141,"3,548",37,11,1,24,"55,742","2,000","57,742",652,229,42,133,"6,006,967","329,212","6,336,179","136,658","24,566","12,863","2,533"
Locality: 061 FAUQUIER COUNTY,0402,402 - LEEDS,"3,411",114,"3,525",31,28,5,24,"55,742","2,000","57,742",652,229,42,133,"6,006,967","329,212","6,336,179","136,658","24,566","12,863","2,533"
Locality: 061 FAUQUIER COUNTY,0403,403 - WATERLOO,"3,469",91,"3,560",38,25,3,24,"55,742","2,000","57,742",652,229,42,133,"6,006,967","329,212","6,336,179","136,658","24,566","12,863","2,533"
Locality: 061 FAUQUIER COUNTY,0404,404 - SPRINGS VALLEY,"1,454",48,"1,502",12,10,2,24,"55,742","2,000","57,742",652,229,42,133,"6,006,967","329,212","6,336,179","136,658","24,566","12,863","2,533"
Locality: 061 FAUQUIER COUNTY,0501,501 - HOPEWELL,"1,458",75,"1,533",21,11,5,24,"55,742","2,000","57,742",652,229,42,133,"6,006,967","329,212","6,336,179","136,658","24,566","12,863","2,533"
Locality: 061 FAUQUIER COUNTY,0502,502 - NEW BALTIMORE,"3,839",157,"3,996",68,11,1,24,"55,742","2,000","57,742",652,229,42,133,"6,006,967","329,212","6,336,179","136,658","24,566","12,863","2,533"
Locality: 061 FAUQUIER COUNTY,0503,503 - BROAD RUN,"2,485",74,"2,559",36,21,1,24,"55,742","2,000","57,742",652,229,42,133,"6,006,967","329,212","6,336,179","136,658","24,566","12,863","2,533"
Locality: 061 FAUQUIER COUNTY,0504,504 - VINT HILL,"3,598",124,"3,722",42,18,5,24,"55,742","2,000","57,742",652,229,42,133,"6,006,967","329,212","6,336,179","136,658","24,566","12,863","2,533"
Locality: 061 FAUQUIER COUNTY,0505,505 - THE PLAINS,206,14,220,1,2,1,24,"55,742","2,000","57,742",652,229,42,133,"6,006,967","329,212","6,336,179","136,658","24,566","12,863","2,533"
Locality: 063 FLOYD COUNTY,0101,101 - LOCUST GROVE,"2,413",45,"2,458",15,7,,5,"11,931",242,"12,173",64,30,8,133,"6,006,967","329,212","6,336,179","136,658","24,566","12,863","2,533"
Locality: 063 FLOYD COUNTY,0201,201 - LITTLE RIVER,"2,386",50,"2,436",13,4,2,5,"11,931",242,"12,173",64,30,8,133,"6,006,967","329,212","6,336,179","136,658","24,566","12,863","2,533"
Locality: 063 FLOYD COUNTY,0301,301 - COURTHOUSE,"2,341",43,"2,384",16,9,2,5,"11,931",242,"12,173",64,30,8,133,"6,006,967","329,212","6,336,179","136,658","24,566","12,863","2,533"
Locality: 063 FLOYD COUNTY,0401,401 - BURKS FORK,"2,401",58,"2,459",11,3,3,5,"11,931",242,"12,173",64,30,8,133,"6,006,967","329,212","6,336,179","136,658","24,566","12,863","2,533"
Locality: 063 FLOYD COUNTY,0501,501 - INDIAN VALLEY,"2,390",46,"2,436",9,7,1,5,"11,931",242,"12,173",64,30,8,133,"6,006,967","329,212","6,336,179","136,658","24,566","12,863","2,533"
Locality: 065 FLUVANNA COUNTY,0101,101 - PALMYRA,"4,232",109,"4,341",47,15,4,5,"21,346",561,"21,907",219,54,21,133,"6,006,967","329,212","6,336,179","136,658","24,566","12,863","2,533"
Locality: 065 FLUVANNA COUNTY,0201,201 - COLUMBIA,"4,049",98,"4,147",28,5,8,5,"21,346",561,"21,907",219,54,21,133,"6,006,967","329,212","6,336,179","136,658","24,566","12,863","2,533"
Locality: 065 FLUVANNA COUNTY,0301,301 - FORK UNION,"4,324",106,"4,430",39,6,3,5,"21,346",561,"21,907",219,54,21,133,"6,006,967","329,212","6,336,179","136,658","24,566","12,863","2,533"
Locality: 065 FLUVANNA COUNTY,0401,401 - CUNNINGHAM,"4,121",99,"4,220",52,13,2,5,"21,346",561,"21,907",219,54,21,133,"6,006,967","329,212","6,336,179","136,658","24,566","12,863","2,533"
Locality: 065 FLUVANNA COUNTY,0501,501 - RIVANNA,"4,620",149,"4,769",53,15,4,5,"21,346",561,"21,907",219,54,21,133,"6,006,967","329,212","6,336,179","136,658","24,566","12,863","2,533"
Locality: 067 FRANKLIN COUNTY,0102,102 - BURNT CHIMNEY,"3,605",208,"3,813",24,6,4,23,"39,969","1,266","41,235",243,31,26,133,"6,006,967","329,212","6,336,179","136,658","24,566","12,863","2,533"
Locality: 067 FRANKLIN COUNTY,0103,103 - SCRUGGS,"3,229",80,"3,309",16,1,3,23,"39,969","1,266","41,235",243,31,26,133,"6,006,967","329,212","6,336,179","136,658","24,566","12,863","2,533"
Locality: 067 FRANKLIN COUNTY,0201,201 - GLADE HILL,"1,265",25,"1,290",8,1,1,23,"39,969","1,266","41,235",243,31,26,133,"6,006,967","329,212","6,336,179","136,658","24,566","12,863","2,533"
Locality: 067 FRANKLIN COUNTY,0202,202 - PENHOOK,"1,636",83,"1,719",9,5,2,23,"39,969","1,266","41,235",243,31,26,133,"6,006,967","329,212","6,336,179","136,658","24,566","12,863","2,533"
Locality: 067 FRANKLIN COUNTY,0203,203 - HODGESVILLE,"1,533",52,"1,585",6,2,,23,"39,969","1,266","41,235",243,31,26,133,"6,006,967","329,212","6,336,179","136,658","24,566","12,863","2,533"
Locality: 067 FRANKLIN COUNTY,0204,204 - DUDLEY,"1,866",59,"1,925",18,1,2,23,"39,969","1,266","41,235",243,31,26,133,"6,006,967","329,212","6,336,179","136,658","24,566","12,863","2,533"
Locality: 067 FRANKLIN COUNTY,0301,301 - SNOW CREEK,"1,087",26,"1,113",8,2,1,23,"39,969","1,266","41,235",243,31,26,133,"6,006,967","329,212","6,336,179","136,658","24,566","12,863","2,533"
Locality: 067 FRANKLIN COUNTY,0302,302 - FORK MOUNTAIN,"1,071",31,"1,102",5,,,23,"39,969","1,266","41,235",243,31,26,133,"6,006,967","329,212","6,336,179","136,658","24,566","12,863","2,533"
Locality: 067 FRANKLIN COUNTY,0303,303 - SONTAG,"2,125",48,"2,173",11,1,,23,"39,969","1,266","41,235",243,31,26,133,"6,006,967","329,212","6,336,179","136,658","24,566","12,863","2,533"
Locality: 067 FRANKLIN COUNTY,0304,304 - DICKINSON,"1,106",22,"1,128",8,,3,23,"39,969","1,266","41,235",243,31,26,133,"6,006,967","329,212","6,336,179","136,658","24,566","12,863","2,533"
Locality: 067 FRANKLIN COUNTY,0401,401 - HENRY,"1,404",71,"1,475",13,,2,23,"39,969","1,266","41,235",243,31,26,133,"6,006,967","329,212","6,336,179","136,658","24,566","12,863","2,533"
Locality: 067 FRANKLIN COUNTY,0402,402 - FERRUM,"1,425",45,"1,470",6,,2,23,"39,969","1,266","41,235",243,31,26,133,"6,006,967","329,212","6,336,179","136,658","24,566","12,863","2,533"
Locality: 067 FRANKLIN COUNTY,0403,403 - ENDICOTT,809,21,830,6,1,,23,"39,969","1,266","41,235",243,31,26,133,"6,006,967","329,212","6,336,179","136,658","24,566","12,863","2,533"
Locality: 067 FRANKLIN COUNTY,0404,404 - WAIDSBORO,"1,210",28,"1,238",4,1,1,23,"39,969","1,266","41,235",243,31,26,133,"6,006,967","329,212","6,336,179","136,658","24,566","12,863","2,533"
Locality: 067 FRANKLIN COUNTY,0502,502 - CALLAWAY,"1,893",42,"1,935",16,2,1,23,"39,969","1,266","41,235",243,31,26,133,"6,006,967","329,212","6,336,179","136,658","24,566","12,863","2,533"
Locality: 067 FRANKLIN COUNTY,0503,503 - BOWMANS,"1,763",42,"1,805",11,1,1,23,"39,969","1,266","41,235",243,31,26,133,"6,006,967","329,212","6,336,179","136,658","24,566","12,863","2,533"
Locality: 067 FRANKLIN COUNTY,0504,504 - GOGGINSVILLE,"1,978",54,"2,032",10,2,,23,"39,969","1,266","41,235",243,31,26,133,"6,006,967","329,212","6,336,179","136,658","24,566","12,863","2,533"
Locality: 067 FRANKLIN COUNTY,0601,601 - BOONES MILL,"2,625",73,"2,698",14,,,23,"39,969","1,266","41,235",243,31,26,133,"6,006,967","329,212","6,336,179","136,658","24,566","12,863","2,533"
Locality: 067 FRANKLIN COUNTY,0602,602 - BONBROOK,"1,880",44,"1,924",9,2,1,23,"39,969","1,266","41,235",243,31,26,133,"6,006,967","329,212","6,336,179","136,658","24,566","12,863","2,533"
Locality: 067 FRANKLIN COUNTY,0603,603 - COOPERS COVE,"1,272",29,"1,301",11,1,,23,"39,969","1,266","41,235",243,31,26,133,"6,006,967","329,212","6,336,179","136,658","24,566","12,863","2,533"
Locality: 067 FRANKLIN COUNTY,0701,701 - ROCKY MOUNT EAST,"1,780",64,"1,844",11,1,2,23,"39,969","1,266","41,235",243,31,26,133,"6,006,967","329,212","6,336,179","136,658","24,566","12,863","2,533"
Locality: 067 FRANKLIN COUNTY,0702,702 - ROCKY MOUNT WEST,"2,020",78,"2,098",12,,,23,"39,969","1,266","41,235",243,31,26,133,"6,006,967","329,212","6,336,179","136,658","24,566","12,863","2,533"
Locality: 067 FRANKLIN COUNTY,0703,703 - ROCKY MOUNT SOUTH,"1,387",41,"1,428",7,1,,23,"39,969","1,266","41,235",243,31,26,133,"6,006,967","329,212","6,336,179","136,658","24,566","12,863","2,533"
Locality: 069 FREDERICK COUNTY,0101,101 - RUSSELLS,"3,209",110,"3,319",29,12,9,29,"69,190","3,820","73,010",713,150,78,133,"6,006,967","329,212","6,336,179","136,658","24,566","12,863","2,533"
Locality: 069 FREDERICK COUNTY,0102,102 - GORE,"3,534",194,"3,728",30,5,2,29,"69,190","3,820","73,010",713,150,78,133,"6,006,967","329,212","6,336,179","136,658","24,566","12,863","2,533"
Locality: 069 FREDERICK COUNTY,0103,103 - KERNSTOWN,"3,020",143,"3,163",31,11,5,29,"69,190","3,820","73,010",713,150,78,133,"6,006,967","329,212","6,336,179","136,658","24,566","12,863","2,533"
Locality: 069 FREDERICK COUNTY,0104,104 - CEDAR CREEK,"1,080",45,"1,125",11,2,1,29,"69,190","3,820","73,010",713,150,78,133,"6,006,967","329,212","6,336,179","136,658","24,566","12,863","2,533"
Locality: 069 FREDERICK COUNTY,0105,105 - MIDDLETOWN ,"1,352",81,"1,433",11,4,,29,"69,190","3,820","73,010",713,150,78,133,"6,006,967","329,212","6,336,179","136,658","24,566","12,863","2,533"
Locality: 069 FREDERICK COUNTY,0201,201 - GAINESBOROUGH,"2,072",94,"2,166",23,2,3,29,"69,190","3,820","73,010",713,150,78,133,"6,006,967","329,212","6,336,179","136,658","24,566","12,863","2,533"
Locality: 069 FREDERICK COUNTY,0202,202 - ALBIN,"2,437",109,"2,546",29,8,4,29,"69,190","3,820","73,010",713,150,78,133,"6,006,967","329,212","6,336,179","136,658","24,566","12,863","2,533"
Locality: 069 FREDERICK COUNTY,0203,203 - REDLAND,"3,745",254,"3,999",52,10,3,29,"69,190","3,820","73,010",713,150,78,133,"6,006,967","329,212","6,336,179","136,658","24,566","12,863","2,533"
Locality: 069 FREDERICK COUNTY,0204,204 - NAIN,"2,235",97,"2,332",22,4,1,29,"69,190","3,820","73,010",713,150,78,133,"6,006,967","329,212","6,336,179","136,658","24,566","12,863","2,533"
Locality: 069 FREDERICK COUNTY,0205,205 - WHITE HALL,"1,575",58,"1,633",13,3,1,29,"69,190","3,820","73,010",713,150,78,133,"6,006,967","329,212","6,336,179","136,658","24,566","12,863","2,533"
Locality: 069 FREDERICK COUNTY,0301,301 - CLEAR BROOK,"2,596",135,"2,731",21,4,2,29,"69,190","3,820","73,010",713,150,78,133,"6,006,967","329,212","6,336,179","136,658","24,566","12,863","2,533"
Locality: 069 FREDERICK COUNTY,0302,302 - NEFF'S TOWN,988,95,"1,083",9,2,1,29,"69,190","3,820","73,010",713,150,78,133,"6,006,967","329,212","6,336,179","136,658","24,566","12,863","2,533"
Locality: 069 FREDERICK COUNTY,0303,303 - JORDAN SPRINGS,"3,674",205,"3,879",38,4,8,29,"69,190","3,820","73,010",713,150,78,133,"6,006,967","329,212","6,336,179","136,658","24,566","12,863","2,533"
Locality: 069 FREDERICK COUNTY,0304,304 - GIBSON SCHOOL,"1,155",102,"1,257",15,,,29,"69,190","3,820","73,010",713,150,78,133,"6,006,967","329,212","6,336,179","136,658","24,566","12,863","2,533"
Locality: 069 FREDERICK COUNTY,0305,305 - SUNNYSIDE,"1,565",108,"1,673",16,2,2,29,"69,190","3,820","73,010",713,150,78,133,"6,006,967","329,212","6,336,179","136,658","24,566","12,863","2,533"
Locality: 069 FREDERICK COUNTY,0401,401 - ARMEL,"2,294",124,"2,418",22,8,5,29,"69,190","3,820","73,010",713,150,78,133,"6,006,967","329,212","6,336,179","136,658","24,566","12,863","2,533"
Locality: 069 FREDERICK COUNTY,0402,402 - SHENANDOAH,"3,695",188,"3,883",45,7,2,29,"69,190","3,820","73,010",713,150,78,133,"6,006,967","329,212","6,336,179","136,658","24,566","12,863","2,533"
Locality: 069 FREDERICK COUNTY,0403,403 - PARKIN'S MILL,"3,157",263,"3,420",31,7,2,29,"69,190","3,820","73,010",713,150,78,133,"6,006,967","329,212","6,336,179","136,658","24,566","12,863","2,533"
Locality: 069 FREDERICK COUNTY,0404,404 - WHITE OAK SCHOOL,"2,570",111,"2,681",36,6,6,29,"69,190","3,820","73,010",713,150,78,133,"6,006,967","329,212","6,336,179","136,658","24,566","12,863","2,533"
Locality: 069 FREDERICK COUNTY,0501,501 - STEPHENS CITY,"1,993",124,"2,117",24,3,1,29,"69,190","3,820","73,010",713,150,78,133,"6,006,967","329,212","6,336,179","136,658","24,566","12,863","2,533"
Locality: 069 FREDERICK COUNTY,0502,502 - BASS-HOOVER,"2,555",210,"2,765",30,3,5,29,"69,190","3,820","73,010",713,150,78,133,"6,006,967","329,212","6,336,179","136,658","24,566","12,863","2,533"
Locality: 069 FREDERICK COUNTY,0503,503 - CANTERBURG,"3,465",121,"3,586",31,11,3,29,"69,190","3,820","73,010",713,150,78,133,"6,006,967","329,212","6,336,179","136,658","24,566","12,863","2,533"
Locality: 069 FREDERICK COUNTY,0504,504 - VAUCLUSE SPRING,"2,857",138,"2,995",29,3,3,29,"69,190","3,820","73,010",713,150,78,133,"6,006,967","329,212","6,336,179","136,658","24,566","12,863","2,533"
Locality: 069 FREDERICK COUNTY,0505,505 - AYLOR,"1,609",97,"1,706",16,3,,29,"69,190","3,820","73,010",713,150,78,133,"6,006,967","329,212","6,336,179","136,658","24,566","12,863","2,533"
Locality: 069 FREDERICK COUNTY,0601,601 - MILLBROOK,"2,738",158,"2,896",22,8,2,29,"69,190","3,820","73,010",713,150,78,133,"6,006,967","329,212","6,336,179","136,658","24,566","12,863","2,533"
Locality: 069 FREDERICK COUNTY,0602,602 - ASH HOLLOW,"3,135",216,"3,351",33,1,4,29,"69,190","3,820","73,010",713,150,78,133,"6,006,967","329,212","6,336,179","136,658","24,566","12,863","2,533"
Locality: 069 FREDERICK COUNTY,0603,603 - GREENWOOD,"3,606",190,"3,796",36,14,2,29,"69,190","3,820","73,010",713,150,78,133,"6,006,967","329,212","6,336,179","136,658","24,566","12,863","2,533"
Locality: 069 FREDERICK COUNTY,0604,604 - CARPERS VALLEY,968,40,"1,008",7,3,1,29,"69,190","3,820","73,010",713,150,78,133,"6,006,967","329,212","6,336,179","136,658","24,566","12,863","2,533"
Locality: 069 FREDERICK COUNTY,0605,605 - SULPHUR SPRING,311,10,321,1,,,29,"69,190","3,820","73,010",713,150,78,133,"6,006,967","329,212","6,336,179","136,658","24,566","12,863","2,533"
Locality: 071 GILES COUNTY,0102,102 - RICH CREEK,"1,057",60,"1,117",4,1,,8,"11,974",468,"12,442",69,10,4,133,"6,006,967","329,212","6,336,179","136,658","24,566","12,863","2,533"
Locality: 071 GILES COUNTY,0103,103 - NARROWS,"2,460",160,"2,620",17,2,1,8,"11,974",468,"12,442",69,10,4,133,"6,006,967","329,212","6,336,179","136,658","24,566","12,863","2,533"
Locality: 071 GILES COUNTY,0201,201 - PEARISBURG,"3,242",113,"3,355",14,3,1,8,"11,974",468,"12,442",69,10,4,133,"6,006,967","329,212","6,336,179","136,658","24,566","12,863","2,533"
Locality: 071 GILES COUNTY,0202,202 - STAFFORDSVILLE,525,15,540,3,,,8,"11,974",468,"12,442",69,10,4,133,"6,006,967","329,212","6,336,179","136,658","24,566","12,863","2,533"
Locality: 071 GILES COUNTY,0203,203 - WHITE GATE,292,9,301,,,,8,"11,974",468,"12,442",69,10,4,133,"6,006,967","329,212","6,336,179","136,658","24,566","12,863","2,533"
Locality: 071 GILES COUNTY,0301,301 - EGGLESTON,901,21,922,6,1,,8,"11,974",468,"12,442",69,10,4,133,"6,006,967","329,212","6,336,179","136,658","24,566","12,863","2,533"
Locality: 071 GILES COUNTY,0302,302 - PEMBROKE,"2,335",62,"2,397",19,1,1,8,"11,974",468,"12,442",69,10,4,133,"6,006,967","329,212","6,336,179","136,658","24,566","12,863","2,533"
Locality: 071 GILES COUNTY,0303,303 - NEWPORT,"1,162",28,"1,190",6,2,1,8,"11,974",468,"12,442",69,10,4,133,"6,006,967","329,212","6,336,179","136,658","24,566","12,863","2,533"
Locality: 073 GLOUCESTER COUNTY,0101,101 - HARCUM,"2,255",56,"2,311",46,4,1,11,"30,231",917,"31,148",852,60,24,133,"6,006,967","329,212","6,336,179","136,658","24,566","12,863","2,533"
Locality: 073 GLOUCESTER COUNTY,0102,102 - SALEM,"1,912",49,"1,961",46,2,1,11,"30,231",917,"31,148",852,60,24,133,"6,006,967","329,212","6,336,179","136,658","24,566","12,863","2,533"
Locality: 073 GLOUCESTER COUNTY,0103,103 - PEASLEY,"1,668",36,"1,704",33,1,,11,"30,231",917,"31,148",852,60,24,133,"6,006,967","329,212","6,336,179","136,658","24,566","12,863","2,533"
Locality: 073 GLOUCESTER COUNTY,0201,201 - COURTHOUSE,"2,434",56,"2,490",65,9,3,11,"30,231",917,"31,148",852,60,24,133,"6,006,967","329,212","6,336,179","136,658","24,566","12,863","2,533"
Locality: 073 GLOUCESTER COUNTY,0202,202 - BOTETOURT,"3,546",111,"3,657",141,5,4,11,"30,231",917,"31,148",852,60,24,133,"6,006,967","329,212","6,336,179","136,658","24,566","12,863","2,533"
Locality: 073 GLOUCESTER COUNTY,0301,301 - WHITE MARSH,"3,789",110,"3,899",101,6,2,11,"30,231",917,"31,148",852,60,24,133,"6,006,967","329,212","6,336,179","136,658","24,566","12,863","2,533"
Locality: 073 GLOUCESTER COUNTY,0302,302 - ROANES,"2,560",74,"2,634",80,6,2,11,"30,231",917,"31,148",852,60,24,133,"6,006,967","329,212","6,336,179","136,658","24,566","12,863","2,533"
Locality: 073 GLOUCESTER COUNTY,0401,401 - HAYES,"3,242",134,"3,376",79,13,2,11,"30,231",917,"31,148",852,60,24,133,"6,006,967","329,212","6,336,179","136,658","24,566","12,863","2,533"
Locality: 073 GLOUCESTER COUNTY,0402,402 - SARAHS CREEK,"2,596",107,"2,703",79,2,4,11,"30,231",917,"31,148",852,60,24,133,"6,006,967","329,212","6,336,179","136,658","24,566","12,863","2,533"
Locality: 073 GLOUCESTER COUNTY,0501,501 - ACHILLES,"3,691",102,"3,793",93,6,3,11,"30,231",917,"31,148",852,60,24,133,"6,006,967","329,212","6,336,179","136,658","24,566","12,863","2,533"
Locality: 073 GLOUCESTER COUNTY,0502,502 - WALKER,"2,538",82,"2,620",89,6,2,11,"30,231",917,"31,148",852,60,24,133,"6,006,967","329,212","6,336,179","136,658","24,566","12,863","2,533"
Locality: 075 GOOCHLAND COUNTY,0101,101 - FIFE,"1,876",31,"1,907",14,,3,11,"23,673",545,"24,218",161,71,23,133,"6,006,967","329,212","6,336,179","136,658","24,566","12,863","2,533"
Locality: 075 GOOCHLAND COUNTY,0102,102 - HADENSVILLE,"2,375",45,"2,420",24,3,1,11,"23,673",545,"24,218",161,71,23,133,"6,006,967","329,212","6,336,179","136,658","24,566","12,863","2,533"
Locality: 075 GOOCHLAND COUNTY,0201,201 - THREE SQUARE,"2,034",41,"2,075",13,3,3,11,"23,673",545,"24,218",161,71,23,133,"6,006,967","329,212","6,336,179","136,658","24,566","12,863","2,533"
Locality: 075 GOOCHLAND COUNTY,0202,202 - SANDY HOOK,"2,110",53,"2,163",29,4,,11,"23,673",545,"24,218",161,71,23,133,"6,006,967","329,212","6,336,179","136,658","24,566","12,863","2,533"
Locality: 075 GOOCHLAND COUNTY,0301,301 - BEAVERDAM,"2,425",59,"2,484",14,13,3,11,"23,673",545,"24,218",161,71,23,133,"6,006,967","329,212","6,336,179","136,658","24,566","12,863","2,533"
Locality: 075 GOOCHLAND COUNTY,0302,302 - RANDOLPH,"1,657",28,"1,685",7,8,2,11,"23,673",545,"24,218",161,71,23,133,"6,006,967","329,212","6,336,179","136,658","24,566","12,863","2,533"
Locality: 075 GOOCHLAND COUNTY,0401,401 - SHALLOW WELL,"1,188",27,"1,215",7,7,2,11,"23,673",545,"24,218",161,71,23,133,"6,006,967","329,212","6,336,179","136,658","24,566","12,863","2,533"
Locality: 075 GOOCHLAND COUNTY,0402,402 - CENTERVILLE,"2,987",50,"3,037",12,11,1,11,"23,673",545,"24,218",161,71,23,133,"6,006,967","329,212","6,336,179","136,658","24,566","12,863","2,533"
Locality: 075 GOOCHLAND COUNTY,0403,403 - WEST CREEK,"1,530",118,"1,648",13,2,,11,"23,673",545,"24,218",161,71,23,133,"6,006,967","329,212","6,336,179","136,658","24,566","12,863","2,533"
Locality: 075 GOOCHLAND COUNTY,0501,501 - MANAKIN,"2,339",38,"2,377",19,8,3,11,"23,673",545,"24,218",161,71,23,133,"6,006,967","329,212","6,336,179","136,658","24,566","12,863","2,533"
Locality: 075 GOOCHLAND COUNTY,0502,502 - BLAIR,"3,152",55,"3,207",9,12,5,11,"23,673",545,"24,218",161,71,23,133,"6,006,967","329,212","6,336,179","136,658","24,566","12,863","2,533"
Locality: 077 GRAYSON COUNTY,0101,101 - BRIDLE CREEK,675,15,690,2,,,15,"10,685",360,"11,045",51,5,7,133,"6,006,967","329,212","6,336,179","136,658","24,566","12,863","2,533"
Locality: 077 GRAYSON COUNTY,0102,102 - FLATRIDGE,262,7,269,1,,,15,"10,685",360,"11,045",51,5,7,133,"6,006,967","329,212","6,336,179","136,658","24,566","12,863","2,533"
Locality: 077 GRAYSON COUNTY,0103,103 - GRANT,443,13,456,2,,,15,"10,685",360,"11,045",51,5,7,133,"6,006,967","329,212","6,336,179","136,658","24,566","12,863","2,533"
Locality: 077 GRAYSON COUNTY,0104,104 - MOUTH OF WILSON,292,20,312,1,,3,15,"10,685",360,"11,045",51,5,7,133,"6,006,967","329,212","6,336,179","136,658","24,566","12,863","2,533"
Locality: 077 GRAYSON COUNTY,0105,105 - MOUNT ROGERS,362,8,370,3,,,15,"10,685",360,"11,045",51,5,7,133,"6,006,967","329,212","6,336,179","136,658","24,566","12,863","2,533"
Locality: 077 GRAYSON COUNTY,0106,106 - RUGBY,314,4,318,1,,,15,"10,685",360,"11,045",51,5,7,133,"6,006,967","329,212","6,336,179","136,658","24,566","12,863","2,533"
Locality: 077 GRAYSON COUNTY,0107,107 - TROUTDALE,186,8,194,,,,15,"10,685",360,"11,045",51,5,7,133,"6,006,967","329,212","6,336,179","136,658","24,566","12,863","2,533"
Locality: 077 GRAYSON COUNTY,0108,108 - COMERS ROCK,236,9,245,1,,,15,"10,685",360,"11,045",51,5,7,133,"6,006,967","329,212","6,336,179","136,658","24,566","12,863","2,533"
Locality: 077 GRAYSON COUNTY,0202,202 - ELK CREEK,768,17,785,11,,,15,"10,685",360,"11,045",51,5,7,133,"6,006,967","329,212","6,336,179","136,658","24,566","12,863","2,533"
Locality: 077 GRAYSON COUNTY,0203,203 - INDEPENDENCE,"1,774",61,"1,835",7,3,1,15,"10,685",360,"11,045",51,5,7,133,"6,006,967","329,212","6,336,179","136,658","24,566","12,863","2,533"
Locality: 077 GRAYSON COUNTY,0301,301 - BAYWOOD,"1,149",42,"1,191",3,,,15,"10,685",360,"11,045",51,5,7,133,"6,006,967","329,212","6,336,179","136,658","24,566","12,863","2,533"
Locality: 077 GRAYSON COUNTY,0302,302 - FAIRVIEW,"1,566",64,"1,630",7,1,1,15,"10,685",360,"11,045",51,5,7,133,"6,006,967","329,212","6,336,179","136,658","24,566","12,863","2,533"
Locality: 077 GRAYSON COUNTY,0401,401 - FRIES,709,14,723,1,,1,15,"10,685",360,"11,045",51,5,7,133,"6,006,967","329,212","6,336,179","136,658","24,566","12,863","2,533"
Locality: 077 GRAYSON COUNTY,0402,402 - PROVIDENCE,"1,325",38,"1,363",5,1,1,15,"10,685",360,"11,045",51,5,7,133,"6,006,967","329,212","6,336,179","136,658","24,566","12,863","2,533"
Locality: 077 GRAYSON COUNTY,0403,403 - OLDTOWN,624,40,664,6,,,15,"10,685",360,"11,045",51,5,7,133,"6,006,967","329,212","6,336,179","136,658","24,566","12,863","2,533"
Locality: 079 GREENE COUNTY,0101,101 - DYKE,"1,386",29,"1,415",5,1,6,6,"15,746",463,"16,209",192,41,28,133,"6,006,967","329,212","6,336,179","136,658","24,566","12,863","2,533"
Locality: 079 GREENE COUNTY,0102,102 - SWIFT RUN,"2,361",47,"2,408",21,6,4,6,"15,746",463,"16,209",192,41,28,133,"6,006,967","329,212","6,336,179","136,658","24,566","12,863","2,533"
Locality: 079 GREENE COUNTY,0201,201 - RUCKERSVILLE,"3,875",177,"4,052",55,10,4,6,"15,746",463,"16,209",192,41,28,133,"6,006,967","329,212","6,336,179","136,658","24,566","12,863","2,533"
Locality: 079 GREENE COUNTY,0301,301 - STANARDSVILLE,"3,692",106,"3,798",47,3,5,6,"15,746",463,"16,209",192,41,28,133,"6,006,967","329,212","6,336,179","136,658","24,566","12,863","2,533"
Locality: 079 GREENE COUNTY,0302,302 - STANARDSVILLE TOWN,224,10,234,,3,1,6,"15,746",463,"16,209",192,41,28,133,"6,006,967","329,212","6,336,179","136,658","24,566","12,863","2,533"
Locality: 079 GREENE COUNTY,0401,401 - MIDWAY,"4,208",94,"4,302",64,18,8,6,"15,746",463,"16,209",192,41,28,133,"6,006,967","329,212","6,336,179","136,658","24,566","12,863","2,533"
Locality: 081 GREENSVILLE COUNTY,0101,101 - PRECINCT 1-A,526,7,533,4,,,9,"6,262",180,"6,442",67,1,1,133,"6,006,967","329,212","6,336,179","136,658","24,566","12,863","2,533"
Locality: 081 GREENSVILLE COUNTY,0102,102 - PRECINCT 1-B,264,7,271,2,,,9,"6,262",180,"6,442",67,1,1,133,"6,006,967","329,212","6,336,179","136,658","24,566","12,863","2,533"
Locality: 081 GREENSVILLE COUNTY,0103,103 - PRECINCT 1-C,805,34,839,5,,,9,"6,262",180,"6,442",67,1,1,133,"6,006,967","329,212","6,336,179","136,658","24,566","12,863","2,533"
Locality: 081 GREENSVILLE COUNTY,0201,201 - PRECINCT 2-A,762,28,790,12,,,9,"6,262",180,"6,442",67,1,1,133,"6,006,967","329,212","6,336,179","136,658","24,566","12,863","2,533"
Locality: 081 GREENSVILLE COUNTY,0202,202 - PRECINCT 2-B,959,31,990,7,,,9,"6,262",180,"6,442",67,1,1,133,"6,006,967","329,212","6,336,179","136,658","24,566","12,863","2,533"
Locality: 081 GREENSVILLE COUNTY,0302,302 - PRECINCT 3-A,"1,221",32,"1,253",16,1,,9,"6,262",180,"6,442",67,1,1,133,"6,006,967","329,212","6,336,179","136,658","24,566","12,863","2,533"
Locality: 081 GREENSVILLE COUNTY,0401,401 - PRECINCT 4-A,408,5,413,6,,,9,"6,262",180,"6,442",67,1,1,133,"6,006,967","329,212","6,336,179","136,658","24,566","12,863","2,533"
Locality: 081 GREENSVILLE COUNTY,0402,402 - PRECINCT 4-B,768,24,792,11,,1,9,"6,262",180,"6,442",67,1,1,133,"6,006,967","329,212","6,336,179","136,658","24,566","12,863","2,533"
Locality: 081 GREENSVILLE COUNTY,0403,403 - PRECINCT 4-C,549,12,561,4,,,9,"6,262",180,"6,442",67,1,1,133,"6,006,967","329,212","6,336,179","136,658","24,566","12,863","2,533"
Locality: 083 HALIFAX COUNTY,0101,101 - CHILDREY,"1,105",22,"1,127",10,,,20,"24,806",781,"25,587",203,27,,133,"6,006,967","329,212","6,336,179","136,658","24,566","12,863","2,533"
Locality: 083 HALIFAX COUNTY,0102,102 - LIBERTY,602,15,617,7,1,,20,"24,806",781,"25,587",203,27,,133,"6,006,967","329,212","6,336,179","136,658","24,566","12,863","2,533"
Locality: 083 HALIFAX COUNTY,0103,103 - REPUBLICAN GROVE,"1,326",39,"1,365",10,,,20,"24,806",781,"25,587",203,27,,133,"6,006,967","329,212","6,336,179","136,658","24,566","12,863","2,533"
Locality: 083 HALIFAX COUNTY,0201,201 - CLAYS MILL,799,16,815,7,,,20,"24,806",781,"25,587",203,27,,133,"6,006,967","329,212","6,336,179","136,658","24,566","12,863","2,533"
Locality: 083 HALIFAX COUNTY,0202,202 - CROSSROADS,756,21,777,5,2,,20,"24,806",781,"25,587",203,27,,133,"6,006,967","329,212","6,336,179","136,658","24,566","12,863","2,533"
Locality: 083 HALIFAX COUNTY,0203,203 - CLOVER,"1,255",41,"1,296",8,,,20,"24,806",781,"25,587",203,27,,133,"6,006,967","329,212","6,336,179","136,658","24,566","12,863","2,533"
Locality: 083 HALIFAX COUNTY,0302,302 - MEADVILLE,530,16,546,5,,,20,"24,806",781,"25,587",203,27,,133,"6,006,967","329,212","6,336,179","136,658","24,566","12,863","2,533"
Locality: 083 HALIFAX COUNTY,0304,304 - VERNON HILL,869,30,899,8,2,,20,"24,806",781,"25,587",203,27,,133,"6,006,967","329,212","6,336,179","136,658","24,566","12,863","2,533"
Locality: 083 HALIFAX COUNTY,0305,305 - SINAI,"1,857",106,"1,963",12,2,,20,"24,806",781,"25,587",203,27,,133,"6,006,967","329,212","6,336,179","136,658","24,566","12,863","2,533"
Locality: 083 HALIFAX COUNTY,0401,401 - COURTHOUSE,"1,515",38,"1,553",14,3,,20,"24,806",781,"25,587",203,27,,133,"6,006,967","329,212","6,336,179","136,658","24,566","12,863","2,533"
Locality: 083 HALIFAX COUNTY,0403,403 - CENTER,"1,637",55,"1,692",12,2,,20,"24,806",781,"25,587",203,27,,133,"6,006,967","329,212","6,336,179","136,658","24,566","12,863","2,533"
Locality: 083 HALIFAX COUNTY,0502,502 - DAN RIVER,"2,023",71,"2,094",12,5,,20,"24,806",781,"25,587",203,27,,133,"6,006,967","329,212","6,336,179","136,658","24,566","12,863","2,533"
Locality: 083 HALIFAX COUNTY,0503,503 - SCOTTSBURG,984,24,"1,008",8,2,,20,"24,806",781,"25,587",203,27,,133,"6,006,967","329,212","6,336,179","136,658","24,566","12,863","2,533"
Locality: 083 HALIFAX COUNTY,0601,601 - BLACK WALNUT,"1,256",35,"1,291",19,2,,20,"24,806",781,"25,587",203,27,,133,"6,006,967","329,212","6,336,179","136,658","24,566","12,863","2,533"
Locality: 083 HALIFAX COUNTY,0603,603 - MT CARMEL,"1,667",39,"1,706",10,2,,20,"24,806",781,"25,587",203,27,,133,"6,006,967","329,212","6,336,179","136,658","24,566","12,863","2,533"
Locality: 083 HALIFAX COUNTY,0605,605 - UNION,528,12,540,2,,,20,"24,806",781,"25,587",203,27,,133,"6,006,967","329,212","6,336,179","136,658","24,566","12,863","2,533"
Locality: 083 HALIFAX COUNTY,0701,701 - HYCO,"1,607",40,"1,647",16,1,,20,"24,806",781,"25,587",203,27,,133,"6,006,967","329,212","6,336,179","136,658","24,566","12,863","2,533"
Locality: 083 HALIFAX COUNTY,0702,702 - MIDWAY,"1,037",27,"1,064",5,3,,20,"24,806",781,"25,587",203,27,,133,"6,006,967","329,212","6,336,179","136,658","24,566","12,863","2,533"
Locality: 083 HALIFAX COUNTY,0703,703 - VIRGILINA,759,19,778,5,,,20,"24,806",781,"25,587",203,27,,133,"6,006,967","329,212","6,336,179","136,658","24,566","12,863","2,533"
Locality: 083 HALIFAX COUNTY,0801,801 - SOUTH BOSTON,"2,694",115,"2,809",28,,,20,"24,806",781,"25,587",203,27,,133,"6,006,967","329,212","6,336,179","136,658","24,566","12,863","2,533"
Locality: 085 HANOVER COUNTY,0101,101 - ASHLAND,"2,126",86,"2,212",21,12,3,36,"87,361","2,472","89,833",966,171,101,133,"6,006,967","329,212","6,336,179","136,658","24,566","12,863","2,533"
Locality: 085 HANOVER COUNTY,0104,104 - SLIDING HILL,"2,240",69,"2,309",34,8,4,36,"87,361","2,472","89,833",966,171,101,133,"6,006,967","329,212","6,336,179","136,658","24,566","12,863","2,533"
Locality: 085 HANOVER COUNTY,0105,105 - BERKLEY,"2,328",202,"2,530",30,7,3,36,"87,361","2,472","89,833",966,171,101,133,"6,006,967","329,212","6,336,179","136,658","24,566","12,863","2,533"
Locality: 085 HANOVER COUNTY,0106,106 - KERSEY CREEK,"1,252",34,"1,286",18,1,3,36,"87,361","2,472","89,833",966,171,101,133,"6,006,967","329,212","6,336,179","136,658","24,566","12,863","2,533"
Locality: 085 HANOVER COUNTY,0108,108 - HONEY MEADOWS,"3,151",65,"3,216",33,13,9,36,"87,361","2,472","89,833",966,171,101,133,"6,006,967","329,212","6,336,179","136,658","24,566","12,863","2,533"
Locality: 085 HANOVER COUNTY,0201,201 - BEAVERDAM,"3,147",82,"3,229",36,6,2,36,"87,361","2,472","89,833",966,171,101,133,"6,006,967","329,212","6,336,179","136,658","24,566","12,863","2,533"
Locality: 085 HANOVER COUNTY,0202,202 - BLUNTS,"1,376",47,"1,423",20,1,5,36,"87,361","2,472","89,833",966,171,101,133,"6,006,967","329,212","6,336,179","136,658","24,566","12,863","2,533"
Locality: 085 HANOVER COUNTY,0203,203 - WILMINGTON PARISH,"2,781",79,"2,860",32,11,3,36,"87,361","2,472","89,833",966,171,101,133,"6,006,967","329,212","6,336,179","136,658","24,566","12,863","2,533"
Locality: 085 HANOVER COUNTY,0206,206 - COURTHOUSE,"2,540",59,"2,599",28,1,3,36,"87,361","2,472","89,833",966,171,101,133,"6,006,967","329,212","6,336,179","136,658","24,566","12,863","2,533"
Locality: 085 HANOVER COUNTY,0208,208 - OAK KNOLL,"2,074",57,"2,131",16,3,3,36,"87,361","2,472","89,833",966,171,101,133,"6,006,967","329,212","6,336,179","136,658","24,566","12,863","2,533"
Locality: 085 HANOVER COUNTY,0210,210 - OAK HILL,"1,081",13,"1,094",18,1,1,36,"87,361","2,472","89,833",966,171,101,133,"6,006,967","329,212","6,336,179","136,658","24,566","12,863","2,533"
Locality: 085 HANOVER COUNTY,0301,301 - CLAY,"2,505",58,"2,563",18,2,3,36,"87,361","2,472","89,833",966,171,101,133,"6,006,967","329,212","6,336,179","136,658","24,566","12,863","2,533"
Locality: 085 HANOVER COUNTY,0303,303 - SHADY GROVE,"2,650",69,"2,719",28,7,3,36,"87,361","2,472","89,833",966,171,101,133,"6,006,967","329,212","6,336,179","136,658","24,566","12,863","2,533"
Locality: 085 HANOVER COUNTY,0304,304 - ATLEE,"3,130",76,"3,206",42,6,6,36,"87,361","2,472","89,833",966,171,101,133,"6,006,967","329,212","6,336,179","136,658","24,566","12,863","2,533"
Locality: 085 HANOVER COUNTY,0305,305 - COOL SPRING,"2,548",85,"2,633",26,9,4,36,"87,361","2,472","89,833",966,171,101,133,"6,006,967","329,212","6,336,179","136,658","24,566","12,863","2,533"
Locality: 085 HANOVER COUNTY,0306,306 - RUTLAND,"2,212",56,"2,268",32,3,3,36,"87,361","2,472","89,833",966,171,101,133,"6,006,967","329,212","6,336,179","136,658","24,566","12,863","2,533"
Locality: 085 HANOVER COUNTY,0401,401 - BATTLEFIELD,"2,786",50,"2,836",25,2,2,36,"87,361","2,472","89,833",966,171,101,133,"6,006,967","329,212","6,336,179","136,658","24,566","12,863","2,533"
Locality: 085 HANOVER COUNTY,0403,403 - COLD HARBOR,"4,031",126,"4,157",35,7,5,36,"87,361","2,472","89,833",966,171,101,133,"6,006,967","329,212","6,336,179","136,658","24,566","12,863","2,533"
Locality: 085 HANOVER COUNTY,0404,404 - BLACK CREEK,"1,770",41,"1,811",16,6,,36,"87,361","2,472","89,833",966,171,101,133,"6,006,967","329,212","6,336,179","136,658","24,566","12,863","2,533"
Locality: 085 HANOVER COUNTY,0405,405 - PEBBLE CREEK,"1,693",40,"1,733",16,,3,36,"87,361","2,472","89,833",966,171,101,133,"6,006,967","329,212","6,336,179","136,658","24,566","12,863","2,533"
Locality: 085 HANOVER COUNTY,0407,407 - OLD CHURCH,"1,955",41,"1,996",27,2,4,36,"87,361","2,472","89,833",966,171,101,133,"6,006,967","329,212","6,336,179","136,658","24,566","12,863","2,533"
Locality: 085 HANOVER COUNTY,0502,502 - RURAL POINT,"2,963",81,"3,044",32,12,2,36,"87,361","2,472","89,833",966,171,101,133,"6,006,967","329,212","6,336,179","136,658","24,566","12,863","2,533"
Locality: 085 HANOVER COUNTY,0503,503 - NEWMAN,"2,307",68,"2,375",29,3,2,36,"87,361","2,472","89,833",966,171,101,133,"6,006,967","329,212","6,336,179","136,658","24,566","12,863","2,533"
Locality: 085 HANOVER COUNTY,0504,504 - STUDLEY,"1,724",32,"1,756",19,2,3,36,"87,361","2,472","89,833",966,171,101,133,"6,006,967","329,212","6,336,179","136,658","24,566","12,863","2,533"
Locality: 085 HANOVER COUNTY,0505,505 - TOTOPOTOMOY,691,8,699,9,,,36,"87,361","2,472","89,833",966,171,101,133,"6,006,967","329,212","6,336,179","136,658","24,566","12,863","2,533"
Locality: 085 HANOVER COUNTY,0506,506 - GEORGETOWN,"2,361",50,"2,411",41,4,2,36,"87,361","2,472","89,833",966,171,101,133,"6,006,967","329,212","6,336,179","136,658","24,566","12,863","2,533"
Locality: 085 HANOVER COUNTY,0507,507 - LAUREL MEADOW,"2,547",65,"2,612",31,2,1,36,"87,361","2,472","89,833",966,171,101,133,"6,006,967","329,212","6,336,179","136,658","24,566","12,863","2,533"
Locality: 085 HANOVER COUNTY,0601,601 - VILLAGE,"3,382",85,"3,467",41,6,2,36,"87,361","2,472","89,833",966,171,101,133,"6,006,967","329,212","6,336,179","136,658","24,566","12,863","2,533"
Locality: 085 HANOVER COUNTY,0602,602 - LEE DAVIS,"2,768",74,"2,842",34,3,2,36,"87,361","2,472","89,833",966,171,101,133,"6,006,967","329,212","6,336,179","136,658","24,566","12,863","2,533"
Locality: 085 HANOVER COUNTY,0603,603 - MECHANICSVILLE,"3,014",149,"3,163",37,,,36,"87,361","2,472","89,833",966,171,101,133,"6,006,967","329,212","6,336,179","136,658","24,566","12,863","2,533"
Locality: 085 HANOVER COUNTY,0604,604 - HANOVER GROVE,"2,852",110,"2,962",23,2,4,36,"87,361","2,472","89,833",966,171,101,133,"6,006,967","329,212","6,336,179","136,658","24,566","12,863","2,533"
Locality: 085 HANOVER COUNTY,0701,701 - FARRINGTON,"2,712",57,"2,769",25,6,2,36,"87,361","2,472","89,833",966,171,101,133,"6,006,967","329,212","6,336,179","136,658","24,566","12,863","2,533"
Locality: 085 HANOVER COUNTY,0702,702 - MONTPELIER,"2,847",76,"2,923",18,9,4,36,"87,361","2,472","89,833",966,171,101,133,"6,006,967","329,212","6,336,179","136,658","24,566","12,863","2,533"
Locality: 085 HANOVER COUNTY,0703,703 - ROCKVILLE,"2,598",50,"2,648",24,3,3,36,"87,361","2,472","89,833",966,171,101,133,"6,006,967","329,212","6,336,179","136,658","24,566","12,863","2,533"
Locality: 085 HANOVER COUNTY,0704,704 - ELMONT,"3,766",85,"3,851",36,5,1,36,"87,361","2,472","89,833",966,171,101,133,"6,006,967","329,212","6,336,179","136,658","24,566","12,863","2,533"
Locality: 085 HANOVER COUNTY,0705,705 - SOUTH ANNA,"1,453",47,"1,500",16,6,1,36,"87,361","2,472","89,833",966,171,101,133,"6,006,967","329,212","6,336,179","136,658","24,566","12,863","2,533"
Locality: 087 HENRICO COUNTY,0101,101 - COALPIT,"4,212",128,"4,340",37,19,8,90,"240,361","9,503","249,864","2,671",655,462,133,"6,006,967","329,212","6,336,179","136,658","24,566","12,863","2,533"
Locality: 087 HENRICO COUNTY,0102,102 - DUMBARTON,"3,712",244,"3,956",56,13,4,90,"240,361","9,503","249,864","2,671",655,462,133,"6,006,967","329,212","6,336,179","136,658","24,566","12,863","2,533"
Locality: 087 HENRICO COUNTY,0103,103 - GLEN ALLEN,"4,661",138,"4,799",49,10,6,90,"240,361","9,503","249,864","2,671",655,462,133,"6,006,967","329,212","6,336,179","136,658","24,566","12,863","2,533"
Locality: 087 HENRICO COUNTY,0104,104 - GREENDALE,"1,706",89,"1,795",21,1,1,90,"240,361","9,503","249,864","2,671",655,462,133,"6,006,967","329,212","6,336,179","136,658","24,566","12,863","2,533"
Locality: 087 HENRICO COUNTY,0105,105 - HERMITAGE,"4,002",171,"4,173",48,4,3,90,"240,361","9,503","249,864","2,671",655,462,133,"6,006,967","329,212","6,336,179","136,658","24,566","12,863","2,533"
Locality: 087 HENRICO COUNTY,0106,106 - HOLLADAY,"1,683",56,"1,739",11,2,3,90,"240,361","9,503","249,864","2,671",655,462,133,"6,006,967","329,212","6,336,179","136,658","24,566","12,863","2,533"
Locality: 087 HENRICO COUNTY,0107,107 - HUNGARY CREEK,"3,842",93,"3,935",30,16,11,90,"240,361","9,503","249,864","2,671",655,462,133,"6,006,967","329,212","6,336,179","136,658","24,566","12,863","2,533"
Locality: 087 HENRICO COUNTY,0108,108 - HUNTON,"1,065",30,"1,095",11,4,,90,"240,361","9,503","249,864","2,671",655,462,133,"6,006,967","329,212","6,336,179","136,658","24,566","12,863","2,533"
Locality: 087 HENRICO COUNTY,0109,109 - JOHNSON,"2,700",147,"2,847",40,6,8,90,"240,361","9,503","249,864","2,671",655,462,133,"6,006,967","329,212","6,336,179","136,658","24,566","12,863","2,533"
Locality: 087 HENRICO COUNTY,0110,110 - LONGAN,"3,965",187,"4,152",53,13,3,90,"240,361","9,503","249,864","2,671",655,462,133,"6,006,967","329,212","6,336,179","136,658","24,566","12,863","2,533"
Locality: 087 HENRICO COUNTY,0111,111 - MAUDE TREVVETT,"4,154",245,"4,399",62,14,7,90,"240,361","9,503","249,864","2,671",655,462,133,"6,006,967","329,212","6,336,179","136,658","24,566","12,863","2,533"
Locality: 087 HENRICO COUNTY,0112,112 - MONUMENT HILLS,"1,060",50,"1,110",9,9,20,90,"240,361","9,503","249,864","2,671",655,462,133,"6,006,967","329,212","6,336,179","136,658","24,566","12,863","2,533"
Locality: 087 HENRICO COUNTY,0113,113 - SPRINGFIELD,"3,779",196,"3,975",35,15,6,90,"240,361","9,503","249,864","2,671",655,462,133,"6,006,967","329,212","6,336,179","136,658","24,566","12,863","2,533"
Locality: 087 HENRICO COUNTY,0114,114 - STAPLES MILL,"3,263",65,"3,328",30,8,3,90,"240,361","9,503","249,864","2,671",655,462,133,"6,006,967","329,212","6,336,179","136,658","24,566","12,863","2,533"
Locality: 087 HENRICO COUNTY,0115,115 - WESTWOOD,"2,189",78,"2,267",9,16,15,90,"240,361","9,503","249,864","2,671",655,462,133,"6,006,967","329,212","6,336,179","136,658","24,566","12,863","2,533"
Locality: 087 HENRICO COUNTY,0201,201 - AZALEA,"3,805",259,"4,064",55,,,90,"240,361","9,503","249,864","2,671",655,462,133,"6,006,967","329,212","6,336,179","136,658","24,566","12,863","2,533"
Locality: 087 HENRICO COUNTY,0202,202 - BELMONT,"4,080",192,"4,272",50,5,5,90,"240,361","9,503","249,864","2,671",655,462,133,"6,006,967","329,212","6,336,179","136,658","24,566","12,863","2,533"
Locality: 087 HENRICO COUNTY,0203,203 - BROOKLAND,"1,568",71,"1,639",9,6,1,90,"240,361","9,503","249,864","2,671",655,462,133,"6,006,967","329,212","6,336,179","136,658","24,566","12,863","2,533"
Locality: 087 HENRICO COUNTY,0204,204 - CANTERBURY,818,8,826,1,1,1,90,"240,361","9,503","249,864","2,671",655,462,133,"6,006,967","329,212","6,336,179","136,658","24,566","12,863","2,533"
Locality: 087 HENRICO COUNTY,0205,205 - CENTRAL GARDENS,"2,973",113,"3,086",36,2,1,90,"240,361","9,503","249,864","2,671",655,462,133,"6,006,967","329,212","6,336,179","136,658","24,566","12,863","2,533"
Locality: 087 HENRICO COUNTY,0206,206 - CHAMBERLAYNE,"2,683",65,"2,748",22,2,2,90,"240,361","9,503","249,864","2,671",655,462,133,"6,006,967","329,212","6,336,179","136,658","24,566","12,863","2,533"
Locality: 087 HENRICO COUNTY,0207,207 - EASTBOURNE,"1,182",31,"1,213",17,3,1,90,"240,361","9,503","249,864","2,671",655,462,133,"6,006,967","329,212","6,336,179","136,658","24,566","12,863","2,533"
Locality: 087 HENRICO COUNTY,0209,209 - FAIRFIELD,"2,132",162,"2,294",31,1,,90,"240,361","9,503","249,864","2,671",655,462,133,"6,006,967","329,212","6,336,179","136,658","24,566","12,863","2,533"
Locality: 087 HENRICO COUNTY,0210,210 - GLEN LEA,"2,316",63,"2,379",33,2,,90,"240,361","9,503","249,864","2,671",655,462,133,"6,006,967","329,212","6,336,179","136,658","24,566","12,863","2,533"
Locality: 087 HENRICO COUNTY,0211,211 - GREENWOOD,928,33,961,9,2,,90,"240,361","9,503","249,864","2,671",655,462,133,"6,006,967","329,212","6,336,179","136,658","24,566","12,863","2,533"
Locality: 087 HENRICO COUNTY,0212,212 - HIGHLAND GARDENS,"2,352",168,"2,520",32,,3,90,"240,361","9,503","249,864","2,671",655,462,133,"6,006,967","329,212","6,336,179","136,658","24,566","12,863","2,533"
Locality: 087 HENRICO COUNTY,0214,214 - HUNGARY,"1,980",77,"2,057",26,4,,90,"240,361","9,503","249,864","2,671",655,462,133,"6,006,967","329,212","6,336,179","136,658","24,566","12,863","2,533"
Locality: 087 HENRICO COUNTY,0215,215 - LAKESIDE,"4,048",114,"4,162",39,7,5,90,"240,361","9,503","249,864","2,671",655,462,133,"6,006,967","329,212","6,336,179","136,658","24,566","12,863","2,533"
Locality: 087 HENRICO COUNTY,0216,216 - LONGDALE,"3,319",110,"3,429",37,6,3,90,"240,361","9,503","249,864","2,671",655,462,133,"6,006,967","329,212","6,336,179","136,658","24,566","12,863","2,533"
Locality: 087 HENRICO COUNTY,0217,217 - MAPLEWOOD,"3,091",109,"3,200",41,2,1,90,"240,361","9,503","249,864","2,671",655,462,133,"6,006,967","329,212","6,336,179","136,658","24,566","12,863","2,533"
Locality: 087 HENRICO COUNTY,0218,218 - MOODY,970,40,"1,010",8,2,5,90,"240,361","9,503","249,864","2,671",655,462,133,"6,006,967","329,212","6,336,179","136,658","24,566","12,863","2,533"
Locality: 087 HENRICO COUNTY,0219,219 - MOUNTAIN,895,36,931,11,1,1,90,"240,361","9,503","249,864","2,671",655,462,133,"6,006,967","329,212","6,336,179","136,658","24,566","12,863","2,533"
Locality: 087 HENRICO COUNTY,0220,220 - NORTH PARK,972,47,"1,019",10,2,3,90,"240,361","9,503","249,864","2,671",655,462,133,"6,006,967","329,212","6,336,179","136,658","24,566","12,863","2,533"
Locality: 087 HENRICO COUNTY,0222,222 - RANDOLPH,339,6,345,4,,,90,"240,361","9,503","249,864","2,671",655,462,133,"6,006,967","329,212","6,336,179","136,658","24,566","12,863","2,533"
Locality: 087 HENRICO COUNTY,0223,223 - RATCLIFFE,"3,881",148,"4,029",42,1,,90,"240,361","9,503","249,864","2,671",655,462,133,"6,006,967","329,212","6,336,179","136,658","24,566","12,863","2,533"
Locality: 087 HENRICO COUNTY,0225,225 - WILDER,"2,026",62,"2,088",28,10,5,90,"240,361","9,503","249,864","2,671",655,462,133,"6,006,967","329,212","6,336,179","136,658","24,566","12,863","2,533"
Locality: 087 HENRICO COUNTY,0226,226 - YELLOW TAVERN,"3,944",138,"4,082",47,9,7,90,"240,361","9,503","249,864","2,671",655,462,133,"6,006,967","329,212","6,336,179","136,658","24,566","12,863","2,533"
Locality: 087 HENRICO COUNTY,0301,301 - CAUSEWAY,"2,751",159,"2,910",24,20,6,90,"240,361","9,503","249,864","2,671",655,462,133,"6,006,967","329,212","6,336,179","136,658","24,566","12,863","2,533"
Locality: 087 HENRICO COUNTY,0302,302 - CEDARFIELD,"2,701",73,"2,774",22,9,14,90,"240,361","9,503","249,864","2,671",655,462,133,"6,006,967","329,212","6,336,179","136,658","24,566","12,863","2,533"
Locality: 087 HENRICO COUNTY,0303,303 - COLONIAL TRAIL,"2,894",185,"3,079",39,14,4,90,"240,361","9,503","249,864","2,671",655,462,133,"6,006,967","329,212","6,336,179","136,658","24,566","12,863","2,533"
Locality: 087 HENRICO COUNTY,0304,304 - INNSBROOK,"2,482",74,"2,556",26,4,2,90,"240,361","9,503","249,864","2,671",655,462,133,"6,006,967","329,212","6,336,179","136,658","24,566","12,863","2,533"
Locality: 087 HENRICO COUNTY,0305,305 - JACKSON DAVIS,"1,823",60,"1,883",18,9,11,90,"240,361","9,503","249,864","2,671",655,462,133,"6,006,967","329,212","6,336,179","136,658","24,566","12,863","2,533"
Locality: 087 HENRICO COUNTY,0306,306 - NUCKOLS FARM,"3,833",133,"3,966",26,13,4,90,"240,361","9,503","249,864","2,671",655,462,133,"6,006,967","329,212","6,336,179","136,658","24,566","12,863","2,533"
Locality: 087 HENRICO COUNTY,0307,307 - POCAHONTAS,"3,400",220,"3,620",40,13,21,90,"240,361","9,503","249,864","2,671",655,462,133,"6,006,967","329,212","6,336,179","136,658","24,566","12,863","2,533"
Locality: 087 HENRICO COUNTY,0308,308 - RIDGE,"1,530",61,"1,591",15,6,7,90,"240,361","9,503","249,864","2,671",655,462,133,"6,006,967","329,212","6,336,179","136,658","24,566","12,863","2,533"
Locality: 087 HENRICO COUNTY,0309,309 - RIVERS EDGE,"3,471",121,"3,592",17,14,7,90,"240,361","9,503","249,864","2,671",655,462,133,"6,006,967","329,212","6,336,179","136,658","24,566","12,863","2,533"
Locality: 087 HENRICO COUNTY,0310,310 - SADLER,"3,851",131,"3,982",25,10,11,90,"240,361","9,503","249,864","2,671",655,462,133,"6,006,967","329,212","6,336,179","136,658","24,566","12,863","2,533"
Locality: 087 HENRICO COUNTY,0311,311 - SHADY GROVE,"3,732",159,"3,891",41,17,18,90,"240,361","9,503","249,864","2,671",655,462,133,"6,006,967","329,212","6,336,179","136,658","24,566","12,863","2,533"
Locality: 087 HENRICO COUNTY,0312,312 - SHORT PUMP,"2,631",77,"2,708",29,11,3,90,"240,361","9,503","249,864","2,671",655,462,133,"6,006,967","329,212","6,336,179","136,658","24,566","12,863","2,533"
Locality: 087 HENRICO COUNTY,0313,313 - STONEY RUN,"4,191",165,"4,356",41,24,13,90,"240,361","9,503","249,864","2,671",655,462,133,"6,006,967","329,212","6,336,179","136,658","24,566","12,863","2,533"
Locality: 087 HENRICO COUNTY,0314,314 - THREE CHOPT,"2,501",76,"2,577",22,8,5,90,"240,361","9,503","249,864","2,671",655,462,133,"6,006,967","329,212","6,336,179","136,658","24,566","12,863","2,533"
Locality: 087 HENRICO COUNTY,0315,315 - TUCKER,"4,293",362,"4,655",56,9,5,90,"240,361","9,503","249,864","2,671",655,462,133,"6,006,967","329,212","6,336,179","136,658","24,566","12,863","2,533"
Locality: 087 HENRICO COUNTY,0401,401 - CRESTVIEW,"2,694",122,"2,816",30,7,13,90,"240,361","9,503","249,864","2,671",655,462,133,"6,006,967","329,212","6,336,179","136,658","24,566","12,863","2,533"
Locality: 087 HENRICO COUNTY,0402,402 - DERBYSHIRE,"1,984",41,"2,025",9,12,3,90,"240,361","9,503","249,864","2,671",655,462,133,"6,006,967","329,212","6,336,179","136,658","24,566","12,863","2,533"
Locality: 087 HENRICO COUNTY,0403,403 - FREEMAN,"2,350",94,"2,444",10,12,6,90,"240,361","9,503","249,864","2,671",655,462,133,"6,006,967","329,212","6,336,179","136,658","24,566","12,863","2,533"
Locality: 087 HENRICO COUNTY,0404,404 - GAYTON,"3,353",68,"3,421",28,21,9,90,"240,361","9,503","249,864","2,671",655,462,133,"6,006,967","329,212","6,336,179","136,658","24,566","12,863","2,533"
Locality: 087 HENRICO COUNTY,0405,405 - GODWIN,"2,409",51,"2,460",12,9,10,90,"240,361","9,503","249,864","2,671",655,462,133,"6,006,967","329,212","6,336,179","136,658","24,566","12,863","2,533"
Locality: 087 HENRICO COUNTY,0406,406 - LAKEWOOD,"2,270",65,"2,335",14,6,5,90,"240,361","9,503","249,864","2,671",655,462,133,"6,006,967","329,212","6,336,179","136,658","24,566","12,863","2,533"
Locality: 087 HENRICO COUNTY,0407,407 - LAUDERDALE,"2,803",169,"2,972",31,3,6,90,"240,361","9,503","249,864","2,671",655,462,133,"6,006,967","329,212","6,336,179","136,658","24,566","12,863","2,533"
Locality: 087 HENRICO COUNTY,0408,408 - MAYBEURY,"2,550",86,"2,636",21,12,6,90,"240,361","9,503","249,864","2,671",655,462,133,"6,006,967","329,212","6,336,179","136,658","24,566","12,863","2,533"
Locality: 087 HENRICO COUNTY,0409,409 - MOORELAND,"1,743",43,"1,786",11,7,7,90,"240,361","9,503","249,864","2,671",655,462,133,"6,006,967","329,212","6,336,179","136,658","24,566","12,863","2,533"
Locality: 087 HENRICO COUNTY,0410,410 - PEMBERTON,"2,853",160,"3,013",45,6,8,90,"240,361","9,503","249,864","2,671",655,462,133,"6,006,967","329,212","6,336,179","136,658","24,566","12,863","2,533"
Locality: 087 HENRICO COUNTY,0411,411 - PINCHBECK,"3,347",148,"3,495",45,2,9,90,"240,361","9,503","249,864","2,671",655,462,133,"6,006,967","329,212","6,336,179","136,658","24,566","12,863","2,533"
Locality: 087 HENRICO COUNTY,0412,412 - QUIOCCASIN ,"3,037",124,"3,161",28,15,14,90,"240,361","9,503","249,864","2,671",655,462,133,"6,006,967","329,212","6,336,179","136,658","24,566","12,863","2,533"
Locality: 087 HENRICO COUNTY,0413,413 - RIDGEFIELD,"3,336",81,"3,417",40,12,12,90,"240,361","9,503","249,864","2,671",655,462,133,"6,006,967","329,212","6,336,179","136,658","24,566","12,863","2,533"
Locality: 087 HENRICO COUNTY,0414,414 - ROLLINGWOOD,"1,966",42,"2,008",18,17,9,90,"240,361","9,503","249,864","2,671",655,462,133,"6,006,967","329,212","6,336,179","136,658","24,566","12,863","2,533"
Locality: 087 HENRICO COUNTY,0415,415 - SKIPWITH,"1,905",85,"1,990",27,2,5,90,"240,361","9,503","249,864","2,671",655,462,133,"6,006,967","329,212","6,336,179","136,658","24,566","12,863","2,533"
Locality: 087 HENRICO COUNTY,0416,416 - SPOTTSWOOD,"1,142",32,"1,174",6,4,3,90,"240,361","9,503","249,864","2,671",655,462,133,"6,006,967","329,212","6,336,179","136,658","24,566","12,863","2,533"
Locality: 087 HENRICO COUNTY,0417,417 - TUCKAHOE,"3,896",122,"4,018",27,31,24,90,"240,361","9,503","249,864","2,671",655,462,133,"6,006,967","329,212","6,336,179","136,658","24,566","12,863","2,533"
Locality: 087 HENRICO COUNTY,0418,418 - WELBORNE,"2,248",154,"2,402",36,11,6,90,"240,361","9,503","249,864","2,671",655,462,133,"6,006,967","329,212","6,336,179","136,658","24,566","12,863","2,533"
Locality: 087 HENRICO COUNTY,0419,419 - WEST END,"2,803",108,"2,911",26,12,5,90,"240,361","9,503","249,864","2,671",655,462,133,"6,006,967","329,212","6,336,179","136,658","24,566","12,863","2,533"
Locality: 087 HENRICO COUNTY,0501,501 - ADAMS,"2,812",86,"2,898",38,4,1,90,"240,361","9,503","249,864","2,671",655,462,133,"6,006,967","329,212","6,336,179","136,658","24,566","12,863","2,533"
Locality: 087 HENRICO COUNTY,0502,502 - ANTIOCH,"1,985",20,"2,005",23,1,2,90,"240,361","9,503","249,864","2,671",655,462,133,"6,006,967","329,212","6,336,179","136,658","24,566","12,863","2,533"
Locality: 087 HENRICO COUNTY,0503,503 - CEDAR FORK,"2,122",55,"2,177",26,3,1,90,"240,361","9,503","249,864","2,671",655,462,133,"6,006,967","329,212","6,336,179","136,658","24,566","12,863","2,533"
Locality: 087 HENRICO COUNTY,0504,504 - CHICKAHOMINY,"2,777",83,"2,860",31,1,5,90,"240,361","9,503","249,864","2,671",655,462,133,"6,006,967","329,212","6,336,179","136,658","24,566","12,863","2,533"
Locality: 087 HENRICO COUNTY,0505,505 - DONAHOE,"2,330",70,"2,400",31,3,,90,"240,361","9,503","249,864","2,671",655,462,133,"6,006,967","329,212","6,336,179","136,658","24,566","12,863","2,533"
Locality: 087 HENRICO COUNTY,0506,506 - DOREY,"3,487",84,"3,571",76,4,2,90,"240,361","9,503","249,864","2,671",655,462,133,"6,006,967","329,212","6,336,179","136,658","24,566","12,863","2,533"
Locality: 087 HENRICO COUNTY,0507,507 - EANES,"3,602",178,"3,780",49,6,5,90,"240,361","9,503","249,864","2,671",655,462,133,"6,006,967","329,212","6,336,179","136,658","24,566","12,863","2,533"
Locality: 087 HENRICO COUNTY,0508,508 - ELKO,790,16,806,7,,,90,"240,361","9,503","249,864","2,671",655,462,133,"6,006,967","329,212","6,336,179","136,658","24,566","12,863","2,533"
Locality: 087 HENRICO COUNTY,0509,509 - HIGHLAND SPRINGS,"2,569",128,"2,697",38,2,1,90,"240,361","9,503","249,864","2,671",655,462,133,"6,006,967","329,212","6,336,179","136,658","24,566","12,863","2,533"
Locality: 087 HENRICO COUNTY,0510,510 - LABURNUM,"2,610",134,"2,744",29,1,1,90,"240,361","9,503","249,864","2,671",655,462,133,"6,006,967","329,212","6,336,179","136,658","24,566","12,863","2,533"
Locality: 087 HENRICO COUNTY,0511,511 - MEHFOUD,"2,347",44,"2,391",51,1,2,90,"240,361","9,503","249,864","2,671",655,462,133,"6,006,967","329,212","6,336,179","136,658","24,566","12,863","2,533"
Locality: 087 HENRICO COUNTY,0512,512 - MONTROSE,"3,026",160,"3,186",35,2,3,90,"240,361","9,503","249,864","2,671",655,462,133,"6,006,967","329,212","6,336,179","136,658","24,566","12,863","2,533"
Locality: 087 HENRICO COUNTY,0513,513 - NINE MILE,"1,514",75,"1,589",15,4,2,90,"240,361","9,503","249,864","2,671",655,462,133,"6,006,967","329,212","6,336,179","136,658","24,566","12,863","2,533"
Locality: 087 HENRICO COUNTY,0514,514 - PLEASANTS,"3,832",171,"4,003",49,,,90,"240,361","9,503","249,864","2,671",655,462,133,"6,006,967","329,212","6,336,179","136,658","24,566","12,863","2,533"
Locality: 087 HENRICO COUNTY,0515,515 - ROLFE,"3,780",126,"3,906",60,8,,90,"240,361","9,503","249,864","2,671",655,462,133,"6,006,967","329,212","6,336,179","136,658","24,566","12,863","2,533"
Locality: 087 HENRICO COUNTY,0516,516 - SANDSTON,"2,387",72,"2,459",32,2,1,90,"240,361","9,503","249,864","2,671",655,462,133,"6,006,967","329,212","6,336,179","136,658","24,566","12,863","2,533"
Locality: 087 HENRICO COUNTY,0517,517 - SULLIVANS,"3,951",118,"4,069",41,3,1,90,"240,361","9,503","249,864","2,671",655,462,133,"6,006,967","329,212","6,336,179","136,658","24,566","12,863","2,533"
Locality: 087 HENRICO COUNTY,0518,518 - TOWN HALL,"1,055",16,"1,071",14,4,2,90,"240,361","9,503","249,864","2,671",655,462,133,"6,006,967","329,212","6,336,179","136,658","24,566","12,863","2,533"
Locality: 087 HENRICO COUNTY,0519,519 - WHITLOCKS,"2,317",47,"2,364",32,6,,90,"240,361","9,503","249,864","2,671",655,462,133,"6,006,967","329,212","6,336,179","136,658","24,566","12,863","2,533"
Locality: 089 HENRY COUNTY,0101,101 - BASSETT #2,921,64,985,12,1,,24,"35,276","1,812","37,088",342,29,7,133,"6,006,967","329,212","6,336,179","136,658","24,566","12,863","2,533"
Locality: 089 HENRY COUNTY,0102,102 - GUNVILLE,"1,667",106,"1,773",14,,,24,"35,276","1,812","37,088",342,29,7,133,"6,006,967","329,212","6,336,179","136,658","24,566","12,863","2,533"
Locality: 089 HENRY COUNTY,0103,103 - SCOTT'S TANYARD,"2,846",121,"2,967",24,,,24,"35,276","1,812","37,088",342,29,7,133,"6,006,967","329,212","6,336,179","136,658","24,566","12,863","2,533"
Locality: 089 HENRY COUNTY,0201,201 - FIELDALE,"1,051",66,"1,117",11,1,,24,"35,276","1,812","37,088",342,29,7,133,"6,006,967","329,212","6,336,179","136,658","24,566","12,863","2,533"
Locality: 089 HENRY COUNTY,0202,202 - HORSEPASTURE #1,"1,705",85,"1,790",14,,,24,"35,276","1,812","37,088",342,29,7,133,"6,006,967","329,212","6,336,179","136,658","24,566","12,863","2,533"
Locality: 089 HENRY COUNTY,0203,203-HORSEPASTURE #2,"1,501",82,"1,583",10,,,24,"35,276","1,812","37,088",342,29,7,133,"6,006,967","329,212","6,336,179","136,658","24,566","12,863","2,533"
Locality: 089 HENRY COUNTY,0204,204 - SPENCER,"1,629",75,"1,704",19,1,,24,"35,276","1,812","37,088",342,29,7,133,"6,006,967","329,212","6,336,179","136,658","24,566","12,863","2,533"
Locality: 089 HENRY COUNTY,0302,302 - AXTON,"1,143",43,"1,186",11,,,24,"35,276","1,812","37,088",342,29,7,133,"6,006,967","329,212","6,336,179","136,658","24,566","12,863","2,533"
Locality: 089 HENRY COUNTY,0303,303 - IRISBURG,"2,178",129,"2,307",20,,2,24,"35,276","1,812","37,088",342,29,7,133,"6,006,967","329,212","6,336,179","136,658","24,566","12,863","2,533"
Locality: 089 HENRY COUNTY,0304,304 - MOUNT OLIVET,"2,038",117,"2,155",21,5,1,24,"35,276","1,812","37,088",342,29,7,133,"6,006,967","329,212","6,336,179","136,658","24,566","12,863","2,533"
Locality: 089 HENRY COUNTY,0305,305 - MOUNTAIN VALLEY,"1,015",28,"1,043",6,,,24,"35,276","1,812","37,088",342,29,7,133,"6,006,967","329,212","6,336,179","136,658","24,566","12,863","2,533"
Locality: 089 HENRY COUNTY,0401,401 - COLLINSVILLE #1,"1,203",58,"1,261",6,,,24,"35,276","1,812","37,088",342,29,7,133,"6,006,967","329,212","6,336,179","136,658","24,566","12,863","2,533"
Locality: 089 HENRY COUNTY,0402,402 - DANIELS CREEK,"1,418",96,"1,514",12,2,,24,"35,276","1,812","37,088",342,29,7,133,"6,006,967","329,212","6,336,179","136,658","24,566","12,863","2,533"
Locality: 089 HENRY COUNTY,0404,404 - COLLINSVILLE #2,"2,088",125,"2,213",15,9,,24,"35,276","1,812","37,088",342,29,7,133,"6,006,967","329,212","6,336,179","136,658","24,566","12,863","2,533"
Locality: 089 HENRY COUNTY,0405,405 - MOUNTAIN VIEW,837,48,885,10,1,2,24,"35,276","1,812","37,088",342,29,7,133,"6,006,967","329,212","6,336,179","136,658","24,566","12,863","2,533"
Locality: 089 HENRY COUNTY,0501,501 - BASSETT #1,956,66,"1,022",11,,1,24,"35,276","1,812","37,088",342,29,7,133,"6,006,967","329,212","6,336,179","136,658","24,566","12,863","2,533"
Locality: 089 HENRY COUNTY,0502,502 - FIGSBORO,"1,250",51,"1,301",15,1,,24,"35,276","1,812","37,088",342,29,7,133,"6,006,967","329,212","6,336,179","136,658","24,566","12,863","2,533"
Locality: 089 HENRY COUNTY,0503,503 - STANLEYTOWN,"2,100",104,"2,204",26,3,,24,"35,276","1,812","37,088",342,29,7,133,"6,006,967","329,212","6,336,179","136,658","24,566","12,863","2,533"
Locality: 089 HENRY COUNTY,0504,504 - OAK LEVEL,640,26,666,7,,,24,"35,276","1,812","37,088",342,29,7,133,"6,006,967","329,212","6,336,179","136,658","24,566","12,863","2,533"
Locality: 089 HENRY COUNTY,0505,505 - DYERS STORE,"1,066",26,"1,092",13,,,24,"35,276","1,812","37,088",342,29,7,133,"6,006,967","329,212","6,336,179","136,658","24,566","12,863","2,533"
Locality: 089 HENRY COUNTY,0601,601 - FONTAINE,"1,891",94,"1,985",18,2,1,24,"35,276","1,812","37,088",342,29,7,133,"6,006,967","329,212","6,336,179","136,658","24,566","12,863","2,533"
Locality: 089 HENRY COUNTY,0602,602 - HILLCREST,608,27,635,4,,,24,"35,276","1,812","37,088",342,29,7,133,"6,006,967","329,212","6,336,179","136,658","24,566","12,863","2,533"
Locality: 089 HENRY COUNTY,0603,603 - RIDGEWAY #1,"2,074",105,"2,179",31,3,,24,"35,276","1,812","37,088",342,29,7,133,"6,006,967","329,212","6,336,179","136,658","24,566","12,863","2,533"
Locality: 089 HENRY COUNTY,0604,604 - RIDGEWAY #2,"1,451",70,"1,521",12,,,24,"35,276","1,812","37,088",342,29,7,133,"6,006,967","329,212","6,336,179","136,658","24,566","12,863","2,533"
Locality: 091 HIGHLAND COUNTY,0001,001 - MONTEREY,598,9,607,,,,5,"1,832",23,"1,855",5,6,,133,"6,006,967","329,212","6,336,179","136,658","24,566","12,863","2,533"
Locality: 091 HIGHLAND COUNTY,0003,003 - WILSONS MILL,132,1,133,,2,,5,"1,832",23,"1,855",5,6,,133,"6,006,967","329,212","6,336,179","136,658","24,566","12,863","2,533"
Locality: 091 HIGHLAND COUNTY,0005,005 - BLUE GRASS,362,7,369,3,,,5,"1,832",23,"1,855",5,6,,133,"6,006,967","329,212","6,336,179","136,658","24,566","12,863","2,533"
Locality: 091 HIGHLAND COUNTY,0007,007 - MILL GAP,202,1,203,,,,5,"1,832",23,"1,855",5,6,,133,"6,006,967","329,212","6,336,179","136,658","24,566","12,863","2,533"
Locality: 091 HIGHLAND COUNTY,0008,008 - MCDOWELL,538,5,543,2,4,,5,"1,832",23,"1,855",5,6,,133,"6,006,967","329,212","6,336,179","136,658","24,566","12,863","2,533"
Locality: 093 ISLE OF WIGHT COUNTY,0101,101 - PAGAN RIVER,"3,108",99,"3,207",104,5,9,17,"31,753","1,013","32,766","1,195",37,30,133,"6,006,967","329,212","6,336,179","136,658","24,566","12,863","2,533"
Locality: 093 ISLE OF WIGHT COUNTY,0102,102 - CYPRESS CREEK A,"3,293",107,"3,400",153,8,5,17,"31,753","1,013","32,766","1,195",37,30,133,"6,006,967","329,212","6,336,179","136,658","24,566","12,863","2,533"
Locality: 093 ISLE OF WIGHT COUNTY,0103,103 - CYPRESS CREEK B,194,5,199,9,,,17,"31,753","1,013","32,766","1,195",37,30,133,"6,006,967","329,212","6,336,179","136,658","24,566","12,863","2,533"
Locality: 093 ISLE OF WIGHT COUNTY,0201,201 - BARTLETT,"3,439",147,"3,586",223,4,2,17,"31,753","1,013","32,766","1,195",37,30,133,"6,006,967","329,212","6,336,179","136,658","24,566","12,863","2,533"
Locality: 093 ISLE OF WIGHT COUNTY,0202,202 - NIKE PARK A,"2,817",93,"2,910",124,3,1,17,"31,753","1,013","32,766","1,195",37,30,133,"6,006,967","329,212","6,336,179","136,658","24,566","12,863","2,533"
Locality: 093 ISLE OF WIGHT COUNTY,0203,203 - NIKE PARK B,315,8,323,5,,,17,"31,753","1,013","32,766","1,195",37,30,133,"6,006,967","329,212","6,336,179","136,658","24,566","12,863","2,533"
Locality: 093 ISLE OF WIGHT COUNTY,0301,301 - RUSHMERE,"1,696",60,"1,756",35,1,2,17,"31,753","1,013","32,766","1,195",37,30,133,"6,006,967","329,212","6,336,179","136,658","24,566","12,863","2,533"
Locality: 093 ISLE OF WIGHT COUNTY,0302,302 - PONS,"2,615",74,"2,689",65,,3,17,"31,753","1,013","32,766","1,195",37,30,133,"6,006,967","329,212","6,336,179","136,658","24,566","12,863","2,533"
Locality: 093 ISLE OF WIGHT COUNTY,0303,303 - BENNS CHURCH,"1,696",57,"1,753",125,1,3,17,"31,753","1,013","32,766","1,195",37,30,133,"6,006,967","329,212","6,336,179","136,658","24,566","12,863","2,533"
Locality: 093 ISLE OF WIGHT COUNTY,0304,304 - NEW TOWNE,506,28,534,16,1,1,17,"31,753","1,013","32,766","1,195",37,30,133,"6,006,967","329,212","6,336,179","136,658","24,566","12,863","2,533"
Locality: 093 ISLE OF WIGHT COUNTY,0401,401 - BOWLING GREEN,"1,651",35,"1,686",44,2,1,17,"31,753","1,013","32,766","1,195",37,30,133,"6,006,967","329,212","6,336,179","136,658","24,566","12,863","2,533"
Locality: 093 ISLE OF WIGHT COUNTY,0402,402 - WINDSOR,"2,724",85,"2,809",80,,2,17,"31,753","1,013","32,766","1,195",37,30,133,"6,006,967","329,212","6,336,179","136,658","24,566","12,863","2,533"
Locality: 093 ISLE OF WIGHT COUNTY,0403,403 - CEDAR GROVE,"1,713",45,"1,758",73,3,,17,"31,753","1,013","32,766","1,195",37,30,133,"6,006,967","329,212","6,336,179","136,658","24,566","12,863","2,533"
Locality: 093 ISLE OF WIGHT COUNTY,0501,501 - WALTERS,"1,222",24,"1,246",31,1,,17,"31,753","1,013","32,766","1,195",37,30,133,"6,006,967","329,212","6,336,179","136,658","24,566","12,863","2,533"
Locality: 093 ISLE OF WIGHT COUNTY,0502,502 - BEAVER DAM,"1,447",61,"1,508",27,3,,17,"31,753","1,013","32,766","1,195",37,30,133,"6,006,967","329,212","6,336,179","136,658","24,566","12,863","2,533"
Locality: 093 ISLE OF WIGHT COUNTY,0503,503 - FIRE TOWER,"1,982",63,"2,045",45,3,1,17,"31,753","1,013","32,766","1,195",37,30,133,"6,006,967","329,212","6,336,179","136,658","24,566","12,863","2,533"
Locality: 093 ISLE OF WIGHT COUNTY,0504,504 - BETHANY CHURCH,"1,335",22,"1,357",36,2,,17,"31,753","1,013","32,766","1,195",37,30,133,"6,006,967","329,212","6,336,179","136,658","24,566","12,863","2,533"
Locality: 095 JAMES CITY COUNTY,0101,101 - BERKELEY A,"4,646",132,"4,778",143,20,18,18,"63,614","2,398","66,012","1,773",230,169,133,"6,006,967","329,212","6,336,179","136,658","24,566","12,863","2,533"
Locality: 095 JAMES CITY COUNTY,0102,102 - BERKELEY B,"3,127",105,"3,232",70,11,8,18,"63,614","2,398","66,012","1,773",230,169,133,"6,006,967","329,212","6,336,179","136,658","24,566","12,863","2,533"
Locality: 095 JAMES CITY COUNTY,0103,103 - BERKELEY C,"3,153",102,"3,255",78,8,14,18,"63,614","2,398","66,012","1,773",230,169,133,"6,006,967","329,212","6,336,179","136,658","24,566","12,863","2,533"
Locality: 095 JAMES CITY COUNTY,0104,104- BERKELEY D,"1,396",46,"1,442",34,6,3,18,"63,614","2,398","66,012","1,773",230,169,133,"6,006,967","329,212","6,336,179","136,658","24,566","12,863","2,533"
Locality: 095 JAMES CITY COUNTY,0201,201 - JAMESTOWN A,"2,285",98,"2,383",59,8,9,18,"63,614","2,398","66,012","1,773",230,169,133,"6,006,967","329,212","6,336,179","136,658","24,566","12,863","2,533"
Locality: 095 JAMES CITY COUNTY,0202,202 - JAMESTOWN B,"3,423",235,"3,658",84,8,3,18,"63,614","2,398","66,012","1,773",230,169,133,"6,006,967","329,212","6,336,179","136,658","24,566","12,863","2,533"
Locality: 095 JAMES CITY COUNTY,0203,203 - JAMESTOWN C,"2,926",230,"3,156",109,15,8,18,"63,614","2,398","66,012","1,773",230,169,133,"6,006,967","329,212","6,336,179","136,658","24,566","12,863","2,533"
Locality: 095 JAMES CITY COUNTY,0204,204 - JAMESTOWN D,"3,937",93,"4,030",78,28,12,18,"63,614","2,398","66,012","1,773",230,169,133,"6,006,967","329,212","6,336,179","136,658","24,566","12,863","2,533"
Locality: 095 JAMES CITY COUNTY,0301,301 - POWHATAN A,"4,179",152,"4,331",102,19,11,18,"63,614","2,398","66,012","1,773",230,169,133,"6,006,967","329,212","6,336,179","136,658","24,566","12,863","2,533"
Locality: 095 JAMES CITY COUNTY,0302,302 - POWHATAN B,"1,476",35,"1,511",58,2,2,18,"63,614","2,398","66,012","1,773",230,169,133,"6,006,967","329,212","6,336,179","136,658","24,566","12,863","2,533"
Locality: 095 JAMES CITY COUNTY,0303,303 - POWHATAN C,"3,206",108,"3,314",63,4,5,18,"63,614","2,398","66,012","1,773",230,169,133,"6,006,967","329,212","6,336,179","136,658","24,566","12,863","2,533"
Locality: 095 JAMES CITY COUNTY,0304,304 - POWHATAN D,"3,877",209,"4,086",143,8,5,18,"63,614","2,398","66,012","1,773",230,169,133,"6,006,967","329,212","6,336,179","136,658","24,566","12,863","2,533"
Locality: 095 JAMES CITY COUNTY,0401,401 - STONEHOUSE A,"4,530",163,"4,693",184,7,4,18,"63,614","2,398","66,012","1,773",230,169,133,"6,006,967","329,212","6,336,179","136,658","24,566","12,863","2,533"
Locality: 095 JAMES CITY COUNTY,0402,402 - STONEHOUSE B,"5,426",151,"5,577",110,7,8,18,"63,614","2,398","66,012","1,773",230,169,133,"6,006,967","329,212","6,336,179","136,658","24,566","12,863","2,533"
Locality: 095 JAMES CITY COUNTY,0403,403 - STONEHOUSE C,"4,511",105,"4,616",186,13,6,18,"63,614","2,398","66,012","1,773",230,169,133,"6,006,967","329,212","6,336,179","136,658","24,566","12,863","2,533"
Locality: 095 JAMES CITY COUNTY,0501,501 - ROBERTS A,"2,064",106,"2,170",53,4,,18,"63,614","2,398","66,012","1,773",230,169,133,"6,006,967","329,212","6,336,179","136,658","24,566","12,863","2,533"
Locality: 095 JAMES CITY COUNTY,0502,502 - ROBERTS B,"4,801",165,"4,966",105,34,31,18,"63,614","2,398","66,012","1,773",230,169,133,"6,006,967","329,212","6,336,179","136,658","24,566","12,863","2,533"
Locality: 095 JAMES CITY COUNTY,0503,503 - ROBERTS C,"4,651",163,"4,814",114,28,22,18,"63,614","2,398","66,012","1,773",230,169,133,"6,006,967","329,212","6,336,179","136,658","24,566","12,863","2,533"
Locality: 097 KING & QUEEN COUNTY,0101,101 - OWENTON,"1,156",36,"1,192",7,,,5,"5,370",184,"5,554",50,3,2,133,"6,006,967","329,212","6,336,179","136,658","24,566","12,863","2,533"
Locality: 097 KING & QUEEN COUNTY,0201,201 - CLARKS,"1,003",27,"1,030",8,1,,5,"5,370",184,"5,554",50,3,2,133,"6,006,967","329,212","6,336,179","136,658","24,566","12,863","2,533"
Locality: 097 KING & QUEEN COUNTY,0301,301 - SHACKLEFORDS,"1,070",43,"1,113",17,2,,5,"5,370",184,"5,554",50,3,2,133,"6,006,967","329,212","6,336,179","136,658","24,566","12,863","2,533"
Locality: 097 KING & QUEEN COUNTY,0401,401 - COURTHOUSE,"1,094",25,"1,119",10,,1,5,"5,370",184,"5,554",50,3,2,133,"6,006,967","329,212","6,336,179","136,658","24,566","12,863","2,533"
Locality: 097 KING & QUEEN COUNTY,0501,501 - OLDMILL,"1,047",53,"1,100",8,,1,5,"5,370",184,"5,554",50,3,2,133,"6,006,967","329,212","6,336,179","136,658","24,566","12,863","2,533"
Locality: 099 KING GEORGE COUNTY,0101,101 - COURTHOUSE,"3,279",95,"3,374",115,4,1,5,"20,483",839,"21,322",779,35,14,133,"6,006,967","329,212","6,336,179","136,658","24,566","12,863","2,533"
Locality: 099 KING GEORGE COUNTY,0102,102 - PASSAPATANZY,"2,163",73,"2,236",63,1,1,5,"20,483",839,"21,322",779,35,14,133,"6,006,967","329,212","6,336,179","136,658","24,566","12,863","2,533"
Locality: 099 KING GEORGE COUNTY,0201,201 - MONROE,"5,264",219,"5,483",203,11,9,5,"20,483",839,"21,322",779,35,14,133,"6,006,967","329,212","6,336,179","136,658","24,566","12,863","2,533"
Locality: 099 KING GEORGE COUNTY,0301,301 - DAHLGREN,"4,476",268,"4,744",254,8,1,5,"20,483",839,"21,322",779,35,14,133,"6,006,967","329,212","6,336,179","136,658","24,566","12,863","2,533"
Locality: 099 KING GEORGE COUNTY,0401,401 - SHILOH,"5,301",184,"5,485",144,11,2,5,"20,483",839,"21,322",779,35,14,133,"6,006,967","329,212","6,336,179","136,658","24,566","12,863","2,533"
Locality: 101 KING WILLIAM COUNTY,0101,101 - WEST POINT,"2,500",68,"2,568",47,2,4,6,"14,677",322,"14,999",201,6,8,133,"6,006,967","329,212","6,336,179","136,658","24,566","12,863","2,533"
Locality: 101 KING WILLIAM COUNTY,0201,201 - SWEET HALL,"1,035",17,"1,052",18,,,6,"14,677",322,"14,999",201,6,8,133,"6,006,967","329,212","6,336,179","136,658","24,566","12,863","2,533"
Locality: 101 KING WILLIAM COUNTY,0202,202 - COURTHOUSE,"2,129",55,"2,184",32,1,2,6,"14,677",322,"14,999",201,6,8,133,"6,006,967","329,212","6,336,179","136,658","24,566","12,863","2,533"
Locality: 101 KING WILLIAM COUNTY,0301,301 - AYLETT,"2,925",66,"2,991",29,,2,6,"14,677",322,"14,999",201,6,8,133,"6,006,967","329,212","6,336,179","136,658","24,566","12,863","2,533"
Locality: 101 KING WILLIAM COUNTY,0401,401 - MANQUIN,"3,038",60,"3,098",45,1,,6,"14,677",322,"14,999",201,6,8,133,"6,006,967","329,212","6,336,179","136,658","24,566","12,863","2,533"
Locality: 101 KING WILLIAM COUNTY,0501,501 - MANGOHICK,"3,050",56,"3,106",30,2,,6,"14,677",322,"14,999",201,6,8,133,"6,006,967","329,212","6,336,179","136,658","24,566","12,863","2,533"
Locality: 103 LANCASTER COUNTY,0101,101 - PRECINCT 1-1,"1,832",49,"1,881",14,4,2,6,"9,254",340,"9,594",67,14,25,133,"6,006,967","329,212","6,336,179","136,658","24,566","12,863","2,533"
Locality: 103 LANCASTER COUNTY,0201,201 - PRECINCT 2-1,"1,674",68,"1,742",12,4,1,6,"9,254",340,"9,594",67,14,25,133,"6,006,967","329,212","6,336,179","136,658","24,566","12,863","2,533"
Locality: 103 LANCASTER COUNTY,0301,301 - PRECINCT 3-1,"1,419",51,"1,470",12,1,4,6,"9,254",340,"9,594",67,14,25,133,"6,006,967","329,212","6,336,179","136,658","24,566","12,863","2,533"
Locality: 103 LANCASTER COUNTY,0302,302 - PRECINCT 3-2,632,24,656,3,,4,6,"9,254",340,"9,594",67,14,25,133,"6,006,967","329,212","6,336,179","136,658","24,566","12,863","2,533"
Locality: 103 LANCASTER COUNTY,0401,401 - PRECINCT 4-1,"1,789",84,"1,873",14,1,1,6,"9,254",340,"9,594",67,14,25,133,"6,006,967","329,212","6,336,179","136,658","24,566","12,863","2,533"
Locality: 103 LANCASTER COUNTY,0501,501 - PRECINCT 5-1,"1,908",64,"1,972",12,4,13,6,"9,254",340,"9,594",67,14,25,133,"6,006,967","329,212","6,336,179","136,658","24,566","12,863","2,533"
Locality: 105 LEE COUNTY,0101,101 - ELYDALE,830,36,866,9,1,,16,"15,217",601,"15,818",93,13,2,133,"6,006,967","329,212","6,336,179","136,658","24,566","12,863","2,533"
Locality: 105 LEE COUNTY,0102,102 - EWING,878,40,918,9,,,16,"15,217",601,"15,818",93,13,2,133,"6,006,967","329,212","6,336,179","136,658","24,566","12,863","2,533"
Locality: 105 LEE COUNTY,0103,103 - ROSE HILL,"1,517",62,"1,579",8,5,,16,"15,217",601,"15,818",93,13,2,133,"6,006,967","329,212","6,336,179","136,658","24,566","12,863","2,533"
Locality: 105 LEE COUNTY,0201,201 - BLACKWATER,307,3,310,1,,,16,"15,217",601,"15,818",93,13,2,133,"6,006,967","329,212","6,336,179","136,658","24,566","12,863","2,533"
Locality: 105 LEE COUNTY,0202,202 - FLATWOODS,"1,111",32,"1,143",3,,,16,"15,217",601,"15,818",93,13,2,133,"6,006,967","329,212","6,336,179","136,658","24,566","12,863","2,533"
Locality: 105 LEE COUNTY,0203,203 - JONESVILLE,"1,952",113,"2,065",14,2,1,16,"15,217",601,"15,818",93,13,2,133,"6,006,967","329,212","6,336,179","136,658","24,566","12,863","2,533"
Locality: 105 LEE COUNTY,0301,301 - BEN HUR,"1,408",38,"1,446",4,1,,16,"15,217",601,"15,818",93,13,2,133,"6,006,967","329,212","6,336,179","136,658","24,566","12,863","2,533"
Locality: 105 LEE COUNTY,0302,302 - WOODWAY,808,35,843,5,2,,16,"15,217",601,"15,818",93,13,2,133,"6,006,967","329,212","6,336,179","136,658","24,566","12,863","2,533"
Locality: 105 LEE COUNTY,0401,401 - STICKLEYVILLE,"1,086",22,"1,108",6,,,16,"15,217",601,"15,818",93,13,2,133,"6,006,967","329,212","6,336,179","136,658","24,566","12,863","2,533"
Locality: 105 LEE COUNTY,0402,402 - JASPER,536,17,553,3,1,,16,"15,217",601,"15,818",93,13,2,133,"6,006,967","329,212","6,336,179","136,658","24,566","12,863","2,533"
Locality: 105 LEE COUNTY,0403,403 - SEMINARY,663,12,675,7,,,16,"15,217",601,"15,818",93,13,2,133,"6,006,967","329,212","6,336,179","136,658","24,566","12,863","2,533"
Locality: 105 LEE COUNTY,0404,404 - DRYDEN,"1,248",42,"1,290",9,1,1,16,"15,217",601,"15,818",93,13,2,133,"6,006,967","329,212","6,336,179","136,658","24,566","12,863","2,533"
Locality: 105 LEE COUNTY,0501,501 - SAINT CHARLES,695,27,722,4,,,16,"15,217",601,"15,818",93,13,2,133,"6,006,967","329,212","6,336,179","136,658","24,566","12,863","2,533"
Locality: 105 LEE COUNTY,0502,502 - PENNINGTON,"1,716",101,"1,817",8,,,16,"15,217",601,"15,818",93,13,2,133,"6,006,967","329,212","6,336,179","136,658","24,566","12,863","2,533"
Locality: 105 LEE COUNTY,0503,503 - ROBBINS CHAPEL,186,9,195,2,,,16,"15,217",601,"15,818",93,13,2,133,"6,006,967","329,212","6,336,179","136,658","24,566","12,863","2,533"
Locality: 105 LEE COUNTY,0504,504 - KEOKEE,276,12,288,1,,,16,"15,217",601,"15,818",93,13,2,133,"6,006,967","329,212","6,336,179","136,658","24,566","12,863","2,533"
Locality: 107 LOUDOUN COUNTY,0107,107 - LITTLE RIVER,"3,277",131,"3,408",39,18,12,107,"290,412","16,817","307,229","3,285","1,963",938,133,"6,006,967","329,212","6,336,179","136,658","24,566","12,863","2,533"
Locality: 107 LOUDOUN COUNTY,0108,108 - MERCER,"3,027",116,"3,143",47,6,6,107,"290,412","16,817","307,229","3,285","1,963",938,133,"6,006,967","329,212","6,336,179","136,658","24,566","12,863","2,533"
Locality: 107 LOUDOUN COUNTY,0112,112 - FREEDOM,"2,713",115,"2,828",32,15,14,107,"290,412","16,817","307,229","3,285","1,963",938,133,"6,006,967","329,212","6,336,179","136,658","24,566","12,863","2,533"
Locality: 107 LOUDOUN COUNTY,0114,114 - DULLES SOUTH,"3,266",189,"3,455",46,12,5,107,"290,412","16,817","307,229","3,285","1,963",938,133,"6,006,967","329,212","6,336,179","136,658","24,566","12,863","2,533"
Locality: 107 LOUDOUN COUNTY,0119,119 - ARCOLA,"4,729",296,"5,025",59,26,3,107,"290,412","16,817","307,229","3,285","1,963",938,133,"6,006,967","329,212","6,336,179","136,658","24,566","12,863","2,533"
Locality: 107 LOUDOUN COUNTY,0120,120 - LUNSFORD,"3,957",153,"4,110",44,22,10,107,"290,412","16,817","307,229","3,285","1,963",938,133,"6,006,967","329,212","6,336,179","136,658","24,566","12,863","2,533"
Locality: 107 LOUDOUN COUNTY,0121,121 - TOWN HALL,"1,904",118,"2,022",15,12,6,107,"290,412","16,817","307,229","3,285","1,963",938,133,"6,006,967","329,212","6,336,179","136,658","24,566","12,863","2,533"
Locality: 107 LOUDOUN COUNTY,0122,122 - HUTCHISON FARM,"3,672",180,"3,852",16,35,16,107,"290,412","16,817","307,229","3,285","1,963",938,133,"6,006,967","329,212","6,336,179","136,658","24,566","12,863","2,533"
Locality: 107 LOUDOUN COUNTY,0123,123 - CARDINAL RIDGE,"1,800",85,"1,885",27,9,8,107,"290,412","16,817","307,229","3,285","1,963",938,133,"6,006,967","329,212","6,336,179","136,658","24,566","12,863","2,533"
Locality: 107 LOUDOUN COUNTY,0124,124 - LIBERTY,"2,762",130,"2,892",43,22,8,107,"290,412","16,817","307,229","3,285","1,963",938,133,"6,006,967","329,212","6,336,179","136,658","24,566","12,863","2,533"
Locality: 107 LOUDOUN COUNTY,0126,126-GOSHEN POST,"3,308",165,"3,473",54,19,6,107,"290,412","16,817","307,229","3,285","1,963",938,133,"6,006,967","329,212","6,336,179","136,658","24,566","12,863","2,533"
Locality: 107 LOUDOUN COUNTY,0207,207 - RIVER BEND,"1,825",65,"1,890",19,13,4,107,"290,412","16,817","307,229","3,285","1,963",938,133,"6,006,967","329,212","6,336,179","136,658","24,566","12,863","2,533"
Locality: 107 LOUDOUN COUNTY,0208,208 - ALGONKIAN,"1,851",99,"1,950",23,23,5,107,"290,412","16,817","307,229","3,285","1,963",938,133,"6,006,967","329,212","6,336,179","136,658","24,566","12,863","2,533"
Locality: 107 LOUDOUN COUNTY,0209,209 - POTOMAC FALLS,"3,574",198,"3,772",36,28,15,107,"290,412","16,817","307,229","3,285","1,963",938,133,"6,006,967","329,212","6,336,179","136,658","24,566","12,863","2,533"
Locality: 107 LOUDOUN COUNTY,0210,210 - CASCADES,"3,575",256,"3,831",40,24,12,107,"290,412","16,817","307,229","3,285","1,963",938,133,"6,006,967","329,212","6,336,179","136,658","24,566","12,863","2,533"
Locality: 107 LOUDOUN COUNTY,0213,213 - COUNTRYSIDE,"1,360",110,"1,470",13,12,2,107,"290,412","16,817","307,229","3,285","1,963",938,133,"6,006,967","329,212","6,336,179","136,658","24,566","12,863","2,533"
Locality: 107 LOUDOUN COUNTY,0214,214 - SUGARLAND NORTH,"2,712",135,"2,847",28,25,10,107,"290,412","16,817","307,229","3,285","1,963",938,133,"6,006,967","329,212","6,336,179","136,658","24,566","12,863","2,533"
Locality: 107 LOUDOUN COUNTY,0215,215 - SUGARLAND SOUTH,"3,210",169,"3,379",41,26,6,107,"290,412","16,817","307,229","3,285","1,963",938,133,"6,006,967","329,212","6,336,179","136,658","24,566","12,863","2,533"
Locality: 107 LOUDOUN COUNTY,0216,216 - LOWES ISLAND,"2,757",150,"2,907",33,42,18,107,"290,412","16,817","307,229","3,285","1,963",938,133,"6,006,967","329,212","6,336,179","136,658","24,566","12,863","2,533"
Locality: 107 LOUDOUN COUNTY,0217,217 - SOUTH BANK,"3,371",137,"3,508",36,18,22,107,"290,412","16,817","307,229","3,285","1,963",938,133,"6,006,967","329,212","6,336,179","136,658","24,566","12,863","2,533"
Locality: 107 LOUDOUN COUNTY,0218,218 - UNIVERSITY CENTER,"2,690",337,"3,027",33,21,11,107,"290,412","16,817","307,229","3,285","1,963",938,133,"6,006,967","329,212","6,336,179","136,658","24,566","12,863","2,533"
Locality: 107 LOUDOUN COUNTY,0219,219 - GALILEE CHURCH,"2,571",218,"2,789",26,18,7,107,"290,412","16,817","307,229","3,285","1,963",938,133,"6,006,967","329,212","6,336,179","136,658","24,566","12,863","2,533"
Locality: 107 LOUDOUN COUNTY,0220,220 - MIRROR RIDGE,"3,001",181,"3,182",33,28,14,107,"290,412","16,817","307,229","3,285","1,963",938,133,"6,006,967","329,212","6,336,179","136,658","24,566","12,863","2,533"
Locality: 107 LOUDOUN COUNTY,0221,221 - SENECA,"2,704",139,"2,843",25,26,17,107,"290,412","16,817","307,229","3,285","1,963",938,133,"6,006,967","329,212","6,336,179","136,658","24,566","12,863","2,533"
Locality: 107 LOUDOUN COUNTY,0307,307 - MIDDLEBURG,"1,345",137,"1,482",11,9,9,107,"290,412","16,817","307,229","3,285","1,963",938,133,"6,006,967","329,212","6,336,179","136,658","24,566","12,863","2,533"
Locality: 107 LOUDOUN COUNTY,0308,308 - ST LOUIS,"1,432",85,"1,517",11,11,7,107,"290,412","16,817","307,229","3,285","1,963",938,133,"6,006,967","329,212","6,336,179","136,658","24,566","12,863","2,533"
Locality: 107 LOUDOUN COUNTY,0309,309 - ALDIE,"1,052",56,"1,108",9,6,3,107,"290,412","16,817","307,229","3,285","1,963",938,133,"6,006,967","329,212","6,336,179","136,658","24,566","12,863","2,533"
Locality: 107 LOUDOUN COUNTY,0312,312 - BRIAR WOODS,"2,280",189,"2,469",37,33,9,107,"290,412","16,817","307,229","3,285","1,963",938,133,"6,006,967","329,212","6,336,179","136,658","24,566","12,863","2,533"
Locality: 107 LOUDOUN COUNTY,0313,313 - PINEBROOK,"2,241",79,"2,320",32,17,7,107,"290,412","16,817","307,229","3,285","1,963",938,133,"6,006,967","329,212","6,336,179","136,658","24,566","12,863","2,533"
Locality: 107 LOUDOUN COUNTY,0314,314 - LEGACY,"3,154",105,"3,259",30,21,12,107,"290,412","16,817","307,229","3,285","1,963",938,133,"6,006,967","329,212","6,336,179","136,658","24,566","12,863","2,533"
Locality: 107 LOUDOUN COUNTY,0319,319 - JOHN CHAMPE,"1,859",36,"1,895",15,7,3,107,"290,412","16,817","307,229","3,285","1,963",938,133,"6,006,967","329,212","6,336,179","136,658","24,566","12,863","2,533"
Locality: 107 LOUDOUN COUNTY,0321,321 - BRAMBLETON MIDDLE,"3,515",153,"3,668",57,26,7,107,"290,412","16,817","307,229","3,285","1,963",938,133,"6,006,967","329,212","6,336,179","136,658","24,566","12,863","2,533"
Locality: 107 LOUDOUN COUNTY,0322,322 - BUFFALO TRAIL,"2,742",108,"2,850",40,18,3,107,"290,412","16,817","307,229","3,285","1,963",938,133,"6,006,967","329,212","6,336,179","136,658","24,566","12,863","2,533"
Locality: 107 LOUDOUN COUNTY,0323,323 - SYCOLIN CREEK,"2,462",121,"2,583",26,11,5,107,"290,412","16,817","307,229","3,285","1,963",938,133,"6,006,967","329,212","6,336,179","136,658","24,566","12,863","2,533"
Locality: 107 LOUDOUN COUNTY,0324,324 - MADISON,"2,041",112,"2,153",42,11,5,107,"290,412","16,817","307,229","3,285","1,963",938,133,"6,006,967","329,212","6,336,179","136,658","24,566","12,863","2,533"
Locality: 107 LOUDOUN COUNTY,0325,325 - CREIGHTON,"3,926",143,"4,069",33,16,5,107,"290,412","16,817","307,229","3,285","1,963",938,133,"6,006,967","329,212","6,336,179","136,658","24,566","12,863","2,533"
Locality: 107 LOUDOUN COUNTY,0326,326 - INDEPENDENCE,"3,555",136,"3,691",29,9,1,107,"290,412","16,817","307,229","3,285","1,963",938,133,"6,006,967","329,212","6,336,179","136,658","24,566","12,863","2,533"
Locality: 107 LOUDOUN COUNTY,0327,327 - WILLARD,"1,648",66,"1,714",21,7,1,107,"290,412","16,817","307,229","3,285","1,963",938,133,"6,006,967","329,212","6,336,179","136,658","24,566","12,863","2,533"
Locality: 107 LOUDOUN COUNTY,0328,328 - HOVATTER,"2,376",64,"2,440",23,10,1,107,"290,412","16,817","307,229","3,285","1,963",938,133,"6,006,967","329,212","6,336,179","136,658","24,566","12,863","2,533"
Locality: 107 LOUDOUN COUNTY,0329,329 - LIGHTRIDGE,"3,173",82,"3,255",35,27,3,107,"290,412","16,817","307,229","3,285","1,963",938,133,"6,006,967","329,212","6,336,179","136,658","24,566","12,863","2,533"
Locality: 107 LOUDOUN COUNTY,0401,401 - WEST LOVETTSVILLE,"3,937",250,"4,187",52,15,9,107,"290,412","16,817","307,229","3,285","1,963",938,133,"6,006,967","329,212","6,336,179","136,658","24,566","12,863","2,533"
Locality: 107 LOUDOUN COUNTY,0402,402 - WATERFORD,"2,930",143,"3,073",44,12,12,107,"290,412","16,817","307,229","3,285","1,963",938,133,"6,006,967","329,212","6,336,179","136,658","24,566","12,863","2,533"
Locality: 107 LOUDOUN COUNTY,0403,403 - LUCKETTS,"2,675",164,"2,839",42,27,13,107,"290,412","16,817","307,229","3,285","1,963",938,133,"6,006,967","329,212","6,336,179","136,658","24,566","12,863","2,533"
Locality: 107 LOUDOUN COUNTY,0409,409 - CLARKES GAP,"3,360",161,"3,521",38,19,18,107,"290,412","16,817","307,229","3,285","1,963",938,133,"6,006,967","329,212","6,336,179","136,658","24,566","12,863","2,533"
Locality: 107 LOUDOUN COUNTY,0411,411 - EAST LOVETTSVILLE,"2,484",131,"2,615",24,13,16,107,"290,412","16,817","307,229","3,285","1,963",938,133,"6,006,967","329,212","6,336,179","136,658","24,566","12,863","2,533"
Locality: 107 LOUDOUN COUNTY,0413,413 - TUSCARORA,"1,599",85,"1,684",25,14,6,107,"290,412","16,817","307,229","3,285","1,963",938,133,"6,006,967","329,212","6,336,179","136,658","24,566","12,863","2,533"
Locality: 107 LOUDOUN COUNTY,0416,416 - HAMILTON,"2,692",113,"2,805",21,24,9,107,"290,412","16,817","307,229","3,285","1,963",938,133,"6,006,967","329,212","6,336,179","136,658","24,566","12,863","2,533"
Locality: 107 LOUDOUN COUNTY,0421,421 - BETWEEN THE HILLS,379,30,409,6,2,,107,"290,412","16,817","307,229","3,285","1,963",938,133,"6,006,967","329,212","6,336,179","136,658","24,566","12,863","2,533"
Locality: 107 LOUDOUN COUNTY,0423,423 - SIMPSON,729,44,773,7,4,5,107,"290,412","16,817","307,229","3,285","1,963",938,133,"6,006,967","329,212","6,336,179","136,658","24,566","12,863","2,533"
Locality: 107 LOUDOUN COUNTY,0424,424 - PURCELLVILLE,"3,472",177,"3,649",53,26,6,107,"290,412","16,817","307,229","3,285","1,963",938,133,"6,006,967","329,212","6,336,179","136,658","24,566","12,863","2,533"
Locality: 107 LOUDOUN COUNTY,0425,425 - ROUND HILL,"2,967",146,"3,113",28,20,11,107,"290,412","16,817","307,229","3,285","1,963",938,133,"6,006,967","329,212","6,336,179","136,658","24,566","12,863","2,533"
Locality: 107 LOUDOUN COUNTY,0426,426 - HILLSBORO,"2,760",163,"2,923",29,24,17,107,"290,412","16,817","307,229","3,285","1,963",938,133,"6,006,967","329,212","6,336,179","136,658","24,566","12,863","2,533"
Locality: 107 LOUDOUN COUNTY,0427,427 - PHILOMONT,"2,405",116,"2,521",23,19,16,107,"290,412","16,817","307,229","3,285","1,963",938,133,"6,006,967","329,212","6,336,179","136,658","24,566","12,863","2,533"
Locality: 107 LOUDOUN COUNTY,0428,428 - MOUNTAIN VIEW,"3,974",216,"4,190",48,18,9,107,"290,412","16,817","307,229","3,285","1,963",938,133,"6,006,967","329,212","6,336,179","136,658","24,566","12,863","2,533"
Locality: 107 LOUDOUN COUNTY,0429,429 - ROUND HILL ELEMENTARY,"3,681",152,"3,833",48,15,8,107,"290,412","16,817","307,229","3,285","1,963",938,133,"6,006,967","329,212","6,336,179","136,658","24,566","12,863","2,533"
Locality: 107 LOUDOUN COUNTY,0430,430 - HARMONY,"1,417",60,"1,477",9,9,5,107,"290,412","16,817","307,229","3,285","1,963",938,133,"6,006,967","329,212","6,336,179","136,658","24,566","12,863","2,533"
Locality: 107 LOUDOUN COUNTY,0501,501 - WEST LEESBURG,"2,920",180,"3,100",30,23,18,107,"290,412","16,817","307,229","3,285","1,963",938,133,"6,006,967","329,212","6,336,179","136,658","24,566","12,863","2,533"
Locality: 107 LOUDOUN COUNTY,0502,502 - EAST LEESBURG,"3,625",316,"3,941",35,12,16,107,"290,412","16,817","307,229","3,285","1,963",938,133,"6,006,967","329,212","6,336,179","136,658","24,566","12,863","2,533"
Locality: 107 LOUDOUN COUNTY,0503,503 - DRY MILL,"1,812",88,"1,900",21,13,8,107,"290,412","16,817","307,229","3,285","1,963",938,133,"6,006,967","329,212","6,336,179","136,658","24,566","12,863","2,533"
Locality: 107 LOUDOUN COUNTY,0504,504 - SMARTS MILL,"3,272",255,"3,527",40,19,13,107,"290,412","16,817","307,229","3,285","1,963",938,133,"6,006,967","329,212","6,336,179","136,658","24,566","12,863","2,533"
Locality: 107 LOUDOUN COUNTY,0505,505 - COOL SPRING,"3,235",196,"3,431",38,25,11,107,"290,412","16,817","307,229","3,285","1,963",938,133,"6,006,967","329,212","6,336,179","136,658","24,566","12,863","2,533"
Locality: 107 LOUDOUN COUNTY,0506,506 - DOUGLASS,"2,041",166,"2,207",18,14,4,107,"290,412","16,817","307,229","3,285","1,963",938,133,"6,006,967","329,212","6,336,179","136,658","24,566","12,863","2,533"
Locality: 107 LOUDOUN COUNTY,0507,507 - GREENWAY,"1,604",137,"1,741",18,10,13,107,"290,412","16,817","307,229","3,285","1,963",938,133,"6,006,967","329,212","6,336,179","136,658","24,566","12,863","2,533"
Locality: 107 LOUDOUN COUNTY,0508,508 - BALLS BLUFF,"3,207",164,"3,371",35,21,7,107,"290,412","16,817","307,229","3,285","1,963",938,133,"6,006,967","329,212","6,336,179","136,658","24,566","12,863","2,533"
Locality: 107 LOUDOUN COUNTY,0509,509 - TOLBERT,"4,441",322,"4,763",59,20,4,107,"290,412","16,817","307,229","3,285","1,963",938,133,"6,006,967","329,212","6,336,179","136,658","24,566","12,863","2,533"
Locality: 107 LOUDOUN COUNTY,0510,510 - HERITAGE,"1,838",84,"1,922",16,14,2,107,"290,412","16,817","307,229","3,285","1,963",938,133,"6,006,967","329,212","6,336,179","136,658","24,566","12,863","2,533"
Locality: 107 LOUDOUN COUNTY,0511,511 - EVERGREEN,"3,978",202,"4,180",54,32,7,107,"290,412","16,817","307,229","3,285","1,963",938,133,"6,006,967","329,212","6,336,179","136,658","24,566","12,863","2,533"
Locality: 107 LOUDOUN COUNTY,0512,512 - RIVER CREEK,"2,559",130,"2,689",18,20,27,107,"290,412","16,817","307,229","3,285","1,963",938,133,"6,006,967","329,212","6,336,179","136,658","24,566","12,863","2,533"
Locality: 107 LOUDOUN COUNTY,0513,513 - RED ROCK,"1,947",98,"2,045",5,11,3,107,"290,412","16,817","307,229","3,285","1,963",938,133,"6,006,967","329,212","6,336,179","136,658","24,566","12,863","2,533"
Locality: 107 LOUDOUN COUNTY,0615,615 - HILLSIDE,"4,077",194,"4,271",63,43,11,107,"290,412","16,817","307,229","3,285","1,963",938,133,"6,006,967","329,212","6,336,179","136,658","24,566","12,863","2,533"
Locality: 107 LOUDOUN COUNTY,0616,616 - EAGLE RIDGE,"4,200",436,"4,636",63,21,11,107,"290,412","16,817","307,229","3,285","1,963",938,133,"6,006,967","329,212","6,336,179","136,658","24,566","12,863","2,533"
Locality: 107 LOUDOUN COUNTY,0620,620 - RUSSELL BRANCH,"2,499",152,"2,651",33,16,9,107,"290,412","16,817","307,229","3,285","1,963",938,133,"6,006,967","329,212","6,336,179","136,658","24,566","12,863","2,533"
Locality: 107 LOUDOUN COUNTY,0621,621 - DOMINION TRAIL,"3,830",222,"4,052",31,35,13,107,"290,412","16,817","307,229","3,285","1,963",938,133,"6,006,967","329,212","6,336,179","136,658","24,566","12,863","2,533"
Locality: 107 LOUDOUN COUNTY,0622,622 - FARMWELL STATION,"3,472",231,"3,703",34,25,9,107,"290,412","16,817","307,229","3,285","1,963",938,133,"6,006,967","329,212","6,336,179","136,658","24,566","12,863","2,533"
Locality: 107 LOUDOUN COUNTY,0623,623 - WELLER,"3,891",201,"4,092",33,9,12,107,"290,412","16,817","307,229","3,285","1,963",938,133,"6,006,967","329,212","6,336,179","136,658","24,566","12,863","2,533"
Locality: 107 LOUDOUN COUNTY,0625,625 - MILL RUN,"2,882",139,"3,021",34,17,5,107,"290,412","16,817","307,229","3,285","1,963",938,133,"6,006,967","329,212","6,336,179","136,658","24,566","12,863","2,533"
Locality: 107 LOUDOUN COUNTY,0626,626 - ASHBY PONDS,"2,129",35,"2,164",6,5,3,107,"290,412","16,817","307,229","3,285","1,963",938,133,"6,006,967","329,212","6,336,179","136,658","24,566","12,863","2,533"
Locality: 107 LOUDOUN COUNTY,0627,627 - ASHBROOK,"1,900",154,"2,054",16,19,6,107,"290,412","16,817","307,229","3,285","1,963",938,133,"6,006,967","329,212","6,336,179","136,658","24,566","12,863","2,533"
Locality: 107 LOUDOUN COUNTY,0628,628 - MOOREFIELD STATION,"2,571",170,"2,741",63,16,6,107,"290,412","16,817","307,229","3,285","1,963",938,133,"6,006,967","329,212","6,336,179","136,658","24,566","12,863","2,533"
Locality: 107 LOUDOUN COUNTY,0629,629 - DISCOVERY,"1,637",183,"1,820",17,2,7,107,"290,412","16,817","307,229","3,285","1,963",938,133,"6,006,967","329,212","6,336,179","136,658","24,566","12,863","2,533"
Locality: 107 LOUDOUN COUNTY,0630,630 - CROSON,"3,286",232,"3,518",44,20,10,107,"290,412","16,817","307,229","3,285","1,963",938,133,"6,006,967","329,212","6,336,179","136,658","24,566","12,863","2,533"
Locality: 107 LOUDOUN COUNTY,0631,631 - MARBLEHEAD,"2,501",271,"2,772",40,9,4,107,"290,412","16,817","307,229","3,285","1,963",938,133,"6,006,967","329,212","6,336,179","136,658","24,566","12,863","2,533"
Locality: 107 LOUDOUN COUNTY,0701,701 - SULLY,"2,852",179,"3,031",23,15,5,107,"290,412","16,817","307,229","3,285","1,963",938,133,"6,006,967","329,212","6,336,179","136,658","24,566","12,863","2,533"
Locality: 107 LOUDOUN COUNTY,0702,702 - PARK VIEW,"3,576",178,"3,754",34,16,3,107,"290,412","16,817","307,229","3,285","1,963",938,133,"6,006,967","329,212","6,336,179","136,658","24,566","12,863","2,533"
Locality: 107 LOUDOUN COUNTY,0703,703 - ROLLING RIDGE,"2,986",203,"3,189",26,23,8,107,"290,412","16,817","307,229","3,285","1,963",938,133,"6,006,967","329,212","6,336,179","136,658","24,566","12,863","2,533"
Locality: 107 LOUDOUN COUNTY,0705,705 - FOREST GROVE,"3,066",216,"3,282",37,19,10,107,"290,412","16,817","307,229","3,285","1,963",938,133,"6,006,967","329,212","6,336,179","136,658","24,566","12,863","2,533"
Locality: 107 LOUDOUN COUNTY,0707,707 - CLAUDE MOORE PARK,"1,207",55,"1,262",13,12,3,107,"290,412","16,817","307,229","3,285","1,963",938,133,"6,006,967","329,212","6,336,179","136,658","24,566","12,863","2,533"
Locality: 107 LOUDOUN COUNTY,0710,710 - STERLING,"2,377",211,"2,588",33,11,7,107,"290,412","16,817","307,229","3,285","1,963",938,133,"6,006,967","329,212","6,336,179","136,658","24,566","12,863","2,533"
Locality: 107 LOUDOUN COUNTY,0711,711 - GUILFORD,"2,024",141,"2,165",25,24,9,107,"290,412","16,817","307,229","3,285","1,963",938,133,"6,006,967","329,212","6,336,179","136,658","24,566","12,863","2,533"
Locality: 107 LOUDOUN COUNTY,0712,712 - STONE HILL,"2,487",180,"2,667",39,18,5,107,"290,412","16,817","307,229","3,285","1,963",938,133,"6,006,967","329,212","6,336,179","136,658","24,566","12,863","2,533"
Locality: 107 LOUDOUN COUNTY,0713,713 - CARTER,"1,167",147,"1,314",18,7,12,107,"290,412","16,817","307,229","3,285","1,963",938,133,"6,006,967","329,212","6,336,179","136,658","24,566","12,863","2,533"
Locality: 107 LOUDOUN COUNTY,0714,714 - ROCK RIDGE,"3,436",112,"3,548",29,20,18,107,"290,412","16,817","307,229","3,285","1,963",938,133,"6,006,967","329,212","6,336,179","136,658","24,566","12,863","2,533"
Locality: 107 LOUDOUN COUNTY,0715,715 - OAK GROVE,"1,457",95,"1,552",10,13,2,107,"290,412","16,817","307,229","3,285","1,963",938,133,"6,006,967","329,212","6,336,179","136,658","24,566","12,863","2,533"
Locality: 107 LOUDOUN COUNTY,0716,716 - RIDGETOP,"2,002",297,"2,299",26,12,9,107,"290,412","16,817","307,229","3,285","1,963",938,133,"6,006,967","329,212","6,336,179","136,658","24,566","12,863","2,533"
Locality: 107 LOUDOUN COUNTY,0808,808 - STONE BRIDGE,"3,782",181,"3,963",37,39,12,107,"290,412","16,817","307,229","3,285","1,963",938,133,"6,006,967","329,212","6,336,179","136,658","24,566","12,863","2,533"
Locality: 107 LOUDOUN COUNTY,0810,810 - CEDAR LANE,"3,053",174,"3,227",25,30,11,107,"290,412","16,817","307,229","3,285","1,963",938,133,"6,006,967","329,212","6,336,179","136,658","24,566","12,863","2,533"
Locality: 107 LOUDOUN COUNTY,0813,813 - SELDENS LANDING,"2,677",272,"2,949",28,21,5,107,"290,412","16,817","307,229","3,285","1,963",938,133,"6,006,967","329,212","6,336,179","136,658","24,566","12,863","2,533"
Locality: 107 LOUDOUN COUNTY,0814,814 - NEWTON - LEE,"3,741",207,"3,948",37,29,13,107,"290,412","16,817","307,229","3,285","1,963",938,133,"6,006,967","329,212","6,336,179","136,658","24,566","12,863","2,533"
Locality: 107 LOUDOUN COUNTY,0815,815 - BELMONT RIDGE,"3,757",206,"3,963",20,32,19,107,"290,412","16,817","307,229","3,285","1,963",938,133,"6,006,967","329,212","6,336,179","136,658","24,566","12,863","2,533"
Locality: 107 LOUDOUN COUNTY,0817,817 - SANDERS CORNER,"2,784",193,"2,977",33,21,6,107,"290,412","16,817","307,229","3,285","1,963",938,133,"6,006,967","329,212","6,336,179","136,658","24,566","12,863","2,533"
Locality: 107 LOUDOUN COUNTY,0818,818 - EAST BROAD RUN,"2,460",147,"2,607",27,21,6,107,"290,412","16,817","307,229","3,285","1,963",938,133,"6,006,967","329,212","6,336,179","136,658","24,566","12,863","2,533"
Locality: 107 LOUDOUN COUNTY,0819,819 - WEST BROAD RUN,"2,206",99,"2,305",27,15,8,107,"290,412","16,817","307,229","3,285","1,963",938,133,"6,006,967","329,212","6,336,179","136,658","24,566","12,863","2,533"
Locality: 107 LOUDOUN COUNTY,0820,820 - BELMONT STATION,"2,859",182,"3,041",34,23,14,107,"290,412","16,817","307,229","3,285","1,963",938,133,"6,006,967","329,212","6,336,179","136,658","24,566","12,863","2,533"
Locality: 107 LOUDOUN COUNTY,0822,822 - RIVERSIDE,"2,479",111,"2,590",19,17,13,107,"290,412","16,817","307,229","3,285","1,963",938,133,"6,006,967","329,212","6,336,179","136,658","24,566","12,863","2,533"
Locality: 107 LOUDOUN COUNTY,0823,823 - HARPER PARK,"2,563",110,"2,673",27,18,8,107,"290,412","16,817","307,229","3,285","1,963",938,133,"6,006,967","329,212","6,336,179","136,658","24,566","12,863","2,533"
Locality: 107 LOUDOUN COUNTY,0824,824 - GOOSE CREEK,"1,247",119,"1,366",13,15,6,107,"290,412","16,817","307,229","3,285","1,963",938,133,"6,006,967","329,212","6,336,179","136,658","24,566","12,863","2,533"
Locality: 107 LOUDOUN COUNTY,0825,825 - WAXPOOL,"2,935",149,"3,084",25,21,9,107,"290,412","16,817","307,229","3,285","1,963",938,133,"6,006,967","329,212","6,336,179","136,658","24,566","12,863","2,533"
Locality: 109 LOUISA COUNTY,0101,101 - GREEN SPRINGS #1,"3,569",86,"3,655",30,8,7,14,"31,101",930,"32,031",309,44,34,133,"6,006,967","329,212","6,336,179","136,658","24,566","12,863","2,533"
Locality: 109 LOUISA COUNTY,0102,102 - GREEN SPRINGS #2,"1,488",32,"1,520",8,1,2,14,"31,101",930,"32,031",309,44,34,133,"6,006,967","329,212","6,336,179","136,658","24,566","12,863","2,533"
Locality: 109 LOUISA COUNTY,0201,201 - LOUISA #1,"1,994",113,"2,107",22,2,,14,"31,101",930,"32,031",309,44,34,133,"6,006,967","329,212","6,336,179","136,658","24,566","12,863","2,533"
Locality: 109 LOUISA COUNTY,0202,202 - LOUISA #2,"1,804",63,"1,867",21,5,2,14,"31,101",930,"32,031",309,44,34,133,"6,006,967","329,212","6,336,179","136,658","24,566","12,863","2,533"
Locality: 109 LOUISA COUNTY,0203,203 - LOUISA #3,337,4,341,4,,,14,"31,101",930,"32,031",309,44,34,133,"6,006,967","329,212","6,336,179","136,658","24,566","12,863","2,533"
Locality: 109 LOUISA COUNTY,0301,301 - PATRICK HENRY #1,"2,531",74,"2,605",23,8,3,14,"31,101",930,"32,031",309,44,34,133,"6,006,967","329,212","6,336,179","136,658","24,566","12,863","2,533"
Locality: 109 LOUISA COUNTY,0302,302 - PATRICK HENRY #2,"1,731",84,"1,815",17,1,1,14,"31,101",930,"32,031",309,44,34,133,"6,006,967","329,212","6,336,179","136,658","24,566","12,863","2,533"
Locality: 109 LOUISA COUNTY,0401,401 - MINERAL,"4,751",130,"4,881",48,3,3,14,"31,101",930,"32,031",309,44,34,133,"6,006,967","329,212","6,336,179","136,658","24,566","12,863","2,533"
Locality: 109 LOUISA COUNTY,0501,501 - CUCKOO #1,"1,236",38,"1,274",17,,,14,"31,101",930,"32,031",309,44,34,133,"6,006,967","329,212","6,336,179","136,658","24,566","12,863","2,533"
Locality: 109 LOUISA COUNTY,0502,502 - CUCKOO #2,"1,375",50,"1,425",14,,2,14,"31,101",930,"32,031",309,44,34,133,"6,006,967","329,212","6,336,179","136,658","24,566","12,863","2,533"
Locality: 109 LOUISA COUNTY,0503,503 - CUCKOO #3,"2,165",59,"2,224",24,12,,14,"31,101",930,"32,031",309,44,34,133,"6,006,967","329,212","6,336,179","136,658","24,566","12,863","2,533"
Locality: 109 LOUISA COUNTY,0601,601 - JACKSON,"3,974",85,"4,059",40,2,2,14,"31,101",930,"32,031",309,44,34,133,"6,006,967","329,212","6,336,179","136,658","24,566","12,863","2,533"
Locality: 109 LOUISA COUNTY,0701,701 - MOUNTAIN ROAD #1,"1,943",37,"1,980",14,2,5,14,"31,101",930,"32,031",309,44,34,133,"6,006,967","329,212","6,336,179","136,658","24,566","12,863","2,533"
Locality: 109 LOUISA COUNTY,0702,702 - MOUNTAIN ROAD #2,"2,203",75,"2,278",27,,7,14,"31,101",930,"32,031",309,44,34,133,"6,006,967","329,212","6,336,179","136,658","24,566","12,863","2,533"
Locality: 111 LUNENBURG COUNTY,0101,101 - PLYMOUTH,993,38,"1,031",7,1,,11,"7,970",240,"8,210",79,3,1,133,"6,006,967","329,212","6,336,179","136,658","24,566","12,863","2,533"
Locality: 111 LUNENBURG COUNTY,0201,201 - BROWNS STORE,"1,027",20,"1,047",10,2,,11,"7,970",240,"8,210",79,3,1,133,"6,006,967","329,212","6,336,179","136,658","24,566","12,863","2,533"
Locality: 111 LUNENBURG COUNTY,0301,301 - ROSEBUD,465,18,483,2,,,11,"7,970",240,"8,210",79,3,1,133,"6,006,967","329,212","6,336,179","136,658","24,566","12,863","2,533"
Locality: 111 LUNENBURG COUNTY,0302,302 - FLAT ROCK,640,27,667,6,,,11,"7,970",240,"8,210",79,3,1,133,"6,006,967","329,212","6,336,179","136,658","24,566","12,863","2,533"
Locality: 111 LUNENBURG COUNTY,0401,401 - ARROWHEAD GUN CLUB,380,15,395,5,,,11,"7,970",240,"8,210",79,3,1,133,"6,006,967","329,212","6,336,179","136,658","24,566","12,863","2,533"
Locality: 111 LUNENBURG COUNTY,0402,402 - PLEASANT GROVE,820,15,835,9,,1,11,"7,970",240,"8,210",79,3,1,133,"6,006,967","329,212","6,336,179","136,658","24,566","12,863","2,533"
Locality: 111 LUNENBURG COUNTY,0501,501 - REEDY CREEK,623,14,637,7,,,11,"7,970",240,"8,210",79,3,1,133,"6,006,967","329,212","6,336,179","136,658","24,566","12,863","2,533"
Locality: 111 LUNENBURG COUNTY,0502,502 - PEOPLES COMMUNITY CENTER,672,28,700,4,,,11,"7,970",240,"8,210",79,3,1,133,"6,006,967","329,212","6,336,179","136,658","24,566","12,863","2,533"
Locality: 111 LUNENBURG COUNTY,0601,601 - HOUNDS CREEK,"1,114",33,"1,147",17,,,11,"7,970",240,"8,210",79,3,1,133,"6,006,967","329,212","6,336,179","136,658","24,566","12,863","2,533"
Locality: 111 LUNENBURG COUNTY,0701,701 - MEHERRIN FIRE DEPARTMENT,623,11,634,7,,,11,"7,970",240,"8,210",79,3,1,133,"6,006,967","329,212","6,336,179","136,658","24,566","12,863","2,533"
Locality: 111 LUNENBURG COUNTY,0702,702 - VICTORIA PUBLIC LIBRARY,613,21,634,5,,,11,"7,970",240,"8,210",79,3,1,133,"6,006,967","329,212","6,336,179","136,658","24,566","12,863","2,533"
Locality: 113 MADISON COUNTY,0001,001 - OAK PARK,"1,291",46,"1,337",13,4,5,8,"10,544",263,"10,807",122,24,16,133,"6,006,967","329,212","6,336,179","136,658","24,566","12,863","2,533"
Locality: 113 MADISON COUNTY,0002,002 - RADIANT,"1,853",60,"1,913",30,1,,8,"10,544",263,"10,807",122,24,16,133,"6,006,967","329,212","6,336,179","136,658","24,566","12,863","2,533"
Locality: 113 MADISON COUNTY,0003,003 - ROCHELLE,880,13,893,9,6,,8,"10,544",263,"10,807",122,24,16,133,"6,006,967","329,212","6,336,179","136,658","24,566","12,863","2,533"
Locality: 113 MADISON COUNTY,0004,004 - GRAVES MILL/WOLFTOWN,"1,127",27,"1,154",17,3,1,8,"10,544",263,"10,807",122,24,16,133,"6,006,967","329,212","6,336,179","136,658","24,566","12,863","2,533"
Locality: 113 MADISON COUNTY,0005,005 - MADISON,"1,984",48,"2,032",18,6,5,8,"10,544",263,"10,807",122,24,16,133,"6,006,967","329,212","6,336,179","136,658","24,566","12,863","2,533"
Locality: 113 MADISON COUNTY,0006,006 - ETLAN,558,18,576,6,,,8,"10,544",263,"10,807",122,24,16,133,"6,006,967","329,212","6,336,179","136,658","24,566","12,863","2,533"
Locality: 113 MADISON COUNTY,0007,007 - BRIGHTWOOD,"1,990",40,"2,030",22,,,8,"10,544",263,"10,807",122,24,16,133,"6,006,967","329,212","6,336,179","136,658","24,566","12,863","2,533"
Locality: 113 MADISON COUNTY,0008,008 - CRIGLERSVILLE,861,11,872,7,4,5,8,"10,544",263,"10,807",122,24,16,133,"6,006,967","329,212","6,336,179","136,658","24,566","12,863","2,533"
Locality: 115 MATHEWS COUNTY,0001,001 - CHESAPEAKE,"1,630",44,"1,674",28,10,3,3,"7,336",172,"7,508",111,21,8,133,"6,006,967","329,212","6,336,179","136,658","24,566","12,863","2,533"
Locality: 115 MATHEWS COUNTY,0002,002 - WESTVILLE,"2,602",58,"2,660",38,4,1,3,"7,336",172,"7,508",111,21,8,133,"6,006,967","329,212","6,336,179","136,658","24,566","12,863","2,533"
Locality: 115 MATHEWS COUNTY,0003,003 - PIANKATANK,"3,104",70,"3,174",45,7,4,3,"7,336",172,"7,508",111,21,8,133,"6,006,967","329,212","6,336,179","136,658","24,566","12,863","2,533"
Locality: 117 MECKLENBURG COUNTY,0101,101 - PALMER SPRINGS,862,41,903,10,2,,22,"22,167","1,405","23,572",201,13,6,133,"6,006,967","329,212","6,336,179","136,658","24,566","12,863","2,533"
Locality: 117 MECKLENBURG COUNTY,0102,102 - ANTIOCH CHURCH,309,22,331,,,,22,"22,167","1,405","23,572",201,13,6,133,"6,006,967","329,212","6,336,179","136,658","24,566","12,863","2,533"
Locality: 117 MECKLENBURG COUNTY,0103,103 - CLARKSVILLE SOUTH,"1,252",101,"1,353",6,,,22,"22,167","1,405","23,572",201,13,6,133,"6,006,967","329,212","6,336,179","136,658","24,566","12,863","2,533"
Locality: 117 MECKLENBURG COUNTY,0201,201 - CHASE CITY,"1,759",126,"1,885",17,2,1,22,"22,167","1,405","23,572",201,13,6,133,"6,006,967","329,212","6,336,179","136,658","24,566","12,863","2,533"
Locality: 117 MECKLENBURG COUNTY,0202,202 - BLUESTONE,384,20,404,1,,,22,"22,167","1,405","23,572",201,13,6,133,"6,006,967","329,212","6,336,179","136,658","24,566","12,863","2,533"
Locality: 117 MECKLENBURG COUNTY,0301,301 - BRACEY,"1,531",134,"1,665",13,,1,22,"22,167","1,405","23,572",201,13,6,133,"6,006,967","329,212","6,336,179","136,658","24,566","12,863","2,533"
Locality: 117 MECKLENBURG COUNTY,0302,302 - LACROSSE,"1,020",74,"1,094",6,1,,22,"22,167","1,405","23,572",201,13,6,133,"6,006,967","329,212","6,336,179","136,658","24,566","12,863","2,533"
Locality: 117 MECKLENBURG COUNTY,0401,401 - SOUTH HILL WEST,"2,304",176,"2,480",26,1,,22,"22,167","1,405","23,572",201,13,6,133,"6,006,967","329,212","6,336,179","136,658","24,566","12,863","2,533"
Locality: 117 MECKLENBURG COUNTY,0501,501 - SOUTH HILL EAST,"2,279",162,"2,441",24,,,22,"22,167","1,405","23,572",201,13,6,133,"6,006,967","329,212","6,336,179","136,658","24,566","12,863","2,533"
Locality: 117 MECKLENBURG COUNTY,0601,601 - BASKERVILLE,622,19,641,6,1,,22,"22,167","1,405","23,572",201,13,6,133,"6,006,967","329,212","6,336,179","136,658","24,566","12,863","2,533"
Locality: 117 MECKLENBURG COUNTY,0602,602 - UNION LEVEL,454,36,490,5,,,22,"22,167","1,405","23,572",201,13,6,133,"6,006,967","329,212","6,336,179","136,658","24,566","12,863","2,533"
Locality: 117 MECKLENBURG COUNTY,0603,603 - SMITH CROSSROADS,626,31,657,2,,,22,"22,167","1,405","23,572",201,13,6,133,"6,006,967","329,212","6,336,179","136,658","24,566","12,863","2,533"
Locality: 117 MECKLENBURG COUNTY,0604,604 - LAKE GASTON,"1,027",91,"1,118",17,3,,22,"22,167","1,405","23,572",201,13,6,133,"6,006,967","329,212","6,336,179","136,658","24,566","12,863","2,533"
Locality: 117 MECKLENBURG COUNTY,0701,701 - MIDWAY,546,29,575,7,,,22,"22,167","1,405","23,572",201,13,6,133,"6,006,967","329,212","6,336,179","136,658","24,566","12,863","2,533"
Locality: 117 MECKLENBURG COUNTY,0702,702 - WILLIAMS GROVE,995,47,"1,042",8,,1,22,"22,167","1,405","23,572",201,13,6,133,"6,006,967","329,212","6,336,179","136,658","24,566","12,863","2,533"
Locality: 117 MECKLENBURG COUNTY,0703,703 - CHASE CITY EAST,822,36,858,7,,,22,"22,167","1,405","23,572",201,13,6,133,"6,006,967","329,212","6,336,179","136,658","24,566","12,863","2,533"
Locality: 117 MECKLENBURG COUNTY,0801,801 - BOYDTON,624,42,666,8,1,,22,"22,167","1,405","23,572",201,13,6,133,"6,006,967","329,212","6,336,179","136,658","24,566","12,863","2,533"
Locality: 117 MECKLENBURG COUNTY,0802,802 - CLARKSVILLE VFW,"1,263",50,"1,313",13,,1,22,"22,167","1,405","23,572",201,13,6,133,"6,006,967","329,212","6,336,179","136,658","24,566","12,863","2,533"
Locality: 117 MECKLENBURG COUNTY,0803,803 - CHASE CITY WEST,790,29,819,4,,,22,"22,167","1,405","23,572",201,13,6,133,"6,006,967","329,212","6,336,179","136,658","24,566","12,863","2,533"
Locality: 117 MECKLENBURG COUNTY,0901,901 - NELSON,392,13,405,4,,,22,"22,167","1,405","23,572",201,13,6,133,"6,006,967","329,212","6,336,179","136,658","24,566","12,863","2,533"
Locality: 117 MECKLENBURG COUNTY,0902,902 - BUFFALO JUNCTION,677,33,710,3,,,22,"22,167","1,405","23,572",201,13,6,133,"6,006,967","329,212","6,336,179","136,658","24,566","12,863","2,533"
Locality: 117 MECKLENBURG COUNTY,0903,903 - CLARKSVILLE NORTH,"1,629",93,"1,722",14,2,2,22,"22,167","1,405","23,572",201,13,6,133,"6,006,967","329,212","6,336,179","136,658","24,566","12,863","2,533"
Locality: 119 MIDDLESEX COUNTY,0101,101 - SALUDA,643,46,689,10,4,1,6,"8,570",369,"8,939",82,24,5,133,"6,006,967","329,212","6,336,179","136,658","24,566","12,863","2,533"
Locality: 119 MIDDLESEX COUNTY,0102,102 - URBANNA,974,28,"1,002",4,6,,6,"8,570",369,"8,939",82,24,5,133,"6,006,967","329,212","6,336,179","136,658","24,566","12,863","2,533"
Locality: 119 MIDDLESEX COUNTY,0201,201 - NEW MARKET,"1,809",71,"1,880",19,6,1,6,"8,570",369,"8,939",82,24,5,133,"6,006,967","329,212","6,336,179","136,658","24,566","12,863","2,533"
Locality: 119 MIDDLESEX COUNTY,0302,302 - CHURCH VIEW,"1,621",83,"1,704",14,1,1,6,"8,570",369,"8,939",82,24,5,133,"6,006,967","329,212","6,336,179","136,658","24,566","12,863","2,533"
Locality: 119 MIDDLESEX COUNTY,0401,401- HARMONY VILLAGE,"1,664",89,"1,753",11,3,1,6,"8,570",369,"8,939",82,24,5,133,"6,006,967","329,212","6,336,179","136,658","24,566","12,863","2,533"
Locality: 119 MIDDLESEX COUNTY,0501,501 - WILTON,"1,859",52,"1,911",24,4,1,6,"8,570",369,"8,939",82,24,5,133,"6,006,967","329,212","6,336,179","136,658","24,566","12,863","2,533"
Locality: 121 MONTGOMERY COUNTY,0101,101 - PRECINCT A-1,"2,241",82,"2,323",27,6,7,29,"61,925","4,277","66,202",580,174,124,133,"6,006,967","329,212","6,336,179","136,658","24,566","12,863","2,533"
Locality: 121 MONTGOMERY COUNTY,0102,102 - PRECINCT A-2,"2,485",273,"2,758",27,20,14,29,"61,925","4,277","66,202",580,174,124,133,"6,006,967","329,212","6,336,179","136,658","24,566","12,863","2,533"
Locality: 121 MONTGOMERY COUNTY,0103,103 - PRECINCT A-3,263,111,374,2,,,29,"61,925","4,277","66,202",580,174,124,133,"6,006,967","329,212","6,336,179","136,658","24,566","12,863","2,533"
Locality: 121 MONTGOMERY COUNTY,0104,104 - PRECINCT A-4 ,"2,547",218,"2,765",23,17,20,29,"61,925","4,277","66,202",580,174,124,133,"6,006,967","329,212","6,336,179","136,658","24,566","12,863","2,533"
Locality: 121 MONTGOMERY COUNTY,0105,105 - PRECINCT A-5,"1,845",95,"1,940",22,6,1,29,"61,925","4,277","66,202",580,174,124,133,"6,006,967","329,212","6,336,179","136,658","24,566","12,863","2,533"
Locality: 121 MONTGOMERY COUNTY,0201,201 - PRECINCT B-1,865,28,893,10,1,1,29,"61,925","4,277","66,202",580,174,124,133,"6,006,967","329,212","6,336,179","136,658","24,566","12,863","2,533"
Locality: 121 MONTGOMERY COUNTY,0202,202 - PRECINCT B-2,"2,688",155,"2,843",32,3,1,29,"61,925","4,277","66,202",580,174,124,133,"6,006,967","329,212","6,336,179","136,658","24,566","12,863","2,533"
Locality: 121 MONTGOMERY COUNTY,0203,203 - PRECINCT B-3,"1,187",104,"1,291",8,,,29,"61,925","4,277","66,202",580,174,124,133,"6,006,967","329,212","6,336,179","136,658","24,566","12,863","2,533"
Locality: 121 MONTGOMERY COUNTY,0204,204 - PRECINCT B-4,"3,269",215,"3,484",37,4,1,29,"61,925","4,277","66,202",580,174,124,133,"6,006,967","329,212","6,336,179","136,658","24,566","12,863","2,533"
Locality: 121 MONTGOMERY COUNTY,0205,205 - PRECINCT B-5,"2,209",115,"2,324",17,1,4,29,"61,925","4,277","66,202",580,174,124,133,"6,006,967","329,212","6,336,179","136,658","24,566","12,863","2,533"
Locality: 121 MONTGOMERY COUNTY,0301,301 - PRECINCT C-1,"3,163",104,"3,267",15,1,1,29,"61,925","4,277","66,202",580,174,124,133,"6,006,967","329,212","6,336,179","136,658","24,566","12,863","2,533"
Locality: 121 MONTGOMERY COUNTY,0302,302 - PRECINCT C-2,"1,342",52,"1,394",11,2,1,29,"61,925","4,277","66,202",580,174,124,133,"6,006,967","329,212","6,336,179","136,658","24,566","12,863","2,533"
Locality: 121 MONTGOMERY COUNTY,0303,303 - PRECINCT C-3,"1,288",35,"1,323",5,1,,29,"61,925","4,277","66,202",580,174,124,133,"6,006,967","329,212","6,336,179","136,658","24,566","12,863","2,533"
Locality: 121 MONTGOMERY COUNTY,0304,304 - PRECINCT C-4,"2,589",182,"2,771",19,3,,29,"61,925","4,277","66,202",580,174,124,133,"6,006,967","329,212","6,336,179","136,658","24,566","12,863","2,533"
Locality: 121 MONTGOMERY COUNTY,0305,305 - PRECINCT C-5,"1,624",104,"1,728",18,2,,29,"61,925","4,277","66,202",580,174,124,133,"6,006,967","329,212","6,336,179","136,658","24,566","12,863","2,533"
Locality: 121 MONTGOMERY COUNTY,0401,401 - PRECINCT D-1,"3,080",103,"3,183",27,1,2,29,"61,925","4,277","66,202",580,174,124,133,"6,006,967","329,212","6,336,179","136,658","24,566","12,863","2,533"
Locality: 121 MONTGOMERY COUNTY,0402,402 - PRECINCT D-2,"3,166",67,"3,233",21,4,1,29,"61,925","4,277","66,202",580,174,124,133,"6,006,967","329,212","6,336,179","136,658","24,566","12,863","2,533"
Locality: 121 MONTGOMERY COUNTY,0403,403 - PRECINCT D-3,"3,124",136,"3,260",33,4,1,29,"61,925","4,277","66,202",580,174,124,133,"6,006,967","329,212","6,336,179","136,658","24,566","12,863","2,533"
Locality: 121 MONTGOMERY COUNTY,0404,404 - PRECINCT D-4,"1,349",20,"1,369",8,1,1,29,"61,925","4,277","66,202",580,174,124,133,"6,006,967","329,212","6,336,179","136,658","24,566","12,863","2,533"
Locality: 121 MONTGOMERY COUNTY,0501,501 - PRECINCT E-1,"2,760",199,"2,959",26,7,2,29,"61,925","4,277","66,202",580,174,124,133,"6,006,967","329,212","6,336,179","136,658","24,566","12,863","2,533"
Locality: 121 MONTGOMERY COUNTY,0502,502 - PRECINCT E-2,"1,903",49,"1,952",12,1,4,29,"61,925","4,277","66,202",580,174,124,133,"6,006,967","329,212","6,336,179","136,658","24,566","12,863","2,533"
Locality: 121 MONTGOMERY COUNTY,0503,503 - PRECINCT E-3,"1,805",282,"2,087",11,3,1,29,"61,925","4,277","66,202",580,174,124,133,"6,006,967","329,212","6,336,179","136,658","24,566","12,863","2,533"
Locality: 121 MONTGOMERY COUNTY,0504,504 - PRECINCT E-4,651,51,702,11,2,2,29,"61,925","4,277","66,202",580,174,124,133,"6,006,967","329,212","6,336,179","136,658","24,566","12,863","2,533"
Locality: 121 MONTGOMERY COUNTY,0601,601 - PRECINCT F-1,"2,795",193,"2,988",31,19,15,29,"61,925","4,277","66,202",580,174,124,133,"6,006,967","329,212","6,336,179","136,658","24,566","12,863","2,533"
Locality: 121 MONTGOMERY COUNTY,0602,602 - PRECINCT F-2,"3,030",301,"3,331",32,20,27,29,"61,925","4,277","66,202",580,174,124,133,"6,006,967","329,212","6,336,179","136,658","24,566","12,863","2,533"
Locality: 121 MONTGOMERY COUNTY,0603,603 - PRECINCT F-3,983,268,"1,251",17,1,,29,"61,925","4,277","66,202",580,174,124,133,"6,006,967","329,212","6,336,179","136,658","24,566","12,863","2,533"
Locality: 121 MONTGOMERY COUNTY,0701,701 - PRECINCT G-1,"3,117",316,"3,433",33,15,7,29,"61,925","4,277","66,202",580,174,124,133,"6,006,967","329,212","6,336,179","136,658","24,566","12,863","2,533"
Locality: 121 MONTGOMERY COUNTY,0702,702 - PRECINCT G-2,"2,507",201,"2,708",22,13,3,29,"61,925","4,277","66,202",580,174,124,133,"6,006,967","329,212","6,336,179","136,658","24,566","12,863","2,533"
Locality: 121 MONTGOMERY COUNTY,0703,703 - PRECINCT G-3 ,"2,050",218,"2,268",23,16,7,29,"61,925","4,277","66,202",580,174,124,133,"6,006,967","329,212","6,336,179","136,658","24,566","12,863","2,533"
Locality: 125 NELSON COUNTY,0101,101 - ROCKFISH,"2,195",54,"2,249",15,9,6,9,"11,787",278,"12,065",81,42,28,133,"6,006,967","329,212","6,336,179","136,658","24,566","12,863","2,533"
Locality: 125 NELSON COUNTY,0201,201 - LOVINGSTON,"1,393",34,"1,427",10,4,2,9,"11,787",278,"12,065",81,42,28,133,"6,006,967","329,212","6,336,179","136,658","24,566","12,863","2,533"
Locality: 125 NELSON COUNTY,0202,202 - SCHUYLER,924,23,947,3,2,2,9,"11,787",278,"12,065",81,42,28,133,"6,006,967","329,212","6,336,179","136,658","24,566","12,863","2,533"
Locality: 125 NELSON COUNTY,0301,301 - SHIPMAN,"1,893",37,"1,930",16,4,2,9,"11,787",278,"12,065",81,42,28,133,"6,006,967","329,212","6,336,179","136,658","24,566","12,863","2,533"
Locality: 125 NELSON COUNTY,0302,302 - GLADSTONE,306,6,312,2,,,9,"11,787",278,"12,065",81,42,28,133,"6,006,967","329,212","6,336,179","136,658","24,566","12,863","2,533"
Locality: 125 NELSON COUNTY,0401,401 - ROSELAND,"1,909",38,"1,947",9,6,5,9,"11,787",278,"12,065",81,42,28,133,"6,006,967","329,212","6,336,179","136,658","24,566","12,863","2,533"
Locality: 125 NELSON COUNTY,0402,402 - MONTEBELLO,178,7,185,1,,,9,"11,787",278,"12,065",81,42,28,133,"6,006,967","329,212","6,336,179","136,658","24,566","12,863","2,533"
Locality: 125 NELSON COUNTY,0501,501 - FABER,836,13,849,5,3,2,9,"11,787",278,"12,065",81,42,28,133,"6,006,967","329,212","6,336,179","136,658","24,566","12,863","2,533"
Locality: 125 NELSON COUNTY,0502,502 - NELLYSFORD,"2,153",66,"2,219",20,14,9,9,"11,787",278,"12,065",81,42,28,133,"6,006,967","329,212","6,336,179","136,658","24,566","12,863","2,533"
Locality: 127 NEW KENT COUNTY,0102,102 - TUNSTALL,"1,497",32,"1,529",25,1,,10,"20,764",464,"21,228",327,34,3,133,"6,006,967","329,212","6,336,179","136,658","24,566","12,863","2,533"
Locality: 127 NEW KENT COUNTY,0103,103 - SOUTHERN BRANCH,"2,063",53,"2,116",18,4,,10,"20,764",464,"21,228",327,34,3,133,"6,006,967","329,212","6,336,179","136,658","24,566","12,863","2,533"
Locality: 127 NEW KENT COUNTY,0201,201 - QUINTON,"2,409",67,"2,476",28,7,1,10,"20,764",464,"21,228",327,34,3,133,"6,006,967","329,212","6,336,179","136,658","24,566","12,863","2,533"
Locality: 127 NEW KENT COUNTY,0202,202 - KENTWOOD,"1,388",23,"1,411",17,2,,10,"20,764",464,"21,228",327,34,3,133,"6,006,967","329,212","6,336,179","136,658","24,566","12,863","2,533"
Locality: 127 NEW KENT COUNTY,0301,301 - WATKINS,"3,545",65,"3,610",67,1,,10,"20,764",464,"21,228",327,34,3,133,"6,006,967","329,212","6,336,179","136,658","24,566","12,863","2,533"
Locality: 127 NEW KENT COUNTY,0302,302 - CUMBERLAND,"1,689",40,"1,729",29,1,,10,"20,764",464,"21,228",327,34,3,133,"6,006,967","329,212","6,336,179","136,658","24,566","12,863","2,533"
Locality: 127 NEW KENT COUNTY,0401,401 - PROVIDENCE FORGE,"3,277",72,"3,349",71,10,2,10,"20,764",464,"21,228",327,34,3,133,"6,006,967","329,212","6,336,179","136,658","24,566","12,863","2,533"
Locality: 127 NEW KENT COUNTY,0403,403 - MOUNTCASTLE,"1,148",19,"1,167",5,1,,10,"20,764",464,"21,228",327,34,3,133,"6,006,967","329,212","6,336,179","136,658","24,566","12,863","2,533"
Locality: 127 NEW KENT COUNTY,0501,501 - ELTHAM,"1,594",52,"1,646",29,2,,10,"20,764",464,"21,228",327,34,3,133,"6,006,967","329,212","6,336,179","136,658","24,566","12,863","2,533"
Locality: 127 NEW KENT COUNTY,0502,502 - CHICKAHOMINY RIVER,"2,154",41,"2,195",38,5,,10,"20,764",464,"21,228",327,34,3,133,"6,006,967","329,212","6,336,179","136,658","24,566","12,863","2,533"
Locality: 131 NORTHAMPTON COUNTY,0101,101 - PRECINCT 1-1,"2,320",66,"2,386",29,14,3,5,"9,651",251,"9,902",103,31,10,133,"6,006,967","329,212","6,336,179","136,658","24,566","12,863","2,533"
Locality: 131 NORTHAMPTON COUNTY,0201,201 - PRECINCT 2-1,"1,886",42,"1,928",25,8,,5,"9,651",251,"9,902",103,31,10,133,"6,006,967","329,212","6,336,179","136,658","24,566","12,863","2,533"
Locality: 131 NORTHAMPTON COUNTY,0301,301 - PRECINCT 3-1,"1,780",46,"1,826",18,3,1,5,"9,651",251,"9,902",103,31,10,133,"6,006,967","329,212","6,336,179","136,658","24,566","12,863","2,533"
Locality: 131 NORTHAMPTON COUNTY,0401,401 - PRECINCT 4-1,"1,910",50,"1,960",14,4,3,5,"9,651",251,"9,902",103,31,10,133,"6,006,967","329,212","6,336,179","136,658","24,566","12,863","2,533"
Locality: 131 NORTHAMPTON COUNTY,0501,501 - PRECINCT 5-1,"1,755",47,"1,802",17,2,3,5,"9,651",251,"9,902",103,31,10,133,"6,006,967","329,212","6,336,179","136,658","24,566","12,863","2,533"
Locality: 133 NORTHUMBERLAND COUNTY,0101,101 - 1A,"1,829",67,"1,896",10,6,6,5,"10,297",420,"10,717",99,22,19,133,"6,006,967","329,212","6,336,179","136,658","24,566","12,863","2,533"
Locality: 133 NORTHUMBERLAND COUNTY,0201,201 - 2A,"1,976",78,"2,054",15,4,3,5,"10,297",420,"10,717",99,22,19,133,"6,006,967","329,212","6,336,179","136,658","24,566","12,863","2,533"
Locality: 133 NORTHUMBERLAND COUNTY,0301,301 - 3A,"1,897",82,"1,979",14,1,2,5,"10,297",420,"10,717",99,22,19,133,"6,006,967","329,212","6,336,179","136,658","24,566","12,863","2,533"
Locality: 133 NORTHUMBERLAND COUNTY,0401,401 - 4A,"2,212",97,"2,309",33,8,4,5,"10,297",420,"10,717",99,22,19,133,"6,006,967","329,212","6,336,179","136,658","24,566","12,863","2,533"
Locality: 133 NORTHUMBERLAND COUNTY,0501,501 - 5A,"2,383",96,"2,479",27,3,4,5,"10,297",420,"10,717",99,22,19,133,"6,006,967","329,212","6,336,179","136,658","24,566","12,863","2,533"
Locality: 135 NOTTOWAY COUNTY,0101,101 - PRECINCT 1-1,"1,559",59,"1,618",16,2,,7,"9,493",476,"9,969",163,7,5,133,"6,006,967","329,212","6,336,179","136,658","24,566","12,863","2,533"
Locality: 135 NOTTOWAY COUNTY,0201,201 - PRECINCT 2-1,"2,104",84,"2,188",43,1,,7,"9,493",476,"9,969",163,7,5,133,"6,006,967","329,212","6,336,179","136,658","24,566","12,863","2,533"
Locality: 135 NOTTOWAY COUNTY,0301,301 - PRECINCT 3-1,"1,515",69,"1,584",24,1,2,7,"9,493",476,"9,969",163,7,5,133,"6,006,967","329,212","6,336,179","136,658","24,566","12,863","2,533"
Locality: 135 NOTTOWAY COUNTY,0302,302 - PRECINCT 3-2,393,11,404,2,,,7,"9,493",476,"9,969",163,7,5,133,"6,006,967","329,212","6,336,179","136,658","24,566","12,863","2,533"
Locality: 135 NOTTOWAY COUNTY,0401,401 - PRECINCT 4-1,"1,222",94,"1,316",15,1,,7,"9,493",476,"9,969",163,7,5,133,"6,006,967","329,212","6,336,179","136,658","24,566","12,863","2,533"
Locality: 135 NOTTOWAY COUNTY,0402,402 - PRECINCT 4-2,791,39,830,11,,,7,"9,493",476,"9,969",163,7,5,133,"6,006,967","329,212","6,336,179","136,658","24,566","12,863","2,533"
Locality: 135 NOTTOWAY COUNTY,0501,501 - PRECINCT 5-1,"1,909",120,"2,029",52,2,3,7,"9,493",476,"9,969",163,7,5,133,"6,006,967","329,212","6,336,179","136,658","24,566","12,863","2,533"
Locality: 137 ORANGE COUNTY,0101,101 - ONE WEST,"2,631",62,"2,693",18,6,,12,"29,279","1,034","30,313",439,52,38,133,"6,006,967","329,212","6,336,179","136,658","24,566","12,863","2,533"
Locality: 137 ORANGE COUNTY,0102,102 - ONE EAST,"1,956",41,"1,997",16,2,7,12,"29,279","1,034","30,313",439,52,38,133,"6,006,967","329,212","6,336,179","136,658","24,566","12,863","2,533"
Locality: 137 ORANGE COUNTY,0103,103 - ONE TOWN,"1,083",47,"1,130",11,,1,12,"29,279","1,034","30,313",439,52,38,133,"6,006,967","329,212","6,336,179","136,658","24,566","12,863","2,533"
Locality: 137 ORANGE COUNTY,0201,201 - TWO WEST,"2,659",75,"2,734",29,1,2,12,"29,279","1,034","30,313",439,52,38,133,"6,006,967","329,212","6,336,179","136,658","24,566","12,863","2,533"
Locality: 137 ORANGE COUNTY,0202,202 - TWO EAST,"3,123",110,"3,233",53,6,,12,"29,279","1,034","30,313",439,52,38,133,"6,006,967","329,212","6,336,179","136,658","24,566","12,863","2,533"
Locality: 137 ORANGE COUNTY,0301,301 - THREE WEST,604,16,620,3,1,,12,"29,279","1,034","30,313",439,52,38,133,"6,006,967","329,212","6,336,179","136,658","24,566","12,863","2,533"
Locality: 137 ORANGE COUNTY,0302,302 - THREE EAST,"1,564",49,"1,613",12,1,2,12,"29,279","1,034","30,313",439,52,38,133,"6,006,967","329,212","6,336,179","136,658","24,566","12,863","2,533"
Locality: 137 ORANGE COUNTY,0303,303 - THREE TOWN,"3,070",154,"3,224",42,6,3,12,"29,279","1,034","30,313",439,52,38,133,"6,006,967","329,212","6,336,179","136,658","24,566","12,863","2,533"
Locality: 137 ORANGE COUNTY,0401,401 - FOUR WEST,"3,179",111,"3,290",57,3,2,12,"29,279","1,034","30,313",439,52,38,133,"6,006,967","329,212","6,336,179","136,658","24,566","12,863","2,533"
Locality: 137 ORANGE COUNTY,0402,402 - FOUR EAST,"3,073",124,"3,197",97,4,2,12,"29,279","1,034","30,313",439,52,38,133,"6,006,967","329,212","6,336,179","136,658","24,566","12,863","2,533"
Locality: 137 ORANGE COUNTY,0501,501 - FIVE SOUTH,"2,880",125,"3,005",44,8,9,12,"29,279","1,034","30,313",439,52,38,133,"6,006,967","329,212","6,336,179","136,658","24,566","12,863","2,533"
Locality: 137 ORANGE COUNTY,0502,502 - FIVE NORTH,"3,457",120,"3,577",57,14,10,12,"29,279","1,034","30,313",439,52,38,133,"6,006,967","329,212","6,336,179","136,658","24,566","12,863","2,533"
Locality: 139 PAGE COUNTY,0101,101 - WEST LURAY,"3,572",113,"3,685",18,5,4,5,"17,429",471,"17,900",129,28,15,133,"6,006,967","329,212","6,336,179","136,658","24,566","12,863","2,533"
Locality: 139 PAGE COUNTY,0201,201 - EAST LURAY,"3,511",95,"3,606",37,7,1,5,"17,429",471,"17,900",129,28,15,133,"6,006,967","329,212","6,336,179","136,658","24,566","12,863","2,533"
Locality: 139 PAGE COUNTY,0301,301 - MARKSVILLE,"3,812",111,"3,923",34,10,7,5,"17,429",471,"17,900",129,28,15,133,"6,006,967","329,212","6,336,179","136,658","24,566","12,863","2,533"
Locality: 139 PAGE COUNTY,0401,401 - NEWPORT,"3,163",85,"3,248",19,3,1,5,"17,429",471,"17,900",129,28,15,133,"6,006,967","329,212","6,336,179","136,658","24,566","12,863","2,533"
Locality: 139 PAGE COUNTY,0501,501 - SHENANDOAH,"3,371",67,"3,438",21,3,2,5,"17,429",471,"17,900",129,28,15,133,"6,006,967","329,212","6,336,179","136,658","24,566","12,863","2,533"
Locality: 141 PATRICK COUNTY,0101,101 - ARARAT,918,30,948,7,1,,13,"13,032",381,"13,413",99,14,1,133,"6,006,967","329,212","6,336,179","136,658","24,566","12,863","2,533"
Locality: 141 PATRICK COUNTY,0102,102 - CLAUDVILLE,804,25,829,6,1,,13,"13,032",381,"13,413",99,14,1,133,"6,006,967","329,212","6,336,179","136,658","24,566","12,863","2,533"
Locality: 141 PATRICK COUNTY,0103,103 - WILLIS GAP,945,40,985,4,1,,13,"13,032",381,"13,413",99,14,1,133,"6,006,967","329,212","6,336,179","136,658","24,566","12,863","2,533"
Locality: 141 PATRICK COUNTY,0201,201 - DRY POND,621,13,634,4,1,,13,"13,032",381,"13,413",99,14,1,133,"6,006,967","329,212","6,336,179","136,658","24,566","12,863","2,533"
Locality: 141 PATRICK COUNTY,0202,202 - PATRICK SPRINGS,"1,086",27,"1,113",8,,,13,"13,032",381,"13,413",99,14,1,133,"6,006,967","329,212","6,336,179","136,658","24,566","12,863","2,533"
Locality: 141 PATRICK COUNTY,0203,203 - RUSSELL CREEK,979,32,"1,011",5,1,,13,"13,032",381,"13,413",99,14,1,133,"6,006,967","329,212","6,336,179","136,658","24,566","12,863","2,533"
Locality: 141 PATRICK COUNTY,0301,301 - CRITZ/STELLA,"1,720",49,"1,769",17,,,13,"13,032",381,"13,413",99,14,1,133,"6,006,967","329,212","6,336,179","136,658","24,566","12,863","2,533"
Locality: 141 PATRICK COUNTY,0302,302 - LIBERTY,942,19,961,12,,,13,"13,032",381,"13,413",99,14,1,133,"6,006,967","329,212","6,336,179","136,658","24,566","12,863","2,533"
Locality: 141 PATRICK COUNTY,0401,401 - MEADOWS OF DAN,"1,054",30,"1,084",9,6,,13,"13,032",381,"13,413",99,14,1,133,"6,006,967","329,212","6,336,179","136,658","24,566","12,863","2,533"
Locality: 141 PATRICK COUNTY,0402,402 - STUART FAIRGROUNDS,797,32,829,7,,1,13,"13,032",381,"13,413",99,14,1,133,"6,006,967","329,212","6,336,179","136,658","24,566","12,863","2,533"
Locality: 141 PATRICK COUNTY,0403,403 - STUART COMMUNITY,591,22,613,5,,,13,"13,032",381,"13,413",99,14,1,133,"6,006,967","329,212","6,336,179","136,658","24,566","12,863","2,533"
Locality: 141 PATRICK COUNTY,0502,502 - ELAMSVILLE,"1,304",30,"1,334",6,1,,13,"13,032",381,"13,413",99,14,1,133,"6,006,967","329,212","6,336,179","136,658","24,566","12,863","2,533"
Locality: 141 PATRICK COUNTY,0503,503 - WOOLWINE,"1,271",32,"1,303",9,2,,13,"13,032",381,"13,413",99,14,1,133,"6,006,967","329,212","6,336,179","136,658","24,566","12,863","2,533"
Locality: 143 PITTSYLVANIA COUNTY,0103,103 - TWIN SPRINGS,"3,366",102,"3,468",25,5,3,29,"44,809","1,401","46,210",409,33,24,133,"6,006,967","329,212","6,336,179","136,658","24,566","12,863","2,533"
Locality: 143 PITTSYLVANIA COUNTY,0105,105 - CHATHAM,"1,024",44,"1,068",8,5,2,29,"44,809","1,401","46,210",409,33,24,133,"6,006,967","329,212","6,336,179","136,658","24,566","12,863","2,533"
Locality: 143 PITTSYLVANIA COUNTY,0106,106 - TUNSTALL,"1,550",78,"1,628",13,,,29,"44,809","1,401","46,210",409,33,24,133,"6,006,967","329,212","6,336,179","136,658","24,566","12,863","2,533"
Locality: 143 PITTSYLVANIA COUNTY,0108,108 - WEST BLAIRS,875,20,895,7,,,29,"44,809","1,401","46,210",409,33,24,133,"6,006,967","329,212","6,336,179","136,658","24,566","12,863","2,533"
Locality: 143 PITTSYLVANIA COUNTY,0201,201 - CALLANDS,"1,314",24,"1,338",7,,,29,"44,809","1,401","46,210",409,33,24,133,"6,006,967","329,212","6,336,179","136,658","24,566","12,863","2,533"
Locality: 143 PITTSYLVANIA COUNTY,0202,202- BEARSKIN,831,19,850,6,1,,29,"44,809","1,401","46,210",409,33,24,133,"6,006,967","329,212","6,336,179","136,658","24,566","12,863","2,533"
Locality: 143 PITTSYLVANIA COUNTY,0204,204 - SANDY LEVEL,994,23,"1,017",13,2,,29,"44,809","1,401","46,210",409,33,24,133,"6,006,967","329,212","6,336,179","136,658","24,566","12,863","2,533"
Locality: 143 PITTSYLVANIA COUNTY,0206,206 - CLIMAX,967,25,992,7,1,,29,"44,809","1,401","46,210",409,33,24,133,"6,006,967","329,212","6,336,179","136,658","24,566","12,863","2,533"
Locality: 143 PITTSYLVANIA COUNTY,0207,207 - GRETNA,"2,099",76,"2,175",19,2,,29,"44,809","1,401","46,210",409,33,24,133,"6,006,967","329,212","6,336,179","136,658","24,566","12,863","2,533"
Locality: 143 PITTSYLVANIA COUNTY,0301,301 - CENTRAL,"1,478",43,"1,521",17,1,,29,"44,809","1,401","46,210",409,33,24,133,"6,006,967","329,212","6,336,179","136,658","24,566","12,863","2,533"
Locality: 143 PITTSYLVANIA COUNTY,0305,305 - RICEVILLE,"1,084",35,"1,119",10,,,29,"44,809","1,401","46,210",409,33,24,133,"6,006,967","329,212","6,336,179","136,658","24,566","12,863","2,533"
Locality: 143 PITTSYLVANIA COUNTY,0307,307 - EAST BLAIRS,"1,804",80,"1,884",20,,1,29,"44,809","1,401","46,210",409,33,24,133,"6,006,967","329,212","6,336,179","136,658","24,566","12,863","2,533"
Locality: 143 PITTSYLVANIA COUNTY,0308,308 - MT AIRY,957,25,982,8,3,,29,"44,809","1,401","46,210",409,33,24,133,"6,006,967","329,212","6,336,179","136,658","24,566","12,863","2,533"
Locality: 143 PITTSYLVANIA COUNTY,0309,309 - EAST GRETNA,770,29,799,9,,,29,"44,809","1,401","46,210",409,33,24,133,"6,006,967","329,212","6,336,179","136,658","24,566","12,863","2,533"
Locality: 143 PITTSYLVANIA COUNTY,0402,402 - KEELING,"1,391",35,"1,426",9,1,3,29,"44,809","1,401","46,210",409,33,24,133,"6,006,967","329,212","6,336,179","136,658","24,566","12,863","2,533"
Locality: 143 PITTSYLVANIA COUNTY,0404,404 - KENTUCK,"2,474",62,"2,536",22,2,,29,"44,809","1,401","46,210",409,33,24,133,"6,006,967","329,212","6,336,179","136,658","24,566","12,863","2,533"
Locality: 143 PITTSYLVANIA COUNTY,0405,405 - RINGGOLD,"2,811",74,"2,885",22,,6,29,"44,809","1,401","46,210",409,33,24,133,"6,006,967","329,212","6,336,179","136,658","24,566","12,863","2,533"
Locality: 143 PITTSYLVANIA COUNTY,0501,501 - HURT,"2,417",65,"2,482",33,1,1,29,"44,809","1,401","46,210",409,33,24,133,"6,006,967","329,212","6,336,179","136,658","24,566","12,863","2,533"
Locality: 143 PITTSYLVANIA COUNTY,0502,502 - MOTLEY SYCAMORE,"2,881",78,"2,959",20,1,,29,"44,809","1,401","46,210",409,33,24,133,"6,006,967","329,212","6,336,179","136,658","24,566","12,863","2,533"
Locality: 143 PITTSYLVANIA COUNTY,0503,503 - RENAN,"1,007",26,"1,033",11,,,29,"44,809","1,401","46,210",409,33,24,133,"6,006,967","329,212","6,336,179","136,658","24,566","12,863","2,533"
Locality: 143 PITTSYLVANIA COUNTY,0603,603 - STONY MILL,"1,814",44,"1,858",21,1,2,29,"44,809","1,401","46,210",409,33,24,133,"6,006,967","329,212","6,336,179","136,658","24,566","12,863","2,533"
Locality: 143 PITTSYLVANIA COUNTY,0604,604 - SWANSONVILLE,"1,035",34,"1,069",7,,,29,"44,809","1,401","46,210",409,33,24,133,"6,006,967","329,212","6,336,179","136,658","24,566","12,863","2,533"
Locality: 143 PITTSYLVANIA COUNTY,0605,605 - WHITMELL,"1,360",48,"1,408",14,2,,29,"44,809","1,401","46,210",409,33,24,133,"6,006,967","329,212","6,336,179","136,658","24,566","12,863","2,533"
Locality: 143 PITTSYLVANIA COUNTY,0606,606 - BROSVILLE,"1,460",63,"1,523",13,1,3,29,"44,809","1,401","46,210",409,33,24,133,"6,006,967","329,212","6,336,179","136,658","24,566","12,863","2,533"
Locality: 143 PITTSYLVANIA COUNTY,0607,607 - DRY FORK,593,10,603,3,,,29,"44,809","1,401","46,210",409,33,24,133,"6,006,967","329,212","6,336,179","136,658","24,566","12,863","2,533"
Locality: 143 PITTSYLVANIA COUNTY,0702,702 - BACHELORS HALL,"1,777",74,"1,851",20,1,1,29,"44,809","1,401","46,210",409,33,24,133,"6,006,967","329,212","6,336,179","136,658","24,566","12,863","2,533"
Locality: 143 PITTSYLVANIA COUNTY,0703,703 - FERRY ROAD,430,28,458,4,,,29,"44,809","1,401","46,210",409,33,24,133,"6,006,967","329,212","6,336,179","136,658","24,566","12,863","2,533"
Locality: 143 PITTSYLVANIA COUNTY,0704,704 - MT HERMON,"2,861",72,"2,933",26,1,2,29,"44,809","1,401","46,210",409,33,24,133,"6,006,967","329,212","6,336,179","136,658","24,566","12,863","2,533"
Locality: 143 PITTSYLVANIA COUNTY,0705,705 - MT CROSS,"1,385",65,"1,450",15,2,,29,"44,809","1,401","46,210",409,33,24,133,"6,006,967","329,212","6,336,179","136,658","24,566","12,863","2,533"
Locality: 145 POWHATAN COUNTY,0101,101 - SUBLETTS,"2,411",49,"2,460",32,6,1,12,"24,761",579,"25,340",294,63,4,133,"6,006,967","329,212","6,336,179","136,658","24,566","12,863","2,533"
Locality: 145 POWHATAN COUNTY,0102,102 - MANAKIN,"1,958",54,"2,012",13,3,,12,"24,761",579,"25,340",294,63,4,133,"6,006,967","329,212","6,336,179","136,658","24,566","12,863","2,533"
Locality: 145 POWHATAN COUNTY,0103,103 - FLAT ROCK,999,25,"1,024",6,1,,12,"24,761",579,"25,340",294,63,4,133,"6,006,967","329,212","6,336,179","136,658","24,566","12,863","2,533"
Locality: 145 POWHATAN COUNTY,0201,201 - POWHATAN STATION,"2,003",40,"2,043",22,5,,12,"24,761",579,"25,340",294,63,4,133,"6,006,967","329,212","6,336,179","136,658","24,566","12,863","2,533"
Locality: 145 POWHATAN COUNTY,0202,202 - GRACELAND,"2,630",67,"2,697",27,8,1,12,"24,761",579,"25,340",294,63,4,133,"6,006,967","329,212","6,336,179","136,658","24,566","12,863","2,533"
Locality: 145 POWHATAN COUNTY,0301,301 - BETHESDA,"2,766",72,"2,838",29,7,,12,"24,761",579,"25,340",294,63,4,133,"6,006,967","329,212","6,336,179","136,658","24,566","12,863","2,533"
Locality: 145 POWHATAN COUNTY,0302,302 - LEE'S LANDING,"2,468",51,"2,519",33,10,1,12,"24,761",579,"25,340",294,63,4,133,"6,006,967","329,212","6,336,179","136,658","24,566","12,863","2,533"
Locality: 145 POWHATAN COUNTY,0401,401 - POWHATAN COURTHOUSE,"3,559",76,"3,635",39,12,,12,"24,761",579,"25,340",294,63,4,133,"6,006,967","329,212","6,336,179","136,658","24,566","12,863","2,533"
Locality: 145 POWHATAN COUNTY,0402,402 - MT ZION ,"1,496",47,"1,543",16,2,1,12,"24,761",579,"25,340",294,63,4,133,"6,006,967","329,212","6,336,179","136,658","24,566","12,863","2,533"
Locality: 145 POWHATAN COUNTY,0501,501 - SMITH CROSS ROADS,"2,189",43,"2,232",31,7,,12,"24,761",579,"25,340",294,63,4,133,"6,006,967","329,212","6,336,179","136,658","24,566","12,863","2,533"
Locality: 145 POWHATAN COUNTY,0502,502 - PINEVILLE,"1,131",22,"1,153",19,1,,12,"24,761",579,"25,340",294,63,4,133,"6,006,967","329,212","6,336,179","136,658","24,566","12,863","2,533"
Locality: 145 POWHATAN COUNTY,0503,503 - TOBACCOVILLE,"1,151",33,"1,184",27,1,,12,"24,761",579,"25,340",294,63,4,133,"6,006,967","329,212","6,336,179","136,658","24,566","12,863","2,533"
Locality: 147 PRINCE EDWARD COUNTY,0101,101 - FARMVILLE,"1,869",76,"1,945",18,2,,10,"13,383",668,"14,051",125,18,3,133,"6,006,967","329,212","6,336,179","136,658","24,566","12,863","2,533"
Locality: 147 PRINCE EDWARD COUNTY,0201,201 - LOCKETT,"2,050",87,"2,137",16,2,,10,"13,383",668,"14,051",125,18,3,133,"6,006,967","329,212","6,336,179","136,658","24,566","12,863","2,533"
Locality: 147 PRINCE EDWARD COUNTY,0301,301 - LEIGH,"1,485",37,"1,522",16,1,,10,"13,383",668,"14,051",125,18,3,133,"6,006,967","329,212","6,336,179","136,658","24,566","12,863","2,533"
Locality: 147 PRINCE EDWARD COUNTY,0302,302 - MT PLEASANT,746,20,766,8,,,10,"13,383",668,"14,051",125,18,3,133,"6,006,967","329,212","6,336,179","136,658","24,566","12,863","2,533"
Locality: 147 PRINCE EDWARD COUNTY,0401,401 - HAMPDEN,"1,420",117,"1,537",15,4,2,10,"13,383",668,"14,051",125,18,3,133,"6,006,967","329,212","6,336,179","136,658","24,566","12,863","2,533"
Locality: 147 PRINCE EDWARD COUNTY,0501,501 - DARLINGTON HTS,957,32,989,10,1,,10,"13,383",668,"14,051",125,18,3,133,"6,006,967","329,212","6,336,179","136,658","24,566","12,863","2,533"
Locality: 147 PRINCE EDWARD COUNTY,0502,502 - BUFFALO HTS,677,40,717,9,1,,10,"13,383",668,"14,051",125,18,3,133,"6,006,967","329,212","6,336,179","136,658","24,566","12,863","2,533"
Locality: 147 PRINCE EDWARD COUNTY,0601,601 - PROSPECT,"2,069",83,"2,152",19,2,,10,"13,383",668,"14,051",125,18,3,133,"6,006,967","329,212","6,336,179","136,658","24,566","12,863","2,533"
Locality: 147 PRINCE EDWARD COUNTY,0701,701 - WEST END,"1,296",75,"1,371",6,4,1,10,"13,383",668,"14,051",125,18,3,133,"6,006,967","329,212","6,336,179","136,658","24,566","12,863","2,533"
Locality: 147 PRINCE EDWARD COUNTY,0801,801 - CENTER,814,101,915,8,1,,10,"13,383",668,"14,051",125,18,3,133,"6,006,967","329,212","6,336,179","136,658","24,566","12,863","2,533"
Locality: 149 PRINCE GEORGE COUNTY,0101,101 - RICHARD BLAND,"1,372",42,"1,414",28,,2,10,"24,455","1,108","25,563","2,125",41,16,133,"6,006,967","329,212","6,336,179","136,658","24,566","12,863","2,533"
Locality: 149 PRINCE GEORGE COUNTY,0102,102 - TEMPLETON,"3,913",92,"4,005",93,5,2,10,"24,455","1,108","25,563","2,125",41,16,133,"6,006,967","329,212","6,336,179","136,658","24,566","12,863","2,533"
Locality: 149 PRINCE GEORGE COUNTY,0103,103 - UNION BRANCH,"2,377",63,"2,440",64,4,2,10,"24,455","1,108","25,563","2,125",41,16,133,"6,006,967","329,212","6,336,179","136,658","24,566","12,863","2,533"
Locality: 149 PRINCE GEORGE COUNTY,0104,104 - RIVES,"2,131",237,"2,368",722,3,2,10,"24,455","1,108","25,563","2,125",41,16,133,"6,006,967","329,212","6,336,179","136,658","24,566","12,863","2,533"
Locality: 149 PRINCE GEORGE COUNTY,0105,105 - HARRISON,973,13,986,11,,1,10,"24,455","1,108","25,563","2,125",41,16,133,"6,006,967","329,212","6,336,179","136,658","24,566","12,863","2,533"
Locality: 149 PRINCE GEORGE COUNTY,0201,201 - BLAND,"4,062",134,"4,196",138,7,1,10,"24,455","1,108","25,563","2,125",41,16,133,"6,006,967","329,212","6,336,179","136,658","24,566","12,863","2,533"
Locality: 149 PRINCE GEORGE COUNTY,0202,202 - BLACKWATER,"2,692",91,"2,783",55,1,,10,"24,455","1,108","25,563","2,125",41,16,133,"6,006,967","329,212","6,336,179","136,658","24,566","12,863","2,533"
Locality: 149 PRINCE GEORGE COUNTY,0203,203 - BRANDON,939,21,960,28,2,,10,"24,455","1,108","25,563","2,125",41,16,133,"6,006,967","329,212","6,336,179","136,658","24,566","12,863","2,533"
Locality: 149 PRINCE GEORGE COUNTY,0204,204 - COURTS,"2,954",91,"3,045",185,8,3,10,"24,455","1,108","25,563","2,125",41,16,133,"6,006,967","329,212","6,336,179","136,658","24,566","12,863","2,533"
Locality: 149 PRINCE GEORGE COUNTY,0205,205 - JEFFERSON PARK,"3,042",324,"3,366",801,11,3,10,"24,455","1,108","25,563","2,125",41,16,133,"6,006,967","329,212","6,336,179","136,658","24,566","12,863","2,533"
Locality: 153 PRINCE WILLIAM COUNTY,0101,101 - BRENTSVILLE,"3,180",124,"3,304",70,2,2,103,"309,053","20,163","329,216","8,982","1,525",284,133,"6,006,967","329,212","6,336,179","136,658","24,566","12,863","2,533"
Locality: 153 PRINCE WILLIAM COUNTY,0102,102 - CEDAR POINT,"2,733",107,"2,840",52,9,2,103,"309,053","20,163","329,216","8,982","1,525",284,133,"6,006,967","329,212","6,336,179","136,658","24,566","12,863","2,533"
Locality: 153 PRINCE WILLIAM COUNTY,0103,103 - GLENKIRK,"3,742",184,"3,926",73,20,4,103,"309,053","20,163","329,216","8,982","1,525",284,133,"6,006,967","329,212","6,336,179","136,658","24,566","12,863","2,533"
Locality: 153 PRINCE WILLIAM COUNTY,0104,104 - NOKESVILLE,"3,998",216,"4,214",81,17,3,103,"309,053","20,163","329,216","8,982","1,525",284,133,"6,006,967","329,212","6,336,179","136,658","24,566","12,863","2,533"
Locality: 153 PRINCE WILLIAM COUNTY,0105,105 - PINEY BRANCH,"3,202",158,"3,360",64,24,2,103,"309,053","20,163","329,216","8,982","1,525",284,133,"6,006,967","329,212","6,336,179","136,658","24,566","12,863","2,533"
Locality: 153 PRINCE WILLIAM COUNTY,0106,106 - UNITY REED,"1,287",139,"1,426",20,3,,103,"309,053","20,163","329,216","8,982","1,525",284,133,"6,006,967","329,212","6,336,179","136,658","24,566","12,863","2,533"
Locality: 153 PRINCE WILLIAM COUNTY,0107,107 - MARSTELLER,"3,715",181,"3,896",66,16,3,103,"309,053","20,163","329,216","8,982","1,525",284,133,"6,006,967","329,212","6,336,179","136,658","24,566","12,863","2,533"
Locality: 153 PRINCE WILLIAM COUNTY,0108,108 - VICTORY,"3,743",250,"3,993",67,12,,103,"309,053","20,163","329,216","8,982","1,525",284,133,"6,006,967","329,212","6,336,179","136,658","24,566","12,863","2,533"
Locality: 153 PRINCE WILLIAM COUNTY,0109,109 - CHRIS YUNG,"3,588",244,"3,832",54,19,1,103,"309,053","20,163","329,216","8,982","1,525",284,133,"6,006,967","329,212","6,336,179","136,658","24,566","12,863","2,533"
Locality: 153 PRINCE WILLIAM COUNTY,0110,110 - BUCKLAND MILLS,"3,848",271,"4,119",59,14,2,103,"309,053","20,163","329,216","8,982","1,525",284,133,"6,006,967","329,212","6,336,179","136,658","24,566","12,863","2,533"
Locality: 153 PRINCE WILLIAM COUNTY,0111,111 - LIMESTONE,"4,219",208,"4,427",87,29,2,103,"309,053","20,163","329,216","8,982","1,525",284,133,"6,006,967","329,212","6,336,179","136,658","24,566","12,863","2,533"
Locality: 153 PRINCE WILLIAM COUNTY,0112,112 - BURKE-NICKENS,"4,548",230,"4,778",91,31,3,103,"309,053","20,163","329,216","8,982","1,525",284,133,"6,006,967","329,212","6,336,179","136,658","24,566","12,863","2,533"
Locality: 153 PRINCE WILLIAM COUNTY,0113,113 - LAKES,"3,214",127,"3,341",54,18,1,103,"309,053","20,163","329,216","8,982","1,525",284,133,"6,006,967","329,212","6,336,179","136,658","24,566","12,863","2,533"
Locality: 153 PRINCE WILLIAM COUNTY,0114,114 - BRISTOW RUN,"3,996",168,"4,164",70,20,2,103,"309,053","20,163","329,216","8,982","1,525",284,133,"6,006,967","329,212","6,336,179","136,658","24,566","12,863","2,533"
Locality: 153 PRINCE WILLIAM COUNTY,0201,201 - HYLTON,"3,228",191,"3,419",86,14,3,103,"309,053","20,163","329,216","8,982","1,525",284,133,"6,006,967","329,212","6,336,179","136,658","24,566","12,863","2,533"
Locality: 153 PRINCE WILLIAM COUNTY,0202,202 - WEST GATE,"2,303",267,"2,570",31,7,1,103,"309,053","20,163","329,216","8,982","1,525",284,133,"6,006,967","329,212","6,336,179","136,658","24,566","12,863","2,533"
Locality: 153 PRINCE WILLIAM COUNTY,0203,203 - BENNETT,"4,118",179,"4,297",86,34,3,103,"309,053","20,163","329,216","8,982","1,525",284,133,"6,006,967","329,212","6,336,179","136,658","24,566","12,863","2,533"
Locality: 153 PRINCE WILLIAM COUNTY,0204,204 - ELLIS,"2,589",187,"2,776",22,5,2,103,"309,053","20,163","329,216","8,982","1,525",284,133,"6,006,967","329,212","6,336,179","136,658","24,566","12,863","2,533"
Locality: 153 PRINCE WILLIAM COUNTY,0205,205 - BUCKHALL,"2,429",110,"2,539",56,13,3,103,"309,053","20,163","329,216","8,982","1,525",284,133,"6,006,967","329,212","6,336,179","136,658","24,566","12,863","2,533"
Locality: 153 PRINCE WILLIAM COUNTY,0206,206 - COLES,"3,367",166,"3,533",92,12,,103,"309,053","20,163","329,216","8,982","1,525",284,133,"6,006,967","329,212","6,336,179","136,658","24,566","12,863","2,533"
Locality: 153 PRINCE WILLIAM COUNTY,0207,207 - SPRIGGS,"3,015",137,"3,152",161,29,5,103,"309,053","20,163","329,216","8,982","1,525",284,133,"6,006,967","329,212","6,336,179","136,658","24,566","12,863","2,533"
Locality: 153 PRINCE WILLIAM COUNTY,0208,208 - COLGAN,"1,929",57,"1,986",55,11,3,103,"309,053","20,163","329,216","8,982","1,525",284,133,"6,006,967","329,212","6,336,179","136,658","24,566","12,863","2,533"
Locality: 153 PRINCE WILLIAM COUNTY,0209,209 - INDEPENDENT HILL,"2,568",106,"2,674",53,11,7,103,"309,053","20,163","329,216","8,982","1,525",284,133,"6,006,967","329,212","6,336,179","136,658","24,566","12,863","2,533"
Locality: 153 PRINCE WILLIAM COUNTY,0210,210 - YATES FORD,"3,380",160,"3,540",85,17,5,103,"309,053","20,163","329,216","8,982","1,525",284,133,"6,006,967","329,212","6,336,179","136,658","24,566","12,863","2,533"
Locality: 153 PRINCE WILLIAM COUNTY,0211,211 - SIGNAL HILL,"2,114",140,"2,254",32,7,,103,"309,053","20,163","329,216","8,982","1,525",284,133,"6,006,967","329,212","6,336,179","136,658","24,566","12,863","2,533"
Locality: 153 PRINCE WILLIAM COUNTY,0212,212 - YORKSHIRE,"3,226",175,"3,401",36,9,3,103,"309,053","20,163","329,216","8,982","1,525",284,133,"6,006,967","329,212","6,336,179","136,658","24,566","12,863","2,533"
Locality: 153 PRINCE WILLIAM COUNTY,0213,213 - PARKSIDE,"2,583",162,"2,745",43,10,,103,"309,053","20,163","329,216","8,982","1,525",284,133,"6,006,967","329,212","6,336,179","136,658","24,566","12,863","2,533"
Locality: 153 PRINCE WILLIAM COUNTY,0214,214 - LUCASVILLE,"3,256",140,"3,396",43,10,1,103,"309,053","20,163","329,216","8,982","1,525",284,133,"6,006,967","329,212","6,336,179","136,658","24,566","12,863","2,533"
Locality: 153 PRINCE WILLIAM COUNTY,0215,215 - SAUNDERS,"2,929",151,"3,080",73,11,,103,"309,053","20,163","329,216","8,982","1,525",284,133,"6,006,967","329,212","6,336,179","136,658","24,566","12,863","2,533"
Locality: 153 PRINCE WILLIAM COUNTY,0301,301 - DUMFRIES,"3,153",251,"3,404",85,6,3,103,"309,053","20,163","329,216","8,982","1,525",284,133,"6,006,967","329,212","6,336,179","136,658","24,566","12,863","2,533"
Locality: 153 PRINCE WILLIAM COUNTY,0302,302 - POTOMAC,"3,328",271,"3,599",121,12,2,103,"309,053","20,163","329,216","8,982","1,525",284,133,"6,006,967","329,212","6,336,179","136,658","24,566","12,863","2,533"
Locality: 153 PRINCE WILLIAM COUNTY,0303,303 - GRAHAM PARK,"2,297",253,"2,550",83,7,3,103,"309,053","20,163","329,216","8,982","1,525",284,133,"6,006,967","329,212","6,336,179","136,658","24,566","12,863","2,533"
Locality: 153 PRINCE WILLIAM COUNTY,0304,304 - QUANTICO,"1,223",382,"1,605",865,14,7,103,"309,053","20,163","329,216","8,982","1,525",284,133,"6,006,967","329,212","6,336,179","136,658","24,566","12,863","2,533"
Locality: 153 PRINCE WILLIAM COUNTY,0305,305 - FOREST PARK,"3,098",182,"3,280",140,24,3,103,"309,053","20,163","329,216","8,982","1,525",284,133,"6,006,967","329,212","6,336,179","136,658","24,566","12,863","2,533"
Locality: 153 PRINCE WILLIAM COUNTY,0306,306 - FOUR SEASONS,"2,949",216,"3,165",111,17,7,103,"309,053","20,163","329,216","8,982","1,525",284,133,"6,006,967","329,212","6,336,179","136,658","24,566","12,863","2,533"
Locality: 153 PRINCE WILLIAM COUNTY,0307,307 - HENDERSON,"2,616",160,"2,776",115,20,3,103,"309,053","20,163","329,216","8,982","1,525",284,133,"6,006,967","329,212","6,336,179","136,658","24,566","12,863","2,533"
Locality: 153 PRINCE WILLIAM COUNTY,0308,308 - MONTCLAIR,"1,853",94,"1,947",58,10,1,103,"309,053","20,163","329,216","8,982","1,525",284,133,"6,006,967","329,212","6,336,179","136,658","24,566","12,863","2,533"
Locality: 153 PRINCE WILLIAM COUNTY,0309,309 - ASHLAND ,"2,354",130,"2,484",110,17,3,103,"309,053","20,163","329,216","8,982","1,525",284,133,"6,006,967","329,212","6,336,179","136,658","24,566","12,863","2,533"
Locality: 153 PRINCE WILLIAM COUNTY,0310,310 - PW FOREST PARK,"2,832",183,"3,015",106,13,8,103,"309,053","20,163","329,216","8,982","1,525",284,133,"6,006,967","329,212","6,336,179","136,658","24,566","12,863","2,533"
Locality: 153 PRINCE WILLIAM COUNTY,0311,311 - SWANS CREEK,"2,979",171,"3,150",104,15,1,103,"309,053","20,163","329,216","8,982","1,525",284,133,"6,006,967","329,212","6,336,179","136,658","24,566","12,863","2,533"
Locality: 153 PRINCE WILLIAM COUNTY,0312,312 - TRIANGLE ,"3,512",252,"3,764",143,12,6,103,"309,053","20,163","329,216","8,982","1,525",284,133,"6,006,967","329,212","6,336,179","136,658","24,566","12,863","2,533"
Locality: 153 PRINCE WILLIAM COUNTY,0313,313 - CARDINAL,"3,281",172,"3,453",146,16,,103,"309,053","20,163","329,216","8,982","1,525",284,133,"6,006,967","329,212","6,336,179","136,658","24,566","12,863","2,533"
Locality: 153 PRINCE WILLIAM COUNTY,0314,314 - CABIN BRANCH,"2,564",125,"2,689",118,14,2,103,"309,053","20,163","329,216","8,982","1,525",284,133,"6,006,967","329,212","6,336,179","136,658","24,566","12,863","2,533"
Locality: 153 PRINCE WILLIAM COUNTY,0315,315 - WILLIAMS,"3,363",238,"3,601",83,17,1,103,"309,053","20,163","329,216","8,982","1,525",284,133,"6,006,967","329,212","6,336,179","136,658","24,566","12,863","2,533"
Locality: 153 PRINCE WILLIAM COUNTY,0316,316 - POTOMAC SHORES,"3,718",214,"3,932",292,13,2,103,"309,053","20,163","329,216","8,982","1,525",284,133,"6,006,967","329,212","6,336,179","136,658","24,566","12,863","2,533"
Locality: 153 PRINCE WILLIAM COUNTY,0401,401 - EVERGREEN,"3,229",160,"3,389",53,13,6,103,"309,053","20,163","329,216","8,982","1,525",284,133,"6,006,967","329,212","6,336,179","136,658","24,566","12,863","2,533"
Locality: 153 PRINCE WILLIAM COUNTY,0402,402 - GRAVELY,"4,144",192,"4,336",71,25,3,103,"309,053","20,163","329,216","8,982","1,525",284,133,"6,006,967","329,212","6,336,179","136,658","24,566","12,863","2,533"
Locality: 153 PRINCE WILLIAM COUNTY,0403,403 - BULL RUN,"3,337",159,"3,496",54,18,3,103,"309,053","20,163","329,216","8,982","1,525",284,133,"6,006,967","329,212","6,336,179","136,658","24,566","12,863","2,533"
Locality: 153 PRINCE WILLIAM COUNTY,0404,404 - UNITY BRAXTON,"2,182",136,"2,318",28,10,1,103,"309,053","20,163","329,216","8,982","1,525",284,133,"6,006,967","329,212","6,336,179","136,658","24,566","12,863","2,533"
Locality: 153 PRINCE WILLIAM COUNTY,0405,405 - BEN LOMOND,"2,908",197,"3,105",52,11,3,103,"309,053","20,163","329,216","8,982","1,525",284,133,"6,006,967","329,212","6,336,179","136,658","24,566","12,863","2,533"
Locality: 153 PRINCE WILLIAM COUNTY,0406,406 - ALVEY,"3,452",197,"3,649",57,27,5,103,"309,053","20,163","329,216","8,982","1,525",284,133,"6,006,967","329,212","6,336,179","136,658","24,566","12,863","2,533"
Locality: 153 PRINCE WILLIAM COUNTY,0407,407 - HERITAGE HUNT,"3,979",181,"4,160",37,12,2,103,"309,053","20,163","329,216","8,982","1,525",284,133,"6,006,967","329,212","6,336,179","136,658","24,566","12,863","2,533"
Locality: 153 PRINCE WILLIAM COUNTY,0408,408 - SUDLEY,"2,174",89,"2,263",25,8,1,103,"309,053","20,163","329,216","8,982","1,525",284,133,"6,006,967","329,212","6,336,179","136,658","24,566","12,863","2,533"
Locality: 153 PRINCE WILLIAM COUNTY,0409,409 - TYLER,"4,957",228,"5,185",64,27,4,103,"309,053","20,163","329,216","8,982","1,525",284,133,"6,006,967","329,212","6,336,179","136,658","24,566","12,863","2,533"
Locality: 153 PRINCE WILLIAM COUNTY,0410,410 - MOUNTAIN VIEW,"4,232",245,"4,477",95,39,3,103,"309,053","20,163","329,216","8,982","1,525",284,133,"6,006,967","329,212","6,336,179","136,658","24,566","12,863","2,533"
Locality: 153 PRINCE WILLIAM COUNTY,0411,411 - MULLEN,"3,416",328,"3,744",64,15,,103,"309,053","20,163","329,216","8,982","1,525",284,133,"6,006,967","329,212","6,336,179","136,658","24,566","12,863","2,533"
Locality: 153 PRINCE WILLIAM COUNTY,0412,412 - CATHARPIN,"2,421",96,"2,517",40,13,5,103,"309,053","20,163","329,216","8,982","1,525",284,133,"6,006,967","329,212","6,336,179","136,658","24,566","12,863","2,533"
Locality: 153 PRINCE WILLIAM COUNTY,0413,413 - REAGAN,"3,614",173,"3,787",56,22,,103,"309,053","20,163","329,216","8,982","1,525",284,133,"6,006,967","329,212","6,336,179","136,658","24,566","12,863","2,533"
Locality: 153 PRINCE WILLIAM COUNTY,0414,414 - SEYMOUR,"2,398",275,"2,673",46,5,3,103,"309,053","20,163","329,216","8,982","1,525",284,133,"6,006,967","329,212","6,336,179","136,658","24,566","12,863","2,533"
Locality: 153 PRINCE WILLIAM COUNTY,0501,501 - SPRINGWOODS,"3,746",248,"3,994",115,16,6,103,"309,053","20,163","329,216","8,982","1,525",284,133,"6,006,967","329,212","6,336,179","136,658","24,566","12,863","2,533"
Locality: 153 PRINCE WILLIAM COUNTY,0502,502 - OCCOQUAN,"3,182",333,"3,515",115,25,5,103,"309,053","20,163","329,216","8,982","1,525",284,133,"6,006,967","329,212","6,336,179","136,658","24,566","12,863","2,533"
Locality: 153 PRINCE WILLIAM COUNTY,0503,503 - MOHICAN,"2,047",220,"2,267",69,7,1,103,"309,053","20,163","329,216","8,982","1,525",284,133,"6,006,967","329,212","6,336,179","136,658","24,566","12,863","2,533"
Locality: 153 PRINCE WILLIAM COUNTY,0504,504 - ROCKLEDGE,"2,334",130,"2,464",46,15,1,103,"309,053","20,163","329,216","8,982","1,525",284,133,"6,006,967","329,212","6,336,179","136,658","24,566","12,863","2,533"
Locality: 153 PRINCE WILLIAM COUNTY,0505,505 - LAKE RIDGE,"3,465",210,"3,675",93,33,8,103,"309,053","20,163","329,216","8,982","1,525",284,133,"6,006,967","329,212","6,336,179","136,658","24,566","12,863","2,533"
Locality: 153 PRINCE WILLIAM COUNTY,0506,506 - OLD BRIDGE,"2,736",205,"2,941",75,15,1,103,"309,053","20,163","329,216","8,982","1,525",284,133,"6,006,967","329,212","6,336,179","136,658","24,566","12,863","2,533"
Locality: 153 PRINCE WILLIAM COUNTY,0507,507 - CHINN,"3,594",257,"3,851",111,20,3,103,"309,053","20,163","329,216","8,982","1,525",284,133,"6,006,967","329,212","6,336,179","136,658","24,566","12,863","2,533"
Locality: 153 PRINCE WILLIAM COUNTY,0508,508 - PURCELL,"3,172",180,"3,352",91,19,2,103,"309,053","20,163","329,216","8,982","1,525",284,133,"6,006,967","329,212","6,336,179","136,658","24,566","12,863","2,533"
Locality: 153 PRINCE WILLIAM COUNTY,0509,509 - MC COART,"3,515",164,"3,679",113,25,6,103,"309,053","20,163","329,216","8,982","1,525",284,133,"6,006,967","329,212","6,336,179","136,658","24,566","12,863","2,533"
Locality: 153 PRINCE WILLIAM COUNTY,0510,510 - COUNTY CENTER,886,87,973,20,4,,103,"309,053","20,163","329,216","8,982","1,525",284,133,"6,006,967","329,212","6,336,179","136,658","24,566","12,863","2,533"
Locality: 153 PRINCE WILLIAM COUNTY,0511,511 - WESTRIDGE,"3,740",217,"3,957",163,33,7,103,"309,053","20,163","329,216","8,982","1,525",284,133,"6,006,967","329,212","6,336,179","136,658","24,566","12,863","2,533"
Locality: 153 PRINCE WILLIAM COUNTY,0512,512 - YORK,"2,566",187,"2,753",57,12,6,103,"309,053","20,163","329,216","8,982","1,525",284,133,"6,006,967","329,212","6,336,179","136,658","24,566","12,863","2,533"
Locality: 153 PRINCE WILLIAM COUNTY,0513,513 - WOODBRIDGE,"3,827",196,"4,023",160,27,2,103,"309,053","20,163","329,216","8,982","1,525",284,133,"6,006,967","329,212","6,336,179","136,658","24,566","12,863","2,533"
Locality: 153 PRINCE WILLIAM COUNTY,0514,514 - ANTIETAM,"3,471",217,"3,688",95,17,6,103,"309,053","20,163","329,216","8,982","1,525",284,133,"6,006,967","329,212","6,336,179","136,658","24,566","12,863","2,533"
Locality: 153 PRINCE WILLIAM COUNTY,0515,515 - MARSHALL,"2,633",141,"2,774",92,24,3,103,"309,053","20,163","329,216","8,982","1,525",284,133,"6,006,967","329,212","6,336,179","136,658","24,566","12,863","2,533"
Locality: 153 PRINCE WILLIAM COUNTY,0516,516 - KERRYDALE,"1,430",70,"1,500",34,7,,103,"309,053","20,163","329,216","8,982","1,525",284,133,"6,006,967","329,212","6,336,179","136,658","24,566","12,863","2,533"
Locality: 153 PRINCE WILLIAM COUNTY,0601,601 - DALE,"3,242",179,"3,421",49,9,1,103,"309,053","20,163","329,216","8,982","1,525",284,133,"6,006,967","329,212","6,336,179","136,658","24,566","12,863","2,533"
Locality: 153 PRINCE WILLIAM COUNTY,0602,602 - BEVILLE,"3,774",183,"3,957",82,6,10,103,"309,053","20,163","329,216","8,982","1,525",284,133,"6,006,967","329,212","6,336,179","136,658","24,566","12,863","2,533"
Locality: 153 PRINCE WILLIAM COUNTY,0603,603 - HAMPTON,"3,098",270,"3,368",80,7,7,103,"309,053","20,163","329,216","8,982","1,525",284,133,"6,006,967","329,212","6,336,179","136,658","24,566","12,863","2,533"
Locality: 153 PRINCE WILLIAM COUNTY,0604,604 - GAR-FIELD,"2,679",178,"2,857",40,11,7,103,"309,053","20,163","329,216","8,982","1,525",284,133,"6,006,967","329,212","6,336,179","136,658","24,566","12,863","2,533"
Locality: 153 PRINCE WILLIAM COUNTY,0605,605 - MINNIEVILLE,"2,067",128,"2,195",36,7,3,103,"309,053","20,163","329,216","8,982","1,525",284,133,"6,006,967","329,212","6,336,179","136,658","24,566","12,863","2,533"
Locality: 153 PRINCE WILLIAM COUNTY,0606,606 - BEL AIR,"3,092",147,"3,239",63,8,5,103,"309,053","20,163","329,216","8,982","1,525",284,133,"6,006,967","329,212","6,336,179","136,658","24,566","12,863","2,533"
Locality: 153 PRINCE WILLIAM COUNTY,0607,607 - HILLENDALE,"2,244",160,"2,404",34,4,2,103,"309,053","20,163","329,216","8,982","1,525",284,133,"6,006,967","329,212","6,336,179","136,658","24,566","12,863","2,533"
Locality: 153 PRINCE WILLIAM COUNTY,0608,608 - ENTERPRISE,"3,869",178,"4,047",95,16,3,103,"309,053","20,163","329,216","8,982","1,525",284,133,"6,006,967","329,212","6,336,179","136,658","24,566","12,863","2,533"
Locality: 153 PRINCE WILLIAM COUNTY,0609,609 - KING,"2,305",102,"2,407",61,17,1,103,"309,053","20,163","329,216","8,982","1,525",284,133,"6,006,967","329,212","6,336,179","136,658","24,566","12,863","2,533"
Locality: 153 PRINCE WILLIAM COUNTY,0610,610 - FITZGERALD,"3,444",267,"3,711",80,19,2,103,"309,053","20,163","329,216","8,982","1,525",284,133,"6,006,967","329,212","6,336,179","136,658","24,566","12,863","2,533"
Locality: 153 PRINCE WILLIAM COUNTY,0611,611 - NEABSCO,"3,448",281,"3,729",81,21,4,103,"309,053","20,163","329,216","8,982","1,525",284,133,"6,006,967","329,212","6,336,179","136,658","24,566","12,863","2,533"
Locality: 153 PRINCE WILLIAM COUNTY,0612,612 - ELM FARM,"2,093",108,"2,201",43,8,,103,"309,053","20,163","329,216","8,982","1,525",284,133,"6,006,967","329,212","6,336,179","136,658","24,566","12,863","2,533"
Locality: 153 PRINCE WILLIAM COUNTY,0613,613 - HOADLY,820,46,866,30,1,,103,"309,053","20,163","329,216","8,982","1,525",284,133,"6,006,967","329,212","6,336,179","136,658","24,566","12,863","2,533"
Locality: 153 PRINCE WILLIAM COUNTY,0614,614 - ROSA PARKS,"3,279",229,"3,508",82,6,2,103,"309,053","20,163","329,216","8,982","1,525",284,133,"6,006,967","329,212","6,336,179","136,658","24,566","12,863","2,533"
Locality: 153 PRINCE WILLIAM COUNTY,0615,615 - COMMONS,382,44,426,28,3,,103,"309,053","20,163","329,216","8,982","1,525",284,133,"6,006,967","329,212","6,336,179","136,658","24,566","12,863","2,533"
Locality: 153 PRINCE WILLIAM COUNTY,0616,616 - MARKHAM,999,84,"1,083",14,7,,103,"309,053","20,163","329,216","8,982","1,525",284,133,"6,006,967","329,212","6,336,179","136,658","24,566","12,863","2,533"
Locality: 153 PRINCE WILLIAM COUNTY,0701,701 - BELMONT,"3,593",402,"3,995",103,23,2,103,"309,053","20,163","329,216","8,982","1,525",284,133,"6,006,967","329,212","6,336,179","136,658","24,566","12,863","2,533"
Locality: 153 PRINCE WILLIAM COUNTY,0702,702 - LIBRARY,"3,432",450,"3,882",209,23,2,103,"309,053","20,163","329,216","8,982","1,525",284,133,"6,006,967","329,212","6,336,179","136,658","24,566","12,863","2,533"
Locality: 153 PRINCE WILLIAM COUNTY,0703,703 - LYNN,"2,560",268,"2,828",54,7,4,103,"309,053","20,163","329,216","8,982","1,525",284,133,"6,006,967","329,212","6,336,179","136,658","24,566","12,863","2,533"
Locality: 153 PRINCE WILLIAM COUNTY,0704,704 - PORTER,"3,277",381,"3,658",95,9,2,103,"309,053","20,163","329,216","8,982","1,525",284,133,"6,006,967","329,212","6,336,179","136,658","24,566","12,863","2,533"
Locality: 153 PRINCE WILLIAM COUNTY,0705,705 - POTOMAC VIEW,"2,366",131,"2,497",44,9,,103,"309,053","20,163","329,216","8,982","1,525",284,133,"6,006,967","329,212","6,336,179","136,658","24,566","12,863","2,533"
Locality: 153 PRINCE WILLIAM COUNTY,0706,706 - RIPPON,"3,706",265,"3,971",113,16,2,103,"309,053","20,163","329,216","8,982","1,525",284,133,"6,006,967","329,212","6,336,179","136,658","24,566","12,863","2,533"
Locality: 153 PRINCE WILLIAM COUNTY,0707,707 - KILBY,"3,240",242,"3,482",108,10,4,103,"309,053","20,163","329,216","8,982","1,525",284,133,"6,006,967","329,212","6,336,179","136,658","24,566","12,863","2,533"
Locality: 153 PRINCE WILLIAM COUNTY,0708,708 - RIVER OAKS,"3,506",361,"3,867",143,11,1,103,"309,053","20,163","329,216","8,982","1,525",284,133,"6,006,967","329,212","6,336,179","136,658","24,566","12,863","2,533"
Locality: 153 PRINCE WILLIAM COUNTY,0709,709 - FREEDOM,"2,877",290,"3,167",139,21,,103,"309,053","20,163","329,216","8,982","1,525",284,133,"6,006,967","329,212","6,336,179","136,658","24,566","12,863","2,533"
Locality: 153 PRINCE WILLIAM COUNTY,0710,710 - POWELLS CREEK,"3,285",395,"3,680",136,15,4,103,"309,053","20,163","329,216","8,982","1,525",284,133,"6,006,967","329,212","6,336,179","136,658","24,566","12,863","2,533"
Locality: 153 PRINCE WILLIAM COUNTY,0711,711 - GRAYSON,"3,334",286,"3,620",80,6,1,103,"309,053","20,163","329,216","8,982","1,525",284,133,"6,006,967","329,212","6,336,179","136,658","24,566","12,863","2,533"
Locality: 153 PRINCE WILLIAM COUNTY,0712,712 - LEESYLVANIA,"3,088",161,"3,249",127,20,4,103,"309,053","20,163","329,216","8,982","1,525",284,133,"6,006,967","329,212","6,336,179","136,658","24,566","12,863","2,533"
Locality: 155 PULASKI COUNTY,0101,101 - BELSPRING,916,12,928,2,,1,13,"23,587",685,"24,272",147,19,20,133,"6,006,967","329,212","6,336,179","136,658","24,566","12,863","2,533"
Locality: 155 PULASKI COUNTY,0102,102 - NEW RIVER,"2,974",96,"3,070",23,4,,13,"23,587",685,"24,272",147,19,20,133,"6,006,967","329,212","6,336,179","136,658","24,566","12,863","2,533"
Locality: 155 PULASKI COUNTY,0103,103 - WEST CLOYD,984,24,"1,008",4,,,13,"23,587",685,"24,272",147,19,20,133,"6,006,967","329,212","6,336,179","136,658","24,566","12,863","2,533"
Locality: 155 PULASKI COUNTY,0201,201 - DRAPER,"1,687",42,"1,729",20,3,3,13,"23,587",685,"24,272",147,19,20,133,"6,006,967","329,212","6,336,179","136,658","24,566","12,863","2,533"
Locality: 155 PULASKI COUNTY,0202,202 - SOUTH PULASKI,457,26,483,1,1,,13,"23,587",685,"24,272",147,19,20,133,"6,006,967","329,212","6,336,179","136,658","24,566","12,863","2,533"
Locality: 155 PULASKI COUNTY,0203,203 - NEWBERN,"2,769",75,"2,844",12,2,6,13,"23,587",685,"24,272",147,19,20,133,"6,006,967","329,212","6,336,179","136,658","24,566","12,863","2,533"
Locality: 155 PULASKI COUNTY,0301,301 - DUBLIN,"2,913",75,"2,988",15,2,4,13,"23,587",685,"24,272",147,19,20,133,"6,006,967","329,212","6,336,179","136,658","24,566","12,863","2,533"
Locality: 155 PULASKI COUNTY,0302,302 - HIWASSEE,568,15,583,5,2,,13,"23,587",685,"24,272",147,19,20,133,"6,006,967","329,212","6,336,179","136,658","24,566","12,863","2,533"
Locality: 155 PULASKI COUNTY,0304,304 - SNOWVILLE,"1,374",31,"1,405",10,2,4,13,"23,587",685,"24,272",147,19,20,133,"6,006,967","329,212","6,336,179","136,658","24,566","12,863","2,533"
Locality: 155 PULASKI COUNTY,0402,402 - WALKER,995,21,"1,016",5,,,13,"23,587",685,"24,272",147,19,20,133,"6,006,967","329,212","6,336,179","136,658","24,566","12,863","2,533"
Locality: 155 PULASKI COUNTY,0403,403 - WEST MASSIE,"2,782",124,"2,906",14,1,,13,"23,587",685,"24,272",147,19,20,133,"6,006,967","329,212","6,336,179","136,658","24,566","12,863","2,533"
Locality: 155 PULASKI COUNTY,0404,404 - EAST MASSIE,745,10,755,2,,,13,"23,587",685,"24,272",147,19,20,133,"6,006,967","329,212","6,336,179","136,658","24,566","12,863","2,533"
Locality: 155 PULASKI COUNTY,0501,501 - ROBINSON,"4,423",134,"4,557",34,2,2,13,"23,587",685,"24,272",147,19,20,133,"6,006,967","329,212","6,336,179","136,658","24,566","12,863","2,533"
Locality: 157 RAPPAHANNOCK COUNTY,0101,101 - WASHINGTON,"1,226",65,"1,291",8,8,2,6,"6,123",252,"6,375",45,31,29,133,"6,006,967","329,212","6,336,179","136,658","24,566","12,863","2,533"
Locality: 157 RAPPAHANNOCK COUNTY,0201,201 - AMISSVILLE,"1,388",38,"1,426",13,1,3,6,"6,123",252,"6,375",45,31,29,133,"6,006,967","329,212","6,336,179","136,658","24,566","12,863","2,533"
Locality: 157 RAPPAHANNOCK COUNTY,0301,301 - SPERRYVILLE,"1,119",39,"1,158",7,9,8,6,"6,123",252,"6,375",45,31,29,133,"6,006,967","329,212","6,336,179","136,658","24,566","12,863","2,533"
Locality: 157 RAPPAHANNOCK COUNTY,0401,401 - SCRABBLE,"1,177",52,"1,229",12,4,6,6,"6,123",252,"6,375",45,31,29,133,"6,006,967","329,212","6,336,179","136,658","24,566","12,863","2,533"
Locality: 157 RAPPAHANNOCK COUNTY,0501,501 - CHESTER GAP,547,27,574,3,1,1,6,"6,123",252,"6,375",45,31,29,133,"6,006,967","329,212","6,336,179","136,658","24,566","12,863","2,533"
Locality: 157 RAPPAHANNOCK COUNTY,0502,502 - FLINT HILL,666,31,697,2,8,9,6,"6,123",252,"6,375",45,31,29,133,"6,006,967","329,212","6,336,179","136,658","24,566","12,863","2,533"
Locality: 159 RICHMOND COUNTY,0101,101 - PRECINCT 1-1,"1,213",44,"1,257",14,1,1,5,"5,632",149,"5,781",53,3,3,133,"6,006,967","329,212","6,336,179","136,658","24,566","12,863","2,533"
Locality: 159 RICHMOND COUNTY,0201,201 - PRECINCT 2-1,940,25,965,11,,2,5,"5,632",149,"5,781",53,3,3,133,"6,006,967","329,212","6,336,179","136,658","24,566","12,863","2,533"
Locality: 159 RICHMOND COUNTY,0301,301 - PRECINCT 3-1,"1,149",23,"1,172",14,2,,5,"5,632",149,"5,781",53,3,3,133,"6,006,967","329,212","6,336,179","136,658","24,566","12,863","2,533"
Locality: 159 RICHMOND COUNTY,0401,401 - PRECINCT 4-1,"1,209",27,"1,236",9,,,5,"5,632",149,"5,781",53,3,3,133,"6,006,967","329,212","6,336,179","136,658","24,566","12,863","2,533"
Locality: 159 RICHMOND COUNTY,0501,501 - PRECINCT 5-1,"1,121",30,"1,151",5,,,5,"5,632",149,"5,781",53,3,3,133,"6,006,967","329,212","6,336,179","136,658","24,566","12,863","2,533"
Locality: 161 ROANOKE COUNTY,0101,101 - CATAWBA,"2,648",59,"2,707",5,7,4,33,"71,741","2,672","74,413",277,145,66,133,"6,006,967","329,212","6,336,179","136,658","24,566","12,863","2,533"
Locality: 161 ROANOKE COUNTY,0102,102 - RICHFIELD,"2,318",71,"2,389",18,1,2,33,"71,741","2,672","74,413",277,145,66,133,"6,006,967","329,212","6,336,179","136,658","24,566","12,863","2,533"
Locality: 161 ROANOKE COUNTY,0103,103 - NORTH GLENVAR,"2,208",54,"2,262",12,5,,33,"71,741","2,672","74,413",277,145,66,133,"6,006,967","329,212","6,336,179","136,658","24,566","12,863","2,533"
Locality: 161 ROANOKE COUNTY,0104,104 - NORTHSIDE,"2,439",81,"2,520",14,7,2,33,"71,741","2,672","74,413",277,145,66,133,"6,006,967","329,212","6,336,179","136,658","24,566","12,863","2,533"
Locality: 161 ROANOKE COUNTY,0105,105 - HANGING ROCK,"2,577",106,"2,683",9,4,1,33,"71,741","2,672","74,413",277,145,66,133,"6,006,967","329,212","6,336,179","136,658","24,566","12,863","2,533"
Locality: 161 ROANOKE COUNTY,0106,106 - SOUTH GLENVAR,"1,297",29,"1,326",5,2,,33,"71,741","2,672","74,413",277,145,66,133,"6,006,967","329,212","6,336,179","136,658","24,566","12,863","2,533"
Locality: 161 ROANOKE COUNTY,0107,107 - FORT LEWIS,"1,512",31,"1,543",7,6,,33,"71,741","2,672","74,413",277,145,66,133,"6,006,967","329,212","6,336,179","136,658","24,566","12,863","2,533"
Locality: 161 ROANOKE COUNTY,0201,201 - PLANTATION,"2,284",74,"2,358",6,5,2,33,"71,741","2,672","74,413",277,145,66,133,"6,006,967","329,212","6,336,179","136,658","24,566","12,863","2,533"
Locality: 161 ROANOKE COUNTY,0202,202 - BURLINGTON,"1,815",101,"1,916",6,2,3,33,"71,741","2,672","74,413",277,145,66,133,"6,006,967","329,212","6,336,179","136,658","24,566","12,863","2,533"
Locality: 161 ROANOKE COUNTY,0203,203 - MOUNTAIN VIEW,"3,208",89,"3,297",15,3,1,33,"71,741","2,672","74,413",277,145,66,133,"6,006,967","329,212","6,336,179","136,658","24,566","12,863","2,533"
Locality: 161 ROANOKE COUNTY,0204,204 - GREEN RIDGE,"2,390",107,"2,497",9,7,,33,"71,741","2,672","74,413",277,145,66,133,"6,006,967","329,212","6,336,179","136,658","24,566","12,863","2,533"
Locality: 161 ROANOKE COUNTY,0205,205 - ORCHARDS,"2,957",98,"3,055",9,5,,33,"71,741","2,672","74,413",277,145,66,133,"6,006,967","329,212","6,336,179","136,658","24,566","12,863","2,533"
Locality: 161 ROANOKE COUNTY,0206,206 - HOLLINS,"1,356",67,"1,423",4,6,,33,"71,741","2,672","74,413",277,145,66,133,"6,006,967","329,212","6,336,179","136,658","24,566","12,863","2,533"
Locality: 161 ROANOKE COUNTY,0301,301 - BENT MOUNTAIN,731,13,744,,,1,33,"71,741","2,672","74,413",277,145,66,133,"6,006,967","329,212","6,336,179","136,658","24,566","12,863","2,533"
Locality: 161 ROANOKE COUNTY,0302,302 - BACK CREEK,"3,111",124,"3,235",12,7,5,33,"71,741","2,672","74,413",277,145,66,133,"6,006,967","329,212","6,336,179","136,658","24,566","12,863","2,533"
Locality: 161 ROANOKE COUNTY,0303,303 - WINDSOR HILLS,"2,403",176,"2,579",12,4,2,33,"71,741","2,672","74,413",277,145,66,133,"6,006,967","329,212","6,336,179","136,658","24,566","12,863","2,533"
Locality: 161 ROANOKE COUNTY,0304,304 - OAK GROVE,"2,367",79,"2,446",10,15,6,33,"71,741","2,672","74,413",277,145,66,133,"6,006,967","329,212","6,336,179","136,658","24,566","12,863","2,533"
Locality: 161 ROANOKE COUNTY,0305,305 - EAST HIDDEN VALLEY,"2,053",74,"2,127",8,2,8,33,"71,741","2,672","74,413",277,145,66,133,"6,006,967","329,212","6,336,179","136,658","24,566","12,863","2,533"
Locality: 161 ROANOKE COUNTY,0306,306 - GARST MILL,"2,122",99,"2,221",9,3,2,33,"71,741","2,672","74,413",277,145,66,133,"6,006,967","329,212","6,336,179","136,658","24,566","12,863","2,533"
Locality: 161 ROANOKE COUNTY,0307,307 - WEST HIDDEN VALLEY,"1,870",63,"1,933",7,6,,33,"71,741","2,672","74,413",277,145,66,133,"6,006,967","329,212","6,336,179","136,658","24,566","12,863","2,533"
Locality: 161 ROANOKE COUNTY,0401,401 - BONSACK,"1,429",35,"1,464",12,2,1,33,"71,741","2,672","74,413",277,145,66,133,"6,006,967","329,212","6,336,179","136,658","24,566","12,863","2,533"
Locality: 161 ROANOKE COUNTY,0402,402 - NORTH LINDENWOOD,"2,241",57,"2,298",8,1,,33,"71,741","2,672","74,413",277,145,66,133,"6,006,967","329,212","6,336,179","136,658","24,566","12,863","2,533"
Locality: 161 ROANOKE COUNTY,0403,403 - NORTH VINTON,"2,743",116,"2,859",6,,,33,"71,741","2,672","74,413",277,145,66,133,"6,006,967","329,212","6,336,179","136,658","24,566","12,863","2,533"
Locality: 161 ROANOKE COUNTY,0404,404 - SOUTH VINTON,"2,586",91,"2,677",9,1,1,33,"71,741","2,672","74,413",277,145,66,133,"6,006,967","329,212","6,336,179","136,658","24,566","12,863","2,533"
Locality: 161 ROANOKE COUNTY,0405,405 - SOUTH LINDENWOOD,"2,029",37,"2,066",11,1,6,33,"71,741","2,672","74,413",277,145,66,133,"6,006,967","329,212","6,336,179","136,658","24,566","12,863","2,533"
Locality: 161 ROANOKE COUNTY,0406,406 - MOUNT PLEASANT,"2,858",80,"2,938",4,2,,33,"71,741","2,672","74,413",277,145,66,133,"6,006,967","329,212","6,336,179","136,658","24,566","12,863","2,533"
Locality: 161 ROANOKE COUNTY,0501,501 - STARKEY,"1,879",58,"1,937",10,6,4,33,"71,741","2,672","74,413",277,145,66,133,"6,006,967","329,212","6,336,179","136,658","24,566","12,863","2,533"
Locality: 161 ROANOKE COUNTY,0502,502 - WEST CAVE SPRING,"1,887",73,"1,960",5,10,1,33,"71,741","2,672","74,413",277,145,66,133,"6,006,967","329,212","6,336,179","136,658","24,566","12,863","2,533"
Locality: 161 ROANOKE COUNTY,0503,503 - EAST CAVE SPRING,"2,094",86,"2,180",6,6,4,33,"71,741","2,672","74,413",277,145,66,133,"6,006,967","329,212","6,336,179","136,658","24,566","12,863","2,533"
Locality: 161 ROANOKE COUNTY,0504,504 - GREEN VALLEY,"3,300",240,"3,540",9,9,5,33,"71,741","2,672","74,413",277,145,66,133,"6,006,967","329,212","6,336,179","136,658","24,566","12,863","2,533"
Locality: 161 ROANOKE COUNTY,0505,505 - CLEARBROOK,"1,620",49,"1,669",5,3,,33,"71,741","2,672","74,413",277,145,66,133,"6,006,967","329,212","6,336,179","136,658","24,566","12,863","2,533"
Locality: 161 ROANOKE COUNTY,0506,506 - BUCK MOUNTAIN,530,15,545,2,,1,33,"71,741","2,672","74,413",277,145,66,133,"6,006,967","329,212","6,336,179","136,658","24,566","12,863","2,533"
Locality: 161 ROANOKE COUNTY,0507,507 - HUNTING HILLS,"2,879",140,"3,019",13,7,4,33,"71,741","2,672","74,413",277,145,66,133,"6,006,967","329,212","6,336,179","136,658","24,566","12,863","2,533"
Locality: 163 ROCKBRIDGE COUNTY,0101,101 - AIRPORT,"1,713",25,"1,738",21,20,7,17,"16,678",469,"17,147",214,77,22,133,"6,006,967","329,212","6,336,179","136,658","24,566","12,863","2,533"
Locality: 163 ROCKBRIDGE COUNTY,0102,102 - BEN SALEM,670,20,690,8,4,1,17,"16,678",469,"17,147",214,77,22,133,"6,006,967","329,212","6,336,179","136,658","24,566","12,863","2,533"
Locality: 163 ROCKBRIDGE COUNTY,0103,103 - PLANK ROAD,551,14,565,2,,4,17,"16,678",469,"17,147",214,77,22,133,"6,006,967","329,212","6,336,179","136,658","24,566","12,863","2,533"
Locality: 163 ROCKBRIDGE COUNTY,0104,104 - EFFINGER,604,16,620,8,1,,17,"16,678",469,"17,147",214,77,22,133,"6,006,967","329,212","6,336,179","136,658","24,566","12,863","2,533"
Locality: 163 ROCKBRIDGE COUNTY,0201,201 - COLLIERSTOWN,659,18,677,7,4,1,17,"16,678",469,"17,147",214,77,22,133,"6,006,967","329,212","6,336,179","136,658","24,566","12,863","2,533"
Locality: 163 ROCKBRIDGE COUNTY,0202,202 - HIGHLAND BELLE,"2,030",51,"2,081",30,13,5,17,"16,678",469,"17,147",214,77,22,133,"6,006,967","329,212","6,336,179","136,658","24,566","12,863","2,533"
Locality: 163 ROCKBRIDGE COUNTY,0203,203 - VO-TECH,491,33,524,15,1,,17,"16,678",469,"17,147",214,77,22,133,"6,006,967","329,212","6,336,179","136,658","24,566","12,863","2,533"
Locality: 163 ROCKBRIDGE COUNTY,0301,301 - MAURY RIVER,"1,330",56,"1,386",12,3,,17,"16,678",469,"17,147",214,77,22,133,"6,006,967","329,212","6,336,179","136,658","24,566","12,863","2,533"
Locality: 163 ROCKBRIDGE COUNTY,0302,302 - NATURAL BRIDGE,"1,196",20,"1,216",5,,,17,"16,678",469,"17,147",214,77,22,133,"6,006,967","329,212","6,336,179","136,658","24,566","12,863","2,533"
Locality: 163 ROCKBRIDGE COUNTY,0303,303 - FALLING SPRING,517,12,529,8,2,,17,"16,678",469,"17,147",214,77,22,133,"6,006,967","329,212","6,336,179","136,658","24,566","12,863","2,533"
Locality: 163 ROCKBRIDGE COUNTY,0401,401 - FAIRFIELD,"1,106",30,"1,136",11,4,2,17,"16,678",469,"17,147",214,77,22,133,"6,006,967","329,212","6,336,179","136,658","24,566","12,863","2,533"
Locality: 163 ROCKBRIDGE COUNTY,0402,402 - MOUNTAIN VIEW,"1,757",55,"1,812",18,10,,17,"16,678",469,"17,147",214,77,22,133,"6,006,967","329,212","6,336,179","136,658","24,566","12,863","2,533"
Locality: 163 ROCKBRIDGE COUNTY,0403,403 - VESUVIUS,562,16,578,5,1,,17,"16,678",469,"17,147",214,77,22,133,"6,006,967","329,212","6,336,179","136,658","24,566","12,863","2,533"
Locality: 163 ROCKBRIDGE COUNTY,0501,501 - GOSHEN,611,16,627,10,,1,17,"16,678",469,"17,147",214,77,22,133,"6,006,967","329,212","6,336,179","136,658","24,566","12,863","2,533"
Locality: 163 ROCKBRIDGE COUNTY,0502,502 - MEADOWVIEW,"1,194",57,"1,251",30,3,,17,"16,678",469,"17,147",214,77,22,133,"6,006,967","329,212","6,336,179","136,658","24,566","12,863","2,533"
Locality: 163 ROCKBRIDGE COUNTY,0503,503 - ROCKBRIDGE BATHS,612,11,623,9,6,1,17,"16,678",469,"17,147",214,77,22,133,"6,006,967","329,212","6,336,179","136,658","24,566","12,863","2,533"
Locality: 163 ROCKBRIDGE COUNTY,0504,504 - ROCKBRIDGE,"1,075",19,"1,094",15,5,,17,"16,678",469,"17,147",214,77,22,133,"6,006,967","329,212","6,336,179","136,658","24,566","12,863","2,533"
Locality: 165 ROCKINGHAM COUNTY,0101,101 - BROADWAY,"2,876",121,"2,997",18,2,1,29,"58,480","1,949","60,429",395,137,22,133,"6,006,967","329,212","6,336,179","136,658","24,566","12,863","2,533"
Locality: 165 ROCKINGHAM COUNTY,0102,102 - TIMBERVILLE,"1,789",76,"1,865",7,9,,29,"58,480","1,949","60,429",395,137,22,133,"6,006,967","329,212","6,336,179","136,658","24,566","12,863","2,533"
Locality: 165 ROCKINGHAM COUNTY,0103,103 - FULKS RUN,"1,565",34,"1,599",6,3,,29,"58,480","1,949","60,429",395,137,22,133,"6,006,967","329,212","6,336,179","136,658","24,566","12,863","2,533"
Locality: 165 ROCKINGHAM COUNTY,0104,104 - BERGTON,515,11,526,3,1,,29,"58,480","1,949","60,429",395,137,22,133,"6,006,967","329,212","6,336,179","136,658","24,566","12,863","2,533"
Locality: 165 ROCKINGHAM COUNTY,0105,105 - LACEY SPRING,"2,368",53,"2,421",5,2,,29,"58,480","1,949","60,429",395,137,22,133,"6,006,967","329,212","6,336,179","136,658","24,566","12,863","2,533"
Locality: 165 ROCKINGHAM COUNTY,0106,106 - LONE PINE,"2,186",61,"2,247",9,5,,29,"58,480","1,949","60,429",395,137,22,133,"6,006,967","329,212","6,336,179","136,658","24,566","12,863","2,533"
Locality: 165 ROCKINGHAM COUNTY,0201,201 - SINGERS GLEN,"1,728",32,"1,760",8,6,2,29,"58,480","1,949","60,429",395,137,22,133,"6,006,967","329,212","6,336,179","136,658","24,566","12,863","2,533"
Locality: 165 ROCKINGHAM COUNTY,0202,202 - EDOM,"3,069",114,"3,183",24,15,2,29,"58,480","1,949","60,429",395,137,22,133,"6,006,967","329,212","6,336,179","136,658","24,566","12,863","2,533"
Locality: 165 ROCKINGHAM COUNTY,0203,203 - DAYTON,"1,117",72,"1,189",10,2,1,29,"58,480","1,949","60,429",395,137,22,133,"6,006,967","329,212","6,336,179","136,658","24,566","12,863","2,533"
Locality: 165 ROCKINGHAM COUNTY,0204,204 - MT CLINTON,"1,892",41,"1,933",11,5,1,29,"58,480","1,949","60,429",395,137,22,133,"6,006,967","329,212","6,336,179","136,658","24,566","12,863","2,533"
Locality: 165 ROCKINGHAM COUNTY,0205,205 - SILVER LAKE,"2,996",78,"3,074",27,9,1,29,"58,480","1,949","60,429",395,137,22,133,"6,006,967","329,212","6,336,179","136,658","24,566","12,863","2,533"
Locality: 165 ROCKINGHAM COUNTY,0301,301 - KEEZLETOWN,"1,281",28,"1,309",11,8,1,29,"58,480","1,949","60,429",395,137,22,133,"6,006,967","329,212","6,336,179","136,658","24,566","12,863","2,533"
Locality: 165 ROCKINGHAM COUNTY,0302,302 - PORT REPUBLIC,"1,344",33,"1,377",18,4,,29,"58,480","1,949","60,429",395,137,22,133,"6,006,967","329,212","6,336,179","136,658","24,566","12,863","2,533"
Locality: 165 ROCKINGHAM COUNTY,0303,303 - MELROSE,"1,062",13,"1,075",11,1,,29,"58,480","1,949","60,429",395,137,22,133,"6,006,967","329,212","6,336,179","136,658","24,566","12,863","2,533"
Locality: 165 ROCKINGHAM COUNTY,0304,304 - GROTTOES,"2,293",66,"2,359",14,4,,29,"58,480","1,949","60,429",395,137,22,133,"6,006,967","329,212","6,336,179","136,658","24,566","12,863","2,533"
Locality: 165 ROCKINGHAM COUNTY,0305,305 - MASSANETTA SPRINGS,"3,723",210,"3,933",34,9,1,29,"58,480","1,949","60,429",395,137,22,133,"6,006,967","329,212","6,336,179","136,658","24,566","12,863","2,533"
Locality: 165 ROCKINGHAM COUNTY,0306,306 - CROSSROADS,"3,155",82,"3,237",19,12,3,29,"58,480","1,949","60,429",395,137,22,133,"6,006,967","329,212","6,336,179","136,658","24,566","12,863","2,533"
Locality: 165 ROCKINGHAM COUNTY,0401,401 - WEST BRIDGEWATER,"1,554",38,"1,592",7,6,1,29,"58,480","1,949","60,429",395,137,22,133,"6,006,967","329,212","6,336,179","136,658","24,566","12,863","2,533"
Locality: 165 ROCKINGHAM COUNTY,0402,402 - MONTEZUMA,"1,754",32,"1,786",10,1,,29,"58,480","1,949","60,429",395,137,22,133,"6,006,967","329,212","6,336,179","136,658","24,566","12,863","2,533"
Locality: 165 ROCKINGHAM COUNTY,0403,403 - MT CRAWFORD,301,13,314,1,,,29,"58,480","1,949","60,429",395,137,22,133,"6,006,967","329,212","6,336,179","136,658","24,566","12,863","2,533"
Locality: 165 ROCKINGHAM COUNTY,0404,404 - NORTH RIVER,"2,987",135,"3,122",19,4,,29,"58,480","1,949","60,429",395,137,22,133,"6,006,967","329,212","6,336,179","136,658","24,566","12,863","2,533"
Locality: 165 ROCKINGHAM COUNTY,0405,405 - OTTOBINE,"2,047",46,"2,093",8,2,,29,"58,480","1,949","60,429",395,137,22,133,"6,006,967","329,212","6,336,179","136,658","24,566","12,863","2,533"
Locality: 165 ROCKINGHAM COUNTY,0406,406 - EAST BRIDGEWATER,"2,315",109,"2,424",14,11,3,29,"58,480","1,949","60,429",395,137,22,133,"6,006,967","329,212","6,336,179","136,658","24,566","12,863","2,533"
Locality: 165 ROCKINGHAM COUNTY,0501,501 - ELKTON,"2,209",96,"2,305",19,1,1,29,"58,480","1,949","60,429",395,137,22,133,"6,006,967","329,212","6,336,179","136,658","24,566","12,863","2,533"
Locality: 165 ROCKINGHAM COUNTY,0502,502 - SWIFT RUN,"2,996",86,"3,082",20,,1,29,"58,480","1,949","60,429",395,137,22,133,"6,006,967","329,212","6,336,179","136,658","24,566","12,863","2,533"
Locality: 165 ROCKINGHAM COUNTY,0503,503 - MCGAHEYSVILLE,"2,752",83,"2,835",22,8,1,29,"58,480","1,949","60,429",395,137,22,133,"6,006,967","329,212","6,336,179","136,658","24,566","12,863","2,533"
Locality: 165 ROCKINGHAM COUNTY,0504,504 - SOUTH FORK,"1,353",35,"1,388",14,1,,29,"58,480","1,949","60,429",395,137,22,133,"6,006,967","329,212","6,336,179","136,658","24,566","12,863","2,533"
Locality: 165 ROCKINGHAM COUNTY,0505,505 - STONY RUN,"1,984",113,"2,097",19,6,2,29,"58,480","1,949","60,429",395,137,22,133,"6,006,967","329,212","6,336,179","136,658","24,566","12,863","2,533"
Locality: 165 ROCKINGHAM COUNTY,0506,506 - DEEP RUN,"1,269",38,"1,307",7,,,29,"58,480","1,949","60,429",395,137,22,133,"6,006,967","329,212","6,336,179","136,658","24,566","12,863","2,533"
Locality: 167 RUSSELL COUNTY,0101,101 - MOCCASIN,"1,363",32,"1,395",2,,,15,"18,875",468,"19,343",84,11,2,133,"6,006,967","329,212","6,336,179","136,658","24,566","12,863","2,533"
Locality: 167 RUSSELL COUNTY,0102,102 - COPPER CREEK,"1,045",22,"1,067",8,,,15,"18,875",468,"19,343",84,11,2,133,"6,006,967","329,212","6,336,179","136,658","24,566","12,863","2,533"
Locality: 167 RUSSELL COUNTY,0103,103 - SOUTH CASTLEWOOD,838,14,852,6,,,15,"18,875",468,"19,343",84,11,2,133,"6,006,967","329,212","6,336,179","136,658","24,566","12,863","2,533"
Locality: 167 RUSSELL COUNTY,0201,201 - NORTH CASTLEWOOD,"2,392",67,"2,459",19,3,1,15,"18,875",468,"19,343",84,11,2,133,"6,006,967","329,212","6,336,179","136,658","24,566","12,863","2,533"
Locality: 167 RUSSELL COUNTY,0202,202 - DANTE,517,15,532,2,,,15,"18,875",468,"19,343",84,11,2,133,"6,006,967","329,212","6,336,179","136,658","24,566","12,863","2,533"
Locality: 167 RUSSELL COUNTY,0301,301 - COOKS MILL,430,8,438,,1,,15,"18,875",468,"19,343",84,11,2,133,"6,006,967","329,212","6,336,179","136,658","24,566","12,863","2,533"
Locality: 167 RUSSELL COUNTY,0302,302 - DAUGHERTY,513,10,523,3,,,15,"18,875",468,"19,343",84,11,2,133,"6,006,967","329,212","6,336,179","136,658","24,566","12,863","2,533"
Locality: 167 RUSSELL COUNTY,0303,303 - NEW GARDEN,"1,365",30,"1,395",8,,,15,"18,875",468,"19,343",84,11,2,133,"6,006,967","329,212","6,336,179","136,658","24,566","12,863","2,533"
Locality: 167 RUSSELL COUNTY,0304,304 - CLEVELAND,754,21,775,5,,1,15,"18,875",468,"19,343",84,11,2,133,"6,006,967","329,212","6,336,179","136,658","24,566","12,863","2,533"
Locality: 167 RUSSELL COUNTY,0401,401 - DRILL,154,8,162,,,,15,"18,875",468,"19,343",84,11,2,133,"6,006,967","329,212","6,336,179","136,658","24,566","12,863","2,533"
Locality: 167 RUSSELL COUNTY,0402,402 - SWORDS CREEK,"1,936",39,"1,975",9,2,,15,"18,875",468,"19,343",84,11,2,133,"6,006,967","329,212","6,336,179","136,658","24,566","12,863","2,533"
Locality: 167 RUSSELL COUNTY,0403,403 - HONAKER,979,33,"1,012",4,1,,15,"18,875",468,"19,343",84,11,2,133,"6,006,967","329,212","6,336,179","136,658","24,566","12,863","2,533"
Locality: 167 RUSSELL COUNTY,0501,501 - WEST LEBANON,"3,168",91,"3,259",10,2,,15,"18,875",468,"19,343",84,11,2,133,"6,006,967","329,212","6,336,179","136,658","24,566","12,863","2,533"
Locality: 167 RUSSELL COUNTY,0601,601 -  EAST LEBANON,"1,522",32,"1,554",4,1,,15,"18,875",468,"19,343",84,11,2,133,"6,006,967","329,212","6,336,179","136,658","24,566","12,863","2,533"
Locality: 167 RUSSELL COUNTY,0602,602 - ELK GARDEN,"1,899",46,"1,945",4,1,,15,"18,875",468,"19,343",84,11,2,133,"6,006,967","329,212","6,336,179","136,658","24,566","12,863","2,533"
Locality: 169 SCOTT COUNTY,0101,101 - WEBER CITY,"1,115",51,"1,166",5,,1,17,"15,764",477,"16,241",41,2,1,133,"6,006,967","329,212","6,336,179","136,658","24,566","12,863","2,533"
Locality: 169 SCOTT COUNTY,0102,102 - YUMA,"1,430",23,"1,453",5,,,17,"15,764",477,"16,241",41,2,1,133,"6,006,967","329,212","6,336,179","136,658","24,566","12,863","2,533"
Locality: 169 SCOTT COUNTY,0202,202 - WEBER CITY EAST,"1,026",28,"1,054",1,,,17,"15,764",477,"16,241",41,2,1,133,"6,006,967","329,212","6,336,179","136,658","24,566","12,863","2,533"
Locality: 169 SCOTT COUNTY,0203,203 - HILTONS,"1,329",44,"1,373",6,,,17,"15,764",477,"16,241",41,2,1,133,"6,006,967","329,212","6,336,179","136,658","24,566","12,863","2,533"
Locality: 169 SCOTT COUNTY,0204,204 - CLARK'S,357,7,364,,,,17,"15,764",477,"16,241",41,2,1,133,"6,006,967","329,212","6,336,179","136,658","24,566","12,863","2,533"
Locality: 169 SCOTT COUNTY,0301,301 - NICKELSVILLE,"1,026",32,"1,058",4,,,17,"15,764",477,"16,241",41,2,1,133,"6,006,967","329,212","6,336,179","136,658","24,566","12,863","2,533"
Locality: 169 SCOTT COUNTY,0302,302 - SNOWFLAKE,698,23,721,6,,,17,"15,764",477,"16,241",41,2,1,133,"6,006,967","329,212","6,336,179","136,658","24,566","12,863","2,533"
Locality: 169 SCOTT COUNTY,0303,303 - TWIN SPRINGS,792,16,808,1,,,17,"15,764",477,"16,241",41,2,1,133,"6,006,967","329,212","6,336,179","136,658","24,566","12,863","2,533"
Locality: 169 SCOTT COUNTY,0304,304 - COPPER CREEK,248,15,263,,,,17,"15,764",477,"16,241",41,2,1,133,"6,006,967","329,212","6,336,179","136,658","24,566","12,863","2,533"
Locality: 169 SCOTT COUNTY,0401,401 - GATE CITY,"2,847",109,"2,956",4,1,,17,"15,764",477,"16,241",41,2,1,133,"6,006,967","329,212","6,336,179","136,658","24,566","12,863","2,533"
Locality: 169 SCOTT COUNTY,0501,501 - DUNGANNON,613,12,625,1,1,,17,"15,764",477,"16,241",41,2,1,133,"6,006,967","329,212","6,336,179","136,658","24,566","12,863","2,533"
Locality: 169 SCOTT COUNTY,0502,502 - FORT BLACKMORE,642,15,657,1,,,17,"15,764",477,"16,241",41,2,1,133,"6,006,967","329,212","6,336,179","136,658","24,566","12,863","2,533"
Locality: 169 SCOTT COUNTY,0503,503 - MANVILLE,441,14,455,1,,,17,"15,764",477,"16,241",41,2,1,133,"6,006,967","329,212","6,336,179","136,658","24,566","12,863","2,533"
Locality: 169 SCOTT COUNTY,0504,504 - RYE COVE,866,26,892,,,,17,"15,764",477,"16,241",41,2,1,133,"6,006,967","329,212","6,336,179","136,658","24,566","12,863","2,533"
Locality: 169 SCOTT COUNTY,0601,601 - CLINCHPORT,660,18,678,3,,,17,"15,764",477,"16,241",41,2,1,133,"6,006,967","329,212","6,336,179","136,658","24,566","12,863","2,533"
Locality: 169 SCOTT COUNTY,0602,602 - DUFFIELD-PATTONSVILLE,"1,328",39,"1,367",3,,,17,"15,764",477,"16,241",41,2,1,133,"6,006,967","329,212","6,336,179","136,658","24,566","12,863","2,533"
Locality: 169 SCOTT COUNTY,0603,603 - FAIRVIEW,346,5,351,,,,17,"15,764",477,"16,241",41,2,1,133,"6,006,967","329,212","6,336,179","136,658","24,566","12,863","2,533"
Locality: 171 SHENANDOAH COUNTY,0101,101 - ORKNEY SPRINGS,"1,684",56,"1,740",14,4,6,14,"32,600","1,067","33,667",206,39,47,133,"6,006,967","329,212","6,336,179","136,658","24,566","12,863","2,533"
Locality: 171 SHENANDOAH COUNTY,0103,103 - NEW MARKET,"3,674",116,"3,790",20,8,6,14,"32,600","1,067","33,667",206,39,47,133,"6,006,967","329,212","6,336,179","136,658","24,566","12,863","2,533"
Locality: 171 SHENANDOAH COUNTY,0201,201 - CONICVILLE,"2,972",69,"3,041",15,2,4,14,"32,600","1,067","33,667",206,39,47,133,"6,006,967","329,212","6,336,179","136,658","24,566","12,863","2,533"
Locality: 171 SHENANDOAH COUNTY,0202,202 - MT JACKSON,"2,385",78,"2,463",15,,2,14,"32,600","1,067","33,667",206,39,47,133,"6,006,967","329,212","6,336,179","136,658","24,566","12,863","2,533"
Locality: 171 SHENANDOAH COUNTY,0302,302 - EDINBURG,"1,986",59,"2,045",14,4,3,14,"32,600","1,067","33,667",206,39,47,133,"6,006,967","329,212","6,336,179","136,658","24,566","12,863","2,533"
Locality: 171 SHENANDOAH COUNTY,0303,303 - ST LUKE,"2,664",55,"2,719",21,2,2,14,"32,600","1,067","33,667",206,39,47,133,"6,006,967","329,212","6,336,179","136,658","24,566","12,863","2,533"
Locality: 171 SHENANDOAH COUNTY,0304,304 - FORT VALLEY,"1,208",35,"1,243",14,3,1,14,"32,600","1,067","33,667",206,39,47,133,"6,006,967","329,212","6,336,179","136,658","24,566","12,863","2,533"
Locality: 171 SHENANDOAH COUNTY,0401,401 - WOODSTOCK NORTH,"2,620",102,"2,722",16,4,4,14,"32,600","1,067","33,667",206,39,47,133,"6,006,967","329,212","6,336,179","136,658","24,566","12,863","2,533"
Locality: 171 SHENANDOAH COUNTY,0402,402 - WOODSTOCK SOUTH,"2,234",109,"2,343",18,1,3,14,"32,600","1,067","33,667",206,39,47,133,"6,006,967","329,212","6,336,179","136,658","24,566","12,863","2,533"
Locality: 171 SHENANDOAH COUNTY,0501,501 - CEDAR CREEK,217,6,223,,1,,14,"32,600","1,067","33,667",206,39,47,133,"6,006,967","329,212","6,336,179","136,658","24,566","12,863","2,533"
Locality: 171 SHENANDOAH COUNTY,0503,503 - TOMS BROOK,"3,290",77,"3,367",15,4,6,14,"32,600","1,067","33,667",206,39,47,133,"6,006,967","329,212","6,336,179","136,658","24,566","12,863","2,533"
Locality: 171 SHENANDOAH COUNTY,0504,504 - LEBANON CHURCH,"2,286",50,"2,336",12,2,2,14,"32,600","1,067","33,667",206,39,47,133,"6,006,967","329,212","6,336,179","136,658","24,566","12,863","2,533"
Locality: 171 SHENANDOAH COUNTY,0601,601 - STRASBURG WEST,"2,672",127,"2,799",14,1,3,14,"32,600","1,067","33,667",206,39,47,133,"6,006,967","329,212","6,336,179","136,658","24,566","12,863","2,533"
Locality: 171 SHENANDOAH COUNTY,0602,602 - STRASBURG EAST,"2,708",128,"2,836",18,3,5,14,"32,600","1,067","33,667",206,39,47,133,"6,006,967","329,212","6,336,179","136,658","24,566","12,863","2,533"
Locality: 173 SMYTH COUNTY,0101,101 - SALTVILLE,"2,747",80,"2,827",18,1,,12,"20,148",699,"20,847",143,19,1,133,"6,006,967","329,212","6,336,179","136,658","24,566","12,863","2,533"
Locality: 173 SMYTH COUNTY,0201,201 - SEVEN MILE FORD,"2,028",64,"2,092",19,1,,12,"20,148",699,"20,847",143,19,1,133,"6,006,967","329,212","6,336,179","136,658","24,566","12,863","2,533"
Locality: 173 SMYTH COUNTY,0202,202 - RICH VALLEY,773,16,789,5,,,12,"20,148",699,"20,847",143,19,1,133,"6,006,967","329,212","6,336,179","136,658","24,566","12,863","2,533"
Locality: 173 SMYTH COUNTY,0301,301 - CHILHOWIE,"2,930",94,"3,024",20,,1,12,"20,148",699,"20,847",143,19,1,133,"6,006,967","329,212","6,336,179","136,658","24,566","12,863","2,533"
Locality: 173 SMYTH COUNTY,0401,401 - EAST PARK,"2,807",164,"2,971",12,5,,12,"20,148",699,"20,847",143,19,1,133,"6,006,967","329,212","6,336,179","136,658","24,566","12,863","2,533"
Locality: 173 SMYTH COUNTY,0501,501 - ATKINS,"1,779",59,"1,838",11,,,12,"20,148",699,"20,847",143,19,1,133,"6,006,967","329,212","6,336,179","136,658","24,566","12,863","2,533"
Locality: 173 SMYTH COUNTY,0502,502 - WASSONA,"1,178",26,"1,204",14,4,,12,"20,148",699,"20,847",143,19,1,133,"6,006,967","329,212","6,336,179","136,658","24,566","12,863","2,533"
Locality: 173 SMYTH COUNTY,0601,601 - ROYAL OAK EAST,"1,903",83,"1,986",17,2,,12,"20,148",699,"20,847",143,19,1,133,"6,006,967","329,212","6,336,179","136,658","24,566","12,863","2,533"
Locality: 173 SMYTH COUNTY,0602,602 - ROYAL OAK WEST,908,23,931,7,3,,12,"20,148",699,"20,847",143,19,1,133,"6,006,967","329,212","6,336,179","136,658","24,566","12,863","2,533"
Locality: 173 SMYTH COUNTY,0701,701 - ADWOLFE,"1,849",52,"1,901",13,2,,12,"20,148",699,"20,847",143,19,1,133,"6,006,967","329,212","6,336,179","136,658","24,566","12,863","2,533"
Locality: 173 SMYTH COUNTY,0702,702 - SUGAR GROVE,"1,089",35,"1,124",6,1,,12,"20,148",699,"20,847",143,19,1,133,"6,006,967","329,212","6,336,179","136,658","24,566","12,863","2,533"
Locality: 173 SMYTH COUNTY,0703,703 - KONNAROCK,157,3,160,1,,,12,"20,148",699,"20,847",143,19,1,133,"6,006,967","329,212","6,336,179","136,658","24,566","12,863","2,533"
Locality: 175 SOUTHAMPTON COUNTY,0101,101 - BERLIN,"1,029",27,"1,056",28,,,11,"13,013",441,"13,454",244,11,8,133,"6,006,967","329,212","6,336,179","136,658","24,566","12,863","2,533"
Locality: 175 SOUTHAMPTON COUNTY,0102,102 - IVOR,"1,313",42,"1,355",38,1,,11,"13,013",441,"13,454",244,11,8,133,"6,006,967","329,212","6,336,179","136,658","24,566","12,863","2,533"
Locality: 175 SOUTHAMPTON COUNTY,0201,201 - BOYKINS-BRANCHVILLE,"1,519",32,"1,551",22,2,,11,"13,013",441,"13,454",244,11,8,133,"6,006,967","329,212","6,336,179","136,658","24,566","12,863","2,533"
Locality: 175 SOUTHAMPTON COUNTY,0301,301 - CAPRON-DREWRYVILLE,"1,484",45,"1,529",14,3,3,11,"13,013",441,"13,454",244,11,8,133,"6,006,967","329,212","6,336,179","136,658","24,566","12,863","2,533"
Locality: 175 SOUTHAMPTON COUNTY,0302,302 - SEBRELL,"1,010",31,"1,041",19,1,,11,"13,013",441,"13,454",244,11,8,133,"6,006,967","329,212","6,336,179","136,658","24,566","12,863","2,533"
Locality: 175 SOUTHAMPTON COUNTY,0501,501 - DARDEN MILL,"1,088",30,"1,118",27,2,2,11,"13,013",441,"13,454",244,11,8,133,"6,006,967","329,212","6,336,179","136,658","24,566","12,863","2,533"
Locality: 175 SOUTHAMPTON COUNTY,0502,502 - FAIRGROUNDS,"1,162",34,"1,196",19,,,11,"13,013",441,"13,454",244,11,8,133,"6,006,967","329,212","6,336,179","136,658","24,566","12,863","2,533"
Locality: 175 SOUTHAMPTON COUNTY,0601,601 - COURTLAND,"1,463",72,"1,535",29,2,2,11,"13,013",441,"13,454",244,11,8,133,"6,006,967","329,212","6,336,179","136,658","24,566","12,863","2,533"
Locality: 175 SOUTHAMPTON COUNTY,0602,602 - SEDLEY,304,5,309,4,,,11,"13,013",441,"13,454",244,11,8,133,"6,006,967","329,212","6,336,179","136,658","24,566","12,863","2,533"
Locality: 175 SOUTHAMPTON COUNTY,0701,701 - BLACKWATER RIVER,"1,467",89,"1,556",20,,1,11,"13,013",441,"13,454",244,11,8,133,"6,006,967","329,212","6,336,179","136,658","24,566","12,863","2,533"
Locality: 175 SOUTHAMPTON COUNTY,0702,702 - NEWSOMS,"1,174",34,"1,208",24,,,11,"13,013",441,"13,454",244,11,8,133,"6,006,967","329,212","6,336,179","136,658","24,566","12,863","2,533"
Locality: 177 SPOTSYLVANIA COUNTY,0101,101 - PARTLOW RURITAN,"3,282",84,"3,366",66,2,1,29,"108,105","3,876","111,981","3,189",285,98,133,"6,006,967","329,212","6,336,179","136,658","24,566","12,863","2,533"
Locality: 177 SPOTSYLVANIA COUNTY,0102,102 - BERKELEY,"3,651",84,"3,735",83,4,1,29,"108,105","3,876","111,981","3,189",285,98,133,"6,006,967","329,212","6,336,179","136,658","24,566","12,863","2,533"
Locality: 177 SPOTSYLVANIA COUNTY,0103,103 - JOHN J WRIGHT,"5,801",139,"5,940",187,10,8,29,"108,105","3,876","111,981","3,189",285,98,133,"6,006,967","329,212","6,336,179","136,658","24,566","12,863","2,533"
Locality: 177 SPOTSYLVANIA COUNTY,0104,104 - MASSAPONAX HIGH,"4,568",243,"4,811",157,2,2,29,"108,105","3,876","111,981","3,189",285,98,133,"6,006,967","329,212","6,336,179","136,658","24,566","12,863","2,533"
Locality: 177 SPOTSYLVANIA COUNTY,0201,201 - WILDERNESS ELEMENTARY,"2,588",90,"2,678",65,13,3,29,"108,105","3,876","111,981","3,189",285,98,133,"6,006,967","329,212","6,336,179","136,658","24,566","12,863","2,533"
Locality: 177 SPOTSYLVANIA COUNTY,0202,202 - FIRE RESCUE 7,"4,632",152,"4,784",155,18,13,29,"108,105","3,876","111,981","3,189",285,98,133,"6,006,967","329,212","6,336,179","136,658","24,566","12,863","2,533"
Locality: 177 SPOTSYLVANIA COUNTY,0203,203 - NI RIVER MIDDLE,"4,037",124,"4,161",121,12,5,29,"108,105","3,876","111,981","3,189",285,98,133,"6,006,967","329,212","6,336,179","136,658","24,566","12,863","2,533"
Locality: 177 SPOTSYLVANIA COUNTY,0204,204 - CHANCELLOR ELEMENTARY,"4,140",156,"4,296",130,17,,29,"108,105","3,876","111,981","3,189",285,98,133,"6,006,967","329,212","6,336,179","136,658","24,566","12,863","2,533"
Locality: 177 SPOTSYLVANIA COUNTY,0301,301 - SALEM ELEMENTARY,"2,820",130,"2,950",64,4,3,29,"108,105","3,876","111,981","3,189",285,98,133,"6,006,967","329,212","6,336,179","136,658","24,566","12,863","2,533"
Locality: 177 SPOTSYLVANIA COUNTY,0302,302 - SALEM LIBRARY,"4,543",175,"4,718",149,14,3,29,"108,105","3,876","111,981","3,189",285,98,133,"6,006,967","329,212","6,336,179","136,658","24,566","12,863","2,533"
Locality: 177 SPOTSYLVANIA COUNTY,0303,303 - RIVERBEND HIGH,"4,605",116,"4,721",121,13,2,29,"108,105","3,876","111,981","3,189",285,98,133,"6,006,967","329,212","6,336,179","136,658","24,566","12,863","2,533"
Locality: 177 SPOTSYLVANIA COUNTY,0304,304 - KNIGHTS OF PYTHIAS,"3,184",116,"3,300",85,2,4,29,"108,105","3,876","111,981","3,189",285,98,133,"6,006,967","329,212","6,336,179","136,658","24,566","12,863","2,533"
Locality: 177 SPOTSYLVANIA COUNTY,0401,401 - COSNER PARK,"3,636",134,"3,770",105,8,5,29,"108,105","3,876","111,981","3,189",285,98,133,"6,006,967","329,212","6,336,179","136,658","24,566","12,863","2,533"
Locality: 177 SPOTSYLVANIA COUNTY,0402,402 - GERMANNA CAMPUS,"4,162",214,"4,376",135,14,2,29,"108,105","3,876","111,981","3,189",285,98,133,"6,006,967","329,212","6,336,179","136,658","24,566","12,863","2,533"
Locality: 177 SPOTSYLVANIA COUNTY,0403,403 - LEE HILL ELEMENTARY,"4,187",179,"4,366",141,8,4,29,"108,105","3,876","111,981","3,189",285,98,133,"6,006,967","329,212","6,336,179","136,658","24,566","12,863","2,533"
Locality: 177 SPOTSYLVANIA COUNTY,0404,404 - NEW POST CHURCH,"2,446",107,"2,553",88,6,3,29,"108,105","3,876","111,981","3,189",285,98,133,"6,006,967","329,212","6,336,179","136,658","24,566","12,863","2,533"
Locality: 177 SPOTSYLVANIA COUNTY,0501,501 - BELMONT RURITAN,"2,850",80,"2,930",55,6,3,29,"108,105","3,876","111,981","3,189",285,98,133,"6,006,967","329,212","6,336,179","136,658","24,566","12,863","2,533"
Locality: 177 SPOTSYLVANIA COUNTY,0502,502 - FIRE RESCUE 2,"2,594",73,"2,667",57,7,,29,"108,105","3,876","111,981","3,189",285,98,133,"6,006,967","329,212","6,336,179","136,658","24,566","12,863","2,533"
Locality: 177 SPOTSYLVANIA COUNTY,0503,503 - SPOTSYLVANIA HIGH,"2,690",67,"2,757",74,2,,29,"108,105","3,876","111,981","3,189",285,98,133,"6,006,967","329,212","6,336,179","136,658","24,566","12,863","2,533"
Locality: 177 SPOTSYLVANIA COUNTY,0504,504 - PUBLIC SAFETY,"3,758",128,"3,886",114,22,3,29,"108,105","3,876","111,981","3,189",285,98,133,"6,006,967","329,212","6,336,179","136,658","24,566","12,863","2,533"
Locality: 177 SPOTSYLVANIA COUNTY,0505,505 - BROCK ROAD ELEMENTARY,"4,903",115,"5,018",145,19,3,29,"108,105","3,876","111,981","3,189",285,98,133,"6,006,967","329,212","6,336,179","136,658","24,566","12,863","2,533"
Locality: 177 SPOTSYLVANIA COUNTY,0601,601 - BATTLEFIELD ELEMENTARY,"3,675",115,"3,790",119,6,1,29,"108,105","3,876","111,981","3,189",285,98,133,"6,006,967","329,212","6,336,179","136,658","24,566","12,863","2,533"
Locality: 177 SPOTSYLVANIA COUNTY,0602,602 - SMITH STATION ELEMENTARY,"4,274",170,"4,444",128,10,2,29,"108,105","3,876","111,981","3,189",285,98,133,"6,006,967","329,212","6,336,179","136,658","24,566","12,863","2,533"
Locality: 177 SPOTSYLVANIA COUNTY,0603,603 - CHANCELLOR HIGH,"2,793",114,"2,907",90,7,5,29,"108,105","3,876","111,981","3,189",285,98,133,"6,006,967","329,212","6,336,179","136,658","24,566","12,863","2,533"
Locality: 177 SPOTSYLVANIA COUNTY,0604,604 - COURTHOUSE ROAD ELEMENTARY,"3,010",136,"3,146",99,5,2,29,"108,105","3,876","111,981","3,189",285,98,133,"6,006,967","329,212","6,336,179","136,658","24,566","12,863","2,533"
Locality: 177 SPOTSYLVANIA COUNTY,0701,701 - SPOTSWOOD ELEMENTARY,"3,360",149,"3,509",78,4,5,29,"108,105","3,876","111,981","3,189",285,98,133,"6,006,967","329,212","6,336,179","136,658","24,566","12,863","2,533"
Locality: 177 SPOTSYLVANIA COUNTY,0702,702 - EASTLAND CHURCH,"3,775",228,"4,003",100,12,7,29,"108,105","3,876","111,981","3,189",285,98,133,"6,006,967","329,212","6,336,179","136,658","24,566","12,863","2,533"
Locality: 177 SPOTSYLVANIA COUNTY,0703,703 - LEES PARKE,"4,099",151,"4,250",168,20,2,29,"108,105","3,876","111,981","3,189",285,98,133,"6,006,967","329,212","6,336,179","136,658","24,566","12,863","2,533"
Locality: 177 SPOTSYLVANIA COUNTY,0704,704 - COURTLAND ELEMENTARY,"4,042",107,"4,149",110,18,6,29,"108,105","3,876","111,981","3,189",285,98,133,"6,006,967","329,212","6,336,179","136,658","24,566","12,863","2,533"
Locality: 179 STAFFORD COUNTY,0101,101 - HARTWOOD,"4,829",182,"5,011",257,30,7,37,"111,825","5,606","117,431","6,211",541,84,133,"6,006,967","329,212","6,336,179","136,658","24,566","12,863","2,533"
Locality: 179 STAFFORD COUNTY,0102,102 - SIMPSON,"3,392",118,"3,510",174,15,2,37,"111,825","5,606","117,431","6,211",541,84,133,"6,006,967","329,212","6,336,179","136,658","24,566","12,863","2,533"
Locality: 179 STAFFORD COUNTY,0103,103 - COLLEGE,"3,062",124,"3,186",156,18,2,37,"111,825","5,606","117,431","6,211",541,84,133,"6,006,967","329,212","6,336,179","136,658","24,566","12,863","2,533"
Locality: 179 STAFFORD COUNTY,0104,104 - WESTLAKE,"2,212",56,"2,268",85,5,,37,"111,825","5,606","117,431","6,211",541,84,133,"6,006,967","329,212","6,336,179","136,658","24,566","12,863","2,533"
Locality: 179 STAFFORD COUNTY,0105,105 - ROCKY RUN,"1,858",146,"2,004",93,6,,37,"111,825","5,606","117,431","6,211",541,84,133,"6,006,967","329,212","6,336,179","136,658","24,566","12,863","2,533"
Locality: 179 STAFFORD COUNTY,0106,106 - FORGE,"1,733",122,"1,855",124,8,,37,"111,825","5,606","117,431","6,211",541,84,133,"6,006,967","329,212","6,336,179","136,658","24,566","12,863","2,533"
Locality: 179 STAFFORD COUNTY,0201,201 - ROCK HILL,"4,401",221,"4,622",319,18,1,37,"111,825","5,606","117,431","6,211",541,84,133,"6,006,967","329,212","6,336,179","136,658","24,566","12,863","2,533"
Locality: 179 STAFFORD COUNTY,0202,202 - ROSEVILLE,"3,485",149,"3,634",207,18,6,37,"111,825","5,606","117,431","6,211",541,84,133,"6,006,967","329,212","6,336,179","136,658","24,566","12,863","2,533"
Locality: 179 STAFFORD COUNTY,0203,203 - RUBY,"3,012",140,"3,152",154,14,3,37,"111,825","5,606","117,431","6,211",541,84,133,"6,006,967","329,212","6,336,179","136,658","24,566","12,863","2,533"
Locality: 179 STAFFORD COUNTY,0204,204 - STEFANIGA,"3,597",166,"3,763",248,24,1,37,"111,825","5,606","117,431","6,211",541,84,133,"6,006,967","329,212","6,336,179","136,658","24,566","12,863","2,533"
Locality: 179 STAFFORD COUNTY,0205,205 - MOUNT ARARAT,"1,535",69,"1,604",79,7,1,37,"111,825","5,606","117,431","6,211",541,84,133,"6,006,967","329,212","6,336,179","136,658","24,566","12,863","2,533"
Locality: 179 STAFFORD COUNTY,0301,301 - STAFFORDBORO,"2,133",146,"2,279",106,4,,37,"111,825","5,606","117,431","6,211",541,84,133,"6,006,967","329,212","6,336,179","136,658","24,566","12,863","2,533"
Locality: 179 STAFFORD COUNTY,0302,302 - WIDEWATER,"2,593",89,"2,682",142,9,2,37,"111,825","5,606","117,431","6,211",541,84,133,"6,006,967","329,212","6,336,179","136,658","24,566","12,863","2,533"
Locality: 179 STAFFORD COUNTY,0303,303 - BARRETT HEIGHTS,"1,933",89,"2,022",113,6,4,37,"111,825","5,606","117,431","6,211",541,84,133,"6,006,967","329,212","6,336,179","136,658","24,566","12,863","2,533"
Locality: 179 STAFFORD COUNTY,0304,304 - AQUIA EPISCOPAL,"1,058",68,"1,126",60,9,,37,"111,825","5,606","117,431","6,211",541,84,133,"6,006,967","329,212","6,336,179","136,658","24,566","12,863","2,533"
Locality: 179 STAFFORD COUNTY,0305,305 - GRIFFIS,"1,237",118,"1,355",155,4,,37,"111,825","5,606","117,431","6,211",541,84,133,"6,006,967","329,212","6,336,179","136,658","24,566","12,863","2,533"
Locality: 179 STAFFORD COUNTY,0306,306 - MIDWAY,"2,819",150,"2,969",150,15,,37,"111,825","5,606","117,431","6,211",541,84,133,"6,006,967","329,212","6,336,179","136,658","24,566","12,863","2,533"
Locality: 179 STAFFORD COUNTY,0401,401 - COURTHOUSE,"3,865",272,"4,137",271,8,2,37,"111,825","5,606","117,431","6,211",541,84,133,"6,006,967","329,212","6,336,179","136,658","24,566","12,863","2,533"
Locality: 179 STAFFORD COUNTY,0402,402 - BROOKE,"2,322",117,"2,439",143,23,1,37,"111,825","5,606","117,431","6,211",541,84,133,"6,006,967","329,212","6,336,179","136,658","24,566","12,863","2,533"
Locality: 179 STAFFORD COUNTY,0403,403 - HARBOUR,"2,261",112,"2,373",164,21,8,37,"111,825","5,606","117,431","6,211",541,84,133,"6,006,967","329,212","6,336,179","136,658","24,566","12,863","2,533"
Locality: 179 STAFFORD COUNTY,0404,404 - GOVERNMENT ISLAND,"2,843",147,"2,990",222,24,6,37,"111,825","5,606","117,431","6,211",541,84,133,"6,006,967","329,212","6,336,179","136,658","24,566","12,863","2,533"
Locality: 179 STAFFORD COUNTY,0405,405 - HOPE,"4,420",219,"4,639",245,23,1,37,"111,825","5,606","117,431","6,211",541,84,133,"6,006,967","329,212","6,336,179","136,658","24,566","12,863","2,533"
Locality: 179 STAFFORD COUNTY,0406,406 - AQUIA,812,113,925,72,1,,37,"111,825","5,606","117,431","6,211",541,84,133,"6,006,967","329,212","6,336,179","136,658","24,566","12,863","2,533"
Locality: 179 STAFFORD COUNTY,0501,501 - GRAFTON,"4,816",183,"4,999",181,29,3,37,"111,825","5,606","117,431","6,211",541,84,133,"6,006,967","329,212","6,336,179","136,658","24,566","12,863","2,533"
Locality: 179 STAFFORD COUNTY,0502,502 - FALMOUTH,"3,191",139,"3,330",94,16,5,37,"111,825","5,606","117,431","6,211",541,84,133,"6,006,967","329,212","6,336,179","136,658","24,566","12,863","2,533"
Locality: 179 STAFFORD COUNTY,0503,503 - DREW,"4,327",189,"4,516",168,8,,37,"111,825","5,606","117,431","6,211",541,84,133,"6,006,967","329,212","6,336,179","136,658","24,566","12,863","2,533"
Locality: 179 STAFFORD COUNTY,0504,504 - GAYLE,"3,148",170,"3,318",88,7,,37,"111,825","5,606","117,431","6,211",541,84,133,"6,006,967","329,212","6,336,179","136,658","24,566","12,863","2,533"
Locality: 179 STAFFORD COUNTY,0505,505 - ESKIMO HILL,"1,339",73,"1,412",115,3,,37,"111,825","5,606","117,431","6,211",541,84,133,"6,006,967","329,212","6,336,179","136,658","24,566","12,863","2,533"
Locality: 179 STAFFORD COUNTY,0601,601 - FERRY FARM,"2,989",112,"3,101",80,17,5,37,"111,825","5,606","117,431","6,211",541,84,133,"6,006,967","329,212","6,336,179","136,658","24,566","12,863","2,533"
Locality: 179 STAFFORD COUNTY,0602,602 - CHATHAM,"3,716",184,"3,900",132,12,2,37,"111,825","5,606","117,431","6,211",541,84,133,"6,006,967","329,212","6,336,179","136,658","24,566","12,863","2,533"
Locality: 179 STAFFORD COUNTY,0603,603 - WHITE OAK,"3,640",119,"3,759",128,13,3,37,"111,825","5,606","117,431","6,211",541,84,133,"6,006,967","329,212","6,336,179","136,658","24,566","12,863","2,533"
Locality: 179 STAFFORD COUNTY,0604,604 - ENGLAND RUN,"1,722",168,"1,890",68,1,,37,"111,825","5,606","117,431","6,211",541,84,133,"6,006,967","329,212","6,336,179","136,658","24,566","12,863","2,533"
Locality: 179 STAFFORD COUNTY,0605,605 - MELCHERS,"4,506",202,"4,708",116,16,,37,"111,825","5,606","117,431","6,211",541,84,133,"6,006,967","329,212","6,336,179","136,658","24,566","12,863","2,533"
Locality: 179 STAFFORD COUNTY,0701,701 - PARK RIDGE,"4,086",250,"4,336",308,15,7,37,"111,825","5,606","117,431","6,211",541,84,133,"6,006,967","329,212","6,336,179","136,658","24,566","12,863","2,533"
Locality: 179 STAFFORD COUNTY,0702,702 - WHITSON,"3,149",212,"3,361",185,15,3,37,"111,825","5,606","117,431","6,211",541,84,133,"6,006,967","329,212","6,336,179","136,658","24,566","12,863","2,533"
Locality: 179 STAFFORD COUNTY,0703,703 - HAMPTON,"4,170",200,"4,370",318,44,8,37,"111,825","5,606","117,431","6,211",541,84,133,"6,006,967","329,212","6,336,179","136,658","24,566","12,863","2,533"
Locality: 179 STAFFORD COUNTY,0704,704 - POOLE ,"5,614",272,"5,886",491,35,1,37,"111,825","5,606","117,431","6,211",541,84,133,"6,006,967","329,212","6,336,179","136,658","24,566","12,863","2,533"
Locality: 181 SURRY COUNTY,0101,101 - SURRY,"1,180",43,"1,223",25,1,,6,"5,619",143,"5,762",124,2,,133,"6,006,967","329,212","6,336,179","136,658","24,566","12,863","2,533"
Locality: 181 SURRY COUNTY,0201,201 - BACONS CASTLE,"1,107",23,"1,130",25,,,6,"5,619",143,"5,762",124,2,,133,"6,006,967","329,212","6,336,179","136,658","24,566","12,863","2,533"
Locality: 181 SURRY COUNTY,0301,301 - DENDRON,"1,128",26,"1,154",31,1,,6,"5,619",143,"5,762",124,2,,133,"6,006,967","329,212","6,336,179","136,658","24,566","12,863","2,533"
Locality: 181 SURRY COUNTY,0401,401 - CARSLEY,"1,169",26,"1,195",13,,,6,"5,619",143,"5,762",124,2,,133,"6,006,967","329,212","6,336,179","136,658","24,566","12,863","2,533"
Locality: 181 SURRY COUNTY,0501,501 - CLAREMONT,680,13,693,22,,,6,"5,619",143,"5,762",124,2,,133,"6,006,967","329,212","6,336,179","136,658","24,566","12,863","2,533"
Locality: 181 SURRY COUNTY,0502,502 - SPRING GROVE,355,12,367,8,,,6,"5,619",143,"5,762",124,2,,133,"6,006,967","329,212","6,336,179","136,658","24,566","12,863","2,533"
Locality: 183 SUSSEX COUNTY,0101,101 - WAVERLY,"1,022",22,"1,044",18,1,,10,"6,999",240,"7,239",104,5,,133,"6,006,967","329,212","6,336,179","136,658","24,566","12,863","2,533"
Locality: 183 SUSSEX COUNTY,0201,201 - STONY CREEK,"1,029",27,"1,056",10,,,10,"6,999",240,"7,239",104,5,,133,"6,006,967","329,212","6,336,179","136,658","24,566","12,863","2,533"
Locality: 183 SUSSEX COUNTY,0301,301 - COURTHOUSE,370,5,375,3,1,,10,"6,999",240,"7,239",104,5,,133,"6,006,967","329,212","6,336,179","136,658","24,566","12,863","2,533"
Locality: 183 SUSSEX COUNTY,0302,302 - NEWVILLE ONE,259,15,274,3,,,10,"6,999",240,"7,239",104,5,,133,"6,006,967","329,212","6,336,179","136,658","24,566","12,863","2,533"
Locality: 183 SUSSEX COUNTY,0401,401 - WAKEFIELD FIREHOUSE,"1,143",61,"1,204",28,2,,10,"6,999",240,"7,239",104,5,,133,"6,006,967","329,212","6,336,179","136,658","24,566","12,863","2,533"
Locality: 183 SUSSEX COUNTY,0501,501 - HENRY,"1,012",38,"1,050",12,,,10,"6,999",240,"7,239",104,5,,133,"6,006,967","329,212","6,336,179","136,658","24,566","12,863","2,533"
Locality: 183 SUSSEX COUNTY,0601,601 - BLACKWATER,858,27,885,13,1,,10,"6,999",240,"7,239",104,5,,133,"6,006,967","329,212","6,336,179","136,658","24,566","12,863","2,533"
Locality: 183 SUSSEX COUNTY,0602,602 - WAKEFIELD,254,7,261,5,,,10,"6,999",240,"7,239",104,5,,133,"6,006,967","329,212","6,336,179","136,658","24,566","12,863","2,533"
Locality: 183 SUSSEX COUNTY,0701,701 - YALE,663,21,684,8,,,10,"6,999",240,"7,239",104,5,,133,"6,006,967","329,212","6,336,179","136,658","24,566","12,863","2,533"
Locality: 183 SUSSEX COUNTY,0702,702 - NEWVILLE TWO,389,17,406,4,,,10,"6,999",240,"7,239",104,5,,133,"6,006,967","329,212","6,336,179","136,658","24,566","12,863","2,533"
Locality: 185 TAZEWELL COUNTY,0101,101 - INDIAN VALLEY,873,87,960,4,,,19,"25,847","2,186","28,033",183,9,11,133,"6,006,967","329,212","6,336,179","136,658","24,566","12,863","2,533"
Locality: 185 TAZEWELL COUNTY,0102,102 - TIP TOP,670,53,723,6,,1,19,"25,847","2,186","28,033",183,9,11,133,"6,006,967","329,212","6,336,179","136,658","24,566","12,863","2,533"
Locality: 185 TAZEWELL COUNTY,0103,103 - MUNDY TOWN,"1,503",139,"1,642",17,1,1,19,"25,847","2,186","28,033",183,9,11,133,"6,006,967","329,212","6,336,179","136,658","24,566","12,863","2,533"
Locality: 185 TAZEWELL COUNTY,0104,104 - FALLS MILLS,724,82,806,5,,,19,"25,847","2,186","28,033",183,9,11,133,"6,006,967","329,212","6,336,179","136,658","24,566","12,863","2,533"
Locality: 185 TAZEWELL COUNTY,0106,106 - POCAHONTAS,313,33,346,3,,,19,"25,847","2,186","28,033",183,9,11,133,"6,006,967","329,212","6,336,179","136,658","24,566","12,863","2,533"
Locality: 185 TAZEWELL COUNTY,0109,109 - BISHOP,355,38,393,2,,,19,"25,847","2,186","28,033",183,9,11,133,"6,006,967","329,212","6,336,179","136,658","24,566","12,863","2,533"
Locality: 185 TAZEWELL COUNTY,0112,112 - BANDY,381,30,411,2,,,19,"25,847","2,186","28,033",183,9,11,133,"6,006,967","329,212","6,336,179","136,658","24,566","12,863","2,533"
Locality: 185 TAZEWELL COUNTY,0203,203 - BURKES GARDEN,146,7,153,,1,,19,"25,847","2,186","28,033",183,9,11,133,"6,006,967","329,212","6,336,179","136,658","24,566","12,863","2,533"
Locality: 185 TAZEWELL COUNTY,0204,204 - CLEAR FORK,772,43,815,4,2,,19,"25,847","2,186","28,033",183,9,11,133,"6,006,967","329,212","6,336,179","136,658","24,566","12,863","2,533"
Locality: 185 TAZEWELL COUNTY,0207,207 - FREESTONE,200,5,205,,,,19,"25,847","2,186","28,033",183,9,11,133,"6,006,967","329,212","6,336,179","136,658","24,566","12,863","2,533"
Locality: 185 TAZEWELL COUNTY,0209,209 - JEFFERSONVILLE,"3,604",355,"3,959",25,1,1,19,"25,847","2,186","28,033",183,9,11,133,"6,006,967","329,212","6,336,179","136,658","24,566","12,863","2,533"
Locality: 185 TAZEWELL COUNTY,0214,214 - THOMPSON VALLEY,724,47,771,3,,,19,"25,847","2,186","28,033",183,9,11,133,"6,006,967","329,212","6,336,179","136,658","24,566","12,863","2,533"
Locality: 185 TAZEWELL COUNTY,0301,301 - CEDAR BLUFF,"2,760",141,"2,901",21,1,1,19,"25,847","2,186","28,033",183,9,11,133,"6,006,967","329,212","6,336,179","136,658","24,566","12,863","2,533"
Locality: 185 TAZEWELL COUNTY,0302,302 - BAPTIST VALLEY,440,36,476,1,,,19,"25,847","2,186","28,033",183,9,11,133,"6,006,967","329,212","6,336,179","136,658","24,566","12,863","2,533"
Locality: 185 TAZEWELL COUNTY,0303,303 - PAINT LICK,"2,053",140,"2,193",17,,,19,"25,847","2,186","28,033",183,9,11,133,"6,006,967","329,212","6,336,179","136,658","24,566","12,863","2,533"
Locality: 185 TAZEWELL COUNTY,0401,401 - RICHLANDS,"4,600",444,"5,044",34,1,3,19,"25,847","2,186","28,033",183,9,11,133,"6,006,967","329,212","6,336,179","136,658","24,566","12,863","2,533"
Locality: 185 TAZEWELL COUNTY,0402,402 - JEWELL RIDGE,308,11,319,2,,,19,"25,847","2,186","28,033",183,9,11,133,"6,006,967","329,212","6,336,179","136,658","24,566","12,863","2,533"
Locality: 185 TAZEWELL COUNTY,0501,501 - SPRINGVILLE,"1,922",142,"2,064",10,1,1,19,"25,847","2,186","28,033",183,9,11,133,"6,006,967","329,212","6,336,179","136,658","24,566","12,863","2,533"
Locality: 185 TAZEWELL COUNTY,0502,502 - GRAHAM,"3,499",353,"3,852",27,1,3,19,"25,847","2,186","28,033",183,9,11,133,"6,006,967","329,212","6,336,179","136,658","24,566","12,863","2,533"
Locality: 187 WARREN COUNTY,0101,101 - FORK TOWN,"2,162",179,"2,341",15,9,5,11,"30,202","1,720","31,922",322,58,46,133,"6,006,967","329,212","6,336,179","136,658","24,566","12,863","2,533"
Locality: 187 WARREN COUNTY,0102,102 - OTTERBURN,"3,697",176,"3,873",39,2,2,11,"30,202","1,720","31,922",322,58,46,133,"6,006,967","329,212","6,336,179","136,658","24,566","12,863","2,533"
Locality: 187 WARREN COUNTY,0201,201 - HAPPY CREEK,"3,123",149,"3,272",33,7,5,11,"30,202","1,720","31,922",322,58,46,133,"6,006,967","329,212","6,336,179","136,658","24,566","12,863","2,533"
Locality: 187 WARREN COUNTY,0202,202 - LINDEN,"3,308",196,"3,504",29,6,9,11,"30,202","1,720","31,922",322,58,46,133,"6,006,967","329,212","6,336,179","136,658","24,566","12,863","2,533"
Locality: 187 WARREN COUNTY,0301,301 - NORTH RIVER,"2,853",204,"3,057",20,4,2,11,"30,202","1,720","31,922",322,58,46,133,"6,006,967","329,212","6,336,179","136,658","24,566","12,863","2,533"
Locality: 187 WARREN COUNTY,0302,302 - RIVERTON,"3,178",155,"3,333",43,7,2,11,"30,202","1,720","31,922",322,58,46,133,"6,006,967","329,212","6,336,179","136,658","24,566","12,863","2,533"
Locality: 187 WARREN COUNTY,0401,401 - EAST SHENANDOAH,"4,297",257,"4,554",55,13,5,11,"30,202","1,720","31,922",322,58,46,133,"6,006,967","329,212","6,336,179","136,658","24,566","12,863","2,533"
Locality: 187 WARREN COUNTY,0402,402 - WEST SHENANDOAH,"1,844",91,"1,935",23,5,1,11,"30,202","1,720","31,922",322,58,46,133,"6,006,967","329,212","6,336,179","136,658","24,566","12,863","2,533"
Locality: 187 WARREN COUNTY,0501,501 - SOUTH RIVER,"3,680",237,"3,917",34,5,11,11,"30,202","1,720","31,922",322,58,46,133,"6,006,967","329,212","6,336,179","136,658","24,566","12,863","2,533"
Locality: 187 WARREN COUNTY,0502,502 - BENTONVILLE,"1,192",43,"1,235",16,,2,11,"30,202","1,720","31,922",322,58,46,133,"6,006,967","329,212","6,336,179","136,658","24,566","12,863","2,533"
Locality: 187 WARREN COUNTY,0504,504 - BROWNTOWN,868,33,901,15,,2,11,"30,202","1,720","31,922",322,58,46,133,"6,006,967","329,212","6,336,179","136,658","24,566","12,863","2,533"
Locality: 191 WASHINGTON COUNTY,0101,101 - EAST ABINGDON,"3,418",177,"3,595",20,4,6,19,"39,427","1,339","40,766",294,42,32,133,"6,006,967","329,212","6,336,179","136,658","24,566","12,863","2,533"
Locality: 191 WASHINGTON COUNTY,0102,102 - WEST ABINGDON,"1,970",102,"2,072",14,6,2,19,"39,427","1,339","40,766",294,42,32,133,"6,006,967","329,212","6,336,179","136,658","24,566","12,863","2,533"
Locality: 191 WASHINGTON COUNTY,0201,201 - CLINCHBURG,"1,149",44,"1,193",8,1,,19,"39,427","1,339","40,766",294,42,32,133,"6,006,967","329,212","6,336,179","136,658","24,566","12,863","2,533"
Locality: 191 WASHINGTON COUNTY,0202,202 - GREENDALE,"2,057",56,"2,113",13,3,,19,"39,427","1,339","40,766",294,42,32,133,"6,006,967","329,212","6,336,179","136,658","24,566","12,863","2,533"
Locality: 191 WASHINGTON COUNTY,0203,203 - HAYTERS GAP,710,15,725,7,,2,19,"39,427","1,339","40,766",294,42,32,133,"6,006,967","329,212","6,336,179","136,658","24,566","12,863","2,533"
Locality: 191 WASHINGTON COUNTY,0204,204 WOODLAND HILLS,"1,691",45,"1,736",15,3,1,19,"39,427","1,339","40,766",294,42,32,133,"6,006,967","329,212","6,336,179","136,658","24,566","12,863","2,533"
Locality: 191 WASHINGTON COUNTY,0301,301 - WATAUGA,"3,014",74,"3,088",14,6,2,19,"39,427","1,339","40,766",294,42,32,133,"6,006,967","329,212","6,336,179","136,658","24,566","12,863","2,533"
Locality: 191 WASHINGTON COUNTY,0302,302 - SOUTH ABINGDON,"3,204",136,"3,340",25,10,6,19,"39,427","1,339","40,766",294,42,32,133,"6,006,967","329,212","6,336,179","136,658","24,566","12,863","2,533"
Locality: 191 WASHINGTON COUNTY,0401,401 - GLADE SPRING,"2,283",60,"2,343",14,2,,19,"39,427","1,339","40,766",294,42,32,133,"6,006,967","329,212","6,336,179","136,658","24,566","12,863","2,533"
Locality: 191 WASHINGTON COUNTY,0402,402 - MEADOWVIEW,"2,903",93,"2,996",19,,2,19,"39,427","1,339","40,766",294,42,32,133,"6,006,967","329,212","6,336,179","136,658","24,566","12,863","2,533"
Locality: 191 WASHINGTON COUNTY,0501,501 - RHEA VALLEY,"3,603",100,"3,703",43,2,2,19,"39,427","1,339","40,766",294,42,32,133,"6,006,967","329,212","6,336,179","136,658","24,566","12,863","2,533"
Locality: 191 WASHINGTON COUNTY,0502,502 - DAMASCUS,"1,611",47,"1,658",14,,3,19,"39,427","1,339","40,766",294,42,32,133,"6,006,967","329,212","6,336,179","136,658","24,566","12,863","2,533"
Locality: 191 WASHINGTON COUNTY,0504,504 - GREEN COVE,267,4,271,1,,,19,"39,427","1,339","40,766",294,42,32,133,"6,006,967","329,212","6,336,179","136,658","24,566","12,863","2,533"
Locality: 191 WASHINGTON COUNTY,0601,601 - BURSON PLACE,"3,092",108,"3,200",20,1,1,19,"39,427","1,339","40,766",294,42,32,133,"6,006,967","329,212","6,336,179","136,658","24,566","12,863","2,533"
Locality: 191 WASHINGTON COUNTY,0602,602 - MENDOTA,541,24,565,4,,,19,"39,427","1,339","40,766",294,42,32,133,"6,006,967","329,212","6,336,179","136,658","24,566","12,863","2,533"
Locality: 191 WASHINGTON COUNTY,0603,603 - VALLEY INSTITUTE,"2,185",66,"2,251",17,,2,19,"39,427","1,339","40,766",294,42,32,133,"6,006,967","329,212","6,336,179","136,658","24,566","12,863","2,533"
Locality: 191 WASHINGTON COUNTY,0701,701 - HIGH POINT,"2,300",63,"2,363",19,3,2,19,"39,427","1,339","40,766",294,42,32,133,"6,006,967","329,212","6,336,179","136,658","24,566","12,863","2,533"
Locality: 191 WASHINGTON COUNTY,0702,702 - WALLACE,885,22,907,9,,,19,"39,427","1,339","40,766",294,42,32,133,"6,006,967","329,212","6,336,179","136,658","24,566","12,863","2,533"
Locality: 191 WASHINGTON COUNTY,0703,703 - JOHN BATTLE,"2,544",103,"2,647",18,1,1,19,"39,427","1,339","40,766",294,42,32,133,"6,006,967","329,212","6,336,179","136,658","24,566","12,863","2,533"
Locality: 193 WESTMORELAND COUNTY,0101,101 - PRECINCT 1-1,"1,662",43,"1,705",19,6,,8,"14,734",469,"15,203",282,19,17,133,"6,006,967","329,212","6,336,179","136,658","24,566","12,863","2,533"
Locality: 193 WESTMORELAND COUNTY,0102,102 - PRECINCT 1-2,"1,053",20,"1,073",12,1,2,8,"14,734",469,"15,203",282,19,17,133,"6,006,967","329,212","6,336,179","136,658","24,566","12,863","2,533"
Locality: 193 WESTMORELAND COUNTY,0201,201 - PRECINCT 2-1,"1,980",49,"2,029",20,4,6,8,"14,734",469,"15,203",282,19,17,133,"6,006,967","329,212","6,336,179","136,658","24,566","12,863","2,533"
Locality: 193 WESTMORELAND COUNTY,0202,202 - PRECINCT 2-2,"1,093",29,"1,122",24,1,,8,"14,734",469,"15,203",282,19,17,133,"6,006,967","329,212","6,336,179","136,658","24,566","12,863","2,533"
Locality: 193 WESTMORELAND COUNTY,0301,301 - PRECINCT 3-1,"1,335",51,"1,386",24,,,8,"14,734",469,"15,203",282,19,17,133,"6,006,967","329,212","6,336,179","136,658","24,566","12,863","2,533"
Locality: 193 WESTMORELAND COUNTY,0302,302 - PRECINCT 3-2,"1,611",48,"1,659",35,2,1,8,"14,734",469,"15,203",282,19,17,133,"6,006,967","329,212","6,336,179","136,658","24,566","12,863","2,533"
Locality: 193 WESTMORELAND COUNTY,0401,401 - PRECINCT 4-1,"3,128",102,"3,230",75,1,,8,"14,734",469,"15,203",282,19,17,133,"6,006,967","329,212","6,336,179","136,658","24,566","12,863","2,533"
Locality: 193 WESTMORELAND COUNTY,0501,501 - PRECINCT 5-1,"2,872",127,"2,999",73,4,8,8,"14,734",469,"15,203",282,19,17,133,"6,006,967","329,212","6,336,179","136,658","24,566","12,863","2,533"
Locality: 195 WISE COUNTY,0101,101 - APPALACHIA,"1,526",46,"1,572",6,1,,12,"24,656",862,"25,518",169,13,3,133,"6,006,967","329,212","6,336,179","136,658","24,566","12,863","2,533"
Locality: 195 WISE COUNTY,0102,102 - DORCHESTER,956,31,987,4,,,12,"24,656",862,"25,518",169,13,3,133,"6,006,967","329,212","6,336,179","136,658","24,566","12,863","2,533"
Locality: 195 WISE COUNTY,0103,103 - GUEST RIVER VOTING PLACE,"1,013",32,"1,045",3,,,12,"24,656",862,"25,518",169,13,3,133,"6,006,967","329,212","6,336,179","136,658","24,566","12,863","2,533"
Locality: 195 WISE COUNTY,0104,104 - WEST POUND,"2,548",79,"2,627",17,,,12,"24,656",862,"25,518",169,13,3,133,"6,006,967","329,212","6,336,179","136,658","24,566","12,863","2,533"
Locality: 195 WISE COUNTY,0201,201 - NORTH COEBURN,"1,444",56,"1,500",12,,,12,"24,656",862,"25,518",169,13,3,133,"6,006,967","329,212","6,336,179","136,658","24,566","12,863","2,533"
Locality: 195 WISE COUNTY,0202,202 - WISE,"3,886",162,"4,048",32,6,2,12,"24,656",862,"25,518",169,13,3,133,"6,006,967","329,212","6,336,179","136,658","24,566","12,863","2,533"
Locality: 195 WISE COUNTY,0203,203 - EAST POUND,712,19,731,3,,,12,"24,656",862,"25,518",169,13,3,133,"6,006,967","329,212","6,336,179","136,658","24,566","12,863","2,533"
Locality: 195 WISE COUNTY,0301,301 - BIG STONE GAP,"3,128",120,"3,248",21,2,1,12,"24,656",862,"25,518",169,13,3,133,"6,006,967","329,212","6,336,179","136,658","24,566","12,863","2,533"
Locality: 195 WISE COUNTY,0302,302 - EAST STONE GAP,"2,994",103,"3,097",19,3,,12,"24,656",862,"25,518",169,13,3,133,"6,006,967","329,212","6,336,179","136,658","24,566","12,863","2,533"
Locality: 195 WISE COUNTY,0401,401 - CLINCH VALLEY,"2,549",74,"2,623",21,1,,12,"24,656",862,"25,518",169,13,3,133,"6,006,967","329,212","6,336,179","136,658","24,566","12,863","2,533"
Locality: 195 WISE COUNTY,0402,402 - SOUTH COEBURN,"2,935",108,"3,043",26,,,12,"24,656",862,"25,518",169,13,3,133,"6,006,967","329,212","6,336,179","136,658","24,566","12,863","2,533"
Locality: 195 WISE COUNTY,0403,403 - ST PAUL,965,32,997,5,,,12,"24,656",862,"25,518",169,13,3,133,"6,006,967","329,212","6,336,179","136,658","24,566","12,863","2,533"
Locality: 197 WYTHE COUNTY,0101,101 - ROYAL OAK,852,18,870,8,,,11,"21,094",646,"21,740",174,11,10,133,"6,006,967","329,212","6,336,179","136,658","24,566","12,863","2,533"
Locality: 197 WYTHE COUNTY,0102,102 - RURAL RETREAT,"2,724",62,"2,786",20,,2,11,"21,094",646,"21,740",174,11,10,133,"6,006,967","329,212","6,336,179","136,658","24,566","12,863","2,533"
Locality: 197 WYTHE COUNTY,0203,203 - WEST WYTHEVILLE,"3,511",151,"3,662",34,2,4,11,"21,094",646,"21,740",174,11,10,133,"6,006,967","329,212","6,336,179","136,658","24,566","12,863","2,533"
Locality: 197 WYTHE COUNTY,0303,303 - EAST WYTHEVILLE,"3,589",148,"3,737",39,4,4,11,"21,094",646,"21,740",174,11,10,133,"6,006,967","329,212","6,336,179","136,658","24,566","12,863","2,533"
Locality: 197 WYTHE COUNTY,0401,401 - FORT CHISWELL,"1,713",36,"1,749",8,,,11,"21,094",646,"21,740",174,11,10,133,"6,006,967","329,212","6,336,179","136,658","24,566","12,863","2,533"
Locality: 197 WYTHE COUNTY,0402,402 - MAX MEADOWS,"1,883",44,"1,927",13,2,,11,"21,094",646,"21,740",174,11,10,133,"6,006,967","329,212","6,336,179","136,658","24,566","12,863","2,533"
Locality: 197 WYTHE COUNTY,0501,501 - JACKSON MEMORIAL,"1,420",42,"1,462",13,,,11,"21,094",646,"21,740",174,11,10,133,"6,006,967","329,212","6,336,179","136,658","24,566","12,863","2,533"
Locality: 197 WYTHE COUNTY,0502,502 - SHEFFEY,"1,945",40,"1,985",15,2,,11,"21,094",646,"21,740",174,11,10,133,"6,006,967","329,212","6,336,179","136,658","24,566","12,863","2,533"
Locality: 197 WYTHE COUNTY,0601,601 - HUDDLE,896,10,906,4,1,,11,"21,094",646,"21,740",174,11,10,133,"6,006,967","329,212","6,336,179","136,658","24,566","12,863","2,533"
Locality: 197 WYTHE COUNTY,0602,602 - ZION,"1,471",62,"1,533",13,,,11,"21,094",646,"21,740",174,11,10,133,"6,006,967","329,212","6,336,179","136,658","24,566","12,863","2,533"
Locality: 197 WYTHE COUNTY,0603,603   EVERGREEN,"1,090",33,"1,123",7,,,11,"21,094",646,"21,740",174,11,10,133,"6,006,967","329,212","6,336,179","136,658","24,566","12,863","2,533"
Locality: 199 YORK COUNTY,0101,101 - QUEENS LAKE,"2,577",112,"2,689",152,30,6,13,"50,929","2,262","53,191","3,507",228,70,133,"6,006,967","329,212","6,336,179","136,658","24,566","12,863","2,533"
Locality: 199 YORK COUNTY,0102,102 - WALLER MILL,"4,919",306,"5,225",217,31,11,13,"50,929","2,262","53,191","3,507",228,70,133,"6,006,967","329,212","6,336,179","136,658","24,566","12,863","2,533"
Locality: 199 YORK COUNTY,0103,103 - MAGRUDER,"5,126",257,"5,383",434,10,4,13,"50,929","2,262","53,191","3,507",228,70,133,"6,006,967","329,212","6,336,179","136,658","24,566","12,863","2,533"
Locality: 199 YORK COUNTY,0201,201 - COVENTRY,"4,787",261,"5,048",731,22,6,13,"50,929","2,262","53,191","3,507",228,70,133,"6,006,967","329,212","6,336,179","136,658","24,566","12,863","2,533"
Locality: 199 YORK COUNTY,0202,202 - KILN CREEK,"3,596",184,"3,780",227,16,2,13,"50,929","2,262","53,191","3,507",228,70,133,"6,006,967","329,212","6,336,179","136,658","24,566","12,863","2,533"
Locality: 199 YORK COUNTY,0301,301 - SEAFORD,"4,135",111,"4,246",127,12,3,13,"50,929","2,262","53,191","3,507",228,70,133,"6,006,967","329,212","6,336,179","136,658","24,566","12,863","2,533"
Locality: 199 YORK COUNTY,0302,302 - YORKTOWN,"2,193",64,"2,257",114,9,9,13,"50,929","2,262","53,191","3,507",228,70,133,"6,006,967","329,212","6,336,179","136,658","24,566","12,863","2,533"
Locality: 199 YORK COUNTY,0303,303 - EDGEHILL,"3,649",164,"3,813",274,18,8,13,"50,929","2,262","53,191","3,507",228,70,133,"6,006,967","329,212","6,336,179","136,658","24,566","12,863","2,533"
Locality: 199 YORK COUNTY,0401,401 - HARWOODS MILL,"3,952",90,"4,042",144,14,5,13,"50,929","2,262","53,191","3,507",228,70,133,"6,006,967","329,212","6,336,179","136,658","24,566","12,863","2,533"
Locality: 199 YORK COUNTY,0402,402 - DARE,"4,212",171,"4,383",203,22,5,13,"50,929","2,262","53,191","3,507",228,70,133,"6,006,967","329,212","6,336,179","136,658","24,566","12,863","2,533"
Locality: 199 YORK COUNTY,0403,403 - GRAFTON,"2,939",121,"3,060",148,10,1,13,"50,929","2,262","53,191","3,507",228,70,133,"6,006,967","329,212","6,336,179","136,658","24,566","12,863","2,533"
Locality: 199 YORK COUNTY,0501,501 - TABB,"4,185",152,"4,337",243,15,5,13,"50,929","2,262","53,191","3,507",228,70,133,"6,006,967","329,212","6,336,179","136,658","24,566","12,863","2,533"
Locality: 199 YORK COUNTY,0502,502 - BETHEL,"4,659",269,"4,928",493,19,5,13,"50,929","2,262","53,191","3,507",228,70,133,"6,006,967","329,212","6,336,179","136,658","24,566","12,863","2,533"
Locality: 510 ALEXANDRIA CITY,0101,101 - OLD TOWN NORTH,"3,516",420,"3,936",32,49,29,32,"100,793","14,204","114,997","1,239","1,442",819,133,"6,006,967","329,212","6,336,179","136,658","24,566","12,863","2,533"
Locality: 510 ALEXANDRIA CITY,0102,102 - CITY HALL,"2,983",203,"3,186",27,69,45,32,"100,793","14,204","114,997","1,239","1,442",819,133,"6,006,967","329,212","6,336,179","136,658","24,566","12,863","2,533"
Locality: 510 ALEXANDRIA CITY,0103,103 - LYLES CROUCH SCHOOL,"3,569",480,"4,049",52,62,65,32,"100,793","14,204","114,997","1,239","1,442",819,133,"6,006,967","329,212","6,336,179","136,658","24,566","12,863","2,533"
Locality: 510 ALEXANDRIA CITY,0104,104 - DURANT CENTER,"3,024",356,"3,380",37,74,34,32,"100,793","14,204","114,997","1,239","1,442",819,133,"6,006,967","329,212","6,336,179","136,658","24,566","12,863","2,533"
Locality: 510 ALEXANDRIA CITY,0105,105 - LEE CENTER,"2,682",466,"3,148",48,58,17,32,"100,793","14,204","114,997","1,239","1,442",819,133,"6,006,967","329,212","6,336,179","136,658","24,566","12,863","2,533"
Locality: 510 ALEXANDRIA CITY,0106,106 - CORA KELLY,"4,245",611,"4,856",49,56,21,32,"100,793","14,204","114,997","1,239","1,442",819,133,"6,006,967","329,212","6,336,179","136,658","24,566","12,863","2,533"
Locality: 510 ALEXANDRIA CITY,0107,107 - MT VERNON RECREATION CENTER,"4,509",433,"4,942",65,97,44,32,"100,793","14,204","114,997","1,239","1,442",819,133,"6,006,967","329,212","6,336,179","136,658","24,566","12,863","2,533"
Locality: 510 ALEXANDRIA CITY,0108,108 - GEORGE WASHINGTON MIDDLE SCH,"4,106",468,"4,574",48,74,37,32,"100,793","14,204","114,997","1,239","1,442",819,133,"6,006,967","329,212","6,336,179","136,658","24,566","12,863","2,533"
Locality: 510 ALEXANDRIA CITY,0109,109 - FIRE DEPARTMENT HEADQUARTERS,"2,561",255,"2,816",51,72,23,32,"100,793","14,204","114,997","1,239","1,442",819,133,"6,006,967","329,212","6,336,179","136,658","24,566","12,863","2,533"
Locality: 510 ALEXANDRIA CITY,0110,110 - CHARLES HOUSTON CENTER,"4,279",754,"5,033",68,57,29,32,"100,793","14,204","114,997","1,239","1,442",819,133,"6,006,967","329,212","6,336,179","136,658","24,566","12,863","2,533"
Locality: 510 ALEXANDRIA CITY,0111,111 - POTOMAC YARD,"1,931",360,"2,291",29,18,8,32,"100,793","14,204","114,997","1,239","1,442",819,133,"6,006,967","329,212","6,336,179","136,658","24,566","12,863","2,533"
Locality: 510 ALEXANDRIA CITY,0201,201 - NAOMI L. BROOKS SCHOOL,"2,576",125,"2,701",23,49,29,32,"100,793","14,204","114,997","1,239","1,442",819,133,"6,006,967","329,212","6,336,179","136,658","24,566","12,863","2,533"
Locality: 510 ALEXANDRIA CITY,0202,202 - TRINITY,"2,891",127,"3,018",23,32,25,32,"100,793","14,204","114,997","1,239","1,442",819,133,"6,006,967","329,212","6,336,179","136,658","24,566","12,863","2,533"
Locality: 510 ALEXANDRIA CITY,0203,203 - CHARLES BARRETT CENTER,"2,739",217,"2,956",24,44,37,32,"100,793","14,204","114,997","1,239","1,442",819,133,"6,006,967","329,212","6,336,179","136,658","24,566","12,863","2,533"
Locality: 510 ALEXANDRIA CITY,0204,204 - BLESSED SACRAMENT CHURCH,"2,993",168,"3,161",31,54,24,32,"100,793","14,204","114,997","1,239","1,442",819,133,"6,006,967","329,212","6,336,179","136,658","24,566","12,863","2,533"
Locality: 510 ALEXANDRIA CITY,0205,205 - DOUGLAS MACARTHUR SCHOOL,"3,821",472,"4,293",45,71,32,32,"100,793","14,204","114,997","1,239","1,442",819,133,"6,006,967","329,212","6,336,179","136,658","24,566","12,863","2,533"
Locality: 510 ALEXANDRIA CITY,0206,206 - ALEXANDRIA CITY HIGH SCHOOL,"3,141",478,"3,619",28,42,26,32,"100,793","14,204","114,997","1,239","1,442",819,133,"6,006,967","329,212","6,336,179","136,658","24,566","12,863","2,533"
Locality: 510 ALEXANDRIA CITY,0207,207 - BETH EL HEBREW CONGREGATION,"4,015",250,"4,265",48,46,25,32,"100,793","14,204","114,997","1,239","1,442",819,133,"6,006,967","329,212","6,336,179","136,658","24,566","12,863","2,533"
Locality: 510 ALEXANDRIA CITY,0208,208 - NOVA ARTS CENTER,"2,884",574,"3,458",43,32,6,32,"100,793","14,204","114,997","1,239","1,442",819,133,"6,006,967","329,212","6,336,179","136,658","24,566","12,863","2,533"
Locality: 510 ALEXANDRIA CITY,0209,209 - JAMES K POLK SCHOOL,"3,923",548,"4,471",28,45,27,32,"100,793","14,204","114,997","1,239","1,442",819,133,"6,006,967","329,212","6,336,179","136,658","24,566","12,863","2,533"
Locality: 510 ALEXANDRIA CITY,0210,210 - F.T. DAY SCHOOL,"2,186",530,"2,716",31,28,21,32,"100,793","14,204","114,997","1,239","1,442",819,133,"6,006,967","329,212","6,336,179","136,658","24,566","12,863","2,533"
Locality: 510 ALEXANDRIA CITY,0211,211 - ALEX RENEW,"3,470",676,"4,146",65,40,20,32,"100,793","14,204","114,997","1,239","1,442",819,133,"6,006,967","329,212","6,336,179","136,658","24,566","12,863","2,533"
Locality: 510 ALEXANDRIA CITY,0212,212 - THE VIEW ALEXANDRIA,"1,778",266,"2,044",13,7,7,32,"100,793","14,204","114,997","1,239","1,442",819,133,"6,006,967","329,212","6,336,179","136,658","24,566","12,863","2,533"
Locality: 510 ALEXANDRIA CITY,0302,302 - PATRICK HENRY REC CENTER,"3,167",548,"3,715",42,26,23,32,"100,793","14,204","114,997","1,239","1,442",819,133,"6,006,967","329,212","6,336,179","136,658","24,566","12,863","2,533"
Locality: 510 ALEXANDRIA CITY,0303,303 - CHARLES E BEATLEY LIBRARY,"3,002",552,"3,554",23,23,15,32,"100,793","14,204","114,997","1,239","1,442",819,133,"6,006,967","329,212","6,336,179","136,658","24,566","12,863","2,533"
Locality: 510 ALEXANDRIA CITY,0304,304 - TUCKER SCHOOL,"3,449",878,"4,327",52,33,21,32,"100,793","14,204","114,997","1,239","1,442",819,133,"6,006,967","329,212","6,336,179","136,658","24,566","12,863","2,533"
Locality: 510 ALEXANDRIA CITY,0305,305 - JOHN ADAMS SCHOOL,"2,902",578,"3,480",27,23,22,32,"100,793","14,204","114,997","1,239","1,442",819,133,"6,006,967","329,212","6,336,179","136,658","24,566","12,863","2,533"
Locality: 510 ALEXANDRIA CITY,0306,306 - WILLIAM RAMSAY SCHOOL,"2,759",266,"3,025",24,24,25,32,"100,793","14,204","114,997","1,239","1,442",819,133,"6,006,967","329,212","6,336,179","136,658","24,566","12,863","2,533"
Locality: 510 ALEXANDRIA CITY,0307,307 - TUCKER WEST,"3,295",477,"3,772",31,29,23,32,"100,793","14,204","114,997","1,239","1,442",819,133,"6,006,967","329,212","6,336,179","136,658","24,566","12,863","2,533"
Locality: 510 ALEXANDRIA CITY,0308,308 - CAMERON STATION COMMUNITY CTR,"3,568",466,"4,034",81,68,27,32,"100,793","14,204","114,997","1,239","1,442",819,133,"6,006,967","329,212","6,336,179","136,658","24,566","12,863","2,533"
Locality: 510 ALEXANDRIA CITY,0309,309 - OLYMPUS CONDO,"2,411",432,"2,843",26,28,18,32,"100,793","14,204","114,997","1,239","1,442",819,133,"6,006,967","329,212","6,336,179","136,658","24,566","12,863","2,533"
Locality: 510 ALEXANDRIA CITY,0310,310 - DEL PEPPER CENTER,"2,418",770,"3,188",25,12,14,32,"100,793","14,204","114,997","1,239","1,442",819,133,"6,006,967","329,212","6,336,179","136,658","24,566","12,863","2,533"
Locality: 520 BRISTOL CITY,0001,001 - FIRST PRECINCT,"2,468",143,"2,611",22,3,2,5,"11,425",675,"12,100",113,13,10,133,"6,006,967","329,212","6,336,179","136,658","24,566","12,863","2,533"
Locality: 520 BRISTOL CITY,0002,002 - SECOND PRECINCT,"2,633",169,"2,802",27,4,2,5,"11,425",675,"12,100",113,13,10,133,"6,006,967","329,212","6,336,179","136,658","24,566","12,863","2,533"
Locality: 520 BRISTOL CITY,0003,003 - THIRD PRECINCT,"2,398",134,"2,532",26,3,5,5,"11,425",675,"12,100",113,13,10,133,"6,006,967","329,212","6,336,179","136,658","24,566","12,863","2,533"
Locality: 520 BRISTOL CITY,0004,004 - FOURTH PRECINCT,"2,545",145,"2,690",25,2,,5,"11,425",675,"12,100",113,13,10,133,"6,006,967","329,212","6,336,179","136,658","24,566","12,863","2,533"
Locality: 520 BRISTOL CITY,0005,005 - FIFTH PRECINCT,"1,381",84,"1,465",13,1,1,5,"11,425",675,"12,100",113,13,10,133,"6,006,967","329,212","6,336,179","136,658","24,566","12,863","2,533"
Locality: 530 BUENA VISTA CITY,0001,001 - FIRST WARD,"2,223",98,"2,321",11,3,,2,"4,193",366,"4,559",29,9,1,133,"6,006,967","329,212","6,336,179","136,658","24,566","12,863","2,533"
Locality: 530 BUENA VISTA CITY,0002,002 - SECOND WARD,"1,970",268,"2,238",18,6,1,2,"4,193",366,"4,559",29,9,1,133,"6,006,967","329,212","6,336,179","136,658","24,566","12,863","2,533"
Locality: 540 CHARLOTTESVILLE CITY,0101,101 - Key Recreation,"4,319",303,"4,622",37,71,36,9,"32,761","2,283","35,044",246,369,251,133,"6,006,967","329,212","6,336,179","136,658","24,566","12,863","2,533"
Locality: 540 CHARLOTTESVILLE CITY,0102,102 - SUMMIT,"4,032",224,"4,256",30,34,21,9,"32,761","2,283","35,044",246,369,251,133,"6,006,967","329,212","6,336,179","136,658","24,566","12,863","2,533"
Locality: 540 CHARLOTTESVILLE CITY,0201,201 - CARVER,"3,219",249,"3,468",19,45,20,9,"32,761","2,283","35,044",246,369,251,133,"6,006,967","329,212","6,336,179","136,658","24,566","12,863","2,533"
Locality: 540 CHARLOTTESVILLE CITY,0202,202 - TRAILBLAZER,"3,900",276,"4,176",21,37,40,9,"32,761","2,283","35,044",246,369,251,133,"6,006,967","329,212","6,336,179","136,658","24,566","12,863","2,533"
Locality: 540 CHARLOTTESVILLE CITY,0301,301 - JACKSON-VIA,"3,760",275,"4,035",40,32,12,9,"32,761","2,283","35,044",246,369,251,133,"6,006,967","329,212","6,336,179","136,658","24,566","12,863","2,533"
Locality: 540 CHARLOTTESVILLE CITY,0302,302 - JOHNSON,"3,385",297,"3,682",27,46,30,9,"32,761","2,283","35,044",246,369,251,133,"6,006,967","329,212","6,336,179","136,658","24,566","12,863","2,533"
Locality: 540 CHARLOTTESVILLE CITY,0303,303 - BUFORD,"3,255",286,"3,541",25,33,15,9,"32,761","2,283","35,044",246,369,251,133,"6,006,967","329,212","6,336,179","136,658","24,566","12,863","2,533"
Locality: 540 CHARLOTTESVILLE CITY,0401,401 - CHARLOTTESVILLE HIGH SCHOOL,"3,829",153,"3,982",31,40,37,9,"32,761","2,283","35,044",246,369,251,133,"6,006,967","329,212","6,336,179","136,658","24,566","12,863","2,533"
Locality: 540 CHARLOTTESVILLE CITY,0402,402 - WALKER,"3,062",220,"3,282",16,31,40,9,"32,761","2,283","35,044",246,369,251,133,"6,006,967","329,212","6,336,179","136,658","24,566","12,863","2,533"
Locality: 550 CHESAPEAKE CITY,0001,001 - GREAT BRIDGE,"2,880",122,"3,002",167,9,,64,"175,873","8,646","184,519","12,655",497,64,133,"6,006,967","329,212","6,336,179","136,658","24,566","12,863","2,533"
Locality: 550 CHESAPEAKE CITY,0002,002 - BETHEL,"2,900",132,"3,032",281,7,,64,"175,873","8,646","184,519","12,655",497,64,133,"6,006,967","329,212","6,336,179","136,658","24,566","12,863","2,533"
Locality: 550 CHESAPEAKE CITY,0003,003 - CAMELOT,"2,470",111,"2,581",138,4,1,64,"175,873","8,646","184,519","12,655",497,64,133,"6,006,967","329,212","6,336,179","136,658","24,566","12,863","2,533"
Locality: 550 CHESAPEAKE CITY,0004,004 - CHURCHLAND,"2,620",99,"2,719",121,11,1,64,"175,873","8,646","184,519","12,655",497,64,133,"6,006,967","329,212","6,336,179","136,658","24,566","12,863","2,533"
Locality: 550 CHESAPEAKE CITY,0005,005 - CRESTWOOD,"2,673",125,"2,798",186,8,2,64,"175,873","8,646","184,519","12,655",497,64,133,"6,006,967","329,212","6,336,179","136,658","24,566","12,863","2,533"
Locality: 550 CHESAPEAKE CITY,0006,006 - DEEP CREEK,"2,660",142,"2,802",251,4,,64,"175,873","8,646","184,519","12,655",497,64,133,"6,006,967","329,212","6,336,179","136,658","24,566","12,863","2,533"
Locality: 550 CHESAPEAKE CITY,0007,007 - GREENBRIER,"2,655",100,"2,755",168,14,,64,"175,873","8,646","184,519","12,655",497,64,133,"6,006,967","329,212","6,336,179","136,658","24,566","12,863","2,533"
Locality: 550 CHESAPEAKE CITY,0008,008 - SOUTH NORFOLK RECREATION,"3,528",200,"3,728",282,7,,64,"175,873","8,646","184,519","12,655",497,64,133,"6,006,967","329,212","6,336,179","136,658","24,566","12,863","2,533"
Locality: 550 CHESAPEAKE CITY,0009,009 - BELLS MILL,"4,081",166,"4,247",334,13,4,64,"175,873","8,646","184,519","12,655",497,64,133,"6,006,967","329,212","6,336,179","136,658","24,566","12,863","2,533"
Locality: 550 CHESAPEAKE CITY,0010,010 - OSCAR SMITH,"1,619",90,"1,709",105,6,,64,"175,873","8,646","184,519","12,655",497,64,133,"6,006,967","329,212","6,336,179","136,658","24,566","12,863","2,533"
Locality: 550 CHESAPEAKE CITY,0011,011 - GENEVA PARK,"2,676",198,"2,874",147,4,,64,"175,873","8,646","184,519","12,655",497,64,133,"6,006,967","329,212","6,336,179","136,658","24,566","12,863","2,533"
Locality: 550 CHESAPEAKE CITY,0012,012 - GEORGETOWN,"2,408",83,"2,491",119,3,,64,"175,873","8,646","184,519","12,655",497,64,133,"6,006,967","329,212","6,336,179","136,658","24,566","12,863","2,533"
Locality: 550 CHESAPEAKE CITY,0013,013 - GILMERTON,"2,528",108,"2,636",180,4,1,64,"175,873","8,646","184,519","12,655",497,64,133,"6,006,967","329,212","6,336,179","136,658","24,566","12,863","2,533"
Locality: 550 CHESAPEAKE CITY,0014,014 - GRASSFIELD,"4,420",189,"4,609",388,31,3,64,"175,873","8,646","184,519","12,655",497,64,133,"6,006,967","329,212","6,336,179","136,658","24,566","12,863","2,533"
Locality: 550 CHESAPEAKE CITY,0015,015 - GREENBRIER MIDDLE SCHOOL,"3,841",295,"4,136",270,12,2,64,"175,873","8,646","184,519","12,655",497,64,133,"6,006,967","329,212","6,336,179","136,658","24,566","12,863","2,533"
Locality: 550 CHESAPEAKE CITY,0016,016 - HICKORY GROVE,"3,081",112,"3,193",176,3,3,64,"175,873","8,646","184,519","12,655",497,64,133,"6,006,967","329,212","6,336,179","136,658","24,566","12,863","2,533"
Locality: 550 CHESAPEAKE CITY,0017,017 - INDIAN CREEK,"2,251",81,"2,332",164,7,,64,"175,873","8,646","184,519","12,655",497,64,133,"6,006,967","329,212","6,336,179","136,658","24,566","12,863","2,533"
Locality: 550 CHESAPEAKE CITY,0018,018 - INDIAN RIVER,"2,713",161,"2,874",210,3,,64,"175,873","8,646","184,519","12,655",497,64,133,"6,006,967","329,212","6,336,179","136,658","24,566","12,863","2,533"
Locality: 550 CHESAPEAKE CITY,0019,019 - JOLLIFF,"1,825",61,"1,886",142,4,,64,"175,873","8,646","184,519","12,655",497,64,133,"6,006,967","329,212","6,336,179","136,658","24,566","12,863","2,533"
Locality: 550 CHESAPEAKE CITY,0020,020 - E W CHITTUM,"2,989",78,"3,067",176,10,1,64,"175,873","8,646","184,519","12,655",497,64,133,"6,006,967","329,212","6,336,179","136,658","24,566","12,863","2,533"
Locality: 550 CHESAPEAKE CITY,0021,021 - FELLOWSHIP,"3,214",132,"3,346",193,7,1,64,"175,873","8,646","184,519","12,655",497,64,133,"6,006,967","329,212","6,336,179","136,658","24,566","12,863","2,533"
Locality: 550 CHESAPEAKE CITY,0022,022 - NORFOLK HIGHLANDS,"2,062",121,"2,183",147,5,,64,"175,873","8,646","184,519","12,655",497,64,133,"6,006,967","329,212","6,336,179","136,658","24,566","12,863","2,533"
Locality: 550 CHESAPEAKE CITY,0023,023 - OAK GROVE,"3,191",187,"3,378",180,21,2,64,"175,873","8,646","184,519","12,655",497,64,133,"6,006,967","329,212","6,336,179","136,658","24,566","12,863","2,533"
Locality: 550 CHESAPEAKE CITY,0024,024 - OAKLETTE,"3,004",198,"3,202",183,5,2,64,"175,873","8,646","184,519","12,655",497,64,133,"6,006,967","329,212","6,336,179","136,658","24,566","12,863","2,533"
Locality: 550 CHESAPEAKE CITY,0025,025 - ST JULIANS,"2,571",147,"2,718",139,2,1,64,"175,873","8,646","184,519","12,655",497,64,133,"6,006,967","329,212","6,336,179","136,658","24,566","12,863","2,533"
Locality: 550 CHESAPEAKE CITY,0026,026 - JOHNSON PARK,"1,580",198,"1,778",119,3,,64,"175,873","8,646","184,519","12,655",497,64,133,"6,006,967","329,212","6,336,179","136,658","24,566","12,863","2,533"
Locality: 550 CHESAPEAKE CITY,0027,027 - SILVERWOOD,"2,726",138,"2,864",164,10,3,64,"175,873","8,646","184,519","12,655",497,64,133,"6,006,967","329,212","6,336,179","136,658","24,566","12,863","2,533"
Locality: 550 CHESAPEAKE CITY,0028,028 - SUNRAY I,550,37,587,51,1,,64,"175,873","8,646","184,519","12,655",497,64,133,"6,006,967","329,212","6,336,179","136,658","24,566","12,863","2,533"
Locality: 550 CHESAPEAKE CITY,0029,029 - TANGLEWOOD,"2,371",97,"2,468",172,3,1,64,"175,873","8,646","184,519","12,655",497,64,133,"6,006,967","329,212","6,336,179","136,658","24,566","12,863","2,533"
Locality: 550 CHESAPEAKE CITY,0030,030 - SOUTH NORFOLK,"1,476",98,"1,574",91,3,,64,"175,873","8,646","184,519","12,655",497,64,133,"6,006,967","329,212","6,336,179","136,658","24,566","12,863","2,533"
Locality: 550 CHESAPEAKE CITY,0031,031 - CARVER SCHOOL,"3,635",226,"3,861",173,3,,64,"175,873","8,646","184,519","12,655",497,64,133,"6,006,967","329,212","6,336,179","136,658","24,566","12,863","2,533"
Locality: 550 CHESAPEAKE CITY,0032,032 - PROVIDENCE,"3,902",247,"4,149",191,3,,64,"175,873","8,646","184,519","12,655",497,64,133,"6,006,967","329,212","6,336,179","136,658","24,566","12,863","2,533"
Locality: 550 CHESAPEAKE CITY,0033,033 - WESTOVER,"1,735",104,"1,839",95,6,2,64,"175,873","8,646","184,519","12,655",497,64,133,"6,006,967","329,212","6,336,179","136,658","24,566","12,863","2,533"
Locality: 550 CHESAPEAKE CITY,0034,034 - HICKORY MIDDLE SCHOOL,"3,894",187,"4,081",266,19,2,64,"175,873","8,646","184,519","12,655",497,64,133,"6,006,967","329,212","6,336,179","136,658","24,566","12,863","2,533"
Locality: 550 CHESAPEAKE CITY,0035,035 - TAYLOR ROAD,"2,068",137,"2,205",116,3,,64,"175,873","8,646","184,519","12,655",497,64,133,"6,006,967","329,212","6,336,179","136,658","24,566","12,863","2,533"
Locality: 550 CHESAPEAKE CITY,0036,036 - GREAT BRIDGE BAPTIST CHURCH,"2,946",142,"3,088",169,13,,64,"175,873","8,646","184,519","12,655",497,64,133,"6,006,967","329,212","6,336,179","136,658","24,566","12,863","2,533"
Locality: 550 CHESAPEAKE CITY,0037,037 - BRIDGETOWN,"3,237",140,"3,377",239,11,3,64,"175,873","8,646","184,519","12,655",497,64,133,"6,006,967","329,212","6,336,179","136,658","24,566","12,863","2,533"
Locality: 550 CHESAPEAKE CITY,0038,038 - BAILEY CREEK,"2,417",64,"2,481",129,8,,64,"175,873","8,646","184,519","12,655",497,64,133,"6,006,967","329,212","6,336,179","136,658","24,566","12,863","2,533"
Locality: 550 CHESAPEAKE CITY,0039,039 - LAKE DRUMMOND,"2,353",91,"2,444",169,5,1,64,"175,873","8,646","184,519","12,655",497,64,133,"6,006,967","329,212","6,336,179","136,658","24,566","12,863","2,533"
Locality: 550 CHESAPEAKE CITY,0041,041 - JOHN T WEST,"4,677",204,"4,881",489,13,1,64,"175,873","8,646","184,519","12,655",497,64,133,"6,006,967","329,212","6,336,179","136,658","24,566","12,863","2,533"
Locality: 550 CHESAPEAKE CITY,0042,042 - PARKWAYS,"2,761",124,"2,885",160,6,1,64,"175,873","8,646","184,519","12,655",497,64,133,"6,006,967","329,212","6,336,179","136,658","24,566","12,863","2,533"
Locality: 550 CHESAPEAKE CITY,0043,043 - PLEASANT CROSSING,"2,598",65,"2,663",128,3,1,64,"175,873","8,646","184,519","12,655",497,64,133,"6,006,967","329,212","6,336,179","136,658","24,566","12,863","2,533"
Locality: 550 CHESAPEAKE CITY,0044,044 - NANSEMOND,"2,646",148,"2,794",225,6,1,64,"175,873","8,646","184,519","12,655",497,64,133,"6,006,967","329,212","6,336,179","136,658","24,566","12,863","2,533"
Locality: 550 CHESAPEAKE CITY,0045,045 - SUNRAY II,801,47,848,58,5,,64,"175,873","8,646","184,519","12,655",497,64,133,"6,006,967","329,212","6,336,179","136,658","24,566","12,863","2,533"
Locality: 550 CHESAPEAKE CITY,0046,046 - BELLS MILL II,"2,577",111,"2,688",226,6,1,64,"175,873","8,646","184,519","12,655",497,64,133,"6,006,967","329,212","6,336,179","136,658","24,566","12,863","2,533"
Locality: 550 CHESAPEAKE CITY,0048,048 - JOLLIFF MIDDLE SCHOOL,"3,898",208,"4,106",281,8,1,64,"175,873","8,646","184,519","12,655",497,64,133,"6,006,967","329,212","6,336,179","136,658","24,566","12,863","2,533"
Locality: 550 CHESAPEAKE CITY,0049,049 - WATERWAY,"3,098",121,"3,219",281,18,1,64,"175,873","8,646","184,519","12,655",497,64,133,"6,006,967","329,212","6,336,179","136,658","24,566","12,863","2,533"
Locality: 550 CHESAPEAKE CITY,0050,050 - RIVER WALK,"2,921",118,"3,039",220,14,2,64,"175,873","8,646","184,519","12,655",497,64,133,"6,006,967","329,212","6,336,179","136,658","24,566","12,863","2,533"
Locality: 550 CHESAPEAKE CITY,0051,051 - COOPERS WAY,"4,784",220,"5,004",398,17,2,64,"175,873","8,646","184,519","12,655",497,64,133,"6,006,967","329,212","6,336,179","136,658","24,566","12,863","2,533"
Locality: 550 CHESAPEAKE CITY,0052,052 - SHIPYARD ROAD,"2,806",110,"2,916",385,3,2,64,"175,873","8,646","184,519","12,655",497,64,133,"6,006,967","329,212","6,336,179","136,658","24,566","12,863","2,533"
Locality: 550 CHESAPEAKE CITY,0053,053 - FAIRWAYS,"2,770",118,"2,888",176,6,1,64,"175,873","8,646","184,519","12,655",497,64,133,"6,006,967","329,212","6,336,179","136,658","24,566","12,863","2,533"
Locality: 550 CHESAPEAKE CITY,0054,054 - PUGHSVILLE,"2,871",140,"3,011",195,4,1,64,"175,873","8,646","184,519","12,655",497,64,133,"6,006,967","329,212","6,336,179","136,658","24,566","12,863","2,533"
Locality: 550 CHESAPEAKE CITY,0055,055 - GEORGETOWN EAST,"1,807",71,"1,878",92,5,,64,"175,873","8,646","184,519","12,655",497,64,133,"6,006,967","329,212","6,336,179","136,658","24,566","12,863","2,533"
Locality: 550 CHESAPEAKE CITY,0056,056 - GREEN TREE,"2,588",181,"2,769",163,9,,64,"175,873","8,646","184,519","12,655",497,64,133,"6,006,967","329,212","6,336,179","136,658","24,566","12,863","2,533"
Locality: 550 CHESAPEAKE CITY,0057,057 - CYPRESS,"2,944",276,"3,220",265,4,2,64,"175,873","8,646","184,519","12,655",497,64,133,"6,006,967","329,212","6,336,179","136,658","24,566","12,863","2,533"
Locality: 550 CHESAPEAKE CITY,0058,058 - EXPRESSWAY,"1,152",55,"1,207",41,2,,64,"175,873","8,646","184,519","12,655",497,64,133,"6,006,967","329,212","6,336,179","136,658","24,566","12,863","2,533"
Locality: 550 CHESAPEAKE CITY,0059,059 - CLEARFIELD,"2,653",103,"2,756",199,6,2,64,"175,873","8,646","184,519","12,655",497,64,133,"6,006,967","329,212","6,336,179","136,658","24,566","12,863","2,533"
Locality: 550 CHESAPEAKE CITY,0060,060 - PARKER ROAD,"2,974",95,"3,069",262,21,2,64,"175,873","8,646","184,519","12,655",497,64,133,"6,006,967","329,212","6,336,179","136,658","24,566","12,863","2,533"
Locality: 550 CHESAPEAKE CITY,0061,061 - CENTERVILLE,"3,526",122,"3,648",258,10,,64,"175,873","8,646","184,519","12,655",497,64,133,"6,006,967","329,212","6,336,179","136,658","24,566","12,863","2,533"
Locality: 550 CHESAPEAKE CITY,0062,062 - FENTRESS,"2,772",100,"2,872",171,4,,64,"175,873","8,646","184,519","12,655",497,64,133,"6,006,967","329,212","6,336,179","136,658","24,566","12,863","2,533"
Locality: 550 CHESAPEAKE CITY,0063,063 - POPLAR BRANCH,"1,985",86,"2,071",143,4,,64,"175,873","8,646","184,519","12,655",497,64,133,"6,006,967","329,212","6,336,179","136,658","24,566","12,863","2,533"
Locality: 550 CHESAPEAKE CITY,0064,064 - DEEP CREEK II,"3,583",206,"3,789",487,10,2,64,"175,873","8,646","184,519","12,655",497,64,133,"6,006,967","329,212","6,336,179","136,658","24,566","12,863","2,533"
Locality: 550 CHESAPEAKE CITY,0065,065 - WATERWAY II,"3,229",136,"3,365",212,15,5,64,"175,873","8,646","184,519","12,655",497,64,133,"6,006,967","329,212","6,336,179","136,658","24,566","12,863","2,533"
Locality: 550 CHESAPEAKE CITY,0066,066 - FAIRWAYS II,"1,702",137,"1,839",149,3,,64,"175,873","8,646","184,519","12,655",497,64,133,"6,006,967","329,212","6,336,179","136,658","24,566","12,863","2,533"
Locality: 570 COLONIAL HEIGHTS CITY,0001,001 - FIRST,"1,980",118,"2,098",35,,,5,"12,437",739,"13,176",241,15,4,133,"6,006,967","329,212","6,336,179","136,658","24,566","12,863","2,533"
Locality: 570 COLONIAL HEIGHTS CITY,0002,002 - SECOND,"2,308",160,"2,468",45,4,1,5,"12,437",739,"13,176",241,15,4,133,"6,006,967","329,212","6,336,179","136,658","24,566","12,863","2,533"
Locality: 570 COLONIAL HEIGHTS CITY,0003,003 - THIRD,"2,493",162,"2,655",50,3,3,5,"12,437",739,"13,176",241,15,4,133,"6,006,967","329,212","6,336,179","136,658","24,566","12,863","2,533"
Locality: 570 COLONIAL HEIGHTS CITY,0004,004 - FOURTH,"3,038",200,"3,238",50,2,,5,"12,437",739,"13,176",241,15,4,133,"6,006,967","329,212","6,336,179","136,658","24,566","12,863","2,533"
Locality: 570 COLONIAL HEIGHTS CITY,0005,005 - FIFTH,"2,618",99,"2,717",61,6,,5,"12,437",739,"13,176",241,15,4,133,"6,006,967","329,212","6,336,179","136,658","24,566","12,863","2,533"
Locality: 580 COVINGTON CITY,0101,101 - PRECINCT 1-1,679,29,708,9,,,5,"3,726",133,"3,859",27,3,2,133,"6,006,967","329,212","6,336,179","136,658","24,566","12,863","2,533"
Locality: 580 COVINGTON CITY,0201,201 - PRECINCT 2-1,728,32,760,3,,,5,"3,726",133,"3,859",27,3,2,133,"6,006,967","329,212","6,336,179","136,658","24,566","12,863","2,533"
Locality: 580 COVINGTON CITY,0301,301 - PRECINCT 3-1,701,36,737,7,2,2,5,"3,726",133,"3,859",27,3,2,133,"6,006,967","329,212","6,336,179","136,658","24,566","12,863","2,533"
Locality: 580 COVINGTON CITY,0401,401 - PRECINCT 4-1,818,17,835,5,1,,5,"3,726",133,"3,859",27,3,2,133,"6,006,967","329,212","6,336,179","136,658","24,566","12,863","2,533"
Locality: 580 COVINGTON CITY,0501,501 - PRECINCT 5-1,800,19,819,3,,,5,"3,726",133,"3,859",27,3,2,133,"6,006,967","329,212","6,336,179","136,658","24,566","12,863","2,533"
Locality: 590 DANVILLE CITY,0001,001 - WARD ONE,869,80,949,2,2,,16,"26,848","1,916","28,764",46,33,16,133,"6,006,967","329,212","6,336,179","136,658","24,566","12,863","2,533"
Locality: 590 DANVILLE CITY,0002,002 - WARD TWO,862,77,939,1,1,2,16,"26,848","1,916","28,764",46,33,16,133,"6,006,967","329,212","6,336,179","136,658","24,566","12,863","2,533"
Locality: 590 DANVILLE CITY,0003,003 - WARD THREE,"1,607",101,"1,708",4,6,5,16,"26,848","1,916","28,764",46,33,16,133,"6,006,967","329,212","6,336,179","136,658","24,566","12,863","2,533"
Locality: 590 DANVILLE CITY,0004,004 - WARD FOUR,"3,077",207,"3,284",8,5,2,16,"26,848","1,916","28,764",46,33,16,133,"6,006,967","329,212","6,336,179","136,658","24,566","12,863","2,533"
Locality: 590 DANVILLE CITY,0006,006 - WARD SIX,932,60,992,,,,16,"26,848","1,916","28,764",46,33,16,133,"6,006,967","329,212","6,336,179","136,658","24,566","12,863","2,533"
Locality: 590 DANVILLE CITY,0007,007 - WARD SEVEN,"1,690",115,"1,805",,2,,16,"26,848","1,916","28,764",46,33,16,133,"6,006,967","329,212","6,336,179","136,658","24,566","12,863","2,533"
Locality: 590 DANVILLE CITY,0008,008 - WARD EIGHT,"1,400",106,"1,506",2,3,1,16,"26,848","1,916","28,764",46,33,16,133,"6,006,967","329,212","6,336,179","136,658","24,566","12,863","2,533"
Locality: 590 DANVILLE CITY,0009,009 - WARD NINE,"1,250",79,"1,329",2,,,16,"26,848","1,916","28,764",46,33,16,133,"6,006,967","329,212","6,336,179","136,658","24,566","12,863","2,533"
Locality: 590 DANVILLE CITY,0010,010 - WARD TEN,"1,684",109,"1,793",3,,1,16,"26,848","1,916","28,764",46,33,16,133,"6,006,967","329,212","6,336,179","136,658","24,566","12,863","2,533"
Locality: 590 DANVILLE CITY,0011,011 - WARD ELEVEN,"2,372",212,"2,584",3,1,3,16,"26,848","1,916","28,764",46,33,16,133,"6,006,967","329,212","6,336,179","136,658","24,566","12,863","2,533"
Locality: 590 DANVILLE CITY,0012,012 - WARD TWELVE,"2,332",143,"2,475",1,4,,16,"26,848","1,916","28,764",46,33,16,133,"6,006,967","329,212","6,336,179","136,658","24,566","12,863","2,533"
Locality: 590 DANVILLE CITY,0013,013 - WARD THIRTEEN,"2,202",218,"2,420",6,5,2,16,"26,848","1,916","28,764",46,33,16,133,"6,006,967","329,212","6,336,179","136,658","24,566","12,863","2,533"
Locality: 590 DANVILLE CITY,0014,014 - WARD FOURTEEN,355,33,388,1,,,16,"26,848","1,916","28,764",46,33,16,133,"6,006,967","329,212","6,336,179","136,658","24,566","12,863","2,533"
Locality: 590 DANVILLE CITY,0015,015 - WARD FIFTEEN,"2,090",144,"2,234",2,1,,16,"26,848","1,916","28,764",46,33,16,133,"6,006,967","329,212","6,336,179","136,658","24,566","12,863","2,533"
Locality: 590 DANVILLE CITY,0016,016 - WARD SIXTEEN,"2,237",136,"2,373",6,1,,16,"26,848","1,916","28,764",46,33,16,133,"6,006,967","329,212","6,336,179","136,658","24,566","12,863","2,533"
Locality: 590 DANVILLE CITY,0017,017 - WARD SEVENTEEN,"1,889",96,"1,985",5,2,,16,"26,848","1,916","28,764",46,33,16,133,"6,006,967","329,212","6,336,179","136,658","24,566","12,863","2,533"
Locality: 595 EMPORIA CITY,0101,101 - PRECINCT 1-1,638,40,678,6,1,,7,"3,789",198,"3,987",39,1,1,133,"6,006,967","329,212","6,336,179","136,658","24,566","12,863","2,533"
Locality: 595 EMPORIA CITY,0201,201 - PRECINCT 2-1,448,26,474,5,,,7,"3,789",198,"3,987",39,1,1,133,"6,006,967","329,212","6,336,179","136,658","24,566","12,863","2,533"
Locality: 595 EMPORIA CITY,0301,301 - PRECINCT 3-1,572,23,595,7,,,7,"3,789",198,"3,987",39,1,1,133,"6,006,967","329,212","6,336,179","136,658","24,566","12,863","2,533"
Locality: 595 EMPORIA CITY,0401,401 - PRECINCT 4-1,564,22,586,2,,,7,"3,789",198,"3,987",39,1,1,133,"6,006,967","329,212","6,336,179","136,658","24,566","12,863","2,533"
Locality: 595 EMPORIA CITY,0501,501 - PRECINCT 5-1,469,32,501,6,,,7,"3,789",198,"3,987",39,1,1,133,"6,006,967","329,212","6,336,179","136,658","24,566","12,863","2,533"
Locality: 595 EMPORIA CITY,0601,601 - DISTRICT 6,625,28,653,7,,1,7,"3,789",198,"3,987",39,1,1,133,"6,006,967","329,212","6,336,179","136,658","24,566","12,863","2,533"
Locality: 595 EMPORIA CITY,0701,701 - DISTRICT 7,473,27,500,6,,,7,"3,789",198,"3,987",39,1,1,133,"6,006,967","329,212","6,336,179","136,658","24,566","12,863","2,533"
Locality: 600 FAIRFAX CITY,0001,001 - ONE,"2,598",111,"2,709",31,27,16,6,"17,800",861,"18,661",254,164,99,133,"6,006,967","329,212","6,336,179","136,658","24,566","12,863","2,533"
Locality: 600 FAIRFAX CITY,0002,002 - TWO,"3,202",102,"3,304",53,28,13,6,"17,800",861,"18,661",254,164,99,133,"6,006,967","329,212","6,336,179","136,658","24,566","12,863","2,533"
Locality: 600 FAIRFAX CITY,0003,003 - THREE,"3,825",160,"3,985",47,43,25,6,"17,800",861,"18,661",254,164,99,133,"6,006,967","329,212","6,336,179","136,658","24,566","12,863","2,533"
Locality: 600 FAIRFAX CITY,0004,004 - FOUR,"2,732",135,"2,867",38,22,18,6,"17,800",861,"18,661",254,164,99,133,"6,006,967","329,212","6,336,179","136,658","24,566","12,863","2,533"
Locality: 600 FAIRFAX CITY,0005,005 - FIVE,"2,725",204,"2,929",46,25,13,6,"17,800",861,"18,661",254,164,99,133,"6,006,967","329,212","6,336,179","136,658","24,566","12,863","2,533"
Locality: 600 FAIRFAX CITY,0006,006 - SIX,"2,718",149,"2,867",39,19,14,6,"17,800",861,"18,661",254,164,99,133,"6,006,967","329,212","6,336,179","136,658","24,566","12,863","2,533"
Locality: 610 FALLS CHURCH CITY,0001,001 - FIRST WARD,"3,649",184,"3,833",86,151,33,3,"11,291",674,"11,965",210,442,80,133,"6,006,967","329,212","6,336,179","136,658","24,566","12,863","2,533"
Locality: 610 FALLS CHURCH CITY,0002,002 - SECOND WARD,"3,569",303,"3,872",59,153,21,3,"11,291",674,"11,965",210,442,80,133,"6,006,967","329,212","6,336,179","136,658","24,566","12,863","2,533"
Locality: 610 FALLS CHURCH CITY,0003,003 - THIRD WARD,"4,073",187,"4,260",65,138,26,3,"11,291",674,"11,965",210,442,80,133,"6,006,967","329,212","6,336,179","136,658","24,566","12,863","2,533"
Locality: 620 FRANKLIN CITY,0101,101 - PRECINCT 1-1,"1,042",35,"1,077",13,3,,6,"5,883",228,"6,111",119,7,2,133,"6,006,967","329,212","6,336,179","136,658","24,566","12,863","2,533"
Locality: 620 FRANKLIN CITY,0201,201 - PRECINCT 2-1,"1,123",50,"1,173",32,,1,6,"5,883",228,"6,111",119,7,2,133,"6,006,967","329,212","6,336,179","136,658","24,566","12,863","2,533"
Locality: 620 FRANKLIN CITY,0301,301 - PRECINCT 3-1,856,30,886,12,2,1,6,"5,883",228,"6,111",119,7,2,133,"6,006,967","329,212","6,336,179","136,658","24,566","12,863","2,533"
Locality: 620 FRANKLIN CITY,0401,401 - PRECINCT 4-1,919,43,962,13,,,6,"5,883",228,"6,111",119,7,2,133,"6,006,967","329,212","6,336,179","136,658","24,566","12,863","2,533"
Locality: 620 FRANKLIN CITY,0501,501 - PRECINCT 5-1,834,37,871,12,1,,6,"5,883",228,"6,111",119,7,2,133,"6,006,967","329,212","6,336,179","136,658","24,566","12,863","2,533"
Locality: 620 FRANKLIN CITY,0601,601 - PRECINCT 6-1,"1,109",33,"1,142",37,1,,6,"5,883",228,"6,111",119,7,2,133,"6,006,967","329,212","6,336,179","136,658","24,566","12,863","2,533"
Locality: 630 FREDERICKSBURG CITY,0101,101 - HUGH MERCER,"4,580",358,"4,938",97,12,5,5,"19,242","1,370","20,612",384,65,46,133,"6,006,967","329,212","6,336,179","136,658","24,566","12,863","2,533"
Locality: 630 FREDERICKSBURG CITY,0201,201 - DOROTHY HART,"4,169",234,"4,403",66,14,15,5,"19,242","1,370","20,612",384,65,46,133,"6,006,967","329,212","6,336,179","136,658","24,566","12,863","2,533"
Locality: 630 FREDERICKSBURG CITY,0301,301 - GLADYS WEST,"5,289",330,"5,619",125,21,14,5,"19,242","1,370","20,612",384,65,46,133,"6,006,967","329,212","6,336,179","136,658","24,566","12,863","2,533"
Locality: 630 FREDERICKSBURG CITY,0401,401 - FCPS ADMINISTRATION,"2,651",178,"2,829",32,10,6,5,"19,242","1,370","20,612",384,65,46,133,"6,006,967","329,212","6,336,179","136,658","24,566","12,863","2,533"
Locality: 630 FREDERICKSBURG CITY,0402,402 - V.F.W 3103,"2,553",270,"2,823",64,8,6,5,"19,242","1,370","20,612",384,65,46,133,"6,006,967","329,212","6,336,179","136,658","24,566","12,863","2,533"
Locality: 640 GALAX CITY,0001,001 - EAST,"1,913",82,"1,995",21,4,,2,"4,010",180,"4,190",48,6,,133,"6,006,967","329,212","6,336,179","136,658","24,566","12,863","2,533"
Locality: 640 GALAX CITY,0005,005 - WEST,"2,097",98,"2,195",27,2,,2,"4,010",180,"4,190",48,6,,133,"6,006,967","329,212","6,336,179","136,658","24,566","12,863","2,533"
Locality: 650 HAMPTON CITY,0101,101 - ABERDEEN,"3,303",220,"3,523",225,1,1,30,"95,200","6,114","101,314","5,040",146,114,133,"6,006,967","329,212","6,336,179","136,658","24,566","12,863","2,533"
Locality: 650 HAMPTON CITY,0102,102 - BASSETTE,"3,032",176,"3,208",175,3,1,30,"95,200","6,114","101,314","5,040",146,114,133,"6,006,967","329,212","6,336,179","136,658","24,566","12,863","2,533"
Locality: 650 HAMPTON CITY,0103,103 - CITY HALL,"2,510",206,"2,716",153,,3,30,"95,200","6,114","101,314","5,040",146,114,133,"6,006,967","329,212","6,336,179","136,658","24,566","12,863","2,533"
Locality: 650 HAMPTON CITY,0104,104 - COOPER,"5,462",628,"6,090",530,1,10,30,"95,200","6,114","101,314","5,040",146,114,133,"6,006,967","329,212","6,336,179","136,658","24,566","12,863","2,533"
Locality: 650 HAMPTON CITY,0105,105 - EAST HAMPTON,"3,497",397,"3,894",95,2,1,30,"95,200","6,114","101,314","5,040",146,114,133,"6,006,967","329,212","6,336,179","136,658","24,566","12,863","2,533"
Locality: 650 HAMPTON CITY,0106,106 - ARMSTRONG,"3,237",158,"3,395",145,7,10,30,"95,200","6,114","101,314","5,040",146,114,133,"6,006,967","329,212","6,336,179","136,658","24,566","12,863","2,533"
Locality: 650 HAMPTON CITY,0107,107 - LINDSAY,"2,677",116,"2,793",90,1,4,30,"95,200","6,114","101,314","5,040",146,114,133,"6,006,967","329,212","6,336,179","136,658","24,566","12,863","2,533"
Locality: 650 HAMPTON CITY,0108,108 - THOMAS,"3,972",333,"4,305",186,3,3,30,"95,200","6,114","101,314","5,040",146,114,133,"6,006,967","329,212","6,336,179","136,658","24,566","12,863","2,533"
Locality: 650 HAMPTON CITY,0109,109 - PHENIX,"3,796",219,"4,015",177,7,5,30,"95,200","6,114","101,314","5,040",146,114,133,"6,006,967","329,212","6,336,179","136,658","24,566","12,863","2,533"
Locality: 650 HAMPTON CITY,0110,110 - PHOEBUS,827,57,884,37,4,1,30,"95,200","6,114","101,314","5,040",146,114,133,"6,006,967","329,212","6,336,179","136,658","24,566","12,863","2,533"
Locality: 650 HAMPTON CITY,0111,111 - HAMPTON LIBRARY,"1,182",63,"1,245",54,5,1,30,"95,200","6,114","101,314","5,040",146,114,133,"6,006,967","329,212","6,336,179","136,658","24,566","12,863","2,533"
Locality: 650 HAMPTON CITY,0112,112 - SMITH,"4,219",250,"4,469",171,3,4,30,"95,200","6,114","101,314","5,040",146,114,133,"6,006,967","329,212","6,336,179","136,658","24,566","12,863","2,533"
Locality: 650 HAMPTON CITY,0115,115 - WYTHE,"1,828",94,"1,922",109,3,6,30,"95,200","6,114","101,314","5,040",146,114,133,"6,006,967","329,212","6,336,179","136,658","24,566","12,863","2,533"
Locality: 650 HAMPTON CITY,0116,116 - JONES,"1,640",75,"1,715",76,4,1,30,"95,200","6,114","101,314","5,040",146,114,133,"6,006,967","329,212","6,336,179","136,658","24,566","12,863","2,533"
Locality: 650 HAMPTON CITY,0117,117 - KECOUGHTAN,"2,950",237,"3,187",161,5,6,30,"95,200","6,114","101,314","5,040",146,114,133,"6,006,967","329,212","6,336,179","136,658","24,566","12,863","2,533"
Locality: 650 HAMPTON CITY,0118,118 - MALLORY,"3,543",207,"3,750",123,6,3,30,"95,200","6,114","101,314","5,040",146,114,133,"6,006,967","329,212","6,336,179","136,658","24,566","12,863","2,533"
Locality: 650 HAMPTON CITY,0201,201 - PATRICK,"3,396",201,"3,597",165,6,4,30,"95,200","6,114","101,314","5,040",146,114,133,"6,006,967","329,212","6,336,179","136,658","24,566","12,863","2,533"
Locality: 650 HAMPTON CITY,0202,202 - BRYAN,"3,526",206,"3,732",140,5,7,30,"95,200","6,114","101,314","5,040",146,114,133,"6,006,967","329,212","6,336,179","136,658","24,566","12,863","2,533"
Locality: 650 HAMPTON CITY,0203,203 - BURBANK,"2,809",247,"3,056",346,9,3,30,"95,200","6,114","101,314","5,040",146,114,133,"6,006,967","329,212","6,336,179","136,658","24,566","12,863","2,533"
Locality: 650 HAMPTON CITY,0204,204 - FORREST,"2,755",172,"2,927",125,4,3,30,"95,200","6,114","101,314","5,040",146,114,133,"6,006,967","329,212","6,336,179","136,658","24,566","12,863","2,533"
Locality: 650 HAMPTON CITY,0205,205 - ASBURY,"4,466",197,"4,663",197,16,9,30,"95,200","6,114","101,314","5,040",146,114,133,"6,006,967","329,212","6,336,179","136,658","24,566","12,863","2,533"
Locality: 650 HAMPTON CITY,0208,208 - KRAFT,"4,774",232,"5,006",229,6,5,30,"95,200","6,114","101,314","5,040",146,114,133,"6,006,967","329,212","6,336,179","136,658","24,566","12,863","2,533"
Locality: 650 HAMPTON CITY,0209,209 - LANGLEY,"3,311",220,"3,531",151,7,5,30,"95,200","6,114","101,314","5,040",146,114,133,"6,006,967","329,212","6,336,179","136,658","24,566","12,863","2,533"
Locality: 650 HAMPTON CITY,0210,210 - MACHEN,"5,302",409,"5,711",326,8,4,30,"95,200","6,114","101,314","5,040",146,114,133,"6,006,967","329,212","6,336,179","136,658","24,566","12,863","2,533"
Locality: 650 HAMPTON CITY,0212,212 - BETHEL,"4,301",140,"4,441",195,7,2,30,"95,200","6,114","101,314","5,040",146,114,133,"6,006,967","329,212","6,336,179","136,658","24,566","12,863","2,533"
Locality: 650 HAMPTON CITY,0213,213 - PHILLIPS,"4,281",164,"4,445",225,8,5,30,"95,200","6,114","101,314","5,040",146,114,133,"6,006,967","329,212","6,336,179","136,658","24,566","12,863","2,533"
Locality: 650 HAMPTON CITY,0214,214 - JACKSON,"3,924",279,"4,203",202,2,4,30,"95,200","6,114","101,314","5,040",146,114,133,"6,006,967","329,212","6,336,179","136,658","24,566","12,863","2,533"
Locality: 650 HAMPTON CITY,0215,215 - PEAKE,"1,063",79,"1,142",39,3,,30,"95,200","6,114","101,314","5,040",146,114,133,"6,006,967","329,212","6,336,179","136,658","24,566","12,863","2,533"
Locality: 650 HAMPTON CITY,0216,216 - SANDY BOTTOM,"2,099",66,"2,165",125,6,3,30,"95,200","6,114","101,314","5,040",146,114,133,"6,006,967","329,212","6,336,179","136,658","24,566","12,863","2,533"
Locality: 650 HAMPTON CITY,0217,217 - SYMS,"1,518",66,"1,584",68,4,,30,"95,200","6,114","101,314","5,040",146,114,133,"6,006,967","329,212","6,336,179","136,658","24,566","12,863","2,533"
Locality: 660 HARRISONBURG CITY,0101,101 - NORTHEAST,"3,707",303,"4,010",36,6,14,8,"24,955","1,533","26,488",215,97,91,133,"6,006,967","329,212","6,336,179","136,658","24,566","12,863","2,533"
Locality: 660 HARRISONBURG CITY,0102,102 - EAST CENTRAL,"2,385",146,"2,531",22,16,3,8,"24,955","1,533","26,488",215,97,91,133,"6,006,967","329,212","6,336,179","136,658","24,566","12,863","2,533"
Locality: 660 HARRISONBURG CITY,0103,103 - SOUTHEAST,"3,234",230,"3,464",23,6,2,8,"24,955","1,533","26,488",215,97,91,133,"6,006,967","329,212","6,336,179","136,658","24,566","12,863","2,533"
Locality: 660 HARRISONBURG CITY,0104,104 - EAST,"3,464",228,"3,692",38,15,4,8,"24,955","1,533","26,488",215,97,91,133,"6,006,967","329,212","6,336,179","136,658","24,566","12,863","2,533"
Locality: 660 HARRISONBURG CITY,0105,105 - SOUTH EAST CENTRAL,"1,277",81,"1,358",8,,2,8,"24,955","1,533","26,488",215,97,91,133,"6,006,967","329,212","6,336,179","136,658","24,566","12,863","2,533"
Locality: 660 HARRISONBURG CITY,0201,201 - NORTHWEST,"3,893",215,"4,108",30,23,27,8,"24,955","1,533","26,488",215,97,91,133,"6,006,967","329,212","6,336,179","136,658","24,566","12,863","2,533"
Locality: 660 HARRISONBURG CITY,0202,202 - SOUTHWEST,"3,467",182,"3,649",32,11,13,8,"24,955","1,533","26,488",215,97,91,133,"6,006,967","329,212","6,336,179","136,658","24,566","12,863","2,533"
Locality: 660 HARRISONBURG CITY,0203,203 -  WEST,"3,528",148,"3,676",26,20,26,8,"24,955","1,533","26,488",215,97,91,133,"6,006,967","329,212","6,336,179","136,658","24,566","12,863","2,533"
Locality: 670 HOPEWELL CITY,0101,101 - WARD ONE,"2,094",128,"2,222",39,1,1,7,"15,426",767,"16,193",375,11,1,133,"6,006,967","329,212","6,336,179","136,658","24,566","12,863","2,533"
Locality: 670 HOPEWELL CITY,0201,201 - WARD TWO,"1,966",132,"2,098",39,3,,7,"15,426",767,"16,193",375,11,1,133,"6,006,967","329,212","6,336,179","136,658","24,566","12,863","2,533"
Locality: 670 HOPEWELL CITY,0301,301 - WARD THREE,"2,438",81,"2,519",42,1,,7,"15,426",767,"16,193",375,11,1,133,"6,006,967","329,212","6,336,179","136,658","24,566","12,863","2,533"
Locality: 670 HOPEWELL CITY,0401,401 - WARD FOUR,"2,658",89,"2,747",92,,,7,"15,426",767,"16,193",375,11,1,133,"6,006,967","329,212","6,336,179","136,658","24,566","12,863","2,533"
Locality: 670 HOPEWELL CITY,0501,501 - WARD FIVE,"2,210",118,"2,328",54,3,,7,"15,426",767,"16,193",375,11,1,133,"6,006,967","329,212","6,336,179","136,658","24,566","12,863","2,533"
Locality: 670 HOPEWELL CITY,0601,601 - WARD SIX,"2,036",100,"2,136",39,1,,7,"15,426",767,"16,193",375,11,1,133,"6,006,967","329,212","6,336,179","136,658","24,566","12,863","2,533"
Locality: 670 HOPEWELL CITY,0701,701 - WARD SEVEN,"2,024",119,"2,143",70,2,,7,"15,426",767,"16,193",375,11,1,133,"6,006,967","329,212","6,336,179","136,658","24,566","12,863","2,533"
Locality: 678 LEXINGTON CITY,0001,001 - LEXINGTON,"3,536",767,"4,303",55,34,1,1,"3,536",767,"4,303",55,34,1,133,"6,006,967","329,212","6,336,179","136,658","24,566","12,863","2,533"
Locality: 680 LYNCHBURG CITY,0101,101 - FIRST WARD FIRST PRECINCT,"4,859",296,"5,155",79,16,10,18,"54,502","3,373","57,875",641,135,109,133,"6,006,967","329,212","6,336,179","136,658","24,566","12,863","2,533"
Locality: 680 LYNCHBURG CITY,0102,102 - FIRST WARD SECOND PRECINCT,"3,926",143,"4,069",31,16,16,18,"54,502","3,373","57,875",641,135,109,133,"6,006,967","329,212","6,336,179","136,658","24,566","12,863","2,533"
Locality: 680 LYNCHBURG CITY,0103,103 - FIRST WARD THIRD PRECINCT,"2,524",76,"2,600",23,12,7,18,"54,502","3,373","57,875",641,135,109,133,"6,006,967","329,212","6,336,179","136,658","24,566","12,863","2,533"
Locality: 680 LYNCHBURG CITY,0104,104 - FIRST WARD FOURTH PRECINCT,"1,437",92,"1,529",20,12,4,18,"54,502","3,373","57,875",641,135,109,133,"6,006,967","329,212","6,336,179","136,658","24,566","12,863","2,533"
Locality: 680 LYNCHBURG CITY,0105,105 - FIRST WARD FIFTH PRECINCT,"1,725",78,"1,803",13,13,4,18,"54,502","3,373","57,875",641,135,109,133,"6,006,967","329,212","6,336,179","136,658","24,566","12,863","2,533"
Locality: 680 LYNCHBURG CITY,0201,201 - SECOND WARD FIRST PRECINCT,"5,049",345,"5,394",56,8,8,18,"54,502","3,373","57,875",641,135,109,133,"6,006,967","329,212","6,336,179","136,658","24,566","12,863","2,533"
Locality: 680 LYNCHBURG CITY,0202,202 - SECOND WARD SECOND PRECINCT,"4,524",351,"4,875",62,7,2,18,"54,502","3,373","57,875",641,135,109,133,"6,006,967","329,212","6,336,179","136,658","24,566","12,863","2,533"
Locality: 680 LYNCHBURG CITY,0203,203 - SECOND WARD THIRD PRECINCT,"1,330",95,"1,425",18,2,1,18,"54,502","3,373","57,875",641,135,109,133,"6,006,967","329,212","6,336,179","136,658","24,566","12,863","2,533"
Locality: 680 LYNCHBURG CITY,0204,204 - SECOND WARD FOURTH PRECINCT,"1,208",84,"1,292",9,1,2,18,"54,502","3,373","57,875",641,135,109,133,"6,006,967","329,212","6,336,179","136,658","24,566","12,863","2,533"
Locality: 680 LYNCHBURG CITY,0301,301 - THIRD WARD FIRST PRECINCT,"1,314",87,"1,401",12,,4,18,"54,502","3,373","57,875",641,135,109,133,"6,006,967","329,212","6,336,179","136,658","24,566","12,863","2,533"
Locality: 680 LYNCHBURG CITY,0302,302 - THIRD WARD SECOND PRECINCT,"4,166",269,"4,435",23,1,3,18,"54,502","3,373","57,875",641,135,109,133,"6,006,967","329,212","6,336,179","136,658","24,566","12,863","2,533"
Locality: 680 LYNCHBURG CITY,0303,303 - THIRD WARD THIRD PRECINCT,"1,901",108,"2,009",28,5,4,18,"54,502","3,373","57,875",641,135,109,133,"6,006,967","329,212","6,336,179","136,658","24,566","12,863","2,533"
Locality: 680 LYNCHBURG CITY,0304,304 - THIRD WARD FOURTH PRECINCT,"1,895",142,"2,037",21,5,3,18,"54,502","3,373","57,875",641,135,109,133,"6,006,967","329,212","6,336,179","136,658","24,566","12,863","2,533"
Locality: 680 LYNCHBURG CITY,0305,305 - THIRD WARD FIFTH PRECINCT,"4,230",325,"4,555",68,5,16,18,"54,502","3,373","57,875",641,135,109,133,"6,006,967","329,212","6,336,179","136,658","24,566","12,863","2,533"
Locality: 680 LYNCHBURG CITY,0401,401 - FOURTH WARD FIRST PRECINCT,"5,355",369,"5,724",83,8,4,18,"54,502","3,373","57,875",641,135,109,133,"6,006,967","329,212","6,336,179","136,658","24,566","12,863","2,533"
Locality: 680 LYNCHBURG CITY,0402,402 - FOURTH WARD SECOND PRECINCT,"1,693",94,"1,787",21,2,3,18,"54,502","3,373","57,875",641,135,109,133,"6,006,967","329,212","6,336,179","136,658","24,566","12,863","2,533"
Locality: 680 LYNCHBURG CITY,0403,403 - FOURTH WARD THIRD PRECINCT,"3,713",232,"3,945",37,9,10,18,"54,502","3,373","57,875",641,135,109,133,"6,006,967","329,212","6,336,179","136,658","24,566","12,863","2,533"
Locality: 680 LYNCHBURG CITY,0404,404 - FOURTH WARD FOURTH PRECINCT,"3,653",187,"3,840",37,13,8,18,"54,502","3,373","57,875",641,135,109,133,"6,006,967","329,212","6,336,179","136,658","24,566","12,863","2,533"
Locality: 683 MANASSAS CITY,0001,001 - DEAN,"3,994",330,"4,324",49,10,4,6,"22,708","1,588","24,296",290,54,66,133,"6,006,967","329,212","6,336,179","136,658","24,566","12,863","2,533"
Locality: 683 MANASSAS CITY,0002,002 - WEEMS,"4,225",267,"4,492",50,8,11,6,"22,708","1,588","24,296",290,54,66,133,"6,006,967","329,212","6,336,179","136,658","24,566","12,863","2,533"
Locality: 683 MANASSAS CITY,0003,003 - METZ,"4,044",251,"4,295",48,9,9,6,"22,708","1,588","24,296",290,54,66,133,"6,006,967","329,212","6,336,179","136,658","24,566","12,863","2,533"
Locality: 683 MANASSAS CITY,0004,004 - HAYDON,"3,683",261,"3,944",61,8,24,6,"22,708","1,588","24,296",290,54,66,133,"6,006,967","329,212","6,336,179","136,658","24,566","12,863","2,533"
Locality: 683 MANASSAS CITY,0005,005 - BALDWIN,"3,697",308,"4,005",32,12,9,6,"22,708","1,588","24,296",290,54,66,133,"6,006,967","329,212","6,336,179","136,658","24,566","12,863","2,533"
Locality: 683 MANASSAS CITY,0006,006 - ROUND,"3,065",171,"3,236",50,7,9,6,"22,708","1,588","24,296",290,54,66,133,"6,006,967","329,212","6,336,179","136,658","24,566","12,863","2,533"
Locality: 685 MANASSAS PARK CITY,0001,001 - PRECINCT ONE,"3,245",219,"3,464",58,18,1,3,"9,166",485,"9,651",167,39,4,133,"6,006,967","329,212","6,336,179","136,658","24,566","12,863","2,533"
Locality: 685 MANASSAS PARK CITY,0002,002 - PRECINCT TWO,"2,895",108,"3,003",40,4,,3,"9,166",485,"9,651",167,39,4,133,"6,006,967","329,212","6,336,179","136,658","24,566","12,863","2,533"
Locality: 685 MANASSAS PARK CITY,0003,003 - PRECINCT THREE,"3,026",158,"3,184",69,17,3,3,"9,166",485,"9,651",167,39,4,133,"6,006,967","329,212","6,336,179","136,658","24,566","12,863","2,533"
Locality: 690 MARTINSVILLE CITY,0001,001 - PRECINCT #1,756,55,811,4,,,6,"8,349",731,"9,080",43,13,3,133,"6,006,967","329,212","6,336,179","136,658","24,566","12,863","2,533"
Locality: 690 MARTINSVILLE CITY,0002,002 - PRECINCT #2,"1,879",180,"2,059",11,9,,6,"8,349",731,"9,080",43,13,3,133,"6,006,967","329,212","6,336,179","136,658","24,566","12,863","2,533"
Locality: 690 MARTINSVILLE CITY,0003,003 - PRECINCT #3,"1,323",151,"1,474",4,,,6,"8,349",731,"9,080",43,13,3,133,"6,006,967","329,212","6,336,179","136,658","24,566","12,863","2,533"
Locality: 690 MARTINSVILLE CITY,0004,004 - PRECINCT #4,"1,893",167,"2,060",9,1,,6,"8,349",731,"9,080",43,13,3,133,"6,006,967","329,212","6,336,179","136,658","24,566","12,863","2,533"
Locality: 690 MARTINSVILLE CITY,0005,005 - PRECINCT #5,"2,096",140,"2,236",15,3,3,6,"8,349",731,"9,080",43,13,3,133,"6,006,967","329,212","6,336,179","136,658","24,566","12,863","2,533"
Locality: 690 MARTINSVILLE CITY,0006,006 - PRECINCT #6,402,38,440,,,,6,"8,349",731,"9,080",43,13,3,133,"6,006,967","329,212","6,336,179","136,658","24,566","12,863","2,533"
Locality: 700 NEWPORT NEWS CITY,0101,101 - DENBIGH,"4,264",353,"4,617",162,10,7,43,"116,167","9,040","125,207","5,653",201,205,133,"6,006,967","329,212","6,336,179","136,658","24,566","12,863","2,533"
Locality: 700 NEWPORT NEWS CITY,0102,102 - STONEY RUN,"4,676",383,"5,059",176,2,9,43,"116,167","9,040","125,207","5,653",201,205,133,"6,006,967","329,212","6,336,179","136,658","24,566","12,863","2,533"
Locality: 700 NEWPORT NEWS CITY,0104,104 - MCINTOSH,"2,908",275,"3,183",160,8,3,43,"116,167","9,040","125,207","5,653",201,205,133,"6,006,967","329,212","6,336,179","136,658","24,566","12,863","2,533"
Locality: 700 NEWPORT NEWS CITY,0106,106 - RESERVOIR,"3,281",378,"3,659",847,14,4,43,"116,167","9,040","125,207","5,653",201,205,133,"6,006,967","329,212","6,336,179","136,658","24,566","12,863","2,533"
Locality: 700 NEWPORT NEWS CITY,0107,107 - RICHNECK,"4,688",251,"4,939",289,10,6,43,"116,167","9,040","125,207","5,653",201,205,133,"6,006,967","329,212","6,336,179","136,658","24,566","12,863","2,533"
Locality: 700 NEWPORT NEWS CITY,0108,108 - KATHERINE JOHNSON,"1,303",111,"1,414",71,7,2,43,"116,167","9,040","125,207","5,653",201,205,133,"6,006,967","329,212","6,336,179","136,658","24,566","12,863","2,533"
Locality: 700 NEWPORT NEWS CITY,0109,109 - WINDSOR,"2,240",162,"2,402",132,1,6,43,"116,167","9,040","125,207","5,653",201,205,133,"6,006,967","329,212","6,336,179","136,658","24,566","12,863","2,533"
Locality: 700 NEWPORT NEWS CITY,0110,110 - GREENWOOD,"4,099",343,"4,442",316,7,6,43,"116,167","9,040","125,207","5,653",201,205,133,"6,006,967","329,212","6,336,179","136,658","24,566","12,863","2,533"
Locality: 700 NEWPORT NEWS CITY,0111,111 - STONEYBROOK,"4,416",410,"4,826",234,9,4,43,"116,167","9,040","125,207","5,653",201,205,133,"6,006,967","329,212","6,336,179","136,658","24,566","12,863","2,533"
Locality: 700 NEWPORT NEWS CITY,0112,112 - KNOLLWOOD MEADOWS,"4,132",190,"4,322",196,11,8,43,"116,167","9,040","125,207","5,653",201,205,133,"6,006,967","329,212","6,336,179","136,658","24,566","12,863","2,533"
Locality: 700 NEWPORT NEWS CITY,0113,113 - SANFORD,"1,374",47,"1,421",57,,1,43,"116,167","9,040","125,207","5,653",201,205,133,"6,006,967","329,212","6,336,179","136,658","24,566","12,863","2,533"
Locality: 700 NEWPORT NEWS CITY,0201,201 - BLAND,971,181,"1,152",76,1,,43,"116,167","9,040","125,207","5,653",201,205,133,"6,006,967","329,212","6,336,179","136,658","24,566","12,863","2,533"
Locality: 700 NEWPORT NEWS CITY,0202,202 - BOULEVARD,"2,564",143,"2,707",66,4,8,43,"116,167","9,040","125,207","5,653",201,205,133,"6,006,967","329,212","6,336,179","136,658","24,566","12,863","2,533"
Locality: 700 NEWPORT NEWS CITY,0203,203 - CHARLES,"4,231",198,"4,429",193,12,12,43,"116,167","9,040","125,207","5,653",201,205,133,"6,006,967","329,212","6,336,179","136,658","24,566","12,863","2,533"
Locality: 700 NEWPORT NEWS CITY,0204,204 - MARINERS' MUSEUM,"1,934",163,"2,097",35,3,2,43,"116,167","9,040","125,207","5,653",201,205,133,"6,006,967","329,212","6,336,179","136,658","24,566","12,863","2,533"
Locality: 700 NEWPORT NEWS CITY,0205,205 - DEEP CREEK,"3,035",121,"3,156",97,5,5,43,"116,167","9,040","125,207","5,653",201,205,133,"6,006,967","329,212","6,336,179","136,658","24,566","12,863","2,533"
Locality: 700 NEWPORT NEWS CITY,0208,208 - HIDENWOOD,"1,733",78,"1,811",60,10,9,43,"116,167","9,040","125,207","5,653",201,205,133,"6,006,967","329,212","6,336,179","136,658","24,566","12,863","2,533"
Locality: 700 NEWPORT NEWS CITY,0211,211 - PALMER,"3,898",479,"4,377",244,3,6,43,"116,167","9,040","125,207","5,653",201,205,133,"6,006,967","329,212","6,336,179","136,658","24,566","12,863","2,533"
Locality: 700 NEWPORT NEWS CITY,0212,212 - RIVERSIDE,"1,462",79,"1,541",37,8,7,43,"116,167","9,040","125,207","5,653",201,205,133,"6,006,967","329,212","6,336,179","136,658","24,566","12,863","2,533"
Locality: 700 NEWPORT NEWS CITY,0216,216 - YATES,"3,085",210,"3,295",91,6,13,43,"116,167","9,040","125,207","5,653",201,205,133,"6,006,967","329,212","6,336,179","136,658","24,566","12,863","2,533"
Locality: 700 NEWPORT NEWS CITY,0217,217 - RIVERVIEW,"2,562",99,"2,661",89,10,11,43,"116,167","9,040","125,207","5,653",201,205,133,"6,006,967","329,212","6,336,179","136,658","24,566","12,863","2,533"
Locality: 700 NEWPORT NEWS CITY,0218,218 - KILN CREEK,"4,724",357,"5,081",256,10,7,43,"116,167","9,040","125,207","5,653",201,205,133,"6,006,967","329,212","6,336,179","136,658","24,566","12,863","2,533"
Locality: 700 NEWPORT NEWS CITY,0219,219 - DEER PARK,"4,601",550,"5,151",238,7,9,43,"116,167","9,040","125,207","5,653",201,205,133,"6,006,967","329,212","6,336,179","136,658","24,566","12,863","2,533"
Locality: 700 NEWPORT NEWS CITY,0220,220 -JENKINS,"4,011",403,"4,414",167,4,7,43,"116,167","9,040","125,207","5,653",201,205,133,"6,006,967","329,212","6,336,179","136,658","24,566","12,863","2,533"
Locality: 700 NEWPORT NEWS CITY,0302,302 - BRIARFIELD,"2,878",264,"3,142",79,,1,43,"116,167","9,040","125,207","5,653",201,205,133,"6,006,967","329,212","6,336,179","136,658","24,566","12,863","2,533"
Locality: 700 NEWPORT NEWS CITY,0303,303 - CARVER,"1,764",166,"1,930",49,,1,43,"116,167","9,040","125,207","5,653",201,205,133,"6,006,967","329,212","6,336,179","136,658","24,566","12,863","2,533"
Locality: 700 NEWPORT NEWS CITY,0304,304 - CHESTNUT,"1,273",100,"1,373",34,1,,43,"116,167","9,040","125,207","5,653",201,205,133,"6,006,967","329,212","6,336,179","136,658","24,566","12,863","2,533"
Locality: 700 NEWPORT NEWS CITY,0305,305 - DOWNTOWN,965,128,"1,093",84,3,,43,"116,167","9,040","125,207","5,653",201,205,133,"6,006,967","329,212","6,336,179","136,658","24,566","12,863","2,533"
Locality: 700 NEWPORT NEWS CITY,0308,308 - JEFFERSON,"1,140",108,"1,248",29,,2,43,"116,167","9,040","125,207","5,653",201,205,133,"6,006,967","329,212","6,336,179","136,658","24,566","12,863","2,533"
Locality: 700 NEWPORT NEWS CITY,0309,309 - MAGRUDER,"1,230",81,"1,311",33,2,1,43,"116,167","9,040","125,207","5,653",201,205,133,"6,006,967","329,212","6,336,179","136,658","24,566","12,863","2,533"
Locality: 700 NEWPORT NEWS CITY,0310,310 - MARSHALL,"1,661",121,"1,782",33,,,43,"116,167","9,040","125,207","5,653",201,205,133,"6,006,967","329,212","6,336,179","136,658","24,566","12,863","2,533"
Locality: 700 NEWPORT NEWS CITY,0311,311 - NEWMARKET,"3,155",152,"3,307",75,2,3,43,"116,167","9,040","125,207","5,653",201,205,133,"6,006,967","329,212","6,336,179","136,658","24,566","12,863","2,533"
Locality: 700 NEWPORT NEWS CITY,0312,312 - NEWSOME PARK,942,106,"1,048",25,,,43,"116,167","9,040","125,207","5,653",201,205,133,"6,006,967","329,212","6,336,179","136,658","24,566","12,863","2,533"
Locality: 700 NEWPORT NEWS CITY,0313,313 - REED,"2,408",193,"2,601",41,2,1,43,"116,167","9,040","125,207","5,653",201,205,133,"6,006,967","329,212","6,336,179","136,658","24,566","12,863","2,533"
Locality: 700 NEWPORT NEWS CITY,0314,314 - RIVER,"1,587",157,"1,744",56,1,5,43,"116,167","9,040","125,207","5,653",201,205,133,"6,006,967","329,212","6,336,179","136,658","24,566","12,863","2,533"
Locality: 700 NEWPORT NEWS CITY,0315,315 - SEDGEFIELD,"2,209",119,"2,328",66,3,4,43,"116,167","9,040","125,207","5,653",201,205,133,"6,006,967","329,212","6,336,179","136,658","24,566","12,863","2,533"
Locality: 700 NEWPORT NEWS CITY,0316,316 - SOUTH MORRISON,"2,874",227,"3,101",131,2,8,43,"116,167","9,040","125,207","5,653",201,205,133,"6,006,967","329,212","6,336,179","136,658","24,566","12,863","2,533"
Locality: 700 NEWPORT NEWS CITY,0317,317 - WASHINGTON,"1,451",173,"1,624",42,,1,43,"116,167","9,040","125,207","5,653",201,205,133,"6,006,967","329,212","6,336,179","136,658","24,566","12,863","2,533"
Locality: 700 NEWPORT NEWS CITY,0318,318 - WILSON,"1,240",71,"1,311",30,1,2,43,"116,167","9,040","125,207","5,653",201,205,133,"6,006,967","329,212","6,336,179","136,658","24,566","12,863","2,533"
Locality: 700 NEWPORT NEWS CITY,0319,319 - SAUNDERS,"4,083",324,"4,407",150,6,6,43,"116,167","9,040","125,207","5,653",201,205,133,"6,006,967","329,212","6,336,179","136,658","24,566","12,863","2,533"
Locality: 700 NEWPORT NEWS CITY,0320,320 - WATKINS,"4,883",298,"5,181",254,7,5,43,"116,167","9,040","125,207","5,653",201,205,133,"6,006,967","329,212","6,336,179","136,658","24,566","12,863","2,533"
Locality: 700 NEWPORT NEWS CITY,0321,321 - HILTON,"2,378",104,"2,482",83,9,9,43,"116,167","9,040","125,207","5,653",201,205,133,"6,006,967","329,212","6,336,179","136,658","24,566","12,863","2,533"
Locality: 700 NEWPORT NEWS CITY,0322,322 - WARWICK,"1,854",184,"2,038",70,,4,43,"116,167","9,040","125,207","5,653",201,205,133,"6,006,967","329,212","6,336,179","136,658","24,566","12,863","2,533"
Locality: 710 NORFOLK CITY,0101,101 - GRANBY,"3,902",398,"4,300",17,4,11,48,"134,280","10,464","144,744",555,161,248,133,"6,006,967","329,212","6,336,179","136,658","24,566","12,863","2,533"
Locality: 710 NORFOLK CITY,0102,102 - OCEAN VIEW SCHOOL,"1,837",189,"2,026",6,,2,48,"134,280","10,464","144,744",555,161,248,133,"6,006,967","329,212","6,336,179","136,658","24,566","12,863","2,533"
Locality: 710 NORFOLK CITY,0103,103 - NORTHSIDE,"2,466",141,"2,607",11,1,2,48,"134,280","10,464","144,744",555,161,248,133,"6,006,967","329,212","6,336,179","136,658","24,566","12,863","2,533"
Locality: 710 NORFOLK CITY,0104,104 - TITUSTOWN ,"2,380",276,"2,656",19,2,1,48,"134,280","10,464","144,744",555,161,248,133,"6,006,967","329,212","6,336,179","136,658","24,566","12,863","2,533"
Locality: 710 NORFOLK CITY,0106,106 - SECOND PRESBYTERIAN,"3,636",377,"4,013",24,9,16,48,"134,280","10,464","144,744",555,161,248,133,"6,006,967","329,212","6,336,179","136,658","24,566","12,863","2,533"
Locality: 710 NORFOLK CITY,0107,107 - WESLEY,"2,681",253,"2,934",9,1,4,48,"134,280","10,464","144,744",555,161,248,133,"6,006,967","329,212","6,336,179","136,658","24,566","12,863","2,533"
Locality: 710 NORFOLK CITY,0201,201 - LARCHMONT SCHOOL,"2,986",202,"3,188",17,4,19,48,"134,280","10,464","144,744",555,161,248,133,"6,006,967","329,212","6,336,179","136,658","24,566","12,863","2,533"
Locality: 710 NORFOLK CITY,0203,203 - GHENT SQUARE,"1,634",169,"1,803",9,6,16,48,"134,280","10,464","144,744",555,161,248,133,"6,006,967","329,212","6,336,179","136,658","24,566","12,863","2,533"
Locality: 710 NORFOLK CITY,0207,207 - LAMBERT'S POINT,"3,591",385,"3,976",14,7,2,48,"134,280","10,464","144,744",555,161,248,133,"6,006,967","329,212","6,336,179","136,658","24,566","12,863","2,533"
Locality: 710 NORFOLK CITY,0208,208 - LARCHMONT UMC,"1,767",72,"1,839",15,9,1,48,"134,280","10,464","144,744",555,161,248,133,"6,006,967","329,212","6,336,179","136,658","24,566","12,863","2,533"
Locality: 710 NORFOLK CITY,0210,210 - MAURY,"2,650",297,"2,947",25,7,28,48,"134,280","10,464","144,744",555,161,248,133,"6,006,967","329,212","6,336,179","136,658","24,566","12,863","2,533"
Locality: 710 NORFOLK CITY,0211,211 - CHRYSLER MUSEUM,"4,236",432,"4,668",40,18,19,48,"134,280","10,464","144,744",555,161,248,133,"6,006,967","329,212","6,336,179","136,658","24,566","12,863","2,533"
Locality: 710 NORFOLK CITY,0212,212 - PARK PLACE,"2,365",217,"2,582",12,,,48,"134,280","10,464","144,744",555,161,248,133,"6,006,967","329,212","6,336,179","136,658","24,566","12,863","2,533"
Locality: 710 NORFOLK CITY,0213,213 - TAYLOR ELEMENTARY SCHOOL,"2,927",225,"3,152",34,12,26,48,"134,280","10,464","144,744",555,161,248,133,"6,006,967","329,212","6,336,179","136,658","24,566","12,863","2,533"
Locality: 710 NORFOLK CITY,0214,214 - VIRGINIA ZOO,"2,902",226,"3,128",32,10,8,48,"134,280","10,464","144,744",555,161,248,133,"6,006,967","329,212","6,336,179","136,658","24,566","12,863","2,533"
Locality: 710 NORFOLK CITY,0215,215 - SUBURBAN PARK,"2,208",136,"2,344",9,3,3,48,"134,280","10,464","144,744",555,161,248,133,"6,006,967","329,212","6,336,179","136,658","24,566","12,863","2,533"
Locality: 710 NORFOLK CITY,0218,218 - WILLARD,"3,607",166,"3,773",31,12,17,48,"134,280","10,464","144,744",555,161,248,133,"6,006,967","329,212","6,336,179","136,658","24,566","12,863","2,533"
Locality: 710 NORFOLK CITY,0301,301 - BALLENTINE,"2,852",239,"3,091",8,,3,48,"134,280","10,464","144,744",555,161,248,133,"6,006,967","329,212","6,336,179","136,658","24,566","12,863","2,533"
Locality: 710 NORFOLK CITY,0302,302 - TANNERS CREEK,"1,965",197,"2,162",6,1,,48,"134,280","10,464","144,744",555,161,248,133,"6,006,967","329,212","6,336,179","136,658","24,566","12,863","2,533"
Locality: 710 NORFOLK CITY,0303,303 - BROAD CREEK,"3,192",208,"3,400",6,2,3,48,"134,280","10,464","144,744",555,161,248,133,"6,006,967","329,212","6,336,179","136,658","24,566","12,863","2,533"
Locality: 710 NORFOLK CITY,0304,304 - COLEMAN PLACE SCHOOL,"1,623",112,"1,735",1,,,48,"134,280","10,464","144,744",555,161,248,133,"6,006,967","329,212","6,336,179","136,658","24,566","12,863","2,533"
Locality: 710 NORFOLK CITY,0305,305 - LAFAYETTE-WINONA,"2,191",125,"2,316",7,1,3,48,"134,280","10,464","144,744",555,161,248,133,"6,006,967","329,212","6,336,179","136,658","24,566","12,863","2,533"
Locality: 710 NORFOLK CITY,0306,306 - LINDENWOOD,"1,819",131,"1,950",3,3,4,48,"134,280","10,464","144,744",555,161,248,133,"6,006,967","329,212","6,336,179","136,658","24,566","12,863","2,533"
Locality: 710 NORFOLK CITY,0309,309 - NORVIEW,"4,829",329,"5,158",15,3,2,48,"134,280","10,464","144,744",555,161,248,133,"6,006,967","329,212","6,336,179","136,658","24,566","12,863","2,533"
Locality: 710 NORFOLK CITY,0310,310 - ROSEMONT,"3,902",306,"4,208",8,,2,48,"134,280","10,464","144,744",555,161,248,133,"6,006,967","329,212","6,336,179","136,658","24,566","12,863","2,533"
Locality: 710 NORFOLK CITY,0311,311 - SHERWOOD,"4,898",349,"5,247",10,4,2,48,"134,280","10,464","144,744",555,161,248,133,"6,006,967","329,212","6,336,179","136,658","24,566","12,863","2,533"
Locality: 710 NORFOLK CITY,0313,313 - UNION CHAPEL,"1,524",120,"1,644",4,,,48,"134,280","10,464","144,744",555,161,248,133,"6,006,967","329,212","6,336,179","136,658","24,566","12,863","2,533"
Locality: 710 NORFOLK CITY,0402,402 - BERKLEY,"2,096",110,"2,206",,,,48,"134,280","10,464","144,744",555,161,248,133,"6,006,967","329,212","6,336,179","136,658","24,566","12,863","2,533"
Locality: 710 NORFOLK CITY,0404,404 - CAMPOSTELLA,"2,647",194,"2,841",3,,3,48,"134,280","10,464","144,744",555,161,248,133,"6,006,967","329,212","6,336,179","136,658","24,566","12,863","2,533"
Locality: 710 NORFOLK CITY,0405,405 - CHESTERFIELD,"3,009",181,"3,190",6,2,2,48,"134,280","10,464","144,744",555,161,248,133,"6,006,967","329,212","6,336,179","136,658","24,566","12,863","2,533"
Locality: 710 NORFOLK CITY,0406,406 - BARRON BLACK,"1,915",82,"1,997",6,3,2,48,"134,280","10,464","144,744",555,161,248,133,"6,006,967","329,212","6,336,179","136,658","24,566","12,863","2,533"
Locality: 710 NORFOLK CITY,0408,408 - EASTSIDE,"3,164",194,"3,358",5,1,,48,"134,280","10,464","144,744",555,161,248,133,"6,006,967","329,212","6,336,179","136,658","24,566","12,863","2,533"
Locality: 710 NORFOLK CITY,0409,409 - FAIRLAWN,"2,263",130,"2,393",3,,1,48,"134,280","10,464","144,744",555,161,248,133,"6,006,967","329,212","6,336,179","136,658","24,566","12,863","2,533"
Locality: 710 NORFOLK CITY,0411,411 - RUFFNER ACADEMY,"1,641",180,"1,821",1,,,48,"134,280","10,464","144,744",555,161,248,133,"6,006,967","329,212","6,336,179","136,658","24,566","12,863","2,533"
Locality: 710 NORFOLK CITY,0412,412 - INGLESIDE,"2,169",182,"2,351",5,5,1,48,"134,280","10,464","144,744",555,161,248,133,"6,006,967","329,212","6,336,179","136,658","24,566","12,863","2,533"
Locality: 710 NORFOLK CITY,0413,413 - POPLAR HALLS,"3,676",244,"3,920",5,3,3,48,"134,280","10,464","144,744",555,161,248,133,"6,006,967","329,212","6,336,179","136,658","24,566","12,863","2,533"
Locality: 710 NORFOLK CITY,0414,414 - YOUNG PARK,"2,756",229,"2,985",1,,2,48,"134,280","10,464","144,744",555,161,248,133,"6,006,967","329,212","6,336,179","136,658","24,566","12,863","2,533"
Locality: 710 NORFOLK CITY,0415,415 - LAKE TAYLOR HIGH SCHOOL,"2,640",182,"2,822",8,2,2,48,"134,280","10,464","144,744",555,161,248,133,"6,006,967","329,212","6,336,179","136,658","24,566","12,863","2,533"
Locality: 710 NORFOLK CITY,0501,501 - BAYVIEW,"3,272",274,"3,546",13,4,4,48,"134,280","10,464","144,744",555,161,248,133,"6,006,967","329,212","6,336,179","136,658","24,566","12,863","2,533"
Locality: 710 NORFOLK CITY,0503,503 - EAST OCEAN VIEW,"4,014",334,"4,348",28,9,8,48,"134,280","10,464","144,744",555,161,248,133,"6,006,967","329,212","6,336,179","136,658","24,566","12,863","2,533"
Locality: 710 NORFOLK CITY,0504,504 - LARRYMORE,"2,436",158,"2,594",5,,8,48,"134,280","10,464","144,744",555,161,248,133,"6,006,967","329,212","6,336,179","136,658","24,566","12,863","2,533"
Locality: 710 NORFOLK CITY,0505,505 - LITTLE CREEK,"2,072",159,"2,231",10,,,48,"134,280","10,464","144,744",555,161,248,133,"6,006,967","329,212","6,336,179","136,658","24,566","12,863","2,533"
Locality: 710 NORFOLK CITY,0506,506 - OCEAN VIEW GOLF COURSE,"4,009",414,"4,423",11,3,4,48,"134,280","10,464","144,744",555,161,248,133,"6,006,967","329,212","6,336,179","136,658","24,566","12,863","2,533"
Locality: 710 NORFOLK CITY,0507,507 - PRETLOW,"3,136",279,"3,415",6,4,2,48,"134,280","10,464","144,744",555,161,248,133,"6,006,967","329,212","6,336,179","136,658","24,566","12,863","2,533"
Locality: 710 NORFOLK CITY,0509,509 - TARRALLTON,"2,975",176,"3,151",15,3,6,48,"134,280","10,464","144,744",555,161,248,133,"6,006,967","329,212","6,336,179","136,658","24,566","12,863","2,533"
Locality: 710 NORFOLK CITY,0510,510 - THIRD PRESBYTERIAN,"3,079",159,"3,238",16,3,3,48,"134,280","10,464","144,744",555,161,248,133,"6,006,967","329,212","6,336,179","136,658","24,566","12,863","2,533"
Locality: 710 NORFOLK CITY,0511,511 - CROSSROADS,"2,987",211,"3,198",13,,3,48,"134,280","10,464","144,744",555,161,248,133,"6,006,967","329,212","6,336,179","136,658","24,566","12,863","2,533"
Locality: 710 NORFOLK CITY,0512,512 - AZALEA GARDENS,"1,754",115,"1,869",3,,,48,"134,280","10,464","144,744",555,161,248,133,"6,006,967","329,212","6,336,179","136,658","24,566","12,863","2,533"
Locality: 720 NORTON CITY,0001,001 - EAST WARD,"2,536",116,"2,652",18,,,1,"2,536",116,"2,652",18,,,133,"6,006,967","329,212","6,336,179","136,658","24,566","12,863","2,533"
Locality: 730 PETERSBURG CITY,0101,101 - FIRST WARD FIRST PRECINCT,"2,890",271,"3,161",97,2,1,7,"22,442","2,078","24,520",640,43,6,133,"6,006,967","329,212","6,336,179","136,658","24,566","12,863","2,533"
Locality: 730 PETERSBURG CITY,0201,201 - SECOND WARD FIRST PRECINCT,"3,301",329,"3,630",113,6,1,7,"22,442","2,078","24,520",640,43,6,133,"6,006,967","329,212","6,336,179","136,658","24,566","12,863","2,533"
Locality: 730 PETERSBURG CITY,0301,301 - THIRD WARD FIRST PRECINCT,"3,535",239,"3,774",72,17,2,7,"22,442","2,078","24,520",640,43,6,133,"6,006,967","329,212","6,336,179","136,658","24,566","12,863","2,533"
Locality: 730 PETERSBURG CITY,0401,401 - FOURTH WARD FIRST PRECINCT,"3,054",308,"3,362",109,5,2,7,"22,442","2,078","24,520",640,43,6,133,"6,006,967","329,212","6,336,179","136,658","24,566","12,863","2,533"
Locality: 730 PETERSBURG CITY,0501,501 - FIFTH WARD FIRST PRECINCT,"3,133",319,"3,452",88,5,,7,"22,442","2,078","24,520",640,43,6,133,"6,006,967","329,212","6,336,179","136,658","24,566","12,863","2,533"
Locality: 730 PETERSBURG CITY,0601,601 - SIXTH WARD FIRST PRECINCT,"3,239",349,"3,588",76,1,,7,"22,442","2,078","24,520",640,43,6,133,"6,006,967","329,212","6,336,179","136,658","24,566","12,863","2,533"
Locality: 730 PETERSBURG CITY,0701,701 - SEVENTH WARD FIRST PRECINCT,"3,290",263,"3,553",85,7,,7,"22,442","2,078","24,520",640,43,6,133,"6,006,967","329,212","6,336,179","136,658","24,566","12,863","2,533"
Locality: 735 POQUOSON CITY,0001,001 - CENTRAL,"3,450",134,"3,584",143,6,7,3,"9,886",337,"10,223",418,19,14,133,"6,006,967","329,212","6,336,179","136,658","24,566","12,863","2,533"
Locality: 735 POQUOSON CITY,0002,002 - EASTERN,"3,267",111,"3,378",147,5,3,3,"9,886",337,"10,223",418,19,14,133,"6,006,967","329,212","6,336,179","136,658","24,566","12,863","2,533"
Locality: 735 POQUOSON CITY,0003,003 - WESTERN,"3,169",92,"3,261",128,8,4,3,"9,886",337,"10,223",418,19,14,133,"6,006,967","329,212","6,336,179","136,658","24,566","12,863","2,533"
Locality: 740 PORTSMOUTH CITY,0001,001 - EMANUEL A. M. E. CHURCH ,"2,626",295,"2,921",226,14,10,31,"65,627","4,244","69,871","3,539",101,72,133,"6,006,967","329,212","6,336,179","136,658","24,566","12,863","2,533"
Locality: 740 PORTSMOUTH CITY,0005,005 - CHARLES A. FISHER MEMORIAL ACADEMY,"1,628",140,"1,768",75,,1,31,"65,627","4,244","69,871","3,539",101,72,133,"6,006,967","329,212","6,336,179","136,658","24,566","12,863","2,533"
Locality: 740 PORTSMOUTH CITY,0007,007- PARK VIEW ELEMENTARY SCHOOL,"1,662",136,"1,798",193,2,1,31,"65,627","4,244","69,871","3,539",101,72,133,"6,006,967","329,212","6,336,179","136,658","24,566","12,863","2,533"
Locality: 740 PORTSMOUTH CITY,0009,009 - THIRD BAPTIST CHURCH,"2,346",151,"2,497",105,4,,31,"65,627","4,244","69,871","3,539",101,72,133,"6,006,967","329,212","6,336,179","136,658","24,566","12,863","2,533"
Locality: 740 PORTSMOUTH CITY,0010,010 - MOUNT HERMON PRESCHOOL CENTER,"1,275",94,"1,369",99,3,1,31,"65,627","4,244","69,871","3,539",101,72,133,"6,006,967","329,212","6,336,179","136,658","24,566","12,863","2,533"
Locality: 740 PORTSMOUTH CITY,0011,011 - JOSEPH E. PARKER RECREATION CENTER,"1,647",109,"1,756",47,1,1,31,"65,627","4,244","69,871","3,539",101,72,133,"6,006,967","329,212","6,336,179","136,658","24,566","12,863","2,533"
Locality: 740 PORTSMOUTH CITY,0013,013 - ST. MARK MISSIONARY BAPTIST CHURCH,"1,323",127,"1,450",67,,1,31,"65,627","4,244","69,871","3,539",101,72,133,"6,006,967","329,212","6,336,179","136,658","24,566","12,863","2,533"
Locality: 740 PORTSMOUTH CITY,0014,014 - BRIGHTON ELEMENTARY SCHOOL,"2,081",177,"2,258",103,2,1,31,"65,627","4,244","69,871","3,539",101,72,133,"6,006,967","329,212","6,336,179","136,658","24,566","12,863","2,533"
Locality: 740 PORTSMOUTH CITY,0016,016 - CRADOCK MIDDLE SCHOOL,"2,259",198,"2,457",204,3,1,31,"65,627","4,244","69,871","3,539",101,72,133,"6,006,967","329,212","6,336,179","136,658","24,566","12,863","2,533"
Locality: 740 PORTSMOUTH CITY,0017,017 - VICTORY LIFE FELLOWSHIP,"2,847",233,"3,080",179,2,1,31,"65,627","4,244","69,871","3,539",101,72,133,"6,006,967","329,212","6,336,179","136,658","24,566","12,863","2,533"
Locality: 740 PORTSMOUTH CITY,0019,019 - VICTORY ELEMENTARY SCHOOL,"1,198",77,"1,275",63,3,,31,"65,627","4,244","69,871","3,539",101,72,133,"6,006,967","329,212","6,336,179","136,658","24,566","12,863","2,533"
Locality: 740 PORTSMOUTH CITY,0020,020 - NOBLE STREET BAPTIST CHURCH,"2,288",149,"2,437",180,1,2,31,"65,627","4,244","69,871","3,539",101,72,133,"6,006,967","329,212","6,336,179","136,658","24,566","12,863","2,533"
Locality: 740 PORTSMOUTH CITY,0021,021 - HENDRICKS/KENDALL RECREATION CENTER,"1,253",126,"1,379",59,2,,31,"65,627","4,244","69,871","3,539",101,72,133,"6,006,967","329,212","6,336,179","136,658","24,566","12,863","2,533"
Locality: 740 PORTSMOUTH CITY,0022,022 - ST. MARK DELIVERANCE CENTER,"2,178",133,"2,311",140,2,1,31,"65,627","4,244","69,871","3,539",101,72,133,"6,006,967","329,212","6,336,179","136,658","24,566","12,863","2,533"
Locality: 740 PORTSMOUTH CITY,0023,023 - WESTHAVEN BAPTIST CHURCH,"1,878",97,"1,975",101,,,31,"65,627","4,244","69,871","3,539",101,72,133,"6,006,967","329,212","6,336,179","136,658","24,566","12,863","2,533"
Locality: 740 PORTSMOUTH CITY,0024,024 - THE SENIOR STATION,"1,633",100,"1,733",80,4,1,31,"65,627","4,244","69,871","3,539",101,72,133,"6,006,967","329,212","6,336,179","136,658","24,566","12,863","2,533"
Locality: 740 PORTSMOUTH CITY,0025,025 - WATERVIEW ELEMENTARY SCHOOL,"1,929",113,"2,042",125,7,4,31,"65,627","4,244","69,871","3,539",101,72,133,"6,006,967","329,212","6,336,179","136,658","24,566","12,863","2,533"
Locality: 740 PORTSMOUTH CITY,0026,026 - WILLIAM E. WATERS MIDDLE SCHOOL,"1,902",84,"1,986",65,1,,31,"65,627","4,244","69,871","3,539",101,72,133,"6,006,967","329,212","6,336,179","136,658","24,566","12,863","2,533"
Locality: 740 PORTSMOUTH CITY,0027,027 - CAVALIER MANOR RECREATION CENTER,"1,827",105,"1,932",56,2,,31,"65,627","4,244","69,871","3,539",101,72,133,"6,006,967","329,212","6,336,179","136,658","24,566","12,863","2,533"
Locality: 740 PORTSMOUTH CITY,0028,028 - LAKEVIEW ELEMENTARY SCHOOL,"2,477",93,"2,570",63,1,2,31,"65,627","4,244","69,871","3,539",101,72,133,"6,006,967","329,212","6,336,179","136,658","24,566","12,863","2,533"
Locality: 740 PORTSMOUTH CITY,0029,029 - MANOR HIGH SCHOOL,"1,261",68,"1,329",41,3,1,31,"65,627","4,244","69,871","3,539",101,72,133,"6,006,967","329,212","6,336,179","136,658","24,566","12,863","2,533"
Locality: 740 PORTSMOUTH CITY,0030,030 - THE RESCUE CHURCH,"1,812",111,"1,923",77,,,31,"65,627","4,244","69,871","3,539",101,72,133,"6,006,967","329,212","6,336,179","136,658","24,566","12,863","2,533"
Locality: 740 PORTSMOUTH CITY,0031,031 - WEST PARK CHURCH OF CHRIST ,"2,922",239,"3,161",98,2,3,31,"65,627","4,244","69,871","3,539",101,72,133,"6,006,967","329,212","6,336,179","136,658","24,566","12,863","2,533"
Locality: 740 PORTSMOUTH CITY,0032,032 - HODGES MANOR ELEMENTARY SCHOOL ,"1,478",61,"1,539",54,3,1,31,"65,627","4,244","69,871","3,539",101,72,133,"6,006,967","329,212","6,336,179","136,658","24,566","12,863","2,533"
Locality: 740 PORTSMOUTH CITY,0033,033- PINECREST BAPTIST CHURCH,"1,283",47,"1,330",60,1,1,31,"65,627","4,244","69,871","3,539",101,72,133,"6,006,967","329,212","6,336,179","136,658","24,566","12,863","2,533"
Locality: 740 PORTSMOUTH CITY,0034,034- CHURCHLAND BRANCH LIBRARY,"1,755",83,"1,838",85,7,10,31,"65,627","4,244","69,871","3,539",101,72,133,"6,006,967","329,212","6,336,179","136,658","24,566","12,863","2,533"
Locality: 740 PORTSMOUTH CITY,0035,035 - CHURCHLAND ELEMENTARY SCHOOL,"2,266",115,"2,381",111,3,4,31,"65,627","4,244","69,871","3,539",101,72,133,"6,006,967","329,212","6,336,179","136,658","24,566","12,863","2,533"
Locality: 740 PORTSMOUTH CITY,0036,036 - CHURCHLAND HIGH SCHOOL,"3,863",169,"4,032",225,11,9,31,"65,627","4,244","69,871","3,539",101,72,133,"6,006,967","329,212","6,336,179","136,658","24,566","12,863","2,533"
Locality: 740 PORTSMOUTH CITY,0037,037 - CHURCHLAND MIDDLE SCHOOL,"3,298",193,"3,491",158,3,9,31,"65,627","4,244","69,871","3,539",101,72,133,"6,006,967","329,212","6,336,179","136,658","24,566","12,863","2,533"
Locality: 740 PORTSMOUTH CITY,0038,038 - GROVE BAPTIST CHURCH,"3,864",267,"4,131",191,3,1,31,"65,627","4,244","69,871","3,539",101,72,133,"6,006,967","329,212","6,336,179","136,658","24,566","12,863","2,533"
Locality: 740 PORTSMOUTH CITY,0039,039 - CHURCHLAND PRIMARY AND INTERMEDIATE SCHOOL,"3,568",154,"3,722",209,11,5,31,"65,627","4,244","69,871","3,539",101,72,133,"6,006,967","329,212","6,336,179","136,658","24,566","12,863","2,533"
Locality: 750 RADFORD CITY,0001,001 - EAST PRECINCT,"2,145",373,"2,518",29,,,4,"8,775",914,"9,689",82,8,,133,"6,006,967","329,212","6,336,179","136,658","24,566","12,863","2,533"
Locality: 750 RADFORD CITY,0002,002 - CENTRAL PRECINCT,"2,240",113,"2,353",23,5,,4,"8,775",914,"9,689",82,8,,133,"6,006,967","329,212","6,336,179","136,658","24,566","12,863","2,533"
Locality: 750 RADFORD CITY,0003,003 - WEST PRECINCT,"2,678",167,"2,845",20,,,4,"8,775",914,"9,689",82,8,,133,"6,006,967","329,212","6,336,179","136,658","24,566","12,863","2,533"
Locality: 750 RADFORD CITY,0004,004 - NEW RIVER PRECINCT,"1,712",261,"1,973",10,3,,4,"8,775",914,"9,689",82,8,,133,"6,006,967","329,212","6,336,179","136,658","24,566","12,863","2,533"
Locality: 760 RICHMOND CITY,0101,101 - ONE HUNDRED ONE,"1,232",347,"1,579",1,20,12,72,"151,088","12,050","163,138",304,355,426,133,"6,006,967","329,212","6,336,179","136,658","24,566","12,863","2,533"
Locality: 760 RICHMOND CITY,0102,102 - ONE HUNDRED TWO,"1,334",44,"1,378",1,5,6,72,"151,088","12,050","163,138",304,355,426,133,"6,006,967","329,212","6,336,179","136,658","24,566","12,863","2,533"
Locality: 760 RICHMOND CITY,0104,104 - ONE HUNDRED FOUR,"2,019",47,"2,066",3,6,7,72,"151,088","12,050","163,138",304,355,426,133,"6,006,967","329,212","6,336,179","136,658","24,566","12,863","2,533"
Locality: 760 RICHMOND CITY,0105,105 - ONE HUNDRED FIVE,"1,755",116,"1,871",4,6,11,72,"151,088","12,050","163,138",304,355,426,133,"6,006,967","329,212","6,336,179","136,658","24,566","12,863","2,533"
Locality: 760 RICHMOND CITY,0106,106 - ONE HUNDRED SIX,"2,109",54,"2,163",2,12,9,72,"151,088","12,050","163,138",304,355,426,133,"6,006,967","329,212","6,336,179","136,658","24,566","12,863","2,533"
Locality: 760 RICHMOND CITY,0111,111 - ONE HUNDRED ELEVEN,"1,764",57,"1,821",4,8,15,72,"151,088","12,050","163,138",304,355,426,133,"6,006,967","329,212","6,336,179","136,658","24,566","12,863","2,533"
Locality: 760 RICHMOND CITY,0112,112 - ONE HUNDRED TWELVE,"1,538",73,"1,611",1,8,8,72,"151,088","12,050","163,138",304,355,426,133,"6,006,967","329,212","6,336,179","136,658","24,566","12,863","2,533"
Locality: 760 RICHMOND CITY,0113,113 - ONE HUNDRED THIRTEEN,"2,845",179,"3,024",2,14,17,72,"151,088","12,050","163,138",304,355,426,133,"6,006,967","329,212","6,336,179","136,658","24,566","12,863","2,533"
Locality: 760 RICHMOND CITY,0114,114 - ONE HUNDRED FOURTEEN,"2,898",169,"3,067",5,16,21,72,"151,088","12,050","163,138",304,355,426,133,"6,006,967","329,212","6,336,179","136,658","24,566","12,863","2,533"
Locality: 760 RICHMOND CITY,0115,115 - ONE HUNDRED FIFTEEN,"1,528",76,"1,604",,7,9,72,"151,088","12,050","163,138",304,355,426,133,"6,006,967","329,212","6,336,179","136,658","24,566","12,863","2,533"
Locality: 760 RICHMOND CITY,0204,204 - TWO HUNDRED FOUR,"2,149",153,"2,302",6,8,12,72,"151,088","12,050","163,138",304,355,426,133,"6,006,967","329,212","6,336,179","136,658","24,566","12,863","2,533"
Locality: 760 RICHMOND CITY,0206,206 - TWO HUNDRED SIX,"1,364",137,"1,501",1,9,5,72,"151,088","12,050","163,138",304,355,426,133,"6,006,967","329,212","6,336,179","136,658","24,566","12,863","2,533"
Locality: 760 RICHMOND CITY,0207,207 - TWO HUNDRED SEVEN,"2,539",191,"2,730",4,15,23,72,"151,088","12,050","163,138",304,355,426,133,"6,006,967","329,212","6,336,179","136,658","24,566","12,863","2,533"
Locality: 760 RICHMOND CITY,0208,208 - TWO HUNDRED EIGHT,"2,785",177,"2,962",5,18,16,72,"151,088","12,050","163,138",304,355,426,133,"6,006,967","329,212","6,336,179","136,658","24,566","12,863","2,533"
Locality: 760 RICHMOND CITY,0213,213 - TWO HUNDRED THIRTEEN,"3,045",307,"3,352",11,6,4,72,"151,088","12,050","163,138",304,355,426,133,"6,006,967","329,212","6,336,179","136,658","24,566","12,863","2,533"
Locality: 760 RICHMOND CITY,0214,214 - TWO HUNDRED FOURTEEN,"2,178",242,"2,420",6,1,9,72,"151,088","12,050","163,138",304,355,426,133,"6,006,967","329,212","6,336,179","136,658","24,566","12,863","2,533"
Locality: 760 RICHMOND CITY,0215,215 - TWO HUNDRED FIFTEEN,"3,336",317,"3,653",5,3,2,72,"151,088","12,050","163,138",304,355,426,133,"6,006,967","329,212","6,336,179","136,658","24,566","12,863","2,533"
Locality: 760 RICHMOND CITY,0216,216 - TWO HUNDRED SIXTEEN,710,60,770,4,,4,72,"151,088","12,050","163,138",304,355,426,133,"6,006,967","329,212","6,336,179","136,658","24,566","12,863","2,533"
Locality: 760 RICHMOND CITY,0301,301 - THREE HUNDRED ONE,"1,513",125,"1,638",4,,,72,"151,088","12,050","163,138",304,355,426,133,"6,006,967","329,212","6,336,179","136,658","24,566","12,863","2,533"
Locality: 760 RICHMOND CITY,0302,302 - THREE HUNDRED TWO,"1,485",112,"1,597",3,3,6,72,"151,088","12,050","163,138",304,355,426,133,"6,006,967","329,212","6,336,179","136,658","24,566","12,863","2,533"
Locality: 760 RICHMOND CITY,0303,303 - THREE HUNDRED THREE,"1,241",59,"1,300",2,2,3,72,"151,088","12,050","163,138",304,355,426,133,"6,006,967","329,212","6,336,179","136,658","24,566","12,863","2,533"
Locality: 760 RICHMOND CITY,0304,304 - THREE HUNDRED FOUR,"2,345",154,"2,499",5,5,3,72,"151,088","12,050","163,138",304,355,426,133,"6,006,967","329,212","6,336,179","136,658","24,566","12,863","2,533"
Locality: 760 RICHMOND CITY,0305,305 - THREE HUNDRED FIVE,"2,255",162,"2,417",2,5,1,72,"151,088","12,050","163,138",304,355,426,133,"6,006,967","329,212","6,336,179","136,658","24,566","12,863","2,533"
Locality: 760 RICHMOND CITY,0306,306 - THREE HUNDRED SIX,"1,453",193,"1,646",2,,2,72,"151,088","12,050","163,138",304,355,426,133,"6,006,967","329,212","6,336,179","136,658","24,566","12,863","2,533"
Locality: 760 RICHMOND CITY,0307,307 - THREE HUNDRED SEVEN,"3,411",166,"3,577",5,15,25,72,"151,088","12,050","163,138",304,355,426,133,"6,006,967","329,212","6,336,179","136,658","24,566","12,863","2,533"
Locality: 760 RICHMOND CITY,0308,308 - THREE HUNDRED EIGHT,"1,768",106,"1,874",1,5,12,72,"151,088","12,050","163,138",304,355,426,133,"6,006,967","329,212","6,336,179","136,658","24,566","12,863","2,533"
Locality: 760 RICHMOND CITY,0309,309 - THREE HUNDRED NINE,909,82,991,,3,4,72,"151,088","12,050","163,138",304,355,426,133,"6,006,967","329,212","6,336,179","136,658","24,566","12,863","2,533"
Locality: 760 RICHMOND CITY,0310,310 - THREE HUNDRED TEN,948,92,"1,040",,,,72,"151,088","12,050","163,138",304,355,426,133,"6,006,967","329,212","6,336,179","136,658","24,566","12,863","2,533"
Locality: 760 RICHMOND CITY,0311,311 - THREE HUNDRED ELEVEN,862,70,932,,,1,72,"151,088","12,050","163,138",304,355,426,133,"6,006,967","329,212","6,336,179","136,658","24,566","12,863","2,533"
Locality: 760 RICHMOND CITY,0402,402 - FOUR HUNDRED TWO,"3,390",108,"3,498",8,15,21,72,"151,088","12,050","163,138",304,355,426,133,"6,006,967","329,212","6,336,179","136,658","24,566","12,863","2,533"
Locality: 760 RICHMOND CITY,0404,404 - FOUR HUNDRED FOUR,"2,423",176,"2,599",1,3,5,72,"151,088","12,050","163,138",304,355,426,133,"6,006,967","329,212","6,336,179","136,658","24,566","12,863","2,533"
Locality: 760 RICHMOND CITY,0409,409 - FOUR HUNDRED NINE,"1,956",70,"2,026",3,4,9,72,"151,088","12,050","163,138",304,355,426,133,"6,006,967","329,212","6,336,179","136,658","24,566","12,863","2,533"
Locality: 760 RICHMOND CITY,0410,410 - FOUR HUNDRED TEN,"2,176",208,"2,384",5,6,3,72,"151,088","12,050","163,138",304,355,426,133,"6,006,967","329,212","6,336,179","136,658","24,566","12,863","2,533"
Locality: 760 RICHMOND CITY,0412,412 - FOUR HUNDRED TWELVE,"2,670",223,"2,893",9,1,,72,"151,088","12,050","163,138",304,355,426,133,"6,006,967","329,212","6,336,179","136,658","24,566","12,863","2,533"
Locality: 760 RICHMOND CITY,0413,413 - FOUR HUNDRED THIRTEEN,"1,900",51,"1,951",6,11,7,72,"151,088","12,050","163,138",304,355,426,133,"6,006,967","329,212","6,336,179","136,658","24,566","12,863","2,533"
Locality: 760 RICHMOND CITY,0414,414 - FOUR HUNDRED FOURTEEN,"2,124",57,"2,181",4,9,7,72,"151,088","12,050","163,138",304,355,426,133,"6,006,967","329,212","6,336,179","136,658","24,566","12,863","2,533"
Locality: 760 RICHMOND CITY,0415,415 - FOUR HUNDRED FIFTEEN,"2,066",109,"2,175",7,6,7,72,"151,088","12,050","163,138",304,355,426,133,"6,006,967","329,212","6,336,179","136,658","24,566","12,863","2,533"
Locality: 760 RICHMOND CITY,0501,501 - FIVE HUNDRED ONE,"2,616",126,"2,742",5,7,19,72,"151,088","12,050","163,138",304,355,426,133,"6,006,967","329,212","6,336,179","136,658","24,566","12,863","2,533"
Locality: 760 RICHMOND CITY,0503,503 - FIVE HUNDRED THREE,"2,680",136,"2,816",2,9,4,72,"151,088","12,050","163,138",304,355,426,133,"6,006,967","329,212","6,336,179","136,658","24,566","12,863","2,533"
Locality: 760 RICHMOND CITY,0504,504 - FIVE HUNDRED FOUR,"3,164",264,"3,428",5,9,7,72,"151,088","12,050","163,138",304,355,426,133,"6,006,967","329,212","6,336,179","136,658","24,566","12,863","2,533"
Locality: 760 RICHMOND CITY,0505,505 - FIVE HUNDRED FIVE,"2,134",248,"2,382",8,11,5,72,"151,088","12,050","163,138",304,355,426,133,"6,006,967","329,212","6,336,179","136,658","24,566","12,863","2,533"
Locality: 760 RICHMOND CITY,0508,508 - FIVE HUNDRED EIGHT,"1,312",65,"1,377",2,6,9,72,"151,088","12,050","163,138",304,355,426,133,"6,006,967","329,212","6,336,179","136,658","24,566","12,863","2,533"
Locality: 760 RICHMOND CITY,0509,509 - FIVE HUNDRED NINE,"2,083",214,"2,297",5,1,3,72,"151,088","12,050","163,138",304,355,426,133,"6,006,967","329,212","6,336,179","136,658","24,566","12,863","2,533"
Locality: 760 RICHMOND CITY,0510,510 - FIVE HUNDRED TEN,"2,643",173,"2,816",6,3,2,72,"151,088","12,050","163,138",304,355,426,133,"6,006,967","329,212","6,336,179","136,658","24,566","12,863","2,533"
Locality: 760 RICHMOND CITY,0602,602 - SIX HUNDRED TWO,"2,225",204,"2,429",4,1,,72,"151,088","12,050","163,138",304,355,426,133,"6,006,967","329,212","6,336,179","136,658","24,566","12,863","2,533"
Locality: 760 RICHMOND CITY,0603,603 - SIX HUNDRED THREE,"1,522",100,"1,622",4,3,1,72,"151,088","12,050","163,138",304,355,426,133,"6,006,967","329,212","6,336,179","136,658","24,566","12,863","2,533"
Locality: 760 RICHMOND CITY,0604,604 - SIX HUNDRED FOUR,"1,702",114,"1,816",4,,1,72,"151,088","12,050","163,138",304,355,426,133,"6,006,967","329,212","6,336,179","136,658","24,566","12,863","2,533"
Locality: 760 RICHMOND CITY,0606,606 - SIX HUNDRED SIX,"2,451",259,"2,710",7,3,5,72,"151,088","12,050","163,138",304,355,426,133,"6,006,967","329,212","6,336,179","136,658","24,566","12,863","2,533"
Locality: 760 RICHMOND CITY,0607,607 - SIX HUNDRED SEVEN,"2,389",321,"2,710",6,4,12,72,"151,088","12,050","163,138",304,355,426,133,"6,006,967","329,212","6,336,179","136,658","24,566","12,863","2,533"
Locality: 760 RICHMOND CITY,0609,609 - SIX HUNDRED NINE,"2,929",383,"3,312",10,4,1,72,"151,088","12,050","163,138",304,355,426,133,"6,006,967","329,212","6,336,179","136,658","24,566","12,863","2,533"
Locality: 760 RICHMOND CITY,0610,610 - SIX HUNDRED TEN,"1,944",197,"2,141",2,,,72,"151,088","12,050","163,138",304,355,426,133,"6,006,967","329,212","6,336,179","136,658","24,566","12,863","2,533"
Locality: 760 RICHMOND CITY,0611,611 - SIX HUNDRED ELEVEN,"2,130",262,"2,392",5,3,1,72,"151,088","12,050","163,138",304,355,426,133,"6,006,967","329,212","6,336,179","136,658","24,566","12,863","2,533"
Locality: 760 RICHMOND CITY,0701,701 - SEVEN HUNDRED ONE,"1,694",220,"1,914",4,1,2,72,"151,088","12,050","163,138",304,355,426,133,"6,006,967","329,212","6,336,179","136,658","24,566","12,863","2,533"
Locality: 760 RICHMOND CITY,0702,702 - SEVEN HUNDRED TWO,"2,227",159,"2,386",2,2,3,72,"151,088","12,050","163,138",304,355,426,133,"6,006,967","329,212","6,336,179","136,658","24,566","12,863","2,533"
Locality: 760 RICHMOND CITY,0703,703 - SEVEN HUNDRED THREE,"2,501",165,"2,666",4,3,1,72,"151,088","12,050","163,138",304,355,426,133,"6,006,967","329,212","6,336,179","136,658","24,566","12,863","2,533"
Locality: 760 RICHMOND CITY,0705,705 - SEVEN HUNDRED FIVE,"1,957",179,"2,136",9,7,6,72,"151,088","12,050","163,138",304,355,426,133,"6,006,967","329,212","6,336,179","136,658","24,566","12,863","2,533"
Locality: 760 RICHMOND CITY,0706,706 - SEVEN HUNDRED SIX,"3,372",325,"3,697",3,3,5,72,"151,088","12,050","163,138",304,355,426,133,"6,006,967","329,212","6,336,179","136,658","24,566","12,863","2,533"
Locality: 760 RICHMOND CITY,0707,707 - SEVEN HUNDRED SEVEN,"3,632",282,"3,914",13,10,13,72,"151,088","12,050","163,138",304,355,426,133,"6,006,967","329,212","6,336,179","136,658","24,566","12,863","2,533"
Locality: 760 RICHMOND CITY,0708,708 - SEVEN HUNDRED EIGHT,"1,941",283,"2,224",7,2,4,72,"151,088","12,050","163,138",304,355,426,133,"6,006,967","329,212","6,336,179","136,658","24,566","12,863","2,533"
Locality: 760 RICHMOND CITY,0709,709 - SEVEN HUNDRED NINE,"1,544",157,"1,701",7,2,6,72,"151,088","12,050","163,138",304,355,426,133,"6,006,967","329,212","6,336,179","136,658","24,566","12,863","2,533"
Locality: 760 RICHMOND CITY,0802,802 - EIGHT HUNDRED TWO,"1,875",167,"2,042",4,1,2,72,"151,088","12,050","163,138",304,355,426,133,"6,006,967","329,212","6,336,179","136,658","24,566","12,863","2,533"
Locality: 760 RICHMOND CITY,0806,806 - EIGHT HUNDRED SIX,"2,387",171,"2,558",4,,,72,"151,088","12,050","163,138",304,355,426,133,"6,006,967","329,212","6,336,179","136,658","24,566","12,863","2,533"
Locality: 760 RICHMOND CITY,0810,810 - EIGHT HUNDRED TEN,"1,643",193,"1,836",4,,2,72,"151,088","12,050","163,138",304,355,426,133,"6,006,967","329,212","6,336,179","136,658","24,566","12,863","2,533"
Locality: 760 RICHMOND CITY,0811,811 - EIGHT HUNDRED ELEVEN,"2,463",280,"2,743",5,,1,72,"151,088","12,050","163,138",304,355,426,133,"6,006,967","329,212","6,336,179","136,658","24,566","12,863","2,533"
Locality: 760 RICHMOND CITY,0812,812 - EIGHT HUNDRED TWELVE,"2,955",119,"3,074",4,1,1,72,"151,088","12,050","163,138",304,355,426,133,"6,006,967","329,212","6,336,179","136,658","24,566","12,863","2,533"
Locality: 760 RICHMOND CITY,0814,814 - EIGHT HUNDRED FOURTEEN,"1,403",106,"1,509",1,,,72,"151,088","12,050","163,138",304,355,426,133,"6,006,967","329,212","6,336,179","136,658","24,566","12,863","2,533"
Locality: 760 RICHMOND CITY,0902,902 - NINE HUNDRED TWO,859,58,917,,,1,72,"151,088","12,050","163,138",304,355,426,133,"6,006,967","329,212","6,336,179","136,658","24,566","12,863","2,533"
Locality: 760 RICHMOND CITY,0903,903 - NINE HUNDRED THREE,"2,214",142,"2,356",3,,1,72,"151,088","12,050","163,138",304,355,426,133,"6,006,967","329,212","6,336,179","136,658","24,566","12,863","2,533"
Locality: 760 RICHMOND CITY,0908,908 - NINE HUNDRED EIGHT,"2,264",372,"2,636",4,,2,72,"151,088","12,050","163,138",304,355,426,133,"6,006,967","329,212","6,336,179","136,658","24,566","12,863","2,533"
Locality: 760 RICHMOND CITY,0909,909 - NINE HUNDRED NINE,"2,239",217,"2,456",3,2,,72,"151,088","12,050","163,138",304,355,426,133,"6,006,967","329,212","6,336,179","136,658","24,566","12,863","2,533"
Locality: 760 RICHMOND CITY,0910,910 - NINE HUNDRED TEN,"2,160",178,"2,338",11,2,,72,"151,088","12,050","163,138",304,355,426,133,"6,006,967","329,212","6,336,179","136,658","24,566","12,863","2,533"
Locality: 760 RICHMOND CITY,0911,911 - NINE HUNDRED ELEVEN,"1,811",142,"1,953",5,,,72,"151,088","12,050","163,138",304,355,426,133,"6,006,967","329,212","6,336,179","136,658","24,566","12,863","2,533"
Locality: 770 ROANOKE CITY,0001,001 -Peters Creek,"3,064",313,"3,377",23,2,3,20,"62,191","5,059","67,250",421,69,95,133,"6,006,967","329,212","6,336,179","136,658","24,566","12,863","2,533"
Locality: 770 ROANOKE CITY,0002,002 - Grandview,"2,833",237,"3,070",32,5,6,20,"62,191","5,059","67,250",421,69,95,133,"6,006,967","329,212","6,336,179","136,658","24,566","12,863","2,533"
Locality: 770 ROANOKE CITY,0003,003 -Preston Park,"2,902",198,"3,100",20,1,3,20,"62,191","5,059","67,250",421,69,95,133,"6,006,967","329,212","6,336,179","136,658","24,566","12,863","2,533"
Locality: 770 ROANOKE CITY,0004,004 - Williamson Road,"2,945",203,"3,148",25,2,3,20,"62,191","5,059","67,250",421,69,95,133,"6,006,967","329,212","6,336,179","136,658","24,566","12,863","2,533"
Locality: 770 ROANOKE CITY,0005,005 - East Gate,"3,440",210,"3,650",36,,3,20,"62,191","5,059","67,250",421,69,95,133,"6,006,967","329,212","6,336,179","136,658","24,566","12,863","2,533"
Locality: 770 ROANOKE CITY,0006,006 - Hollins Road,"3,273",304,"3,577",19,,3,20,"62,191","5,059","67,250",421,69,95,133,"6,006,967","329,212","6,336,179","136,658","24,566","12,863","2,533"
Locality: 770 ROANOKE CITY,0007,007 - Southeast,"3,098",281,"3,379",16,2,3,20,"62,191","5,059","67,250",421,69,95,133,"6,006,967","329,212","6,336,179","136,658","24,566","12,863","2,533"
Locality: 770 ROANOKE CITY,0008,008 - Lincoln Terrace,"2,918",299,"3,217",20,1,,20,"62,191","5,059","67,250",421,69,95,133,"6,006,967","329,212","6,336,179","136,658","24,566","12,863","2,533"
Locality: 770 ROANOKE CITY,0009,009 - Highland,"3,762",629,"4,391",28,3,8,20,"62,191","5,059","67,250",421,69,95,133,"6,006,967","329,212","6,336,179","136,658","24,566","12,863","2,533"
Locality: 770 ROANOKE CITY,0010,010 - Old Southwest-Wasena,"3,379",316,"3,695",17,4,6,20,"62,191","5,059","67,250",421,69,95,133,"6,006,967","329,212","6,336,179","136,658","24,566","12,863","2,533"
Locality: 770 ROANOKE CITY,0011,011 - RALEIGH COURT,"3,271",206,"3,477",19,11,10,20,"62,191","5,059","67,250",421,69,95,133,"6,006,967","329,212","6,336,179","136,658","24,566","12,863","2,533"
Locality: 770 ROANOKE CITY,0012,012 - SOUTH ROANOKE,"2,750",134,"2,884",15,4,16,20,"62,191","5,059","67,250",421,69,95,133,"6,006,967","329,212","6,336,179","136,658","24,566","12,863","2,533"
Locality: 770 ROANOKE CITY,0013,013 - GARDEN CITY,"3,106",207,"3,313",13,2,2,20,"62,191","5,059","67,250",421,69,95,133,"6,006,967","329,212","6,336,179","136,658","24,566","12,863","2,533"
Locality: 770 ROANOKE CITY,0014,014 - Crystal Spring,"2,978",280,"3,258",19,14,10,20,"62,191","5,059","67,250",421,69,95,133,"6,006,967","329,212","6,336,179","136,658","24,566","12,863","2,533"
Locality: 770 ROANOKE CITY,0015,015 - Grandin Court,"2,675",140,"2,815",17,6,4,20,"62,191","5,059","67,250",421,69,95,133,"6,006,967","329,212","6,336,179","136,658","24,566","12,863","2,533"
Locality: 770 ROANOKE CITY,0016,016 - Deyerle,"2,826",109,"2,935",16,3,3,20,"62,191","5,059","67,250",421,69,95,133,"6,006,967","329,212","6,336,179","136,658","24,566","12,863","2,533"
Locality: 770 ROANOKE CITY,0017,017 - LEE-HI,"3,640",219,"3,859",20,5,7,20,"62,191","5,059","67,250",421,69,95,133,"6,006,967","329,212","6,336,179","136,658","24,566","12,863","2,533"
Locality: 770 ROANOKE CITY,0018,018 - Summit Hills,"2,798",152,"2,950",18,3,,20,"62,191","5,059","67,250",421,69,95,133,"6,006,967","329,212","6,336,179","136,658","24,566","12,863","2,533"
Locality: 770 ROANOKE CITY,0019,019 - Forest Park,"3,406",378,"3,784",24,1,1,20,"62,191","5,059","67,250",421,69,95,133,"6,006,967","329,212","6,336,179","136,658","24,566","12,863","2,533"
Locality: 770 ROANOKE CITY,0020,020 - EUREKA PARK,"3,127",244,"3,371",24,,4,20,"62,191","5,059","67,250",421,69,95,133,"6,006,967","329,212","6,336,179","136,658","24,566","12,863","2,533"
Locality: 775 SALEM CITY,0001,001 - NORTH SALEM NO 2,"2,027",151,"2,178",10,7,7,10,"17,036",942,"17,978",110,23,32,133,"6,006,967","329,212","6,336,179","136,658","24,566","12,863","2,533"
Locality: 775 SALEM CITY,0002,002 - CONEHURST,"1,279",85,"1,364",7,,4,10,"17,036",942,"17,978",110,23,32,133,"6,006,967","329,212","6,336,179","136,658","24,566","12,863","2,533"
Locality: 775 SALEM CITY,0003,003 - BEVERLY HEIGHTS,"1,072",35,"1,107",13,1,4,10,"17,036",942,"17,978",110,23,32,133,"6,006,967","329,212","6,336,179","136,658","24,566","12,863","2,533"
Locality: 775 SALEM CITY,0004,004 - WEST SALEM,"1,641",65,"1,706",5,,2,10,"17,036",942,"17,978",110,23,32,133,"6,006,967","329,212","6,336,179","136,658","24,566","12,863","2,533"
Locality: 775 SALEM CITY,0005,005 - NORTH SALEM NO 1,"2,328",126,"2,454",19,3,5,10,"17,036",942,"17,978",110,23,32,133,"6,006,967","329,212","6,336,179","136,658","24,566","12,863","2,533"
Locality: 775 SALEM CITY,0006,006 - SOUTH SALEM NO 1,"1,397",80,"1,477",2,3,,10,"17,036",942,"17,978",110,23,32,133,"6,006,967","329,212","6,336,179","136,658","24,566","12,863","2,533"
Locality: 775 SALEM CITY,0007,007 - SOUTH SALEM NO 2,"1,639",82,"1,721",9,3,2,10,"17,036",942,"17,978",110,23,32,133,"6,006,967","329,212","6,336,179","136,658","24,566","12,863","2,533"
Locality: 775 SALEM CITY,0008,008 - EAST SALEM,813,55,868,6,,,10,"17,036",942,"17,978",110,23,32,133,"6,006,967","329,212","6,336,179","136,658","24,566","12,863","2,533"
Locality: 775 SALEM CITY,0009,009 - SOUTH SIDE HILLS,"2,315",90,"2,405",18,3,3,10,"17,036",942,"17,978",110,23,32,133,"6,006,967","329,212","6,336,179","136,658","24,566","12,863","2,533"
Locality: 775 SALEM CITY,0010,010 - HIDDEN VALLEY,"2,525",173,"2,698",21,3,5,10,"17,036",942,"17,978",110,23,32,133,"6,006,967","329,212","6,336,179","136,658","24,566","12,863","2,533"
Locality: 790 STAUNTON CITY,0101,101 - WARD NO 1,"4,231",216,"4,447",30,6,6,5,"18,316",871,"19,187",125,32,48,133,"6,006,967","329,212","6,336,179","136,658","24,566","12,863","2,533"
Locality: 790 STAUNTON CITY,0201,201 - WARD NO 2,"4,352",184,"4,536",33,4,5,5,"18,316",871,"19,187",125,32,48,133,"6,006,967","329,212","6,336,179","136,658","24,566","12,863","2,533"
Locality: 790 STAUNTON CITY,0301,301 - WARD NO 3,"3,385",123,"3,508",29,2,9,5,"18,316",871,"19,187",125,32,48,133,"6,006,967","329,212","6,336,179","136,658","24,566","12,863","2,533"
Locality: 790 STAUNTON CITY,0401,401 - WARD NO 4,"2,899",116,"3,015",14,7,9,5,"18,316",871,"19,187",125,32,48,133,"6,006,967","329,212","6,336,179","136,658","24,566","12,863","2,533"
Locality: 790 STAUNTON CITY,0501,501 - WARD NO 5,"3,449",232,"3,681",19,13,19,5,"18,316",871,"19,187",125,32,48,133,"6,006,967","329,212","6,336,179","136,658","24,566","12,863","2,533"
Locality: 800 SUFFOLK CITY,0101,101 - BELLEHARBOUR,"1,434",93,"1,527",123,1,,30,"72,478","4,398","76,876","4,806",106,67,133,"6,006,967","329,212","6,336,179","136,658","24,566","12,863","2,533"
Locality: 800 SUFFOLK CITY,0102,102 - DRIVER,"4,522",173,"4,695",231,12,8,30,"72,478","4,398","76,876","4,806",106,67,133,"6,006,967","329,212","6,336,179","136,658","24,566","12,863","2,533"
Locality: 800 SUFFOLK CITY,0104,104 - BENNETTS CREEK,"1,780",87,"1,867",179,2,,30,"72,478","4,398","76,876","4,806",106,67,133,"6,006,967","329,212","6,336,179","136,658","24,566","12,863","2,533"
Locality: 800 SUFFOLK CITY,0105,105 - HARBOURVIEW,"4,206",228,"4,434",270,22,7,30,"72,478","4,398","76,876","4,806",106,67,133,"6,006,967","329,212","6,336,179","136,658","24,566","12,863","2,533"
Locality: 800 SUFFOLK CITY,0201,201 - EBENEZER,"2,099",77,"2,176",99,4,6,30,"72,478","4,398","76,876","4,806",106,67,133,"6,006,967","329,212","6,336,179","136,658","24,566","12,863","2,533"
Locality: 800 SUFFOLK CITY,0202,202 - CHUCKATUCK,"2,343",90,"2,433",113,2,3,30,"72,478","4,398","76,876","4,806",106,67,133,"6,006,967","329,212","6,336,179","136,658","24,566","12,863","2,533"
Locality: 800 SUFFOLK CITY,0203,203 - KINGS FORK,"3,610",235,"3,845",290,6,2,30,"72,478","4,398","76,876","4,806",106,67,133,"6,006,967","329,212","6,336,179","136,658","24,566","12,863","2,533"
Locality: 800 SUFFOLK CITY,0204,204 - HILLPOINT,"3,673",272,"3,945",361,6,6,30,"72,478","4,398","76,876","4,806",106,67,133,"6,006,967","329,212","6,336,179","136,658","24,566","12,863","2,533"
Locality: 800 SUFFOLK CITY,0301,301 - WHITE MARSH,751,53,804,42,1,,30,"72,478","4,398","76,876","4,806",106,67,133,"6,006,967","329,212","6,336,179","136,658","24,566","12,863","2,533"
Locality: 800 SUFFOLK CITY,0302,302 - JOHN F KENNEDY,"2,907",152,"3,059",134,2,,30,"72,478","4,398","76,876","4,806",106,67,133,"6,006,967","329,212","6,336,179","136,658","24,566","12,863","2,533"
Locality: 800 SUFFOLK CITY,0304,304 - NANSEMOND RIVER,"3,183",181,"3,364",263,2,2,30,"72,478","4,398","76,876","4,806",106,67,133,"6,006,967","329,212","6,336,179","136,658","24,566","12,863","2,533"
Locality: 800 SUFFOLK CITY,0305,305 - SHOULDERS HILL,"1,338",53,"1,391",97,,,30,"72,478","4,398","76,876","4,806",106,67,133,"6,006,967","329,212","6,336,179","136,658","24,566","12,863","2,533"
Locality: 800 SUFFOLK CITY,0306,306 - DEERFIELD,"2,120",131,"2,251",262,4,1,30,"72,478","4,398","76,876","4,806",106,67,133,"6,006,967","329,212","6,336,179","136,658","24,566","12,863","2,533"
Locality: 800 SUFFOLK CITY,0401,401 - AIRPORT,"2,068",96,"2,164",109,1,2,30,"72,478","4,398","76,876","4,806",106,67,133,"6,006,967","329,212","6,336,179","136,658","24,566","12,863","2,533"
Locality: 800 SUFFOLK CITY,0402,402 - WHALEYVILLE,"2,416",112,"2,528",123,3,2,30,"72,478","4,398","76,876","4,806",106,67,133,"6,006,967","329,212","6,336,179","136,658","24,566","12,863","2,533"
Locality: 800 SUFFOLK CITY,0403,403 - SOUTHSIDE,"1,641",194,"1,835",55,1,,30,"72,478","4,398","76,876","4,806",106,67,133,"6,006,967","329,212","6,336,179","136,658","24,566","12,863","2,533"
Locality: 800 SUFFOLK CITY,0404,404 - BOOKER T WASHINGTON,"2,459",170,"2,629",88,3,1,30,"72,478","4,398","76,876","4,806",106,67,133,"6,006,967","329,212","6,336,179","136,658","24,566","12,863","2,533"
Locality: 800 SUFFOLK CITY,0405,405 - HOLLYWOOD,"1,359",96,"1,455",52,1,2,30,"72,478","4,398","76,876","4,806",106,67,133,"6,006,967","329,212","6,336,179","136,658","24,566","12,863","2,533"
Locality: 800 SUFFOLK CITY,0501,501 - KILBYS MILL,"3,330",215,"3,545",150,,4,30,"72,478","4,398","76,876","4,806",106,67,133,"6,006,967","329,212","6,336,179","136,658","24,566","12,863","2,533"
Locality: 800 SUFFOLK CITY,0502,502 - HOLLAND,"2,024",68,"2,092",85,1,,30,"72,478","4,398","76,876","4,806",106,67,133,"6,006,967","329,212","6,336,179","136,658","24,566","12,863","2,533"
Locality: 800 SUFFOLK CITY,0504,504 - LAKE COHOON,"4,506",186,"4,692",290,4,8,30,"72,478","4,398","76,876","4,806",106,67,133,"6,006,967","329,212","6,336,179","136,658","24,566","12,863","2,533"
Locality: 800 SUFFOLK CITY,0505,505 - PITTMANTOWN,"1,677",63,"1,740",85,2,,30,"72,478","4,398","76,876","4,806",106,67,133,"6,006,967","329,212","6,336,179","136,658","24,566","12,863","2,533"
Locality: 800 SUFFOLK CITY,0601,601 - LAKESIDE,"2,973",334,"3,307",115,5,6,30,"72,478","4,398","76,876","4,806",106,67,133,"6,006,967","329,212","6,336,179","136,658","24,566","12,863","2,533"
Locality: 800 SUFFOLK CITY,0602,602 - OLDE TOWNE,913,90,"1,003",37,,3,30,"72,478","4,398","76,876","4,806",106,67,133,"6,006,967","329,212","6,336,179","136,658","24,566","12,863","2,533"
Locality: 800 SUFFOLK CITY,0603,603 - ELEPHANTS FORK/WESTHAVEN,"1,174",117,"1,291",86,2,,30,"72,478","4,398","76,876","4,806",106,67,133,"6,006,967","329,212","6,336,179","136,658","24,566","12,863","2,533"
Locality: 800 SUFFOLK CITY,0604,604 - WILROY,"2,713",149,"2,862",273,6,,30,"72,478","4,398","76,876","4,806",106,67,133,"6,006,967","329,212","6,336,179","136,658","24,566","12,863","2,533"
Locality: 800 SUFFOLK CITY,0605,605 - MACK BENN JR,817,55,872,48,1,,30,"72,478","4,398","76,876","4,806",106,67,133,"6,006,967","329,212","6,336,179","136,658","24,566","12,863","2,533"
Locality: 800 SUFFOLK CITY,0703,703 - PUGHSVILLE,"2,214",135,"2,349",141,3,,30,"72,478","4,398","76,876","4,806",106,67,133,"6,006,967","329,212","6,336,179","136,658","24,566","12,863","2,533"
Locality: 800 SUFFOLK CITY,0704,704 - BURBAGE GRANT,"2,966",167,"3,133",285,6,3,30,"72,478","4,398","76,876","4,806",106,67,133,"6,006,967","329,212","6,336,179","136,658","24,566","12,863","2,533"
Locality: 800 SUFFOLK CITY,0706,706 - HUNTERSVILLE,"3,262",326,"3,588",320,3,1,30,"72,478","4,398","76,876","4,806",106,67,133,"6,006,967","329,212","6,336,179","136,658","24,566","12,863","2,533"
Locality: 810 VIRGINIA BEACH CITY,0001,001 - PRECINCT 1,"4,303",206,"4,509",103,23,18,108,"319,369","17,353","336,722","21,891",900,543,133,"6,006,967","329,212","6,336,179","136,658","24,566","12,863","2,533"
Locality: 810 VIRGINIA BEACH CITY,0002,002 - PRECINCT 2,"4,332",365,"4,697",200,20,5,108,"319,369","17,353","336,722","21,891",900,543,133,"6,006,967","329,212","6,336,179","136,658","24,566","12,863","2,533"
Locality: 810 VIRGINIA BEACH CITY,0003,003 - PRECINCT 3,"2,499",124,"2,623",215,6,4,108,"319,369","17,353","336,722","21,891",900,543,133,"6,006,967","329,212","6,336,179","136,658","24,566","12,863","2,533"
Locality: 810 VIRGINIA BEACH CITY,0004,004 - PRECINCT 4,"3,672",227,"3,899",225,8,13,108,"319,369","17,353","336,722","21,891",900,543,133,"6,006,967","329,212","6,336,179","136,658","24,566","12,863","2,533"
Locality: 810 VIRGINIA BEACH CITY,0005,005 - PRECINCT 5,"3,779",342,"4,121",203,1,3,108,"319,369","17,353","336,722","21,891",900,543,133,"6,006,967","329,212","6,336,179","136,658","24,566","12,863","2,533"
Locality: 810 VIRGINIA BEACH CITY,0006,006 - PRECINCT 6,"3,371",104,"3,475",80,14,15,108,"319,369","17,353","336,722","21,891",900,543,133,"6,006,967","329,212","6,336,179","136,658","24,566","12,863","2,533"
Locality: 810 VIRGINIA BEACH CITY,0007,007 - PRECINCT 7,"1,988",46,"2,034",86,13,5,108,"319,369","17,353","336,722","21,891",900,543,133,"6,006,967","329,212","6,336,179","136,658","24,566","12,863","2,533"
Locality: 810 VIRGINIA BEACH CITY,0008,008 - PRECINCT 8,"3,415",224,"3,639",134,6,3,108,"319,369","17,353","336,722","21,891",900,543,133,"6,006,967","329,212","6,336,179","136,658","24,566","12,863","2,533"
Locality: 810 VIRGINIA BEACH CITY,0009,009 - PRECINCT 9,"2,832",87,"2,919",120,15,11,108,"319,369","17,353","336,722","21,891",900,543,133,"6,006,967","329,212","6,336,179","136,658","24,566","12,863","2,533"
Locality: 810 VIRGINIA BEACH CITY,0010,010 - PRECINCT 10,"3,623",89,"3,712",126,18,6,108,"319,369","17,353","336,722","21,891",900,543,133,"6,006,967","329,212","6,336,179","136,658","24,566","12,863","2,533"
Locality: 810 VIRGINIA BEACH CITY,0011,011 - PRECINCT 11,"3,953",161,"4,114",275,24,14,108,"319,369","17,353","336,722","21,891",900,543,133,"6,006,967","329,212","6,336,179","136,658","24,566","12,863","2,533"
Locality: 810 VIRGINIA BEACH CITY,0012,012 - PRECINCT 12,"3,807",207,"4,014",261,4,4,108,"319,369","17,353","336,722","21,891",900,543,133,"6,006,967","329,212","6,336,179","136,658","24,566","12,863","2,533"
Locality: 810 VIRGINIA BEACH CITY,0013,013 - PRECINCT 13,"4,194",199,"4,393",279,11,5,108,"319,369","17,353","336,722","21,891",900,543,133,"6,006,967","329,212","6,336,179","136,658","24,566","12,863","2,533"
Locality: 810 VIRGINIA BEACH CITY,0014,014 - PRECINCT 14,"3,480",139,"3,619",176,10,4,108,"319,369","17,353","336,722","21,891",900,543,133,"6,006,967","329,212","6,336,179","136,658","24,566","12,863","2,533"
Locality: 810 VIRGINIA BEACH CITY,0015,015 - PRECINCT 15,"2,935",201,"3,136",188,10,7,108,"319,369","17,353","336,722","21,891",900,543,133,"6,006,967","329,212","6,336,179","136,658","24,566","12,863","2,533"
Locality: 810 VIRGINIA BEACH CITY,0016,016 - PRECINCT 16,"3,497",299,"3,796",190,8,,108,"319,369","17,353","336,722","21,891",900,543,133,"6,006,967","329,212","6,336,179","136,658","24,566","12,863","2,533"
Locality: 810 VIRGINIA BEACH CITY,0017,017 - PRECINCT 17,"2,421",188,"2,609",154,11,8,108,"319,369","17,353","336,722","21,891",900,543,133,"6,006,967","329,212","6,336,179","136,658","24,566","12,863","2,533"
Locality: 810 VIRGINIA BEACH CITY,0018,018 - PRECINCT 18,"3,594",92,"3,686",187,22,14,108,"319,369","17,353","336,722","21,891",900,543,133,"6,006,967","329,212","6,336,179","136,658","24,566","12,863","2,533"
Locality: 810 VIRGINIA BEACH CITY,0019,019 - PRECINCT 19,"1,819",72,"1,891",112,7,1,108,"319,369","17,353","336,722","21,891",900,543,133,"6,006,967","329,212","6,336,179","136,658","24,566","12,863","2,533"
Locality: 810 VIRGINIA BEACH CITY,0020,020 - PRECINCT 20,"2,042",101,"2,143",173,3,3,108,"319,369","17,353","336,722","21,891",900,543,133,"6,006,967","329,212","6,336,179","136,658","24,566","12,863","2,533"
Locality: 810 VIRGINIA BEACH CITY,0021,021 - PRECINCT 21,"3,734",258,"3,992",343,5,5,108,"319,369","17,353","336,722","21,891",900,543,133,"6,006,967","329,212","6,336,179","136,658","24,566","12,863","2,533"
Locality: 810 VIRGINIA BEACH CITY,0022,022 - PRECINCT 22,"2,429",107,"2,536",112,5,4,108,"319,369","17,353","336,722","21,891",900,543,133,"6,006,967","329,212","6,336,179","136,658","24,566","12,863","2,533"
Locality: 810 VIRGINIA BEACH CITY,0023,023 - PRECINCT 23,"3,296",155,"3,451",180,9,14,108,"319,369","17,353","336,722","21,891",900,543,133,"6,006,967","329,212","6,336,179","136,658","24,566","12,863","2,533"
Locality: 810 VIRGINIA BEACH CITY,0024,024 - PRECINCT 24,"1,234",42,"1,276",54,3,,108,"319,369","17,353","336,722","21,891",900,543,133,"6,006,967","329,212","6,336,179","136,658","24,566","12,863","2,533"
Locality: 810 VIRGINIA BEACH CITY,0025,025 - PRECINCT 25,"3,759",189,"3,948",192,14,7,108,"319,369","17,353","336,722","21,891",900,543,133,"6,006,967","329,212","6,336,179","136,658","24,566","12,863","2,533"
Locality: 810 VIRGINIA BEACH CITY,0026,026 - PRECINCT 26,"1,941",71,"2,012",76,14,4,108,"319,369","17,353","336,722","21,891",900,543,133,"6,006,967","329,212","6,336,179","136,658","24,566","12,863","2,533"
Locality: 810 VIRGINIA BEACH CITY,0027,027 - PRECINCT 27,"1,630",44,"1,674",83,2,6,108,"319,369","17,353","336,722","21,891",900,543,133,"6,006,967","329,212","6,336,179","136,658","24,566","12,863","2,533"
Locality: 810 VIRGINIA BEACH CITY,0028,028 - PRECINCT 28,"2,241",69,"2,310",111,4,7,108,"319,369","17,353","336,722","21,891",900,543,133,"6,006,967","329,212","6,336,179","136,658","24,566","12,863","2,533"
Locality: 810 VIRGINIA BEACH CITY,0029,029 - PRECINCT 29,"3,893",215,"4,108",272,7,2,108,"319,369","17,353","336,722","21,891",900,543,133,"6,006,967","329,212","6,336,179","136,658","24,566","12,863","2,533"
Locality: 810 VIRGINIA BEACH CITY,0030,030 - PRECINCT 30,"3,761",259,"4,020",734,12,5,108,"319,369","17,353","336,722","21,891",900,543,133,"6,006,967","329,212","6,336,179","136,658","24,566","12,863","2,533"
Locality: 810 VIRGINIA BEACH CITY,0031,031 - PRECINCT 31,"4,027",117,"4,144",310,15,4,108,"319,369","17,353","336,722","21,891",900,543,133,"6,006,967","329,212","6,336,179","136,658","24,566","12,863","2,533"
Locality: 810 VIRGINIA BEACH CITY,0032,032 - PRECINCT 32,"1,573",63,"1,636",74,4,1,108,"319,369","17,353","336,722","21,891",900,543,133,"6,006,967","329,212","6,336,179","136,658","24,566","12,863","2,533"
Locality: 810 VIRGINIA BEACH CITY,0033,033 - PRECINCT 33,"1,691",60,"1,751",62,2,1,108,"319,369","17,353","336,722","21,891",900,543,133,"6,006,967","329,212","6,336,179","136,658","24,566","12,863","2,533"
Locality: 810 VIRGINIA BEACH CITY,0034,034 - PRECINCT 34,"1,096",34,"1,130",58,1,,108,"319,369","17,353","336,722","21,891",900,543,133,"6,006,967","329,212","6,336,179","136,658","24,566","12,863","2,533"
Locality: 810 VIRGINIA BEACH CITY,0035,035 - PRECINCT 35,"3,336",107,"3,443",145,9,4,108,"319,369","17,353","336,722","21,891",900,543,133,"6,006,967","329,212","6,336,179","136,658","24,566","12,863","2,533"
Locality: 810 VIRGINIA BEACH CITY,0036,036 - PRECINCT 36,"4,337",282,"4,619",316,8,11,108,"319,369","17,353","336,722","21,891",900,543,133,"6,006,967","329,212","6,336,179","136,658","24,566","12,863","2,533"
Locality: 810 VIRGINIA BEACH CITY,0037,037 - PRECINCT 37,"3,411",329,"3,740",859,8,6,108,"319,369","17,353","336,722","21,891",900,543,133,"6,006,967","329,212","6,336,179","136,658","24,566","12,863","2,533"
Locality: 810 VIRGINIA BEACH CITY,0038,038 - PRECINCT 38,"2,982",124,"3,106",133,7,7,108,"319,369","17,353","336,722","21,891",900,543,133,"6,006,967","329,212","6,336,179","136,658","24,566","12,863","2,533"
Locality: 810 VIRGINIA BEACH CITY,0039,039 - PRECINCT 39,"2,587",136,"2,723",136,10,6,108,"319,369","17,353","336,722","21,891",900,543,133,"6,006,967","329,212","6,336,179","136,658","24,566","12,863","2,533"
Locality: 810 VIRGINIA BEACH CITY,0040,040 - PRECINCT 40,"3,498",405,"3,903",302,1,6,108,"319,369","17,353","336,722","21,891",900,543,133,"6,006,967","329,212","6,336,179","136,658","24,566","12,863","2,533"
Locality: 810 VIRGINIA BEACH CITY,0041,041 - PRECINCT 41,"1,822",95,"1,917",82,4,2,108,"319,369","17,353","336,722","21,891",900,543,133,"6,006,967","329,212","6,336,179","136,658","24,566","12,863","2,533"
Locality: 810 VIRGINIA BEACH CITY,0042,042 - PRECINCT 42,"3,310",152,"3,462",228,13,4,108,"319,369","17,353","336,722","21,891",900,543,133,"6,006,967","329,212","6,336,179","136,658","24,566","12,863","2,533"
Locality: 810 VIRGINIA BEACH CITY,0043,043 - PRECINCT 43,"3,343",194,"3,537",215,6,3,108,"319,369","17,353","336,722","21,891",900,543,133,"6,006,967","329,212","6,336,179","136,658","24,566","12,863","2,533"
Locality: 810 VIRGINIA BEACH CITY,0044,044 - PRECINCT 44,"3,508",160,"3,668",239,11,2,108,"319,369","17,353","336,722","21,891",900,543,133,"6,006,967","329,212","6,336,179","136,658","24,566","12,863","2,533"
Locality: 810 VIRGINIA BEACH CITY,0045,045 - PRECINCT 45,"3,703",219,"3,922",403,5,3,108,"319,369","17,353","336,722","21,891",900,543,133,"6,006,967","329,212","6,336,179","136,658","24,566","12,863","2,533"
Locality: 810 VIRGINIA BEACH CITY,0046,046 - PRECINCT 46,"3,337",192,"3,529",247,6,1,108,"319,369","17,353","336,722","21,891",900,543,133,"6,006,967","329,212","6,336,179","136,658","24,566","12,863","2,533"
Locality: 810 VIRGINIA BEACH CITY,0047,047 - PRECINCT 47,"3,527",84,"3,611",123,15,4,108,"319,369","17,353","336,722","21,891",900,543,133,"6,006,967","329,212","6,336,179","136,658","24,566","12,863","2,533"
Locality: 810 VIRGINIA BEACH CITY,0048,048 - PRECINCT 48,"2,105",106,"2,211",138,6,4,108,"319,369","17,353","336,722","21,891",900,543,133,"6,006,967","329,212","6,336,179","136,658","24,566","12,863","2,533"
Locality: 810 VIRGINIA BEACH CITY,0049,049 - PRECINCT 49,"2,587",98,"2,685",93,7,9,108,"319,369","17,353","336,722","21,891",900,543,133,"6,006,967","329,212","6,336,179","136,658","24,566","12,863","2,533"
Locality: 810 VIRGINIA BEACH CITY,0050,050 - PRECINCT 50,"2,790",266,"3,056",208,9,2,108,"319,369","17,353","336,722","21,891",900,543,133,"6,006,967","329,212","6,336,179","136,658","24,566","12,863","2,533"
Locality: 810 VIRGINIA BEACH CITY,0051,051 - PRECINCT 51,"2,920",156,"3,076",156,14,9,108,"319,369","17,353","336,722","21,891",900,543,133,"6,006,967","329,212","6,336,179","136,658","24,566","12,863","2,533"
Locality: 810 VIRGINIA BEACH CITY,0052,052 - PRECINCT 52,"4,239",187,"4,426",234,12,4,108,"319,369","17,353","336,722","21,891",900,543,133,"6,006,967","329,212","6,336,179","136,658","24,566","12,863","2,533"
Locality: 810 VIRGINIA BEACH CITY,0053,053 - PRECINCT 53,"3,333",128,"3,461",165,9,6,108,"319,369","17,353","336,722","21,891",900,543,133,"6,006,967","329,212","6,336,179","136,658","24,566","12,863","2,533"
Locality: 810 VIRGINIA BEACH CITY,0054,054 - PRECINCT 54,"2,412",110,"2,522",169,10,4,108,"319,369","17,353","336,722","21,891",900,543,133,"6,006,967","329,212","6,336,179","136,658","24,566","12,863","2,533"
Locality: 810 VIRGINIA BEACH CITY,0055,055 - PRECINCT 55,"4,212",298,"4,510",275,4,5,108,"319,369","17,353","336,722","21,891",900,543,133,"6,006,967","329,212","6,336,179","136,658","24,566","12,863","2,533"
Locality: 810 VIRGINIA BEACH CITY,0056,056 - PRECINCT 56,"1,505",56,"1,561",60,1,6,108,"319,369","17,353","336,722","21,891",900,543,133,"6,006,967","329,212","6,336,179","136,658","24,566","12,863","2,533"
Locality: 810 VIRGINIA BEACH CITY,0057,057 - PRECINCT 57,"2,451",142,"2,593",137,11,3,108,"319,369","17,353","336,722","21,891",900,543,133,"6,006,967","329,212","6,336,179","136,658","24,566","12,863","2,533"
Locality: 810 VIRGINIA BEACH CITY,0058,058 - PRECINCT 58,"2,231",91,"2,322",162,5,1,108,"319,369","17,353","336,722","21,891",900,543,133,"6,006,967","329,212","6,336,179","136,658","24,566","12,863","2,533"
Locality: 810 VIRGINIA BEACH CITY,0059,059 - PRECINCT 59,"2,715",184,"2,899",219,12,5,108,"319,369","17,353","336,722","21,891",900,543,133,"6,006,967","329,212","6,336,179","136,658","24,566","12,863","2,533"
Locality: 810 VIRGINIA BEACH CITY,0060,060 - PRECINCT 60,"3,928",124,"4,052",275,6,5,108,"319,369","17,353","336,722","21,891",900,543,133,"6,006,967","329,212","6,336,179","136,658","24,566","12,863","2,533"
Locality: 810 VIRGINIA BEACH CITY,0061,061 - PRECINCT 61,"4,027",433,"4,460",354,5,2,108,"319,369","17,353","336,722","21,891",900,543,133,"6,006,967","329,212","6,336,179","136,658","24,566","12,863","2,533"
Locality: 810 VIRGINIA BEACH CITY,0062,062 - PRECINCT 62,"3,714",122,"3,836",308,13,4,108,"319,369","17,353","336,722","21,891",900,543,133,"6,006,967","329,212","6,336,179","136,658","24,566","12,863","2,533"
Locality: 810 VIRGINIA BEACH CITY,0063,063 - PRECINCT 63,"4,486",161,"4,647",334,17,12,108,"319,369","17,353","336,722","21,891",900,543,133,"6,006,967","329,212","6,336,179","136,658","24,566","12,863","2,533"
Locality: 810 VIRGINIA BEACH CITY,0064,064 - PRECINCT 64,"4,002",186,"4,188",370,3,4,108,"319,369","17,353","336,722","21,891",900,543,133,"6,006,967","329,212","6,336,179","136,658","24,566","12,863","2,533"
Locality: 810 VIRGINIA BEACH CITY,0065,065 - PRECINCT 65,"3,638",188,"3,826",284,12,4,108,"319,369","17,353","336,722","21,891",900,543,133,"6,006,967","329,212","6,336,179","136,658","24,566","12,863","2,533"
Locality: 810 VIRGINIA BEACH CITY,0066,066 - PRECINCT 66,"2,878",108,"2,986",181,10,5,108,"319,369","17,353","336,722","21,891",900,543,133,"6,006,967","329,212","6,336,179","136,658","24,566","12,863","2,533"
Locality: 810 VIRGINIA BEACH CITY,0067,067 - PRECINCT 67,"2,109",218,"2,327",182,3,3,108,"319,369","17,353","336,722","21,891",900,543,133,"6,006,967","329,212","6,336,179","136,658","24,566","12,863","2,533"
Locality: 810 VIRGINIA BEACH CITY,0068,068 - PRECINCT 68,"2,818",113,"2,931",127,2,1,108,"319,369","17,353","336,722","21,891",900,543,133,"6,006,967","329,212","6,336,179","136,658","24,566","12,863","2,533"
Locality: 810 VIRGINIA BEACH CITY,0069,069 - PRECINCT 69,"3,315",209,"3,524",309,1,2,108,"319,369","17,353","336,722","21,891",900,543,133,"6,006,967","329,212","6,336,179","136,658","24,566","12,863","2,533"
Locality: 810 VIRGINIA BEACH CITY,0070,070 - PRECINCT 70,"4,124",230,"4,354",313,7,3,108,"319,369","17,353","336,722","21,891",900,543,133,"6,006,967","329,212","6,336,179","136,658","24,566","12,863","2,533"
Locality: 810 VIRGINIA BEACH CITY,0071,071 - PRECINCT 71,"2,972",116,"3,088",226,14,4,108,"319,369","17,353","336,722","21,891",900,543,133,"6,006,967","329,212","6,336,179","136,658","24,566","12,863","2,533"
Locality: 810 VIRGINIA BEACH CITY,0072,072 - PRECINCT 72,"3,239",121,"3,360",127,13,13,108,"319,369","17,353","336,722","21,891",900,543,133,"6,006,967","329,212","6,336,179","136,658","24,566","12,863","2,533"
Locality: 810 VIRGINIA BEACH CITY,0073,073 - PRECINCT 73,"3,330",211,"3,541",282,7,6,108,"319,369","17,353","336,722","21,891",900,543,133,"6,006,967","329,212","6,336,179","136,658","24,566","12,863","2,533"
Locality: 810 VIRGINIA BEACH CITY,0074,074 - PRECINCT 74,"3,014",245,"3,259",160,3,3,108,"319,369","17,353","336,722","21,891",900,543,133,"6,006,967","329,212","6,336,179","136,658","24,566","12,863","2,533"
Locality: 810 VIRGINIA BEACH CITY,0075,075 - PRECINCT 75,"3,647",180,"3,827",159,16,13,108,"319,369","17,353","336,722","21,891",900,543,133,"6,006,967","329,212","6,336,179","136,658","24,566","12,863","2,533"
Locality: 810 VIRGINIA BEACH CITY,0076,076 - PRECINCT 76,"3,735",348,"4,083",279,9,1,108,"319,369","17,353","336,722","21,891",900,543,133,"6,006,967","329,212","6,336,179","136,658","24,566","12,863","2,533"
Locality: 810 VIRGINIA BEACH CITY,0077,077 - PRECINCT 77,"3,332",233,"3,565",247,2,6,108,"319,369","17,353","336,722","21,891",900,543,133,"6,006,967","329,212","6,336,179","136,658","24,566","12,863","2,533"
Locality: 810 VIRGINIA BEACH CITY,0078,078 - PRECINCT 78,"2,814",123,"2,937",215,11,2,108,"319,369","17,353","336,722","21,891",900,543,133,"6,006,967","329,212","6,336,179","136,658","24,566","12,863","2,533"
Locality: 810 VIRGINIA BEACH CITY,0079,079 - PRECINCT 79,"3,422",252,"3,674",251,2,2,108,"319,369","17,353","336,722","21,891",900,543,133,"6,006,967","329,212","6,336,179","136,658","24,566","12,863","2,533"
Locality: 810 VIRGINIA BEACH CITY,0080,080 - PRECINCT 80,"3,015",167,"3,182",232,1,2,108,"319,369","17,353","336,722","21,891",900,543,133,"6,006,967","329,212","6,336,179","136,658","24,566","12,863","2,533"
Locality: 810 VIRGINIA BEACH CITY,0081,081 - PRECINCT 81,"3,711",150,"3,861",297,9,3,108,"319,369","17,353","336,722","21,891",900,543,133,"6,006,967","329,212","6,336,179","136,658","24,566","12,863","2,533"
Locality: 810 VIRGINIA BEACH CITY,0082,082 - PRECINCT 82,"2,676",92,"2,768",194,4,4,108,"319,369","17,353","336,722","21,891",900,543,133,"6,006,967","329,212","6,336,179","136,658","24,566","12,863","2,533"
Locality: 810 VIRGINIA BEACH CITY,0083,083 - PRECINCT 83,"3,644",162,"3,806",346,11,4,108,"319,369","17,353","336,722","21,891",900,543,133,"6,006,967","329,212","6,336,179","136,658","24,566","12,863","2,533"
Locality: 810 VIRGINIA BEACH CITY,0084,084 - PRECINCT 84,"3,412",180,"3,592",270,12,5,108,"319,369","17,353","336,722","21,891",900,543,133,"6,006,967","329,212","6,336,179","136,658","24,566","12,863","2,533"
Locality: 810 VIRGINIA BEACH CITY,0085,085 - PRECINCT 85,"3,928",163,"4,091",282,12,8,108,"319,369","17,353","336,722","21,891",900,543,133,"6,006,967","329,212","6,336,179","136,658","24,566","12,863","2,533"
Locality: 810 VIRGINIA BEACH CITY,0086,086 - PRECINCT 86,"3,399",103,"3,502",202,8,10,108,"319,369","17,353","336,722","21,891",900,543,133,"6,006,967","329,212","6,336,179","136,658","24,566","12,863","2,533"
Locality: 810 VIRGINIA BEACH CITY,0087,087 - PRECINCT 87,"2,821",83,"2,904",191,15,4,108,"319,369","17,353","336,722","21,891",900,543,133,"6,006,967","329,212","6,336,179","136,658","24,566","12,863","2,533"
Locality: 810 VIRGINIA BEACH CITY,0088,088 - PRECINCT 88,"3,074",133,"3,207",264,12,2,108,"319,369","17,353","336,722","21,891",900,543,133,"6,006,967","329,212","6,336,179","136,658","24,566","12,863","2,533"
Locality: 810 VIRGINIA BEACH CITY,0089,089 - PRECINCT 89,"3,025",96,"3,121",178,12,11,108,"319,369","17,353","336,722","21,891",900,543,133,"6,006,967","329,212","6,336,179","136,658","24,566","12,863","2,533"
Locality: 810 VIRGINIA BEACH CITY,0090,090 - PRECINCT 90,"2,220",98,"2,318",154,7,9,108,"319,369","17,353","336,722","21,891",900,543,133,"6,006,967","329,212","6,336,179","136,658","24,566","12,863","2,533"
Locality: 810 VIRGINIA BEACH CITY,0091,091 - PRECINCT 91,"4,263",221,"4,484",379,16,6,108,"319,369","17,353","336,722","21,891",900,543,133,"6,006,967","329,212","6,336,179","136,658","24,566","12,863","2,533"
Locality: 810 VIRGINIA BEACH CITY,0092,092 - PRECINCT 92,"2,136",80,"2,216",101,11,5,108,"319,369","17,353","336,722","21,891",900,543,133,"6,006,967","329,212","6,336,179","136,658","24,566","12,863","2,533"
Locality: 810 VIRGINIA BEACH CITY,0093,093 - PRECINCT 93,"3,851",350,"4,201",310,9,2,108,"319,369","17,353","336,722","21,891",900,543,133,"6,006,967","329,212","6,336,179","136,658","24,566","12,863","2,533"
Locality: 810 VIRGINIA BEACH CITY,0094,094 - PRECINCT 94,"2,309",167,"2,476",122,4,1,108,"319,369","17,353","336,722","21,891",900,543,133,"6,006,967","329,212","6,336,179","136,658","24,566","12,863","2,533"
Locality: 810 VIRGINIA BEACH CITY,0095,095 - PRECINCT 95,"2,371",104,"2,475",208,13,3,108,"319,369","17,353","336,722","21,891",900,543,133,"6,006,967","329,212","6,336,179","136,658","24,566","12,863","2,533"
Locality: 810 VIRGINIA BEACH CITY,0096,096 - PRECINCT 96,"2,730",270,"3,000",121,8,5,108,"319,369","17,353","336,722","21,891",900,543,133,"6,006,967","329,212","6,336,179","136,658","24,566","12,863","2,533"
Locality: 810 VIRGINIA BEACH CITY,0097,097 - PRECINCT 97,"3,086",139,"3,225",272,4,3,108,"319,369","17,353","336,722","21,891",900,543,133,"6,006,967","329,212","6,336,179","136,658","24,566","12,863","2,533"
Locality: 810 VIRGINIA BEACH CITY,0098,098 - PRECINCT 98,"2,188",192,"2,380",216,5,,108,"319,369","17,353","336,722","21,891",900,543,133,"6,006,967","329,212","6,336,179","136,658","24,566","12,863","2,533"
Locality: 810 VIRGINIA BEACH CITY,0099,099 - PRECINCT 99,"1,926",107,"2,033",157,2,4,108,"319,369","17,353","336,722","21,891",900,543,133,"6,006,967","329,212","6,336,179","136,658","24,566","12,863","2,533"
Locality: 810 VIRGINIA BEACH CITY,0100,100 - PRECINCT 100,"1,481",69,"1,550",54,9,4,108,"319,369","17,353","336,722","21,891",900,543,133,"6,006,967","329,212","6,336,179","136,658","24,566","12,863","2,533"
Locality: 810 VIRGINIA BEACH CITY,101,101 - PRECINCT 101,882,39,921,54,,,108,"319,369","17,353","336,722","21,891",900,543,133,"6,006,967","329,212","6,336,179","136,658","24,566","12,863","2,533"
Locality: 810 VIRGINIA BEACH CITY,102,102 - PRECINCT 102,536,22,558,55,,1,108,"319,369","17,353","336,722","21,891",900,543,133,"6,006,967","329,212","6,336,179","136,658","24,566","12,863","2,533"
Locality: 810 VIRGINIA BEACH CITY,103,103 - PRECINCT 103,"1,722",176,"1,898",159,2,7,108,"319,369","17,353","336,722","21,891",900,543,133,"6,006,967","329,212","6,336,179","136,658","24,566","12,863","2,533"
Locality: 810 VIRGINIA BEACH CITY,104,104 - PRECINCT 104,"3,039",220,"3,259",191,1,8,108,"319,369","17,353","336,722","21,891",900,543,133,"6,006,967","329,212","6,336,179","136,658","24,566","12,863","2,533"
Locality: 810 VIRGINIA BEACH CITY,105,105 - PRECINCT 105,936,35,971,29,6,2,108,"319,369","17,353","336,722","21,891",900,543,133,"6,006,967","329,212","6,336,179","136,658","24,566","12,863","2,533"
Locality: 810 VIRGINIA BEACH CITY,106,106 - PRECINCT 106,"2,129",254,"2,383",202,10,2,108,"319,369","17,353","336,722","21,891",900,543,133,"6,006,967","329,212","6,336,179","136,658","24,566","12,863","2,533"
Locality: 810 VIRGINIA BEACH CITY,107,107 - PRECINCT 107,"1,452",65,"1,517",60,4,8,108,"319,369","17,353","336,722","21,891",900,543,133,"6,006,967","329,212","6,336,179","136,658","24,566","12,863","2,533"
Locality: 810 VIRGINIA BEACH CITY,108,108 - PRECINCT 108,801,38,839,16,3,5,108,"319,369","17,353","336,722","21,891",900,543,133,"6,006,967","329,212","6,336,179","136,658","24,566","12,863","2,533"
Locality: 820 WAYNESBORO CITY,0001,001 - WARD A,"3,348",217,"3,565",19,2,5,4,"15,604",905,"16,509",95,21,20,133,"6,006,967","329,212","6,336,179","136,658","24,566","12,863","2,533"
Locality: 820 WAYNESBORO CITY,0002,002 - WARD B,"4,263",207,"4,470",30,9,10,4,"15,604",905,"16,509",95,21,20,133,"6,006,967","329,212","6,336,179","136,658","24,566","12,863","2,533"
Locality: 820 WAYNESBORO CITY,0003,003 - WARD C,"3,959",307,"4,266",24,3,1,4,"15,604",905,"16,509",95,21,20,133,"6,006,967","329,212","6,336,179","136,658","24,566","12,863","2,533"
Locality: 820 WAYNESBORO CITY,0004,004 - WARD D,"4,034",174,"4,208",22,7,4,4,"15,604",905,"16,509",95,21,20,133,"6,006,967","329,212","6,336,179","136,658","24,566","12,863","2,533"
Locality: 830 WILLIAMSBURG CITY,0001,001 - STRYKER,"5,079",557,"5,636",113,26,26,2,"10,328","1,362","11,690",196,68,50,133,"6,006,967","329,212","6,336,179","136,658","24,566","12,863","2,533"
Locality: 830 WILLIAMSBURG CITY,0002,002 - MATOAKA,"5,249",805,"6,054",83,42,24,2,"10,328","1,362","11,690",196,68,50,133,"6,006,967","329,212","6,336,179","136,658","24,566","12,863","2,533"
Locality: 840 WINCHESTER CITY,0101,101 - MERRIMANS,"3,272",207,"3,479",30,18,15,6,"17,004","1,761","18,765",137,60,45,133,"6,006,967","329,212","6,336,179","136,658","24,566","12,863","2,533"
Locality: 840 WINCHESTER CITY,0102,102 - OLD TOWN,"2,410",182,"2,592",15,12,10,6,"17,004","1,761","18,765",137,60,45,133,"6,006,967","329,212","6,336,179","136,658","24,566","12,863","2,533"
Locality: 840 WINCHESTER CITY,0201,201 - VIRGINIA AVENUE,"3,417",419,"3,836",24,7,10,6,"17,004","1,761","18,765",137,60,45,133,"6,006,967","329,212","6,336,179","136,658","24,566","12,863","2,533"
Locality: 840 WINCHESTER CITY,0301,301 - WAR MEMORIAL,"3,322",414,"3,736",25,7,3,6,"17,004","1,761","18,765",137,60,45,133,"6,006,967","329,212","6,336,179","136,658","24,566","12,863","2,533"
Locality: 840 WINCHESTER CITY,0401,401 - FREDERICK DOUGLASS,"1,900",250,"2,150",14,4,,6,"17,004","1,761","18,765",137,60,45,133,"6,006,967","329,212","6,336,179","136,658","24,566","12,863","2,533"
Locality: 840 WINCHESTER CITY,0402,402 - ROLLING HILLS,"2,683",289,"2,972",29,12,7,6,"17,004","1,761","18,765",137,60,45,133,"6,006,967","329,212","6,336,179","136,658","24,566","12,863","2,533"

