Locality,PrecinctCode,PrecinctName,ActiveVoters,InactiveVoters,AllVoters,MilitaryVoters,OverseasVoters,TempVoters,TotalPrecinctsInLocality,TotalActiveVotersPrecinctLocality,TotalInActiveVotersPrecinctLocality,TotalAllVotersPrecinctLocality,TotalMilitaryVotersPrecinctLocality,TotalOverseasVotersPrecinctLocality,TotalFederalVotersPrecinctLocality,StateTotalLocality,TotalActiveVotersLocality,TotalInActiveVotersLocality,TotalAllVotersLocality,TotalMilitaryVotersLocality,TotalOverseasVotersLocality,TotalFederalVotersLocality,StateTotalPrecincts
Locality: 001 ACCOMACK COUNTY,0101,101 - CHINCOTEAGUE,"2,803",186,"2,989",53,3,8,16,"24,050","1,229","25,279",250,20,38,133,"5,718,318","373,799","6,092,117","107,632","20,039","9,168","2,544"
Locality: 001 ACCOMACK COUNTY,0201,201 - ATLANTIC,962,37,999,10,,,16,"24,050","1,229","25,279",250,20,38,133,"5,718,318","373,799","6,092,117","107,632","20,039","9,168","2,544"
Locality: 001 ACCOMACK COUNTY,0202,202 - GREENBACKVILLE,"1,727",124,"1,851",24,,2,16,"24,050","1,229","25,279",250,20,38,133,"5,718,318","373,799","6,092,117","107,632","20,039","9,168","2,544"
Locality: 001 ACCOMACK COUNTY,0301,301 - NEW CHURCH,"2,672",210,"2,882",23,1,,16,"24,050","1,229","25,279",250,20,38,133,"5,718,318","373,799","6,092,117","107,632","20,039","9,168","2,544"
Locality: 001 ACCOMACK COUNTY,0401,401 - BLOXOM,"1,101",55,"1,156",10,,2,16,"24,050","1,229","25,279",250,20,38,133,"5,718,318","373,799","6,092,117","107,632","20,039","9,168","2,544"
Locality: 001 ACCOMACK COUNTY,0402,402 - PARKSLEY,"1,105",56,"1,161",11,3,2,16,"24,050","1,229","25,279",250,20,38,133,"5,718,318","373,799","6,092,117","107,632","20,039","9,168","2,544"
Locality: 001 ACCOMACK COUNTY,0403,403 - SAXIS,329,7,336,,,,16,"24,050","1,229","25,279",250,20,38,133,"5,718,318","373,799","6,092,117","107,632","20,039","9,168","2,544"
Locality: 001 ACCOMACK COUNTY,0501,501 - MAPPSVILLE,"1,148",65,"1,213",2,2,2,16,"24,050","1,229","25,279",250,20,38,133,"5,718,318","373,799","6,092,117","107,632","20,039","9,168","2,544"
Locality: 001 ACCOMACK COUNTY,0502,502 - RUE,"1,058",48,"1,106",6,,,16,"24,050","1,229","25,279",250,20,38,133,"5,718,318","373,799","6,092,117","107,632","20,039","9,168","2,544"
Locality: 001 ACCOMACK COUNTY,0601,601 - ACCOMAC,"2,111",111,"2,222",22,3,3,16,"24,050","1,229","25,279",250,20,38,133,"5,718,318","373,799","6,092,117","107,632","20,039","9,168","2,544"
Locality: 001 ACCOMACK COUNTY,0602,602 - TANGIER,324,7,331,6,,2,16,"24,050","1,229","25,279",250,20,38,133,"5,718,318","373,799","6,092,117","107,632","20,039","9,168","2,544"
Locality: 001 ACCOMACK COUNTY,0701,701 - NANDUA,"2,890",118,"3,008",31,4,11,16,"24,050","1,229","25,279",250,20,38,133,"5,718,318","373,799","6,092,117","107,632","20,039","9,168","2,544"
Locality: 001 ACCOMACK COUNTY,0801,801 - BOBTOWN,924,30,954,4,2,3,16,"24,050","1,229","25,279",250,20,38,133,"5,718,318","373,799","6,092,117","107,632","20,039","9,168","2,544"
Locality: 001 ACCOMACK COUNTY,0802,802 - MELFA,"1,305",47,"1,352",6,,,16,"24,050","1,229","25,279",250,20,38,133,"5,718,318","373,799","6,092,117","107,632","20,039","9,168","2,544"
Locality: 001 ACCOMACK COUNTY,0803,803 - WACHAPREAGUE,781,21,802,13,1,,16,"24,050","1,229","25,279",250,20,38,133,"5,718,318","373,799","6,092,117","107,632","20,039","9,168","2,544"
Locality: 001 ACCOMACK COUNTY,0901,901 - PAINTER,"2,810",107,"2,917",29,1,3,16,"24,050","1,229","25,279",250,20,38,133,"5,718,318","373,799","6,092,117","107,632","20,039","9,168","2,544"
Locality: 003 ALBEMARLE COUNTY,0101,101 - WOODBROOK,"2,929",157,"3,086",17,16,1,30,"78,865","5,201","84,066",698,543,169,133,"5,718,318","373,799","6,092,117","107,632","20,039","9,168","2,544"
Locality: 003 ALBEMARLE COUNTY,0103,103 - BRANCHLANDS,"1,226",215,"1,441",16,7,1,30,"78,865","5,201","84,066",698,543,169,133,"5,718,318","373,799","6,092,117","107,632","20,039","9,168","2,544"
Locality: 003 ALBEMARLE COUNTY,0104,104 - AGNOR-HURT,"2,493",180,"2,673",17,14,8,30,"78,865","5,201","84,066",698,543,169,133,"5,718,318","373,799","6,092,117","107,632","20,039","9,168","2,544"
Locality: 003 ALBEMARLE COUNTY,0105,105 - DUNLORA,"3,519",209,"3,728",26,22,4,30,"78,865","5,201","84,066",698,543,169,133,"5,718,318","373,799","6,092,117","107,632","20,039","9,168","2,544"
Locality: 003 ALBEMARLE COUNTY,0106,106 - NORTHSIDE,"2,655",159,"2,814",41,18,3,30,"78,865","5,201","84,066",698,543,169,133,"5,718,318","373,799","6,092,117","107,632","20,039","9,168","2,544"
Locality: 003 ALBEMARLE COUNTY,0201,201 - JACK JOUETT,"3,570",238,"3,808",23,39,23,30,"78,865","5,201","84,066",698,543,169,133,"5,718,318","373,799","6,092,117","107,632","20,039","9,168","2,544"
Locality: 003 ALBEMARLE COUNTY,0202,202 - UNIVERSITY,"2,747","1,006","3,753",20,42,17,30,"78,865","5,201","84,066",698,543,169,133,"5,718,318","373,799","6,092,117","107,632","20,039","9,168","2,544"
Locality: 003 ALBEMARLE COUNTY,0203,203 - GEORGETOWN,"3,246",318,"3,564",28,21,14,30,"78,865","5,201","84,066",698,543,169,133,"5,718,318","373,799","6,092,117","107,632","20,039","9,168","2,544"
Locality: 003 ALBEMARLE COUNTY,0301,301 - IVY,"3,971",155,"4,126",33,47,12,30,"78,865","5,201","84,066",698,543,169,133,"5,718,318","373,799","6,092,117","107,632","20,039","9,168","2,544"
Locality: 003 ALBEMARLE COUNTY,0302,302 - RED HILL,"3,120",128,"3,248",15,31,7,30,"78,865","5,201","84,066",698,543,169,133,"5,718,318","373,799","6,092,117","107,632","20,039","9,168","2,544"
Locality: 003 ALBEMARLE COUNTY,0304,304 - EAST IVY,"1,042",38,"1,080",4,10,2,30,"78,865","5,201","84,066",698,543,169,133,"5,718,318","373,799","6,092,117","107,632","20,039","9,168","2,544"
Locality: 003 ALBEMARLE COUNTY,0305,305 - COUNTRY GREEN,"2,934",142,"3,076",24,19,2,30,"78,865","5,201","84,066",698,543,169,133,"5,718,318","373,799","6,092,117","107,632","20,039","9,168","2,544"
Locality: 003 ALBEMARLE COUNTY,0306,306 - PORTERS,"1,628",55,"1,683",11,6,,30,"78,865","5,201","84,066",698,543,169,133,"5,718,318","373,799","6,092,117","107,632","20,039","9,168","2,544"
Locality: 003 ALBEMARLE COUNTY,0307,307 - YELLOW MOUNTAIN,"1,237",55,"1,292",6,7,4,30,"78,865","5,201","84,066",698,543,169,133,"5,718,318","373,799","6,092,117","107,632","20,039","9,168","2,544"
Locality: 003 ALBEMARLE COUNTY,0401,401 - SCOTTSVILLE,"1,765",95,"1,860",6,13,4,30,"78,865","5,201","84,066",698,543,169,133,"5,718,318","373,799","6,092,117","107,632","20,039","9,168","2,544"
Locality: 003 ALBEMARLE COUNTY,0402,402 - MONTICELLO,"1,597",45,"1,642",12,6,,30,"78,865","5,201","84,066",698,543,169,133,"5,718,318","373,799","6,092,117","107,632","20,039","9,168","2,544"
Locality: 003 ALBEMARLE COUNTY,0405,405 - MOUNTAIN VIEW,"3,872",260,"4,132",23,17,8,30,"78,865","5,201","84,066",698,543,169,133,"5,718,318","373,799","6,092,117","107,632","20,039","9,168","2,544"
Locality: 003 ALBEMARLE COUNTY,0406,406 - STONE ROBINSON,"3,392",116,"3,508",26,14,4,30,"78,865","5,201","84,066",698,543,169,133,"5,718,318","373,799","6,092,117","107,632","20,039","9,168","2,544"
Locality: 003 ALBEMARLE COUNTY,0407,407 - BISCUIT RUN,"2,323",324,"2,647",19,13,5,30,"78,865","5,201","84,066",698,543,169,133,"5,718,318","373,799","6,092,117","107,632","20,039","9,168","2,544"
Locality: 003 ALBEMARLE COUNTY,0501,501 - KESWICK,"1,520",67,"1,587",15,13,3,30,"78,865","5,201","84,066",698,543,169,133,"5,718,318","373,799","6,092,117","107,632","20,039","9,168","2,544"
Locality: 003 ALBEMARLE COUNTY,0502,502 - STONY POINT,"1,618",51,"1,669",22,13,6,30,"78,865","5,201","84,066",698,543,169,133,"5,718,318","373,799","6,092,117","107,632","20,039","9,168","2,544"
Locality: 003 ALBEMARLE COUNTY,0503,503 - HOLLYMEAD,"2,712",133,"2,845",46,19,4,30,"78,865","5,201","84,066",698,543,169,133,"5,718,318","373,799","6,092,117","107,632","20,039","9,168","2,544"
Locality: 003 ALBEMARLE COUNTY,0504,504 - FREE BRIDGE,"2,247",160,"2,407",11,13,3,30,"78,865","5,201","84,066",698,543,169,133,"5,718,318","373,799","6,092,117","107,632","20,039","9,168","2,544"
Locality: 003 ALBEMARLE COUNTY,0506,506 - BAKER-BUTLER,"4,570",220,"4,790",84,26,5,30,"78,865","5,201","84,066",698,543,169,133,"5,718,318","373,799","6,092,117","107,632","20,039","9,168","2,544"
Locality: 003 ALBEMARLE COUNTY,0507,507 - PANTOPS,"2,069",69,"2,138",16,10,2,30,"78,865","5,201","84,066",698,543,169,133,"5,718,318","373,799","6,092,117","107,632","20,039","9,168","2,544"
Locality: 003 ALBEMARLE COUNTY,0601,601 - CROZET,"3,637",150,"3,787",30,26,8,30,"78,865","5,201","84,066",698,543,169,133,"5,718,318","373,799","6,092,117","107,632","20,039","9,168","2,544"
Locality: 003 ALBEMARLE COUNTY,0602,602 - FREE UNION,"1,462",36,"1,498",11,7,8,30,"78,865","5,201","84,066",698,543,169,133,"5,718,318","373,799","6,092,117","107,632","20,039","9,168","2,544"
Locality: 003 ALBEMARLE COUNTY,0603,603 - EARLYSVILLE,"3,242",132,"3,374",36,21,6,30,"78,865","5,201","84,066",698,543,169,133,"5,718,318","373,799","6,092,117","107,632","20,039","9,168","2,544"
Locality: 003 ALBEMARLE COUNTY,0604,604 - BROWNSVILLE,"2,987",138,"3,125",28,16,3,30,"78,865","5,201","84,066",698,543,169,133,"5,718,318","373,799","6,092,117","107,632","20,039","9,168","2,544"
Locality: 003 ALBEMARLE COUNTY,0606,606 - MECHUMS RIVER,"3,535",150,"3,685",32,17,2,30,"78,865","5,201","84,066",698,543,169,133,"5,718,318","373,799","6,092,117","107,632","20,039","9,168","2,544"
Locality: 005 ALLEGHANY COUNTY,0101,101 - ARRITT,"1,131",38,"1,169",8,2,2,12,"10,383",661,"11,044",63,10,6,133,"5,718,318","373,799","6,092,117","107,632","20,039","9,168","2,544"
Locality: 005 ALLEGHANY COUNTY,0103,103 - DAMERON,387,19,406,4,,,12,"10,383",661,"11,044",63,10,6,133,"5,718,318","373,799","6,092,117","107,632","20,039","9,168","2,544"
Locality: 005 ALLEGHANY COUNTY,0201,201 - HUMPBACK BRIDGE,531,46,577,8,2,,12,"10,383",661,"11,044",63,10,6,133,"5,718,318","373,799","6,092,117","107,632","20,039","9,168","2,544"
Locality: 005 ALLEGHANY COUNTY,0202,202 - DOLLY ANN,962,76,"1,038",5,1,,12,"10,383",661,"11,044",63,10,6,133,"5,718,318","373,799","6,092,117","107,632","20,039","9,168","2,544"
Locality: 005 ALLEGHANY COUNTY,0301,301 - CALLAGHAN,632,18,650,1,,,12,"10,383",661,"11,044",63,10,6,133,"5,718,318","373,799","6,092,117","107,632","20,039","9,168","2,544"
Locality: 005 ALLEGHANY COUNTY,0302,302 - GRIFFITH,880,27,907,4,,,12,"10,383",661,"11,044",63,10,6,133,"5,718,318","373,799","6,092,117","107,632","20,039","9,168","2,544"
Locality: 005 ALLEGHANY COUNTY,0401,401 - LOW MOOR,664,43,707,,2,,12,"10,383",661,"11,044",63,10,6,133,"5,718,318","373,799","6,092,117","107,632","20,039","9,168","2,544"
Locality: 005 ALLEGHANY COUNTY,0402,402 - JACKSON HEIGHTS,895,42,937,5,1,,12,"10,383",661,"11,044",63,10,6,133,"5,718,318","373,799","6,092,117","107,632","20,039","9,168","2,544"
Locality: 005 ALLEGHANY COUNTY,0501,501 - IRON GATE,383,23,406,1,,,12,"10,383",661,"11,044",63,10,6,133,"5,718,318","373,799","6,092,117","107,632","20,039","9,168","2,544"
Locality: 005 ALLEGHANY COUNTY,0502,502 - PETERS SWITCH,"1,197",54,"1,251",5,,,12,"10,383",661,"11,044",63,10,6,133,"5,718,318","373,799","6,092,117","107,632","20,039","9,168","2,544"
Locality: 005 ALLEGHANY COUNTY,0601,601 - DISTRICT 1,"1,410",120,"1,530",5,1,1,12,"10,383",661,"11,044",63,10,6,133,"5,718,318","373,799","6,092,117","107,632","20,039","9,168","2,544"
Locality: 005 ALLEGHANY COUNTY,0701,701 - DISTRICT 2,"1,311",155,"1,466",17,1,3,12,"10,383",661,"11,044",63,10,6,133,"5,718,318","373,799","6,092,117","107,632","20,039","9,168","2,544"
Locality: 007 AMELIA COUNTY,0101,101 - NUMBER ONE,"1,776",51,"1,827",18,,,5,"9,835",286,"10,121",101,10,2,133,"5,718,318","373,799","6,092,117","107,632","20,039","9,168","2,544"
Locality: 007 AMELIA COUNTY,0201,201 - NUMBER TWO,"1,928",58,"1,986",19,4,,5,"9,835",286,"10,121",101,10,2,133,"5,718,318","373,799","6,092,117","107,632","20,039","9,168","2,544"
Locality: 007 AMELIA COUNTY,0301,301 - NUMBER THREE,"1,979",49,"2,028",29,2,1,5,"9,835",286,"10,121",101,10,2,133,"5,718,318","373,799","6,092,117","107,632","20,039","9,168","2,544"
Locality: 007 AMELIA COUNTY,0401,401 - NUMBER FOUR,"2,087",80,"2,167",14,3,1,5,"9,835",286,"10,121",101,10,2,133,"5,718,318","373,799","6,092,117","107,632","20,039","9,168","2,544"
Locality: 007 AMELIA COUNTY,0501,501 - NUMBER FIVE,"2,065",48,"2,113",21,1,,5,"9,835",286,"10,121",101,10,2,133,"5,718,318","373,799","6,092,117","107,632","20,039","9,168","2,544"
Locality: 009 AMHERST COUNTY,0101,101 - WRIGHT SHOP,"1,552",60,"1,612",10,1,,11,"21,908",848,"22,756",175,18,20,133,"5,718,318","373,799","6,092,117","107,632","20,039","9,168","2,544"
Locality: 009 AMHERST COUNTY,0102,102 - NEW GLASGOW,"1,996",69,"2,065",24,,2,11,"21,908",848,"22,756",175,18,20,133,"5,718,318","373,799","6,092,117","107,632","20,039","9,168","2,544"
Locality: 009 AMHERST COUNTY,0103,103 - COOLWELL,932,35,967,10,,,11,"21,908",848,"22,756",175,18,20,133,"5,718,318","373,799","6,092,117","107,632","20,039","9,168","2,544"
Locality: 009 AMHERST COUNTY,0201,201 - COURT HOUSE,"3,046",133,"3,179",22,3,7,11,"21,908",848,"22,756",175,18,20,133,"5,718,318","373,799","6,092,117","107,632","20,039","9,168","2,544"
Locality: 009 AMHERST COUNTY,0202,202 - TEMPERANCE,"1,169",38,"1,207",9,2,,11,"21,908",848,"22,756",175,18,20,133,"5,718,318","373,799","6,092,117","107,632","20,039","9,168","2,544"
Locality: 009 AMHERST COUNTY,0301,301 - MONROE,"1,178",54,"1,232",11,1,1,11,"21,908",848,"22,756",175,18,20,133,"5,718,318","373,799","6,092,117","107,632","20,039","9,168","2,544"
Locality: 009 AMHERST COUNTY,0302,302 - ELON,"2,885",73,"2,958",28,7,2,11,"21,908",848,"22,756",175,18,20,133,"5,718,318","373,799","6,092,117","107,632","20,039","9,168","2,544"
Locality: 009 AMHERST COUNTY,0303,303 - PLEASANT VIEW,780,35,815,9,,,11,"21,908",848,"22,756",175,18,20,133,"5,718,318","373,799","6,092,117","107,632","20,039","9,168","2,544"
Locality: 009 AMHERST COUNTY,0401,401 - AMELON,"3,262",122,"3,384",19,3,4,11,"21,908",848,"22,756",175,18,20,133,"5,718,318","373,799","6,092,117","107,632","20,039","9,168","2,544"
Locality: 009 AMHERST COUNTY,0402,402 - LONCO,"1,092",63,"1,155",9,,1,11,"21,908",848,"22,756",175,18,20,133,"5,718,318","373,799","6,092,117","107,632","20,039","9,168","2,544"
Locality: 009 AMHERST COUNTY,0501,501 - MADISON,"4,016",166,"4,182",24,1,3,11,"21,908",848,"22,756",175,18,20,133,"5,718,318","373,799","6,092,117","107,632","20,039","9,168","2,544"
Locality: 011 APPOMATTOX COUNTY,0101,101 - VERA,789,23,812,8,2,,9,"11,761",381,"12,142",96,12,1,133,"5,718,318","373,799","6,092,117","107,632","20,039","9,168","2,544"
Locality: 011 APPOMATTOX COUNTY,0102,102 - PAMPLIN,"1,593",52,"1,645",16,2,1,9,"11,761",381,"12,142",96,12,1,133,"5,718,318","373,799","6,092,117","107,632","20,039","9,168","2,544"
Locality: 011 APPOMATTOX COUNTY,0201,201 - CHAP,571,18,589,4,,,9,"11,761",381,"12,142",96,12,1,133,"5,718,318","373,799","6,092,117","107,632","20,039","9,168","2,544"
Locality: 011 APPOMATTOX COUNTY,0202,202 - SPOUT SPRING,"1,849",46,"1,895",12,1,,9,"11,761",381,"12,142",96,12,1,133,"5,718,318","373,799","6,092,117","107,632","20,039","9,168","2,544"
Locality: 011 APPOMATTOX COUNTY,0301,301 - US  460,"1,108",32,"1,140",7,2,,9,"11,761",381,"12,142",96,12,1,133,"5,718,318","373,799","6,092,117","107,632","20,039","9,168","2,544"
Locality: 011 APPOMATTOX COUNTY,0302,302 - STONEWALL,"1,311",59,"1,370",18,,,9,"11,761",381,"12,142",96,12,1,133,"5,718,318","373,799","6,092,117","107,632","20,039","9,168","2,544"
Locality: 011 APPOMATTOX COUNTY,0401,401 - COURTHOUSE,"2,164",68,"2,232",17,3,,9,"11,761",381,"12,142",96,12,1,133,"5,718,318","373,799","6,092,117","107,632","20,039","9,168","2,544"
Locality: 011 APPOMATTOX COUNTY,0501,501 - OAKVILLE,"1,664",60,"1,724",11,2,,9,"11,761",381,"12,142",96,12,1,133,"5,718,318","373,799","6,092,117","107,632","20,039","9,168","2,544"
Locality: 011 APPOMATTOX COUNTY,0502,502 - AGEE,712,23,735,3,,,9,"11,761",381,"12,142",96,12,1,133,"5,718,318","373,799","6,092,117","107,632","20,039","9,168","2,544"
Locality: 013 ARLINGTON COUNTY,0101,101 - PRECINCT 101,"2,844",239,"3,083",53,31,11,54,"157,160","18,318","175,478","2,612","2,945","1,216",133,"5,718,318","373,799","6,092,117","107,632","20,039","9,168","2,544"
Locality: 013 ARLINGTON COUNTY,0102,102 - PRECINCT 102,"3,330",381,"3,711",23,79,22,54,"157,160","18,318","175,478","2,612","2,945","1,216",133,"5,718,318","373,799","6,092,117","107,632","20,039","9,168","2,544"
Locality: 013 ARLINGTON COUNTY,0103,103 - PRECINCT 103,"1,864",164,"2,028",44,39,28,54,"157,160","18,318","175,478","2,612","2,945","1,216",133,"5,718,318","373,799","6,092,117","107,632","20,039","9,168","2,544"
Locality: 013 ARLINGTON COUNTY,0104,104 - PRECINCT 104,"3,560",386,"3,946",27,55,20,54,"157,160","18,318","175,478","2,612","2,945","1,216",133,"5,718,318","373,799","6,092,117","107,632","20,039","9,168","2,544"
Locality: 013 ARLINGTON COUNTY,0105,105 - PRECINCT 105,"2,767",238,"3,005",53,48,15,54,"157,160","18,318","175,478","2,612","2,945","1,216",133,"5,718,318","373,799","6,092,117","107,632","20,039","9,168","2,544"
Locality: 013 ARLINGTON COUNTY,0106,106 - PRECINCT 106,"2,579",582,"3,161",85,52,26,54,"157,160","18,318","175,478","2,612","2,945","1,216",133,"5,718,318","373,799","6,092,117","107,632","20,039","9,168","2,544"
Locality: 013 ARLINGTON COUNTY,0107,107 - PRECINCT 107,"3,094",221,"3,315",29,51,36,54,"157,160","18,318","175,478","2,612","2,945","1,216",133,"5,718,318","373,799","6,092,117","107,632","20,039","9,168","2,544"
Locality: 013 ARLINGTON COUNTY,0108,108 - PRECINCT 108,"3,867",705,"4,572",105,91,34,54,"157,160","18,318","175,478","2,612","2,945","1,216",133,"5,718,318","373,799","6,092,117","107,632","20,039","9,168","2,544"
Locality: 013 ARLINGTON COUNTY,0109,109 - PRECINCT 109,"3,862",481,"4,343",70,70,14,54,"157,160","18,318","175,478","2,612","2,945","1,216",133,"5,718,318","373,799","6,092,117","107,632","20,039","9,168","2,544"
Locality: 013 ARLINGTON COUNTY,0110,110 - PRECINCT 110,"4,408",672,"5,080",169,157,48,54,"157,160","18,318","175,478","2,612","2,945","1,216",133,"5,718,318","373,799","6,092,117","107,632","20,039","9,168","2,544"
Locality: 013 ARLINGTON COUNTY,0111,111 - PRECINCT 111,"2,168",138,"2,306",25,51,14,54,"157,160","18,318","175,478","2,612","2,945","1,216",133,"5,718,318","373,799","6,092,117","107,632","20,039","9,168","2,544"
Locality: 013 ARLINGTON COUNTY,0112,112 - PRECINCT 112,"2,612",196,"2,808",56,60,33,54,"157,160","18,318","175,478","2,612","2,945","1,216",133,"5,718,318","373,799","6,092,117","107,632","20,039","9,168","2,544"
Locality: 013 ARLINGTON COUNTY,0113,113 - PRECINCT 113,"2,144",127,"2,271",30,34,5,54,"157,160","18,318","175,478","2,612","2,945","1,216",133,"5,718,318","373,799","6,092,117","107,632","20,039","9,168","2,544"
Locality: 013 ARLINGTON COUNTY,0114,114 - PRECINCT 114,"2,365",312,"2,677",25,48,14,54,"157,160","18,318","175,478","2,612","2,945","1,216",133,"5,718,318","373,799","6,092,117","107,632","20,039","9,168","2,544"
Locality: 013 ARLINGTON COUNTY,0115,115 - PRECINCT 115,"1,759",175,"1,934",36,42,17,54,"157,160","18,318","175,478","2,612","2,945","1,216",133,"5,718,318","373,799","6,092,117","107,632","20,039","9,168","2,544"
Locality: 013 ARLINGTON COUNTY,0116,116 - PRECINCT 116,"3,359",392,"3,751",22,71,30,54,"157,160","18,318","175,478","2,612","2,945","1,216",133,"5,718,318","373,799","6,092,117","107,632","20,039","9,168","2,544"
Locality: 013 ARLINGTON COUNTY,0117,117 - PRECINCT 117,"3,240",270,"3,510",36,64,31,54,"157,160","18,318","175,478","2,612","2,945","1,216",133,"5,718,318","373,799","6,092,117","107,632","20,039","9,168","2,544"
Locality: 013 ARLINGTON COUNTY,0118,118 - PRECINCT 118,"5,530","1,034","6,564",67,155,37,54,"157,160","18,318","175,478","2,612","2,945","1,216",133,"5,718,318","373,799","6,092,117","107,632","20,039","9,168","2,544"
Locality: 013 ARLINGTON COUNTY,0119,119 - PRECINCT 119,"4,258",813,"5,071",72,130,71,54,"157,160","18,318","175,478","2,612","2,945","1,216",133,"5,718,318","373,799","6,092,117","107,632","20,039","9,168","2,544"
Locality: 013 ARLINGTON COUNTY,0120,120 - PRECINCT 120,"2,974",146,"3,120",30,50,28,54,"157,160","18,318","175,478","2,612","2,945","1,216",133,"5,718,318","373,799","6,092,117","107,632","20,039","9,168","2,544"
Locality: 013 ARLINGTON COUNTY,0121,121 - PRECINCT 121,"1,680",178,"1,858",23,21,14,54,"157,160","18,318","175,478","2,612","2,945","1,216",133,"5,718,318","373,799","6,092,117","107,632","20,039","9,168","2,544"
Locality: 013 ARLINGTON COUNTY,0122,122 - PRECINCT 122,"2,834",293,"3,127",66,72,21,54,"157,160","18,318","175,478","2,612","2,945","1,216",133,"5,718,318","373,799","6,092,117","107,632","20,039","9,168","2,544"
Locality: 013 ARLINGTON COUNTY,0123,123 - PRECINCT 123,"2,877",163,"3,040",42,56,20,54,"157,160","18,318","175,478","2,612","2,945","1,216",133,"5,718,318","373,799","6,092,117","107,632","20,039","9,168","2,544"
Locality: 013 ARLINGTON COUNTY,0124,124 - PRECINCT 124,"4,001",299,"4,300",49,59,27,54,"157,160","18,318","175,478","2,612","2,945","1,216",133,"5,718,318","373,799","6,092,117","107,632","20,039","9,168","2,544"
Locality: 013 ARLINGTON COUNTY,0125,125 - PRECINCT 125,"2,876",231,"3,107",36,71,21,54,"157,160","18,318","175,478","2,612","2,945","1,216",133,"5,718,318","373,799","6,092,117","107,632","20,039","9,168","2,544"
Locality: 013 ARLINGTON COUNTY,0126,126 - PRECINCT 126,"3,645",471,"4,116",66,50,13,54,"157,160","18,318","175,478","2,612","2,945","1,216",133,"5,718,318","373,799","6,092,117","107,632","20,039","9,168","2,544"
Locality: 013 ARLINGTON COUNTY,0127,127 - PRECINCT 127,"3,178",272,"3,450",58,47,17,54,"157,160","18,318","175,478","2,612","2,945","1,216",133,"5,718,318","373,799","6,092,117","107,632","20,039","9,168","2,544"
Locality: 013 ARLINGTON COUNTY,0128,128 - PRECINCT 128,"3,802",440,"4,242",73,45,22,54,"157,160","18,318","175,478","2,612","2,945","1,216",133,"5,718,318","373,799","6,092,117","107,632","20,039","9,168","2,544"
Locality: 013 ARLINGTON COUNTY,0129,129 - PRECINCT 129,"2,790",124,"2,914",40,56,39,54,"157,160","18,318","175,478","2,612","2,945","1,216",133,"5,718,318","373,799","6,092,117","107,632","20,039","9,168","2,544"
Locality: 013 ARLINGTON COUNTY,0130,130 - PRECINCT 130,"3,258",316,"3,574",62,22,4,54,"157,160","18,318","175,478","2,612","2,945","1,216",133,"5,718,318","373,799","6,092,117","107,632","20,039","9,168","2,544"
Locality: 013 ARLINGTON COUNTY,0131,131 - PRECINCT 131,"2,926",140,"3,066",36,35,19,54,"157,160","18,318","175,478","2,612","2,945","1,216",133,"5,718,318","373,799","6,092,117","107,632","20,039","9,168","2,544"
Locality: 013 ARLINGTON COUNTY,0132,132 - PRECINCT 132,"1,346",191,"1,537",47,25,13,54,"157,160","18,318","175,478","2,612","2,945","1,216",133,"5,718,318","373,799","6,092,117","107,632","20,039","9,168","2,544"
Locality: 013 ARLINGTON COUNTY,0133,133 - PRECINCT 133,"3,005",156,"3,161",30,33,26,54,"157,160","18,318","175,478","2,612","2,945","1,216",133,"5,718,318","373,799","6,092,117","107,632","20,039","9,168","2,544"
Locality: 013 ARLINGTON COUNTY,0134,134 - PRECINCT 134,"2,650",118,"2,768",29,53,20,54,"157,160","18,318","175,478","2,612","2,945","1,216",133,"5,718,318","373,799","6,092,117","107,632","20,039","9,168","2,544"
Locality: 013 ARLINGTON COUNTY,0135,135 - PRECINCT 135,"3,278",167,"3,445",38,43,25,54,"157,160","18,318","175,478","2,612","2,945","1,216",133,"5,718,318","373,799","6,092,117","107,632","20,039","9,168","2,544"
Locality: 013 ARLINGTON COUNTY,0136,136 - PRECINCT 136,"3,295",227,"3,522",37,67,27,54,"157,160","18,318","175,478","2,612","2,945","1,216",133,"5,718,318","373,799","6,092,117","107,632","20,039","9,168","2,544"
Locality: 013 ARLINGTON COUNTY,0137,137 - PRECINCT 137,"2,593",111,"2,704",19,40,15,54,"157,160","18,318","175,478","2,612","2,945","1,216",133,"5,718,318","373,799","6,092,117","107,632","20,039","9,168","2,544"
Locality: 013 ARLINGTON COUNTY,0138,138 - PRECINCT 138,"3,084",433,"3,517",68,43,22,54,"157,160","18,318","175,478","2,612","2,945","1,216",133,"5,718,318","373,799","6,092,117","107,632","20,039","9,168","2,544"
Locality: 013 ARLINGTON COUNTY,0139,139 - PRECINCT 139,"1,755",102,"1,857",20,26,16,54,"157,160","18,318","175,478","2,612","2,945","1,216",133,"5,718,318","373,799","6,092,117","107,632","20,039","9,168","2,544"
Locality: 013 ARLINGTON COUNTY,0140,140 - PRECINCT 140,"3,900",615,"4,515",35,81,22,54,"157,160","18,318","175,478","2,612","2,945","1,216",133,"5,718,318","373,799","6,092,117","107,632","20,039","9,168","2,544"
Locality: 013 ARLINGTON COUNTY,0141,141 - PRECINCT 141,"3,315",537,"3,852",45,79,47,54,"157,160","18,318","175,478","2,612","2,945","1,216",133,"5,718,318","373,799","6,092,117","107,632","20,039","9,168","2,544"
Locality: 013 ARLINGTON COUNTY,0142,142 - PRECINCT 142,"2,563",392,"2,955",72,49,15,54,"157,160","18,318","175,478","2,612","2,945","1,216",133,"5,718,318","373,799","6,092,117","107,632","20,039","9,168","2,544"
Locality: 013 ARLINGTON COUNTY,0143,143 - PRECINCT 143,"2,639",241,"2,880",37,15,4,54,"157,160","18,318","175,478","2,612","2,945","1,216",133,"5,718,318","373,799","6,092,117","107,632","20,039","9,168","2,544"
Locality: 013 ARLINGTON COUNTY,0144,144 - PRECINCT 144,"2,413",397,"2,810",40,50,37,54,"157,160","18,318","175,478","2,612","2,945","1,216",133,"5,718,318","373,799","6,092,117","107,632","20,039","9,168","2,544"
Locality: 013 ARLINGTON COUNTY,0145,145 - PRECINCT 145,"2,484",301,"2,785",32,52,22,54,"157,160","18,318","175,478","2,612","2,945","1,216",133,"5,718,318","373,799","6,092,117","107,632","20,039","9,168","2,544"
Locality: 013 ARLINGTON COUNTY,0146,146 - PRECINCT 146,"3,830",636,"4,466",38,72,31,54,"157,160","18,318","175,478","2,612","2,945","1,216",133,"5,718,318","373,799","6,092,117","107,632","20,039","9,168","2,544"
Locality: 013 ARLINGTON COUNTY,0147,147 - PRECINCT 147,"2,334",235,"2,569",42,46,24,54,"157,160","18,318","175,478","2,612","2,945","1,216",133,"5,718,318","373,799","6,092,117","107,632","20,039","9,168","2,544"
Locality: 013 ARLINGTON COUNTY,0148,148 - PRECINCT 148,"2,543",430,"2,973",33,53,11,54,"157,160","18,318","175,478","2,612","2,945","1,216",133,"5,718,318","373,799","6,092,117","107,632","20,039","9,168","2,544"
Locality: 013 ARLINGTON COUNTY,0149,149 - PRECINCT 149,"2,504",339,"2,843",18,42,9,54,"157,160","18,318","175,478","2,612","2,945","1,216",133,"5,718,318","373,799","6,092,117","107,632","20,039","9,168","2,544"
Locality: 013 ARLINGTON COUNTY,0150,150 - PRECINCT 150,"3,225",695,"3,920",97,57,31,54,"157,160","18,318","175,478","2,612","2,945","1,216",133,"5,718,318","373,799","6,092,117","107,632","20,039","9,168","2,544"
Locality: 013 ARLINGTON COUNTY,0151,151 - PRECINCT 151,774,73,847,8,7,3,54,"157,160","18,318","175,478","2,612","2,945","1,216",133,"5,718,318","373,799","6,092,117","107,632","20,039","9,168","2,544"
Locality: 013 ARLINGTON COUNTY,0152,152 - PRECINCT 152,"2,493",449,"2,942",83,29,12,54,"157,160","18,318","175,478","2,612","2,945","1,216",133,"5,718,318","373,799","6,092,117","107,632","20,039","9,168","2,544"
Locality: 013 ARLINGTON COUNTY,0153,153 - PRECINCT 153,"3,190",613,"3,803",113,49,17,54,"157,160","18,318","175,478","2,612","2,945","1,216",133,"5,718,318","373,799","6,092,117","107,632","20,039","9,168","2,544"
Locality: 013 ARLINGTON COUNTY,0154,154 - PRECINCT 154,"1,496",261,"1,757",23,22,16,54,"157,160","18,318","175,478","2,612","2,945","1,216",133,"5,718,318","373,799","6,092,117","107,632","20,039","9,168","2,544"
Locality: 015 AUGUSTA COUNTY,0101,101 - JOLIVUE,"1,479",59,"1,538",9,1,,28,"52,878","1,673","54,551",293,50,33,133,"5,718,318","373,799","6,092,117","107,632","20,039","9,168","2,544"
Locality: 015 AUGUSTA COUNTY,0102,102 - STUARTS DRAFT ELEMENTARY,"1,006",83,"1,089",9,3,,28,"52,878","1,673","54,551",293,50,33,133,"5,718,318","373,799","6,092,117","107,632","20,039","9,168","2,544"
Locality: 015 AUGUSTA COUNTY,0103,103 - VERONA,"2,076",55,"2,131",10,3,1,28,"52,878","1,673","54,551",293,50,33,133,"5,718,318","373,799","6,092,117","107,632","20,039","9,168","2,544"
Locality: 015 AUGUSTA COUNTY,0104,104 - WILSON,"2,241",89,"2,330",16,2,1,28,"52,878","1,673","54,551",293,50,33,133,"5,718,318","373,799","6,092,117","107,632","20,039","9,168","2,544"
Locality: 015 AUGUSTA COUNTY,0201,201 - CRIMORA,"3,269",113,"3,382",21,1,,28,"52,878","1,673","54,551",293,50,33,133,"5,718,318","373,799","6,092,117","107,632","20,039","9,168","2,544"
Locality: 015 AUGUSTA COUNTY,0202,202 - NEW HOPE,"1,432",38,"1,470",6,2,1,28,"52,878","1,673","54,551",293,50,33,133,"5,718,318","373,799","6,092,117","107,632","20,039","9,168","2,544"
Locality: 015 AUGUSTA COUNTY,0203,203 - WEYERS CAVE,"2,632",79,"2,711",10,2,,28,"52,878","1,673","54,551",293,50,33,133,"5,718,318","373,799","6,092,117","107,632","20,039","9,168","2,544"
Locality: 015 AUGUSTA COUNTY,0301,301 - FORT DEFIANCE,"1,859",59,"1,918",3,1,2,28,"52,878","1,673","54,551",293,50,33,133,"5,718,318","373,799","6,092,117","107,632","20,039","9,168","2,544"
Locality: 015 AUGUSTA COUNTY,0302,302 - NORTH RIVER,"1,538",38,"1,576",11,4,,28,"52,878","1,673","54,551",293,50,33,133,"5,718,318","373,799","6,092,117","107,632","20,039","9,168","2,544"
Locality: 015 AUGUSTA COUNTY,0303,303 - MOUNT SOLON,"1,440",26,"1,466",7,1,1,28,"52,878","1,673","54,551",293,50,33,133,"5,718,318","373,799","6,092,117","107,632","20,039","9,168","2,544"
Locality: 015 AUGUSTA COUNTY,0304,304 - ROLLA,"2,688",74,"2,762",9,1,2,28,"52,878","1,673","54,551",293,50,33,133,"5,718,318","373,799","6,092,117","107,632","20,039","9,168","2,544"
Locality: 015 AUGUSTA COUNTY,0401,401 - BUFFALO GAP,"1,661",28,"1,689",8,1,2,28,"52,878","1,673","54,551",293,50,33,133,"5,718,318","373,799","6,092,117","107,632","20,039","9,168","2,544"
Locality: 015 AUGUSTA COUNTY,0402,402 - CHURCHVILLE ELEMENTARY,"2,024",47,"2,071",15,1,3,28,"52,878","1,673","54,551",293,50,33,133,"5,718,318","373,799","6,092,117","107,632","20,039","9,168","2,544"
Locality: 015 AUGUSTA COUNTY,0403,403 - CRAIGSVILLE,"1,186",41,"1,227",6,,1,28,"52,878","1,673","54,551",293,50,33,133,"5,718,318","373,799","6,092,117","107,632","20,039","9,168","2,544"
Locality: 015 AUGUSTA COUNTY,0404,404 - DEERFIELD,482,11,493,4,3,2,28,"52,878","1,673","54,551",293,50,33,133,"5,718,318","373,799","6,092,117","107,632","20,039","9,168","2,544"
Locality: 015 AUGUSTA COUNTY,0405,405 - CEDAR GREEN,"2,003",45,"2,048",13,4,2,28,"52,878","1,673","54,551",293,50,33,133,"5,718,318","373,799","6,092,117","107,632","20,039","9,168","2,544"
Locality: 015 AUGUSTA COUNTY,0501,501 - GREENVILLE,"2,292",69,"2,361",7,3,1,28,"52,878","1,673","54,551",293,50,33,133,"5,718,318","373,799","6,092,117","107,632","20,039","9,168","2,544"
Locality: 015 AUGUSTA COUNTY,0502,502 - MIDDLEBROOK,920,21,941,6,1,,28,"52,878","1,673","54,551",293,50,33,133,"5,718,318","373,799","6,092,117","107,632","20,039","9,168","2,544"
Locality: 015 AUGUSTA COUNTY,0503,503 - SPOTTSWOOD,"1,279",27,"1,306",9,1,,28,"52,878","1,673","54,551",293,50,33,133,"5,718,318","373,799","6,092,117","107,632","20,039","9,168","2,544"
Locality: 015 AUGUSTA COUNTY,0504,504 - WHITE HILL,"3,116",158,"3,274",21,4,2,28,"52,878","1,673","54,551",293,50,33,133,"5,718,318","373,799","6,092,117","107,632","20,039","9,168","2,544"
Locality: 015 AUGUSTA COUNTY,0601,601 - SHERANDO,"1,857",63,"1,920",7,1,1,28,"52,878","1,673","54,551",293,50,33,133,"5,718,318","373,799","6,092,117","107,632","20,039","9,168","2,544"
Locality: 015 AUGUSTA COUNTY,0602,602 - RIDGEVIEW,"2,660",83,"2,743",15,1,2,28,"52,878","1,673","54,551",293,50,33,133,"5,718,318","373,799","6,092,117","107,632","20,039","9,168","2,544"
Locality: 015 AUGUSTA COUNTY,0603,603 - LYNDHURST,"1,482",35,"1,517",13,4,4,28,"52,878","1,673","54,551",293,50,33,133,"5,718,318","373,799","6,092,117","107,632","20,039","9,168","2,544"
Locality: 015 AUGUSTA COUNTY,0604,604 - MOUNT VERNON,"2,076",53,"2,129",18,,2,28,"52,878","1,673","54,551",293,50,33,133,"5,718,318","373,799","6,092,117","107,632","20,039","9,168","2,544"
Locality: 015 AUGUSTA COUNTY,0801,801 - DOOMS,"1,977",41,"2,018",6,2,1,28,"52,878","1,673","54,551",293,50,33,133,"5,718,318","373,799","6,092,117","107,632","20,039","9,168","2,544"
Locality: 015 AUGUSTA COUNTY,0802,802 - FISHERSVILLE,"3,637",163,"3,800",18,2,2,28,"52,878","1,673","54,551",293,50,33,133,"5,718,318","373,799","6,092,117","107,632","20,039","9,168","2,544"
Locality: 015 AUGUSTA COUNTY,0803,803 - LADD,"1,098",31,"1,129",4,1,,28,"52,878","1,673","54,551",293,50,33,133,"5,718,318","373,799","6,092,117","107,632","20,039","9,168","2,544"
Locality: 015 AUGUSTA COUNTY,0804,804 - GOOSE CREEK,"1,468",44,"1,512",12,,,28,"52,878","1,673","54,551",293,50,33,133,"5,718,318","373,799","6,092,117","107,632","20,039","9,168","2,544"
Locality: 017 BATH COUNTY,0101,101 - WARM SPRINGS,556,30,586,2,2,,7,"3,218",136,"3,354",14,6,6,133,"5,718,318","373,799","6,092,117","107,632","20,039","9,168","2,544"
Locality: 017 BATH COUNTY,0102,102 - MOUNTAIN GROVE,91,1,92,1,,,7,"3,218",136,"3,354",14,6,6,133,"5,718,318","373,799","6,092,117","107,632","20,039","9,168","2,544"
Locality: 017 BATH COUNTY,0201,201 - HOT SPRINGS,604,36,640,5,1,1,7,"3,218",136,"3,354",14,6,6,133,"5,718,318","373,799","6,092,117","107,632","20,039","9,168","2,544"
Locality: 017 BATH COUNTY,0301,301 - FAIRVIEW,508,12,520,1,,,7,"3,218",136,"3,354",14,6,6,133,"5,718,318","373,799","6,092,117","107,632","20,039","9,168","2,544"
Locality: 017 BATH COUNTY,0302,302 - BURNSVILLE,120,6,126,,,,7,"3,218",136,"3,354",14,6,6,133,"5,718,318","373,799","6,092,117","107,632","20,039","9,168","2,544"
Locality: 017 BATH COUNTY,0401,401 - MILLBORO,681,23,704,4,1,3,7,"3,218",136,"3,354",14,6,6,133,"5,718,318","373,799","6,092,117","107,632","20,039","9,168","2,544"
Locality: 017 BATH COUNTY,0501,501 - HEALING SPRINGS,658,28,686,1,2,2,7,"3,218",136,"3,354",14,6,6,133,"5,718,318","373,799","6,092,117","107,632","20,039","9,168","2,544"
Locality: 019 BEDFORD COUNTY,0101,101 - GOODVIEW ELEM SCHOOL,"2,783",117,"2,900",17,1,2,32,"60,581","2,269","62,850",437,92,42,133,"5,718,318","373,799","6,092,117","107,632","20,039","9,168","2,544"
Locality: 019 BEDFORD COUNTY,0102,102 - HARDY VOL FIRE CO,"1,104",42,"1,146",10,1,1,32,"60,581","2,269","62,850",437,92,42,133,"5,718,318","373,799","6,092,117","107,632","20,039","9,168","2,544"
Locality: 019 BEDFORD COUNTY,0103,103 - CHAMBLISSBURG BAPTIST CHURCH,"1,949",66,"2,015",21,2,2,32,"60,581","2,269","62,850",437,92,42,133,"5,718,318","373,799","6,092,117","107,632","20,039","9,168","2,544"
Locality: 019 BEDFORD COUNTY,0104,104 - BARNHARDT BAPTIST CHURCH,"1,537",54,"1,591",10,2,,32,"60,581","2,269","62,850",437,92,42,133,"5,718,318","373,799","6,092,117","107,632","20,039","9,168","2,544"
Locality: 019 BEDFORD COUNTY,0105,105 - DIAMOND HILL BAPTIST CHURCH,"1,264",64,"1,328",11,1,1,32,"60,581","2,269","62,850",437,92,42,133,"5,718,318","373,799","6,092,117","107,632","20,039","9,168","2,544"
Locality: 019 BEDFORD COUNTY,0201,201 - BEDFORD CHRISTIAN CHURCH,989,38,"1,027",5,1,1,32,"60,581","2,269","62,850",437,92,42,133,"5,718,318","373,799","6,092,117","107,632","20,039","9,168","2,544"
Locality: 019 BEDFORD COUNTY,0202,202 - STAUNTON RIVER HIGH SCHOOL,"1,669",43,"1,712",11,,,32,"60,581","2,269","62,850",437,92,42,133,"5,718,318","373,799","6,092,117","107,632","20,039","9,168","2,544"
Locality: 019 BEDFORD COUNTY,0203,203 - EASTLAKE COMMUNITY CHURCH,"2,578",105,"2,683",11,6,3,32,"60,581","2,269","62,850",437,92,42,133,"5,718,318","373,799","6,092,117","107,632","20,039","9,168","2,544"
Locality: 019 BEDFORD COUNTY,0204,204 - HUDDLESTON ELEMENTARY SCHOOL,"1,594",45,"1,639",9,,1,32,"60,581","2,269","62,850",437,92,42,133,"5,718,318","373,799","6,092,117","107,632","20,039","9,168","2,544"
Locality: 019 BEDFORD COUNTY,0205,205 - SAUNDERS VOL FIRE CO,"2,082",79,"2,161",9,10,4,32,"60,581","2,269","62,850",437,92,42,133,"5,718,318","373,799","6,092,117","107,632","20,039","9,168","2,544"
Locality: 019 BEDFORD COUNTY,0301,301 - NEW LONDON ACADEMY,"2,636",119,"2,755",19,7,1,32,"60,581","2,269","62,850",437,92,42,133,"5,718,318","373,799","6,092,117","107,632","20,039","9,168","2,544"
Locality: 019 BEDFORD COUNTY,0302,302 - BEDFORD COUNTY GYM,"2,307",64,"2,371",13,1,2,32,"60,581","2,269","62,850",437,92,42,133,"5,718,318","373,799","6,092,117","107,632","20,039","9,168","2,544"
Locality: 019 BEDFORD COUNTY,0303,303 - FOREST ALLIANCE CHURCH,"1,159",45,"1,204",10,4,2,32,"60,581","2,269","62,850",437,92,42,133,"5,718,318","373,799","6,092,117","107,632","20,039","9,168","2,544"
Locality: 019 BEDFORD COUNTY,0304,304 - FREEDOM BAPTIST CHURCH,"1,059",31,"1,090",6,1,2,32,"60,581","2,269","62,850",437,92,42,133,"5,718,318","373,799","6,092,117","107,632","20,039","9,168","2,544"
Locality: 019 BEDFORD COUNTY,0305,305 - FOREST FIRE STATION #2,"1,576",56,"1,632",12,1,,32,"60,581","2,269","62,850",437,92,42,133,"5,718,318","373,799","6,092,117","107,632","20,039","9,168","2,544"
Locality: 019 BEDFORD COUNTY,0401,401 - FOREST ELEMENTARY SCHOOL,"2,932",157,"3,089",32,7,1,32,"60,581","2,269","62,850",437,92,42,133,"5,718,318","373,799","6,092,117","107,632","20,039","9,168","2,544"
Locality: 019 BEDFORD COUNTY,0402,402 - THOMAS JEFFERSON ELEM SCHOOL,"2,420",118,"2,538",21,5,1,32,"60,581","2,269","62,850",437,92,42,133,"5,718,318","373,799","6,092,117","107,632","20,039","9,168","2,544"
Locality: 019 BEDFORD COUNTY,0403,403 - PLEASANT VIEW BAPTIST CHURCH,"2,454",131,"2,585",29,5,1,32,"60,581","2,269","62,850",437,92,42,133,"5,718,318","373,799","6,092,117","107,632","20,039","9,168","2,544"
Locality: 019 BEDFORD COUNTY,0404,404 - FOREST RECREATION CENTER,"1,139",74,"1,213",14,3,,32,"60,581","2,269","62,850",437,92,42,133,"5,718,318","373,799","6,092,117","107,632","20,039","9,168","2,544"
Locality: 019 BEDFORD COUNTY,0501,501 - BIG ISLAND ELEMENTARY SCHOOL,"1,562",27,"1,589",7,1,1,32,"60,581","2,269","62,850",437,92,42,133,"5,718,318","373,799","6,092,117","107,632","20,039","9,168","2,544"
Locality: 019 BEDFORD COUNTY,0502,502 - SUCK SPRING BAPTIST CHURCH,"1,181",29,"1,210",4,4,1,32,"60,581","2,269","62,850",437,92,42,133,"5,718,318","373,799","6,092,117","107,632","20,039","9,168","2,544"
Locality: 019 BEDFORD COUNTY,0503,503 - BOONSBORO ELEMENTARY SCHOOL,"2,349",97,"2,446",14,5,2,32,"60,581","2,269","62,850",437,92,42,133,"5,718,318","373,799","6,092,117","107,632","20,039","9,168","2,544"
Locality: 019 BEDFORD COUNTY,0504,504 - BOONSBORO RURITAN CLUB,"3,749",130,"3,879",27,8,5,32,"60,581","2,269","62,850",437,92,42,133,"5,718,318","373,799","6,092,117","107,632","20,039","9,168","2,544"
Locality: 019 BEDFORD COUNTY,0601,601 - MONTVALE ELEM SCHOOL,"1,901",68,"1,969",15,3,,32,"60,581","2,269","62,850",437,92,42,133,"5,718,318","373,799","6,092,117","107,632","20,039","9,168","2,544"
Locality: 019 BEDFORD COUNTY,0602,602 - SHADY GROVE FIRE DEPARTMENT,"2,333",71,"2,404",12,3,,32,"60,581","2,269","62,850",437,92,42,133,"5,718,318","373,799","6,092,117","107,632","20,039","9,168","2,544"
Locality: 019 BEDFORD COUNTY,0603,603 - BEDFORD MOOSE LODGE ,"1,516",32,"1,548",9,,1,32,"60,581","2,269","62,850",437,92,42,133,"5,718,318","373,799","6,092,117","107,632","20,039","9,168","2,544"
Locality: 019 BEDFORD COUNTY,0604,604 - BEDFORD WELCOME CENTER,"2,451",108,"2,559",13,2,1,32,"60,581","2,269","62,850",437,92,42,133,"5,718,318","373,799","6,092,117","107,632","20,039","9,168","2,544"
Locality: 019 BEDFORD COUNTY,0701,701 - GOODE VOL RESCUE SQUAD,"2,552",73,"2,625",23,2,2,32,"60,581","2,269","62,850",437,92,42,133,"5,718,318","373,799","6,092,117","107,632","20,039","9,168","2,544"
Locality: 019 BEDFORD COUNTY,0702,702 - LIBERTY HIGH SCHOOL,"2,131",50,"2,181",15,2,2,32,"60,581","2,269","62,850",437,92,42,133,"5,718,318","373,799","6,092,117","107,632","20,039","9,168","2,544"
Locality: 019 BEDFORD COUNTY,0703,703 - THAXTON BAPTIST CHURCH ,"1,312",35,"1,347",6,2,,32,"60,581","2,269","62,850",437,92,42,133,"5,718,318","373,799","6,092,117","107,632","20,039","9,168","2,544"
Locality: 019 BEDFORD COUNTY,0704,704 - BEDFORD CENTRAL LIBRARY,"1,961",77,"2,038",16,2,,32,"60,581","2,269","62,850",437,92,42,133,"5,718,318","373,799","6,092,117","107,632","20,039","9,168","2,544"
Locality: 019 BEDFORD COUNTY,0705,705 - MOUNTAIN VIEW UNITED METHODIST CHURCH,352,24,376,6,,2,32,"60,581","2,269","62,850",437,92,42,133,"5,718,318","373,799","6,092,117","107,632","20,039","9,168","2,544"
Locality: 021 BLAND COUNTY,0101,101 - BASTIAN,537,34,571,1,,,7,"4,324",250,"4,574",24,3,2,133,"5,718,318","373,799","6,092,117","107,632","20,039","9,168","2,544"
Locality: 021 BLAND COUNTY,0102,102 - CERES,581,31,612,4,2,,7,"4,324",250,"4,574",24,3,2,133,"5,718,318","373,799","6,092,117","107,632","20,039","9,168","2,544"
Locality: 021 BLAND COUNTY,0201,201 - DAVIS,210,11,221,1,,,7,"4,324",250,"4,574",24,3,2,133,"5,718,318","373,799","6,092,117","107,632","20,039","9,168","2,544"
Locality: 021 BLAND COUNTY,0202,202 - SEDDON,904,46,950,6,,,7,"4,324",250,"4,574",24,3,2,133,"5,718,318","373,799","6,092,117","107,632","20,039","9,168","2,544"
Locality: 021 BLAND COUNTY,0301,301 - HOLLYBROOK,588,22,610,2,,1,7,"4,324",250,"4,574",24,3,2,133,"5,718,318","373,799","6,092,117","107,632","20,039","9,168","2,544"
Locality: 021 BLAND COUNTY,0302,302 - MECHANICSBURG,357,14,371,1,,,7,"4,324",250,"4,574",24,3,2,133,"5,718,318","373,799","6,092,117","107,632","20,039","9,168","2,544"
Locality: 021 BLAND COUNTY,0401,401 - ROCKY GAP,"1,147",92,"1,239",9,1,1,7,"4,324",250,"4,574",24,3,2,133,"5,718,318","373,799","6,092,117","107,632","20,039","9,168","2,544"
Locality: 023 BOTETOURT COUNTY,0101,101 - DALEVILLE,"3,187",127,"3,314",19,4,1,10,"25,495",681,"26,176",147,21,15,133,"5,718,318","373,799","6,092,117","107,632","20,039","9,168","2,544"
Locality: 023 BOTETOURT COUNTY,0102,102 - GREENFIELD,"2,371",53,"2,424",11,3,,10,"25,495",681,"26,176",147,21,15,133,"5,718,318","373,799","6,092,117","107,632","20,039","9,168","2,544"
Locality: 023 BOTETOURT COUNTY,0201,201 - BLUE RIDGE,"2,549",89,"2,638",19,2,,10,"25,495",681,"26,176",147,21,15,133,"5,718,318","373,799","6,092,117","107,632","20,039","9,168","2,544"
Locality: 023 BOTETOURT COUNTY,0202,202 - RAINBOW FOREST,"2,528",71,"2,599",16,2,6,10,"25,495",681,"26,176",147,21,15,133,"5,718,318","373,799","6,092,117","107,632","20,039","9,168","2,544"
Locality: 023 BOTETOURT COUNTY,0301,301 - BUCHANAN,"2,357",52,"2,409",13,1,,10,"25,495",681,"26,176",147,21,15,133,"5,718,318","373,799","6,092,117","107,632","20,039","9,168","2,544"
Locality: 023 BOTETOURT COUNTY,0302,302 - MILL CREEK,"2,554",73,"2,627",15,3,2,10,"25,495",681,"26,176",147,21,15,133,"5,718,318","373,799","6,092,117","107,632","20,039","9,168","2,544"
Locality: 023 BOTETOURT COUNTY,0403,403 - EAGLE ROCK,"1,635",32,"1,667",7,1,2,10,"25,495",681,"26,176",147,21,15,133,"5,718,318","373,799","6,092,117","107,632","20,039","9,168","2,544"
Locality: 023 BOTETOURT COUNTY,0406,406 - FINCASTLE,"3,425",71,"3,496",21,3,2,10,"25,495",681,"26,176",147,21,15,133,"5,718,318","373,799","6,092,117","107,632","20,039","9,168","2,544"
Locality: 023 BOTETOURT COUNTY,0501,501 - TROUTVILLE,"1,575",28,"1,603",6,1,,10,"25,495",681,"26,176",147,21,15,133,"5,718,318","373,799","6,092,117","107,632","20,039","9,168","2,544"
Locality: 023 BOTETOURT COUNTY,0502,502 - CLOVERDALE,"3,314",85,"3,399",20,1,2,10,"25,495",681,"26,176",147,21,15,133,"5,718,318","373,799","6,092,117","107,632","20,039","9,168","2,544"
Locality: 025 BRUNSWICK COUNTY,0101,101 - BRODNAX,543,17,560,5,,,13,"10,705",324,"11,029",92,,1,133,"5,718,318","373,799","6,092,117","107,632","20,039","9,168","2,544"
Locality: 025 BRUNSWICK COUNTY,0102,102 - ROCK STORE,893,16,909,7,,1,13,"10,705",324,"11,029",92,,1,133,"5,718,318","373,799","6,092,117","107,632","20,039","9,168","2,544"
Locality: 025 BRUNSWICK COUNTY,0103,103 - TILLMAN,986,36,"1,022",5,,,13,"10,705",324,"11,029",92,,1,133,"5,718,318","373,799","6,092,117","107,632","20,039","9,168","2,544"
Locality: 025 BRUNSWICK COUNTY,0201,201 - DROMGOOLE,300,10,310,3,,,13,"10,705",324,"11,029",92,,1,133,"5,718,318","373,799","6,092,117","107,632","20,039","9,168","2,544"
Locality: 025 BRUNSWICK COUNTY,0202,202 - EDGERTON,"1,008",31,"1,039",8,,,13,"10,705",324,"11,029",92,,1,133,"5,718,318","373,799","6,092,117","107,632","20,039","9,168","2,544"
Locality: 025 BRUNSWICK COUNTY,0203,203 - FITZHUGH,793,14,807,5,,,13,"10,705",324,"11,029",92,,1,133,"5,718,318","373,799","6,092,117","107,632","20,039","9,168","2,544"
Locality: 025 BRUNSWICK COUNTY,0301,301 - ALBERTA,225,7,232,1,,,13,"10,705",324,"11,029",92,,1,133,"5,718,318","373,799","6,092,117","107,632","20,039","9,168","2,544"
Locality: 025 BRUNSWICK COUNTY,0302,302 - DANIELTOWN,948,34,982,14,,,13,"10,705",324,"11,029",92,,1,133,"5,718,318","373,799","6,092,117","107,632","20,039","9,168","2,544"
Locality: 025 BRUNSWICK COUNTY,0303,303 - ELMORE,492,8,500,4,,,13,"10,705",324,"11,029",92,,1,133,"5,718,318","373,799","6,092,117","107,632","20,039","9,168","2,544"
Locality: 025 BRUNSWICK COUNTY,0304,304 - SEYMOUR,451,18,469,3,,,13,"10,705",324,"11,029",92,,1,133,"5,718,318","373,799","6,092,117","107,632","20,039","9,168","2,544"
Locality: 025 BRUNSWICK COUNTY,0401,401 - STURGEON,"1,642",42,"1,684",20,,,13,"10,705",324,"11,029",92,,1,133,"5,718,318","373,799","6,092,117","107,632","20,039","9,168","2,544"
Locality: 025 BRUNSWICK COUNTY,0402,402 - KING'S STORE,485,9,494,3,,,13,"10,705",324,"11,029",92,,1,133,"5,718,318","373,799","6,092,117","107,632","20,039","9,168","2,544"
Locality: 025 BRUNSWICK COUNTY,0501,501 - TOTARO,"1,939",82,"2,021",14,,,13,"10,705",324,"11,029",92,,1,133,"5,718,318","373,799","6,092,117","107,632","20,039","9,168","2,544"
Locality: 027 BUCHANAN COUNTY,0102,102 - BLACKEY,615,11,626,1,,,18,"14,327",510,"14,837",56,3,,133,"5,718,318","373,799","6,092,117","107,632","20,039","9,168","2,544"
Locality: 027 BUCHANAN COUNTY,0103,103 - HURLEY,"1,591",65,"1,656",1,,,18,"14,327",510,"14,837",56,3,,133,"5,718,318","373,799","6,092,117","107,632","20,039","9,168","2,544"
Locality: 027 BUCHANAN COUNTY,0201,201 - GRASSY,185,3,188,,,,18,"14,327",510,"14,837",56,3,,133,"5,718,318","373,799","6,092,117","107,632","20,039","9,168","2,544"
Locality: 027 BUCHANAN COUNTY,0202,202 - BULL,907,29,936,,,,18,"14,327",510,"14,837",56,3,,133,"5,718,318","373,799","6,092,117","107,632","20,039","9,168","2,544"
Locality: 027 BUCHANAN COUNTY,0203,203 - ROCKLICK,"1,060",38,"1,098",4,,,18,"14,327",510,"14,837",56,3,,133,"5,718,318","373,799","6,092,117","107,632","20,039","9,168","2,544"
Locality: 027 BUCHANAN COUNTY,0301,301 - SLATE,"1,180",28,"1,208",6,,,18,"14,327",510,"14,837",56,3,,133,"5,718,318","373,799","6,092,117","107,632","20,039","9,168","2,544"
Locality: 027 BUCHANAN COUNTY,0302,302 - NORTH GRUNDY,"1,027",67,"1,094",2,,,18,"14,327",510,"14,837",56,3,,133,"5,718,318","373,799","6,092,117","107,632","20,039","9,168","2,544"
Locality: 027 BUCHANAN COUNTY,0403,403 - SOUTH GRUNDY,"1,036",46,"1,082",8,2,,18,"14,327",510,"14,837",56,3,,133,"5,718,318","373,799","6,092,117","107,632","20,039","9,168","2,544"
Locality: 027 BUCHANAN COUNTY,0404,404 - OAKWOOD,127,7,134,1,,,18,"14,327",510,"14,837",56,3,,133,"5,718,318","373,799","6,092,117","107,632","20,039","9,168","2,544"
Locality: 027 BUCHANAN COUNTY,0405,405 - Grundy,562,38,600,6,,,18,"14,327",510,"14,837",56,3,,133,"5,718,318","373,799","6,092,117","107,632","20,039","9,168","2,544"
Locality: 027 BUCHANAN COUNTY,0501,501 - PRATER,893,27,920,9,,,18,"14,327",510,"14,837",56,3,,133,"5,718,318","373,799","6,092,117","107,632","20,039","9,168","2,544"
Locality: 027 BUCHANAN COUNTY,0502,502 - FOX,291,9,300,2,,,18,"14,327",510,"14,837",56,3,,133,"5,718,318","373,799","6,092,117","107,632","20,039","9,168","2,544"
Locality: 027 BUCHANAN COUNTY,0503,503 - VANSANT,843,18,861,3,,,18,"14,327",510,"14,837",56,3,,133,"5,718,318","373,799","6,092,117","107,632","20,039","9,168","2,544"
Locality: 027 BUCHANAN COUNTY,0601,601 - COUNCIL,580,13,593,,,,18,"14,327",510,"14,837",56,3,,133,"5,718,318","373,799","6,092,117","107,632","20,039","9,168","2,544"
Locality: 027 BUCHANAN COUNTY,0602,602 - GARDEN,854,27,881,1,1,,18,"14,327",510,"14,837",56,3,,133,"5,718,318","373,799","6,092,117","107,632","20,039","9,168","2,544"
Locality: 027 BUCHANAN COUNTY,0603,603 - HURRICANE,563,18,581,5,,,18,"14,327",510,"14,837",56,3,,133,"5,718,318","373,799","6,092,117","107,632","20,039","9,168","2,544"
Locality: 027 BUCHANAN COUNTY,0701,701 - WHITEWOOD,"1,169",41,"1,210",2,,,18,"14,327",510,"14,837",56,3,,133,"5,718,318","373,799","6,092,117","107,632","20,039","9,168","2,544"
Locality: 027 BUCHANAN COUNTY,0702,702 - CONTRARY,844,25,869,5,,,18,"14,327",510,"14,837",56,3,,133,"5,718,318","373,799","6,092,117","107,632","20,039","9,168","2,544"
Locality: 029 BUCKINGHAM COUNTY,0101,101 - NEW CANTON,"1,633",29,"1,662",2,,,10,"10,673",345,"11,018",75,12,11,133,"5,718,318","373,799","6,092,117","107,632","20,039","9,168","2,544"
Locality: 029 BUCKINGHAM COUNTY,0201,201 - WHITE HALL,"1,539",44,"1,583",10,2,4,10,"10,673",345,"11,018",75,12,11,133,"5,718,318","373,799","6,092,117","107,632","20,039","9,168","2,544"
Locality: 029 BUCKINGHAM COUNTY,0301,301 - CURDSVILLE,983,34,"1,017",4,1,,10,"10,673",345,"11,018",75,12,11,133,"5,718,318","373,799","6,092,117","107,632","20,039","9,168","2,544"
Locality: 029 BUCKINGHAM COUNTY,0302,302 - NEW STORE,556,24,580,4,2,,10,"10,673",345,"11,018",75,12,11,133,"5,718,318","373,799","6,092,117","107,632","20,039","9,168","2,544"
Locality: 029 BUCKINGHAM COUNTY,0401,401 - MAYSVILLE,"1,629",41,"1,670",20,3,2,10,"10,673",345,"11,018",75,12,11,133,"5,718,318","373,799","6,092,117","107,632","20,039","9,168","2,544"
Locality: 029 BUCKINGHAM COUNTY,0501,501 - WRIGHTS,538,13,551,6,,,10,"10,673",345,"11,018",75,12,11,133,"5,718,318","373,799","6,092,117","107,632","20,039","9,168","2,544"
Locality: 029 BUCKINGHAM COUNTY,0502,502 - GLENMORE,981,42,"1,023",9,2,5,10,"10,673",345,"11,018",75,12,11,133,"5,718,318","373,799","6,092,117","107,632","20,039","9,168","2,544"
Locality: 029 BUCKINGHAM COUNTY,0601,601 - SLATE RIVER,776,37,813,6,,,10,"10,673",345,"11,018",75,12,11,133,"5,718,318","373,799","6,092,117","107,632","20,039","9,168","2,544"
Locality: 029 BUCKINGHAM COUNTY,0602,602  - GEORGIA CREEK,905,47,952,7,2,,10,"10,673",345,"11,018",75,12,11,133,"5,718,318","373,799","6,092,117","107,632","20,039","9,168","2,544"
Locality: 029 BUCKINGHAM COUNTY,0701,701 - GOLD HILL,"1,133",34,"1,167",7,,,10,"10,673",345,"11,018",75,12,11,133,"5,718,318","373,799","6,092,117","107,632","20,039","9,168","2,544"
Locality: 031 CAMPBELL COUNTY,0101,101 - BROOKVILLE,"2,857",189,"3,046",41,3,5,16,"39,110","1,840","40,950",354,57,31,133,"5,718,318","373,799","6,092,117","107,632","20,039","9,168","2,544"
Locality: 031 CAMPBELL COUNTY,0102,102 - NEW LONDON,"2,770",234,"3,004",34,1,3,16,"39,110","1,840","40,950",354,57,31,133,"5,718,318","373,799","6,092,117","107,632","20,039","9,168","2,544"
Locality: 031 CAMPBELL COUNTY,0201,201 - WALKER,"2,657",192,"2,849",32,6,5,16,"39,110","1,840","40,950",354,57,31,133,"5,718,318","373,799","6,092,117","107,632","20,039","9,168","2,544"
Locality: 031 CAMPBELL COUNTY,0202,202 - BEDFORD SPRINGS,"2,816",144,"2,960",20,4,3,16,"39,110","1,840","40,950",354,57,31,133,"5,718,318","373,799","6,092,117","107,632","20,039","9,168","2,544"
Locality: 031 CAMPBELL COUNTY,0301,301 - EVINGTON,"1,477",37,"1,514",13,4,2,16,"39,110","1,840","40,950",354,57,31,133,"5,718,318","373,799","6,092,117","107,632","20,039","9,168","2,544"
Locality: 031 CAMPBELL COUNTY,0302,302 - OTTER RIVER,"1,947",83,"2,030",11,3,,16,"39,110","1,840","40,950",354,57,31,133,"5,718,318","373,799","6,092,117","107,632","20,039","9,168","2,544"
Locality: 031 CAMPBELL COUNTY,0303,303 - ALTAVISTA,"2,190",87,"2,277",14,2,,16,"39,110","1,840","40,950",354,57,31,133,"5,718,318","373,799","6,092,117","107,632","20,039","9,168","2,544"
Locality: 031 CAMPBELL COUNTY,0401,401 - THREE FORKS,"1,732",38,"1,770",12,2,3,16,"39,110","1,840","40,950",354,57,31,133,"5,718,318","373,799","6,092,117","107,632","20,039","9,168","2,544"
Locality: 031 CAMPBELL COUNTY,0402,402 - COURT HOUSE,"4,184",137,"4,321",41,3,2,16,"39,110","1,840","40,950",354,57,31,133,"5,718,318","373,799","6,092,117","107,632","20,039","9,168","2,544"
Locality: 031 CAMPBELL COUNTY,0501,501 - SPRING HILL,"3,372",266,"3,638",41,12,1,16,"39,110","1,840","40,950",354,57,31,133,"5,718,318","373,799","6,092,117","107,632","20,039","9,168","2,544"
Locality: 031 CAMPBELL COUNTY,0502,502 - YELLOW BRANCH,"2,039",67,"2,106",19,2,1,16,"39,110","1,840","40,950",354,57,31,133,"5,718,318","373,799","6,092,117","107,632","20,039","9,168","2,544"
Locality: 031 CAMPBELL COUNTY,0601,601 - KINGS,"2,414",109,"2,523",11,6,,16,"39,110","1,840","40,950",354,57,31,133,"5,718,318","373,799","6,092,117","107,632","20,039","9,168","2,544"
Locality: 031 CAMPBELL COUNTY,0602,602 - CONCORD,"3,067",93,"3,160",25,4,1,16,"39,110","1,840","40,950",354,57,31,133,"5,718,318","373,799","6,092,117","107,632","20,039","9,168","2,544"
Locality: 031 CAMPBELL COUNTY,0701,701 - BROOKNEAL,657,23,680,5,2,1,16,"39,110","1,840","40,950",354,57,31,133,"5,718,318","373,799","6,092,117","107,632","20,039","9,168","2,544"
Locality: 031 CAMPBELL COUNTY,0702,702 - GLADYS,"3,552",96,"3,648",27,1,3,16,"39,110","1,840","40,950",354,57,31,133,"5,718,318","373,799","6,092,117","107,632","20,039","9,168","2,544"
Locality: 031 CAMPBELL COUNTY,0703,703 - MORRIS CHURCH,"1,379",45,"1,424",8,2,1,16,"39,110","1,840","40,950",354,57,31,133,"5,718,318","373,799","6,092,117","107,632","20,039","9,168","2,544"
Locality: 033 CAROLINE COUNTY,0101,101 - BOWLING GREEN,"2,384",88,"2,472",40,2,,13,"21,777",909,"22,686",280,34,13,133,"5,718,318","373,799","6,092,117","107,632","20,039","9,168","2,544"
Locality: 033 CAROLINE COUNTY,0102,102 - SPARTA,"1,472",46,"1,518",13,1,,13,"21,777",909,"22,686",280,34,13,133,"5,718,318","373,799","6,092,117","107,632","20,039","9,168","2,544"
Locality: 033 CAROLINE COUNTY,0201,201 - NORTH MADISON,"1,339",67,"1,406",18,2,2,13,"21,777",909,"22,686",280,34,13,133,"5,718,318","373,799","6,092,117","107,632","20,039","9,168","2,544"
Locality: 033 CAROLINE COUNTY,0202,202 - SOUTH MADISON,"2,424",104,"2,528",35,4,2,13,"21,777",909,"22,686",280,34,13,133,"5,718,318","373,799","6,092,117","107,632","20,039","9,168","2,544"
Locality: 033 CAROLINE COUNTY,0301,301 - PORT ROYAL,983,48,"1,031",15,5,2,13,"21,777",909,"22,686",280,34,13,133,"5,718,318","373,799","6,092,117","107,632","20,039","9,168","2,544"
Locality: 033 CAROLINE COUNTY,0302,302 - WOODFORD,"1,980",75,"2,055",24,4,1,13,"21,777",909,"22,686",280,34,13,133,"5,718,318","373,799","6,092,117","107,632","20,039","9,168","2,544"
Locality: 033 CAROLINE COUNTY,0303,303 - WRIGHTS CHAPEL,483,21,504,6,,1,13,"21,777",909,"22,686",280,34,13,133,"5,718,318","373,799","6,092,117","107,632","20,039","9,168","2,544"
Locality: 033 CAROLINE COUNTY,0401,401 - DAWN,"2,784",101,"2,885",19,3,,13,"21,777",909,"22,686",280,34,13,133,"5,718,318","373,799","6,092,117","107,632","20,039","9,168","2,544"
Locality: 033 CAROLINE COUNTY,0402,402 - CARMEL CHURCH,919,26,945,10,,,13,"21,777",909,"22,686",280,34,13,133,"5,718,318","373,799","6,092,117","107,632","20,039","9,168","2,544"
Locality: 033 CAROLINE COUNTY,0501,501 - WEST MATTAPONI,"1,842",75,"1,917",25,3,2,13,"21,777",909,"22,686",280,34,13,133,"5,718,318","373,799","6,092,117","107,632","20,039","9,168","2,544"
Locality: 033 CAROLINE COUNTY,0502,502 - MILFORD,"1,617",44,"1,661",14,1,,13,"21,777",909,"22,686",280,34,13,133,"5,718,318","373,799","6,092,117","107,632","20,039","9,168","2,544"
Locality: 033 CAROLINE COUNTY,0601,601 - CHILESBURG,"2,003",114,"2,117",33,6,1,13,"21,777",909,"22,686",280,34,13,133,"5,718,318","373,799","6,092,117","107,632","20,039","9,168","2,544"
Locality: 033 CAROLINE COUNTY,0602,602 - LAKE,"1,547",100,"1,647",28,3,2,13,"21,777",909,"22,686",280,34,13,133,"5,718,318","373,799","6,092,117","107,632","20,039","9,168","2,544"
Locality: 035 CARROLL COUNTY,0101,101 - MT BETHEL,947,30,977,2,,1,16,"20,498",575,"21,073",88,8,6,133,"5,718,318","373,799","6,092,117","107,632","20,039","9,168","2,544"
Locality: 035 CARROLL COUNTY,0102,102 - ST PAUL,"1,242",28,"1,270",2,1,,16,"20,498",575,"21,073",88,8,6,133,"5,718,318","373,799","6,092,117","107,632","20,039","9,168","2,544"
Locality: 035 CARROLL COUNTY,0103,103 - LAMBSBURG,780,24,804,5,,,16,"20,498",575,"21,073",88,8,6,133,"5,718,318","373,799","6,092,117","107,632","20,039","9,168","2,544"
Locality: 035 CARROLL COUNTY,0105,105 - FANCY GAP,"1,107",37,"1,144",4,,1,16,"20,498",575,"21,073",88,8,6,133,"5,718,318","373,799","6,092,117","107,632","20,039","9,168","2,544"
Locality: 035 CARROLL COUNTY,0201,201 - HILLSVILLE B,"2,271",64,"2,335",11,2,,16,"20,498",575,"21,073",88,8,6,133,"5,718,318","373,799","6,092,117","107,632","20,039","9,168","2,544"
Locality: 035 CARROLL COUNTY,0202,202 - LAUREL FORK,837,21,858,12,2,,16,"20,498",575,"21,073",88,8,6,133,"5,718,318","373,799","6,092,117","107,632","20,039","9,168","2,544"
Locality: 035 CARROLL COUNTY,0203,203 - GLADESBORO,"1,138",30,"1,168",6,1,2,16,"20,498",575,"21,073",88,8,6,133,"5,718,318","373,799","6,092,117","107,632","20,039","9,168","2,544"
Locality: 035 CARROLL COUNTY,0301,301 - HILLSVILLE C,"2,629",70,"2,699",9,1,,16,"20,498",575,"21,073",88,8,6,133,"5,718,318","373,799","6,092,117","107,632","20,039","9,168","2,544"
Locality: 035 CARROLL COUNTY,0302,302 - SYLVATUS,889,26,915,2,,,16,"20,498",575,"21,073",88,8,6,133,"5,718,318","373,799","6,092,117","107,632","20,039","9,168","2,544"
Locality: 035 CARROLL COUNTY,0303,303 - DUGSPUR,500,9,509,7,,,16,"20,498",575,"21,073",88,8,6,133,"5,718,318","373,799","6,092,117","107,632","20,039","9,168","2,544"
Locality: 035 CARROLL COUNTY,0401,401 - OAKLAND,"1,868",59,"1,927",6,,1,16,"20,498",575,"21,073",88,8,6,133,"5,718,318","373,799","6,092,117","107,632","20,039","9,168","2,544"
Locality: 035 CARROLL COUNTY,0402,402 - WOODLAWN D,"2,181",63,"2,244",10,,,16,"20,498",575,"21,073",88,8,6,133,"5,718,318","373,799","6,092,117","107,632","20,039","9,168","2,544"
Locality: 035 CARROLL COUNTY,0501,501 - VAUGHAN,651,10,661,1,,,16,"20,498",575,"21,073",88,8,6,133,"5,718,318","373,799","6,092,117","107,632","20,039","9,168","2,544"
Locality: 035 CARROLL COUNTY,0502,502 - GLADEVILLE,"1,661",57,"1,718",4,,1,16,"20,498",575,"21,073",88,8,6,133,"5,718,318","373,799","6,092,117","107,632","20,039","9,168","2,544"
Locality: 035 CARROLL COUNTY,0503,503 - WOODLAWN E,866,18,884,3,1,,16,"20,498",575,"21,073",88,8,6,133,"5,718,318","373,799","6,092,117","107,632","20,039","9,168","2,544"
Locality: 035 CARROLL COUNTY,0504,504 - LAUREL,931,29,960,4,,,16,"20,498",575,"21,073",88,8,6,133,"5,718,318","373,799","6,092,117","107,632","20,039","9,168","2,544"
Locality: 036 CHARLES CITY COUNTY,0101,101 - PRECINCT 1-1,"1,956",58,"2,014",15,1,5,3,"5,585",152,"5,737",35,7,11,133,"5,718,318","373,799","6,092,117","107,632","20,039","9,168","2,544"
Locality: 036 CHARLES CITY COUNTY,0201,201 - PRECINCT 2-1,"1,774",39,"1,813",8,2,,3,"5,585",152,"5,737",35,7,11,133,"5,718,318","373,799","6,092,117","107,632","20,039","9,168","2,544"
Locality: 036 CHARLES CITY COUNTY,0301,301 - PRECINCT 3-1,"1,855",55,"1,910",12,4,6,3,"5,585",152,"5,737",35,7,11,133,"5,718,318","373,799","6,092,117","107,632","20,039","9,168","2,544"
Locality: 037 CHARLOTTE COUNTY,0101,101 - COUNTY SEAT,"1,260",26,"1,286",3,1,2,7,"8,137",284,"8,421",56,5,6,133,"5,718,318","373,799","6,092,117","107,632","20,039","9,168","2,544"
Locality: 037 CHARLOTTE COUNTY,0201,201 - RED OAK WYLLIESBURG,"1,244",37,"1,281",11,,1,7,"8,137",284,"8,421",56,5,6,133,"5,718,318","373,799","6,092,117","107,632","20,039","9,168","2,544"
Locality: 037 CHARLOTTE COUNTY,0302,302 - DRAKES BRANCH,"1,014",42,"1,056",4,,1,7,"8,137",284,"8,421",56,5,6,133,"5,718,318","373,799","6,092,117","107,632","20,039","9,168","2,544"
Locality: 037 CHARLOTTE COUNTY,0401,401 - KEYSVILLE,"1,165",51,"1,216",9,2,2,7,"8,137",284,"8,421",56,5,6,133,"5,718,318","373,799","6,092,117","107,632","20,039","9,168","2,544"
Locality: 037 CHARLOTTE COUNTY,0501,501 - CULLEN/RED HOUSE,"1,084",41,"1,125",5,,,7,"8,137",284,"8,421",56,5,6,133,"5,718,318","373,799","6,092,117","107,632","20,039","9,168","2,544"
Locality: 037 CHARLOTTE COUNTY,0602,602 - PHENIX,"1,190",39,"1,229",12,2,,7,"8,137",284,"8,421",56,5,6,133,"5,718,318","373,799","6,092,117","107,632","20,039","9,168","2,544"
Locality: 037 CHARLOTTE COUNTY,0702,702 - BACON/SAXE,"1,180",48,"1,228",12,,,7,"8,137",284,"8,421",56,5,6,133,"5,718,318","373,799","6,092,117","107,632","20,039","9,168","2,544"
Locality: 041 CHESTERFIELD COUNTY,0101,101 - BELLWOOD,"2,536",224,"2,760",28,3,,86,"253,843","14,388","268,231","3,117",474,226,133,"5,718,318","373,799","6,092,117","107,632","20,039","9,168","2,544"
Locality: 041 CHESTERFIELD COUNTY,0102,102 - SOUTH CHESTER,"3,471",287,"3,758",77,9,8,86,"253,843","14,388","268,231","3,117",474,226,133,"5,718,318","373,799","6,092,117","107,632","20,039","9,168","2,544"
Locality: 041 CHESTERFIELD COUNTY,0103,103 - ENON,"4,837",324,"5,161",164,5,3,86,"253,843","14,388","268,231","3,117",474,226,133,"5,718,318","373,799","6,092,117","107,632","20,039","9,168","2,544"
Locality: 041 CHESTERFIELD COUNTY,0104,104 - NORTH CHESTER,"4,080",231,"4,311",73,10,3,86,"253,843","14,388","268,231","3,117",474,226,133,"5,718,318","373,799","6,092,117","107,632","20,039","9,168","2,544"
Locality: 041 CHESTERFIELD COUNTY,0105,105 - DREWRYS BLUFF,"3,008",252,"3,260",24,3,2,86,"253,843","14,388","268,231","3,117",474,226,133,"5,718,318","373,799","6,092,117","107,632","20,039","9,168","2,544"
Locality: 041 CHESTERFIELD COUNTY,0106,106 - HARROWGATE,"4,511",388,"4,899",100,16,1,86,"253,843","14,388","268,231","3,117",474,226,133,"5,718,318","373,799","6,092,117","107,632","20,039","9,168","2,544"
Locality: 041 CHESTERFIELD COUNTY,0107,107 - WELLS,"3,333",269,"3,602",81,5,1,86,"253,843","14,388","268,231","3,117",474,226,133,"5,718,318","373,799","6,092,117","107,632","20,039","9,168","2,544"
Locality: 041 CHESTERFIELD COUNTY,0108,108 - ECOFF,"5,146",299,"5,445",85,11,2,86,"253,843","14,388","268,231","3,117",474,226,133,"5,718,318","373,799","6,092,117","107,632","20,039","9,168","2,544"
Locality: 041 CHESTERFIELD COUNTY,0109,109 - ELIZABETH SCOTT,"5,351",352,"5,703",179,19,8,86,"253,843","14,388","268,231","3,117",474,226,133,"5,718,318","373,799","6,092,117","107,632","20,039","9,168","2,544"
Locality: 041 CHESTERFIELD COUNTY,0110,110 - DUTCH GAP,"2,204",132,"2,336",59,13,3,86,"253,843","14,388","268,231","3,117",474,226,133,"5,718,318","373,799","6,092,117","107,632","20,039","9,168","2,544"
Locality: 041 CHESTERFIELD COUNTY,0111,111 - IRON BRIDGE,"2,916",162,"3,078",48,2,,86,"253,843","14,388","268,231","3,117",474,226,133,"5,718,318","373,799","6,092,117","107,632","20,039","9,168","2,544"
Locality: 041 CHESTERFIELD COUNTY,0112,112 - CARVER,"2,784",153,"2,937",65,12,3,86,"253,843","14,388","268,231","3,117",474,226,133,"5,718,318","373,799","6,092,117","107,632","20,039","9,168","2,544"
Locality: 041 CHESTERFIELD COUNTY,0113,113 - IRON BRIDGE NORTH,"3,062",271,"3,333",60,8,2,86,"253,843","14,388","268,231","3,117",474,226,133,"5,718,318","373,799","6,092,117","107,632","20,039","9,168","2,544"
Locality: 041 CHESTERFIELD COUNTY,0114,114 - HAPPY HILL,584,46,630,9,,,86,"253,843","14,388","268,231","3,117",474,226,133,"5,718,318","373,799","6,092,117","107,632","20,039","9,168","2,544"
Locality: 041 CHESTERFIELD COUNTY,0201,201 - GATES,979,28,"1,007",9,3,3,86,"253,843","14,388","268,231","3,117",474,226,133,"5,718,318","373,799","6,092,117","107,632","20,039","9,168","2,544"
Locality: 041 CHESTERFIELD COUNTY,0202,202 - BEULAH,"4,171",208,"4,379",66,3,1,86,"253,843","14,388","268,231","3,117",474,226,133,"5,718,318","373,799","6,092,117","107,632","20,039","9,168","2,544"
Locality: 041 CHESTERFIELD COUNTY,0203,203 - BIRD,"3,445",162,"3,607",41,5,1,86,"253,843","14,388","268,231","3,117",474,226,133,"5,718,318","373,799","6,092,117","107,632","20,039","9,168","2,544"
Locality: 041 CHESTERFIELD COUNTY,0204,204 - JACOBS,"2,037",102,"2,139",21,3,1,86,"253,843","14,388","268,231","3,117",474,226,133,"5,718,318","373,799","6,092,117","107,632","20,039","9,168","2,544"
Locality: 041 CHESTERFIELD COUNTY,0205,205 - FALLING CREEK,"3,826",273,"4,099",49,4,,86,"253,843","14,388","268,231","3,117",474,226,133,"5,718,318","373,799","6,092,117","107,632","20,039","9,168","2,544"
Locality: 041 CHESTERFIELD COUNTY,0206,206 - BELMONT,"2,026",216,"2,242",20,2,2,86,"253,843","14,388","268,231","3,117",474,226,133,"5,718,318","373,799","6,092,117","107,632","20,039","9,168","2,544"
Locality: 041 CHESTERFIELD COUNTY,0207,207 - CHIPPENHAM,"4,681",266,"4,947",55,4,3,86,"253,843","14,388","268,231","3,117",474,226,133,"5,718,318","373,799","6,092,117","107,632","20,039","9,168","2,544"
Locality: 041 CHESTERFIELD COUNTY,0208,208 - MEADOWBROOK,"3,366",175,"3,541",31,4,,86,"253,843","14,388","268,231","3,117",474,226,133,"5,718,318","373,799","6,092,117","107,632","20,039","9,168","2,544"
Locality: 041 CHESTERFIELD COUNTY,0209,209 - SALEM CHURCH,"3,424",197,"3,621",39,13,5,86,"253,843","14,388","268,231","3,117",474,226,133,"5,718,318","373,799","6,092,117","107,632","20,039","9,168","2,544"
Locality: 041 CHESTERFIELD COUNTY,0210,210 - FIVE FORKS,"4,753",233,"4,986",69,8,1,86,"253,843","14,388","268,231","3,117",474,226,133,"5,718,318","373,799","6,092,117","107,632","20,039","9,168","2,544"
Locality: 041 CHESTERFIELD COUNTY,0211,211 - NASH,"4,766",191,"4,957",79,6,1,86,"253,843","14,388","268,231","3,117",474,226,133,"5,718,318","373,799","6,092,117","107,632","20,039","9,168","2,544"
Locality: 041 CHESTERFIELD COUNTY,0212,212 - ST. LUKE'S,"2,112",98,"2,210",19,1,1,86,"253,843","14,388","268,231","3,117",474,226,133,"5,718,318","373,799","6,092,117","107,632","20,039","9,168","2,544"
Locality: 041 CHESTERFIELD COUNTY,0213,213 - SOUTHSIDE,"1,944",128,"2,072",24,1,,86,"253,843","14,388","268,231","3,117",474,226,133,"5,718,318","373,799","6,092,117","107,632","20,039","9,168","2,544"
Locality: 041 CHESTERFIELD COUNTY,0217,217 - POCOSHOCK SOUTH,"1,056",45,"1,101",6,3,6,86,"253,843","14,388","268,231","3,117",474,226,133,"5,718,318","373,799","6,092,117","107,632","20,039","9,168","2,544"
Locality: 041 CHESTERFIELD COUNTY,0218,218 - NEW MANCHESTER,"1,678",76,"1,754",18,2,1,86,"253,843","14,388","268,231","3,117",474,226,133,"5,718,318","373,799","6,092,117","107,632","20,039","9,168","2,544"
Locality: 041 CHESTERFIELD COUNTY,0219,219 - GATES EAST,"1,767",150,"1,917",13,,1,86,"253,843","14,388","268,231","3,117",474,226,133,"5,718,318","373,799","6,092,117","107,632","20,039","9,168","2,544"
Locality: 041 CHESTERFIELD COUNTY,0220,220 - FALLING CREEK EAST,540,31,571,8,1,,86,"253,843","14,388","268,231","3,117",474,226,133,"5,718,318","373,799","6,092,117","107,632","20,039","9,168","2,544"
Locality: 041 CHESTERFIELD COUNTY,0301,301 - ETTRICK,"4,717",857,"5,574",49,2,1,86,"253,843","14,388","268,231","3,117",474,226,133,"5,718,318","373,799","6,092,117","107,632","20,039","9,168","2,544"
Locality: 041 CHESTERFIELD COUNTY,0302,302 - DEER RUN,"1,383",53,"1,436",17,3,1,86,"253,843","14,388","268,231","3,117",474,226,133,"5,718,318","373,799","6,092,117","107,632","20,039","9,168","2,544"
Locality: 041 CHESTERFIELD COUNTY,0303,303 - MATOACA,"4,432",221,"4,653",46,5,,86,"253,843","14,388","268,231","3,117",474,226,133,"5,718,318","373,799","6,092,117","107,632","20,039","9,168","2,544"
Locality: 041 CHESTERFIELD COUNTY,0304,304 - WINFREES STORE,"2,636",107,"2,743",26,2,,86,"253,843","14,388","268,231","3,117",474,226,133,"5,718,318","373,799","6,092,117","107,632","20,039","9,168","2,544"
Locality: 041 CHESTERFIELD COUNTY,0305,305 - BEACH,"1,266",44,"1,310",10,,,86,"253,843","14,388","268,231","3,117",474,226,133,"5,718,318","373,799","6,092,117","107,632","20,039","9,168","2,544"
Locality: 041 CHESTERFIELD COUNTY,0306,306 - WINTERPOCK,"3,915",98,"4,013",24,3,4,86,"253,843","14,388","268,231","3,117",474,226,133,"5,718,318","373,799","6,092,117","107,632","20,039","9,168","2,544"
Locality: 041 CHESTERFIELD COUNTY,0307,307 - COSBY,"3,274",191,"3,465",40,10,2,86,"253,843","14,388","268,231","3,117",474,226,133,"5,718,318","373,799","6,092,117","107,632","20,039","9,168","2,544"
Locality: 041 CHESTERFIELD COUNTY,0308,308 - SOUTH MANCHESTER,"1,441",156,"1,597",24,4,,86,"253,843","14,388","268,231","3,117",474,226,133,"5,718,318","373,799","6,092,117","107,632","20,039","9,168","2,544"
Locality: 041 CHESTERFIELD COUNTY,0309,309 - SKINQUARTER,"3,166",122,"3,288",31,5,,86,"253,843","14,388","268,231","3,117",474,226,133,"5,718,318","373,799","6,092,117","107,632","20,039","9,168","2,544"
Locality: 041 CHESTERFIELD COUNTY,0313,313 - WOOLRIDGE SOUTH,"2,935",120,"3,055",38,5,1,86,"253,843","14,388","268,231","3,117",474,226,133,"5,718,318","373,799","6,092,117","107,632","20,039","9,168","2,544"
Locality: 041 CHESTERFIELD COUNTY,0314,314 - LONGHOUSE,"1,758",76,"1,834",25,2,1,86,"253,843","14,388","268,231","3,117",474,226,133,"5,718,318","373,799","6,092,117","107,632","20,039","9,168","2,544"
Locality: 041 CHESTERFIELD COUNTY,0315,315 - BAILEY BRIDGE,"3,786",150,"3,936",34,2,1,86,"253,843","14,388","268,231","3,117",474,226,133,"5,718,318","373,799","6,092,117","107,632","20,039","9,168","2,544"
Locality: 041 CHESTERFIELD COUNTY,0316,316 - SPRING RUN,"3,455",174,"3,629",31,8,3,86,"253,843","14,388","268,231","3,117",474,226,133,"5,718,318","373,799","6,092,117","107,632","20,039","9,168","2,544"
Locality: 041 CHESTERFIELD COUNTY,0317,317 - BIRKDALE,"3,258",114,"3,372",42,9,2,86,"253,843","14,388","268,231","3,117",474,226,133,"5,718,318","373,799","6,092,117","107,632","20,039","9,168","2,544"
Locality: 041 CHESTERFIELD COUNTY,0318,318 - WEST BEACH,"1,185",42,"1,227",13,,1,86,"253,843","14,388","268,231","3,117",474,226,133,"5,718,318","373,799","6,092,117","107,632","20,039","9,168","2,544"
Locality: 041 CHESTERFIELD COUNTY,0319,319 - MAGNOLIA,"5,759",222,"5,981",94,5,1,86,"253,843","14,388","268,231","3,117",474,226,133,"5,718,318","373,799","6,092,117","107,632","20,039","9,168","2,544"
Locality: 041 CHESTERFIELD COUNTY,0320,320 - DRY CREEK,"5,134",232,"5,366",68,14,3,86,"253,843","14,388","268,231","3,117",474,226,133,"5,718,318","373,799","6,092,117","107,632","20,039","9,168","2,544"
Locality: 041 CHESTERFIELD COUNTY,0401,401 - HARBOUR POINTE,"2,128",120,"2,248",22,6,7,86,"253,843","14,388","268,231","3,117",474,226,133,"5,718,318","373,799","6,092,117","107,632","20,039","9,168","2,544"
Locality: 041 CHESTERFIELD COUNTY,0402,402 - GENITO,"3,255",154,"3,409",29,6,4,86,"253,843","14,388","268,231","3,117",474,226,133,"5,718,318","373,799","6,092,117","107,632","20,039","9,168","2,544"
Locality: 041 CHESTERFIELD COUNTY,0403,403 - BRANDERMILL,"3,615",201,"3,816",39,5,1,86,"253,843","14,388","268,231","3,117",474,226,133,"5,718,318","373,799","6,092,117","107,632","20,039","9,168","2,544"
Locality: 041 CHESTERFIELD COUNTY,0404,404 - PROVIDENCE,"3,238",176,"3,414",33,7,8,86,"253,843","14,388","268,231","3,117",474,226,133,"5,718,318","373,799","6,092,117","107,632","20,039","9,168","2,544"
Locality: 041 CHESTERFIELD COUNTY,0405,405 - LA PRADE,"3,253",155,"3,408",29,7,9,86,"253,843","14,388","268,231","3,117",474,226,133,"5,718,318","373,799","6,092,117","107,632","20,039","9,168","2,544"
Locality: 041 CHESTERFIELD COUNTY,0406,406 - SMOKETREE,"2,664",91,"2,755",14,5,2,86,"253,843","14,388","268,231","3,117",474,226,133,"5,718,318","373,799","6,092,117","107,632","20,039","9,168","2,544"
Locality: 041 CHESTERFIELD COUNTY,0407,407 - MONACAN,"1,916",85,"2,001",13,3,5,86,"253,843","14,388","268,231","3,117",474,226,133,"5,718,318","373,799","6,092,117","107,632","20,039","9,168","2,544"
Locality: 041 CHESTERFIELD COUNTY,0408,408 - REAMS,"1,985",113,"2,098",12,4,3,86,"253,843","14,388","268,231","3,117",474,226,133,"5,718,318","373,799","6,092,117","107,632","20,039","9,168","2,544"
Locality: 041 CHESTERFIELD COUNTY,0410,410 - WAGSTAFF,733,34,767,9,,1,86,"253,843","14,388","268,231","3,117",474,226,133,"5,718,318","373,799","6,092,117","107,632","20,039","9,168","2,544"
Locality: 041 CHESTERFIELD COUNTY,0411,411 - SWIFT CREEK,"3,176",182,"3,358",17,13,7,86,"253,843","14,388","268,231","3,117",474,226,133,"5,718,318","373,799","6,092,117","107,632","20,039","9,168","2,544"
Locality: 041 CHESTERFIELD COUNTY,0412,412 - CLOVER HILL,"4,335",223,"4,558",62,5,3,86,"253,843","14,388","268,231","3,117",474,226,133,"5,718,318","373,799","6,092,117","107,632","20,039","9,168","2,544"
Locality: 041 CHESTERFIELD COUNTY,0413,413 - SHENANDOAH,"2,864",160,"3,024",20,12,3,86,"253,843","14,388","268,231","3,117",474,226,133,"5,718,318","373,799","6,092,117","107,632","20,039","9,168","2,544"
Locality: 041 CHESTERFIELD COUNTY,0414,414 - CRENSHAW,"5,447",294,"5,741",59,5,2,86,"253,843","14,388","268,231","3,117",474,226,133,"5,718,318","373,799","6,092,117","107,632","20,039","9,168","2,544"
Locality: 041 CHESTERFIELD COUNTY,0415,415 - EVERGREEN,"3,344",137,"3,481",18,5,1,86,"253,843","14,388","268,231","3,117",474,226,133,"5,718,318","373,799","6,092,117","107,632","20,039","9,168","2,544"
Locality: 041 CHESTERFIELD COUNTY,0416,416 - EVERGREEN WEST,"2,491",171,"2,662",24,6,2,86,"253,843","14,388","268,231","3,117",474,226,133,"5,718,318","373,799","6,092,117","107,632","20,039","9,168","2,544"
Locality: 041 CHESTERFIELD COUNTY,0417,417 - EDGEWATER,"2,126",79,"2,205",16,1,,86,"253,843","14,388","268,231","3,117",474,226,133,"5,718,318","373,799","6,092,117","107,632","20,039","9,168","2,544"
Locality: 041 CHESTERFIELD COUNTY,0418,418 - WOOLRIDGE NORTH,"2,272",128,"2,400",33,7,3,86,"253,843","14,388","268,231","3,117",474,226,133,"5,718,318","373,799","6,092,117","107,632","20,039","9,168","2,544"
Locality: 041 CHESTERFIELD COUNTY,0419,419 - NORTH COURTHOUSE,"2,462",132,"2,594",19,1,2,86,"253,843","14,388","268,231","3,117",474,226,133,"5,718,318","373,799","6,092,117","107,632","20,039","9,168","2,544"
Locality: 041 CHESTERFIELD COUNTY,0420,420 - NEW TOMAHAWK,"3,246",176,"3,422",44,9,10,86,"253,843","14,388","268,231","3,117",474,226,133,"5,718,318","373,799","6,092,117","107,632","20,039","9,168","2,544"
Locality: 041 CHESTERFIELD COUNTY,0501,501 - HUGUENOT,"2,161",112,"2,273",15,5,5,86,"253,843","14,388","268,231","3,117",474,226,133,"5,718,318","373,799","6,092,117","107,632","20,039","9,168","2,544"
Locality: 041 CHESTERFIELD COUNTY,0502,502 - CRESTWOOD,"1,616",94,"1,710",7,3,3,86,"253,843","14,388","268,231","3,117",474,226,133,"5,718,318","373,799","6,092,117","107,632","20,039","9,168","2,544"
Locality: 041 CHESTERFIELD COUNTY,0503,503 - MIDLOTHIAN,"3,865",176,"4,041",34,7,2,86,"253,843","14,388","268,231","3,117",474,226,133,"5,718,318","373,799","6,092,117","107,632","20,039","9,168","2,544"
Locality: 041 CHESTERFIELD COUNTY,0504,504 - ROBIOUS,"5,086",178,"5,264",23,19,12,86,"253,843","14,388","268,231","3,117",474,226,133,"5,718,318","373,799","6,092,117","107,632","20,039","9,168","2,544"
Locality: 041 CHESTERFIELD COUNTY,0505,505 - BON AIR,"3,129",113,"3,242",11,10,9,86,"253,843","14,388","268,231","3,117",474,226,133,"5,718,318","373,799","6,092,117","107,632","20,039","9,168","2,544"
Locality: 041 CHESTERFIELD COUNTY,0506,506 - GREENFIELD,"3,154",195,"3,349",22,3,2,86,"253,843","14,388","268,231","3,117",474,226,133,"5,718,318","373,799","6,092,117","107,632","20,039","9,168","2,544"
Locality: 041 CHESTERFIELD COUNTY,0507,507 - SALISBURY,"4,204",149,"4,353",21,9,8,86,"253,843","14,388","268,231","3,117",474,226,133,"5,718,318","373,799","6,092,117","107,632","20,039","9,168","2,544"
Locality: 041 CHESTERFIELD COUNTY,0508,508 - BELGRADE,"3,721",227,"3,948",39,11,7,86,"253,843","14,388","268,231","3,117",474,226,133,"5,718,318","373,799","6,092,117","107,632","20,039","9,168","2,544"
Locality: 041 CHESTERFIELD COUNTY,0509,509 - CRANBECK,"2,372",196,"2,568",21,4,2,86,"253,843","14,388","268,231","3,117",474,226,133,"5,718,318","373,799","6,092,117","107,632","20,039","9,168","2,544"
Locality: 041 CHESTERFIELD COUNTY,0510,510 - SYCAMORE,"1,446",59,"1,505",19,3,1,86,"253,843","14,388","268,231","3,117",474,226,133,"5,718,318","373,799","6,092,117","107,632","20,039","9,168","2,544"
Locality: 041 CHESTERFIELD COUNTY,0511,511 - BLACK HEATH,"2,090",57,"2,147",8,4,1,86,"253,843","14,388","268,231","3,117",474,226,133,"5,718,318","373,799","6,092,117","107,632","20,039","9,168","2,544"
Locality: 041 CHESTERFIELD COUNTY,0513,513 - BEAUFONT,"1,837",213,"2,050",17,4,5,86,"253,843","14,388","268,231","3,117",474,226,133,"5,718,318","373,799","6,092,117","107,632","20,039","9,168","2,544"
Locality: 041 CHESTERFIELD COUNTY,0514,514 - WATKINS,"3,839",178,"4,017",35,12,5,86,"253,843","14,388","268,231","3,117",474,226,133,"5,718,318","373,799","6,092,117","107,632","20,039","9,168","2,544"
Locality: 041 CHESTERFIELD COUNTY,0515,515 - DAVIS,"3,149",267,"3,416",38,4,1,86,"253,843","14,388","268,231","3,117",474,226,133,"5,718,318","373,799","6,092,117","107,632","20,039","9,168","2,544"
Locality: 041 CHESTERFIELD COUNTY,0516,516 - POCOSHOCK NORTH,"1,024",47,"1,071",10,1,,86,"253,843","14,388","268,231","3,117",474,226,133,"5,718,318","373,799","6,092,117","107,632","20,039","9,168","2,544"
Locality: 041 CHESTERFIELD COUNTY,0517,517 - ROSELAND,"2,641",108,"2,749",19,3,,86,"253,843","14,388","268,231","3,117",474,226,133,"5,718,318","373,799","6,092,117","107,632","20,039","9,168","2,544"
Locality: 041 CHESTERFIELD COUNTY,0518,518 - MIDLOTHIAN NORTH,"4,060",175,"4,235",15,1,5,86,"253,843","14,388","268,231","3,117",474,226,133,"5,718,318","373,799","6,092,117","107,632","20,039","9,168","2,544"
Locality: 041 CHESTERFIELD COUNTY,0519,519 - BUFORD,231,18,249,3,1,,86,"253,843","14,388","268,231","3,117",474,226,133,"5,718,318","373,799","6,092,117","107,632","20,039","9,168","2,544"
Locality: 041 CHESTERFIELD COUNTY,0520,520 - WALTON PARK,"1,774",67,"1,841",17,5,1,86,"253,843","14,388","268,231","3,117",474,226,133,"5,718,318","373,799","6,092,117","107,632","20,039","9,168","2,544"
Locality: 043 CLARKE COUNTY,0101,101 - RUSSELL,"2,473",97,"2,570",14,8,3,7,"11,648",539,"12,187",102,29,28,133,"5,718,318","373,799","6,092,117","107,632","20,039","9,168","2,544"
Locality: 043 CLARKE COUNTY,0201,201 - BERRYVILLE,"2,189",117,"2,306",20,1,6,7,"11,648",539,"12,187",102,29,28,133,"5,718,318","373,799","6,092,117","107,632","20,039","9,168","2,544"
Locality: 043 CLARKE COUNTY,0301,301 - MILLWOOD,"1,790",74,"1,864",19,6,7,7,"11,648",539,"12,187",102,29,28,133,"5,718,318","373,799","6,092,117","107,632","20,039","9,168","2,544"
Locality: 043 CLARKE COUNTY,0302,302 - PINE GROVE,738,39,777,6,4,,7,"11,648",539,"12,187",102,29,28,133,"5,718,318","373,799","6,092,117","107,632","20,039","9,168","2,544"
Locality: 043 CLARKE COUNTY,0401,401 - WHITE POST,"2,276",107,"2,383",22,4,8,7,"11,648",539,"12,187",102,29,28,133,"5,718,318","373,799","6,092,117","107,632","20,039","9,168","2,544"
Locality: 043 CLARKE COUNTY,0501,501 - BUCKMARSH,"1,575",78,"1,653",14,5,4,7,"11,648",539,"12,187",102,29,28,133,"5,718,318","373,799","6,092,117","107,632","20,039","9,168","2,544"
Locality: 043 CLARKE COUNTY,0502,502 - BLUE RIDGE,607,27,634,7,1,,7,"11,648",539,"12,187",102,29,28,133,"5,718,318","373,799","6,092,117","107,632","20,039","9,168","2,544"
Locality: 045 CRAIG COUNTY,0101,101 - COURT HOUSE,716,35,751,2,,,8,"3,829",135,"3,964",15,4,1,133,"5,718,318","373,799","6,092,117","107,632","20,039","9,168","2,544"
Locality: 045 CRAIG COUNTY,0201,201 - AMMENDALE PRECINCT,787,24,811,3,2,,8,"3,829",135,"3,964",15,4,1,133,"5,718,318","373,799","6,092,117","107,632","20,039","9,168","2,544"
Locality: 045 CRAIG COUNTY,0301,301 - GIVENS & REYNOLDS STORE,493,11,504,1,2,,8,"3,829",135,"3,964",15,4,1,133,"5,718,318","373,799","6,092,117","107,632","20,039","9,168","2,544"
Locality: 045 CRAIG COUNTY,0303,303 - MARSHALLS STORE,347,9,356,4,,,8,"3,829",135,"3,964",15,4,1,133,"5,718,318","373,799","6,092,117","107,632","20,039","9,168","2,544"
Locality: 045 CRAIG COUNTY,0401,401 - BARBOURS CREEK,351,9,360,3,,,8,"3,829",135,"3,964",15,4,1,133,"5,718,318","373,799","6,092,117","107,632","20,039","9,168","2,544"
Locality: 045 CRAIG COUNTY,0402,402 - PAINT BANK,68,3,71,1,,1,8,"3,829",135,"3,964",15,4,1,133,"5,718,318","373,799","6,092,117","107,632","20,039","9,168","2,544"
Locality: 045 CRAIG COUNTY,0403,403 - CRAIG SPRINGS,354,17,371,1,,,8,"3,829",135,"3,964",15,4,1,133,"5,718,318","373,799","6,092,117","107,632","20,039","9,168","2,544"
Locality: 045 CRAIG COUNTY,0501,501 - CRAIG CITY,713,27,740,,,,8,"3,829",135,"3,964",15,4,1,133,"5,718,318","373,799","6,092,117","107,632","20,039","9,168","2,544"
Locality: 047 CULPEPER COUNTY,0101,101 - WEST FAIRFAX,"4,444",242,"4,686",65,8,8,15,"35,285","1,560","36,845",412,75,44,133,"5,718,318","373,799","6,092,117","107,632","20,039","9,168","2,544"
Locality: 047 CULPEPER COUNTY,0201,201 - EAST FAIRFAX,"3,935",234,"4,169",40,11,1,15,"35,285","1,560","36,845",412,75,44,133,"5,718,318","373,799","6,092,117","107,632","20,039","9,168","2,544"
Locality: 047 CULPEPER COUNTY,0302,302 - EGGBORNSVILLE,"1,911",62,"1,973",21,5,1,15,"35,285","1,560","36,845",412,75,44,133,"5,718,318","373,799","6,092,117","107,632","20,039","9,168","2,544"
Locality: 047 CULPEPER COUNTY,0303,303 - CARDOVA,"1,947",73,"2,020",18,2,2,15,"35,285","1,560","36,845",412,75,44,133,"5,718,318","373,799","6,092,117","107,632","20,039","9,168","2,544"
Locality: 047 CULPEPER COUNTY,0304,304 - WILLOW SHADE,"1,217",73,"1,290",12,,,15,"35,285","1,560","36,845",412,75,44,133,"5,718,318","373,799","6,092,117","107,632","20,039","9,168","2,544"
Locality: 047 CULPEPER COUNTY,0401,401 - ELDORADO,"2,164",75,"2,239",26,,3,15,"35,285","1,560","36,845",412,75,44,133,"5,718,318","373,799","6,092,117","107,632","20,039","9,168","2,544"
Locality: 047 CULPEPER COUNTY,0402,402 - BROWNS STORE,"3,519",107,"3,626",33,17,9,15,"35,285","1,560","36,845",412,75,44,133,"5,718,318","373,799","6,092,117","107,632","20,039","9,168","2,544"
Locality: 047 CULPEPER COUNTY,0501,501 - JEFFERSONTON,"2,916",119,"3,035",43,8,8,15,"35,285","1,560","36,845",412,75,44,133,"5,718,318","373,799","6,092,117","107,632","20,039","9,168","2,544"
Locality: 047 CULPEPER COUNTY,0502,502 - RIXEYVILLE,"2,793",113,"2,906",27,4,1,15,"35,285","1,560","36,845",412,75,44,133,"5,718,318","373,799","6,092,117","107,632","20,039","9,168","2,544"
Locality: 047 CULPEPER COUNTY,0601,601 - MITCHELLS,428,17,445,6,1,,15,"35,285","1,560","36,845",412,75,44,133,"5,718,318","373,799","6,092,117","107,632","20,039","9,168","2,544"
Locality: 047 CULPEPER COUNTY,0602,602 - PEARL SAMPLE,"3,332",138,"3,470",37,7,3,15,"35,285","1,560","36,845",412,75,44,133,"5,718,318","373,799","6,092,117","107,632","20,039","9,168","2,544"
Locality: 047 CULPEPER COUNTY,0603,603 - SOUTH RIDGE,"1,004",75,"1,079",9,,1,15,"35,285","1,560","36,845",412,75,44,133,"5,718,318","373,799","6,092,117","107,632","20,039","9,168","2,544"
Locality: 047 CULPEPER COUNTY,0702,702 - BRANDY STATION,"3,606",159,"3,765",52,10,7,15,"35,285","1,560","36,845",412,75,44,133,"5,718,318","373,799","6,092,117","107,632","20,039","9,168","2,544"
Locality: 047 CULPEPER COUNTY,0703,703 - LIGNUM,"1,299",42,"1,341",11,2,,15,"35,285","1,560","36,845",412,75,44,133,"5,718,318","373,799","6,092,117","107,632","20,039","9,168","2,544"
Locality: 047 CULPEPER COUNTY,0704,704 - RICHARDSVILLE,770,31,801,12,,,15,"35,285","1,560","36,845",412,75,44,133,"5,718,318","373,799","6,092,117","107,632","20,039","9,168","2,544"
Locality: 049 CUMBERLAND COUNTY,0101,101 - PRECINCT 1,"1,484",35,"1,519",12,1,,5,"7,130",224,"7,354",48,4,7,133,"5,718,318","373,799","6,092,117","107,632","20,039","9,168","2,544"
Locality: 049 CUMBERLAND COUNTY,0201,201 - PRECINCT 2,"1,452",49,"1,501",8,1,4,5,"7,130",224,"7,354",48,4,7,133,"5,718,318","373,799","6,092,117","107,632","20,039","9,168","2,544"
Locality: 049 CUMBERLAND COUNTY,0301,301 - PRECINCT 3,"1,462",49,"1,511",6,,,5,"7,130",224,"7,354",48,4,7,133,"5,718,318","373,799","6,092,117","107,632","20,039","9,168","2,544"
Locality: 049 CUMBERLAND COUNTY,0401,401 - PRECINCT 4,"1,416",36,"1,452",10,1,2,5,"7,130",224,"7,354",48,4,7,133,"5,718,318","373,799","6,092,117","107,632","20,039","9,168","2,544"
Locality: 049 CUMBERLAND COUNTY,0501,501 - PRECINCT 5,"1,316",55,"1,371",12,1,1,5,"7,130",224,"7,354",48,4,7,133,"5,718,318","373,799","6,092,117","107,632","20,039","9,168","2,544"
Locality: 051 DICKENSON COUNTY,0101,101 - SOUTH CLINTWOOD,"1,941",84,"2,025",7,,1,11,"9,677",461,"10,138",50,1,3,133,"5,718,318","373,799","6,092,117","107,632","20,039","9,168","2,544"
Locality: 051 DICKENSON COUNTY,0201,201 - NORA,711,28,739,5,,,11,"9,677",461,"10,138",50,1,3,133,"5,718,318","373,799","6,092,117","107,632","20,039","9,168","2,544"
Locality: 051 DICKENSON COUNTY,0202,202 - FRYING PAN,254,15,269,,,,11,"9,677",461,"10,138",50,1,3,133,"5,718,318","373,799","6,092,117","107,632","20,039","9,168","2,544"
Locality: 051 DICKENSON COUNTY,0203,203 - CLINCHCO,902,42,944,3,,1,11,"9,677",461,"10,138",50,1,3,133,"5,718,318","373,799","6,092,117","107,632","20,039","9,168","2,544"
Locality: 051 DICKENSON COUNTY,0301,301 - WEST DANTE,270,12,282,,,,11,"9,677",461,"10,138",50,1,3,133,"5,718,318","373,799","6,092,117","107,632","20,039","9,168","2,544"
Locality: 051 DICKENSON COUNTY,0302,302 - HERALD,560,16,576,5,,,11,"9,677",461,"10,138",50,1,3,133,"5,718,318","373,799","6,092,117","107,632","20,039","9,168","2,544"
Locality: 051 DICKENSON COUNTY,0303,303 - RIDGE,584,43,627,5,,,11,"9,677",461,"10,138",50,1,3,133,"5,718,318","373,799","6,092,117","107,632","20,039","9,168","2,544"
Locality: 051 DICKENSON COUNTY,0304,304 - LONGS FORK,511,22,533,2,,,11,"9,677",461,"10,138",50,1,3,133,"5,718,318","373,799","6,092,117","107,632","20,039","9,168","2,544"
Locality: 051 DICKENSON COUNTY,0401,401 - HAYSI-COLLEY,"1,910",105,"2,015",8,1,,11,"9,677",461,"10,138",50,1,3,133,"5,718,318","373,799","6,092,117","107,632","20,039","9,168","2,544"
Locality: 051 DICKENSON COUNTY,0501,501 - TARPON,436,20,456,5,,,11,"9,677",461,"10,138",50,1,3,133,"5,718,318","373,799","6,092,117","107,632","20,039","9,168","2,544"
Locality: 051 DICKENSON COUNTY,0502,502 - NORTH CLINTWOOD,"1,598",74,"1,672",10,,1,11,"9,677",461,"10,138",50,1,3,133,"5,718,318","373,799","6,092,117","107,632","20,039","9,168","2,544"
Locality: 053 DINWIDDIE COUNTY,0101,101 - WHITE OAK,747,23,770,10,,,13,"19,925",832,"20,757",204,14,5,133,"5,718,318","373,799","6,092,117","107,632","20,039","9,168","2,544"
Locality: 053 DINWIDDIE COUNTY,0102,102 - ROCKY RUN,"1,339",64,"1,403",10,,,13,"19,925",832,"20,757",204,14,5,133,"5,718,318","373,799","6,092,117","107,632","20,039","9,168","2,544"
Locality: 053 DINWIDDIE COUNTY,0103,103 - CHURCH ROAD,"1,857",46,"1,903",15,1,,13,"19,925",832,"20,757",204,14,5,133,"5,718,318","373,799","6,092,117","107,632","20,039","9,168","2,544"
Locality: 053 DINWIDDIE COUNTY,0201,201 - ROHOIC,"1,186",67,"1,253",21,,,13,"19,925",832,"20,757",204,14,5,133,"5,718,318","373,799","6,092,117","107,632","20,039","9,168","2,544"
Locality: 053 DINWIDDIE COUNTY,0202,202 - SUTHERLAND,"2,839",111,"2,950",29,8,1,13,"19,925",832,"20,757",204,14,5,133,"5,718,318","373,799","6,092,117","107,632","20,039","9,168","2,544"
Locality: 053 DINWIDDIE COUNTY,0301,301 - REAMS,790,37,827,5,,,13,"19,925",832,"20,757",204,14,5,133,"5,718,318","373,799","6,092,117","107,632","20,039","9,168","2,544"
Locality: 053 DINWIDDIE COUNTY,0302,302 - NEW HOPE,"1,392",58,"1,450",16,5,2,13,"19,925",832,"20,757",204,14,5,133,"5,718,318","373,799","6,092,117","107,632","20,039","9,168","2,544"
Locality: 053 DINWIDDIE COUNTY,0303,303 - LITTLE ZION,"2,071",58,"2,129",11,,,13,"19,925",832,"20,757",204,14,5,133,"5,718,318","373,799","6,092,117","107,632","20,039","9,168","2,544"
Locality: 053 DINWIDDIE COUNTY,0401,401 - DINWIDDIE,"2,041",86,"2,127",29,,,13,"19,925",832,"20,757",204,14,5,133,"5,718,318","373,799","6,092,117","107,632","20,039","9,168","2,544"
Locality: 053 DINWIDDIE COUNTY,0402,402 - MCKENNEY,"1,292",50,"1,342",10,,,13,"19,925",832,"20,757",204,14,5,133,"5,718,318","373,799","6,092,117","107,632","20,039","9,168","2,544"
Locality: 053 DINWIDDIE COUNTY,0403,403 - CHERRY HILL,791,30,821,7,,,13,"19,925",832,"20,757",204,14,5,133,"5,718,318","373,799","6,092,117","107,632","20,039","9,168","2,544"
Locality: 053 DINWIDDIE COUNTY,0501,501 - EDGEHILL,"1,027",65,"1,092",13,,,13,"19,925",832,"20,757",204,14,5,133,"5,718,318","373,799","6,092,117","107,632","20,039","9,168","2,544"
Locality: 053 DINWIDDIE COUNTY,0502,502 - CHESDIN,"2,553",137,"2,690",28,,2,13,"19,925",832,"20,757",204,14,5,133,"5,718,318","373,799","6,092,117","107,632","20,039","9,168","2,544"
Locality: 057 ESSEX COUNTY,0101,101 - GREATER TAPPAHANNOCK,"1,855",98,"1,953",16,2,,4,"7,970",283,"8,253",64,6,,133,"5,718,318","373,799","6,092,117","107,632","20,039","9,168","2,544"
Locality: 057 ESSEX COUNTY,0201,201 - NORTH,"2,105",70,"2,175",19,1,,4,"7,970",283,"8,253",64,6,,133,"5,718,318","373,799","6,092,117","107,632","20,039","9,168","2,544"
Locality: 057 ESSEX COUNTY,0301,301 - SOUTH,"2,037",71,"2,108",18,3,,4,"7,970",283,"8,253",64,6,,133,"5,718,318","373,799","6,092,117","107,632","20,039","9,168","2,544"
Locality: 057 ESSEX COUNTY,0401,401 - CENTRAL,"1,973",44,"2,017",11,,,4,"7,970",283,"8,253",64,6,,133,"5,718,318","373,799","6,092,117","107,632","20,039","9,168","2,544"
Locality: 059 FAIRFAX COUNTY,0104,104 - CHAPEL,"2,469",110,"2,579",31,6,9,264,"736,099","45,596","781,695","11,777","3,327","2,261",133,"5,718,318","373,799","6,092,117","107,632","20,039","9,168","2,544"
Locality: 059 FAIRFAX COUNTY,0105,105 - FAIRVIEW,"4,829",241,"5,070",86,18,9,264,"736,099","45,596","781,695","11,777","3,327","2,261",133,"5,718,318","373,799","6,092,117","107,632","20,039","9,168","2,544"
Locality: 059 FAIRFAX COUNTY,0106,106 - HERITAGE,"4,091",290,"4,381",52,19,13,264,"736,099","45,596","781,695","11,777","3,327","2,261",133,"5,718,318","373,799","6,092,117","107,632","20,039","9,168","2,544"
Locality: 059 FAIRFAX COUNTY,0108,108 - KINGS PARK,"3,199",134,"3,333",53,17,10,264,"736,099","45,596","781,695","11,777","3,327","2,261",133,"5,718,318","373,799","6,092,117","107,632","20,039","9,168","2,544"
Locality: 059 FAIRFAX COUNTY,0109,109 - LITTLE RUN,"1,635",67,"1,702",37,4,8,264,"736,099","45,596","781,695","11,777","3,327","2,261",133,"5,718,318","373,799","6,092,117","107,632","20,039","9,168","2,544"
Locality: 059 FAIRFAX COUNTY,0110,110 - NORTH SPRINGFIELD,"4,385",215,"4,600",57,12,7,264,"736,099","45,596","781,695","11,777","3,327","2,261",133,"5,718,318","373,799","6,092,117","107,632","20,039","9,168","2,544"
Locality: 059 FAIRFAX COUNTY,0113,113 - CANTERBURY,"3,861",141,"4,002",69,25,12,264,"736,099","45,596","781,695","11,777","3,327","2,261",133,"5,718,318","373,799","6,092,117","107,632","20,039","9,168","2,544"
Locality: 059 FAIRFAX COUNTY,0114,114 - OLDE CREEK,"2,300",113,"2,413",48,11,4,264,"736,099","45,596","781,695","11,777","3,327","2,261",133,"5,718,318","373,799","6,092,117","107,632","20,039","9,168","2,544"
Locality: 059 FAIRFAX COUNTY,0115,115 - RAVENSWORTH,"1,803",68,"1,871",19,7,9,264,"736,099","45,596","781,695","11,777","3,327","2,261",133,"5,718,318","373,799","6,092,117","107,632","20,039","9,168","2,544"
Locality: 059 FAIRFAX COUNTY,0116,116 - WAKEFIELD,"2,331",96,"2,427",47,20,10,264,"736,099","45,596","781,695","11,777","3,327","2,261",133,"5,718,318","373,799","6,092,117","107,632","20,039","9,168","2,544"
Locality: 059 FAIRFAX COUNTY,0117,117 - WOODSON #1,"2,027",108,"2,135",27,7,9,264,"736,099","45,596","781,695","11,777","3,327","2,261",133,"5,718,318","373,799","6,092,117","107,632","20,039","9,168","2,544"
Locality: 059 FAIRFAX COUNTY,0118,118 - LAKE BRADDOCK,"4,190",235,"4,425",88,10,11,264,"736,099","45,596","781,695","11,777","3,327","2,261",133,"5,718,318","373,799","6,092,117","107,632","20,039","9,168","2,544"
Locality: 059 FAIRFAX COUNTY,0119,119 - LAUREL,"4,162",242,"4,404",93,19,18,264,"736,099","45,596","781,695","11,777","3,327","2,261",133,"5,718,318","373,799","6,092,117","107,632","20,039","9,168","2,544"
Locality: 059 FAIRFAX COUNTY,0120,120 - SIDEBURN #1,"1,071",42,"1,113",24,2,1,264,"736,099","45,596","781,695","11,777","3,327","2,261",133,"5,718,318","373,799","6,092,117","107,632","20,039","9,168","2,544"
Locality: 059 FAIRFAX COUNTY,0121,121 - VILLA,"2,142",112,"2,254",16,8,1,264,"736,099","45,596","781,695","11,777","3,327","2,261",133,"5,718,318","373,799","6,092,117","107,632","20,039","9,168","2,544"
Locality: 059 FAIRFAX COUNTY,0123,123 - ROBINSON,"4,407",236,"4,643",86,17,16,264,"736,099","45,596","781,695","11,777","3,327","2,261",133,"5,718,318","373,799","6,092,117","107,632","20,039","9,168","2,544"
Locality: 059 FAIRFAX COUNTY,0125,125 - SIGNAL HILL,"3,224",128,"3,352",58,10,8,264,"736,099","45,596","781,695","11,777","3,327","2,261",133,"5,718,318","373,799","6,092,117","107,632","20,039","9,168","2,544"
Locality: 059 FAIRFAX COUNTY,0126,126 - BONNIE BRAE,"2,480",117,"2,597",37,9,4,264,"736,099","45,596","781,695","11,777","3,327","2,261",133,"5,718,318","373,799","6,092,117","107,632","20,039","9,168","2,544"
Locality: 059 FAIRFAX COUNTY,0127,127 - BURKE CENTRE,"4,684",272,"4,956",99,20,12,264,"736,099","45,596","781,695","11,777","3,327","2,261",133,"5,718,318","373,799","6,092,117","107,632","20,039","9,168","2,544"
Locality: 059 FAIRFAX COUNTY,0128,128 - CARDINAL,"2,407",119,"2,526",42,7,3,264,"736,099","45,596","781,695","11,777","3,327","2,261",133,"5,718,318","373,799","6,092,117","107,632","20,039","9,168","2,544"
Locality: 059 FAIRFAX COUNTY,0129,129 - KEENE MILL,"1,792",75,"1,867",50,5,4,264,"736,099","45,596","781,695","11,777","3,327","2,261",133,"5,718,318","373,799","6,092,117","107,632","20,039","9,168","2,544"
Locality: 059 FAIRFAX COUNTY,0130,130 - TERRA CENTRE,"2,396",135,"2,531",58,15,2,264,"736,099","45,596","781,695","11,777","3,327","2,261",133,"5,718,318","373,799","6,092,117","107,632","20,039","9,168","2,544"
Locality: 059 FAIRFAX COUNTY,0131,131 - EAGLE VIEW #1,"1,891",200,"2,091",18,4,6,264,"736,099","45,596","781,695","11,777","3,327","2,261",133,"5,718,318","373,799","6,092,117","107,632","20,039","9,168","2,544"
Locality: 059 FAIRFAX COUNTY,0132,132 - MONUMENT,"4,921",479,"5,400",66,14,17,264,"736,099","45,596","781,695","11,777","3,327","2,261",133,"5,718,318","373,799","6,092,117","107,632","20,039","9,168","2,544"
Locality: 059 FAIRFAX COUNTY,0134,134 - UNIVERSITY,"1,809",436,"2,245",15,4,2,264,"736,099","45,596","781,695","11,777","3,327","2,261",133,"5,718,318","373,799","6,092,117","107,632","20,039","9,168","2,544"
Locality: 059 FAIRFAX COUNTY,0135,135 - IRVING,"2,653",134,"2,787",63,10,12,264,"736,099","45,596","781,695","11,777","3,327","2,261",133,"5,718,318","373,799","6,092,117","107,632","20,039","9,168","2,544"
Locality: 059 FAIRFAX COUNTY,0136 ,136 - WOODSON #2,"1,032",52,"1,084",13,11,6,264,"736,099","45,596","781,695","11,777","3,327","2,261",133,"5,718,318","373,799","6,092,117","107,632","20,039","9,168","2,544"
Locality: 059 FAIRFAX COUNTY,0137,137 - SIDEBURN #2,"2,056",112,"2,168",44,9,2,264,"736,099","45,596","781,695","11,777","3,327","2,261",133,"5,718,318","373,799","6,092,117","107,632","20,039","9,168","2,544"
Locality: 059 FAIRFAX COUNTY,0138,138 - EAGLE VIEW #2,"2,000",81,"2,081",27,10,5,264,"736,099","45,596","781,695","11,777","3,327","2,261",133,"5,718,318","373,799","6,092,117","107,632","20,039","9,168","2,544"
Locality: 059 FAIRFAX COUNTY,0201,201 - ARMSTRONG,"3,786",295,"4,081",35,24,15,264,"736,099","45,596","781,695","11,777","3,327","2,261",133,"5,718,318","373,799","6,092,117","107,632","20,039","9,168","2,544"
Locality: 059 FAIRFAX COUNTY,0202,202 - FLINT HILL #1,"1,542",52,"1,594",13,7,3,264,"736,099","45,596","781,695","11,777","3,327","2,261",133,"5,718,318","373,799","6,092,117","107,632","20,039","9,168","2,544"
Locality: 059 FAIRFAX COUNTY,0203,203 - FLORIS,"3,936",149,"4,085",25,8,9,264,"736,099","45,596","781,695","11,777","3,327","2,261",133,"5,718,318","373,799","6,092,117","107,632","20,039","9,168","2,544"
Locality: 059 FAIRFAX COUNTY,0204,204 - MADISON,992,64,"1,056",13,3,3,264,"736,099","45,596","781,695","11,777","3,327","2,261",133,"5,718,318","373,799","6,092,117","107,632","20,039","9,168","2,544"
Locality: 059 FAIRFAX COUNTY,0208,208 - RESTON #1,"4,507",482,"4,989",47,29,24,264,"736,099","45,596","781,695","11,777","3,327","2,261",133,"5,718,318","373,799","6,092,117","107,632","20,039","9,168","2,544"
Locality: 059 FAIRFAX COUNTY,0209,209 - RESTON #2,"3,884",228,"4,112",44,32,13,264,"736,099","45,596","781,695","11,777","3,327","2,261",133,"5,718,318","373,799","6,092,117","107,632","20,039","9,168","2,544"
Locality: 059 FAIRFAX COUNTY,0213,213 - VIENNA #1,"4,278",182,"4,460",50,16,18,264,"736,099","45,596","781,695","11,777","3,327","2,261",133,"5,718,318","373,799","6,092,117","107,632","20,039","9,168","2,544"
Locality: 059 FAIRFAX COUNTY,0214,214 - VIENNA #2,"3,371",156,"3,527",31,24,13,264,"736,099","45,596","781,695","11,777","3,327","2,261",133,"5,718,318","373,799","6,092,117","107,632","20,039","9,168","2,544"
Locality: 059 FAIRFAX COUNTY,0216,216 - VIENNA #4,"1,628",89,"1,717",10,4,3,264,"736,099","45,596","781,695","11,777","3,327","2,261",133,"5,718,318","373,799","6,092,117","107,632","20,039","9,168","2,544"
Locality: 059 FAIRFAX COUNTY,0218,218 - VIENNA #6,"2,439",99,"2,538",16,13,10,264,"736,099","45,596","781,695","11,777","3,327","2,261",133,"5,718,318","373,799","6,092,117","107,632","20,039","9,168","2,544"
Locality: 059 FAIRFAX COUNTY,0219,219 - WESTBRIAR #1,"2,064",152,"2,216",31,16,12,264,"736,099","45,596","781,695","11,777","3,327","2,261",133,"5,718,318","373,799","6,092,117","107,632","20,039","9,168","2,544"
Locality: 059 FAIRFAX COUNTY,0220,220 - DOGWOOD,"4,398",271,"4,669",38,12,8,264,"736,099","45,596","781,695","11,777","3,327","2,261",133,"5,718,318","373,799","6,092,117","107,632","20,039","9,168","2,544"
Locality: 059 FAIRFAX COUNTY,0221,221 - HUNTERS WOODS,"2,803",114,"2,917",18,19,9,264,"736,099","45,596","781,695","11,777","3,327","2,261",133,"5,718,318","373,799","6,092,117","107,632","20,039","9,168","2,544"
Locality: 059 FAIRFAX COUNTY,0222,222 - RESTON #3,"2,265",133,"2,398",23,19,11,264,"736,099","45,596","781,695","11,777","3,327","2,261",133,"5,718,318","373,799","6,092,117","107,632","20,039","9,168","2,544"
Locality: 059 FAIRFAX COUNTY,0223,223 - GLADE,"3,742",202,"3,944",31,18,11,264,"736,099","45,596","781,695","11,777","3,327","2,261",133,"5,718,318","373,799","6,092,117","107,632","20,039","9,168","2,544"
Locality: 059 FAIRFAX COUNTY,0224,224 - SOUTH LAKES,"4,571",264,"4,835",32,32,31,264,"736,099","45,596","781,695","11,777","3,327","2,261",133,"5,718,318","373,799","6,092,117","107,632","20,039","9,168","2,544"
Locality: 059 FAIRFAX COUNTY,0225,225 - HUGHES,"4,073",352,"4,425",33,33,20,264,"736,099","45,596","781,695","11,777","3,327","2,261",133,"5,718,318","373,799","6,092,117","107,632","20,039","9,168","2,544"
Locality: 059 FAIRFAX COUNTY,0226,226 - WOLFTRAP,"3,575",153,"3,728",34,16,16,264,"736,099","45,596","781,695","11,777","3,327","2,261",133,"5,718,318","373,799","6,092,117","107,632","20,039","9,168","2,544"
Locality: 059 FAIRFAX COUNTY,0227,227 - SUNRISE VALLEY #1,"2,054",99,"2,153",16,12,7,264,"736,099","45,596","781,695","11,777","3,327","2,261",133,"5,718,318","373,799","6,092,117","107,632","20,039","9,168","2,544"
Locality: 059 FAIRFAX COUNTY,0229,229 - FOX MILL #1,"4,058",168,"4,226",34,18,13,264,"736,099","45,596","781,695","11,777","3,327","2,261",133,"5,718,318","373,799","6,092,117","107,632","20,039","9,168","2,544"
Locality: 059 FAIRFAX COUNTY,0233,233 - NORTH POINT,"2,523",119,"2,642",18,10,15,264,"736,099","45,596","781,695","11,777","3,327","2,261",133,"5,718,318","373,799","6,092,117","107,632","20,039","9,168","2,544"
Locality: 059 FAIRFAX COUNTY,0234,234 - ALDRIN,"2,947",209,"3,156",30,17,10,264,"736,099","45,596","781,695","11,777","3,327","2,261",133,"5,718,318","373,799","6,092,117","107,632","20,039","9,168","2,544"
Locality: 059 FAIRFAX COUNTY,0235,235 - FRYING PAN,"3,206",191,"3,397",27,8,22,264,"736,099","45,596","781,695","11,777","3,327","2,261",133,"5,718,318","373,799","6,092,117","107,632","20,039","9,168","2,544"
Locality: 059 FAIRFAX COUNTY,0236,236 - STUART,"1,403",66,"1,469",9,5,3,264,"736,099","45,596","781,695","11,777","3,327","2,261",133,"5,718,318","373,799","6,092,117","107,632","20,039","9,168","2,544"
Locality: 059 FAIRFAX COUNTY,0237,237 - MCNAIR,"4,132",336,"4,468",31,9,7,264,"736,099","45,596","781,695","11,777","3,327","2,261",133,"5,718,318","373,799","6,092,117","107,632","20,039","9,168","2,544"
Locality: 059 FAIRFAX COUNTY,0238,238 - CAMERON GLEN,"4,447",411,"4,858",40,30,9,264,"736,099","45,596","781,695","11,777","3,327","2,261",133,"5,718,318","373,799","6,092,117","107,632","20,039","9,168","2,544"
Locality: 059 FAIRFAX COUNTY,0240,240 - COLVIN,"2,526",92,"2,618",19,17,10,264,"736,099","45,596","781,695","11,777","3,327","2,261",133,"5,718,318","373,799","6,092,117","107,632","20,039","9,168","2,544"
Locality: 059 FAIRFAX COUNTY,0241,241 - FLINT HILL #2,"1,552",75,"1,627",18,21,6,264,"736,099","45,596","781,695","11,777","3,327","2,261",133,"5,718,318","373,799","6,092,117","107,632","20,039","9,168","2,544"
Locality: 059 FAIRFAX COUNTY,0242,242 - WESTBRIAR #2,"1,759",60,"1,819",14,8,5,264,"736,099","45,596","781,695","11,777","3,327","2,261",133,"5,718,318","373,799","6,092,117","107,632","20,039","9,168","2,544"
Locality: 059 FAIRFAX COUNTY,0243,243 - SUNRISE VALLEY #2,"1,060",41,"1,101",12,3,5,264,"736,099","45,596","781,695","11,777","3,327","2,261",133,"5,718,318","373,799","6,092,117","107,632","20,039","9,168","2,544"
Locality: 059 FAIRFAX COUNTY,0244,244 - FOX MILL #2,544,33,577,2,3,,264,"736,099","45,596","781,695","11,777","3,327","2,261",133,"5,718,318","373,799","6,092,117","107,632","20,039","9,168","2,544"
Locality: 059 FAIRFAX COUNTY,0245,245 - PINEY RUN,"1,070",46,"1,116",5,3,4,264,"736,099","45,596","781,695","11,777","3,327","2,261",133,"5,718,318","373,799","6,092,117","107,632","20,039","9,168","2,544"
Locality: 059 FAIRFAX COUNTY,0301,301 - CHAIN BRIDGE,"3,756",225,"3,981",45,43,35,264,"736,099","45,596","781,695","11,777","3,327","2,261",133,"5,718,318","373,799","6,092,117","107,632","20,039","9,168","2,544"
Locality: 059 FAIRFAX COUNTY,0302,302 - CHESTERBROOK,"2,737",123,"2,860",16,16,18,264,"736,099","45,596","781,695","11,777","3,327","2,261",133,"5,718,318","373,799","6,092,117","107,632","20,039","9,168","2,544"
Locality: 059 FAIRFAX COUNTY,0303,303 - CHURCHILL,"1,644",73,"1,717",21,11,5,264,"736,099","45,596","781,695","11,777","3,327","2,261",133,"5,718,318","373,799","6,092,117","107,632","20,039","9,168","2,544"
Locality: 059 FAIRFAX COUNTY,0304,304 - COOPER,"2,409",164,"2,573",10,22,10,264,"736,099","45,596","781,695","11,777","3,327","2,261",133,"5,718,318","373,799","6,092,117","107,632","20,039","9,168","2,544"
Locality: 059 FAIRFAX COUNTY,0305,305 - EL NIDO,"2,465",106,"2,571",15,22,25,264,"736,099","45,596","781,695","11,777","3,327","2,261",133,"5,718,318","373,799","6,092,117","107,632","20,039","9,168","2,544"
Locality: 059 FAIRFAX COUNTY,0306,306 - GREAT FALLS,"2,199",104,"2,303",18,10,11,264,"736,099","45,596","781,695","11,777","3,327","2,261",133,"5,718,318","373,799","6,092,117","107,632","20,039","9,168","2,544"
Locality: 059 FAIRFAX COUNTY,0307,307 - HAYCOCK,"3,967",178,"4,145",30,33,25,264,"736,099","45,596","781,695","11,777","3,327","2,261",133,"5,718,318","373,799","6,092,117","107,632","20,039","9,168","2,544"
Locality: 059 FAIRFAX COUNTY,0309,309 - KENMORE,"4,073",204,"4,277",27,21,21,264,"736,099","45,596","781,695","11,777","3,327","2,261",133,"5,718,318","373,799","6,092,117","107,632","20,039","9,168","2,544"
Locality: 059 FAIRFAX COUNTY,0310,310 - KIRBY,"2,219",104,"2,323",24,20,26,264,"736,099","45,596","781,695","11,777","3,327","2,261",133,"5,718,318","373,799","6,092,117","107,632","20,039","9,168","2,544"
Locality: 059 FAIRFAX COUNTY,0311,311 - LANGLEY,"2,200",137,"2,337",16,23,14,264,"736,099","45,596","781,695","11,777","3,327","2,261",133,"5,718,318","373,799","6,092,117","107,632","20,039","9,168","2,544"
Locality: 059 FAIRFAX COUNTY,0312,312 - LONGFELLOW,"2,672",119,"2,791",38,26,13,264,"736,099","45,596","781,695","11,777","3,327","2,261",133,"5,718,318","373,799","6,092,117","107,632","20,039","9,168","2,544"
Locality: 059 FAIRFAX COUNTY,0314,314 - MCLEAN,"2,835",150,"2,985",26,27,18,264,"736,099","45,596","781,695","11,777","3,327","2,261",133,"5,718,318","373,799","6,092,117","107,632","20,039","9,168","2,544"
Locality: 059 FAIRFAX COUNTY,0315,315 - PIMMIT,"3,456",240,"3,696",38,13,13,264,"736,099","45,596","781,695","11,777","3,327","2,261",133,"5,718,318","373,799","6,092,117","107,632","20,039","9,168","2,544"
Locality: 059 FAIRFAX COUNTY,0316,316 - SALONA ,"2,884",134,"3,018",36,45,36,264,"736,099","45,596","781,695","11,777","3,327","2,261",133,"5,718,318","373,799","6,092,117","107,632","20,039","9,168","2,544"
Locality: 059 FAIRFAX COUNTY,0317,317 - WESTHAMPTON,990,46,"1,036",12,15,4,264,"736,099","45,596","781,695","11,777","3,327","2,261",133,"5,718,318","373,799","6,092,117","107,632","20,039","9,168","2,544"
Locality: 059 FAIRFAX COUNTY,0318,318 - WESTMORELAND,"1,545",89,"1,634",16,20,24,264,"736,099","45,596","781,695","11,777","3,327","2,261",133,"5,718,318","373,799","6,092,117","107,632","20,039","9,168","2,544"
Locality: 059 FAIRFAX COUNTY,0319,319 - HERNDON #1,"4,187",209,"4,396",29,21,7,264,"736,099","45,596","781,695","11,777","3,327","2,261",133,"5,718,318","373,799","6,092,117","107,632","20,039","9,168","2,544"
Locality: 059 FAIRFAX COUNTY,0320,320 - HERNDON #2,"4,326",275,"4,601",40,17,13,264,"736,099","45,596","781,695","11,777","3,327","2,261",133,"5,718,318","373,799","6,092,117","107,632","20,039","9,168","2,544"
Locality: 059 FAIRFAX COUNTY,0321,321 - CLEARVIEW,"4,077",189,"4,266",39,20,11,264,"736,099","45,596","781,695","11,777","3,327","2,261",133,"5,718,318","373,799","6,092,117","107,632","20,039","9,168","2,544"
Locality: 059 FAIRFAX COUNTY,0322,322 - FORESTVILLE,"3,362",162,"3,524",19,16,12,264,"736,099","45,596","781,695","11,777","3,327","2,261",133,"5,718,318","373,799","6,092,117","107,632","20,039","9,168","2,544"
Locality: 059 FAIRFAX COUNTY,0323,323 - SHOUSE,"2,342",89,"2,431",16,15,6,264,"736,099","45,596","781,695","11,777","3,327","2,261",133,"5,718,318","373,799","6,092,117","107,632","20,039","9,168","2,544"
Locality: 059 FAIRFAX COUNTY,0324,324 - HERNDON #3,"3,975",353,"4,328",25,17,8,264,"736,099","45,596","781,695","11,777","3,327","2,261",133,"5,718,318","373,799","6,092,117","107,632","20,039","9,168","2,544"
Locality: 059 FAIRFAX COUNTY,0325,325 - HUTCHISON,"2,460",224,"2,684",37,5,8,264,"736,099","45,596","781,695","11,777","3,327","2,261",133,"5,718,318","373,799","6,092,117","107,632","20,039","9,168","2,544"
Locality: 059 FAIRFAX COUNTY,0327,327 - SUGARLAND,"3,622",194,"3,816",32,18,12,264,"736,099","45,596","781,695","11,777","3,327","2,261",133,"5,718,318","373,799","6,092,117","107,632","20,039","9,168","2,544"
Locality: 059 FAIRFAX COUNTY,0328,328 - HICKORY,"3,494",179,"3,673",22,15,15,264,"736,099","45,596","781,695","11,777","3,327","2,261",133,"5,718,318","373,799","6,092,117","107,632","20,039","9,168","2,544"
Locality: 059 FAIRFAX COUNTY,0329,329 - SENECA,"3,622",170,"3,792",17,18,13,264,"736,099","45,596","781,695","11,777","3,327","2,261",133,"5,718,318","373,799","6,092,117","107,632","20,039","9,168","2,544"
Locality: 059 FAIRFAX COUNTY,0331,331 - SPRING HILL,"2,376",93,"2,469",22,17,10,264,"736,099","45,596","781,695","11,777","3,327","2,261",133,"5,718,318","373,799","6,092,117","107,632","20,039","9,168","2,544"
Locality: 059 FAIRFAX COUNTY,0332,332 - COATES,"5,037",595,"5,632",78,13,5,264,"736,099","45,596","781,695","11,777","3,327","2,261",133,"5,718,318","373,799","6,092,117","107,632","20,039","9,168","2,544"
Locality: 059 FAIRFAX COUNTY,0401,401 - BUSH HILL,"3,420",178,"3,598",75,11,5,264,"736,099","45,596","781,695","11,777","3,327","2,261",133,"5,718,318","373,799","6,092,117","107,632","20,039","9,168","2,544"
Locality: 059 FAIRFAX COUNTY,0402,402 - CAMERON,"1,211",71,"1,282",25,1,4,264,"736,099","45,596","781,695","11,777","3,327","2,261",133,"5,718,318","373,799","6,092,117","107,632","20,039","9,168","2,544"
Locality: 059 FAIRFAX COUNTY,0403,403 - FORESTDALE,"1,407",100,"1,507",29,5,4,264,"736,099","45,596","781,695","11,777","3,327","2,261",133,"5,718,318","373,799","6,092,117","107,632","20,039","9,168","2,544"
Locality: 059 FAIRFAX COUNTY,0404,404 - FRANCONIA #1,"1,886",108,"1,994",50,6,3,264,"736,099","45,596","781,695","11,777","3,327","2,261",133,"5,718,318","373,799","6,092,117","107,632","20,039","9,168","2,544"
Locality: 059 FAIRFAX COUNTY,0405,405 - GROVETON,"2,165",228,"2,393",56,1,1,264,"736,099","45,596","781,695","11,777","3,327","2,261",133,"5,718,318","373,799","6,092,117","107,632","20,039","9,168","2,544"
Locality: 059 FAIRFAX COUNTY,0406,406 - HAYFIELD,"2,385",134,"2,519",72,4,5,264,"736,099","45,596","781,695","11,777","3,327","2,261",133,"5,718,318","373,799","6,092,117","107,632","20,039","9,168","2,544"
Locality: 059 FAIRFAX COUNTY,0408,408 - MOUNT EAGLE,"2,719",321,"3,040",62,17,8,264,"736,099","45,596","781,695","11,777","3,327","2,261",133,"5,718,318","373,799","6,092,117","107,632","20,039","9,168","2,544"
Locality: 059 FAIRFAX COUNTY,0409,409 - PIONEER,"4,189",287,"4,476",68,19,9,264,"736,099","45,596","781,695","11,777","3,327","2,261",133,"5,718,318","373,799","6,092,117","107,632","20,039","9,168","2,544"
Locality: 059 FAIRFAX COUNTY,0410,410 - ROSE HILL,"4,800",304,"5,104",106,22,7,264,"736,099","45,596","781,695","11,777","3,327","2,261",133,"5,718,318","373,799","6,092,117","107,632","20,039","9,168","2,544"
Locality: 059 FAIRFAX COUNTY,0411,411 - VIRGINIA HILLS,"2,424",145,"2,569",41,7,,264,"736,099","45,596","781,695","11,777","3,327","2,261",133,"5,718,318","373,799","6,092,117","107,632","20,039","9,168","2,544"
Locality: 059 FAIRFAX COUNTY,0413,413 - FAIRFIELD,"2,835",222,"3,057",55,2,,264,"736,099","45,596","781,695","11,777","3,327","2,261",133,"5,718,318","373,799","6,092,117","107,632","20,039","9,168","2,544"
Locality: 059 FAIRFAX COUNTY,0415,415 - CRESTWOOD,"2,882",142,"3,024",47,8,8,264,"736,099","45,596","781,695","11,777","3,327","2,261",133,"5,718,318","373,799","6,092,117","107,632","20,039","9,168","2,544"
Locality: 059 FAIRFAX COUNTY,0417,417 - GARFIELD,"4,060",213,"4,273",57,12,6,264,"736,099","45,596","781,695","11,777","3,327","2,261",133,"5,718,318","373,799","6,092,117","107,632","20,039","9,168","2,544"
Locality: 059 FAIRFAX COUNTY,0418,418 - LYNBROOK #1,"2,098",101,"2,199",28,5,9,264,"736,099","45,596","781,695","11,777","3,327","2,261",133,"5,718,318","373,799","6,092,117","107,632","20,039","9,168","2,544"
Locality: 059 FAIRFAX COUNTY,0419,419 - LANE ,"2,537",152,"2,689",47,14,4,264,"736,099","45,596","781,695","11,777","3,327","2,261",133,"5,718,318","373,799","6,092,117","107,632","20,039","9,168","2,544"
Locality: 059 FAIRFAX COUNTY,0420,420 - VILLAGES,"4,721",353,"5,074",132,13,10,264,"736,099","45,596","781,695","11,777","3,327","2,261",133,"5,718,318","373,799","6,092,117","107,632","20,039","9,168","2,544"
Locality: 059 FAIRFAX COUNTY,0421,421 - KINGSTOWNE,"3,694",323,"4,017",136,24,11,264,"736,099","45,596","781,695","11,777","3,327","2,261",133,"5,718,318","373,799","6,092,117","107,632","20,039","9,168","2,544"
Locality: 059 FAIRFAX COUNTY,0422,422 - VAN DORN,"3,829",345,"4,174",94,15,9,264,"736,099","45,596","781,695","11,777","3,327","2,261",133,"5,718,318","373,799","6,092,117","107,632","20,039","9,168","2,544"
Locality: 059 FAIRFAX COUNTY,0423,423 - CLERMONT,"2,752",158,"2,910",75,17,16,264,"736,099","45,596","781,695","11,777","3,327","2,261",133,"5,718,318","373,799","6,092,117","107,632","20,039","9,168","2,544"
Locality: 059 FAIRFAX COUNTY,0424,424 - HUNTLEY,"2,738",144,"2,882",67,9,5,264,"736,099","45,596","781,695","11,777","3,327","2,261",133,"5,718,318","373,799","6,092,117","107,632","20,039","9,168","2,544"
Locality: 059 FAIRFAX COUNTY,0426,426 - GREENSPRING,"1,779",38,"1,817",4,4,5,264,"736,099","45,596","781,695","11,777","3,327","2,261",133,"5,718,318","373,799","6,092,117","107,632","20,039","9,168","2,544"
Locality: 059 FAIRFAX COUNTY,0427,427 - ISLAND CREEK,"2,768",164,"2,932",109,10,4,264,"736,099","45,596","781,695","11,777","3,327","2,261",133,"5,718,318","373,799","6,092,117","107,632","20,039","9,168","2,544"
Locality: 059 FAIRFAX COUNTY,0428,428 - PINEWOOD,"3,405",269,"3,674",59,4,3,264,"736,099","45,596","781,695","11,777","3,327","2,261",133,"5,718,318","373,799","6,092,117","107,632","20,039","9,168","2,544"
Locality: 059 FAIRFAX COUNTY,0429,429 - HYBLA VALLEY,"3,806",311,"4,117",62,7,2,264,"736,099","45,596","781,695","11,777","3,327","2,261",133,"5,718,318","373,799","6,092,117","107,632","20,039","9,168","2,544"
Locality: 059 FAIRFAX COUNTY,0431,431 - WEST SPRINGFIELD,"3,077",176,"3,253",116,9,2,264,"736,099","45,596","781,695","11,777","3,327","2,261",133,"5,718,318","373,799","6,092,117","107,632","20,039","9,168","2,544"
Locality: 059 FAIRFAX COUNTY,0432,432 - FRANCONIA #2,"3,480",239,"3,719",65,8,9,264,"736,099","45,596","781,695","11,777","3,327","2,261",133,"5,718,318","373,799","6,092,117","107,632","20,039","9,168","2,544"
Locality: 059 FAIRFAX COUNTY,0433,433 - LYNBROOK #2,190,10,200,,,,264,"736,099","45,596","781,695","11,777","3,327","2,261",133,"5,718,318","373,799","6,092,117","107,632","20,039","9,168","2,544"
Locality: 059 FAIRFAX COUNTY,0501,501 - BAILEYS ,"3,703",227,"3,930",41,21,11,264,"736,099","45,596","781,695","11,777","3,327","2,261",133,"5,718,318","373,799","6,092,117","107,632","20,039","9,168","2,544"
Locality: 059 FAIRFAX COUNTY,0502,502 - BARCROFT,"1,403",63,"1,466",16,18,10,264,"736,099","45,596","781,695","11,777","3,327","2,261",133,"5,718,318","373,799","6,092,117","107,632","20,039","9,168","2,544"
Locality: 059 FAIRFAX COUNTY,0503,503 - BELVEDERE,"1,749",67,"1,816",18,9,13,264,"736,099","45,596","781,695","11,777","3,327","2,261",133,"5,718,318","373,799","6,092,117","107,632","20,039","9,168","2,544"
Locality: 059 FAIRFAX COUNTY,0504,504 - BRISTOW,"2,836",173,"3,009",21,11,5,264,"736,099","45,596","781,695","11,777","3,327","2,261",133,"5,718,318","373,799","6,092,117","107,632","20,039","9,168","2,544"
Locality: 059 FAIRFAX COUNTY,0505,505 - GLEN FOREST,"3,167",185,"3,352",31,14,9,264,"736,099","45,596","781,695","11,777","3,327","2,261",133,"5,718,318","373,799","6,092,117","107,632","20,039","9,168","2,544"
Locality: 059 FAIRFAX COUNTY,0506,506 - HOLMES,800,58,858,15,1,2,264,"736,099","45,596","781,695","11,777","3,327","2,261",133,"5,718,318","373,799","6,092,117","107,632","20,039","9,168","2,544"
Locality: 059 FAIRFAX COUNTY,0507,507 - LINCOLNIA,"3,576",327,"3,903",56,8,6,264,"736,099","45,596","781,695","11,777","3,327","2,261",133,"5,718,318","373,799","6,092,117","107,632","20,039","9,168","2,544"
Locality: 059 FAIRFAX COUNTY,0508,508 - MASONVILLE,"2,166",101,"2,267",21,7,7,264,"736,099","45,596","781,695","11,777","3,327","2,261",133,"5,718,318","373,799","6,092,117","107,632","20,039","9,168","2,544"
Locality: 059 FAIRFAX COUNTY,0509,509 - PLAZA,"1,159",65,"1,224",9,5,8,264,"736,099","45,596","781,695","11,777","3,327","2,261",133,"5,718,318","373,799","6,092,117","107,632","20,039","9,168","2,544"
Locality: 059 FAIRFAX COUNTY,0510,510 - PARKLAWN,"2,344",110,"2,454",21,10,6,264,"736,099","45,596","781,695","11,777","3,327","2,261",133,"5,718,318","373,799","6,092,117","107,632","20,039","9,168","2,544"
Locality: 059 FAIRFAX COUNTY,0511,511 - RAVENWOOD,"1,754",79,"1,833",11,31,7,264,"736,099","45,596","781,695","11,777","3,327","2,261",133,"5,718,318","373,799","6,092,117","107,632","20,039","9,168","2,544"
Locality: 059 FAIRFAX COUNTY,0512,512 - SLEEPY HOLLOW,"3,231",163,"3,394",31,22,11,264,"736,099","45,596","781,695","11,777","3,327","2,261",133,"5,718,318","373,799","6,092,117","107,632","20,039","9,168","2,544"
Locality: 059 FAIRFAX COUNTY,0513,513 - SAINT ALBANS,"2,656",106,"2,762",36,22,13,264,"736,099","45,596","781,695","11,777","3,327","2,261",133,"5,718,318","373,799","6,092,117","107,632","20,039","9,168","2,544"
Locality: 059 FAIRFAX COUNTY,0514,514 - CROSSROADS,"1,234",119,"1,353",17,5,2,264,"736,099","45,596","781,695","11,777","3,327","2,261",133,"5,718,318","373,799","6,092,117","107,632","20,039","9,168","2,544"
Locality: 059 FAIRFAX COUNTY,0515,515 - WESTLAWN,"1,818",80,"1,898",21,10,4,264,"736,099","45,596","781,695","11,777","3,327","2,261",133,"5,718,318","373,799","6,092,117","107,632","20,039","9,168","2,544"
Locality: 059 FAIRFAX COUNTY,0516,516 - WEYANOKE,"3,452",252,"3,704",60,7,8,264,"736,099","45,596","781,695","11,777","3,327","2,261",133,"5,718,318","373,799","6,092,117","107,632","20,039","9,168","2,544"
Locality: 059 FAIRFAX COUNTY,0517,517 - WILLSTON,"2,004",164,"2,168",25,6,8,264,"736,099","45,596","781,695","11,777","3,327","2,261",133,"5,718,318","373,799","6,092,117","107,632","20,039","9,168","2,544"
Locality: 059 FAIRFAX COUNTY,0518,518 - COLUMBIA,"2,939",211,"3,150",23,6,9,264,"736,099","45,596","781,695","11,777","3,327","2,261",133,"5,718,318","373,799","6,092,117","107,632","20,039","9,168","2,544"
Locality: 059 FAIRFAX COUNTY,0519,519 - HUMMER,"2,143",90,"2,233",20,13,10,264,"736,099","45,596","781,695","11,777","3,327","2,261",133,"5,718,318","373,799","6,092,117","107,632","20,039","9,168","2,544"
Locality: 059 FAIRFAX COUNTY,0520,520 - SKYLINE,"2,686",453,"3,139",27,14,13,264,"736,099","45,596","781,695","11,777","3,327","2,261",133,"5,718,318","373,799","6,092,117","107,632","20,039","9,168","2,544"
Locality: 059 FAIRFAX COUNTY,0521,521 - BROOK HILL,"2,377",142,"2,519",27,3,8,264,"736,099","45,596","781,695","11,777","3,327","2,261",133,"5,718,318","373,799","6,092,117","107,632","20,039","9,168","2,544"
Locality: 059 FAIRFAX COUNTY,0522,522 - CAMELOT,"2,112",114,"2,226",31,16,1,264,"736,099","45,596","781,695","11,777","3,327","2,261",133,"5,718,318","373,799","6,092,117","107,632","20,039","9,168","2,544"
Locality: 059 FAIRFAX COUNTY,0523,523 - POE,"2,889",160,"3,049",39,9,13,264,"736,099","45,596","781,695","11,777","3,327","2,261",133,"5,718,318","373,799","6,092,117","107,632","20,039","9,168","2,544"
Locality: 059 FAIRFAX COUNTY,0525,525 - WALNUT HILL,"3,661",236,"3,897",25,10,13,264,"736,099","45,596","781,695","11,777","3,327","2,261",133,"5,718,318","373,799","6,092,117","107,632","20,039","9,168","2,544"
Locality: 059 FAIRFAX COUNTY,0526,526 - BREN MAR,"3,778",343,"4,121",83,7,9,264,"736,099","45,596","781,695","11,777","3,327","2,261",133,"5,718,318","373,799","6,092,117","107,632","20,039","9,168","2,544"
Locality: 059 FAIRFAX COUNTY,0527,527 - EDSALL,"2,295",110,"2,405",30,7,6,264,"736,099","45,596","781,695","11,777","3,327","2,261",133,"5,718,318","373,799","6,092,117","107,632","20,039","9,168","2,544"
Locality: 059 FAIRFAX COUNTY,0528,528 - RIDGELEA,609,30,639,6,4,4,264,"736,099","45,596","781,695","11,777","3,327","2,261",133,"5,718,318","373,799","6,092,117","107,632","20,039","9,168","2,544"
Locality: 059 FAIRFAX COUNTY,0530,530 - TRIPPS,"1,831",153,"1,984",16,9,8,264,"736,099","45,596","781,695","11,777","3,327","2,261",133,"5,718,318","373,799","6,092,117","107,632","20,039","9,168","2,544"
Locality: 059 FAIRFAX COUNTY,0535,535 - FORT BUFFALO,"2,110",213,"2,323",33,13,7,264,"736,099","45,596","781,695","11,777","3,327","2,261",133,"5,718,318","373,799","6,092,117","107,632","20,039","9,168","2,544"
Locality: 059 FAIRFAX COUNTY,0536,536 - WOODBURN,"1,349",67,"1,416",13,9,23,264,"736,099","45,596","781,695","11,777","3,327","2,261",133,"5,718,318","373,799","6,092,117","107,632","20,039","9,168","2,544"
Locality: 059 FAIRFAX COUNTY,0601,601 - BELLE HAVEN,"2,520",142,"2,662",37,5,7,264,"736,099","45,596","781,695","11,777","3,327","2,261",133,"5,718,318","373,799","6,092,117","107,632","20,039","9,168","2,544"
Locality: 059 FAIRFAX COUNTY,0602,602 - BELLEVIEW,"2,242",175,"2,417",39,21,11,264,"736,099","45,596","781,695","11,777","3,327","2,261",133,"5,718,318","373,799","6,092,117","107,632","20,039","9,168","2,544"
Locality: 059 FAIRFAX COUNTY,0604,604 - BUCKNELL,"4,008",429,"4,437",73,15,11,264,"736,099","45,596","781,695","11,777","3,327","2,261",133,"5,718,318","373,799","6,092,117","107,632","20,039","9,168","2,544"
Locality: 059 FAIRFAX COUNTY,0605,605 - FORT HUNT,"2,448",133,"2,581",72,9,11,264,"736,099","45,596","781,695","11,777","3,327","2,261",133,"5,718,318","373,799","6,092,117","107,632","20,039","9,168","2,544"
Locality: 059 FAIRFAX COUNTY,0606,606 - HOLLIN HALL,"2,791",127,"2,918",58,12,9,264,"736,099","45,596","781,695","11,777","3,327","2,261",133,"5,718,318","373,799","6,092,117","107,632","20,039","9,168","2,544"
Locality: 059 FAIRFAX COUNTY,0607,607 - HUNTINGTON,"4,093",519,"4,612",112,13,13,264,"736,099","45,596","781,695","11,777","3,327","2,261",133,"5,718,318","373,799","6,092,117","107,632","20,039","9,168","2,544"
Locality: 059 FAIRFAX COUNTY,0608,608 - KIRKSIDE,"2,103",128,"2,231",42,16,14,264,"736,099","45,596","781,695","11,777","3,327","2,261",133,"5,718,318","373,799","6,092,117","107,632","20,039","9,168","2,544"
Locality: 059 FAIRFAX COUNTY,0609,609 - MARLAN,"2,368",94,"2,462",53,15,6,264,"736,099","45,596","781,695","11,777","3,327","2,261",133,"5,718,318","373,799","6,092,117","107,632","20,039","9,168","2,544"
Locality: 059 FAIRFAX COUNTY,0610,610 - SHERWOOD,"2,394",114,"2,508",48,1,9,264,"736,099","45,596","781,695","11,777","3,327","2,261",133,"5,718,318","373,799","6,092,117","107,632","20,039","9,168","2,544"
Locality: 059 FAIRFAX COUNTY,0611,611 - STRATFORD,"3,108",123,"3,231",74,11,7,264,"736,099","45,596","781,695","11,777","3,327","2,261",133,"5,718,318","373,799","6,092,117","107,632","20,039","9,168","2,544"
Locality: 059 FAIRFAX COUNTY,0612,612 - WAYNEWOOD,"1,396",63,"1,459",47,2,3,264,"736,099","45,596","781,695","11,777","3,327","2,261",133,"5,718,318","373,799","6,092,117","107,632","20,039","9,168","2,544"
Locality: 059 FAIRFAX COUNTY,0613,613 - WESTGATE,"3,413",200,"3,613",91,10,4,264,"736,099","45,596","781,695","11,777","3,327","2,261",133,"5,718,318","373,799","6,092,117","107,632","20,039","9,168","2,544"
Locality: 059 FAIRFAX COUNTY,0614,614 - RIVERSIDE,"2,187",109,"2,296",77,12,5,264,"736,099","45,596","781,695","11,777","3,327","2,261",133,"5,718,318","373,799","6,092,117","107,632","20,039","9,168","2,544"
Locality: 059 FAIRFAX COUNTY,0615,615 - WOODLEY,"3,157",225,"3,382",84,10,8,264,"736,099","45,596","781,695","11,777","3,327","2,261",133,"5,718,318","373,799","6,092,117","107,632","20,039","9,168","2,544"
Locality: 059 FAIRFAX COUNTY,0616,616 - GUNSTON,"2,597",295,"2,892",659,6,9,264,"736,099","45,596","781,695","11,777","3,327","2,261",133,"5,718,318","373,799","6,092,117","107,632","20,039","9,168","2,544"
Locality: 059 FAIRFAX COUNTY,0617,617 - LORTON,"3,979",268,"4,247",109,9,2,264,"736,099","45,596","781,695","11,777","3,327","2,261",133,"5,718,318","373,799","6,092,117","107,632","20,039","9,168","2,544"
Locality: 059 FAIRFAX COUNTY,0618,618 - NEWINGTON #1,"2,283",112,"2,395",41,7,3,264,"736,099","45,596","781,695","11,777","3,327","2,261",133,"5,718,318","373,799","6,092,117","107,632","20,039","9,168","2,544"
Locality: 059 FAIRFAX COUNTY,0621,621 - GROSVENOR,"2,545",431,"2,976",89,20,6,264,"736,099","45,596","781,695","11,777","3,327","2,261",133,"5,718,318","373,799","6,092,117","107,632","20,039","9,168","2,544"
Locality: 059 FAIRFAX COUNTY,0622,622 - LORTON STATION,"4,060",350,"4,410",128,11,7,264,"736,099","45,596","781,695","11,777","3,327","2,261",133,"5,718,318","373,799","6,092,117","107,632","20,039","9,168","2,544"
Locality: 059 FAIRFAX COUNTY,0623,623 - ALBAN,"2,961",170,"3,131",39,8,,264,"736,099","45,596","781,695","11,777","3,327","2,261",133,"5,718,318","373,799","6,092,117","107,632","20,039","9,168","2,544"
Locality: 059 FAIRFAX COUNTY,0627,627 - WOODLAWN #1,"2,049",223,"2,272",208,3,3,264,"736,099","45,596","781,695","11,777","3,327","2,261",133,"5,718,318","373,799","6,092,117","107,632","20,039","9,168","2,544"
Locality: 059 FAIRFAX COUNTY,0628,628 - LAUREL HILL #1,"3,336",230,"3,566",92,12,1,264,"736,099","45,596","781,695","11,777","3,327","2,261",133,"5,718,318","373,799","6,092,117","107,632","20,039","9,168","2,544"
Locality: 059 FAIRFAX COUNTY,0629,629 - SOUTH COUNTY,"2,429",139,"2,568",67,5,6,264,"736,099","45,596","781,695","11,777","3,327","2,261",133,"5,718,318","373,799","6,092,117","107,632","20,039","9,168","2,544"
Locality: 059 FAIRFAX COUNTY,0630,630 - ARMY,"2,316",144,"2,460",62,7,1,264,"736,099","45,596","781,695","11,777","3,327","2,261",133,"5,718,318","373,799","6,092,117","107,632","20,039","9,168","2,544"
Locality: 059 FAIRFAX COUNTY,0631,631 - POHICK CREEK,"2,406",130,"2,536",90,5,6,264,"736,099","45,596","781,695","11,777","3,327","2,261",133,"5,718,318","373,799","6,092,117","107,632","20,039","9,168","2,544"
Locality: 059 FAIRFAX COUNTY,0632,632 - HALLEY #1,"1,078",56,"1,134",30,2,1,264,"736,099","45,596","781,695","11,777","3,327","2,261",133,"5,718,318","373,799","6,092,117","107,632","20,039","9,168","2,544"
Locality: 059 FAIRFAX COUNTY,0633,633 - HALLEY #2,332,15,347,10,1,,264,"736,099","45,596","781,695","11,777","3,327","2,261",133,"5,718,318","373,799","6,092,117","107,632","20,039","9,168","2,544"
Locality: 059 FAIRFAX COUNTY,0634,634 - NEWINGTON #2,"3,235",199,"3,434",68,13,6,264,"736,099","45,596","781,695","11,777","3,327","2,261",133,"5,718,318","373,799","6,092,117","107,632","20,039","9,168","2,544"
Locality: 059 FAIRFAX COUNTY,0635,635 - WOODLAWN #2,"2,644",338,"2,982",222,4,4,264,"736,099","45,596","781,695","11,777","3,327","2,261",133,"5,718,318","373,799","6,092,117","107,632","20,039","9,168","2,544"
Locality: 059 FAIRFAX COUNTY,0636,636 - LAUREL HILL #2,"1,578",111,"1,689",47,,1,264,"736,099","45,596","781,695","11,777","3,327","2,261",133,"5,718,318","373,799","6,092,117","107,632","20,039","9,168","2,544"
Locality: 059 FAIRFAX COUNTY,0701,701 - BLAKE,"4,828",305,"5,133",50,39,9,264,"736,099","45,596","781,695","11,777","3,327","2,261",133,"5,718,318","373,799","6,092,117","107,632","20,039","9,168","2,544"
Locality: 059 FAIRFAX COUNTY,0704,704 - FREEDOM HILL,"2,525",107,"2,632",27,27,20,264,"736,099","45,596","781,695","11,777","3,327","2,261",133,"5,718,318","373,799","6,092,117","107,632","20,039","9,168","2,544"
Locality: 059 FAIRFAX COUNTY,0705,705 - GRAHAM - GREENWAY,"3,648",184,"3,832",43,11,8,264,"736,099","45,596","781,695","11,777","3,327","2,261",133,"5,718,318","373,799","6,092,117","107,632","20,039","9,168","2,544"
Locality: 059 FAIRFAX COUNTY,0707,707 - MANTUA,"2,384",110,"2,494",22,30,19,264,"736,099","45,596","781,695","11,777","3,327","2,261",133,"5,718,318","373,799","6,092,117","107,632","20,039","9,168","2,544"
Locality: 059 FAIRFAX COUNTY,0708,708 - MARSHALL,"5,082",355,"5,437",53,36,40,264,"736,099","45,596","781,695","11,777","3,327","2,261",133,"5,718,318","373,799","6,092,117","107,632","20,039","9,168","2,544"
Locality: 059 FAIRFAX COUNTY,0709,709 - MOSBY #1,"2,702",192,"2,894",29,15,10,264,"736,099","45,596","781,695","11,777","3,327","2,261",133,"5,718,318","373,799","6,092,117","107,632","20,039","9,168","2,544"
Locality: 059 FAIRFAX COUNTY,0710,710 - PINE SPRING,"2,306",157,"2,463",22,23,17,264,"736,099","45,596","781,695","11,777","3,327","2,261",133,"5,718,318","373,799","6,092,117","107,632","20,039","9,168","2,544"
Locality: 059 FAIRFAX COUNTY,0711,711 - PRICE,"2,181",117,"2,298",32,11,6,264,"736,099","45,596","781,695","11,777","3,327","2,261",133,"5,718,318","373,799","6,092,117","107,632","20,039","9,168","2,544"
Locality: 059 FAIRFAX COUNTY,0712,712 - SHREVE,"1,512",64,"1,576",22,8,5,264,"736,099","45,596","781,695","11,777","3,327","2,261",133,"5,718,318","373,799","6,092,117","107,632","20,039","9,168","2,544"
Locality: 059 FAIRFAX COUNTY,0713,713 - TIMBER LANE,"3,387",183,"3,570",35,24,14,264,"736,099","45,596","781,695","11,777","3,327","2,261",133,"5,718,318","373,799","6,092,117","107,632","20,039","9,168","2,544"
Locality: 059 FAIRFAX COUNTY,0714,714 - WALKER,"3,758",225,"3,983",38,17,16,264,"736,099","45,596","781,695","11,777","3,327","2,261",133,"5,718,318","373,799","6,092,117","107,632","20,039","9,168","2,544"
Locality: 059 FAIRFAX COUNTY,0718,718 - PINE RIDGE,"2,560",143,"2,703",27,10,12,264,"736,099","45,596","781,695","11,777","3,327","2,261",133,"5,718,318","373,799","6,092,117","107,632","20,039","9,168","2,544"
Locality: 059 FAIRFAX COUNTY,0720,720 - THOREAU,"3,003",134,"3,137",40,23,4,264,"736,099","45,596","781,695","11,777","3,327","2,261",133,"5,718,318","373,799","6,092,117","107,632","20,039","9,168","2,544"
Locality: 059 FAIRFAX COUNTY,0721,721 - MERRIFIELD,"4,229",508,"4,737",58,18,9,264,"736,099","45,596","781,695","11,777","3,327","2,261",133,"5,718,318","373,799","6,092,117","107,632","20,039","9,168","2,544"
Locality: 059 FAIRFAX COUNTY,0723,723 - GALLOWS EAST,"2,398",269,"2,667",31,32,22,264,"736,099","45,596","781,695","11,777","3,327","2,261",133,"5,718,318","373,799","6,092,117","107,632","20,039","9,168","2,544"
Locality: 059 FAIRFAX COUNTY,0726,726 - MAGARITY,"4,333",431,"4,764",47,45,25,264,"736,099","45,596","781,695","11,777","3,327","2,261",133,"5,718,318","373,799","6,092,117","107,632","20,039","9,168","2,544"
Locality: 059 FAIRFAX COUNTY,0727,727 - OAKTON,"2,651",116,"2,767",28,16,6,264,"736,099","45,596","781,695","11,777","3,327","2,261",133,"5,718,318","373,799","6,092,117","107,632","20,039","9,168","2,544"
Locality: 059 FAIRFAX COUNTY,0729,729 - NOTTOWAY,"3,781",241,"4,022",50,57,33,264,"736,099","45,596","781,695","11,777","3,327","2,261",133,"5,718,318","373,799","6,092,117","107,632","20,039","9,168","2,544"
Locality: 059 FAIRFAX COUNTY,0731,731 - TYSONS,"4,447",648,"5,095",46,17,10,264,"736,099","45,596","781,695","11,777","3,327","2,261",133,"5,718,318","373,799","6,092,117","107,632","20,039","9,168","2,544"
Locality: 059 FAIRFAX COUNTY,0732,732 - OAK MARR,"3,934",281,"4,215",30,19,10,264,"736,099","45,596","781,695","11,777","3,327","2,261",133,"5,718,318","373,799","6,092,117","107,632","20,039","9,168","2,544"
Locality: 059 FAIRFAX COUNTY,0733,733 - KILMER,"4,577",294,"4,871",50,33,15,264,"736,099","45,596","781,695","11,777","3,327","2,261",133,"5,718,318","373,799","6,092,117","107,632","20,039","9,168","2,544"
Locality: 059 FAIRFAX COUNTY,0734,734 - HUNTERS BRANCH,"2,755",207,"2,962",30,15,7,264,"736,099","45,596","781,695","11,777","3,327","2,261",133,"5,718,318","373,799","6,092,117","107,632","20,039","9,168","2,544"
Locality: 059 FAIRFAX COUNTY,0735,735 - ROTONDA,"1,394",102,"1,496",10,11,20,264,"736,099","45,596","781,695","11,777","3,327","2,261",133,"5,718,318","373,799","6,092,117","107,632","20,039","9,168","2,544"
Locality: 059 FAIRFAX COUNTY,0736,736 - BEDFORD,675,111,786,16,2,1,264,"736,099","45,596","781,695","11,777","3,327","2,261",133,"5,718,318","373,799","6,092,117","107,632","20,039","9,168","2,544"
Locality: 059 FAIRFAX COUNTY,0737,737 - MOSBY #2,"1,124",107,"1,231",24,7,3,264,"736,099","45,596","781,695","11,777","3,327","2,261",133,"5,718,318","373,799","6,092,117","107,632","20,039","9,168","2,544"
Locality: 059 FAIRFAX COUNTY,0801,801 - BURKE #1,"2,792",186,"2,978",57,6,11,264,"736,099","45,596","781,695","11,777","3,327","2,261",133,"5,718,318","373,799","6,092,117","107,632","20,039","9,168","2,544"
Locality: 059 FAIRFAX COUNTY,0802,802 - CEDAR LAKE,"1,598",124,"1,722",26,7,4,264,"736,099","45,596","781,695","11,777","3,327","2,261",133,"5,718,318","373,799","6,092,117","107,632","20,039","9,168","2,544"
Locality: 059 FAIRFAX COUNTY,0803,803 - CLIFTON SOUTH,"2,591",112,"2,703",50,8,1,264,"736,099","45,596","781,695","11,777","3,327","2,261",133,"5,718,318","373,799","6,092,117","107,632","20,039","9,168","2,544"
Locality: 059 FAIRFAX COUNTY,0804,804 - COLCHESTER,"1,924",80,"2,004",16,5,4,264,"736,099","45,596","781,695","11,777","3,327","2,261",133,"5,718,318","373,799","6,092,117","107,632","20,039","9,168","2,544"
Locality: 059 FAIRFAX COUNTY,0805,805 - FAIRFAX STATION,"1,641",56,"1,697",28,7,4,264,"736,099","45,596","781,695","11,777","3,327","2,261",133,"5,718,318","373,799","6,092,117","107,632","20,039","9,168","2,544"
Locality: 059 FAIRFAX COUNTY,0806,806 - SYDENSTRICKER,"3,239",135,"3,374",83,16,3,264,"736,099","45,596","781,695","11,777","3,327","2,261",133,"5,718,318","373,799","6,092,117","107,632","20,039","9,168","2,544"
Locality: 059 FAIRFAX COUNTY,0807,807 - HUNT VALLEY,"2,356",122,"2,478",77,5,9,264,"736,099","45,596","781,695","11,777","3,327","2,261",133,"5,718,318","373,799","6,092,117","107,632","20,039","9,168","2,544"
Locality: 059 FAIRFAX COUNTY,0811,811 - POHICK,"2,160",156,"2,316",37,19,3,264,"736,099","45,596","781,695","11,777","3,327","2,261",133,"5,718,318","373,799","6,092,117","107,632","20,039","9,168","2,544"
Locality: 059 FAIRFAX COUNTY,0812,812 - VALLEY,"2,980",137,"3,117",71,7,10,264,"736,099","45,596","781,695","11,777","3,327","2,261",133,"5,718,318","373,799","6,092,117","107,632","20,039","9,168","2,544"
Locality: 059 FAIRFAX COUNTY,0815,815 - WOODYARD,"1,639",52,"1,691",23,4,6,264,"736,099","45,596","781,695","11,777","3,327","2,261",133,"5,718,318","373,799","6,092,117","107,632","20,039","9,168","2,544"
Locality: 059 FAIRFAX COUNTY,0824,824 - ORANGE,"4,004",185,"4,189",129,24,11,264,"736,099","45,596","781,695","11,777","3,327","2,261",133,"5,718,318","373,799","6,092,117","107,632","20,039","9,168","2,544"
Locality: 059 FAIRFAX COUNTY,0825,825 - CHERRY RUN,"2,894",138,"3,032",84,12,12,264,"736,099","45,596","781,695","11,777","3,327","2,261",133,"5,718,318","373,799","6,092,117","107,632","20,039","9,168","2,544"
Locality: 059 FAIRFAX COUNTY,0833,833 - WHITE OAKS,"3,215",171,"3,386",65,11,5,264,"736,099","45,596","781,695","11,777","3,327","2,261",133,"5,718,318","373,799","6,092,117","107,632","20,039","9,168","2,544"
Locality: 059 FAIRFAX COUNTY,0838,838 - SANGSTER,"2,358",103,"2,461",77,10,5,264,"736,099","45,596","781,695","11,777","3,327","2,261",133,"5,718,318","373,799","6,092,117","107,632","20,039","9,168","2,544"
Locality: 059 FAIRFAX COUNTY,0839,839 - SILVERBROOK,"3,642",151,"3,793",103,11,8,264,"736,099","45,596","781,695","11,777","3,327","2,261",133,"5,718,318","373,799","6,092,117","107,632","20,039","9,168","2,544"
Locality: 059 FAIRFAX COUNTY,0841,841 - POPES HEAD,"1,650",76,"1,726",17,4,1,264,"736,099","45,596","781,695","11,777","3,327","2,261",133,"5,718,318","373,799","6,092,117","107,632","20,039","9,168","2,544"
Locality: 059 FAIRFAX COUNTY,0842,842 - PARKWAY,"2,374",95,"2,469",61,5,7,264,"736,099","45,596","781,695","11,777","3,327","2,261",133,"5,718,318","373,799","6,092,117","107,632","20,039","9,168","2,544"
Locality: 059 FAIRFAX COUNTY,0843,843 - FAIR LAKES,"3,462",227,"3,689",41,10,4,264,"736,099","45,596","781,695","11,777","3,327","2,261",133,"5,718,318","373,799","6,092,117","107,632","20,039","9,168","2,544"
Locality: 059 FAIRFAX COUNTY,0844,844 - CENTERPOINTE,"3,338",371,"3,709",35,9,12,264,"736,099","45,596","781,695","11,777","3,327","2,261",133,"5,718,318","373,799","6,092,117","107,632","20,039","9,168","2,544"
Locality: 059 FAIRFAX COUNTY,0845,845 - FOUNTAINHEAD,"3,829",186,"4,015",69,7,3,264,"736,099","45,596","781,695","11,777","3,327","2,261",133,"5,718,318","373,799","6,092,117","107,632","20,039","9,168","2,544"
Locality: 059 FAIRFAX COUNTY,0846,846 - GREENBRIAR EAST,"3,771",301,"4,072",44,19,7,264,"736,099","45,596","781,695","11,777","3,327","2,261",133,"5,718,318","373,799","6,092,117","107,632","20,039","9,168","2,544"
Locality: 059 FAIRFAX COUNTY,0847,847 - GREENBRIAR WEST,"2,458",145,"2,603",38,5,3,264,"736,099","45,596","781,695","11,777","3,327","2,261",133,"5,718,318","373,799","6,092,117","107,632","20,039","9,168","2,544"
Locality: 059 FAIRFAX COUNTY,0848,848 - FAIR OAKS,"4,264",251,"4,515",46,10,1,264,"736,099","45,596","781,695","11,777","3,327","2,261",133,"5,718,318","373,799","6,092,117","107,632","20,039","9,168","2,544"
Locality: 059 FAIRFAX COUNTY,0849,849 - NEWGATE NORTH,"2,828",107,"2,935",35,7,8,264,"736,099","45,596","781,695","11,777","3,327","2,261",133,"5,718,318","373,799","6,092,117","107,632","20,039","9,168","2,544"
Locality: 059 FAIRFAX COUNTY,0850,850 - SOUTH RUN,"2,954",129,"3,083",103,18,9,264,"736,099","45,596","781,695","11,777","3,327","2,261",133,"5,718,318","373,799","6,092,117","107,632","20,039","9,168","2,544"
Locality: 059 FAIRFAX COUNTY,0851,851 - WILLOW SPRINGS #1,"1,225",48,"1,273",9,3,5,264,"736,099","45,596","781,695","11,777","3,327","2,261",133,"5,718,318","373,799","6,092,117","107,632","20,039","9,168","2,544"
Locality: 059 FAIRFAX COUNTY,0854,854 - NEWGATE SOUTH,"2,990",137,"3,127",36,8,3,264,"736,099","45,596","781,695","11,777","3,327","2,261",133,"5,718,318","373,799","6,092,117","107,632","20,039","9,168","2,544"
Locality: 059 FAIRFAX COUNTY,0855,855 - SARATOGA,"3,733",213,"3,946",94,15,9,264,"736,099","45,596","781,695","11,777","3,327","2,261",133,"5,718,318","373,799","6,092,117","107,632","20,039","9,168","2,544"
Locality: 059 FAIRFAX COUNTY,0856,856 - PENDERBROOK,"3,799",238,"4,037",37,15,5,264,"736,099","45,596","781,695","11,777","3,327","2,261",133,"5,718,318","373,799","6,092,117","107,632","20,039","9,168","2,544"
Locality: 059 FAIRFAX COUNTY,0857,857 - ISLAND POND,175,3,178,1,,,264,"736,099","45,596","781,695","11,777","3,327","2,261",133,"5,718,318","373,799","6,092,117","107,632","20,039","9,168","2,544"
Locality: 059 FAIRFAX COUNTY,0858,858 - CLIFTON TOWN,190,9,199,2,1,,264,"736,099","45,596","781,695","11,777","3,327","2,261",133,"5,718,318","373,799","6,092,117","107,632","20,039","9,168","2,544"
Locality: 059 FAIRFAX COUNTY,0859,859 - LIBERTY,"2,164",82,"2,246",14,6,4,264,"736,099","45,596","781,695","11,777","3,327","2,261",133,"5,718,318","373,799","6,092,117","107,632","20,039","9,168","2,544"
Locality: 059 FAIRFAX COUNTY,0860,860 - SANDY RUN,"1,225",53,"1,278",18,4,2,264,"736,099","45,596","781,695","11,777","3,327","2,261",133,"5,718,318","373,799","6,092,117","107,632","20,039","9,168","2,544"
Locality: 059 FAIRFAX COUNTY,0861,861 - BURKE #2,"2,311",121,"2,432",35,10,7,264,"736,099","45,596","781,695","11,777","3,327","2,261",133,"5,718,318","373,799","6,092,117","107,632","20,039","9,168","2,544"
Locality: 059 FAIRFAX COUNTY,0862,862 - WILLOW SPRINGS #2,"1,714",59,"1,773",15,4,3,264,"736,099","45,596","781,695","11,777","3,327","2,261",133,"5,718,318","373,799","6,092,117","107,632","20,039","9,168","2,544"
Locality: 059 FAIRFAX COUNTY,0901,901 - CENTRE RIDGE,"3,617",249,"3,866",45,9,5,264,"736,099","45,596","781,695","11,777","3,327","2,261",133,"5,718,318","373,799","6,092,117","107,632","20,039","9,168","2,544"
Locality: 059 FAIRFAX COUNTY,0902,902 - BROOKFIELD,"4,472",275,"4,747",42,11,14,264,"736,099","45,596","781,695","11,777","3,327","2,261",133,"5,718,318","373,799","6,092,117","107,632","20,039","9,168","2,544"
Locality: 059 FAIRFAX COUNTY,0903,903 - CUB RUN,"4,567",245,"4,812",42,12,2,264,"736,099","45,596","781,695","11,777","3,327","2,261",133,"5,718,318","373,799","6,092,117","107,632","20,039","9,168","2,544"
Locality: 059 FAIRFAX COUNTY,0904,904 - STONECROFT,"1,738",103,"1,841",16,3,5,264,"736,099","45,596","781,695","11,777","3,327","2,261",133,"5,718,318","373,799","6,092,117","107,632","20,039","9,168","2,544"
Locality: 059 FAIRFAX COUNTY,0905,905 - FRANKLIN,"2,765",119,"2,884",21,16,7,264,"736,099","45,596","781,695","11,777","3,327","2,261",133,"5,718,318","373,799","6,092,117","107,632","20,039","9,168","2,544"
Locality: 059 FAIRFAX COUNTY,0908,908 - HIDDEN MEADOW,"2,381",92,"2,473",20,5,7,264,"736,099","45,596","781,695","11,777","3,327","2,261",133,"5,718,318","373,799","6,092,117","107,632","20,039","9,168","2,544"
Locality: 059 FAIRFAX COUNTY,0909,909 - OAK HILL,"2,152",105,"2,257",26,6,1,264,"736,099","45,596","781,695","11,777","3,327","2,261",133,"5,718,318","373,799","6,092,117","107,632","20,039","9,168","2,544"
Locality: 059 FAIRFAX COUNTY,0910,910 - LONDON TOWNE,"4,228",246,"4,474",45,11,1,264,"736,099","45,596","781,695","11,777","3,327","2,261",133,"5,718,318","373,799","6,092,117","107,632","20,039","9,168","2,544"
Locality: 059 FAIRFAX COUNTY,0911,911 - NAVY,"4,061",166,"4,227",25,12,11,264,"736,099","45,596","781,695","11,777","3,327","2,261",133,"5,718,318","373,799","6,092,117","107,632","20,039","9,168","2,544"
Locality: 059 FAIRFAX COUNTY,0913,913 - ROCKY RUN,"4,654",175,"4,829",39,9,7,264,"736,099","45,596","781,695","11,777","3,327","2,261",133,"5,718,318","373,799","6,092,117","107,632","20,039","9,168","2,544"
Locality: 059 FAIRFAX COUNTY,0914,914 - VALE,"2,728",141,"2,869",24,9,5,264,"736,099","45,596","781,695","11,777","3,327","2,261",133,"5,718,318","373,799","6,092,117","107,632","20,039","9,168","2,544"
Locality: 059 FAIRFAX COUNTY,0915,915 - VIRGINIA RUN,"2,901",143,"3,044",34,6,4,264,"736,099","45,596","781,695","11,777","3,327","2,261",133,"5,718,318","373,799","6,092,117","107,632","20,039","9,168","2,544"
Locality: 059 FAIRFAX COUNTY,0916,916 - WAPLES MILL,"4,460",159,"4,619",37,24,18,264,"736,099","45,596","781,695","11,777","3,327","2,261",133,"5,718,318","373,799","6,092,117","107,632","20,039","9,168","2,544"
Locality: 059 FAIRFAX COUNTY,0917,917 - STONE ,"3,968",249,"4,217",42,7,2,264,"736,099","45,596","781,695","11,777","3,327","2,261",133,"5,718,318","373,799","6,092,117","107,632","20,039","9,168","2,544"
Locality: 059 FAIRFAX COUNTY,0918,918 - CENTREVILLE,"4,924",329,"5,253",46,8,10,264,"736,099","45,596","781,695","11,777","3,327","2,261",133,"5,718,318","373,799","6,092,117","107,632","20,039","9,168","2,544"
Locality: 059 FAIRFAX COUNTY,0919,919 - GREEN TRAILS,"4,600",247,"4,847",44,17,20,264,"736,099","45,596","781,695","11,777","3,327","2,261",133,"5,718,318","373,799","6,092,117","107,632","20,039","9,168","2,544"
Locality: 059 FAIRFAX COUNTY,0920,920 - CHANTILLY,"2,326",79,"2,405",14,8,3,264,"736,099","45,596","781,695","11,777","3,327","2,261",133,"5,718,318","373,799","6,092,117","107,632","20,039","9,168","2,544"
Locality: 059 FAIRFAX COUNTY,0921,921 - DEER PARK,"3,458",150,"3,608",37,10,2,264,"736,099","45,596","781,695","11,777","3,327","2,261",133,"5,718,318","373,799","6,092,117","107,632","20,039","9,168","2,544"
Locality: 059 FAIRFAX COUNTY,0923,923 - BULL RUN,"2,729",117,"2,846",36,7,6,264,"736,099","45,596","781,695","11,777","3,327","2,261",133,"5,718,318","373,799","6,092,117","107,632","20,039","9,168","2,544"
Locality: 059 FAIRFAX COUNTY,0924,924 - SPINDLE #1,"2,374",215,"2,589",22,3,3,264,"736,099","45,596","781,695","11,777","3,327","2,261",133,"5,718,318","373,799","6,092,117","107,632","20,039","9,168","2,544"
Locality: 059 FAIRFAX COUNTY,0925,925 - OLD MILL,"1,967",114,"2,081",30,3,3,264,"736,099","45,596","781,695","11,777","3,327","2,261",133,"5,718,318","373,799","6,092,117","107,632","20,039","9,168","2,544"
Locality: 059 FAIRFAX COUNTY,0926,926 - POWELL,"4,721",217,"4,938",44,11,3,264,"736,099","45,596","781,695","11,777","3,327","2,261",133,"5,718,318","373,799","6,092,117","107,632","20,039","9,168","2,544"
Locality: 059 FAIRFAX COUNTY,0927,927 - ARMFIELD,"3,153",169,"3,322",28,8,7,264,"736,099","45,596","781,695","11,777","3,327","2,261",133,"5,718,318","373,799","6,092,117","107,632","20,039","9,168","2,544"
Locality: 059 FAIRFAX COUNTY,0928,928 - POPLAR TREE,"2,990",97,"3,087",25,5,5,264,"736,099","45,596","781,695","11,777","3,327","2,261",133,"5,718,318","373,799","6,092,117","107,632","20,039","9,168","2,544"
Locality: 059 FAIRFAX COUNTY,0929,929 - DIFFICULT RUN,550,16,566,1,1,2,264,"736,099","45,596","781,695","11,777","3,327","2,261",133,"5,718,318","373,799","6,092,117","107,632","20,039","9,168","2,544"
Locality: 059 FAIRFAX COUNTY,0931,931 - CARSON,"2,171",92,"2,263",13,10,8,264,"736,099","45,596","781,695","11,777","3,327","2,261",133,"5,718,318","373,799","6,092,117","107,632","20,039","9,168","2,544"
Locality: 059 FAIRFAX COUNTY,0934,934 - FOX VALLEY,"1,423",71,"1,494",18,13,,264,"736,099","45,596","781,695","11,777","3,327","2,261",133,"5,718,318","373,799","6,092,117","107,632","20,039","9,168","2,544"
Locality: 059 FAIRFAX COUNTY,0935,935 - SPINDLE #2,903,76,979,11,1,,264,"736,099","45,596","781,695","11,777","3,327","2,261",133,"5,718,318","373,799","6,092,117","107,632","20,039","9,168","2,544"
Locality: 061 FAUQUIER COUNTY,0101,101 - KETTLE RUN,"1,660",77,"1,737",18,6,,24,"52,929","3,081","56,010",516,228,28,133,"5,718,318","373,799","6,092,117","107,632","20,039","9,168","2,544"
Locality: 061 FAUQUIER COUNTY,0102,102 - CATLETT,"3,234",187,"3,421",37,6,,24,"52,929","3,081","56,010",516,228,28,133,"5,718,318","373,799","6,092,117","107,632","20,039","9,168","2,544"
Locality: 061 FAUQUIER COUNTY,0103,103 - CASANOVA,"3,379",191,"3,570",30,14,1,24,"52,929","3,081","56,010",516,228,28,133,"5,718,318","373,799","6,092,117","107,632","20,039","9,168","2,544"
Locality: 061 FAUQUIER COUNTY,0104,104 - LOIS,"1,374",55,"1,429",17,1,,24,"52,929","3,081","56,010",516,228,28,133,"5,718,318","373,799","6,092,117","107,632","20,039","9,168","2,544"
Locality: 061 FAUQUIER COUNTY,0105,105 - OPAL,"1,525",76,"1,601",14,,,24,"52,929","3,081","56,010",516,228,28,133,"5,718,318","373,799","6,092,117","107,632","20,039","9,168","2,544"
Locality: 061 FAUQUIER COUNTY,0201,201 - WARD 1,"1,594",94,"1,688",5,11,1,24,"52,929","3,081","56,010",516,228,28,133,"5,718,318","373,799","6,092,117","107,632","20,039","9,168","2,544"
Locality: 061 FAUQUIER COUNTY,0202,202 - WARD 2,"1,316",97,"1,413",17,6,1,24,"52,929","3,081","56,010",516,228,28,133,"5,718,318","373,799","6,092,117","107,632","20,039","9,168","2,544"
Locality: 061 FAUQUIER COUNTY,0203,203 - WARD 3,"1,416",98,"1,514",14,12,1,24,"52,929","3,081","56,010",516,228,28,133,"5,718,318","373,799","6,092,117","107,632","20,039","9,168","2,544"
Locality: 061 FAUQUIER COUNTY,0204,204 - WARD 4,"1,433",114,"1,547",9,8,1,24,"52,929","3,081","56,010",516,228,28,133,"5,718,318","373,799","6,092,117","107,632","20,039","9,168","2,544"
Locality: 061 FAUQUIER COUNTY,0205,205 - WARD 5,"1,352",90,"1,442",13,7,,24,"52,929","3,081","56,010",516,228,28,133,"5,718,318","373,799","6,092,117","107,632","20,039","9,168","2,544"
Locality: 061 FAUQUIER COUNTY,0206,206 - AIRLIE,"2,724",166,"2,890",19,9,2,24,"52,929","3,081","56,010",516,228,28,133,"5,718,318","373,799","6,092,117","107,632","20,039","9,168","2,544"
Locality: 061 FAUQUIER COUNTY,0301,301 - MORRISVILLE,"3,313",176,"3,489",38,5,2,24,"52,929","3,081","56,010",516,228,28,133,"5,718,318","373,799","6,092,117","107,632","20,039","9,168","2,544"
Locality: 061 FAUQUIER COUNTY,0302,302 - BOTHA,"3,054",191,"3,245",31,3,2,24,"52,929","3,081","56,010",516,228,28,133,"5,718,318","373,799","6,092,117","107,632","20,039","9,168","2,544"
Locality: 061 FAUQUIER COUNTY,0303,303 - BEALETON,"2,931",212,"3,143",36,2,1,24,"52,929","3,081","56,010",516,228,28,133,"5,718,318","373,799","6,092,117","107,632","20,039","9,168","2,544"
Locality: 061 FAUQUIER COUNTY,0304,304 - REMINGTON,381,20,401,3,2,,24,"52,929","3,081","56,010",516,228,28,133,"5,718,318","373,799","6,092,117","107,632","20,039","9,168","2,544"
Locality: 061 FAUQUIER COUNTY,0401,401 - SALEM,"3,093",167,"3,260",34,13,1,24,"52,929","3,081","56,010",516,228,28,133,"5,718,318","373,799","6,092,117","107,632","20,039","9,168","2,544"
Locality: 061 FAUQUIER COUNTY,0402,402 - LEEDS,"3,323",214,"3,537",19,37,3,24,"52,929","3,081","56,010",516,228,28,133,"5,718,318","373,799","6,092,117","107,632","20,039","9,168","2,544"
Locality: 061 FAUQUIER COUNTY,0403,403 - WATERLOO,"3,292",156,"3,448",37,14,2,24,"52,929","3,081","56,010",516,228,28,133,"5,718,318","373,799","6,092,117","107,632","20,039","9,168","2,544"
Locality: 061 FAUQUIER COUNTY,0404,404 - SPRINGS VALLEY,"1,405",72,"1,477",5,12,3,24,"52,929","3,081","56,010",516,228,28,133,"5,718,318","373,799","6,092,117","107,632","20,039","9,168","2,544"
Locality: 061 FAUQUIER COUNTY,0501,501 - HOPEWELL,"1,456",105,"1,561",15,11,1,24,"52,929","3,081","56,010",516,228,28,133,"5,718,318","373,799","6,092,117","107,632","20,039","9,168","2,544"
Locality: 061 FAUQUIER COUNTY,0502,502 - NEW BALTIMORE,"3,684",220,"3,904",48,14,1,24,"52,929","3,081","56,010",516,228,28,133,"5,718,318","373,799","6,092,117","107,632","20,039","9,168","2,544"
Locality: 061 FAUQUIER COUNTY,0503,503 - BROAD RUN,"2,325",119,"2,444",30,17,2,24,"52,929","3,081","56,010",516,228,28,133,"5,718,318","373,799","6,092,117","107,632","20,039","9,168","2,544"
Locality: 061 FAUQUIER COUNTY,0504,504 - VINT HILL,"3,458",173,"3,631",26,15,2,24,"52,929","3,081","56,010",516,228,28,133,"5,718,318","373,799","6,092,117","107,632","20,039","9,168","2,544"
Locality: 061 FAUQUIER COUNTY,0505,505 - THE PLAINS,207,11,218,1,3,1,24,"52,929","3,081","56,010",516,228,28,133,"5,718,318","373,799","6,092,117","107,632","20,039","9,168","2,544"
Locality: 063 FLOYD COUNTY,0101,101 - LOCUST GROVE,"2,321",89,"2,410",10,3,1,5,"11,410",401,"11,811",51,16,6,133,"5,718,318","373,799","6,092,117","107,632","20,039","9,168","2,544"
Locality: 063 FLOYD COUNTY,0201,201 - LITTLE RIVER,"2,265",77,"2,342",14,1,1,5,"11,410",401,"11,811",51,16,6,133,"5,718,318","373,799","6,092,117","107,632","20,039","9,168","2,544"
Locality: 063 FLOYD COUNTY,0301,301 - COURTHOUSE,"2,243",93,"2,336",10,6,1,5,"11,410",401,"11,811",51,16,6,133,"5,718,318","373,799","6,092,117","107,632","20,039","9,168","2,544"
Locality: 063 FLOYD COUNTY,0401,401 - BURKS FORK,"2,316",85,"2,401",8,2,1,5,"11,410",401,"11,811",51,16,6,133,"5,718,318","373,799","6,092,117","107,632","20,039","9,168","2,544"
Locality: 063 FLOYD COUNTY,0501,501 - INDIAN VALLEY,"2,265",57,"2,322",9,4,2,5,"11,410",401,"11,811",51,16,6,133,"5,718,318","373,799","6,092,117","107,632","20,039","9,168","2,544"
Locality: 065 FLUVANNA COUNTY,0101,101 - PALMYRA,"3,947",151,"4,098",36,14,3,5,"20,160",732,"20,892",156,59,14,133,"5,718,318","373,799","6,092,117","107,632","20,039","9,168","2,544"
Locality: 065 FLUVANNA COUNTY,0201,201 - COLUMBIA,"3,789",92,"3,881",20,8,4,5,"20,160",732,"20,892",156,59,14,133,"5,718,318","373,799","6,092,117","107,632","20,039","9,168","2,544"
Locality: 065 FLUVANNA COUNTY,0301,301 - FORK UNION,"3,962",145,"4,107",26,8,3,5,"20,160",732,"20,892",156,59,14,133,"5,718,318","373,799","6,092,117","107,632","20,039","9,168","2,544"
Locality: 065 FLUVANNA COUNTY,0401,401 - CUNNINGHAM,"4,010",150,"4,160",31,14,,5,"20,160",732,"20,892",156,59,14,133,"5,718,318","373,799","6,092,117","107,632","20,039","9,168","2,544"
Locality: 065 FLUVANNA COUNTY,0501,501 - RIVANNA,"4,452",194,"4,646",43,15,4,5,"20,160",732,"20,892",156,59,14,133,"5,718,318","373,799","6,092,117","107,632","20,039","9,168","2,544"
Locality: 067 FRANKLIN COUNTY,0102,102 - BURNT CHIMNEY,"3,495",110,"3,605",12,6,4,23,"38,549","1,267","39,816",191,30,22,133,"5,718,318","373,799","6,092,117","107,632","20,039","9,168","2,544"
Locality: 067 FRANKLIN COUNTY,0103,103 - SCRUGGS,"3,120",123,"3,243",11,3,2,23,"38,549","1,267","39,816",191,30,22,133,"5,718,318","373,799","6,092,117","107,632","20,039","9,168","2,544"
Locality: 067 FRANKLIN COUNTY,0201,201 - GLADE HILL,"1,206",34,"1,240",6,2,1,23,"38,549","1,267","39,816",191,30,22,133,"5,718,318","373,799","6,092,117","107,632","20,039","9,168","2,544"
Locality: 067 FRANKLIN COUNTY,0202,202 - PENHOOK,"1,643",64,"1,707",11,4,3,23,"38,549","1,267","39,816",191,30,22,133,"5,718,318","373,799","6,092,117","107,632","20,039","9,168","2,544"
Locality: 067 FRANKLIN COUNTY,0203,203 - HODGESVILLE,"1,456",42,"1,498",8,1,1,23,"38,549","1,267","39,816",191,30,22,133,"5,718,318","373,799","6,092,117","107,632","20,039","9,168","2,544"
Locality: 067 FRANKLIN COUNTY,0204,204 - DUDLEY,"1,740",65,"1,805",10,1,1,23,"38,549","1,267","39,816",191,30,22,133,"5,718,318","373,799","6,092,117","107,632","20,039","9,168","2,544"
Locality: 067 FRANKLIN COUNTY,0301,301 - SNOW CREEK,"1,072",28,"1,100",7,2,1,23,"38,549","1,267","39,816",191,30,22,133,"5,718,318","373,799","6,092,117","107,632","20,039","9,168","2,544"
Locality: 067 FRANKLIN COUNTY,0302,302 - FORK MOUNTAIN,"1,054",24,"1,078",5,,,23,"38,549","1,267","39,816",191,30,22,133,"5,718,318","373,799","6,092,117","107,632","20,039","9,168","2,544"
Locality: 067 FRANKLIN COUNTY,0303,303 - SONTAG,"2,006",77,"2,083",11,,,23,"38,549","1,267","39,816",191,30,22,133,"5,718,318","373,799","6,092,117","107,632","20,039","9,168","2,544"
Locality: 067 FRANKLIN COUNTY,0304,304 - DICKINSON,"1,090",23,"1,113",2,,3,23,"38,549","1,267","39,816",191,30,22,133,"5,718,318","373,799","6,092,117","107,632","20,039","9,168","2,544"
Locality: 067 FRANKLIN COUNTY,0401,401 - HENRY,"1,365",43,"1,408",11,,,23,"38,549","1,267","39,816",191,30,22,133,"5,718,318","373,799","6,092,117","107,632","20,039","9,168","2,544"
Locality: 067 FRANKLIN COUNTY,0402,402 - FERRUM,"1,329",66,"1,395",7,,2,23,"38,549","1,267","39,816",191,30,22,133,"5,718,318","373,799","6,092,117","107,632","20,039","9,168","2,544"
Locality: 067 FRANKLIN COUNTY,0403,403 - ENDICOTT,801,20,821,5,,,23,"38,549","1,267","39,816",191,30,22,133,"5,718,318","373,799","6,092,117","107,632","20,039","9,168","2,544"
Locality: 067 FRANKLIN COUNTY,0404,404 - WAIDSBORO,"1,194",34,"1,228",3,2,,23,"38,549","1,267","39,816",191,30,22,133,"5,718,318","373,799","6,092,117","107,632","20,039","9,168","2,544"
Locality: 067 FRANKLIN COUNTY,0502,502 - CALLAWAY,"1,828",45,"1,873",11,1,,23,"38,549","1,267","39,816",191,30,22,133,"5,718,318","373,799","6,092,117","107,632","20,039","9,168","2,544"
Locality: 067 FRANKLIN COUNTY,0503,503 - BOWMANS,"1,672",64,"1,736",8,1,2,23,"38,549","1,267","39,816",191,30,22,133,"5,718,318","373,799","6,092,117","107,632","20,039","9,168","2,544"
Locality: 067 FRANKLIN COUNTY,0504,504 - GOGGINSVILLE,"1,886",50,"1,936",10,1,,23,"38,549","1,267","39,816",191,30,22,133,"5,718,318","373,799","6,092,117","107,632","20,039","9,168","2,544"
Locality: 067 FRANKLIN COUNTY,0601,601 - BOONES MILL,"2,502",69,"2,571",11,,,23,"38,549","1,267","39,816",191,30,22,133,"5,718,318","373,799","6,092,117","107,632","20,039","9,168","2,544"
Locality: 067 FRANKLIN COUNTY,0602,602 - BONBROOK,"1,832",45,"1,877",9,3,,23,"38,549","1,267","39,816",191,30,22,133,"5,718,318","373,799","6,092,117","107,632","20,039","9,168","2,544"
Locality: 067 FRANKLIN COUNTY,0603,603 - COOPERS COVE,"1,225",38,"1,263",6,1,,23,"38,549","1,267","39,816",191,30,22,133,"5,718,318","373,799","6,092,117","107,632","20,039","9,168","2,544"
Locality: 067 FRANKLIN COUNTY,0701,701 - ROCKY MOUNT EAST,"1,783",101,"1,884",8,1,2,23,"38,549","1,267","39,816",191,30,22,133,"5,718,318","373,799","6,092,117","107,632","20,039","9,168","2,544"
Locality: 067 FRANKLIN COUNTY,0702,702 - ROCKY MOUNT WEST,"1,927",64,"1,991",11,,,23,"38,549","1,267","39,816",191,30,22,133,"5,718,318","373,799","6,092,117","107,632","20,039","9,168","2,544"
Locality: 067 FRANKLIN COUNTY,0703,703 - ROCKY MOUNT SOUTH,"1,323",38,"1,361",8,1,,23,"38,549","1,267","39,816",191,30,22,133,"5,718,318","373,799","6,092,117","107,632","20,039","9,168","2,544"
Locality: 069 FREDERICK COUNTY,0101,101 - RUSSELLS,"2,934",118,"3,052",16,9,8,29,"63,841","3,428","67,269",558,109,52,133,"5,718,318","373,799","6,092,117","107,632","20,039","9,168","2,544"
Locality: 069 FREDERICK COUNTY,0102,102 - GORE,"3,279",176,"3,455",25,3,2,29,"63,841","3,428","67,269",558,109,52,133,"5,718,318","373,799","6,092,117","107,632","20,039","9,168","2,544"
Locality: 069 FREDERICK COUNTY,0103,103 - KERNSTOWN,"2,963",110,"3,073",22,10,3,29,"63,841","3,428","67,269",558,109,52,133,"5,718,318","373,799","6,092,117","107,632","20,039","9,168","2,544"
Locality: 069 FREDERICK COUNTY,0104,104 - CEDAR CREEK,"1,057",42,"1,099",10,3,1,29,"63,841","3,428","67,269",558,109,52,133,"5,718,318","373,799","6,092,117","107,632","20,039","9,168","2,544"
Locality: 069 FREDERICK COUNTY,0105,105 - MIDDLETOWN ,"1,027",56,"1,083",7,4,,29,"63,841","3,428","67,269",558,109,52,133,"5,718,318","373,799","6,092,117","107,632","20,039","9,168","2,544"
Locality: 069 FREDERICK COUNTY,0201,201 - GAINESBOROUGH,"1,984",89,"2,073",17,1,2,29,"63,841","3,428","67,269",558,109,52,133,"5,718,318","373,799","6,092,117","107,632","20,039","9,168","2,544"
Locality: 069 FREDERICK COUNTY,0202,202 - ALBIN,"2,344",81,"2,425",24,5,1,29,"63,841","3,428","67,269",558,109,52,133,"5,718,318","373,799","6,092,117","107,632","20,039","9,168","2,544"
Locality: 069 FREDERICK COUNTY,0203,203 - REDLAND,"3,613",191,"3,804",41,8,2,29,"63,841","3,428","67,269",558,109,52,133,"5,718,318","373,799","6,092,117","107,632","20,039","9,168","2,544"
Locality: 069 FREDERICK COUNTY,0204,204 - NAIN,"2,134",74,"2,208",14,2,2,29,"63,841","3,428","67,269",558,109,52,133,"5,718,318","373,799","6,092,117","107,632","20,039","9,168","2,544"
Locality: 069 FREDERICK COUNTY,0205,205 - WHITE HALL,"1,539",69,"1,608",12,2,2,29,"63,841","3,428","67,269",558,109,52,133,"5,718,318","373,799","6,092,117","107,632","20,039","9,168","2,544"
Locality: 069 FREDERICK COUNTY,0301,301 - CLEAR BROOK,"2,504",120,"2,624",12,3,2,29,"63,841","3,428","67,269",558,109,52,133,"5,718,318","373,799","6,092,117","107,632","20,039","9,168","2,544"
Locality: 069 FREDERICK COUNTY,0302,302 - NEFF'S TOWN,946,97,"1,043",5,1,,29,"63,841","3,428","67,269",558,109,52,133,"5,718,318","373,799","6,092,117","107,632","20,039","9,168","2,544"
Locality: 069 FREDERICK COUNTY,0303,303 - JORDAN SPRINGS,"3,069",161,"3,230",26,1,5,29,"63,841","3,428","67,269",558,109,52,133,"5,718,318","373,799","6,092,117","107,632","20,039","9,168","2,544"
Locality: 069 FREDERICK COUNTY,0304,304 - GIBSON SCHOOL,"1,095",124,"1,219",16,,,29,"63,841","3,428","67,269",558,109,52,133,"5,718,318","373,799","6,092,117","107,632","20,039","9,168","2,544"
Locality: 069 FREDERICK COUNTY,0305,305 - SUNNYSIDE,"1,469",91,"1,560",11,1,,29,"63,841","3,428","67,269",558,109,52,133,"5,718,318","373,799","6,092,117","107,632","20,039","9,168","2,544"
Locality: 069 FREDERICK COUNTY,0401,401 - ARMEL,"2,236",106,"2,342",16,8,2,29,"63,841","3,428","67,269",558,109,52,133,"5,718,318","373,799","6,092,117","107,632","20,039","9,168","2,544"
Locality: 069 FREDERICK COUNTY,0402,402 - SHENANDOAH,"3,428",191,"3,619",36,3,1,29,"63,841","3,428","67,269",558,109,52,133,"5,718,318","373,799","6,092,117","107,632","20,039","9,168","2,544"
Locality: 069 FREDERICK COUNTY,0403,403 - PARKIN'S MILL,"2,815",178,"2,993",23,4,1,29,"63,841","3,428","67,269",558,109,52,133,"5,718,318","373,799","6,092,117","107,632","20,039","9,168","2,544"
Locality: 069 FREDERICK COUNTY,0404,404 - WHITE OAK SCHOOL,"2,529",128,"2,657",30,6,,29,"63,841","3,428","67,269",558,109,52,133,"5,718,318","373,799","6,092,117","107,632","20,039","9,168","2,544"
Locality: 069 FREDERICK COUNTY,0501,501 - STEPHENS CITY,"1,367",103,"1,470",12,1,2,29,"63,841","3,428","67,269",558,109,52,133,"5,718,318","373,799","6,092,117","107,632","20,039","9,168","2,544"
Locality: 069 FREDERICK COUNTY,0502,502 - BASS-HOOVER,"2,546",178,"2,724",33,7,2,29,"63,841","3,428","67,269",558,109,52,133,"5,718,318","373,799","6,092,117","107,632","20,039","9,168","2,544"
Locality: 069 FREDERICK COUNTY,0503,503 - CANTERBURG,"2,868",81,"2,949",26,7,2,29,"63,841","3,428","67,269",558,109,52,133,"5,718,318","373,799","6,092,117","107,632","20,039","9,168","2,544"
Locality: 069 FREDERICK COUNTY,0504,504 - VAUCLUSE SPRING,"2,728",137,"2,865",21,4,3,29,"63,841","3,428","67,269",558,109,52,133,"5,718,318","373,799","6,092,117","107,632","20,039","9,168","2,544"
Locality: 069 FREDERICK COUNTY,0505,505 - AYLOR,"1,569",55,"1,624",12,1,,29,"63,841","3,428","67,269",558,109,52,133,"5,718,318","373,799","6,092,117","107,632","20,039","9,168","2,544"
Locality: 069 FREDERICK COUNTY,0601,601 - MILLBROOK,"2,660",184,"2,844",18,4,3,29,"63,841","3,428","67,269",558,109,52,133,"5,718,318","373,799","6,092,117","107,632","20,039","9,168","2,544"
Locality: 069 FREDERICK COUNTY,0602,602 - ASH HOLLOW,"2,955",265,"3,220",30,2,2,29,"63,841","3,428","67,269",558,109,52,133,"5,718,318","373,799","6,092,117","107,632","20,039","9,168","2,544"
Locality: 069 FREDERICK COUNTY,0603,603 - GREENWOOD,"3,117",174,"3,291",38,7,3,29,"63,841","3,428","67,269",558,109,52,133,"5,718,318","373,799","6,092,117","107,632","20,039","9,168","2,544"
Locality: 069 FREDERICK COUNTY,0604,604 - CARPERS VALLEY,736,38,774,3,2,1,29,"63,841","3,428","67,269",558,109,52,133,"5,718,318","373,799","6,092,117","107,632","20,039","9,168","2,544"
Locality: 069 FREDERICK COUNTY,0605,605 - SULPHUR SPRING,330,11,341,2,,,29,"63,841","3,428","67,269",558,109,52,133,"5,718,318","373,799","6,092,117","107,632","20,039","9,168","2,544"
Locality: 071 GILES COUNTY,0101,101 - GLEN LYN,182,9,191,,,,9,"11,685",390,"12,075",52,3,8,133,"5,718,318","373,799","6,092,117","107,632","20,039","9,168","2,544"
Locality: 071 GILES COUNTY,0102,102 - RICH CREEK,855,45,900,2,,,9,"11,685",390,"12,075",52,3,8,133,"5,718,318","373,799","6,092,117","107,632","20,039","9,168","2,544"
Locality: 071 GILES COUNTY,0103,103 - NARROWS,"2,421",80,"2,501",11,1,1,9,"11,685",390,"12,075",52,3,8,133,"5,718,318","373,799","6,092,117","107,632","20,039","9,168","2,544"
Locality: 071 GILES COUNTY,0201,201 - PEARISBURG,"3,123",102,"3,225",11,,4,9,"11,685",390,"12,075",52,3,8,133,"5,718,318","373,799","6,092,117","107,632","20,039","9,168","2,544"
Locality: 071 GILES COUNTY,0202,202 - STAFFORDSVILLE,514,12,526,3,,,9,"11,685",390,"12,075",52,3,8,133,"5,718,318","373,799","6,092,117","107,632","20,039","9,168","2,544"
Locality: 071 GILES COUNTY,0203,203 - WHITE GATE,282,9,291,,,,9,"11,685",390,"12,075",52,3,8,133,"5,718,318","373,799","6,092,117","107,632","20,039","9,168","2,544"
Locality: 071 GILES COUNTY,0301,301 - EGGLESTON,892,25,917,5,,2,9,"11,685",390,"12,075",52,3,8,133,"5,718,318","373,799","6,092,117","107,632","20,039","9,168","2,544"
Locality: 071 GILES COUNTY,0302,302 - PEMBROKE,"2,289",67,"2,356",13,1,1,9,"11,685",390,"12,075",52,3,8,133,"5,718,318","373,799","6,092,117","107,632","20,039","9,168","2,544"
Locality: 071 GILES COUNTY,0303,303 - NEWPORT,"1,127",41,"1,168",7,1,,9,"11,685",390,"12,075",52,3,8,133,"5,718,318","373,799","6,092,117","107,632","20,039","9,168","2,544"
Locality: 073 GLOUCESTER COUNTY,0101,101 - HARCUM,"2,135",77,"2,212",39,3,1,11,"28,967","1,151","30,118",606,50,16,133,"5,718,318","373,799","6,092,117","107,632","20,039","9,168","2,544"
Locality: 073 GLOUCESTER COUNTY,0102,102 - SALEM,"1,873",64,"1,937",22,2,1,11,"28,967","1,151","30,118",606,50,16,133,"5,718,318","373,799","6,092,117","107,632","20,039","9,168","2,544"
Locality: 073 GLOUCESTER COUNTY,0103,103 - PEASLEY,"1,611",62,"1,673",25,1,,11,"28,967","1,151","30,118",606,50,16,133,"5,718,318","373,799","6,092,117","107,632","20,039","9,168","2,544"
Locality: 073 GLOUCESTER COUNTY,0201,201 - COURTHOUSE,"2,267",62,"2,329",36,8,2,11,"28,967","1,151","30,118",606,50,16,133,"5,718,318","373,799","6,092,117","107,632","20,039","9,168","2,544"
Locality: 073 GLOUCESTER COUNTY,0202,202 - BOTETOURT,"3,396",149,"3,545",105,6,4,11,"28,967","1,151","30,118",606,50,16,133,"5,718,318","373,799","6,092,117","107,632","20,039","9,168","2,544"
Locality: 073 GLOUCESTER COUNTY,0301,301 - WHITE MARSH,"3,674",130,"3,804",81,5,1,11,"28,967","1,151","30,118",606,50,16,133,"5,718,318","373,799","6,092,117","107,632","20,039","9,168","2,544"
Locality: 073 GLOUCESTER COUNTY,0302,302 - ROANES,"2,448",100,"2,548",69,7,,11,"28,967","1,151","30,118",606,50,16,133,"5,718,318","373,799","6,092,117","107,632","20,039","9,168","2,544"
Locality: 073 GLOUCESTER COUNTY,0401,401 - HAYES,"3,160",153,"3,313",55,7,2,11,"28,967","1,151","30,118",606,50,16,133,"5,718,318","373,799","6,092,117","107,632","20,039","9,168","2,544"
Locality: 073 GLOUCESTER COUNTY,0402,402 - SARAHS CREEK,"2,469",111,"2,580",58,4,1,11,"28,967","1,151","30,118",606,50,16,133,"5,718,318","373,799","6,092,117","107,632","20,039","9,168","2,544"
Locality: 073 GLOUCESTER COUNTY,0501,501 - ACHILLES,"3,537",146,"3,683",59,5,2,11,"28,967","1,151","30,118",606,50,16,133,"5,718,318","373,799","6,092,117","107,632","20,039","9,168","2,544"
Locality: 073 GLOUCESTER COUNTY,0502,502 - WALKER,"2,397",97,"2,494",57,2,2,11,"28,967","1,151","30,118",606,50,16,133,"5,718,318","373,799","6,092,117","107,632","20,039","9,168","2,544"
Locality: 075 GOOCHLAND COUNTY,0101,101 - FIFE,"1,704",89,"1,793",10,,1,10,"20,533",721,"21,254",126,49,16,133,"5,718,318","373,799","6,092,117","107,632","20,039","9,168","2,544"
Locality: 075 GOOCHLAND COUNTY,0102,102 - HADENSVILLE,"2,232",69,"2,301",23,2,,10,"20,533",721,"21,254",126,49,16,133,"5,718,318","373,799","6,092,117","107,632","20,039","9,168","2,544"
Locality: 075 GOOCHLAND COUNTY,0201,201 - THREE SQUARE,"1,873",65,"1,938",6,5,5,10,"20,533",721,"21,254",126,49,16,133,"5,718,318","373,799","6,092,117","107,632","20,039","9,168","2,544"
Locality: 075 GOOCHLAND COUNTY,0202,202 - SANDY HOOK,"1,940",48,"1,988",19,,1,10,"20,533",721,"21,254",126,49,16,133,"5,718,318","373,799","6,092,117","107,632","20,039","9,168","2,544"
Locality: 075 GOOCHLAND COUNTY,0301,301 - BEAVERDAM,"2,313",63,"2,376",16,10,1,10,"20,533",721,"21,254",126,49,16,133,"5,718,318","373,799","6,092,117","107,632","20,039","9,168","2,544"
Locality: 075 GOOCHLAND COUNTY,0302,302 - RANDOLPH,"1,583",39,"1,622",8,5,1,10,"20,533",721,"21,254",126,49,16,133,"5,718,318","373,799","6,092,117","107,632","20,039","9,168","2,544"
Locality: 075 GOOCHLAND COUNTY,0401,401 - SHALLOW WELL,"1,189",36,"1,225",6,6,,10,"20,533",721,"21,254",126,49,16,133,"5,718,318","373,799","6,092,117","107,632","20,039","9,168","2,544"
Locality: 075 GOOCHLAND COUNTY,0402,402 - CENTERVILLE,"3,214",167,"3,381",13,2,1,10,"20,533",721,"21,254",126,49,16,133,"5,718,318","373,799","6,092,117","107,632","20,039","9,168","2,544"
Locality: 075 GOOCHLAND COUNTY,0501,501 - MANAKIN,"2,333",68,"2,401",18,10,5,10,"20,533",721,"21,254",126,49,16,133,"5,718,318","373,799","6,092,117","107,632","20,039","9,168","2,544"
Locality: 075 GOOCHLAND COUNTY,0502,502 - BLAIR,"2,152",77,"2,229",7,9,1,10,"20,533",721,"21,254",126,49,16,133,"5,718,318","373,799","6,092,117","107,632","20,039","9,168","2,544"
Locality: 077 GRAYSON COUNTY,0101,101 - BRIDLE CREEK,674,18,692,2,,,15,"10,534",346,"10,880",46,5,7,133,"5,718,318","373,799","6,092,117","107,632","20,039","9,168","2,544"
Locality: 077 GRAYSON COUNTY,0102,102 - FLATRIDGE,255,8,263,1,,,15,"10,534",346,"10,880",46,5,7,133,"5,718,318","373,799","6,092,117","107,632","20,039","9,168","2,544"
Locality: 077 GRAYSON COUNTY,0103,103 - GRANT,432,15,447,2,,,15,"10,534",346,"10,880",46,5,7,133,"5,718,318","373,799","6,092,117","107,632","20,039","9,168","2,544"
Locality: 077 GRAYSON COUNTY,0104,104 - MOUTH OF WILSON,299,16,315,,1,2,15,"10,534",346,"10,880",46,5,7,133,"5,718,318","373,799","6,092,117","107,632","20,039","9,168","2,544"
Locality: 077 GRAYSON COUNTY,0105,105 - MOUNT ROGERS,354,16,370,3,,,15,"10,534",346,"10,880",46,5,7,133,"5,718,318","373,799","6,092,117","107,632","20,039","9,168","2,544"
Locality: 077 GRAYSON COUNTY,0106,106 - RUGBY,327,6,333,1,,,15,"10,534",346,"10,880",46,5,7,133,"5,718,318","373,799","6,092,117","107,632","20,039","9,168","2,544"
Locality: 077 GRAYSON COUNTY,0107,107 - TROUTDALE,196,5,201,,,,15,"10,534",346,"10,880",46,5,7,133,"5,718,318","373,799","6,092,117","107,632","20,039","9,168","2,544"
Locality: 077 GRAYSON COUNTY,0108,108 - COMERS ROCK,241,7,248,2,,,15,"10,534",346,"10,880",46,5,7,133,"5,718,318","373,799","6,092,117","107,632","20,039","9,168","2,544"
Locality: 077 GRAYSON COUNTY,0202,202 - ELK CREEK,743,24,767,8,,,15,"10,534",346,"10,880",46,5,7,133,"5,718,318","373,799","6,092,117","107,632","20,039","9,168","2,544"
Locality: 077 GRAYSON COUNTY,0203,203 - INDEPENDENCE,"1,761",60,"1,821",6,2,1,15,"10,534",346,"10,880",46,5,7,133,"5,718,318","373,799","6,092,117","107,632","20,039","9,168","2,544"
Locality: 077 GRAYSON COUNTY,0301,301 - BAYWOOD,"1,124",45,"1,169",7,,,15,"10,534",346,"10,880",46,5,7,133,"5,718,318","373,799","6,092,117","107,632","20,039","9,168","2,544"
Locality: 077 GRAYSON COUNTY,0302,302 - FAIRVIEW,"1,560",54,"1,614",5,1,1,15,"10,534",346,"10,880",46,5,7,133,"5,718,318","373,799","6,092,117","107,632","20,039","9,168","2,544"
Locality: 077 GRAYSON COUNTY,0401,401 - FRIES,683,26,709,1,,1,15,"10,534",346,"10,880",46,5,7,133,"5,718,318","373,799","6,092,117","107,632","20,039","9,168","2,544"
Locality: 077 GRAYSON COUNTY,0402,402 - PROVIDENCE,"1,274",23,"1,297",4,1,2,15,"10,534",346,"10,880",46,5,7,133,"5,718,318","373,799","6,092,117","107,632","20,039","9,168","2,544"
Locality: 077 GRAYSON COUNTY,0403,403 - OLDTOWN,611,23,634,4,,,15,"10,534",346,"10,880",46,5,7,133,"5,718,318","373,799","6,092,117","107,632","20,039","9,168","2,544"
Locality: 079 GREENE COUNTY,0101,101 - DYKE,"1,280",27,"1,307",7,5,5,6,"14,332",492,"14,824",181,39,21,133,"5,718,318","373,799","6,092,117","107,632","20,039","9,168","2,544"
Locality: 079 GREENE COUNTY,0102,102 - SWIFT RUN,"2,188",64,"2,252",22,3,1,6,"14,332",492,"14,824",181,39,21,133,"5,718,318","373,799","6,092,117","107,632","20,039","9,168","2,544"
Locality: 079 GREENE COUNTY,0201,201 - RUCKERSVILLE,"3,442",153,"3,595",54,10,4,6,"14,332",492,"14,824",181,39,21,133,"5,718,318","373,799","6,092,117","107,632","20,039","9,168","2,544"
Locality: 079 GREENE COUNTY,0301,301 - STANARDSVILLE,"3,438",95,"3,533",36,3,5,6,"14,332",492,"14,824",181,39,21,133,"5,718,318","373,799","6,092,117","107,632","20,039","9,168","2,544"
Locality: 079 GREENE COUNTY,0302,302 - STANARDSVILLE TOWN,214,11,225,1,1,1,6,"14,332",492,"14,824",181,39,21,133,"5,718,318","373,799","6,092,117","107,632","20,039","9,168","2,544"
Locality: 079 GREENE COUNTY,0401,401 - MIDWAY,"3,770",142,"3,912",61,17,5,6,"14,332",492,"14,824",181,39,21,133,"5,718,318","373,799","6,092,117","107,632","20,039","9,168","2,544"
Locality: 081 GREENSVILLE COUNTY,0101,101 - PRECINCT 1-A,679,16,695,8,,,9,"6,190",237,"6,427",53,,,133,"5,718,318","373,799","6,092,117","107,632","20,039","9,168","2,544"
Locality: 081 GREENSVILLE COUNTY,0102,102 - PRECINCT 1-B,271,10,281,3,,,9,"6,190",237,"6,427",53,,,133,"5,718,318","373,799","6,092,117","107,632","20,039","9,168","2,544"
Locality: 081 GREENSVILLE COUNTY,0103,103 - PRECINCT 1-C,539,21,560,6,,,9,"6,190",237,"6,427",53,,,133,"5,718,318","373,799","6,092,117","107,632","20,039","9,168","2,544"
Locality: 081 GREENSVILLE COUNTY,0201,201 - PRECINCT 2-A,770,37,807,9,,,9,"6,190",237,"6,427",53,,,133,"5,718,318","373,799","6,092,117","107,632","20,039","9,168","2,544"
Locality: 081 GREENSVILLE COUNTY,0202,202 - PRECINCT 2-B,827,24,851,2,,,9,"6,190",237,"6,427",53,,,133,"5,718,318","373,799","6,092,117","107,632","20,039","9,168","2,544"
Locality: 081 GREENSVILLE COUNTY,0302,302 - PRECINCT 3-A,"1,573",71,"1,644",9,,,9,"6,190",237,"6,427",53,,,133,"5,718,318","373,799","6,092,117","107,632","20,039","9,168","2,544"
Locality: 081 GREENSVILLE COUNTY,0401,401 - PRECINCT 4-A,417,15,432,7,,,9,"6,190",237,"6,427",53,,,133,"5,718,318","373,799","6,092,117","107,632","20,039","9,168","2,544"
Locality: 081 GREENSVILLE COUNTY,0402,402 - PRECINCT 4-B,771,31,802,9,,,9,"6,190",237,"6,427",53,,,133,"5,718,318","373,799","6,092,117","107,632","20,039","9,168","2,544"
Locality: 081 GREENSVILLE COUNTY,0403,403 - PRECINCT 4-C,343,12,355,,,,9,"6,190",237,"6,427",53,,,133,"5,718,318","373,799","6,092,117","107,632","20,039","9,168","2,544"
Locality: 083 HALIFAX COUNTY,0101,101 - CHILDREY,"1,057",22,"1,079",7,,,20,"24,130",826,"24,956",170,25,,133,"5,718,318","373,799","6,092,117","107,632","20,039","9,168","2,544"
Locality: 083 HALIFAX COUNTY,0102,102 - LIBERTY,560,15,575,5,1,,20,"24,130",826,"24,956",170,25,,133,"5,718,318","373,799","6,092,117","107,632","20,039","9,168","2,544"
Locality: 083 HALIFAX COUNTY,0103,103 - REPUBLICAN GROVE,"1,259",42,"1,301",8,,,20,"24,130",826,"24,956",170,25,,133,"5,718,318","373,799","6,092,117","107,632","20,039","9,168","2,544"
Locality: 083 HALIFAX COUNTY,0201,201 - CLAYS MILL,813,18,831,4,,,20,"24,130",826,"24,956",170,25,,133,"5,718,318","373,799","6,092,117","107,632","20,039","9,168","2,544"
Locality: 083 HALIFAX COUNTY,0202,202 - CROSSROADS,740,21,761,5,2,,20,"24,130",826,"24,956",170,25,,133,"5,718,318","373,799","6,092,117","107,632","20,039","9,168","2,544"
Locality: 083 HALIFAX COUNTY,0203,203 - CLOVER,"1,233",35,"1,268",13,,,20,"24,130",826,"24,956",170,25,,133,"5,718,318","373,799","6,092,117","107,632","20,039","9,168","2,544"
Locality: 083 HALIFAX COUNTY,0302,302 - MEADVILLE,538,15,553,6,,,20,"24,130",826,"24,956",170,25,,133,"5,718,318","373,799","6,092,117","107,632","20,039","9,168","2,544"
Locality: 083 HALIFAX COUNTY,0304,304 - VERNON HILL,875,30,905,10,2,,20,"24,130",826,"24,956",170,25,,133,"5,718,318","373,799","6,092,117","107,632","20,039","9,168","2,544"
Locality: 083 HALIFAX COUNTY,0305,305 - SINAI,"1,870",50,"1,920",9,1,,20,"24,130",826,"24,956",170,25,,133,"5,718,318","373,799","6,092,117","107,632","20,039","9,168","2,544"
Locality: 083 HALIFAX COUNTY,0401,401 - COURTHOUSE,"1,480",93,"1,573",7,3,,20,"24,130",826,"24,956",170,25,,133,"5,718,318","373,799","6,092,117","107,632","20,039","9,168","2,544"
Locality: 083 HALIFAX COUNTY,0403,403 - CENTER,"1,621",42,"1,663",14,3,,20,"24,130",826,"24,956",170,25,,133,"5,718,318","373,799","6,092,117","107,632","20,039","9,168","2,544"
Locality: 083 HALIFAX COUNTY,0502,502 - DAN RIVER,"1,936",68,"2,004",13,4,,20,"24,130",826,"24,956",170,25,,133,"5,718,318","373,799","6,092,117","107,632","20,039","9,168","2,544"
Locality: 083 HALIFAX COUNTY,0503,503 - SCOTTSBURG,976,15,991,4,1,,20,"24,130",826,"24,956",170,25,,133,"5,718,318","373,799","6,092,117","107,632","20,039","9,168","2,544"
Locality: 083 HALIFAX COUNTY,0601,601 - BLACK WALNUT,"1,209",39,"1,248",12,2,,20,"24,130",826,"24,956",170,25,,133,"5,718,318","373,799","6,092,117","107,632","20,039","9,168","2,544"
Locality: 083 HALIFAX COUNTY,0603,603 - MT CARMEL,"1,618",47,"1,665",9,2,,20,"24,130",826,"24,956",170,25,,133,"5,718,318","373,799","6,092,117","107,632","20,039","9,168","2,544"
Locality: 083 HALIFAX COUNTY,0605,605 - UNION,519,12,531,4,,,20,"24,130",826,"24,956",170,25,,133,"5,718,318","373,799","6,092,117","107,632","20,039","9,168","2,544"
Locality: 083 HALIFAX COUNTY,0701,701 - HYCO,"1,564",34,"1,598",17,1,,20,"24,130",826,"24,956",170,25,,133,"5,718,318","373,799","6,092,117","107,632","20,039","9,168","2,544"
Locality: 083 HALIFAX COUNTY,0702,702 - MIDWAY,995,23,"1,018",2,3,,20,"24,130",826,"24,956",170,25,,133,"5,718,318","373,799","6,092,117","107,632","20,039","9,168","2,544"
Locality: 083 HALIFAX COUNTY,0703,703 - VIRGILINA,727,23,750,2,,,20,"24,130",826,"24,956",170,25,,133,"5,718,318","373,799","6,092,117","107,632","20,039","9,168","2,544"
Locality: 083 HALIFAX COUNTY,0801,801 - SOUTH BOSTON,"2,540",182,"2,722",19,,,20,"24,130",826,"24,956",170,25,,133,"5,718,318","373,799","6,092,117","107,632","20,039","9,168","2,544"
Locality: 085 HANOVER COUNTY,0101,101 - ASHLAND,"2,112",92,"2,204",18,11,2,36,"84,155","2,520","86,675",750,170,48,133,"5,718,318","373,799","6,092,117","107,632","20,039","9,168","2,544"
Locality: 085 HANOVER COUNTY,0104,104 - SLIDING HILL,"2,257",90,"2,347",29,5,2,36,"84,155","2,520","86,675",750,170,48,133,"5,718,318","373,799","6,092,117","107,632","20,039","9,168","2,544"
Locality: 085 HANOVER COUNTY,0105,105 - BERKLEY,"2,205",111,"2,316",21,11,2,36,"84,155","2,520","86,675",750,170,48,133,"5,718,318","373,799","6,092,117","107,632","20,039","9,168","2,544"
Locality: 085 HANOVER COUNTY,0106,106 - KERSEY CREEK,"1,250",37,"1,287",12,2,2,36,"84,155","2,520","86,675",750,170,48,133,"5,718,318","373,799","6,092,117","107,632","20,039","9,168","2,544"
Locality: 085 HANOVER COUNTY,0108,108 - HONEY MEADOWS,"3,010",97,"3,107",22,13,2,36,"84,155","2,520","86,675",750,170,48,133,"5,718,318","373,799","6,092,117","107,632","20,039","9,168","2,544"
Locality: 085 HANOVER COUNTY,0201,201 - BEAVERDAM,"2,969",79,"3,048",36,3,,36,"84,155","2,520","86,675",750,170,48,133,"5,718,318","373,799","6,092,117","107,632","20,039","9,168","2,544"
Locality: 085 HANOVER COUNTY,0202,202 - BLUNTS,"1,374",31,"1,405",12,4,4,36,"84,155","2,520","86,675",750,170,48,133,"5,718,318","373,799","6,092,117","107,632","20,039","9,168","2,544"
Locality: 085 HANOVER COUNTY,0203,203 - WILMINGTON PARISH,"2,717",75,"2,792",17,12,,36,"84,155","2,520","86,675",750,170,48,133,"5,718,318","373,799","6,092,117","107,632","20,039","9,168","2,544"
Locality: 085 HANOVER COUNTY,0206,206 - COURTHOUSE,"2,310",52,"2,362",20,1,3,36,"84,155","2,520","86,675",750,170,48,133,"5,718,318","373,799","6,092,117","107,632","20,039","9,168","2,544"
Locality: 085 HANOVER COUNTY,0208,208 - OAK KNOLL,"2,039",52,"2,091",17,3,,36,"84,155","2,520","86,675",750,170,48,133,"5,718,318","373,799","6,092,117","107,632","20,039","9,168","2,544"
Locality: 085 HANOVER COUNTY,0210,210 - OAK HILL,942,26,968,6,1,,36,"84,155","2,520","86,675",750,170,48,133,"5,718,318","373,799","6,092,117","107,632","20,039","9,168","2,544"
Locality: 085 HANOVER COUNTY,0301,301 - CLAY,"2,416",54,"2,470",14,3,1,36,"84,155","2,520","86,675",750,170,48,133,"5,718,318","373,799","6,092,117","107,632","20,039","9,168","2,544"
Locality: 085 HANOVER COUNTY,0303,303 - SHADY GROVE,"2,613",91,"2,704",25,2,1,36,"84,155","2,520","86,675",750,170,48,133,"5,718,318","373,799","6,092,117","107,632","20,039","9,168","2,544"
Locality: 085 HANOVER COUNTY,0304,304 - ATLEE,"2,975",67,"3,042",32,9,3,36,"84,155","2,520","86,675",750,170,48,133,"5,718,318","373,799","6,092,117","107,632","20,039","9,168","2,544"
Locality: 085 HANOVER COUNTY,0305,305 - COOL SPRING,"2,535",77,"2,612",25,7,1,36,"84,155","2,520","86,675",750,170,48,133,"5,718,318","373,799","6,092,117","107,632","20,039","9,168","2,544"
Locality: 085 HANOVER COUNTY,0306,306 - RUTLAND,"2,029",70,"2,099",21,2,2,36,"84,155","2,520","86,675",750,170,48,133,"5,718,318","373,799","6,092,117","107,632","20,039","9,168","2,544"
Locality: 085 HANOVER COUNTY,0401,401 - BATTLEFIELD,"2,702",66,"2,768",19,3,,36,"84,155","2,520","86,675",750,170,48,133,"5,718,318","373,799","6,092,117","107,632","20,039","9,168","2,544"
Locality: 085 HANOVER COUNTY,0403,403 - COLD HARBOR,"4,020",150,"4,170",35,3,5,36,"84,155","2,520","86,675",750,170,48,133,"5,718,318","373,799","6,092,117","107,632","20,039","9,168","2,544"
Locality: 085 HANOVER COUNTY,0404,404 - BLACK CREEK,"1,742",36,"1,778",10,9,,36,"84,155","2,520","86,675",750,170,48,133,"5,718,318","373,799","6,092,117","107,632","20,039","9,168","2,544"
Locality: 085 HANOVER COUNTY,0405,405 - PEBBLE CREEK,"1,657",45,"1,702",9,4,1,36,"84,155","2,520","86,675",750,170,48,133,"5,718,318","373,799","6,092,117","107,632","20,039","9,168","2,544"
Locality: 085 HANOVER COUNTY,0407,407 - OLD CHURCH,"1,837",34,"1,871",20,2,3,36,"84,155","2,520","86,675",750,170,48,133,"5,718,318","373,799","6,092,117","107,632","20,039","9,168","2,544"
Locality: 085 HANOVER COUNTY,0502,502 - RURAL POINT,"2,981",80,"3,061",36,5,1,36,"84,155","2,520","86,675",750,170,48,133,"5,718,318","373,799","6,092,117","107,632","20,039","9,168","2,544"
Locality: 085 HANOVER COUNTY,0503,503 - NEWMAN,"2,287",96,"2,383",25,5,1,36,"84,155","2,520","86,675",750,170,48,133,"5,718,318","373,799","6,092,117","107,632","20,039","9,168","2,544"
Locality: 085 HANOVER COUNTY,0504,504 - STUDLEY,"1,644",40,"1,684",15,3,1,36,"84,155","2,520","86,675",750,170,48,133,"5,718,318","373,799","6,092,117","107,632","20,039","9,168","2,544"
Locality: 085 HANOVER COUNTY,0505,505 - TOTOPOTOMOY,669,16,685,7,2,,36,"84,155","2,520","86,675",750,170,48,133,"5,718,318","373,799","6,092,117","107,632","20,039","9,168","2,544"
Locality: 085 HANOVER COUNTY,0506,506 - GEORGETOWN,"2,157",53,"2,210",36,3,3,36,"84,155","2,520","86,675",750,170,48,133,"5,718,318","373,799","6,092,117","107,632","20,039","9,168","2,544"
Locality: 085 HANOVER COUNTY,0507,507 - LAUREL MEADOW,"2,474",82,"2,556",25,1,,36,"84,155","2,520","86,675",750,170,48,133,"5,718,318","373,799","6,092,117","107,632","20,039","9,168","2,544"
Locality: 085 HANOVER COUNTY,0601,601 - VILLAGE,"3,258",79,"3,337",36,8,2,36,"84,155","2,520","86,675",750,170,48,133,"5,718,318","373,799","6,092,117","107,632","20,039","9,168","2,544"
Locality: 085 HANOVER COUNTY,0602,602 - LEE DAVIS,"2,720",98,"2,818",23,3,,36,"84,155","2,520","86,675",750,170,48,133,"5,718,318","373,799","6,092,117","107,632","20,039","9,168","2,544"
Locality: 085 HANOVER COUNTY,0603,603 - MECHANICSVILLE,"2,998",123,"3,121",22,1,,36,"84,155","2,520","86,675",750,170,48,133,"5,718,318","373,799","6,092,117","107,632","20,039","9,168","2,544"
Locality: 085 HANOVER COUNTY,0604,604 - HANOVER GROVE,"2,740",85,"2,825",20,1,,36,"84,155","2,520","86,675",750,170,48,133,"5,718,318","373,799","6,092,117","107,632","20,039","9,168","2,544"
Locality: 085 HANOVER COUNTY,0701,701 - FARRINGTON,"2,655",64,"2,719",19,4,3,36,"84,155","2,520","86,675",750,170,48,133,"5,718,318","373,799","6,092,117","107,632","20,039","9,168","2,544"
Locality: 085 HANOVER COUNTY,0702,702 - MONTPELIER,"2,789",71,"2,860",16,9,1,36,"84,155","2,520","86,675",750,170,48,133,"5,718,318","373,799","6,092,117","107,632","20,039","9,168","2,544"
Locality: 085 HANOVER COUNTY,0703,703 - ROCKVILLE,"2,471",57,"2,528",22,4,,36,"84,155","2,520","86,675",750,170,48,133,"5,718,318","373,799","6,092,117","107,632","20,039","9,168","2,544"
Locality: 085 HANOVER COUNTY,0704,704 - ELMONT,"3,178",110,"3,288",20,4,2,36,"84,155","2,520","86,675",750,170,48,133,"5,718,318","373,799","6,092,117","107,632","20,039","9,168","2,544"
Locality: 085 HANOVER COUNTY,0705,705 - SOUTH ANNA,"1,423",34,"1,457",8,7,,36,"84,155","2,520","86,675",750,170,48,133,"5,718,318","373,799","6,092,117","107,632","20,039","9,168","2,544"
Locality: 087 HENRICO COUNTY,0101,101 - COALPIT,"4,074",139,"4,213",40,13,7,94,"229,178","11,129","240,307","2,095",498,405,133,"5,718,318","373,799","6,092,117","107,632","20,039","9,168","2,544"
Locality: 087 HENRICO COUNTY,0102,102 - DUMBARTON,"3,637",257,"3,894",43,8,2,94,"229,178","11,129","240,307","2,095",498,405,133,"5,718,318","373,799","6,092,117","107,632","20,039","9,168","2,544"
Locality: 087 HENRICO COUNTY,0103,103 - GLEN ALLEN,"4,547",189,"4,736",38,5,5,94,"229,178","11,129","240,307","2,095",498,405,133,"5,718,318","373,799","6,092,117","107,632","20,039","9,168","2,544"
Locality: 087 HENRICO COUNTY,0104,104 - GREENDALE,"1,763",93,"1,856",17,1,1,94,"229,178","11,129","240,307","2,095",498,405,133,"5,718,318","373,799","6,092,117","107,632","20,039","9,168","2,544"
Locality: 087 HENRICO COUNTY,0105,105 - HERMITAGE,"3,558",201,"3,759",44,4,2,94,"229,178","11,129","240,307","2,095",498,405,133,"5,718,318","373,799","6,092,117","107,632","20,039","9,168","2,544"
Locality: 087 HENRICO COUNTY,0106,106 - HOLLADAY,"1,655",75,"1,730",5,1,5,94,"229,178","11,129","240,307","2,095",498,405,133,"5,718,318","373,799","6,092,117","107,632","20,039","9,168","2,544"
Locality: 087 HENRICO COUNTY,0107,107 - HUNGARY CREEK,"3,810",115,"3,925",31,13,11,94,"229,178","11,129","240,307","2,095",498,405,133,"5,718,318","373,799","6,092,117","107,632","20,039","9,168","2,544"
Locality: 087 HENRICO COUNTY,0108,108 - HUNTON,"1,044",27,"1,071",7,,,94,"229,178","11,129","240,307","2,095",498,405,133,"5,718,318","373,799","6,092,117","107,632","20,039","9,168","2,544"
Locality: 087 HENRICO COUNTY,0109,109 - JOHNSON,"2,114",110,"2,224",31,3,3,94,"229,178","11,129","240,307","2,095",498,405,133,"5,718,318","373,799","6,092,117","107,632","20,039","9,168","2,544"
Locality: 087 HENRICO COUNTY,0110,110 - LONGAN,"3,936",199,"4,135",38,3,5,94,"229,178","11,129","240,307","2,095",498,405,133,"5,718,318","373,799","6,092,117","107,632","20,039","9,168","2,544"
Locality: 087 HENRICO COUNTY,0111,111 - MAUDE TREVVETT,"4,113",261,"4,374",55,9,5,94,"229,178","11,129","240,307","2,095",498,405,133,"5,718,318","373,799","6,092,117","107,632","20,039","9,168","2,544"
Locality: 087 HENRICO COUNTY,0112,112 - MONUMENT HILLS,"1,049",53,"1,102",4,6,21,94,"229,178","11,129","240,307","2,095",498,405,133,"5,718,318","373,799","6,092,117","107,632","20,039","9,168","2,544"
Locality: 087 HENRICO COUNTY,0113,113 - SPRINGFIELD,"3,634",243,"3,877",35,11,5,94,"229,178","11,129","240,307","2,095",498,405,133,"5,718,318","373,799","6,092,117","107,632","20,039","9,168","2,544"
Locality: 087 HENRICO COUNTY,0114,114 - STAPLES MILL,"3,177",98,"3,275",25,12,2,94,"229,178","11,129","240,307","2,095",498,405,133,"5,718,318","373,799","6,092,117","107,632","20,039","9,168","2,544"
Locality: 087 HENRICO COUNTY,0115,115 - WESTWOOD,"2,165",89,"2,254",12,7,15,94,"229,178","11,129","240,307","2,095",498,405,133,"5,718,318","373,799","6,092,117","107,632","20,039","9,168","2,544"
Locality: 087 HENRICO COUNTY,0201,201 - AZALEA,"3,724",302,"4,026",38,,,94,"229,178","11,129","240,307","2,095",498,405,133,"5,718,318","373,799","6,092,117","107,632","20,039","9,168","2,544"
Locality: 087 HENRICO COUNTY,0202,202 - BELMONT,"2,850",173,"3,023",30,3,2,94,"229,178","11,129","240,307","2,095",498,405,133,"5,718,318","373,799","6,092,117","107,632","20,039","9,168","2,544"
Locality: 087 HENRICO COUNTY,0203,203 - BROOKLAND,"1,363",83,"1,446",9,5,1,94,"229,178","11,129","240,307","2,095",498,405,133,"5,718,318","373,799","6,092,117","107,632","20,039","9,168","2,544"
Locality: 087 HENRICO COUNTY,0204,204 - CANTERBURY,668,10,678,,1,1,94,"229,178","11,129","240,307","2,095",498,405,133,"5,718,318","373,799","6,092,117","107,632","20,039","9,168","2,544"
Locality: 087 HENRICO COUNTY,0205,205 - CENTRAL GARDENS,"2,921",135,"3,056",30,1,,94,"229,178","11,129","240,307","2,095",498,405,133,"5,718,318","373,799","6,092,117","107,632","20,039","9,168","2,544"
Locality: 087 HENRICO COUNTY,0206,206 - CHAMBERLAYNE,"2,643",77,"2,720",15,1,3,94,"229,178","11,129","240,307","2,095",498,405,133,"5,718,318","373,799","6,092,117","107,632","20,039","9,168","2,544"
Locality: 087 HENRICO COUNTY,0207,207 - EASTBOURNE,"1,195",34,"1,229",14,,3,94,"229,178","11,129","240,307","2,095",498,405,133,"5,718,318","373,799","6,092,117","107,632","20,039","9,168","2,544"
Locality: 087 HENRICO COUNTY,0208,208 - ESSEX VILLAGE,"1,136",83,"1,219",9,,,94,"229,178","11,129","240,307","2,095",498,405,133,"5,718,318","373,799","6,092,117","107,632","20,039","9,168","2,544"
Locality: 087 HENRICO COUNTY,0209,209 - FAIRFIELD,"2,205",211,"2,416",29,1,,94,"229,178","11,129","240,307","2,095",498,405,133,"5,718,318","373,799","6,092,117","107,632","20,039","9,168","2,544"
Locality: 087 HENRICO COUNTY,0210,210 - GLEN LEA,"1,904",85,"1,989",19,1,,94,"229,178","11,129","240,307","2,095",498,405,133,"5,718,318","373,799","6,092,117","107,632","20,039","9,168","2,544"
Locality: 087 HENRICO COUNTY,0211,211 - GREENWOOD,911,35,946,10,,,94,"229,178","11,129","240,307","2,095",498,405,133,"5,718,318","373,799","6,092,117","107,632","20,039","9,168","2,544"
Locality: 087 HENRICO COUNTY,0212,212 - HIGHLAND GARDENS,"1,215",52,"1,267",8,,2,94,"229,178","11,129","240,307","2,095",498,405,133,"5,718,318","373,799","6,092,117","107,632","20,039","9,168","2,544"
Locality: 087 HENRICO COUNTY,0213,213 - HOLLYBROOK,"1,003",47,"1,050",10,1,3,94,"229,178","11,129","240,307","2,095",498,405,133,"5,718,318","373,799","6,092,117","107,632","20,039","9,168","2,544"
Locality: 087 HENRICO COUNTY,0214,214 - HUNGARY,"1,889",82,"1,971",18,3,2,94,"229,178","11,129","240,307","2,095",498,405,133,"5,718,318","373,799","6,092,117","107,632","20,039","9,168","2,544"
Locality: 087 HENRICO COUNTY,0215,215 - LAKESIDE,"3,878",179,"4,057",27,8,4,94,"229,178","11,129","240,307","2,095",498,405,133,"5,718,318","373,799","6,092,117","107,632","20,039","9,168","2,544"
Locality: 087 HENRICO COUNTY,0216,216 - LONGDALE,"2,655",111,"2,766",22,5,4,94,"229,178","11,129","240,307","2,095",498,405,133,"5,718,318","373,799","6,092,117","107,632","20,039","9,168","2,544"
Locality: 087 HENRICO COUNTY,0217,217 - MAPLEWOOD,"3,004",99,"3,103",25,2,1,94,"229,178","11,129","240,307","2,095",498,405,133,"5,718,318","373,799","6,092,117","107,632","20,039","9,168","2,544"
Locality: 087 HENRICO COUNTY,0218,218 - MOODY,520,30,550,4,2,1,94,"229,178","11,129","240,307","2,095",498,405,133,"5,718,318","373,799","6,092,117","107,632","20,039","9,168","2,544"
Locality: 087 HENRICO COUNTY,0219,219 - MOUNTAIN,863,36,899,8,1,,94,"229,178","11,129","240,307","2,095",498,405,133,"5,718,318","373,799","6,092,117","107,632","20,039","9,168","2,544"
Locality: 087 HENRICO COUNTY,0220,220 - NORTH PARK,925,63,988,10,2,3,94,"229,178","11,129","240,307","2,095",498,405,133,"5,718,318","373,799","6,092,117","107,632","20,039","9,168","2,544"
Locality: 087 HENRICO COUNTY,0221,221 - OAKVIEW,225,12,237,,,,94,"229,178","11,129","240,307","2,095",498,405,133,"5,718,318","373,799","6,092,117","107,632","20,039","9,168","2,544"
Locality: 087 HENRICO COUNTY,0222,222 - RANDOLPH,347,18,365,5,,,94,"229,178","11,129","240,307","2,095",498,405,133,"5,718,318","373,799","6,092,117","107,632","20,039","9,168","2,544"
Locality: 087 HENRICO COUNTY,0223,223 - RATCLIFFE,"3,861",211,"4,072",38,2,2,94,"229,178","11,129","240,307","2,095",498,405,133,"5,718,318","373,799","6,092,117","107,632","20,039","9,168","2,544"
Locality: 087 HENRICO COUNTY,0224,224 - STRATFORD HALL,452,22,474,3,,,94,"229,178","11,129","240,307","2,095",498,405,133,"5,718,318","373,799","6,092,117","107,632","20,039","9,168","2,544"
Locality: 087 HENRICO COUNTY,0225,225 - WILDER,"2,014",66,"2,080",21,4,1,94,"229,178","11,129","240,307","2,095",498,405,133,"5,718,318","373,799","6,092,117","107,632","20,039","9,168","2,544"
Locality: 087 HENRICO COUNTY,0226,226 - YELLOW TAVERN,"2,984",182,"3,166",25,6,6,94,"229,178","11,129","240,307","2,095",498,405,133,"5,718,318","373,799","6,092,117","107,632","20,039","9,168","2,544"
Locality: 087 HENRICO COUNTY,0301,301 - CAUSEWAY,"2,672",185,"2,857",22,13,5,94,"229,178","11,129","240,307","2,095",498,405,133,"5,718,318","373,799","6,092,117","107,632","20,039","9,168","2,544"
Locality: 087 HENRICO COUNTY,0302,302 - CEDARFIELD,"2,679",89,"2,768",18,10,11,94,"229,178","11,129","240,307","2,095",498,405,133,"5,718,318","373,799","6,092,117","107,632","20,039","9,168","2,544"
Locality: 087 HENRICO COUNTY,0303,303 - COLONIAL TRAIL,"2,729",228,"2,957",26,9,3,94,"229,178","11,129","240,307","2,095",498,405,133,"5,718,318","373,799","6,092,117","107,632","20,039","9,168","2,544"
Locality: 087 HENRICO COUNTY,0304,304 - INNSBROOK,"1,721",69,"1,790",13,2,2,94,"229,178","11,129","240,307","2,095",498,405,133,"5,718,318","373,799","6,092,117","107,632","20,039","9,168","2,544"
Locality: 087 HENRICO COUNTY,0305,305 - JACKSON DAVIS,"1,867",71,"1,938",14,8,12,94,"229,178","11,129","240,307","2,095",498,405,133,"5,718,318","373,799","6,092,117","107,632","20,039","9,168","2,544"
Locality: 087 HENRICO COUNTY,0306,306 - NUCKOLS FARM,"3,599",139,"3,738",22,12,5,94,"229,178","11,129","240,307","2,095",498,405,133,"5,718,318","373,799","6,092,117","107,632","20,039","9,168","2,544"
Locality: 087 HENRICO COUNTY,0307,307 - POCAHONTAS,"3,039",242,"3,281",26,14,16,94,"229,178","11,129","240,307","2,095",498,405,133,"5,718,318","373,799","6,092,117","107,632","20,039","9,168","2,544"
Locality: 087 HENRICO COUNTY,0308,308 - RIDGE,"1,552",73,"1,625",18,2,6,94,"229,178","11,129","240,307","2,095",498,405,133,"5,718,318","373,799","6,092,117","107,632","20,039","9,168","2,544"
Locality: 087 HENRICO COUNTY,0309,309 - RIVERS EDGE,"3,330",147,"3,477",15,9,4,94,"229,178","11,129","240,307","2,095",498,405,133,"5,718,318","373,799","6,092,117","107,632","20,039","9,168","2,544"
Locality: 087 HENRICO COUNTY,0310,310 - SADLER,"3,567",150,"3,717",22,14,9,94,"229,178","11,129","240,307","2,095",498,405,133,"5,718,318","373,799","6,092,117","107,632","20,039","9,168","2,544"
Locality: 087 HENRICO COUNTY,0311,311 - SHADY GROVE,"3,643",152,"3,795",31,14,14,94,"229,178","11,129","240,307","2,095",498,405,133,"5,718,318","373,799","6,092,117","107,632","20,039","9,168","2,544"
Locality: 087 HENRICO COUNTY,0312,312 - SHORT PUMP,"2,330",79,"2,409",17,7,6,94,"229,178","11,129","240,307","2,095",498,405,133,"5,718,318","373,799","6,092,117","107,632","20,039","9,168","2,544"
Locality: 087 HENRICO COUNTY,0313,313 - STONEY RUN,"4,018",175,"4,193",34,17,14,94,"229,178","11,129","240,307","2,095",498,405,133,"5,718,318","373,799","6,092,117","107,632","20,039","9,168","2,544"
Locality: 087 HENRICO COUNTY,0314,314 - THREE CHOPT,"2,457",104,"2,561",23,6,4,94,"229,178","11,129","240,307","2,095",498,405,133,"5,718,318","373,799","6,092,117","107,632","20,039","9,168","2,544"
Locality: 087 HENRICO COUNTY,0315,315 - TUCKER,"4,027",408,"4,435",54,7,3,94,"229,178","11,129","240,307","2,095",498,405,133,"5,718,318","373,799","6,092,117","107,632","20,039","9,168","2,544"
Locality: 087 HENRICO COUNTY,0401,401 - CRESTVIEW,"2,598",160,"2,758",27,6,11,94,"229,178","11,129","240,307","2,095",498,405,133,"5,718,318","373,799","6,092,117","107,632","20,039","9,168","2,544"
Locality: 087 HENRICO COUNTY,0402,402 - DERBYSHIRE,"1,947",63,"2,010",11,8,1,94,"229,178","11,129","240,307","2,095",498,405,133,"5,718,318","373,799","6,092,117","107,632","20,039","9,168","2,544"
Locality: 087 HENRICO COUNTY,0403,403 - FREEMAN,"2,317",137,"2,454",12,8,10,94,"229,178","11,129","240,307","2,095",498,405,133,"5,718,318","373,799","6,092,117","107,632","20,039","9,168","2,544"
Locality: 087 HENRICO COUNTY,0404,404 - GAYTON,"3,249",107,"3,356",29,20,3,94,"229,178","11,129","240,307","2,095",498,405,133,"5,718,318","373,799","6,092,117","107,632","20,039","9,168","2,544"
Locality: 087 HENRICO COUNTY,0405,405 - GODWIN,"2,360",96,"2,456",14,8,7,94,"229,178","11,129","240,307","2,095",498,405,133,"5,718,318","373,799","6,092,117","107,632","20,039","9,168","2,544"
Locality: 087 HENRICO COUNTY,0406,406 - LAKEWOOD,"2,216",106,"2,322",17,4,3,94,"229,178","11,129","240,307","2,095",498,405,133,"5,718,318","373,799","6,092,117","107,632","20,039","9,168","2,544"
Locality: 087 HENRICO COUNTY,0407,407 - LAUDERDALE,"2,767",151,"2,918",31,,4,94,"229,178","11,129","240,307","2,095",498,405,133,"5,718,318","373,799","6,092,117","107,632","20,039","9,168","2,544"
Locality: 087 HENRICO COUNTY,0408,408 - MAYBEURY,"2,558",126,"2,684",27,12,4,94,"229,178","11,129","240,307","2,095",498,405,133,"5,718,318","373,799","6,092,117","107,632","20,039","9,168","2,544"
Locality: 087 HENRICO COUNTY,0409,409 - MOORELAND,"1,734",61,"1,795",7,15,5,94,"229,178","11,129","240,307","2,095",498,405,133,"5,718,318","373,799","6,092,117","107,632","20,039","9,168","2,544"
Locality: 087 HENRICO COUNTY,0410,410 - PEMBERTON,"2,774",155,"2,929",50,5,8,94,"229,178","11,129","240,307","2,095",498,405,133,"5,718,318","373,799","6,092,117","107,632","20,039","9,168","2,544"
Locality: 087 HENRICO COUNTY,0411,411 - PINCHBECK,"3,262",201,"3,463",43,2,8,94,"229,178","11,129","240,307","2,095",498,405,133,"5,718,318","373,799","6,092,117","107,632","20,039","9,168","2,544"
Locality: 087 HENRICO COUNTY,0412,412 - QUIOCCASIN ,"3,049",136,"3,185",28,11,14,94,"229,178","11,129","240,307","2,095",498,405,133,"5,718,318","373,799","6,092,117","107,632","20,039","9,168","2,544"
Locality: 087 HENRICO COUNTY,0413,413 - RIDGEFIELD,"3,327",138,"3,465",27,8,14,94,"229,178","11,129","240,307","2,095",498,405,133,"5,718,318","373,799","6,092,117","107,632","20,039","9,168","2,544"
Locality: 087 HENRICO COUNTY,0414,414 - ROLLINGWOOD,"1,914",46,"1,960",13,13,7,94,"229,178","11,129","240,307","2,095",498,405,133,"5,718,318","373,799","6,092,117","107,632","20,039","9,168","2,544"
Locality: 087 HENRICO COUNTY,0415,415 - SKIPWITH,"1,711",98,"1,809",22,4,3,94,"229,178","11,129","240,307","2,095",498,405,133,"5,718,318","373,799","6,092,117","107,632","20,039","9,168","2,544"
Locality: 087 HENRICO COUNTY,0416,416 - SPOTTSWOOD,"1,115",34,"1,149",6,2,4,94,"229,178","11,129","240,307","2,095",498,405,133,"5,718,318","373,799","6,092,117","107,632","20,039","9,168","2,544"
Locality: 087 HENRICO COUNTY,0417,417 - TUCKAHOE,"3,774",120,"3,894",18,25,28,94,"229,178","11,129","240,307","2,095",498,405,133,"5,718,318","373,799","6,092,117","107,632","20,039","9,168","2,544"
Locality: 087 HENRICO COUNTY,0418,418 - WELBORNE,"2,192",192,"2,384",18,7,3,94,"229,178","11,129","240,307","2,095",498,405,133,"5,718,318","373,799","6,092,117","107,632","20,039","9,168","2,544"
Locality: 087 HENRICO COUNTY,0419,419 - WEST END,"2,699",125,"2,824",16,10,5,94,"229,178","11,129","240,307","2,095",498,405,133,"5,718,318","373,799","6,092,117","107,632","20,039","9,168","2,544"
Locality: 087 HENRICO COUNTY,0501,501 - ADAMS,"2,698",88,"2,786",21,4,,94,"229,178","11,129","240,307","2,095",498,405,133,"5,718,318","373,799","6,092,117","107,632","20,039","9,168","2,544"
Locality: 087 HENRICO COUNTY,0502,502 - ANTIOCH,"1,951",52,"2,003",14,,2,94,"229,178","11,129","240,307","2,095",498,405,133,"5,718,318","373,799","6,092,117","107,632","20,039","9,168","2,544"
Locality: 087 HENRICO COUNTY,0503,503 - CEDAR FORK,"2,030",76,"2,106",17,1,2,94,"229,178","11,129","240,307","2,095",498,405,133,"5,718,318","373,799","6,092,117","107,632","20,039","9,168","2,544"
Locality: 087 HENRICO COUNTY,0504,504 - CHICKAHOMINY,"2,668",74,"2,742",21,1,,94,"229,178","11,129","240,307","2,095",498,405,133,"5,718,318","373,799","6,092,117","107,632","20,039","9,168","2,544"
Locality: 087 HENRICO COUNTY,0505,505 - DONAHOE,"2,048",77,"2,125",24,1,,94,"229,178","11,129","240,307","2,095",498,405,133,"5,718,318","373,799","6,092,117","107,632","20,039","9,168","2,544"
Locality: 087 HENRICO COUNTY,0506,506 - DOREY,"3,038",108,"3,146",39,5,1,94,"229,178","11,129","240,307","2,095",498,405,133,"5,718,318","373,799","6,092,117","107,632","20,039","9,168","2,544"
Locality: 087 HENRICO COUNTY,0507,507 - EANES,"3,463",178,"3,641",37,8,4,94,"229,178","11,129","240,307","2,095",498,405,133,"5,718,318","373,799","6,092,117","107,632","20,039","9,168","2,544"
Locality: 087 HENRICO COUNTY,0508,508 - ELKO,744,23,767,7,,1,94,"229,178","11,129","240,307","2,095",498,405,133,"5,718,318","373,799","6,092,117","107,632","20,039","9,168","2,544"
Locality: 087 HENRICO COUNTY,0509,509 - HIGHLAND SPRINGS,"2,467",120,"2,587",24,2,,94,"229,178","11,129","240,307","2,095",498,405,133,"5,718,318","373,799","6,092,117","107,632","20,039","9,168","2,544"
Locality: 087 HENRICO COUNTY,0510,510 - LABURNUM,"2,553",151,"2,704",23,,1,94,"229,178","11,129","240,307","2,095",498,405,133,"5,718,318","373,799","6,092,117","107,632","20,039","9,168","2,544"
Locality: 087 HENRICO COUNTY,0511,511 - MEHFOUD,"2,243",80,"2,323",35,2,2,94,"229,178","11,129","240,307","2,095",498,405,133,"5,718,318","373,799","6,092,117","107,632","20,039","9,168","2,544"
Locality: 087 HENRICO COUNTY,0512,512 - MONTROSE,"2,969",147,"3,116",27,1,2,94,"229,178","11,129","240,307","2,095",498,405,133,"5,718,318","373,799","6,092,117","107,632","20,039","9,168","2,544"
Locality: 087 HENRICO COUNTY,0513,513 - NINE MILE,"1,437",75,"1,512",13,3,1,94,"229,178","11,129","240,307","2,095",498,405,133,"5,718,318","373,799","6,092,117","107,632","20,039","9,168","2,544"
Locality: 087 HENRICO COUNTY,0514,514 - PLEASANTS,"3,652",198,"3,850",30,1,,94,"229,178","11,129","240,307","2,095",498,405,133,"5,718,318","373,799","6,092,117","107,632","20,039","9,168","2,544"
Locality: 087 HENRICO COUNTY,0515,515 - ROLFE,"3,595",156,"3,751",47,5,1,94,"229,178","11,129","240,307","2,095",498,405,133,"5,718,318","373,799","6,092,117","107,632","20,039","9,168","2,544"
Locality: 087 HENRICO COUNTY,0516,516 - SANDSTON,"2,305",107,"2,412",26,,2,94,"229,178","11,129","240,307","2,095",498,405,133,"5,718,318","373,799","6,092,117","107,632","20,039","9,168","2,544"
Locality: 087 HENRICO COUNTY,0517,517 - SULLIVANS,"3,605",163,"3,768",30,2,1,94,"229,178","11,129","240,307","2,095",498,405,133,"5,718,318","373,799","6,092,117","107,632","20,039","9,168","2,544"
Locality: 087 HENRICO COUNTY,0518,518 - TOWN HALL,"1,012",33,"1,045",9,1,1,94,"229,178","11,129","240,307","2,095",498,405,133,"5,718,318","373,799","6,092,117","107,632","20,039","9,168","2,544"
Locality: 087 HENRICO COUNTY,0519,519 - WHITLOCKS,"2,276",73,"2,349",28,4,,94,"229,178","11,129","240,307","2,095",498,405,133,"5,718,318","373,799","6,092,117","107,632","20,039","9,168","2,544"
Locality: 089 HENRY COUNTY,0101,101 - BASSETT #2,868,60,928,8,1,,24,"34,988","1,352","36,340",298,19,13,133,"5,718,318","373,799","6,092,117","107,632","20,039","9,168","2,544"
Locality: 089 HENRY COUNTY,0102,102 - GUNVILLE,"1,672",62,"1,734",12,,,24,"34,988","1,352","36,340",298,19,13,133,"5,718,318","373,799","6,092,117","107,632","20,039","9,168","2,544"
Locality: 089 HENRY COUNTY,0103,103 - SCOTT'S TANYARD,"2,849",79,"2,928",21,,,24,"34,988","1,352","36,340",298,19,13,133,"5,718,318","373,799","6,092,117","107,632","20,039","9,168","2,544"
Locality: 089 HENRY COUNTY,0201,201 - FIELDALE,"1,021",23,"1,044",13,1,,24,"34,988","1,352","36,340",298,19,13,133,"5,718,318","373,799","6,092,117","107,632","20,039","9,168","2,544"
Locality: 089 HENRY COUNTY,0202,202 - HORSEPASTURE #1,"1,700",60,"1,760",17,1,,24,"34,988","1,352","36,340",298,19,13,133,"5,718,318","373,799","6,092,117","107,632","20,039","9,168","2,544"
Locality: 089 HENRY COUNTY,0203,203-HORSEPASTURE #2,"1,505",46,"1,551",9,1,,24,"34,988","1,352","36,340",298,19,13,133,"5,718,318","373,799","6,092,117","107,632","20,039","9,168","2,544"
Locality: 089 HENRY COUNTY,0204,204 - SPENCER,"1,623",30,"1,653",13,1,,24,"34,988","1,352","36,340",298,19,13,133,"5,718,318","373,799","6,092,117","107,632","20,039","9,168","2,544"
Locality: 089 HENRY COUNTY,0302,302 - AXTON,"1,140",23,"1,163",9,,,24,"34,988","1,352","36,340",298,19,13,133,"5,718,318","373,799","6,092,117","107,632","20,039","9,168","2,544"
Locality: 089 HENRY COUNTY,0303,303 - IRISBURG,"2,159",59,"2,218",22,,2,24,"34,988","1,352","36,340",298,19,13,133,"5,718,318","373,799","6,092,117","107,632","20,039","9,168","2,544"
Locality: 089 HENRY COUNTY,0305,305 - MOUNTAIN VALLEY,"1,015",35,"1,050",6,,,24,"34,988","1,352","36,340",298,19,13,133,"5,718,318","373,799","6,092,117","107,632","20,039","9,168","2,544"
Locality: 089 HENRY COUNTY,0401,401 - COLLINSVILLE #1,"1,156",43,"1,199",6,,,24,"34,988","1,352","36,340",298,19,13,133,"5,718,318","373,799","6,092,117","107,632","20,039","9,168","2,544"
Locality: 089 HENRY COUNTY,0402,402 - DANIELS CREEK,"1,396",81,"1,477",11,,1,24,"34,988","1,352","36,340",298,19,13,133,"5,718,318","373,799","6,092,117","107,632","20,039","9,168","2,544"
Locality: 089 HENRY COUNTY,0404,404 - COLLINSVILLE #2,"2,147",106,"2,253",8,5,1,24,"34,988","1,352","36,340",298,19,13,133,"5,718,318","373,799","6,092,117","107,632","20,039","9,168","2,544"
Locality: 089 HENRY COUNTY,0405,405 - MOUNTAIN VIEW,824,41,865,5,,3,24,"34,988","1,352","36,340",298,19,13,133,"5,718,318","373,799","6,092,117","107,632","20,039","9,168","2,544"
Locality: 089 HENRY COUNTY,0501,501 - BASSETT #1,979,48,"1,027",8,1,1,24,"34,988","1,352","36,340",298,19,13,133,"5,718,318","373,799","6,092,117","107,632","20,039","9,168","2,544"
Locality: 089 HENRY COUNTY,0502,502 - FIGSBORO,"1,255",36,"1,291",15,1,,24,"34,988","1,352","36,340",298,19,13,133,"5,718,318","373,799","6,092,117","107,632","20,039","9,168","2,544"
Locality: 089 HENRY COUNTY,0503,503 - STANLEYTOWN,"2,086",86,"2,172",31,2,1,24,"34,988","1,352","36,340",298,19,13,133,"5,718,318","373,799","6,092,117","107,632","20,039","9,168","2,544"
Locality: 089 HENRY COUNTY,0504,504 - OAK LEVEL,655,19,674,4,,,24,"34,988","1,352","36,340",298,19,13,133,"5,718,318","373,799","6,092,117","107,632","20,039","9,168","2,544"
Locality: 089 HENRY COUNTY,0505,505 - DYERS STORE,"1,037",32,"1,069",10,,,24,"34,988","1,352","36,340",298,19,13,133,"5,718,318","373,799","6,092,117","107,632","20,039","9,168","2,544"
Locality: 089 HENRY COUNTY,0601,601 - FONTAINE,"1,840",91,"1,931",15,1,2,24,"34,988","1,352","36,340",298,19,13,133,"5,718,318","373,799","6,092,117","107,632","20,039","9,168","2,544"
Locality: 089 HENRY COUNTY,0602,602 - HILLCREST,555,44,599,5,,,24,"34,988","1,352","36,340",298,19,13,133,"5,718,318","373,799","6,092,117","107,632","20,039","9,168","2,544"
Locality: 089 HENRY COUNTY,0603,603 - RIDGEWAY #1,"2,014",117,"2,131",23,2,1,24,"34,988","1,352","36,340",298,19,13,133,"5,718,318","373,799","6,092,117","107,632","20,039","9,168","2,544"
Locality: 089 HENRY COUNTY,0604,604 - RIDGEWAY #2,"1,431",75,"1,506",13,,,24,"34,988","1,352","36,340",298,19,13,133,"5,718,318","373,799","6,092,117","107,632","20,039","9,168","2,544"
Locality: 089 HENRY COUNTY,304,304 - MOUNT OLIVET,"2,061",56,"2,117",14,2,1,24,"34,988","1,352","36,340",298,19,13,133,"5,718,318","373,799","6,092,117","107,632","20,039","9,168","2,544"
Locality: 091 HIGHLAND COUNTY,0001,001 - MONTEREY,599,35,634,2,,,5,"1,823",75,"1,898",10,4,,133,"5,718,318","373,799","6,092,117","107,632","20,039","9,168","2,544"
Locality: 091 HIGHLAND COUNTY,0003,003 - WILSONS MILL,140,6,146,,2,,5,"1,823",75,"1,898",10,4,,133,"5,718,318","373,799","6,092,117","107,632","20,039","9,168","2,544"
Locality: 091 HIGHLAND COUNTY,0005,005 - BLUE GRASS,361,13,374,3,,,5,"1,823",75,"1,898",10,4,,133,"5,718,318","373,799","6,092,117","107,632","20,039","9,168","2,544"
Locality: 091 HIGHLAND COUNTY,0007,007 - MILL GAP,203,5,208,2,,,5,"1,823",75,"1,898",10,4,,133,"5,718,318","373,799","6,092,117","107,632","20,039","9,168","2,544"
Locality: 091 HIGHLAND COUNTY,0008,008 - MCDOWELL,520,16,536,3,2,,5,"1,823",75,"1,898",10,4,,133,"5,718,318","373,799","6,092,117","107,632","20,039","9,168","2,544"
Locality: 093 ISLE OF WIGHT COUNTY,0101,101 - PAGAN RIVER,"3,046",90,"3,136",88,6,7,17,"29,758","1,246","31,004",901,49,25,133,"5,718,318","373,799","6,092,117","107,632","20,039","9,168","2,544"
Locality: 093 ISLE OF WIGHT COUNTY,0102,102 - CYPRESS CREEK A,"2,909",156,"3,065",100,6,3,17,"29,758","1,246","31,004",901,49,25,133,"5,718,318","373,799","6,092,117","107,632","20,039","9,168","2,544"
Locality: 093 ISLE OF WIGHT COUNTY,0103,103 - CYPRESS CREEK B,182,3,185,4,1,,17,"29,758","1,246","31,004",901,49,25,133,"5,718,318","373,799","6,092,117","107,632","20,039","9,168","2,544"
Locality: 093 ISLE OF WIGHT COUNTY,0201,201 - BARTLETT,"2,939",223,"3,162",176,8,1,17,"29,758","1,246","31,004",901,49,25,133,"5,718,318","373,799","6,092,117","107,632","20,039","9,168","2,544"
Locality: 093 ISLE OF WIGHT COUNTY,0202,202 - NIKE PARK A,"2,660",129,"2,789",94,2,2,17,"29,758","1,246","31,004",901,49,25,133,"5,718,318","373,799","6,092,117","107,632","20,039","9,168","2,544"
Locality: 093 ISLE OF WIGHT COUNTY,0203,203 - NIKE PARK B,285,19,304,4,5,,17,"29,758","1,246","31,004",901,49,25,133,"5,718,318","373,799","6,092,117","107,632","20,039","9,168","2,544"
Locality: 093 ISLE OF WIGHT COUNTY,0301,301 - RUSHMERE,"1,659",54,"1,713",25,,4,17,"29,758","1,246","31,004",901,49,25,133,"5,718,318","373,799","6,092,117","107,632","20,039","9,168","2,544"
Locality: 093 ISLE OF WIGHT COUNTY,0302,302 - PONS,"2,577",76,"2,653",54,1,3,17,"29,758","1,246","31,004",901,49,25,133,"5,718,318","373,799","6,092,117","107,632","20,039","9,168","2,544"
Locality: 093 ISLE OF WIGHT COUNTY,0303,303 - BENNS CHURCH,"1,278",41,"1,319",82,,,17,"29,758","1,246","31,004",901,49,25,133,"5,718,318","373,799","6,092,117","107,632","20,039","9,168","2,544"
Locality: 093 ISLE OF WIGHT COUNTY,0304,304 - NEW TOWNE,491,43,534,18,,1,17,"29,758","1,246","31,004",901,49,25,133,"5,718,318","373,799","6,092,117","107,632","20,039","9,168","2,544"
Locality: 093 ISLE OF WIGHT COUNTY,0401,401 - BOWLING GREEN,"1,622",31,"1,653",27,4,2,17,"29,758","1,246","31,004",901,49,25,133,"5,718,318","373,799","6,092,117","107,632","20,039","9,168","2,544"
Locality: 093 ISLE OF WIGHT COUNTY,0402,402 - WINDSOR,"2,598",100,"2,698",59,,,17,"29,758","1,246","31,004",901,49,25,133,"5,718,318","373,799","6,092,117","107,632","20,039","9,168","2,544"
Locality: 093 ISLE OF WIGHT COUNTY,0403,403 - CEDAR GROVE,"1,691",69,"1,760",59,8,,17,"29,758","1,246","31,004",901,49,25,133,"5,718,318","373,799","6,092,117","107,632","20,039","9,168","2,544"
Locality: 093 ISLE OF WIGHT COUNTY,0501,501 - WALTERS,"1,167",34,"1,201",18,1,,17,"29,758","1,246","31,004",901,49,25,133,"5,718,318","373,799","6,092,117","107,632","20,039","9,168","2,544"
Locality: 093 ISLE OF WIGHT COUNTY,0502,502 - BEAVER DAM,"1,422",73,"1,495",22,4,,17,"29,758","1,246","31,004",901,49,25,133,"5,718,318","373,799","6,092,117","107,632","20,039","9,168","2,544"
Locality: 093 ISLE OF WIGHT COUNTY,0503,503 - FIRE TOWER,"1,928",77,"2,005",41,3,1,17,"29,758","1,246","31,004",901,49,25,133,"5,718,318","373,799","6,092,117","107,632","20,039","9,168","2,544"
Locality: 093 ISLE OF WIGHT COUNTY,0504,504 - BETHANY CHURCH,"1,304",28,"1,332",30,,1,17,"29,758","1,246","31,004",901,49,25,133,"5,718,318","373,799","6,092,117","107,632","20,039","9,168","2,544"
Locality: 095 JAMES CITY COUNTY,0101,101 - BERKELEY A,"4,489",229,"4,718",103,15,8,18,"60,635","3,229","63,864","1,354",181,108,133,"5,718,318","373,799","6,092,117","107,632","20,039","9,168","2,544"
Locality: 095 JAMES CITY COUNTY,0102,102 - BERKELEY B,"3,044",161,"3,205",51,6,8,18,"60,635","3,229","63,864","1,354",181,108,133,"5,718,318","373,799","6,092,117","107,632","20,039","9,168","2,544"
Locality: 095 JAMES CITY COUNTY,0103,103 - BERKELEY C,"3,040",127,"3,167",48,6,4,18,"60,635","3,229","63,864","1,354",181,108,133,"5,718,318","373,799","6,092,117","107,632","20,039","9,168","2,544"
Locality: 095 JAMES CITY COUNTY,0104,104- BERKELEY D,"1,321",81,"1,402",29,5,3,18,"60,635","3,229","63,864","1,354",181,108,133,"5,718,318","373,799","6,092,117","107,632","20,039","9,168","2,544"
Locality: 095 JAMES CITY COUNTY,0201,201 - JAMESTOWN A,"2,172",140,"2,312",40,6,7,18,"60,635","3,229","63,864","1,354",181,108,133,"5,718,318","373,799","6,092,117","107,632","20,039","9,168","2,544"
Locality: 095 JAMES CITY COUNTY,0202,202 - JAMESTOWN B,"3,094",299,"3,393",58,8,4,18,"60,635","3,229","63,864","1,354",181,108,133,"5,718,318","373,799","6,092,117","107,632","20,039","9,168","2,544"
Locality: 095 JAMES CITY COUNTY,0203,203 - JAMESTOWN C,"2,983",218,"3,201",83,12,6,18,"60,635","3,229","63,864","1,354",181,108,133,"5,718,318","373,799","6,092,117","107,632","20,039","9,168","2,544"
Locality: 095 JAMES CITY COUNTY,0204,204 - JAMESTOWN D,"3,833",165,"3,998",66,12,11,18,"60,635","3,229","63,864","1,354",181,108,133,"5,718,318","373,799","6,092,117","107,632","20,039","9,168","2,544"
Locality: 095 JAMES CITY COUNTY,0301,301 - POWHATAN A,"4,083",182,"4,265",97,16,9,18,"60,635","3,229","63,864","1,354",181,108,133,"5,718,318","373,799","6,092,117","107,632","20,039","9,168","2,544"
Locality: 095 JAMES CITY COUNTY,0302,302 - POWHATAN B,"1,403",75,"1,478",50,1,,18,"60,635","3,229","63,864","1,354",181,108,133,"5,718,318","373,799","6,092,117","107,632","20,039","9,168","2,544"
Locality: 095 JAMES CITY COUNTY,0303,303 - POWHATAN C,"3,131",103,"3,234",48,2,1,18,"60,635","3,229","63,864","1,354",181,108,133,"5,718,318","373,799","6,092,117","107,632","20,039","9,168","2,544"
Locality: 095 JAMES CITY COUNTY,0304,304 - POWHATAN D,"3,768",269,"4,037",100,7,4,18,"60,635","3,229","63,864","1,354",181,108,133,"5,718,318","373,799","6,092,117","107,632","20,039","9,168","2,544"
Locality: 095 JAMES CITY COUNTY,0401,401 - STONEHOUSE A,"4,261",229,"4,490",132,11,2,18,"60,635","3,229","63,864","1,354",181,108,133,"5,718,318","373,799","6,092,117","107,632","20,039","9,168","2,544"
Locality: 095 JAMES CITY COUNTY,0402,402 - STONEHOUSE B,"4,896",211,"5,107",96,9,4,18,"60,635","3,229","63,864","1,354",181,108,133,"5,718,318","373,799","6,092,117","107,632","20,039","9,168","2,544"
Locality: 095 JAMES CITY COUNTY,0403,403 - STONEHOUSE C,"3,907",117,"4,024",124,14,4,18,"60,635","3,229","63,864","1,354",181,108,133,"5,718,318","373,799","6,092,117","107,632","20,039","9,168","2,544"
Locality: 095 JAMES CITY COUNTY,0501,501 - ROBERTS A,"2,025",159,"2,184",46,3,1,18,"60,635","3,229","63,864","1,354",181,108,133,"5,718,318","373,799","6,092,117","107,632","20,039","9,168","2,544"
Locality: 095 JAMES CITY COUNTY,0502,502 - ROBERTS B,"4,738",237,"4,975",85,27,21,18,"60,635","3,229","63,864","1,354",181,108,133,"5,718,318","373,799","6,092,117","107,632","20,039","9,168","2,544"
Locality: 095 JAMES CITY COUNTY,0503,503 - ROBERTS C,"4,447",227,"4,674",98,21,11,18,"60,635","3,229","63,864","1,354",181,108,133,"5,718,318","373,799","6,092,117","107,632","20,039","9,168","2,544"
Locality: 097 KING & QUEEN COUNTY,0101,101 - OWENTON,"1,119",26,"1,145",3,,,5,"5,200",166,"5,366",30,3,1,133,"5,718,318","373,799","6,092,117","107,632","20,039","9,168","2,544"
Locality: 097 KING & QUEEN COUNTY,0201,201 - CLARKS,953,28,981,6,1,,5,"5,200",166,"5,366",30,3,1,133,"5,718,318","373,799","6,092,117","107,632","20,039","9,168","2,544"
Locality: 097 KING & QUEEN COUNTY,0301,301 - SHACKLEFORDS,"1,042",41,"1,083",8,1,,5,"5,200",166,"5,366",30,3,1,133,"5,718,318","373,799","6,092,117","107,632","20,039","9,168","2,544"
Locality: 097 KING & QUEEN COUNTY,0401,401 - COURTHOUSE,"1,063",36,"1,099",9,1,1,5,"5,200",166,"5,366",30,3,1,133,"5,718,318","373,799","6,092,117","107,632","20,039","9,168","2,544"
Locality: 097 KING & QUEEN COUNTY,0501,501 - OLDMILL,"1,023",35,"1,058",4,,,5,"5,200",166,"5,366",30,3,1,133,"5,718,318","373,799","6,092,117","107,632","20,039","9,168","2,544"
Locality: 099 KING GEORGE COUNTY,0101,101 - COURTHOUSE,"2,675",162,"2,837",73,8,1,5,"18,329","1,222","19,551",529,29,15,133,"5,718,318","373,799","6,092,117","107,632","20,039","9,168","2,544"
Locality: 099 KING GEORGE COUNTY,0102,102 - PASSAPATANZY,"2,032",118,"2,150",40,3,1,5,"18,329","1,222","19,551",529,29,15,133,"5,718,318","373,799","6,092,117","107,632","20,039","9,168","2,544"
Locality: 099 KING GEORGE COUNTY,0201,201 - MONROE,"4,902",269,"5,171",148,7,10,5,"18,329","1,222","19,551",529,29,15,133,"5,718,318","373,799","6,092,117","107,632","20,039","9,168","2,544"
Locality: 099 KING GEORGE COUNTY,0301,301 - DAHLGREN,"4,152",362,"4,514",174,6,1,5,"18,329","1,222","19,551",529,29,15,133,"5,718,318","373,799","6,092,117","107,632","20,039","9,168","2,544"
Locality: 099 KING GEORGE COUNTY,0401,401 - SHILOH,"4,568",311,"4,879",94,5,2,5,"18,329","1,222","19,551",529,29,15,133,"5,718,318","373,799","6,092,117","107,632","20,039","9,168","2,544"
Locality: 101 KING WILLIAM COUNTY,0101,101 - WEST POINT,"2,341",120,"2,461",34,1,3,6,"13,443",443,"13,886",132,5,7,133,"5,718,318","373,799","6,092,117","107,632","20,039","9,168","2,544"
Locality: 101 KING WILLIAM COUNTY,0201,201 - SWEET HALL,912,33,945,10,,,6,"13,443",443,"13,886",132,5,7,133,"5,718,318","373,799","6,092,117","107,632","20,039","9,168","2,544"
Locality: 101 KING WILLIAM COUNTY,0202,202 - COURTHOUSE,"2,023",58,"2,081",22,1,1,6,"13,443",443,"13,886",132,5,7,133,"5,718,318","373,799","6,092,117","107,632","20,039","9,168","2,544"
Locality: 101 KING WILLIAM COUNTY,0301,301 - AYLETT,"2,662",84,"2,746",18,,2,6,"13,443",443,"13,886",132,5,7,133,"5,718,318","373,799","6,092,117","107,632","20,039","9,168","2,544"
Locality: 101 KING WILLIAM COUNTY,0401,401 - MANQUIN,"2,624",72,"2,696",26,2,1,6,"13,443",443,"13,886",132,5,7,133,"5,718,318","373,799","6,092,117","107,632","20,039","9,168","2,544"
Locality: 101 KING WILLIAM COUNTY,0501,501 - MANGOHICK,"2,881",76,"2,957",22,1,,6,"13,443",443,"13,886",132,5,7,133,"5,718,318","373,799","6,092,117","107,632","20,039","9,168","2,544"
Locality: 103 LANCASTER COUNTY,0101,101 - PRECINCT 1-1,"1,761",65,"1,826",9,3,1,6,"8,932",307,"9,239",50,14,20,133,"5,718,318","373,799","6,092,117","107,632","20,039","9,168","2,544"
Locality: 103 LANCASTER COUNTY,0201,201 - PRECINCT 2-1,"1,657",61,"1,718",11,2,1,6,"8,932",307,"9,239",50,14,20,133,"5,718,318","373,799","6,092,117","107,632","20,039","9,168","2,544"
Locality: 103 LANCASTER COUNTY,0301,301 - PRECINCT 3-1,"1,383",33,"1,416",12,1,2,6,"8,932",307,"9,239",50,14,20,133,"5,718,318","373,799","6,092,117","107,632","20,039","9,168","2,544"
Locality: 103 LANCASTER COUNTY,0302,302 - PRECINCT 3-2,604,20,624,1,1,3,6,"8,932",307,"9,239",50,14,20,133,"5,718,318","373,799","6,092,117","107,632","20,039","9,168","2,544"
Locality: 103 LANCASTER COUNTY,0401,401 - PRECINCT 4-1,"1,613",64,"1,677",9,3,1,6,"8,932",307,"9,239",50,14,20,133,"5,718,318","373,799","6,092,117","107,632","20,039","9,168","2,544"
Locality: 103 LANCASTER COUNTY,0501,501 - PRECINCT 5-1,"1,914",64,"1,978",8,4,12,6,"8,932",307,"9,239",50,14,20,133,"5,718,318","373,799","6,092,117","107,632","20,039","9,168","2,544"
Locality: 105 LEE COUNTY,0101,101 - ELYDALE,831,46,877,6,1,,16,"15,002",576,"15,578",82,4,4,133,"5,718,318","373,799","6,092,117","107,632","20,039","9,168","2,544"
Locality: 105 LEE COUNTY,0102,102 - EWING,833,38,871,7,1,,16,"15,002",576,"15,578",82,4,4,133,"5,718,318","373,799","6,092,117","107,632","20,039","9,168","2,544"
Locality: 105 LEE COUNTY,0103,103 - ROSE HILL,"1,488",78,"1,566",4,,,16,"15,002",576,"15,578",82,4,4,133,"5,718,318","373,799","6,092,117","107,632","20,039","9,168","2,544"
Locality: 105 LEE COUNTY,0201,201 - BLACKWATER,290,14,304,2,,,16,"15,002",576,"15,578",82,4,4,133,"5,718,318","373,799","6,092,117","107,632","20,039","9,168","2,544"
Locality: 105 LEE COUNTY,0202,202 - FLATWOODS,"1,074",37,"1,111",5,,,16,"15,002",576,"15,578",82,4,4,133,"5,718,318","373,799","6,092,117","107,632","20,039","9,168","2,544"
Locality: 105 LEE COUNTY,0203,203 - JONESVILLE,"1,754",73,"1,827",10,,2,16,"15,002",576,"15,578",82,4,4,133,"5,718,318","373,799","6,092,117","107,632","20,039","9,168","2,544"
Locality: 105 LEE COUNTY,0301,301 - BEN HUR,"1,842",56,"1,898",11,1,,16,"15,002",576,"15,578",82,4,4,133,"5,718,318","373,799","6,092,117","107,632","20,039","9,168","2,544"
Locality: 105 LEE COUNTY,0302,302 - WOODWAY,"1,172",44,"1,216",6,,1,16,"15,002",576,"15,578",82,4,4,133,"5,718,318","373,799","6,092,117","107,632","20,039","9,168","2,544"
Locality: 105 LEE COUNTY,0401,401 - STICKLEYVILLE,665,20,685,2,,,16,"15,002",576,"15,578",82,4,4,133,"5,718,318","373,799","6,092,117","107,632","20,039","9,168","2,544"
Locality: 105 LEE COUNTY,0402,402 - JASPER,507,21,528,3,1,,16,"15,002",576,"15,578",82,4,4,133,"5,718,318","373,799","6,092,117","107,632","20,039","9,168","2,544"
Locality: 105 LEE COUNTY,0403,403 - SEMINARY,628,20,648,4,,,16,"15,002",576,"15,578",82,4,4,133,"5,718,318","373,799","6,092,117","107,632","20,039","9,168","2,544"
Locality: 105 LEE COUNTY,0404,404 - DRYDEN,"1,262",32,"1,294",8,,1,16,"15,002",576,"15,578",82,4,4,133,"5,718,318","373,799","6,092,117","107,632","20,039","9,168","2,544"
Locality: 105 LEE COUNTY,0501,501 - SAINT CHARLES,708,25,733,5,,,16,"15,002",576,"15,578",82,4,4,133,"5,718,318","373,799","6,092,117","107,632","20,039","9,168","2,544"
Locality: 105 LEE COUNTY,0502,502 - PENNINGTON,"1,490",54,"1,544",7,,,16,"15,002",576,"15,578",82,4,4,133,"5,718,318","373,799","6,092,117","107,632","20,039","9,168","2,544"
Locality: 105 LEE COUNTY,0503,503 - ROBBINS CHAPEL,187,9,196,1,,,16,"15,002",576,"15,578",82,4,4,133,"5,718,318","373,799","6,092,117","107,632","20,039","9,168","2,544"
Locality: 105 LEE COUNTY,0504,504 - KEOKEE,271,9,280,1,,,16,"15,002",576,"15,578",82,4,4,133,"5,718,318","373,799","6,092,117","107,632","20,039","9,168","2,544"
Locality: 107 LOUDOUN COUNTY,0107,107 - LITTLE RIVER,"3,082",154,"3,236",33,17,5,98,"274,437","16,479","290,916","2,643","1,821",638,133,"5,718,318","373,799","6,092,117","107,632","20,039","9,168","2,544"
Locality: 107 LOUDOUN COUNTY,0108,108 - MERCER,"2,880",162,"3,042",41,5,3,98,"274,437","16,479","290,916","2,643","1,821",638,133,"5,718,318","373,799","6,092,117","107,632","20,039","9,168","2,544"
Locality: 107 LOUDOUN COUNTY,0112,112 - FREEDOM,"2,557",135,"2,692",29,13,7,98,"274,437","16,479","290,916","2,643","1,821",638,133,"5,718,318","373,799","6,092,117","107,632","20,039","9,168","2,544"
Locality: 107 LOUDOUN COUNTY,0114,114 - DULLES SOUTH,"3,151",148,"3,299",38,14,4,98,"274,437","16,479","290,916","2,643","1,821",638,133,"5,718,318","373,799","6,092,117","107,632","20,039","9,168","2,544"
Locality: 107 LOUDOUN COUNTY,0117,117 - CARTER,"1,569",167,"1,736",19,6,12,98,"274,437","16,479","290,916","2,643","1,821",638,133,"5,718,318","373,799","6,092,117","107,632","20,039","9,168","2,544"
Locality: 107 LOUDOUN COUNTY,0118,118 - MOOREFIELD,"3,577",280,"3,857",45,22,6,98,"274,437","16,479","290,916","2,643","1,821",638,133,"5,718,318","373,799","6,092,117","107,632","20,039","9,168","2,544"
Locality: 107 LOUDOUN COUNTY,0119,119 - ARCOLA,"2,617",171,"2,788",31,16,3,98,"274,437","16,479","290,916","2,643","1,821",638,133,"5,718,318","373,799","6,092,117","107,632","20,039","9,168","2,544"
Locality: 107 LOUDOUN COUNTY,0120,120 - LUNSFORD,"3,636",162,"3,798",36,19,2,98,"274,437","16,479","290,916","2,643","1,821",638,133,"5,718,318","373,799","6,092,117","107,632","20,039","9,168","2,544"
Locality: 107 LOUDOUN COUNTY,0121,121 - TOWN HALL,"1,866",137,"2,003",17,10,3,98,"274,437","16,479","290,916","2,643","1,821",638,133,"5,718,318","373,799","6,092,117","107,632","20,039","9,168","2,544"
Locality: 107 LOUDOUN COUNTY,0122,122 - HUTCHISON FARM,"3,424",171,"3,595",16,21,12,98,"274,437","16,479","290,916","2,643","1,821",638,133,"5,718,318","373,799","6,092,117","107,632","20,039","9,168","2,544"
Locality: 107 LOUDOUN COUNTY,0123,123 - CARDINAL RIDGE,"1,784",83,"1,867",20,6,4,98,"274,437","16,479","290,916","2,643","1,821",638,133,"5,718,318","373,799","6,092,117","107,632","20,039","9,168","2,544"
Locality: 107 LOUDOUN COUNTY,0124,124 - LIBERTY,"2,541",181,"2,722",31,23,5,98,"274,437","16,479","290,916","2,643","1,821",638,133,"5,718,318","373,799","6,092,117","107,632","20,039","9,168","2,544"
Locality: 107 LOUDOUN COUNTY,0125,125 - ROCK RIDGE,"2,759",95,"2,854",11,19,10,98,"274,437","16,479","290,916","2,643","1,821",638,133,"5,718,318","373,799","6,092,117","107,632","20,039","9,168","2,544"
Locality: 107 LOUDOUN COUNTY,0126,126-GOSHEN POST,"3,145",185,"3,330",39,22,4,98,"274,437","16,479","290,916","2,643","1,821",638,133,"5,718,318","373,799","6,092,117","107,632","20,039","9,168","2,544"
Locality: 107 LOUDOUN COUNTY,0207,207 - RIVER BEND,"1,802",80,"1,882",15,13,3,98,"274,437","16,479","290,916","2,643","1,821",638,133,"5,718,318","373,799","6,092,117","107,632","20,039","9,168","2,544"
Locality: 107 LOUDOUN COUNTY,0208,208 - ALGONKIAN,"1,858",136,"1,994",17,16,3,98,"274,437","16,479","290,916","2,643","1,821",638,133,"5,718,318","373,799","6,092,117","107,632","20,039","9,168","2,544"
Locality: 107 LOUDOUN COUNTY,0209,209 - POTOMAC FALLS,"2,819",155,"2,974",34,27,5,98,"274,437","16,479","290,916","2,643","1,821",638,133,"5,718,318","373,799","6,092,117","107,632","20,039","9,168","2,544"
Locality: 107 LOUDOUN COUNTY,0210,210 - CASCADES,"3,548",277,"3,825",39,31,12,98,"274,437","16,479","290,916","2,643","1,821",638,133,"5,718,318","373,799","6,092,117","107,632","20,039","9,168","2,544"
Locality: 107 LOUDOUN COUNTY,0213,213 - COUNTRYSIDE,"1,184",118,"1,302",12,11,3,98,"274,437","16,479","290,916","2,643","1,821",638,133,"5,718,318","373,799","6,092,117","107,632","20,039","9,168","2,544"
Locality: 107 LOUDOUN COUNTY,0214,214 - SUGARLAND NORTH,"3,448",167,"3,615",38,22,10,98,"274,437","16,479","290,916","2,643","1,821",638,133,"5,718,318","373,799","6,092,117","107,632","20,039","9,168","2,544"
Locality: 107 LOUDOUN COUNTY,0215,215 - SUGARLAND SOUTH,"3,070",181,"3,251",36,16,5,98,"274,437","16,479","290,916","2,643","1,821",638,133,"5,718,318","373,799","6,092,117","107,632","20,039","9,168","2,544"
Locality: 107 LOUDOUN COUNTY,0216,216 - LOWES ISLAND,"2,710",140,"2,850",29,33,9,98,"274,437","16,479","290,916","2,643","1,821",638,133,"5,718,318","373,799","6,092,117","107,632","20,039","9,168","2,544"
Locality: 107 LOUDOUN COUNTY,0217,217 - SOUTH BANK,"3,286",197,"3,483",23,21,18,98,"274,437","16,479","290,916","2,643","1,821",638,133,"5,718,318","373,799","6,092,117","107,632","20,039","9,168","2,544"
Locality: 107 LOUDOUN COUNTY,0218,218 - UNIVERSITY CENTER,"2,710",304,"3,014",32,19,12,98,"274,437","16,479","290,916","2,643","1,821",638,133,"5,718,318","373,799","6,092,117","107,632","20,039","9,168","2,544"
Locality: 107 LOUDOUN COUNTY,0219,219 - GALILEE CHURCH,"2,507",197,"2,704",24,17,8,98,"274,437","16,479","290,916","2,643","1,821",638,133,"5,718,318","373,799","6,092,117","107,632","20,039","9,168","2,544"
Locality: 107 LOUDOUN COUNTY,0301,301 - PURCELLVILLE,"3,432",205,"3,637",38,18,4,98,"274,437","16,479","290,916","2,643","1,821",638,133,"5,718,318","373,799","6,092,117","107,632","20,039","9,168","2,544"
Locality: 107 LOUDOUN COUNTY,0302,302 - ROUND HILL,"2,906",177,"3,083",37,16,6,98,"274,437","16,479","290,916","2,643","1,821",638,133,"5,718,318","373,799","6,092,117","107,632","20,039","9,168","2,544"
Locality: 107 LOUDOUN COUNTY,0303,303 - HILLSBORO,"2,749",153,"2,902",22,16,4,98,"274,437","16,479","290,916","2,643","1,821",638,133,"5,718,318","373,799","6,092,117","107,632","20,039","9,168","2,544"
Locality: 107 LOUDOUN COUNTY,0305,305 - PHILOMONT,"1,335",57,"1,392",19,7,8,98,"274,437","16,479","290,916","2,643","1,821",638,133,"5,718,318","373,799","6,092,117","107,632","20,039","9,168","2,544"
Locality: 107 LOUDOUN COUNTY,0307,307 - MIDDLEBURG,"1,373",85,"1,458",9,8,10,98,"274,437","16,479","290,916","2,643","1,821",638,133,"5,718,318","373,799","6,092,117","107,632","20,039","9,168","2,544"
Locality: 107 LOUDOUN COUNTY,0308,308 - ST LOUIS,"1,425",65,"1,490",6,10,4,98,"274,437","16,479","290,916","2,643","1,821",638,133,"5,718,318","373,799","6,092,117","107,632","20,039","9,168","2,544"
Locality: 107 LOUDOUN COUNTY,0309,309 - ALDIE,"1,023",41,"1,064",8,3,4,98,"274,437","16,479","290,916","2,643","1,821",638,133,"5,718,318","373,799","6,092,117","107,632","20,039","9,168","2,544"
Locality: 107 LOUDOUN COUNTY,0310,310 - MOUNTAIN VIEW,"3,938",248,"4,186",44,22,3,98,"274,437","16,479","290,916","2,643","1,821",638,133,"5,718,318","373,799","6,092,117","107,632","20,039","9,168","2,544"
Locality: 107 LOUDOUN COUNTY,0311,311 - ROUND HILL ELEMENTARY,"3,455",166,"3,621",38,11,3,98,"274,437","16,479","290,916","2,643","1,821",638,133,"5,718,318","373,799","6,092,117","107,632","20,039","9,168","2,544"
Locality: 107 LOUDOUN COUNTY,0312,312 - BRIAR WOODS,"3,329",186,"3,515",34,31,10,98,"274,437","16,479","290,916","2,643","1,821",638,133,"5,718,318","373,799","6,092,117","107,632","20,039","9,168","2,544"
Locality: 107 LOUDOUN COUNTY,0313,313 - PINEBROOK,"3,750",132,"3,882",42,26,5,98,"274,437","16,479","290,916","2,643","1,821",638,133,"5,718,318","373,799","6,092,117","107,632","20,039","9,168","2,544"
Locality: 107 LOUDOUN COUNTY,0314,314 - LEGACY,"2,953",154,"3,107",23,23,8,98,"274,437","16,479","290,916","2,643","1,821",638,133,"5,718,318","373,799","6,092,117","107,632","20,039","9,168","2,544"
Locality: 107 LOUDOUN COUNTY,0315,315 - FIREHOUSE,982,44,"1,026",13,7,3,98,"274,437","16,479","290,916","2,643","1,821",638,133,"5,718,318","373,799","6,092,117","107,632","20,039","9,168","2,544"
Locality: 107 LOUDOUN COUNTY,0316,316 - CREIGHTON'S CORNER,"4,199",338,"4,537",54,40,3,98,"274,437","16,479","290,916","2,643","1,821",638,133,"5,718,318","373,799","6,092,117","107,632","20,039","9,168","2,544"
Locality: 107 LOUDOUN COUNTY,0318,318 - MADISON'S TRUST,"4,385",170,"4,555",38,20,3,98,"274,437","16,479","290,916","2,643","1,821",638,133,"5,718,318","373,799","6,092,117","107,632","20,039","9,168","2,544"
Locality: 107 LOUDOUN COUNTY,0319,319 - JOHN CHAMPE,"6,197",197,"6,394",67,26,1,98,"274,437","16,479","290,916","2,643","1,821",638,133,"5,718,318","373,799","6,092,117","107,632","20,039","9,168","2,544"
Locality: 107 LOUDOUN COUNTY,0320,320 - STONE HILL,"5,336",258,"5,594",47,26,6,98,"274,437","16,479","290,916","2,643","1,821",638,133,"5,718,318","373,799","6,092,117","107,632","20,039","9,168","2,544"
Locality: 107 LOUDOUN COUNTY,0321,321 - BRAMBLETON MIDDLE,"2,083",122,"2,205",18,18,3,98,"274,437","16,479","290,916","2,643","1,821",638,133,"5,718,318","373,799","6,092,117","107,632","20,039","9,168","2,544"
Locality: 107 LOUDOUN COUNTY,0322,322-BUFFALO TRAIL,"2,570",90,"2,660",33,8,2,98,"274,437","16,479","290,916","2,643","1,821",638,133,"5,718,318","373,799","6,092,117","107,632","20,039","9,168","2,544"
Locality: 107 LOUDOUN COUNTY,0401,401 - WEST LOVETTSVILLE,"3,892",207,"4,099",46,15,4,98,"274,437","16,479","290,916","2,643","1,821",638,133,"5,718,318","373,799","6,092,117","107,632","20,039","9,168","2,544"
Locality: 107 LOUDOUN COUNTY,0402,402 - WATERFORD,"3,313",174,"3,487",39,18,15,98,"274,437","16,479","290,916","2,643","1,821",638,133,"5,718,318","373,799","6,092,117","107,632","20,039","9,168","2,544"
Locality: 107 LOUDOUN COUNTY,0403,403 - LUCKETTS,"3,893",234,"4,127",45,35,11,98,"274,437","16,479","290,916","2,643","1,821",638,133,"5,718,318","373,799","6,092,117","107,632","20,039","9,168","2,544"
Locality: 107 LOUDOUN COUNTY,0407,407 - HARPER PARK,"2,018",114,"2,132",16,19,5,98,"274,437","16,479","290,916","2,643","1,821",638,133,"5,718,318","373,799","6,092,117","107,632","20,039","9,168","2,544"
Locality: 107 LOUDOUN COUNTY,0408,408 - EVERGREEN,"4,351",224,"4,575",48,30,8,98,"274,437","16,479","290,916","2,643","1,821",638,133,"5,718,318","373,799","6,092,117","107,632","20,039","9,168","2,544"
Locality: 107 LOUDOUN COUNTY,0409,409 - CLARKES GAP,"3,260",153,"3,413",23,21,12,98,"274,437","16,479","290,916","2,643","1,821",638,133,"5,718,318","373,799","6,092,117","107,632","20,039","9,168","2,544"
Locality: 107 LOUDOUN COUNTY,0411,411 - EAST LOVETTSVILLE,"2,418",132,"2,550",28,12,7,98,"274,437","16,479","290,916","2,643","1,821",638,133,"5,718,318","373,799","6,092,117","107,632","20,039","9,168","2,544"
Locality: 107 LOUDOUN COUNTY,0413,413 - TUSCARORA,151,6,157,2,,,98,"274,437","16,479","290,916","2,643","1,821",638,133,"5,718,318","373,799","6,092,117","107,632","20,039","9,168","2,544"
Locality: 107 LOUDOUN COUNTY,0414,414 - RED ROCK,"1,812",90,"1,902",5,11,2,98,"274,437","16,479","290,916","2,643","1,821",638,133,"5,718,318","373,799","6,092,117","107,632","20,039","9,168","2,544"
Locality: 107 LOUDOUN COUNTY,0416,416 - HAMILTON,"3,553",188,"3,741",26,24,6,98,"274,437","16,479","290,916","2,643","1,821",638,133,"5,718,318","373,799","6,092,117","107,632","20,039","9,168","2,544"
Locality: 107 LOUDOUN COUNTY,0420,420 - RIVER CREEK,"2,971",196,"3,167",19,22,25,98,"274,437","16,479","290,916","2,643","1,821",638,133,"5,718,318","373,799","6,092,117","107,632","20,039","9,168","2,544"
Locality: 107 LOUDOUN COUNTY,0421,421 - BETWEEN THE HILLS,380,35,415,4,3,,98,"274,437","16,479","290,916","2,643","1,821",638,133,"5,718,318","373,799","6,092,117","107,632","20,039","9,168","2,544"
Locality: 107 LOUDOUN COUNTY,0422,422 - SYCOLIN CREEK,"2,393",123,"2,516",21,11,4,98,"274,437","16,479","290,916","2,643","1,821",638,133,"5,718,318","373,799","6,092,117","107,632","20,039","9,168","2,544"
Locality: 107 LOUDOUN COUNTY,0501,501 - WEST LEESBURG,"2,942",188,"3,130",28,21,15,98,"274,437","16,479","290,916","2,643","1,821",638,133,"5,718,318","373,799","6,092,117","107,632","20,039","9,168","2,544"
Locality: 107 LOUDOUN COUNTY,0502,502 - EAST LEESBURG,"3,537",321,"3,858",33,20,12,98,"274,437","16,479","290,916","2,643","1,821",638,133,"5,718,318","373,799","6,092,117","107,632","20,039","9,168","2,544"
Locality: 107 LOUDOUN COUNTY,0503,503 - DRY MILL,"1,583",56,"1,639",12,14,6,98,"274,437","16,479","290,916","2,643","1,821",638,133,"5,718,318","373,799","6,092,117","107,632","20,039","9,168","2,544"
Locality: 107 LOUDOUN COUNTY,0504,504 - SMARTS MILL,"3,377",208,"3,585",42,16,10,98,"274,437","16,479","290,916","2,643","1,821",638,133,"5,718,318","373,799","6,092,117","107,632","20,039","9,168","2,544"
Locality: 107 LOUDOUN COUNTY,0505,505 - COOL SPRING,"3,218",179,"3,397",41,21,8,98,"274,437","16,479","290,916","2,643","1,821",638,133,"5,718,318","373,799","6,092,117","107,632","20,039","9,168","2,544"
Locality: 107 LOUDOUN COUNTY,0506,506 - BRANDON PARK,"1,920",285,"2,205",11,8,2,98,"274,437","16,479","290,916","2,643","1,821",638,133,"5,718,318","373,799","6,092,117","107,632","20,039","9,168","2,544"
Locality: 107 LOUDOUN COUNTY,0507,507 - GREENWAY,"1,620",114,"1,734",16,15,9,98,"274,437","16,479","290,916","2,643","1,821",638,133,"5,718,318","373,799","6,092,117","107,632","20,039","9,168","2,544"
Locality: 107 LOUDOUN COUNTY,0508,508 - BALLS BLUFF,"3,100",181,"3,281",31,20,7,98,"274,437","16,479","290,916","2,643","1,821",638,133,"5,718,318","373,799","6,092,117","107,632","20,039","9,168","2,544"
Locality: 107 LOUDOUN COUNTY,0509,509 - TOLBERT,"4,102",270,"4,372",41,16,5,98,"274,437","16,479","290,916","2,643","1,821",638,133,"5,718,318","373,799","6,092,117","107,632","20,039","9,168","2,544"
Locality: 107 LOUDOUN COUNTY,0510,510 - HERITAGE,"1,860",86,"1,946",15,7,1,98,"274,437","16,479","290,916","2,643","1,821",638,133,"5,718,318","373,799","6,092,117","107,632","20,039","9,168","2,544"
Locality: 107 LOUDOUN COUNTY,0615,615 - HILLSIDE,"2,802",150,"2,952",26,32,6,98,"274,437","16,479","290,916","2,643","1,821",638,133,"5,718,318","373,799","6,092,117","107,632","20,039","9,168","2,544"
Locality: 107 LOUDOUN COUNTY,0616,616 - EAGLE RIDGE,"3,232",148,"3,380",23,28,5,98,"274,437","16,479","290,916","2,643","1,821",638,133,"5,718,318","373,799","6,092,117","107,632","20,039","9,168","2,544"
Locality: 107 LOUDOUN COUNTY,0617,617 - OAK GROVE,"1,376",88,"1,464",10,6,,98,"274,437","16,479","290,916","2,643","1,821",638,133,"5,718,318","373,799","6,092,117","107,632","20,039","9,168","2,544"
Locality: 107 LOUDOUN COUNTY,0619,619 - RIDGETOP,"1,941",312,"2,253",15,15,7,98,"274,437","16,479","290,916","2,643","1,821",638,133,"5,718,318","373,799","6,092,117","107,632","20,039","9,168","2,544"
Locality: 107 LOUDOUN COUNTY,0620,620 - RUSSELL BRANCH,"3,385",228,"3,613",39,28,4,98,"274,437","16,479","290,916","2,643","1,821",638,133,"5,718,318","373,799","6,092,117","107,632","20,039","9,168","2,544"
Locality: 107 LOUDOUN COUNTY,0621,621 - DOMINION TRAIL,"3,767",192,"3,959",19,29,10,98,"274,437","16,479","290,916","2,643","1,821",638,133,"5,718,318","373,799","6,092,117","107,632","20,039","9,168","2,544"
Locality: 107 LOUDOUN COUNTY,0622,622 - FARMWELL STATION,"4,128",234,"4,362",37,32,6,98,"274,437","16,479","290,916","2,643","1,821",638,133,"5,718,318","373,799","6,092,117","107,632","20,039","9,168","2,544"
Locality: 107 LOUDOUN COUNTY,0623,623 - WELLER,"4,772",182,"4,954",30,21,4,98,"274,437","16,479","290,916","2,643","1,821",638,133,"5,718,318","373,799","6,092,117","107,632","20,039","9,168","2,544"
Locality: 107 LOUDOUN COUNTY,0625,625 - MILL RUN,"1,366",50,"1,416",22,4,2,98,"274,437","16,479","290,916","2,643","1,821",638,133,"5,718,318","373,799","6,092,117","107,632","20,039","9,168","2,544"
Locality: 107 LOUDOUN COUNTY,0626,626 - ASHBY PONDS,"1,772",24,"1,796",3,5,2,98,"274,437","16,479","290,916","2,643","1,821",638,133,"5,718,318","373,799","6,092,117","107,632","20,039","9,168","2,544"
Locality: 107 LOUDOUN COUNTY,0627,627 - ASHBROOK,"1,282",151,"1,433",5,5,8,98,"274,437","16,479","290,916","2,643","1,821",638,133,"5,718,318","373,799","6,092,117","107,632","20,039","9,168","2,544"
Locality: 107 LOUDOUN COUNTY,0628,628 - MOOREFIELD STATION,"4,573",444,"5,017",70,31,9,98,"274,437","16,479","290,916","2,643","1,821",638,133,"5,718,318","373,799","6,092,117","107,632","20,039","9,168","2,544"
Locality: 107 LOUDOUN COUNTY,0629,629 - DISCOVERY,"1,099",109,"1,208",7,3,3,98,"274,437","16,479","290,916","2,643","1,821",638,133,"5,718,318","373,799","6,092,117","107,632","20,039","9,168","2,544"
Locality: 107 LOUDOUN COUNTY,0701,701 - SULLY,"2,791",168,"2,959",19,16,2,98,"274,437","16,479","290,916","2,643","1,821",638,133,"5,718,318","373,799","6,092,117","107,632","20,039","9,168","2,544"
Locality: 107 LOUDOUN COUNTY,0702,702 - PARK VIEW,"2,569",170,"2,739",17,18,2,98,"274,437","16,479","290,916","2,643","1,821",638,133,"5,718,318","373,799","6,092,117","107,632","20,039","9,168","2,544"
Locality: 107 LOUDOUN COUNTY,0703,703 - ROLLING RIDGE,"2,930",247,"3,177",33,21,7,98,"274,437","16,479","290,916","2,643","1,821",638,133,"5,718,318","373,799","6,092,117","107,632","20,039","9,168","2,544"
Locality: 107 LOUDOUN COUNTY,0705,705 - FOREST GROVE,"3,509",265,"3,774",39,23,11,98,"274,437","16,479","290,916","2,643","1,821",638,133,"5,718,318","373,799","6,092,117","107,632","20,039","9,168","2,544"
Locality: 107 LOUDOUN COUNTY,0707,707 - CLAUDE MOORE PARK,"2,420",199,"2,619",26,22,6,98,"274,437","16,479","290,916","2,643","1,821",638,133,"5,718,318","373,799","6,092,117","107,632","20,039","9,168","2,544"
Locality: 107 LOUDOUN COUNTY,0708,708 - SENECA,"2,696",164,"2,860",20,26,12,98,"274,437","16,479","290,916","2,643","1,821",638,133,"5,718,318","373,799","6,092,117","107,632","20,039","9,168","2,544"
Locality: 107 LOUDOUN COUNTY,0709,709 - MIRROR RIDGE,"2,895",179,"3,074",28,20,9,98,"274,437","16,479","290,916","2,643","1,821",638,133,"5,718,318","373,799","6,092,117","107,632","20,039","9,168","2,544"
Locality: 107 LOUDOUN COUNTY,0710,710 - STERLING,"2,465",151,"2,616",30,20,7,98,"274,437","16,479","290,916","2,643","1,821",638,133,"5,718,318","373,799","6,092,117","107,632","20,039","9,168","2,544"
Locality: 107 LOUDOUN COUNTY,0808,808 - STONE BRIDGE,"3,653",185,"3,838",32,31,12,98,"274,437","16,479","290,916","2,643","1,821",638,133,"5,718,318","373,799","6,092,117","107,632","20,039","9,168","2,544"
Locality: 107 LOUDOUN COUNTY,0810,810 - CEDAR LANE,"2,927",203,"3,130",16,26,4,98,"274,437","16,479","290,916","2,643","1,821",638,133,"5,718,318","373,799","6,092,117","107,632","20,039","9,168","2,544"
Locality: 107 LOUDOUN COUNTY,0813,813 - SELDENS LANDING,"2,567",247,"2,814",20,20,5,98,"274,437","16,479","290,916","2,643","1,821",638,133,"5,718,318","373,799","6,092,117","107,632","20,039","9,168","2,544"
Locality: 107 LOUDOUN COUNTY,0814,814 - NEWTON - LEE,"3,482",194,"3,676",30,30,6,98,"274,437","16,479","290,916","2,643","1,821",638,133,"5,718,318","373,799","6,092,117","107,632","20,039","9,168","2,544"
Locality: 107 LOUDOUN COUNTY,0815,815 - BELMONT RIDGE,"3,697",160,"3,857",14,28,16,98,"274,437","16,479","290,916","2,643","1,821",638,133,"5,718,318","373,799","6,092,117","107,632","20,039","9,168","2,544"
Locality: 107 LOUDOUN COUNTY,0817,817 - SANDERS CORNER,"3,911",288,"4,199",42,39,6,98,"274,437","16,479","290,916","2,643","1,821",638,133,"5,718,318","373,799","6,092,117","107,632","20,039","9,168","2,544"
Locality: 107 LOUDOUN COUNTY,0818,818 - BROAD RUN,"2,502",130,"2,632",20,31,8,98,"274,437","16,479","290,916","2,643","1,821",638,133,"5,718,318","373,799","6,092,117","107,632","20,039","9,168","2,544"
Locality: 107 LOUDOUN COUNTY,0819,819 - HERITAGE CHURCH,"2,276",130,"2,406",23,20,8,98,"274,437","16,479","290,916","2,643","1,821",638,133,"5,718,318","373,799","6,092,117","107,632","20,039","9,168","2,544"
Locality: 107 LOUDOUN COUNTY,0820,820 - BELMONT STATION,"2,824",158,"2,982",27,27,8,98,"274,437","16,479","290,916","2,643","1,821",638,133,"5,718,318","373,799","6,092,117","107,632","20,039","9,168","2,544"
Locality: 107 LOUDOUN COUNTY,0822,822 - RIVERSIDE,"2,214",94,"2,308",14,10,11,98,"274,437","16,479","290,916","2,643","1,821",638,133,"5,718,318","373,799","6,092,117","107,632","20,039","9,168","2,544"
Locality: 109 LOUISA COUNTY,0101,101 - GREEN SPRINGS #1,"3,202",98,"3,300",25,6,4,14,"28,477",926,"29,403",204,40,19,133,"5,718,318","373,799","6,092,117","107,632","20,039","9,168","2,544"
Locality: 109 LOUISA COUNTY,0102,102 - GREEN SPRINGS #2,"1,398",40,"1,438",13,1,1,14,"28,477",926,"29,403",204,40,19,133,"5,718,318","373,799","6,092,117","107,632","20,039","9,168","2,544"
Locality: 109 LOUISA COUNTY,0201,201 - LOUISA #1,"1,909",73,"1,982",14,1,1,14,"28,477",926,"29,403",204,40,19,133,"5,718,318","373,799","6,092,117","107,632","20,039","9,168","2,544"
Locality: 109 LOUISA COUNTY,0202,202 - LOUISA #2,"1,676",54,"1,730",15,5,1,14,"28,477",926,"29,403",204,40,19,133,"5,718,318","373,799","6,092,117","107,632","20,039","9,168","2,544"
Locality: 109 LOUISA COUNTY,0203,203 - LOUISA #3,316,8,324,2,1,1,14,"28,477",926,"29,403",204,40,19,133,"5,718,318","373,799","6,092,117","107,632","20,039","9,168","2,544"
Locality: 109 LOUISA COUNTY,0301,301 - PATRICK HENRY #1,"2,366",89,"2,455",17,5,2,14,"28,477",926,"29,403",204,40,19,133,"5,718,318","373,799","6,092,117","107,632","20,039","9,168","2,544"
Locality: 109 LOUISA COUNTY,0302,302 - PATRICK HENRY #2,"1,674",50,"1,724",10,,,14,"28,477",926,"29,403",204,40,19,133,"5,718,318","373,799","6,092,117","107,632","20,039","9,168","2,544"
Locality: 109 LOUISA COUNTY,0401,401 - MINERAL,"4,298",150,"4,448",31,5,,14,"28,477",926,"29,403",204,40,19,133,"5,718,318","373,799","6,092,117","107,632","20,039","9,168","2,544"
Locality: 109 LOUISA COUNTY,0501,501 - CUCKOO #1,"1,078",46,"1,124",6,,,14,"28,477",926,"29,403",204,40,19,133,"5,718,318","373,799","6,092,117","107,632","20,039","9,168","2,544"
Locality: 109 LOUISA COUNTY,0502,502 - CUCKOO #2,"1,168",37,"1,205",4,,2,14,"28,477",926,"29,403",204,40,19,133,"5,718,318","373,799","6,092,117","107,632","20,039","9,168","2,544"
Locality: 109 LOUISA COUNTY,0503,503 - CUCKOO #3,"1,827",52,"1,879",12,9,,14,"28,477",926,"29,403",204,40,19,133,"5,718,318","373,799","6,092,117","107,632","20,039","9,168","2,544"
Locality: 109 LOUISA COUNTY,0601,601 - JACKSON,"3,694",104,"3,798",27,1,3,14,"28,477",926,"29,403",204,40,19,133,"5,718,318","373,799","6,092,117","107,632","20,039","9,168","2,544"
Locality: 109 LOUISA COUNTY,0701,701 - MOUNTAIN ROAD #1,"1,854",61,"1,915",11,1,4,14,"28,477",926,"29,403",204,40,19,133,"5,718,318","373,799","6,092,117","107,632","20,039","9,168","2,544"
Locality: 109 LOUISA COUNTY,0702,702 - MOUNTAIN ROAD #2,"2,017",64,"2,081",17,5,,14,"28,477",926,"29,403",204,40,19,133,"5,718,318","373,799","6,092,117","107,632","20,039","9,168","2,544"
Locality: 111 LUNENBURG COUNTY,0101,101 - PLYMOUTH,988,39,"1,027",6,,,11,"7,812",273,"8,085",61,2,,133,"5,718,318","373,799","6,092,117","107,632","20,039","9,168","2,544"
Locality: 111 LUNENBURG COUNTY,0201,201 - BROWNS STORE,938,39,977,8,2,,11,"7,812",273,"8,085",61,2,,133,"5,718,318","373,799","6,092,117","107,632","20,039","9,168","2,544"
Locality: 111 LUNENBURG COUNTY,0301,301 - ROSEBUD,561,15,576,2,,,11,"7,812",273,"8,085",61,2,,133,"5,718,318","373,799","6,092,117","107,632","20,039","9,168","2,544"
Locality: 111 LUNENBURG COUNTY,0302,302 - FLAT ROCK,709,19,728,5,,,11,"7,812",273,"8,085",61,2,,133,"5,718,318","373,799","6,092,117","107,632","20,039","9,168","2,544"
Locality: 111 LUNENBURG COUNTY,0401,401 - ARROWHEAD GUN CLUB,390,12,402,3,,,11,"7,812",273,"8,085",61,2,,133,"5,718,318","373,799","6,092,117","107,632","20,039","9,168","2,544"
Locality: 111 LUNENBURG COUNTY,0402,402 - PLEASANT GROVE,866,36,902,12,,,11,"7,812",273,"8,085",61,2,,133,"5,718,318","373,799","6,092,117","107,632","20,039","9,168","2,544"
Locality: 111 LUNENBURG COUNTY,0501,501 - REEDY CREEK,575,15,590,4,,,11,"7,812",273,"8,085",61,2,,133,"5,718,318","373,799","6,092,117","107,632","20,039","9,168","2,544"
Locality: 111 LUNENBURG COUNTY,0502,502 - PEOPLES COMMUNITY CENTER,662,22,684,2,,,11,"7,812",273,"8,085",61,2,,133,"5,718,318","373,799","6,092,117","107,632","20,039","9,168","2,544"
Locality: 111 LUNENBURG COUNTY,0601,601 - HOUNDS CREEK,"1,001",34,"1,035",12,,,11,"7,812",273,"8,085",61,2,,133,"5,718,318","373,799","6,092,117","107,632","20,039","9,168","2,544"
Locality: 111 LUNENBURG COUNTY,0701,701 - MEHERRIN FIRE DEPARTMENT,538,22,560,4,,,11,"7,812",273,"8,085",61,2,,133,"5,718,318","373,799","6,092,117","107,632","20,039","9,168","2,544"
Locality: 111 LUNENBURG COUNTY,0702,702 - VICTORIA PUBLIC LIBRARY,584,20,604,3,,,11,"7,812",273,"8,085",61,2,,133,"5,718,318","373,799","6,092,117","107,632","20,039","9,168","2,544"
Locality: 113 MADISON COUNTY,0001,001 - OAK PARK,"1,212",49,"1,261",9,2,4,9,"10,008",325,"10,333",75,16,14,133,"5,718,318","373,799","6,092,117","107,632","20,039","9,168","2,544"
Locality: 113 MADISON COUNTY,0002,002 - RADIANT,"1,743",50,"1,793",16,1,2,9,"10,008",325,"10,333",75,16,14,133,"5,718,318","373,799","6,092,117","107,632","20,039","9,168","2,544"
Locality: 113 MADISON COUNTY,0003,003 - ROCHELLE,807,27,834,2,3,,9,"10,008",325,"10,333",75,16,14,133,"5,718,318","373,799","6,092,117","107,632","20,039","9,168","2,544"
Locality: 113 MADISON COUNTY,0004,004 - GRAVES MILL,81,3,84,1,1,1,9,"10,008",325,"10,333",75,16,14,133,"5,718,318","373,799","6,092,117","107,632","20,039","9,168","2,544"
Locality: 113 MADISON COUNTY,0005,005 - MADISON,"1,876",65,"1,941",11,3,3,9,"10,008",325,"10,333",75,16,14,133,"5,718,318","373,799","6,092,117","107,632","20,039","9,168","2,544"
Locality: 113 MADISON COUNTY,0006,006 - WOLFTOWN,"1,020",36,"1,056",11,2,,9,"10,008",325,"10,333",75,16,14,133,"5,718,318","373,799","6,092,117","107,632","20,039","9,168","2,544"
Locality: 113 MADISON COUNTY,0007,007 - BRIGHTWOOD,"1,889",53,"1,942",14,,1,9,"10,008",325,"10,333",75,16,14,133,"5,718,318","373,799","6,092,117","107,632","20,039","9,168","2,544"
Locality: 113 MADISON COUNTY,0008,008 - CRIGLERSVILLE,843,26,869,7,4,3,9,"10,008",325,"10,333",75,16,14,133,"5,718,318","373,799","6,092,117","107,632","20,039","9,168","2,544"
Locality: 113 MADISON COUNTY,0009,009 - ETLAN,537,16,553,4,,,9,"10,008",325,"10,333",75,16,14,133,"5,718,318","373,799","6,092,117","107,632","20,039","9,168","2,544"
Locality: 115 MATHEWS COUNTY,0001,001 - CHESAPEAKE,"1,615",70,"1,685",19,6,1,3,"7,081",279,"7,360",81,17,2,133,"5,718,318","373,799","6,092,117","107,632","20,039","9,168","2,544"
Locality: 115 MATHEWS COUNTY,0002,002 - WESTVILLE,"2,497",111,"2,608",26,7,,3,"7,081",279,"7,360",81,17,2,133,"5,718,318","373,799","6,092,117","107,632","20,039","9,168","2,544"
Locality: 115 MATHEWS COUNTY,0003,003 - PIANKATANK,"2,969",98,"3,067",36,4,1,3,"7,081",279,"7,360",81,17,2,133,"5,718,318","373,799","6,092,117","107,632","20,039","9,168","2,544"
Locality: 117 MECKLENBURG COUNTY,0101,101 - WRIGHTS STORE,784,21,805,12,1,,23,"22,127",832,"22,959",173,14,4,133,"5,718,318","373,799","6,092,117","107,632","20,039","9,168","2,544"
Locality: 117 MECKLENBURG COUNTY,0102,102 - PEARSONS STORE,305,11,316,,,,23,"22,127",832,"22,959",173,14,4,133,"5,718,318","373,799","6,092,117","107,632","20,039","9,168","2,544"
Locality: 117 MECKLENBURG COUNTY,0103,103 - SOUTH CLARKSVILLE,"1,401",39,"1,440",5,2,,23,"22,127",832,"22,959",173,14,4,133,"5,718,318","373,799","6,092,117","107,632","20,039","9,168","2,544"
Locality: 117 MECKLENBURG COUNTY,0201,201 - BOYDTON,785,14,799,9,1,,23,"22,127",832,"22,959",173,14,4,133,"5,718,318","373,799","6,092,117","107,632","20,039","9,168","2,544"
Locality: 117 MECKLENBURG COUNTY,0202,202 - BLUESTONE SENIOR HIGH SCHOOL,347,6,353,1,,,23,"22,127",832,"22,959",173,14,4,133,"5,718,318","373,799","6,092,117","107,632","20,039","9,168","2,544"
Locality: 117 MECKLENBURG COUNTY,0203,203 - CHASE CITY VFW POST,653,35,688,6,1,1,23,"22,127",832,"22,959",173,14,4,133,"5,718,318","373,799","6,092,117","107,632","20,039","9,168","2,544"
Locality: 117 MECKLENBURG COUNTY,0301,301 - BRACEY,"1,627",75,"1,702",12,1,1,23,"22,127",832,"22,959",173,14,4,133,"5,718,318","373,799","6,092,117","107,632","20,039","9,168","2,544"
Locality: 117 MECKLENBURG COUNTY,0302,302 - LACROSSE,"1,037",31,"1,068",7,1,,23,"22,127",832,"22,959",173,14,4,133,"5,718,318","373,799","6,092,117","107,632","20,039","9,168","2,544"
Locality: 117 MECKLENBURG COUNTY,0401,401 - AMERICAN LEGION HALL,"2,309",88,"2,397",23,1,,23,"22,127",832,"22,959",173,14,4,133,"5,718,318","373,799","6,092,117","107,632","20,039","9,168","2,544"
Locality: 117 MECKLENBURG COUNTY,0402,402 - PARK VIEW MIDDLE SCHOOL,278,4,282,1,,,23,"22,127",832,"22,959",173,14,4,133,"5,718,318","373,799","6,092,117","107,632","20,039","9,168","2,544"
Locality: 117 MECKLENBURG COUNTY,0501,501 - SOUTH HILL,"2,567",122,"2,689",19,2,,23,"22,127",832,"22,959",173,14,4,133,"5,718,318","373,799","6,092,117","107,632","20,039","9,168","2,544"
Locality: 117 MECKLENBURG COUNTY,0601,601 - BASKERVILLE,"1,072",56,"1,128",8,,,23,"22,127",832,"22,959",173,14,4,133,"5,718,318","373,799","6,092,117","107,632","20,039","9,168","2,544"
Locality: 117 MECKLENBURG COUNTY,0602,602 - UNION LEVEL,547,22,569,8,,,23,"22,127",832,"22,959",173,14,4,133,"5,718,318","373,799","6,092,117","107,632","20,039","9,168","2,544"
Locality: 117 MECKLENBURG COUNTY,0603,603 - SMITH CROSSROADS,378,9,387,2,,,23,"22,127",832,"22,959",173,14,4,133,"5,718,318","373,799","6,092,117","107,632","20,039","9,168","2,544"
Locality: 117 MECKLENBURG COUNTY,0604,604 - LAKE GASTON,688,42,730,13,,,23,"22,127",832,"22,959",173,14,4,133,"5,718,318","373,799","6,092,117","107,632","20,039","9,168","2,544"
Locality: 117 MECKLENBURG COUNTY,0701,701 - CHASE CITY,"1,188",38,"1,226",7,1,,23,"22,127",832,"22,959",173,14,4,133,"5,718,318","373,799","6,092,117","107,632","20,039","9,168","2,544"
Locality: 117 MECKLENBURG COUNTY,0702,702 - SUNSHINE,868,30,898,3,,,23,"22,127",832,"22,959",173,14,4,133,"5,718,318","373,799","6,092,117","107,632","20,039","9,168","2,544"
Locality: 117 MECKLENBURG COUNTY,0801,801 - FINCHLEY,371,6,377,4,,,23,"22,127",832,"22,959",173,14,4,133,"5,718,318","373,799","6,092,117","107,632","20,039","9,168","2,544"
Locality: 117 MECKLENBURG COUNTY,0802,802 - BLUESTONE,"1,207",48,"1,255",10,1,1,23,"22,127",832,"22,959",173,14,4,133,"5,718,318","373,799","6,092,117","107,632","20,039","9,168","2,544"
Locality: 117 MECKLENBURG COUNTY,0803,803 - CHASE CITY ELEMENTARY SCHOOL,834,26,860,6,,,23,"22,127",832,"22,959",173,14,4,133,"5,718,318","373,799","6,092,117","107,632","20,039","9,168","2,544"
Locality: 117 MECKLENBURG COUNTY,0901,901 - AVERETT,292,4,296,2,,,23,"22,127",832,"22,959",173,14,4,133,"5,718,318","373,799","6,092,117","107,632","20,039","9,168","2,544"
Locality: 117 MECKLENBURG COUNTY,0902,902 - BUFFALO SPRINGS,549,16,565,2,,,23,"22,127",832,"22,959",173,14,4,133,"5,718,318","373,799","6,092,117","107,632","20,039","9,168","2,544"
Locality: 117 MECKLENBURG COUNTY,0903,903 - CLARKSVILLE,"2,040",89,"2,129",13,2,1,23,"22,127",832,"22,959",173,14,4,133,"5,718,318","373,799","6,092,117","107,632","20,039","9,168","2,544"
Locality: 119 MIDDLESEX COUNTY,0101,101 - SALUDA,684,36,720,13,7,,6,"8,441",266,"8,707",70,23,7,133,"5,718,318","373,799","6,092,117","107,632","20,039","9,168","2,544"
Locality: 119 MIDDLESEX COUNTY,0102,102 - URBANNA,932,37,969,1,5,2,6,"8,441",266,"8,707",70,23,7,133,"5,718,318","373,799","6,092,117","107,632","20,039","9,168","2,544"
Locality: 119 MIDDLESEX COUNTY,0201,201 - NEW MARKET,"1,789",42,"1,831",11,4,,6,"8,441",266,"8,707",70,23,7,133,"5,718,318","373,799","6,092,117","107,632","20,039","9,168","2,544"
Locality: 119 MIDDLESEX COUNTY,0302,302 - CHURCH VIEW,"1,607",42,"1,649",9,1,1,6,"8,441",266,"8,707",70,23,7,133,"5,718,318","373,799","6,092,117","107,632","20,039","9,168","2,544"
Locality: 119 MIDDLESEX COUNTY,0401,401- HARMONY VILLAGE,"1,681",62,"1,743",17,,3,6,"8,441",266,"8,707",70,23,7,133,"5,718,318","373,799","6,092,117","107,632","20,039","9,168","2,544"
Locality: 119 MIDDLESEX COUNTY,0501,501 - WILTON,"1,748",47,"1,795",19,6,1,6,"8,441",266,"8,707",70,23,7,133,"5,718,318","373,799","6,092,117","107,632","20,039","9,168","2,544"
Locality: 121 MONTGOMERY COUNTY,0101,101 - PRECINCT A-1,"2,169",113,"2,282",26,5,5,29,"56,611","4,762","61,373",459,156,103,133,"5,718,318","373,799","6,092,117","107,632","20,039","9,168","2,544"
Locality: 121 MONTGOMERY COUNTY,0102,102 - PRECINCT A-2,"2,351",306,"2,657",16,18,12,29,"56,611","4,762","61,373",459,156,103,133,"5,718,318","373,799","6,092,117","107,632","20,039","9,168","2,544"
Locality: 121 MONTGOMERY COUNTY,0103,103 - PRECINCT A-3,181,44,225,1,,,29,"56,611","4,762","61,373",459,156,103,133,"5,718,318","373,799","6,092,117","107,632","20,039","9,168","2,544"
Locality: 121 MONTGOMERY COUNTY,0104,104 - PRECINCT A-4 ,"2,436",269,"2,705",22,14,17,29,"56,611","4,762","61,373",459,156,103,133,"5,718,318","373,799","6,092,117","107,632","20,039","9,168","2,544"
Locality: 121 MONTGOMERY COUNTY,0105,105 - PRECINCT A-5,"1,823",99,"1,922",20,6,,29,"56,611","4,762","61,373",459,156,103,133,"5,718,318","373,799","6,092,117","107,632","20,039","9,168","2,544"
Locality: 121 MONTGOMERY COUNTY,0201,201 - PRECINCT B-1,786,36,822,3,1,,29,"56,611","4,762","61,373",459,156,103,133,"5,718,318","373,799","6,092,117","107,632","20,039","9,168","2,544"
Locality: 121 MONTGOMERY COUNTY,0202,202 - PRECINCT B-2,"2,459",182,"2,641",20,,1,29,"56,611","4,762","61,373",459,156,103,133,"5,718,318","373,799","6,092,117","107,632","20,039","9,168","2,544"
Locality: 121 MONTGOMERY COUNTY,0203,203 - PRECINCT B-3,"1,222",70,"1,292",10,,,29,"56,611","4,762","61,373",459,156,103,133,"5,718,318","373,799","6,092,117","107,632","20,039","9,168","2,544"
Locality: 121 MONTGOMERY COUNTY,0204,204 - PRECINCT B-4,"3,129",254,"3,383",30,2,3,29,"56,611","4,762","61,373",459,156,103,133,"5,718,318","373,799","6,092,117","107,632","20,039","9,168","2,544"
Locality: 121 MONTGOMERY COUNTY,0205,205 - PRECINCT B-5,"2,190",159,"2,349",13,2,2,29,"56,611","4,762","61,373",459,156,103,133,"5,718,318","373,799","6,092,117","107,632","20,039","9,168","2,544"
Locality: 121 MONTGOMERY COUNTY,0301,301 - PRECINCT C-1,"2,954",117,"3,071",15,3,,29,"56,611","4,762","61,373",459,156,103,133,"5,718,318","373,799","6,092,117","107,632","20,039","9,168","2,544"
Locality: 121 MONTGOMERY COUNTY,0302,302 - PRECINCT C-2,"1,284",39,"1,323",6,,1,29,"56,611","4,762","61,373",459,156,103,133,"5,718,318","373,799","6,092,117","107,632","20,039","9,168","2,544"
Locality: 121 MONTGOMERY COUNTY,0303,303 - PRECINCT C-3,"1,251",35,"1,286",7,,,29,"56,611","4,762","61,373",459,156,103,133,"5,718,318","373,799","6,092,117","107,632","20,039","9,168","2,544"
Locality: 121 MONTGOMERY COUNTY,0304,304 - PRECINCT C-4,"2,544",211,"2,755",26,3,1,29,"56,611","4,762","61,373",459,156,103,133,"5,718,318","373,799","6,092,117","107,632","20,039","9,168","2,544"
Locality: 121 MONTGOMERY COUNTY,0305,305 - PRECINCT C-5,"1,626",88,"1,714",14,1,1,29,"56,611","4,762","61,373",459,156,103,133,"5,718,318","373,799","6,092,117","107,632","20,039","9,168","2,544"
Locality: 121 MONTGOMERY COUNTY,0401,401 - PRECINCT D-1,"2,951",96,"3,047",15,2,2,29,"56,611","4,762","61,373",459,156,103,133,"5,718,318","373,799","6,092,117","107,632","20,039","9,168","2,544"
Locality: 121 MONTGOMERY COUNTY,0402,402 - PRECINCT D-2,"3,041",53,"3,094",20,3,1,29,"56,611","4,762","61,373",459,156,103,133,"5,718,318","373,799","6,092,117","107,632","20,039","9,168","2,544"
Locality: 121 MONTGOMERY COUNTY,0403,403 - PRECINCT D-3,"2,994",220,"3,214",28,3,3,29,"56,611","4,762","61,373",459,156,103,133,"5,718,318","373,799","6,092,117","107,632","20,039","9,168","2,544"
Locality: 121 MONTGOMERY COUNTY,0404,404 - PRECINCT D-4,"1,293",28,"1,321",6,1,1,29,"56,611","4,762","61,373",459,156,103,133,"5,718,318","373,799","6,092,117","107,632","20,039","9,168","2,544"
Locality: 121 MONTGOMERY COUNTY,0501,501 - PRECINCT E-1,"2,497",194,"2,691",18,7,3,29,"56,611","4,762","61,373",459,156,103,133,"5,718,318","373,799","6,092,117","107,632","20,039","9,168","2,544"
Locality: 121 MONTGOMERY COUNTY,0502,502 - PRECINCT E-2,"1,759",62,"1,821",11,1,1,29,"56,611","4,762","61,373",459,156,103,133,"5,718,318","373,799","6,092,117","107,632","20,039","9,168","2,544"
Locality: 121 MONTGOMERY COUNTY,0503,503 - PRECINCT E-3,730,335,"1,065",4,1,2,29,"56,611","4,762","61,373",459,156,103,133,"5,718,318","373,799","6,092,117","107,632","20,039","9,168","2,544"
Locality: 121 MONTGOMERY COUNTY,0504,504 - PRECINCT E-4,504,73,577,6,4,2,29,"56,611","4,762","61,373",459,156,103,133,"5,718,318","373,799","6,092,117","107,632","20,039","9,168","2,544"
Locality: 121 MONTGOMERY COUNTY,0601,601 - PRECINCT F-1,"2,513",228,"2,741",26,16,11,29,"56,611","4,762","61,373",459,156,103,133,"5,718,318","373,799","6,092,117","107,632","20,039","9,168","2,544"
Locality: 121 MONTGOMERY COUNTY,0602,602 - PRECINCT F-2,"2,878",399,"3,277",29,23,20,29,"56,611","4,762","61,373",459,156,103,133,"5,718,318","373,799","6,092,117","107,632","20,039","9,168","2,544"
Locality: 121 MONTGOMERY COUNTY,0603,603 - PRECINCT F-3,494,165,659,14,3,,29,"56,611","4,762","61,373",459,156,103,133,"5,718,318","373,799","6,092,117","107,632","20,039","9,168","2,544"
Locality: 121 MONTGOMERY COUNTY,0701,701 - PRECINCT G-1,"2,557",512,"3,069",22,17,5,29,"56,611","4,762","61,373",459,156,103,133,"5,718,318","373,799","6,092,117","107,632","20,039","9,168","2,544"
Locality: 121 MONTGOMERY COUNTY,0702,702 - PRECINCT G-2,"2,077",216,"2,293",12,8,3,29,"56,611","4,762","61,373",459,156,103,133,"5,718,318","373,799","6,092,117","107,632","20,039","9,168","2,544"
Locality: 121 MONTGOMERY COUNTY,0703,703 - PRECINCT G-3 ,"1,918",159,"2,077",19,12,6,29,"56,611","4,762","61,373",459,156,103,133,"5,718,318","373,799","6,092,117","107,632","20,039","9,168","2,544"
Locality: 125 NELSON COUNTY,0101,101 - ROCKFISH,"2,168",71,"2,239",18,3,8,9,"11,501",387,"11,888",76,23,28,133,"5,718,318","373,799","6,092,117","107,632","20,039","9,168","2,544"
Locality: 125 NELSON COUNTY,0201,201 - LOVINGSTON,"1,379",37,"1,416",8,4,1,9,"11,501",387,"11,888",76,23,28,133,"5,718,318","373,799","6,092,117","107,632","20,039","9,168","2,544"
Locality: 125 NELSON COUNTY,0202,202 - SCHUYLER,859,26,885,4,1,2,9,"11,501",387,"11,888",76,23,28,133,"5,718,318","373,799","6,092,117","107,632","20,039","9,168","2,544"
Locality: 125 NELSON COUNTY,0301,301 - SHIPMAN,"1,796",54,"1,850",8,,2,9,"11,501",387,"11,888",76,23,28,133,"5,718,318","373,799","6,092,117","107,632","20,039","9,168","2,544"
Locality: 125 NELSON COUNTY,0302,302 - GLADSTONE,308,12,320,3,,,9,"11,501",387,"11,888",76,23,28,133,"5,718,318","373,799","6,092,117","107,632","20,039","9,168","2,544"
Locality: 125 NELSON COUNTY,0401,401 - ROSELAND,"1,941",50,"1,991",13,4,3,9,"11,501",387,"11,888",76,23,28,133,"5,718,318","373,799","6,092,117","107,632","20,039","9,168","2,544"
Locality: 125 NELSON COUNTY,0402,402 - MONTEBELLO,171,11,182,1,1,,9,"11,501",387,"11,888",76,23,28,133,"5,718,318","373,799","6,092,117","107,632","20,039","9,168","2,544"
Locality: 125 NELSON COUNTY,0501,501 - FABER,810,30,840,2,1,3,9,"11,501",387,"11,888",76,23,28,133,"5,718,318","373,799","6,092,117","107,632","20,039","9,168","2,544"
Locality: 125 NELSON COUNTY,0502,502 - NELLYSFORD,"2,069",96,"2,165",19,9,9,9,"11,501",387,"11,888",76,23,28,133,"5,718,318","373,799","6,092,117","107,632","20,039","9,168","2,544"
Locality: 127 NEW KENT COUNTY,0102,102 - TUNSTALL,"1,468",38,"1,506",21,2,,10,"18,285",534,"18,819",235,29,1,133,"5,718,318","373,799","6,092,117","107,632","20,039","9,168","2,544"
Locality: 127 NEW KENT COUNTY,0103,103 - SOUTHERN BRANCH,"1,994",41,"2,035",19,3,,10,"18,285",534,"18,819",235,29,1,133,"5,718,318","373,799","6,092,117","107,632","20,039","9,168","2,544"
Locality: 127 NEW KENT COUNTY,0201,201 - QUINTON,"2,354",75,"2,429",27,7,,10,"18,285",534,"18,819",235,29,1,133,"5,718,318","373,799","6,092,117","107,632","20,039","9,168","2,544"
Locality: 127 NEW KENT COUNTY,0202,202 - KENTWOOD,"1,181",28,"1,209",10,1,,10,"18,285",534,"18,819",235,29,1,133,"5,718,318","373,799","6,092,117","107,632","20,039","9,168","2,544"
Locality: 127 NEW KENT COUNTY,0301,301 - WATKINS,"2,377",33,"2,410",31,3,,10,"18,285",534,"18,819",235,29,1,133,"5,718,318","373,799","6,092,117","107,632","20,039","9,168","2,544"
Locality: 127 NEW KENT COUNTY,0302,302 - CUMBERLAND,"1,539",32,"1,571",22,2,,10,"18,285",534,"18,819",235,29,1,133,"5,718,318","373,799","6,092,117","107,632","20,039","9,168","2,544"
Locality: 127 NEW KENT COUNTY,0401,401 - PROVIDENCE FORGE,"2,785",121,"2,906",52,6,1,10,"18,285",534,"18,819",235,29,1,133,"5,718,318","373,799","6,092,117","107,632","20,039","9,168","2,544"
Locality: 127 NEW KENT COUNTY,0403,403 - MOUNTCASTLE,"1,048",42,"1,090",5,1,,10,"18,285",534,"18,819",235,29,1,133,"5,718,318","373,799","6,092,117","107,632","20,039","9,168","2,544"
Locality: 127 NEW KENT COUNTY,0501,501 - ELTHAM,"1,549",67,"1,616",19,,,10,"18,285",534,"18,819",235,29,1,133,"5,718,318","373,799","6,092,117","107,632","20,039","9,168","2,544"
Locality: 127 NEW KENT COUNTY,0502,502 - CHICKAHOMINY RIVER,"1,990",57,"2,047",29,4,,10,"18,285",534,"18,819",235,29,1,133,"5,718,318","373,799","6,092,117","107,632","20,039","9,168","2,544"
Locality: 131 NORTHAMPTON COUNTY,0101,101 - PRECINCT 1-1,"2,082",147,"2,229",27,13,1,5,"9,270",566,"9,836",91,28,9,133,"5,718,318","373,799","6,092,117","107,632","20,039","9,168","2,544"
Locality: 131 NORTHAMPTON COUNTY,0201,201 - PRECINCT 2-1,"1,855",97,"1,952",25,8,,5,"9,270",566,"9,836",91,28,9,133,"5,718,318","373,799","6,092,117","107,632","20,039","9,168","2,544"
Locality: 131 NORTHAMPTON COUNTY,0301,301 - PRECINCT 3-1,"1,730",107,"1,837",13,2,2,5,"9,270",566,"9,836",91,28,9,133,"5,718,318","373,799","6,092,117","107,632","20,039","9,168","2,544"
Locality: 131 NORTHAMPTON COUNTY,0401,401 - PRECINCT 4-1,"1,888",105,"1,993",10,5,4,5,"9,270",566,"9,836",91,28,9,133,"5,718,318","373,799","6,092,117","107,632","20,039","9,168","2,544"
Locality: 131 NORTHAMPTON COUNTY,0501,501 - PRECINCT 5-1,"1,715",110,"1,825",16,,2,5,"9,270",566,"9,836",91,28,9,133,"5,718,318","373,799","6,092,117","107,632","20,039","9,168","2,544"
Locality: 133 NORTHUMBERLAND COUNTY,0101,101 - 1A,"1,761",59,"1,820",8,6,3,5,"10,043",383,"10,426",84,14,12,133,"5,718,318","373,799","6,092,117","107,632","20,039","9,168","2,544"
Locality: 133 NORTHUMBERLAND COUNTY,0201,201 - 2A,"1,907",60,"1,967",6,2,2,5,"10,043",383,"10,426",84,14,12,133,"5,718,318","373,799","6,092,117","107,632","20,039","9,168","2,544"
Locality: 133 NORTHUMBERLAND COUNTY,0301,301 - 3A,"1,862",74,"1,936",18,,1,5,"10,043",383,"10,426",84,14,12,133,"5,718,318","373,799","6,092,117","107,632","20,039","9,168","2,544"
Locality: 133 NORTHUMBERLAND COUNTY,0401,401 - 4A,"2,221",81,"2,302",26,3,4,5,"10,043",383,"10,426",84,14,12,133,"5,718,318","373,799","6,092,117","107,632","20,039","9,168","2,544"
Locality: 133 NORTHUMBERLAND COUNTY,0501,501 - 5A,"2,292",109,"2,401",26,3,2,5,"10,043",383,"10,426",84,14,12,133,"5,718,318","373,799","6,092,117","107,632","20,039","9,168","2,544"
Locality: 135 NOTTOWAY COUNTY,0101,101 - PRECINCT 1-1,"1,108",19,"1,127",10,1,,9,"9,278",346,"9,624",114,4,4,133,"5,718,318","373,799","6,092,117","107,632","20,039","9,168","2,544"
Locality: 135 NOTTOWAY COUNTY,0102,102 - PRECINCT 1-2,789,22,811,7,,1,9,"9,278",346,"9,624",114,4,4,133,"5,718,318","373,799","6,092,117","107,632","20,039","9,168","2,544"
Locality: 135 NOTTOWAY COUNTY,0201,201 - PRECINCT 2-1,"1,515",77,"1,592",22,,1,9,"9,278",346,"9,624",114,4,4,133,"5,718,318","373,799","6,092,117","107,632","20,039","9,168","2,544"
Locality: 135 NOTTOWAY COUNTY,0202,202 - PRECINCT 2-2,548,14,562,10,,,9,"9,278",346,"9,624",114,4,4,133,"5,718,318","373,799","6,092,117","107,632","20,039","9,168","2,544"
Locality: 135 NOTTOWAY COUNTY,0301,301 - PRECINCT 3-1,894,26,920,6,,,9,"9,278",346,"9,624",114,4,4,133,"5,718,318","373,799","6,092,117","107,632","20,039","9,168","2,544"
Locality: 135 NOTTOWAY COUNTY,0302,302 - PRECINCT 3-2,574,18,592,2,,,9,"9,278",346,"9,624",114,4,4,133,"5,718,318","373,799","6,092,117","107,632","20,039","9,168","2,544"
Locality: 135 NOTTOWAY COUNTY,0401,401 - PRECINCT 4-1,"1,001",48,"1,049",8,1,,9,"9,278",346,"9,624",114,4,4,133,"5,718,318","373,799","6,092,117","107,632","20,039","9,168","2,544"
Locality: 135 NOTTOWAY COUNTY,0402,402 - PRECINCT 4-2,890,30,920,16,,,9,"9,278",346,"9,624",114,4,4,133,"5,718,318","373,799","6,092,117","107,632","20,039","9,168","2,544"
Locality: 135 NOTTOWAY COUNTY,0501,501 - PRECINCT 5-1,"1,959",92,"2,051",33,2,2,9,"9,278",346,"9,624",114,4,4,133,"5,718,318","373,799","6,092,117","107,632","20,039","9,168","2,544"
Locality: 137 ORANGE COUNTY,0101,101 - ONE WEST,"2,505",79,"2,584",20,7,,12,"27,192","1,127","28,319",371,44,44,133,"5,718,318","373,799","6,092,117","107,632","20,039","9,168","2,544"
Locality: 137 ORANGE COUNTY,0102,102 - ONE EAST,"1,864",58,"1,922",14,2,7,12,"27,192","1,127","28,319",371,44,44,133,"5,718,318","373,799","6,092,117","107,632","20,039","9,168","2,544"
Locality: 137 ORANGE COUNTY,0103,103 - ONE TOWN,"1,022",37,"1,059",8,1,1,12,"27,192","1,127","28,319",371,44,44,133,"5,718,318","373,799","6,092,117","107,632","20,039","9,168","2,544"
Locality: 137 ORANGE COUNTY,0201,201 - TWO WEST,"2,452",62,"2,514",32,,1,12,"27,192","1,127","28,319",371,44,44,133,"5,718,318","373,799","6,092,117","107,632","20,039","9,168","2,544"
Locality: 137 ORANGE COUNTY,0202,202 - TWO EAST,"2,947",100,"3,047",52,2,,12,"27,192","1,127","28,319",371,44,44,133,"5,718,318","373,799","6,092,117","107,632","20,039","9,168","2,544"
Locality: 137 ORANGE COUNTY,0301,301 - THREE WEST,576,26,602,1,,1,12,"27,192","1,127","28,319",371,44,44,133,"5,718,318","373,799","6,092,117","107,632","20,039","9,168","2,544"
Locality: 137 ORANGE COUNTY,0302,302 - THREE EAST,"1,470",54,"1,524",15,,1,12,"27,192","1,127","28,319",371,44,44,133,"5,718,318","373,799","6,092,117","107,632","20,039","9,168","2,544"
Locality: 137 ORANGE COUNTY,0303,303 - THREE TOWN,"2,876",136,"3,012",34,5,7,12,"27,192","1,127","28,319",371,44,44,133,"5,718,318","373,799","6,092,117","107,632","20,039","9,168","2,544"
Locality: 137 ORANGE COUNTY,0401,401 - FOUR WEST,"2,917",136,"3,053",42,6,1,12,"27,192","1,127","28,319",371,44,44,133,"5,718,318","373,799","6,092,117","107,632","20,039","9,168","2,544"
Locality: 137 ORANGE COUNTY,0402,402 - FOUR EAST,"2,402",128,"2,530",68,,1,12,"27,192","1,127","28,319",371,44,44,133,"5,718,318","373,799","6,092,117","107,632","20,039","9,168","2,544"
Locality: 137 ORANGE COUNTY,0501,501 - FIVE SOUTH,"2,819",152,"2,971",35,6,12,12,"27,192","1,127","28,319",371,44,44,133,"5,718,318","373,799","6,092,117","107,632","20,039","9,168","2,544"
Locality: 137 ORANGE COUNTY,0502,502 - FIVE NORTH,"3,342",159,"3,501",50,15,12,12,"27,192","1,127","28,319",371,44,44,133,"5,718,318","373,799","6,092,117","107,632","20,039","9,168","2,544"
Locality: 139 PAGE COUNTY,0101,101 - WEST LURAY,"3,249",118,"3,367",20,2,5,5,"16,568",526,"17,094",115,26,16,133,"5,718,318","373,799","6,092,117","107,632","20,039","9,168","2,544"
Locality: 139 PAGE COUNTY,0201,201 - EAST LURAY,"3,393",140,"3,533",27,9,,5,"16,568",526,"17,094",115,26,16,133,"5,718,318","373,799","6,092,117","107,632","20,039","9,168","2,544"
Locality: 139 PAGE COUNTY,0301,301 - MARKSVILLE,"3,671",104,"3,775",30,9,10,5,"16,568",526,"17,094",115,26,16,133,"5,718,318","373,799","6,092,117","107,632","20,039","9,168","2,544"
Locality: 139 PAGE COUNTY,0401,401 - NEWPORT,"3,063",68,"3,131",16,2,1,5,"16,568",526,"17,094",115,26,16,133,"5,718,318","373,799","6,092,117","107,632","20,039","9,168","2,544"
Locality: 139 PAGE COUNTY,0501,501 - SHENANDOAH,"3,192",96,"3,288",22,4,,5,"16,568",526,"17,094",115,26,16,133,"5,718,318","373,799","6,092,117","107,632","20,039","9,168","2,544"
Locality: 141 PATRICK COUNTY,0101,101 - ARARAT,871,28,899,5,,,13,"12,499",331,"12,830",68,13,2,133,"5,718,318","373,799","6,092,117","107,632","20,039","9,168","2,544"
Locality: 141 PATRICK COUNTY,0102,102 - CLAUDVILLE,764,18,782,4,1,,13,"12,499",331,"12,830",68,13,2,133,"5,718,318","373,799","6,092,117","107,632","20,039","9,168","2,544"
Locality: 141 PATRICK COUNTY,0103,103 - WILLIS GAP,893,25,918,3,2,,13,"12,499",331,"12,830",68,13,2,133,"5,718,318","373,799","6,092,117","107,632","20,039","9,168","2,544"
Locality: 141 PATRICK COUNTY,0201,201 - DRY POND,607,17,624,5,1,,13,"12,499",331,"12,830",68,13,2,133,"5,718,318","373,799","6,092,117","107,632","20,039","9,168","2,544"
Locality: 141 PATRICK COUNTY,0202,202 - PATRICK SPRINGS,"1,003",18,"1,021",3,1,,13,"12,499",331,"12,830",68,13,2,133,"5,718,318","373,799","6,092,117","107,632","20,039","9,168","2,544"
Locality: 141 PATRICK COUNTY,0203,203 - RUSSELL CREEK,958,23,981,4,,,13,"12,499",331,"12,830",68,13,2,133,"5,718,318","373,799","6,092,117","107,632","20,039","9,168","2,544"
Locality: 141 PATRICK COUNTY,0301,301 - CRITZ/STELLA,"1,580",49,"1,629",12,,1,13,"12,499",331,"12,830",68,13,2,133,"5,718,318","373,799","6,092,117","107,632","20,039","9,168","2,544"
Locality: 141 PATRICK COUNTY,0302,302 - LIBERTY,958,14,972,10,,,13,"12,499",331,"12,830",68,13,2,133,"5,718,318","373,799","6,092,117","107,632","20,039","9,168","2,544"
Locality: 141 PATRICK COUNTY,0401,401 - MEADOWS OF DAN,999,26,"1,025",4,5,1,13,"12,499",331,"12,830",68,13,2,133,"5,718,318","373,799","6,092,117","107,632","20,039","9,168","2,544"
Locality: 141 PATRICK COUNTY,0402,402 - STUART FAIRGROUNDS,767,32,799,3,1,,13,"12,499",331,"12,830",68,13,2,133,"5,718,318","373,799","6,092,117","107,632","20,039","9,168","2,544"
Locality: 141 PATRICK COUNTY,0403,403 - STUART COMMUNITY,599,21,620,2,,,13,"12,499",331,"12,830",68,13,2,133,"5,718,318","373,799","6,092,117","107,632","20,039","9,168","2,544"
Locality: 141 PATRICK COUNTY,0502,502 - ELAMSVILLE,"1,253",33,"1,286",7,1,,13,"12,499",331,"12,830",68,13,2,133,"5,718,318","373,799","6,092,117","107,632","20,039","9,168","2,544"
Locality: 141 PATRICK COUNTY,0503,503 - WOOLWINE,"1,247",27,"1,274",6,1,,13,"12,499",331,"12,830",68,13,2,133,"5,718,318","373,799","6,092,117","107,632","20,039","9,168","2,544"
Locality: 143 PITTSYLVANIA COUNTY,0103,103 - TWIN SPRINGS,"3,304",96,"3,400",17,6,5,29,"43,664","1,483","45,147",348,30,28,133,"5,718,318","373,799","6,092,117","107,632","20,039","9,168","2,544"
Locality: 143 PITTSYLVANIA COUNTY,0105,105 - CHATHAM,975,91,"1,066",8,5,1,29,"43,664","1,483","45,147",348,30,28,133,"5,718,318","373,799","6,092,117","107,632","20,039","9,168","2,544"
Locality: 143 PITTSYLVANIA COUNTY,0106,106 - TUNSTALL,"1,510",50,"1,560",9,,,29,"43,664","1,483","45,147",348,30,28,133,"5,718,318","373,799","6,092,117","107,632","20,039","9,168","2,544"
Locality: 143 PITTSYLVANIA COUNTY,0108,108 - WEST BLAIRS,865,37,902,10,,,29,"43,664","1,483","45,147",348,30,28,133,"5,718,318","373,799","6,092,117","107,632","20,039","9,168","2,544"
Locality: 143 PITTSYLVANIA COUNTY,0201,201 - CALLANDS,"1,259",34,"1,293",7,,,29,"43,664","1,483","45,147",348,30,28,133,"5,718,318","373,799","6,092,117","107,632","20,039","9,168","2,544"
Locality: 143 PITTSYLVANIA COUNTY,0202,202- BEARSKIN,848,31,879,7,1,,29,"43,664","1,483","45,147",348,30,28,133,"5,718,318","373,799","6,092,117","107,632","20,039","9,168","2,544"
Locality: 143 PITTSYLVANIA COUNTY,0204,204 - SANDY LEVEL,913,20,933,11,1,1,29,"43,664","1,483","45,147",348,30,28,133,"5,718,318","373,799","6,092,117","107,632","20,039","9,168","2,544"
Locality: 143 PITTSYLVANIA COUNTY,0206,206 - CLIMAX,944,24,968,4,1,1,29,"43,664","1,483","45,147",348,30,28,133,"5,718,318","373,799","6,092,117","107,632","20,039","9,168","2,544"
Locality: 143 PITTSYLVANIA COUNTY,0207,207 - GRETNA,"2,136",62,"2,198",21,4,,29,"43,664","1,483","45,147",348,30,28,133,"5,718,318","373,799","6,092,117","107,632","20,039","9,168","2,544"
Locality: 143 PITTSYLVANIA COUNTY,0301,301 - CENTRAL,"1,450",83,"1,533",10,1,1,29,"43,664","1,483","45,147",348,30,28,133,"5,718,318","373,799","6,092,117","107,632","20,039","9,168","2,544"
Locality: 143 PITTSYLVANIA COUNTY,0305,305 - RICEVILLE,"1,086",37,"1,123",10,1,,29,"43,664","1,483","45,147",348,30,28,133,"5,718,318","373,799","6,092,117","107,632","20,039","9,168","2,544"
Locality: 143 PITTSYLVANIA COUNTY,0307,307 - EAST BLAIRS,"1,784",79,"1,863",17,,2,29,"43,664","1,483","45,147",348,30,28,133,"5,718,318","373,799","6,092,117","107,632","20,039","9,168","2,544"
Locality: 143 PITTSYLVANIA COUNTY,0308,308 - MT AIRY,982,26,"1,008",8,,,29,"43,664","1,483","45,147",348,30,28,133,"5,718,318","373,799","6,092,117","107,632","20,039","9,168","2,544"
Locality: 143 PITTSYLVANIA COUNTY,0309,309 - EAST GRETNA,783,25,808,9,,,29,"43,664","1,483","45,147",348,30,28,133,"5,718,318","373,799","6,092,117","107,632","20,039","9,168","2,544"
Locality: 143 PITTSYLVANIA COUNTY,0402,402 - KEELING,"1,341",39,"1,380",6,1,3,29,"43,664","1,483","45,147",348,30,28,133,"5,718,318","373,799","6,092,117","107,632","20,039","9,168","2,544"
Locality: 143 PITTSYLVANIA COUNTY,0404,404 - KENTUCK,"2,450",69,"2,519",20,2,,29,"43,664","1,483","45,147",348,30,28,133,"5,718,318","373,799","6,092,117","107,632","20,039","9,168","2,544"
Locality: 143 PITTSYLVANIA COUNTY,0405,405 - RINGGOLD,"2,752",94,"2,846",17,,6,29,"43,664","1,483","45,147",348,30,28,133,"5,718,318","373,799","6,092,117","107,632","20,039","9,168","2,544"
Locality: 143 PITTSYLVANIA COUNTY,0501,501 - HURT,"2,301",75,"2,376",23,1,,29,"43,664","1,483","45,147",348,30,28,133,"5,718,318","373,799","6,092,117","107,632","20,039","9,168","2,544"
Locality: 143 PITTSYLVANIA COUNTY,0502,502 - MOTLEY SYCAMORE,"2,686",71,"2,757",16,,,29,"43,664","1,483","45,147",348,30,28,133,"5,718,318","373,799","6,092,117","107,632","20,039","9,168","2,544"
Locality: 143 PITTSYLVANIA COUNTY,0503,503 - RENAN,948,16,964,9,,,29,"43,664","1,483","45,147",348,30,28,133,"5,718,318","373,799","6,092,117","107,632","20,039","9,168","2,544"
Locality: 143 PITTSYLVANIA COUNTY,0603,603 - STONY MILL,"1,733",49,"1,782",19,1,2,29,"43,664","1,483","45,147",348,30,28,133,"5,718,318","373,799","6,092,117","107,632","20,039","9,168","2,544"
Locality: 143 PITTSYLVANIA COUNTY,0604,604 - SWANSONVILLE,983,21,"1,004",6,,,29,"43,664","1,483","45,147",348,30,28,133,"5,718,318","373,799","6,092,117","107,632","20,039","9,168","2,544"
Locality: 143 PITTSYLVANIA COUNTY,0605,605 - WHITMELL,"1,333",37,"1,370",13,1,,29,"43,664","1,483","45,147",348,30,28,133,"5,718,318","373,799","6,092,117","107,632","20,039","9,168","2,544"
Locality: 143 PITTSYLVANIA COUNTY,0606,606 - BROSVILLE,"1,477",49,"1,526",16,1,3,29,"43,664","1,483","45,147",348,30,28,133,"5,718,318","373,799","6,092,117","107,632","20,039","9,168","2,544"
Locality: 143 PITTSYLVANIA COUNTY,0607,607 - DRY FORK,583,19,602,4,,,29,"43,664","1,483","45,147",348,30,28,133,"5,718,318","373,799","6,092,117","107,632","20,039","9,168","2,544"
Locality: 143 PITTSYLVANIA COUNTY,0702,702 - BACHELORS HALL,"1,741",61,"1,802",13,1,1,29,"43,664","1,483","45,147",348,30,28,133,"5,718,318","373,799","6,092,117","107,632","20,039","9,168","2,544"
Locality: 143 PITTSYLVANIA COUNTY,0703,703 - FERRY ROAD,434,19,453,1,,,29,"43,664","1,483","45,147",348,30,28,133,"5,718,318","373,799","6,092,117","107,632","20,039","9,168","2,544"
Locality: 143 PITTSYLVANIA COUNTY,0704,704 - MT HERMON,"2,687",113,"2,800",23,1,2,29,"43,664","1,483","45,147",348,30,28,133,"5,718,318","373,799","6,092,117","107,632","20,039","9,168","2,544"
Locality: 143 PITTSYLVANIA COUNTY,0705,705 - MT CROSS,"1,376",56,"1,432",14,1,,29,"43,664","1,483","45,147",348,30,28,133,"5,718,318","373,799","6,092,117","107,632","20,039","9,168","2,544"
Locality: 145 POWHATAN COUNTY,0101,101 - SUBLETTS,"2,317",53,"2,370",26,5,1,12,"23,467",656,"24,123",215,39,11,133,"5,718,318","373,799","6,092,117","107,632","20,039","9,168","2,544"
Locality: 145 POWHATAN COUNTY,0102,102 - MANAKIN,"1,857",42,"1,899",9,4,2,12,"23,467",656,"24,123",215,39,11,133,"5,718,318","373,799","6,092,117","107,632","20,039","9,168","2,544"
Locality: 145 POWHATAN COUNTY,0103,103 - FLAT ROCK,955,24,979,7,1,,12,"23,467",656,"24,123",215,39,11,133,"5,718,318","373,799","6,092,117","107,632","20,039","9,168","2,544"
Locality: 145 POWHATAN COUNTY,0201,201 - POWHATAN STATION,"1,920",61,"1,981",14,4,,12,"23,467",656,"24,123",215,39,11,133,"5,718,318","373,799","6,092,117","107,632","20,039","9,168","2,544"
Locality: 145 POWHATAN COUNTY,0202,202 - GRACELAND,"2,562",68,"2,630",20,4,2,12,"23,467",656,"24,123",215,39,11,133,"5,718,318","373,799","6,092,117","107,632","20,039","9,168","2,544"
Locality: 145 POWHATAN COUNTY,0301,301 - BETHESDA,"2,667",87,"2,754",20,6,,12,"23,467",656,"24,123",215,39,11,133,"5,718,318","373,799","6,092,117","107,632","20,039","9,168","2,544"
Locality: 145 POWHATAN COUNTY,0302,302 - LEE'S LANDING,"2,198",76,"2,274",20,3,2,12,"23,467",656,"24,123",215,39,11,133,"5,718,318","373,799","6,092,117","107,632","20,039","9,168","2,544"
Locality: 145 POWHATAN COUNTY,0401,401 - POWHATAN COURTHOUSE,"3,379",87,"3,466",25,5,3,12,"23,467",656,"24,123",215,39,11,133,"5,718,318","373,799","6,092,117","107,632","20,039","9,168","2,544"
Locality: 145 POWHATAN COUNTY,0402,402 - MT ZION ,"1,401",24,"1,425",18,1,1,12,"23,467",656,"24,123",215,39,11,133,"5,718,318","373,799","6,092,117","107,632","20,039","9,168","2,544"
Locality: 145 POWHATAN COUNTY,0501,501 - SMITH CROSS ROADS,"2,052",65,"2,117",18,5,,12,"23,467",656,"24,123",215,39,11,133,"5,718,318","373,799","6,092,117","107,632","20,039","9,168","2,544"
Locality: 145 POWHATAN COUNTY,0502,502 - PINEVILLE,"1,094",32,"1,126",13,1,,12,"23,467",656,"24,123",215,39,11,133,"5,718,318","373,799","6,092,117","107,632","20,039","9,168","2,544"
Locality: 145 POWHATAN COUNTY,0503,503 - TOBACCOVILLE,"1,065",37,"1,102",25,,,12,"23,467",656,"24,123",215,39,11,133,"5,718,318","373,799","6,092,117","107,632","20,039","9,168","2,544"
Locality: 147 PRINCE EDWARD COUNTY,0101,101 - FARMVILLE,"1,695",104,"1,799",24,6,,10,"12,841",627,"13,468",98,27,2,133,"5,718,318","373,799","6,092,117","107,632","20,039","9,168","2,544"
Locality: 147 PRINCE EDWARD COUNTY,0201,201 - LOCKETT,"2,011",56,"2,067",9,1,,10,"12,841",627,"13,468",98,27,2,133,"5,718,318","373,799","6,092,117","107,632","20,039","9,168","2,544"
Locality: 147 PRINCE EDWARD COUNTY,0301,301 - LEIGH,"1,366",51,"1,417",10,,,10,"12,841",627,"13,468",98,27,2,133,"5,718,318","373,799","6,092,117","107,632","20,039","9,168","2,544"
Locality: 147 PRINCE EDWARD COUNTY,0302,302 - MT PLEASANT,684,32,716,6,2,,10,"12,841",627,"13,468",98,27,2,133,"5,718,318","373,799","6,092,117","107,632","20,039","9,168","2,544"
Locality: 147 PRINCE EDWARD COUNTY,0401,401 - HAMPDEN,"1,350",70,"1,420",11,4,,10,"12,841",627,"13,468",98,27,2,133,"5,718,318","373,799","6,092,117","107,632","20,039","9,168","2,544"
Locality: 147 PRINCE EDWARD COUNTY,0501,501 - DARLINGTON HTS,955,41,996,7,1,,10,"12,841",627,"13,468",98,27,2,133,"5,718,318","373,799","6,092,117","107,632","20,039","9,168","2,544"
Locality: 147 PRINCE EDWARD COUNTY,0502,502 - BUFFALO HTS,625,36,661,6,2,,10,"12,841",627,"13,468",98,27,2,133,"5,718,318","373,799","6,092,117","107,632","20,039","9,168","2,544"
Locality: 147 PRINCE EDWARD COUNTY,0601,601 - PROSPECT,"2,038",72,"2,110",15,2,,10,"12,841",627,"13,468",98,27,2,133,"5,718,318","373,799","6,092,117","107,632","20,039","9,168","2,544"
Locality: 147 PRINCE EDWARD COUNTY,0701,701 - WEST END,"1,250",84,"1,334",5,6,1,10,"12,841",627,"13,468",98,27,2,133,"5,718,318","373,799","6,092,117","107,632","20,039","9,168","2,544"
Locality: 147 PRINCE EDWARD COUNTY,0801,801 - CENTER,867,81,948,5,3,1,10,"12,841",627,"13,468",98,27,2,133,"5,718,318","373,799","6,092,117","107,632","20,039","9,168","2,544"
Locality: 149 PRINCE GEORGE COUNTY,0101,101 - RICHARD BLAND,"1,337",68,"1,405",17,1,2,10,"22,682","2,130","24,812","1,869",28,11,133,"5,718,318","373,799","6,092,117","107,632","20,039","9,168","2,544"
Locality: 149 PRINCE GEORGE COUNTY,0102,102 - TEMPLETON,"3,682",101,"3,783",76,1,1,10,"22,682","2,130","24,812","1,869",28,11,133,"5,718,318","373,799","6,092,117","107,632","20,039","9,168","2,544"
Locality: 149 PRINCE GEORGE COUNTY,0103,103 - UNION BRANCH,"2,248",89,"2,337",36,5,,10,"22,682","2,130","24,812","1,869",28,11,133,"5,718,318","373,799","6,092,117","107,632","20,039","9,168","2,544"
Locality: 149 PRINCE GEORGE COUNTY,0104,104 - RIVES,"1,841",682,"2,523",767,2,1,10,"22,682","2,130","24,812","1,869",28,11,133,"5,718,318","373,799","6,092,117","107,632","20,039","9,168","2,544"
Locality: 149 PRINCE GEORGE COUNTY,0105,105 - HARRISON,858,25,883,4,1,1,10,"22,682","2,130","24,812","1,869",28,11,133,"5,718,318","373,799","6,092,117","107,632","20,039","9,168","2,544"
Locality: 149 PRINCE GEORGE COUNTY,0201,201 - BLAND,"3,765",181,"3,946",107,5,1,10,"22,682","2,130","24,812","1,869",28,11,133,"5,718,318","373,799","6,092,117","107,632","20,039","9,168","2,544"
Locality: 149 PRINCE GEORGE COUNTY,0202,202 - BLACKWATER,"2,510",108,"2,618",44,1,2,10,"22,682","2,130","24,812","1,869",28,11,133,"5,718,318","373,799","6,092,117","107,632","20,039","9,168","2,544"
Locality: 149 PRINCE GEORGE COUNTY,0203,203 - BRANDON,887,25,912,19,2,,10,"22,682","2,130","24,812","1,869",28,11,133,"5,718,318","373,799","6,092,117","107,632","20,039","9,168","2,544"
Locality: 149 PRINCE GEORGE COUNTY,0204,204 - COURTS,"2,879",220,"3,099",129,2,2,10,"22,682","2,130","24,812","1,869",28,11,133,"5,718,318","373,799","6,092,117","107,632","20,039","9,168","2,544"
Locality: 149 PRINCE GEORGE COUNTY,0205,205 - JEFFERSON PARK,"2,675",631,"3,306",670,8,1,10,"22,682","2,130","24,812","1,869",28,11,133,"5,718,318","373,799","6,092,117","107,632","20,039","9,168","2,544"
Locality: 153 PRINCE WILLIAM COUNTY,0101,101 - BRENTSVILLE,"2,866",112,"2,978",57,3,,103,"295,029","20,799","315,828","7,678","1,530",118,133,"5,718,318","373,799","6,092,117","107,632","20,039","9,168","2,544"
Locality: 153 PRINCE WILLIAM COUNTY,0102,102 - CEDAR POINT,"2,621",151,"2,772",52,10,,103,"295,029","20,799","315,828","7,678","1,530",118,133,"5,718,318","373,799","6,092,117","107,632","20,039","9,168","2,544"
Locality: 153 PRINCE WILLIAM COUNTY,0103,103 - GLENKIRK,"3,676",221,"3,897",63,30,1,103,"295,029","20,799","315,828","7,678","1,530",118,133,"5,718,318","373,799","6,092,117","107,632","20,039","9,168","2,544"
Locality: 153 PRINCE WILLIAM COUNTY,0104,104 - NOKESVILLE,"3,765",193,"3,958",68,16,1,103,"295,029","20,799","315,828","7,678","1,530",118,133,"5,718,318","373,799","6,092,117","107,632","20,039","9,168","2,544"
Locality: 153 PRINCE WILLIAM COUNTY,0105,105 - PINEY BRANCH,"3,083",200,"3,283",53,13,2,103,"295,029","20,799","315,828","7,678","1,530",118,133,"5,718,318","373,799","6,092,117","107,632","20,039","9,168","2,544"
Locality: 153 PRINCE WILLIAM COUNTY,0106,106 - UNITY REED,"1,276",158,"1,434",24,4,,103,"295,029","20,799","315,828","7,678","1,530",118,133,"5,718,318","373,799","6,092,117","107,632","20,039","9,168","2,544"
Locality: 153 PRINCE WILLIAM COUNTY,0107,107 - MARSTELLER,"3,562",195,"3,757",48,20,3,103,"295,029","20,799","315,828","7,678","1,530",118,133,"5,718,318","373,799","6,092,117","107,632","20,039","9,168","2,544"
Locality: 153 PRINCE WILLIAM COUNTY,0108,108 - VICTORY,"3,450",229,"3,679",55,11,,103,"295,029","20,799","315,828","7,678","1,530",118,133,"5,718,318","373,799","6,092,117","107,632","20,039","9,168","2,544"
Locality: 153 PRINCE WILLIAM COUNTY,0109,109 - CHRIS YUNG,"3,516",280,"3,796",53,16,,103,"295,029","20,799","315,828","7,678","1,530",118,133,"5,718,318","373,799","6,092,117","107,632","20,039","9,168","2,544"
Locality: 153 PRINCE WILLIAM COUNTY,0110,110 - BUCKLAND MILLS,"3,805",298,"4,103",46,18,1,103,"295,029","20,799","315,828","7,678","1,530",118,133,"5,718,318","373,799","6,092,117","107,632","20,039","9,168","2,544"
Locality: 153 PRINCE WILLIAM COUNTY,0111,111 - LIMESTONE,"4,058",283,"4,341",86,23,1,103,"295,029","20,799","315,828","7,678","1,530",118,133,"5,718,318","373,799","6,092,117","107,632","20,039","9,168","2,544"
Locality: 153 PRINCE WILLIAM COUNTY,0112,112 - BURKE-NICKENS,"4,148",224,"4,372",75,25,3,103,"295,029","20,799","315,828","7,678","1,530",118,133,"5,718,318","373,799","6,092,117","107,632","20,039","9,168","2,544"
Locality: 153 PRINCE WILLIAM COUNTY,0113,113 - LAKES,"3,054",170,"3,224",39,19,3,103,"295,029","20,799","315,828","7,678","1,530",118,133,"5,718,318","373,799","6,092,117","107,632","20,039","9,168","2,544"
Locality: 153 PRINCE WILLIAM COUNTY,0114,114 - BRISTOW RUN,"3,827",227,"4,054",55,25,2,103,"295,029","20,799","315,828","7,678","1,530",118,133,"5,718,318","373,799","6,092,117","107,632","20,039","9,168","2,544"
Locality: 153 PRINCE WILLIAM COUNTY,0201,201 - HYLTON,"3,099",171,"3,270",66,14,,103,"295,029","20,799","315,828","7,678","1,530",118,133,"5,718,318","373,799","6,092,117","107,632","20,039","9,168","2,544"
Locality: 153 PRINCE WILLIAM COUNTY,0202,202 - WEST GATE,"2,246",282,"2,528",32,7,,103,"295,029","20,799","315,828","7,678","1,530",118,133,"5,718,318","373,799","6,092,117","107,632","20,039","9,168","2,544"
Locality: 153 PRINCE WILLIAM COUNTY,0203,203 - BENNETT,"3,849",262,"4,111",81,21,,103,"295,029","20,799","315,828","7,678","1,530",118,133,"5,718,318","373,799","6,092,117","107,632","20,039","9,168","2,544"
Locality: 153 PRINCE WILLIAM COUNTY,0204,204 - ELLIS,"2,459",178,"2,637",25,9,,103,"295,029","20,799","315,828","7,678","1,530",118,133,"5,718,318","373,799","6,092,117","107,632","20,039","9,168","2,544"
Locality: 153 PRINCE WILLIAM COUNTY,0205,205 - BUCKHALL,"2,394",114,"2,508",44,13,1,103,"295,029","20,799","315,828","7,678","1,530",118,133,"5,718,318","373,799","6,092,117","107,632","20,039","9,168","2,544"
Locality: 153 PRINCE WILLIAM COUNTY,0206,206 - COLES,"3,269",190,"3,459",65,13,1,103,"295,029","20,799","315,828","7,678","1,530",118,133,"5,718,318","373,799","6,092,117","107,632","20,039","9,168","2,544"
Locality: 153 PRINCE WILLIAM COUNTY,0207,207 - SPRIGGS,"2,829",140,"2,969",118,23,1,103,"295,029","20,799","315,828","7,678","1,530",118,133,"5,718,318","373,799","6,092,117","107,632","20,039","9,168","2,544"
Locality: 153 PRINCE WILLIAM COUNTY,0208,208 - COLGAN,"1,829",86,"1,915",50,10,,103,"295,029","20,799","315,828","7,678","1,530",118,133,"5,718,318","373,799","6,092,117","107,632","20,039","9,168","2,544"
Locality: 153 PRINCE WILLIAM COUNTY,0209,209 - INDEPENDENT HILL,"2,305",112,"2,417",46,11,,103,"295,029","20,799","315,828","7,678","1,530",118,133,"5,718,318","373,799","6,092,117","107,632","20,039","9,168","2,544"
Locality: 153 PRINCE WILLIAM COUNTY,0210,210 - YATES FORD,"3,330",166,"3,496",63,17,3,103,"295,029","20,799","315,828","7,678","1,530",118,133,"5,718,318","373,799","6,092,117","107,632","20,039","9,168","2,544"
Locality: 153 PRINCE WILLIAM COUNTY,0211,211 - SIGNAL HILL,"1,919",138,"2,057",36,8,,103,"295,029","20,799","315,828","7,678","1,530",118,133,"5,718,318","373,799","6,092,117","107,632","20,039","9,168","2,544"
Locality: 153 PRINCE WILLIAM COUNTY,0212,212 - YORKSHIRE,"3,029",222,"3,251",36,9,2,103,"295,029","20,799","315,828","7,678","1,530",118,133,"5,718,318","373,799","6,092,117","107,632","20,039","9,168","2,544"
Locality: 153 PRINCE WILLIAM COUNTY,0213,213 - PARKSIDE,"2,487",200,"2,687",40,13,,103,"295,029","20,799","315,828","7,678","1,530",118,133,"5,718,318","373,799","6,092,117","107,632","20,039","9,168","2,544"
Locality: 153 PRINCE WILLIAM COUNTY,0214,214 - LUCASVILLE,"3,141",162,"3,303",26,12,,103,"295,029","20,799","315,828","7,678","1,530",118,133,"5,718,318","373,799","6,092,117","107,632","20,039","9,168","2,544"
Locality: 153 PRINCE WILLIAM COUNTY,0215,215 - ROSA PARKS,"2,809",164,"2,973",64,12,,103,"295,029","20,799","315,828","7,678","1,530",118,133,"5,718,318","373,799","6,092,117","107,632","20,039","9,168","2,544"
Locality: 153 PRINCE WILLIAM COUNTY,0301,301 - DUMFRIES,"2,889",184,"3,073",69,7,3,103,"295,029","20,799","315,828","7,678","1,530",118,133,"5,718,318","373,799","6,092,117","107,632","20,039","9,168","2,544"
Locality: 153 PRINCE WILLIAM COUNTY,0302,302 - POTOMAC,"3,077",284,"3,361",129,9,1,103,"295,029","20,799","315,828","7,678","1,530",118,133,"5,718,318","373,799","6,092,117","107,632","20,039","9,168","2,544"
Locality: 153 PRINCE WILLIAM COUNTY,0303,303 - GRAHAM PARK,"2,213",247,"2,460",78,6,2,103,"295,029","20,799","315,828","7,678","1,530",118,133,"5,718,318","373,799","6,092,117","107,632","20,039","9,168","2,544"
Locality: 153 PRINCE WILLIAM COUNTY,0304,304 - QUANTICO,"1,003",319,"1,322",672,13,6,103,"295,029","20,799","315,828","7,678","1,530",118,133,"5,718,318","373,799","6,092,117","107,632","20,039","9,168","2,544"
Locality: 153 PRINCE WILLIAM COUNTY,0305,305 - FOREST PARK,"3,030",210,"3,240",126,35,1,103,"295,029","20,799","315,828","7,678","1,530",118,133,"5,718,318","373,799","6,092,117","107,632","20,039","9,168","2,544"
Locality: 153 PRINCE WILLIAM COUNTY,0306,306 - FOUR SEASONS,"2,962",157,"3,119",86,12,1,103,"295,029","20,799","315,828","7,678","1,530",118,133,"5,718,318","373,799","6,092,117","107,632","20,039","9,168","2,544"
Locality: 153 PRINCE WILLIAM COUNTY,0307,307 - HENDERSON,"2,568",182,"2,750",116,13,2,103,"295,029","20,799","315,828","7,678","1,530",118,133,"5,718,318","373,799","6,092,117","107,632","20,039","9,168","2,544"
Locality: 153 PRINCE WILLIAM COUNTY,0308,308 - MONTCLAIR,"1,811",124,"1,935",52,8,,103,"295,029","20,799","315,828","7,678","1,530",118,133,"5,718,318","373,799","6,092,117","107,632","20,039","9,168","2,544"
Locality: 153 PRINCE WILLIAM COUNTY,0309,309 - ASHLAND ,"2,285",161,"2,446",100,13,,103,"295,029","20,799","315,828","7,678","1,530",118,133,"5,718,318","373,799","6,092,117","107,632","20,039","9,168","2,544"
Locality: 153 PRINCE WILLIAM COUNTY,0310,310 - PW FOREST PARK,"2,815",230,"3,045",120,17,2,103,"295,029","20,799","315,828","7,678","1,530",118,133,"5,718,318","373,799","6,092,117","107,632","20,039","9,168","2,544"
Locality: 153 PRINCE WILLIAM COUNTY,0311,311 - SWANS CREEK,"2,839",171,"3,010",94,7,,103,"295,029","20,799","315,828","7,678","1,530",118,133,"5,718,318","373,799","6,092,117","107,632","20,039","9,168","2,544"
Locality: 153 PRINCE WILLIAM COUNTY,0312,312 - TRIANGLE ,"3,402",268,"3,670",116,16,1,103,"295,029","20,799","315,828","7,678","1,530",118,133,"5,718,318","373,799","6,092,117","107,632","20,039","9,168","2,544"
Locality: 153 PRINCE WILLIAM COUNTY,0313,313 - CARDINAL,"3,132",206,"3,338",117,20,2,103,"295,029","20,799","315,828","7,678","1,530",118,133,"5,718,318","373,799","6,092,117","107,632","20,039","9,168","2,544"
Locality: 153 PRINCE WILLIAM COUNTY,0314,314 - CABIN BRANCH,"2,421",127,"2,548",89,9,,103,"295,029","20,799","315,828","7,678","1,530",118,133,"5,718,318","373,799","6,092,117","107,632","20,039","9,168","2,544"
Locality: 153 PRINCE WILLIAM COUNTY,0315,315 - WILLIAMS,"3,190",268,"3,458",70,19,1,103,"295,029","20,799","315,828","7,678","1,530",118,133,"5,718,318","373,799","6,092,117","107,632","20,039","9,168","2,544"
Locality: 153 PRINCE WILLIAM COUNTY,0316,316 - POTOMAC SHORES,"2,404",54,"2,458",160,9,,103,"295,029","20,799","315,828","7,678","1,530",118,133,"5,718,318","373,799","6,092,117","107,632","20,039","9,168","2,544"
Locality: 153 PRINCE WILLIAM COUNTY,0401,401 - EVERGREEN,"3,240",145,"3,385",36,16,3,103,"295,029","20,799","315,828","7,678","1,530",118,133,"5,718,318","373,799","6,092,117","107,632","20,039","9,168","2,544"
Locality: 153 PRINCE WILLIAM COUNTY,0402,402 - GRAVELY,"4,033",223,"4,256",71,30,1,103,"295,029","20,799","315,828","7,678","1,530",118,133,"5,718,318","373,799","6,092,117","107,632","20,039","9,168","2,544"
Locality: 153 PRINCE WILLIAM COUNTY,0403,403 - BULL RUN,"3,244",185,"3,429",53,13,2,103,"295,029","20,799","315,828","7,678","1,530",118,133,"5,718,318","373,799","6,092,117","107,632","20,039","9,168","2,544"
Locality: 153 PRINCE WILLIAM COUNTY,0404,404 - UNITY BRAXTON,"1,999",174,"2,173",31,7,1,103,"295,029","20,799","315,828","7,678","1,530",118,133,"5,718,318","373,799","6,092,117","107,632","20,039","9,168","2,544"
Locality: 153 PRINCE WILLIAM COUNTY,0405,405 - BEN LOMOND,"2,689",315,"3,004",42,12,2,103,"295,029","20,799","315,828","7,678","1,530",118,133,"5,718,318","373,799","6,092,117","107,632","20,039","9,168","2,544"
Locality: 153 PRINCE WILLIAM COUNTY,0406,406 - ALVEY,"3,441",174,"3,615",43,22,1,103,"295,029","20,799","315,828","7,678","1,530",118,133,"5,718,318","373,799","6,092,117","107,632","20,039","9,168","2,544"
Locality: 153 PRINCE WILLIAM COUNTY,0407,407 - HERITAGE HUNT,"4,048",186,"4,234",31,16,,103,"295,029","20,799","315,828","7,678","1,530",118,133,"5,718,318","373,799","6,092,117","107,632","20,039","9,168","2,544"
Locality: 153 PRINCE WILLIAM COUNTY,0408,408 - SUDLEY,"2,026",125,"2,151",25,7,1,103,"295,029","20,799","315,828","7,678","1,530",118,133,"5,718,318","373,799","6,092,117","107,632","20,039","9,168","2,544"
Locality: 153 PRINCE WILLIAM COUNTY,0409,409 - TYLER,"4,152",248,"4,400",54,28,1,103,"295,029","20,799","315,828","7,678","1,530",118,133,"5,718,318","373,799","6,092,117","107,632","20,039","9,168","2,544"
Locality: 153 PRINCE WILLIAM COUNTY,0410,410 - MOUNTAIN VIEW,"4,152",296,"4,448",98,32,,103,"295,029","20,799","315,828","7,678","1,530",118,133,"5,718,318","373,799","6,092,117","107,632","20,039","9,168","2,544"
Locality: 153 PRINCE WILLIAM COUNTY,0411,411 - MULLEN,"3,249",305,"3,554",61,8,,103,"295,029","20,799","315,828","7,678","1,530",118,133,"5,718,318","373,799","6,092,117","107,632","20,039","9,168","2,544"
Locality: 153 PRINCE WILLIAM COUNTY,0412,412 - CATHARPIN,"2,286",100,"2,386",35,17,2,103,"295,029","20,799","315,828","7,678","1,530",118,133,"5,718,318","373,799","6,092,117","107,632","20,039","9,168","2,544"
Locality: 153 PRINCE WILLIAM COUNTY,0413,413 - REAGAN,"3,448",200,"3,648",54,25,,103,"295,029","20,799","315,828","7,678","1,530",118,133,"5,718,318","373,799","6,092,117","107,632","20,039","9,168","2,544"
Locality: 153 PRINCE WILLIAM COUNTY,0414,414 - SEYMOUR,"2,424",243,"2,667",44,8,3,103,"295,029","20,799","315,828","7,678","1,530",118,133,"5,718,318","373,799","6,092,117","107,632","20,039","9,168","2,544"
Locality: 153 PRINCE WILLIAM COUNTY,0501,501 - SPRINGWOODS,"3,613",293,"3,906",92,26,2,103,"295,029","20,799","315,828","7,678","1,530",118,133,"5,718,318","373,799","6,092,117","107,632","20,039","9,168","2,544"
Locality: 153 PRINCE WILLIAM COUNTY,0502,502 - OCCOQUAN,"3,188",273,"3,461",93,24,,103,"295,029","20,799","315,828","7,678","1,530",118,133,"5,718,318","373,799","6,092,117","107,632","20,039","9,168","2,544"
Locality: 153 PRINCE WILLIAM COUNTY,0503,503 - MOHICAN,"1,987",192,"2,179",72,6,,103,"295,029","20,799","315,828","7,678","1,530",118,133,"5,718,318","373,799","6,092,117","107,632","20,039","9,168","2,544"
Locality: 153 PRINCE WILLIAM COUNTY,0504,504 - ROCKLEDGE,"2,253",114,"2,367",46,17,1,103,"295,029","20,799","315,828","7,678","1,530",118,133,"5,718,318","373,799","6,092,117","107,632","20,039","9,168","2,544"
Locality: 153 PRINCE WILLIAM COUNTY,0505,505 - LAKE RIDGE,"3,411",225,"3,636",101,36,1,103,"295,029","20,799","315,828","7,678","1,530",118,133,"5,718,318","373,799","6,092,117","107,632","20,039","9,168","2,544"
Locality: 153 PRINCE WILLIAM COUNTY,0506,506 - OLD BRIDGE,"2,705",194,"2,899",68,19,,103,"295,029","20,799","315,828","7,678","1,530",118,133,"5,718,318","373,799","6,092,117","107,632","20,039","9,168","2,544"
Locality: 153 PRINCE WILLIAM COUNTY,0507,507 - CHINN,"3,581",260,"3,841",95,16,4,103,"295,029","20,799","315,828","7,678","1,530",118,133,"5,718,318","373,799","6,092,117","107,632","20,039","9,168","2,544"
Locality: 153 PRINCE WILLIAM COUNTY,0508,508 - PENN,"3,163",148,"3,311",89,15,,103,"295,029","20,799","315,828","7,678","1,530",118,133,"5,718,318","373,799","6,092,117","107,632","20,039","9,168","2,544"
Locality: 153 PRINCE WILLIAM COUNTY,0509,509 - MC COART,"3,436",204,"3,640",96,27,2,103,"295,029","20,799","315,828","7,678","1,530",118,133,"5,718,318","373,799","6,092,117","107,632","20,039","9,168","2,544"
Locality: 153 PRINCE WILLIAM COUNTY,0510,510 - COUNTY CENTER,871,78,949,26,4,,103,"295,029","20,799","315,828","7,678","1,530",118,133,"5,718,318","373,799","6,092,117","107,632","20,039","9,168","2,544"
Locality: 153 PRINCE WILLIAM COUNTY,0511,511 - WESTRIDGE,"3,543",280,"3,823",107,34,1,103,"295,029","20,799","315,828","7,678","1,530",118,133,"5,718,318","373,799","6,092,117","107,632","20,039","9,168","2,544"
Locality: 153 PRINCE WILLIAM COUNTY,0512,512 - YORK,"2,396",197,"2,593",58,13,4,103,"295,029","20,799","315,828","7,678","1,530",118,133,"5,718,318","373,799","6,092,117","107,632","20,039","9,168","2,544"
Locality: 153 PRINCE WILLIAM COUNTY,0513,513 - WOODBRIDGE,"3,714",210,"3,924",132,20,,103,"295,029","20,799","315,828","7,678","1,530",118,133,"5,718,318","373,799","6,092,117","107,632","20,039","9,168","2,544"
Locality: 153 PRINCE WILLIAM COUNTY,0514,514 - ANTIETAM,"3,414",193,"3,607",82,21,4,103,"295,029","20,799","315,828","7,678","1,530",118,133,"5,718,318","373,799","6,092,117","107,632","20,039","9,168","2,544"
Locality: 153 PRINCE WILLIAM COUNTY,0515,515 - MARSHALL,"2,547",131,"2,678",85,31,3,103,"295,029","20,799","315,828","7,678","1,530",118,133,"5,718,318","373,799","6,092,117","107,632","20,039","9,168","2,544"
Locality: 153 PRINCE WILLIAM COUNTY,0516,516 - KERRYDALE,"1,378",82,"1,460",21,5,,103,"295,029","20,799","315,828","7,678","1,530",118,133,"5,718,318","373,799","6,092,117","107,632","20,039","9,168","2,544"
Locality: 153 PRINCE WILLIAM COUNTY,0601,601 - DALE,"3,064",228,"3,292",46,8,1,103,"295,029","20,799","315,828","7,678","1,530",118,133,"5,718,318","373,799","6,092,117","107,632","20,039","9,168","2,544"
Locality: 153 PRINCE WILLIAM COUNTY,0602,602 - BEVILLE,"3,546",192,"3,738",65,11,3,103,"295,029","20,799","315,828","7,678","1,530",118,133,"5,718,318","373,799","6,092,117","107,632","20,039","9,168","2,544"
Locality: 153 PRINCE WILLIAM COUNTY,0603,603 - HAMPTON,"3,074",213,"3,287",74,16,4,103,"295,029","20,799","315,828","7,678","1,530",118,133,"5,718,318","373,799","6,092,117","107,632","20,039","9,168","2,544"
Locality: 153 PRINCE WILLIAM COUNTY,0604,604 - GAR-FIELD,"2,482",218,"2,700",38,11,4,103,"295,029","20,799","315,828","7,678","1,530",118,133,"5,718,318","373,799","6,092,117","107,632","20,039","9,168","2,544"
Locality: 153 PRINCE WILLIAM COUNTY,0605,605 - MINNIEVILLE,"1,996",118,"2,114",33,12,,103,"295,029","20,799","315,828","7,678","1,530",118,133,"5,718,318","373,799","6,092,117","107,632","20,039","9,168","2,544"
Locality: 153 PRINCE WILLIAM COUNTY,0606,606 - BEL AIR,"2,880",167,"3,047",48,8,4,103,"295,029","20,799","315,828","7,678","1,530",118,133,"5,718,318","373,799","6,092,117","107,632","20,039","9,168","2,544"
Locality: 153 PRINCE WILLIAM COUNTY,0607,607 - JENKINS,"2,218",144,"2,362",40,5,2,103,"295,029","20,799","315,828","7,678","1,530",118,133,"5,718,318","373,799","6,092,117","107,632","20,039","9,168","2,544"
Locality: 153 PRINCE WILLIAM COUNTY,0608,608 - ENTERPRISE,"3,684",219,"3,903",87,15,3,103,"295,029","20,799","315,828","7,678","1,530",118,133,"5,718,318","373,799","6,092,117","107,632","20,039","9,168","2,544"
Locality: 153 PRINCE WILLIAM COUNTY,0609,609 - KING,"2,132",134,"2,266",48,12,1,103,"295,029","20,799","315,828","7,678","1,530",118,133,"5,718,318","373,799","6,092,117","107,632","20,039","9,168","2,544"
Locality: 153 PRINCE WILLIAM COUNTY,0610,610 - FITZGERALD,"3,270",222,"3,492",77,15,,103,"295,029","20,799","315,828","7,678","1,530",118,133,"5,718,318","373,799","6,092,117","107,632","20,039","9,168","2,544"
Locality: 153 PRINCE WILLIAM COUNTY,0611,611 - NEABSCO,"3,314",305,"3,619",78,17,1,103,"295,029","20,799","315,828","7,678","1,530",118,133,"5,718,318","373,799","6,092,117","107,632","20,039","9,168","2,544"
Locality: 153 PRINCE WILLIAM COUNTY,0612,612 - ELM FARM,"1,921",123,"2,044",33,5,,103,"295,029","20,799","315,828","7,678","1,530",118,133,"5,718,318","373,799","6,092,117","107,632","20,039","9,168","2,544"
Locality: 153 PRINCE WILLIAM COUNTY,0613,613 - HOADLY,748,57,805,26,4,,103,"295,029","20,799","315,828","7,678","1,530",118,133,"5,718,318","373,799","6,092,117","107,632","20,039","9,168","2,544"
Locality: 153 PRINCE WILLIAM COUNTY,0614,614 - McAULIFFE,"3,097",184,"3,281",77,8,1,103,"295,029","20,799","315,828","7,678","1,530",118,133,"5,718,318","373,799","6,092,117","107,632","20,039","9,168","2,544"
Locality: 153 PRINCE WILLIAM COUNTY,0615,615 - COMMONS,325,49,374,16,1,,103,"295,029","20,799","315,828","7,678","1,530",118,133,"5,718,318","373,799","6,092,117","107,632","20,039","9,168","2,544"
Locality: 153 PRINCE WILLIAM COUNTY,0616,616 - MARKHAM,968,80,"1,048",22,10,,103,"295,029","20,799","315,828","7,678","1,530",118,133,"5,718,318","373,799","6,092,117","107,632","20,039","9,168","2,544"
Locality: 153 PRINCE WILLIAM COUNTY,0701,701 - BELMONT,"3,515",347,"3,862",111,22,,103,"295,029","20,799","315,828","7,678","1,530",118,133,"5,718,318","373,799","6,092,117","107,632","20,039","9,168","2,544"
Locality: 153 PRINCE WILLIAM COUNTY,0702,702 - LIBRARY,"3,362",393,"3,755",174,26,,103,"295,029","20,799","315,828","7,678","1,530",118,133,"5,718,318","373,799","6,092,117","107,632","20,039","9,168","2,544"
Locality: 153 PRINCE WILLIAM COUNTY,0703,703 - LYNN,"2,573",285,"2,858",54,12,3,103,"295,029","20,799","315,828","7,678","1,530",118,133,"5,718,318","373,799","6,092,117","107,632","20,039","9,168","2,544"
Locality: 153 PRINCE WILLIAM COUNTY,0704,704 - PORTER,"3,287",333,"3,620",76,8,2,103,"295,029","20,799","315,828","7,678","1,530",118,133,"5,718,318","373,799","6,092,117","107,632","20,039","9,168","2,544"
Locality: 153 PRINCE WILLIAM COUNTY,0705,705 - POTOMAC VIEW,"2,271",162,"2,433",40,8,,103,"295,029","20,799","315,828","7,678","1,530",118,133,"5,718,318","373,799","6,092,117","107,632","20,039","9,168","2,544"
Locality: 153 PRINCE WILLIAM COUNTY,0706,706 - RIPPON,"3,527",262,"3,789",104,15,,103,"295,029","20,799","315,828","7,678","1,530",118,133,"5,718,318","373,799","6,092,117","107,632","20,039","9,168","2,544"
Locality: 153 PRINCE WILLIAM COUNTY,0707,707 - KILBY,"2,796",218,"3,014",72,8,2,103,"295,029","20,799","315,828","7,678","1,530",118,133,"5,718,318","373,799","6,092,117","107,632","20,039","9,168","2,544"
Locality: 153 PRINCE WILLIAM COUNTY,0708,708 - RIVER OAKS,"3,422",351,"3,773",107,14,,103,"295,029","20,799","315,828","7,678","1,530",118,133,"5,718,318","373,799","6,092,117","107,632","20,039","9,168","2,544"
Locality: 153 PRINCE WILLIAM COUNTY,0709,709 - FREEDOM,"2,701",259,"2,960",131,22,,103,"295,029","20,799","315,828","7,678","1,530",118,133,"5,718,318","373,799","6,092,117","107,632","20,039","9,168","2,544"
Locality: 153 PRINCE WILLIAM COUNTY,0710,710 - POWELLS CREEK,"3,248",330,"3,578",116,19,1,103,"295,029","20,799","315,828","7,678","1,530",118,133,"5,718,318","373,799","6,092,117","107,632","20,039","9,168","2,544"
Locality: 153 PRINCE WILLIAM COUNTY,0711,711 - GRAYSON,"3,248",278,"3,526",69,7,,103,"295,029","20,799","315,828","7,678","1,530",118,133,"5,718,318","373,799","6,092,117","107,632","20,039","9,168","2,544"
Locality: 153 PRINCE WILLIAM COUNTY,0712,712 - LEESYLVANIA,"2,987",215,"3,202",115,18,,103,"295,029","20,799","315,828","7,678","1,530",118,133,"5,718,318","373,799","6,092,117","107,632","20,039","9,168","2,544"
Locality: 155 PULASKI COUNTY,0101,101 - BELSPRING,913,17,930,,,1,13,"23,002",717,"23,719",154,14,17,133,"5,718,318","373,799","6,092,117","107,632","20,039","9,168","2,544"
Locality: 155 PULASKI COUNTY,0102,102 - NEW RIVER,"2,846",108,"2,954",14,2,,13,"23,002",717,"23,719",154,14,17,133,"5,718,318","373,799","6,092,117","107,632","20,039","9,168","2,544"
Locality: 155 PULASKI COUNTY,0103,103 - WEST CLOYD,976,21,997,8,,,13,"23,002",717,"23,719",154,14,17,133,"5,718,318","373,799","6,092,117","107,632","20,039","9,168","2,544"
Locality: 155 PULASKI COUNTY,0201,201 - DRAPER,"1,640",33,"1,673",14,4,3,13,"23,002",717,"23,719",154,14,17,133,"5,718,318","373,799","6,092,117","107,632","20,039","9,168","2,544"
Locality: 155 PULASKI COUNTY,0202,202 - SOUTH PULASKI,425,21,446,3,,,13,"23,002",717,"23,719",154,14,17,133,"5,718,318","373,799","6,092,117","107,632","20,039","9,168","2,544"
Locality: 155 PULASKI COUNTY,0203,203 - NEWBERN,"2,722",92,"2,814",18,1,7,13,"23,002",717,"23,719",154,14,17,133,"5,718,318","373,799","6,092,117","107,632","20,039","9,168","2,544"
Locality: 155 PULASKI COUNTY,0301,301 - DUBLIN,"2,879",102,"2,981",14,2,2,13,"23,002",717,"23,719",154,14,17,133,"5,718,318","373,799","6,092,117","107,632","20,039","9,168","2,544"
Locality: 155 PULASKI COUNTY,0302,302 - HIWASSEE,558,6,564,4,2,,13,"23,002",717,"23,719",154,14,17,133,"5,718,318","373,799","6,092,117","107,632","20,039","9,168","2,544"
Locality: 155 PULASKI COUNTY,0304,304 - SNOWVILLE,"1,281",33,"1,314",9,1,2,13,"23,002",717,"23,719",154,14,17,133,"5,718,318","373,799","6,092,117","107,632","20,039","9,168","2,544"
Locality: 155 PULASKI COUNTY,0402,402 - WALKER,999,25,"1,024",3,,,13,"23,002",717,"23,719",154,14,17,133,"5,718,318","373,799","6,092,117","107,632","20,039","9,168","2,544"
Locality: 155 PULASKI COUNTY,0403,403 - WEST MASSIE,"2,710",98,"2,808",18,1,,13,"23,002",717,"23,719",154,14,17,133,"5,718,318","373,799","6,092,117","107,632","20,039","9,168","2,544"
Locality: 155 PULASKI COUNTY,0404,404 - EAST MASSIE,713,16,729,4,,,13,"23,002",717,"23,719",154,14,17,133,"5,718,318","373,799","6,092,117","107,632","20,039","9,168","2,544"
Locality: 155 PULASKI COUNTY,0501,501 - ROBINSON,"4,340",145,"4,485",45,1,2,13,"23,002",717,"23,719",154,14,17,133,"5,718,318","373,799","6,092,117","107,632","20,039","9,168","2,544"
Locality: 157 RAPPAHANNOCK COUNTY,0101,101 - WASHINGTON,"1,233",37,"1,270",7,9,1,6,"6,000",200,"6,200",38,31,18,133,"5,718,318","373,799","6,092,117","107,632","20,039","9,168","2,544"
Locality: 157 RAPPAHANNOCK COUNTY,0201,201 - AMISSVILLE,"1,261",45,"1,306",7,4,,6,"6,000",200,"6,200",38,31,18,133,"5,718,318","373,799","6,092,117","107,632","20,039","9,168","2,544"
Locality: 157 RAPPAHANNOCK COUNTY,0301,301 - SPERRYVILLE,"1,113",36,"1,149",6,7,6,6,"6,000",200,"6,200",38,31,18,133,"5,718,318","373,799","6,092,117","107,632","20,039","9,168","2,544"
Locality: 157 RAPPAHANNOCK COUNTY,0401,401 - SCRABBLE,"1,169",44,"1,213",10,6,6,6,"6,000",200,"6,200",38,31,18,133,"5,718,318","373,799","6,092,117","107,632","20,039","9,168","2,544"
Locality: 157 RAPPAHANNOCK COUNTY,0501,501 - CHESTER GAP,535,14,549,3,,1,6,"6,000",200,"6,200",38,31,18,133,"5,718,318","373,799","6,092,117","107,632","20,039","9,168","2,544"
Locality: 157 RAPPAHANNOCK COUNTY,0502,502 - FLINT HILL,689,24,713,5,5,4,6,"6,000",200,"6,200",38,31,18,133,"5,718,318","373,799","6,092,117","107,632","20,039","9,168","2,544"
Locality: 159 RICHMOND COUNTY,0101,101 - PRECINCT 1-1,"1,181",41,"1,222",11,2,1,6,"5,453",187,"5,640",42,9,3,133,"5,718,318","373,799","6,092,117","107,632","20,039","9,168","2,544"
Locality: 159 RICHMOND COUNTY,0201,201 - PRECINCT 2-1,896,33,929,6,1,2,6,"5,453",187,"5,640",42,9,3,133,"5,718,318","373,799","6,092,117","107,632","20,039","9,168","2,544"
Locality: 159 RICHMOND COUNTY,0301,301 - PRECINCT 3-1,"1,110",35,"1,145",13,2,,6,"5,453",187,"5,640",42,9,3,133,"5,718,318","373,799","6,092,117","107,632","20,039","9,168","2,544"
Locality: 159 RICHMOND COUNTY,0401,401 - PRECINCT 4-1,"1,166",45,"1,211",6,2,,6,"5,453",187,"5,640",42,9,3,133,"5,718,318","373,799","6,092,117","107,632","20,039","9,168","2,544"
Locality: 159 RICHMOND COUNTY,0501,501 - PRECINCT 5-1,750,26,776,2,2,,6,"5,453",187,"5,640",42,9,3,133,"5,718,318","373,799","6,092,117","107,632","20,039","9,168","2,544"
Locality: 159 RICHMOND COUNTY,0502,502 - Precinct 5-2,350,7,357,4,,,6,"5,453",187,"5,640",42,9,3,133,"5,718,318","373,799","6,092,117","107,632","20,039","9,168","2,544"
Locality: 161 ROANOKE COUNTY,0101,101 - CATAWBA,"2,608",109,"2,717",15,8,1,33,"69,289","3,693","72,982",479,150,41,133,"5,718,318","373,799","6,092,117","107,632","20,039","9,168","2,544"
Locality: 161 ROANOKE COUNTY,0102,102 - RICHFIELD,"2,259",94,"2,353",23,,2,33,"69,289","3,693","72,982",479,150,41,133,"5,718,318","373,799","6,092,117","107,632","20,039","9,168","2,544"
Locality: 161 ROANOKE COUNTY,0103,103 - NORTH GLENVAR,"2,078",79,"2,157",16,3,,33,"69,289","3,693","72,982",479,150,41,133,"5,718,318","373,799","6,092,117","107,632","20,039","9,168","2,544"
Locality: 161 ROANOKE COUNTY,0104,104 - NORTHSIDE,"2,401",103,"2,504",19,3,1,33,"69,289","3,693","72,982",479,150,41,133,"5,718,318","373,799","6,092,117","107,632","20,039","9,168","2,544"
Locality: 161 ROANOKE COUNTY,0105,105 - HANGING ROCK,"2,486",121,"2,607",20,5,,33,"69,289","3,693","72,982",479,150,41,133,"5,718,318","373,799","6,092,117","107,632","20,039","9,168","2,544"
Locality: 161 ROANOKE COUNTY,0106,106 - SOUTH GLENVAR,"1,204",54,"1,258",12,2,,33,"69,289","3,693","72,982",479,150,41,133,"5,718,318","373,799","6,092,117","107,632","20,039","9,168","2,544"
Locality: 161 ROANOKE COUNTY,0107,107 - FORT LEWIS,"1,390",49,"1,439",9,4,,33,"69,289","3,693","72,982",479,150,41,133,"5,718,318","373,799","6,092,117","107,632","20,039","9,168","2,544"
Locality: 161 ROANOKE COUNTY,0201,201 - PLANTATION,"2,259",103,"2,362",10,6,,33,"69,289","3,693","72,982",479,150,41,133,"5,718,318","373,799","6,092,117","107,632","20,039","9,168","2,544"
Locality: 161 ROANOKE COUNTY,0202,202 - BURLINGTON,"1,706",130,"1,836",11,2,3,33,"69,289","3,693","72,982",479,150,41,133,"5,718,318","373,799","6,092,117","107,632","20,039","9,168","2,544"
Locality: 161 ROANOKE COUNTY,0203,203 - MOUNTAIN VIEW,"3,177",109,"3,286",24,4,,33,"69,289","3,693","72,982",479,150,41,133,"5,718,318","373,799","6,092,117","107,632","20,039","9,168","2,544"
Locality: 161 ROANOKE COUNTY,0204,204 - GREEN RIDGE,"2,379",91,"2,470",20,7,,33,"69,289","3,693","72,982",479,150,41,133,"5,718,318","373,799","6,092,117","107,632","20,039","9,168","2,544"
Locality: 161 ROANOKE COUNTY,0205,205 - ORCHARDS,"2,841",128,"2,969",19,3,,33,"69,289","3,693","72,982",479,150,41,133,"5,718,318","373,799","6,092,117","107,632","20,039","9,168","2,544"
Locality: 161 ROANOKE COUNTY,0206,206 - HOLLINS,"1,230",191,"1,421",12,6,,33,"69,289","3,693","72,982",479,150,41,133,"5,718,318","373,799","6,092,117","107,632","20,039","9,168","2,544"
Locality: 161 ROANOKE COUNTY,0301,301 - BENT MOUNTAIN,686,23,709,4,1,,33,"69,289","3,693","72,982",479,150,41,133,"5,718,318","373,799","6,092,117","107,632","20,039","9,168","2,544"
Locality: 161 ROANOKE COUNTY,0302,302 - BACK CREEK,"3,071",125,"3,196",20,9,5,33,"69,289","3,693","72,982",479,150,41,133,"5,718,318","373,799","6,092,117","107,632","20,039","9,168","2,544"
Locality: 161 ROANOKE COUNTY,0303,303 - WINDSOR HILLS,"2,343",184,"2,527",22,3,2,33,"69,289","3,693","72,982",479,150,41,133,"5,718,318","373,799","6,092,117","107,632","20,039","9,168","2,544"
Locality: 161 ROANOKE COUNTY,0304,304 - OAK GROVE,"2,355",113,"2,468",12,19,,33,"69,289","3,693","72,982",479,150,41,133,"5,718,318","373,799","6,092,117","107,632","20,039","9,168","2,544"
Locality: 161 ROANOKE COUNTY,0305,305 - EAST HIDDEN VALLEY,"2,042",94,"2,136",10,9,6,33,"69,289","3,693","72,982",479,150,41,133,"5,718,318","373,799","6,092,117","107,632","20,039","9,168","2,544"
Locality: 161 ROANOKE COUNTY,0306,306 - GARST MILL,"2,082",148,"2,230",14,5,1,33,"69,289","3,693","72,982",479,150,41,133,"5,718,318","373,799","6,092,117","107,632","20,039","9,168","2,544"
Locality: 161 ROANOKE COUNTY,0307,307 - WEST HIDDEN VALLEY,"1,856",91,"1,947",12,5,,33,"69,289","3,693","72,982",479,150,41,133,"5,718,318","373,799","6,092,117","107,632","20,039","9,168","2,544"
Locality: 161 ROANOKE COUNTY,0401,401 - BONSACK,"1,351",46,"1,397",16,1,2,33,"69,289","3,693","72,982",479,150,41,133,"5,718,318","373,799","6,092,117","107,632","20,039","9,168","2,544"
Locality: 161 ROANOKE COUNTY,0402,402 - NORTH LINDENWOOD,"2,122",108,"2,230",10,3,1,33,"69,289","3,693","72,982",479,150,41,133,"5,718,318","373,799","6,092,117","107,632","20,039","9,168","2,544"
Locality: 161 ROANOKE COUNTY,0403,403 - NORTH VINTON,"2,605",158,"2,763",15,1,,33,"69,289","3,693","72,982",479,150,41,133,"5,718,318","373,799","6,092,117","107,632","20,039","9,168","2,544"
Locality: 161 ROANOKE COUNTY,0404,404 - SOUTH VINTON,"2,505",157,"2,662",14,1,,33,"69,289","3,693","72,982",479,150,41,133,"5,718,318","373,799","6,092,117","107,632","20,039","9,168","2,544"
Locality: 161 ROANOKE COUNTY,0405,405 - SOUTH LINDENWOOD,"1,986",70,"2,056",11,2,4,33,"69,289","3,693","72,982",479,150,41,133,"5,718,318","373,799","6,092,117","107,632","20,039","9,168","2,544"
Locality: 161 ROANOKE COUNTY,0406,406 - MOUNT PLEASANT,"2,725",86,"2,811",12,1,1,33,"69,289","3,693","72,982",479,150,41,133,"5,718,318","373,799","6,092,117","107,632","20,039","9,168","2,544"
Locality: 161 ROANOKE COUNTY,0501,501 - STARKEY,"1,785",100,"1,885",11,5,2,33,"69,289","3,693","72,982",479,150,41,133,"5,718,318","373,799","6,092,117","107,632","20,039","9,168","2,544"
Locality: 161 ROANOKE COUNTY,0502,502 - WEST CAVE SPRING,"1,852",80,"1,932",9,8,,33,"69,289","3,693","72,982",479,150,41,133,"5,718,318","373,799","6,092,117","107,632","20,039","9,168","2,544"
Locality: 161 ROANOKE COUNTY,0503,503 - EAST CAVE SPRING,"2,050",98,"2,148",11,7,2,33,"69,289","3,693","72,982",479,150,41,133,"5,718,318","373,799","6,092,117","107,632","20,039","9,168","2,544"
Locality: 161 ROANOKE COUNTY,0504,504 - GREEN VALLEY,"3,091",373,"3,464",31,7,3,33,"69,289","3,693","72,982",479,150,41,133,"5,718,318","373,799","6,092,117","107,632","20,039","9,168","2,544"
Locality: 161 ROANOKE COUNTY,0505,505 - CLEARBROOK,"1,530",77,"1,607",9,2,,33,"69,289","3,693","72,982",479,150,41,133,"5,718,318","373,799","6,092,117","107,632","20,039","9,168","2,544"
Locality: 161 ROANOKE COUNTY,0506,506 - BUCK MOUNTAIN,488,30,518,1,1,,33,"69,289","3,693","72,982",479,150,41,133,"5,718,318","373,799","6,092,117","107,632","20,039","9,168","2,544"
Locality: 161 ROANOKE COUNTY,0507,507 - HUNTING HILLS,"2,746",171,"2,917",25,7,5,33,"69,289","3,693","72,982",479,150,41,133,"5,718,318","373,799","6,092,117","107,632","20,039","9,168","2,544"
Locality: 163 ROCKBRIDGE COUNTY,0101,101 - AIRPORT,"1,657",44,"1,701",17,10,9,17,"15,672",516,"16,188",140,49,25,133,"5,718,318","373,799","6,092,117","107,632","20,039","9,168","2,544"
Locality: 163 ROCKBRIDGE COUNTY,0102,102 - BEN SALEM,635,12,647,6,2,1,17,"15,672",516,"16,188",140,49,25,133,"5,718,318","373,799","6,092,117","107,632","20,039","9,168","2,544"
Locality: 163 ROCKBRIDGE COUNTY,0103,103 - PLANK ROAD,532,14,546,1,3,3,17,"15,672",516,"16,188",140,49,25,133,"5,718,318","373,799","6,092,117","107,632","20,039","9,168","2,544"
Locality: 163 ROCKBRIDGE COUNTY,0104,104 - EFFINGER,601,12,613,6,1,,17,"15,672",516,"16,188",140,49,25,133,"5,718,318","373,799","6,092,117","107,632","20,039","9,168","2,544"
Locality: 163 ROCKBRIDGE COUNTY,0201,201 - COLLIERSTOWN,627,25,652,7,2,1,17,"15,672",516,"16,188",140,49,25,133,"5,718,318","373,799","6,092,117","107,632","20,039","9,168","2,544"
Locality: 163 ROCKBRIDGE COUNTY,0202,202 - HIGHLAND BELLE,"1,922",74,"1,996",18,8,5,17,"15,672",516,"16,188",140,49,25,133,"5,718,318","373,799","6,092,117","107,632","20,039","9,168","2,544"
Locality: 163 ROCKBRIDGE COUNTY,0203,203 - VO-TECH,422,47,469,10,1,,17,"15,672",516,"16,188",140,49,25,133,"5,718,318","373,799","6,092,117","107,632","20,039","9,168","2,544"
Locality: 163 ROCKBRIDGE COUNTY,0301,301 - MAURY RIVER,"1,325",36,"1,361",12,3,,17,"15,672",516,"16,188",140,49,25,133,"5,718,318","373,799","6,092,117","107,632","20,039","9,168","2,544"
Locality: 163 ROCKBRIDGE COUNTY,0302,302 - NATURAL BRIDGE,"1,064",27,"1,091",2,,,17,"15,672",516,"16,188",140,49,25,133,"5,718,318","373,799","6,092,117","107,632","20,039","9,168","2,544"
Locality: 163 ROCKBRIDGE COUNTY,0303,303 - FALLING SPRING,485,23,508,4,,1,17,"15,672",516,"16,188",140,49,25,133,"5,718,318","373,799","6,092,117","107,632","20,039","9,168","2,544"
Locality: 163 ROCKBRIDGE COUNTY,0401,401 - FAIRFIELD,"1,035",30,"1,065",4,4,3,17,"15,672",516,"16,188",140,49,25,133,"5,718,318","373,799","6,092,117","107,632","20,039","9,168","2,544"
Locality: 163 ROCKBRIDGE COUNTY,0402,402 - MOUNTAIN VIEW,"1,614",49,"1,663",9,7,,17,"15,672",516,"16,188",140,49,25,133,"5,718,318","373,799","6,092,117","107,632","20,039","9,168","2,544"
Locality: 163 ROCKBRIDGE COUNTY,0403,403 - VESUVIUS,527,14,541,4,1,,17,"15,672",516,"16,188",140,49,25,133,"5,718,318","373,799","6,092,117","107,632","20,039","9,168","2,544"
Locality: 163 ROCKBRIDGE COUNTY,0501,501 - GOSHEN,562,23,585,5,,1,17,"15,672",516,"16,188",140,49,25,133,"5,718,318","373,799","6,092,117","107,632","20,039","9,168","2,544"
Locality: 163 ROCKBRIDGE COUNTY,0502,502 - MEADOWVIEW,"1,043",41,"1,084",15,,,17,"15,672",516,"16,188",140,49,25,133,"5,718,318","373,799","6,092,117","107,632","20,039","9,168","2,544"
Locality: 163 ROCKBRIDGE COUNTY,0503,503 - ROCKBRIDGE BATHS,601,19,620,7,4,1,17,"15,672",516,"16,188",140,49,25,133,"5,718,318","373,799","6,092,117","107,632","20,039","9,168","2,544"
Locality: 163 ROCKBRIDGE COUNTY,0504,504 - ROCKBRIDGE,"1,020",26,"1,046",13,3,,17,"15,672",516,"16,188",140,49,25,133,"5,718,318","373,799","6,092,117","107,632","20,039","9,168","2,544"
Locality: 165 ROCKINGHAM COUNTY,0101,101 - BROADWAY,"2,758",120,"2,878",17,4,1,29,"54,475","1,954","56,429",348,82,46,133,"5,718,318","373,799","6,092,117","107,632","20,039","9,168","2,544"
Locality: 165 ROCKINGHAM COUNTY,0102,102 - TIMBERVILLE,"1,699",69,"1,768",6,5,1,29,"54,475","1,954","56,429",348,82,46,133,"5,718,318","373,799","6,092,117","107,632","20,039","9,168","2,544"
Locality: 165 ROCKINGHAM COUNTY,0103,103 - FULKS RUN,"1,510",60,"1,570",7,1,1,29,"54,475","1,954","56,429",348,82,46,133,"5,718,318","373,799","6,092,117","107,632","20,039","9,168","2,544"
Locality: 165 ROCKINGHAM COUNTY,0104,104 - BERGTON,481,22,503,3,2,,29,"54,475","1,954","56,429",348,82,46,133,"5,718,318","373,799","6,092,117","107,632","20,039","9,168","2,544"
Locality: 165 ROCKINGHAM COUNTY,0105,105 - LACEY SPRING,"2,284",88,"2,372",7,2,,29,"54,475","1,954","56,429",348,82,46,133,"5,718,318","373,799","6,092,117","107,632","20,039","9,168","2,544"
Locality: 165 ROCKINGHAM COUNTY,0106,106 - LONE PINE,"2,062",52,"2,114",10,2,3,29,"54,475","1,954","56,429",348,82,46,133,"5,718,318","373,799","6,092,117","107,632","20,039","9,168","2,544"
Locality: 165 ROCKINGHAM COUNTY,0201,201 - SINGERS GLEN,"1,640",33,"1,673",9,2,4,29,"54,475","1,954","56,429",348,82,46,133,"5,718,318","373,799","6,092,117","107,632","20,039","9,168","2,544"
Locality: 165 ROCKINGHAM COUNTY,0202,202 - EDOM,"2,955",87,"3,042",26,6,3,29,"54,475","1,954","56,429",348,82,46,133,"5,718,318","373,799","6,092,117","107,632","20,039","9,168","2,544"
Locality: 165 ROCKINGHAM COUNTY,0203,203 - DAYTON,"1,160",48,"1,208",10,4,2,29,"54,475","1,954","56,429",348,82,46,133,"5,718,318","373,799","6,092,117","107,632","20,039","9,168","2,544"
Locality: 165 ROCKINGHAM COUNTY,0204,204 - MT CLINTON,"1,852",39,"1,891",9,3,3,29,"54,475","1,954","56,429",348,82,46,133,"5,718,318","373,799","6,092,117","107,632","20,039","9,168","2,544"
Locality: 165 ROCKINGHAM COUNTY,0205,205 - SILVER LAKE,"2,669",65,"2,734",24,7,1,29,"54,475","1,954","56,429",348,82,46,133,"5,718,318","373,799","6,092,117","107,632","20,039","9,168","2,544"
Locality: 165 ROCKINGHAM COUNTY,0301,301 - KEEZLETOWN,"1,197",59,"1,256",14,8,4,29,"54,475","1,954","56,429",348,82,46,133,"5,718,318","373,799","6,092,117","107,632","20,039","9,168","2,544"
Locality: 165 ROCKINGHAM COUNTY,0302,302 - PORT REPUBLIC,"1,261",42,"1,303",12,,,29,"54,475","1,954","56,429",348,82,46,133,"5,718,318","373,799","6,092,117","107,632","20,039","9,168","2,544"
Locality: 165 ROCKINGHAM COUNTY,0303,303 - MELROSE,"1,004",32,"1,036",10,,,29,"54,475","1,954","56,429",348,82,46,133,"5,718,318","373,799","6,092,117","107,632","20,039","9,168","2,544"
Locality: 165 ROCKINGHAM COUNTY,0304,304 - GROTTOES,"2,023",115,"2,138",5,1,1,29,"54,475","1,954","56,429",348,82,46,133,"5,718,318","373,799","6,092,117","107,632","20,039","9,168","2,544"
Locality: 165 ROCKINGHAM COUNTY,0305,305 - MASSANETTA SPRINGS,"2,929",174,"3,103",26,4,2,29,"54,475","1,954","56,429",348,82,46,133,"5,718,318","373,799","6,092,117","107,632","20,039","9,168","2,544"
Locality: 165 ROCKINGHAM COUNTY,0306,306 - CROSSROADS,"2,975",83,"3,058",13,7,4,29,"54,475","1,954","56,429",348,82,46,133,"5,718,318","373,799","6,092,117","107,632","20,039","9,168","2,544"
Locality: 165 ROCKINGHAM COUNTY,0401,401 - WEST BRIDGEWATER,"1,456",51,"1,507",9,1,2,29,"54,475","1,954","56,429",348,82,46,133,"5,718,318","373,799","6,092,117","107,632","20,039","9,168","2,544"
Locality: 165 ROCKINGHAM COUNTY,0402,402 - MONTEZUMA,"1,735",25,"1,760",9,1,,29,"54,475","1,954","56,429",348,82,46,133,"5,718,318","373,799","6,092,117","107,632","20,039","9,168","2,544"
Locality: 165 ROCKINGHAM COUNTY,0403,403 - MT CRAWFORD,306,16,322,1,,,29,"54,475","1,954","56,429",348,82,46,133,"5,718,318","373,799","6,092,117","107,632","20,039","9,168","2,544"
Locality: 165 ROCKINGHAM COUNTY,0404,404 - NORTH RIVER,"2,291",126,"2,417",16,3,,29,"54,475","1,954","56,429",348,82,46,133,"5,718,318","373,799","6,092,117","107,632","20,039","9,168","2,544"
Locality: 165 ROCKINGHAM COUNTY,0405,405 - OTTOBINE,"1,926",47,"1,973",10,,,29,"54,475","1,954","56,429",348,82,46,133,"5,718,318","373,799","6,092,117","107,632","20,039","9,168","2,544"
Locality: 165 ROCKINGHAM COUNTY,0406,406 - EAST BRIDGEWATER,"2,177",117,"2,294",12,7,3,29,"54,475","1,954","56,429",348,82,46,133,"5,718,318","373,799","6,092,117","107,632","20,039","9,168","2,544"
Locality: 165 ROCKINGHAM COUNTY,0501,501 - ELKTON,"2,044",78,"2,122",14,4,1,29,"54,475","1,954","56,429",348,82,46,133,"5,718,318","373,799","6,092,117","107,632","20,039","9,168","2,544"
Locality: 165 ROCKINGHAM COUNTY,0502,502 - SWIFT RUN,"2,886",80,"2,966",17,,1,29,"54,475","1,954","56,429",348,82,46,133,"5,718,318","373,799","6,092,117","107,632","20,039","9,168","2,544"
Locality: 165 ROCKINGHAM COUNTY,0503,503 - MCGAHEYSVILLE,"2,577",56,"2,633",17,4,3,29,"54,475","1,954","56,429",348,82,46,133,"5,718,318","373,799","6,092,117","107,632","20,039","9,168","2,544"
Locality: 165 ROCKINGHAM COUNTY,0504,504 - SOUTH FORK,"1,332",30,"1,362",12,1,1,29,"54,475","1,954","56,429",348,82,46,133,"5,718,318","373,799","6,092,117","107,632","20,039","9,168","2,544"
Locality: 165 ROCKINGHAM COUNTY,0505,505 - STONY RUN,"2,078",100,"2,178",17,3,4,29,"54,475","1,954","56,429",348,82,46,133,"5,718,318","373,799","6,092,117","107,632","20,039","9,168","2,544"
Locality: 165 ROCKINGHAM COUNTY,0506,506 - DEEP RUN,"1,208",40,"1,248",6,,1,29,"54,475","1,954","56,429",348,82,46,133,"5,718,318","373,799","6,092,117","107,632","20,039","9,168","2,544"
Locality: 167 RUSSELL COUNTY,0101,101 - MOCCASIN,"1,341",35,"1,376",5,,,15,"18,613",522,"19,135",80,12,3,133,"5,718,318","373,799","6,092,117","107,632","20,039","9,168","2,544"
Locality: 167 RUSSELL COUNTY,0102,102 - COPPER CREEK,"1,061",20,"1,081",5,1,,15,"18,613",522,"19,135",80,12,3,133,"5,718,318","373,799","6,092,117","107,632","20,039","9,168","2,544"
Locality: 167 RUSSELL COUNTY,0103,103 - SOUTH CASTLEWOOD,806,31,837,5,,,15,"18,613",522,"19,135",80,12,3,133,"5,718,318","373,799","6,092,117","107,632","20,039","9,168","2,544"
Locality: 167 RUSSELL COUNTY,0201,201 - NORTH CASTLEWOOD,"2,359",70,"2,429",15,3,1,15,"18,613",522,"19,135",80,12,3,133,"5,718,318","373,799","6,092,117","107,632","20,039","9,168","2,544"
Locality: 167 RUSSELL COUNTY,0202,202 - DANTE,524,20,544,3,,,15,"18,613",522,"19,135",80,12,3,133,"5,718,318","373,799","6,092,117","107,632","20,039","9,168","2,544"
Locality: 167 RUSSELL COUNTY,0301,301 - COOKS MILL,429,6,435,,1,,15,"18,613",522,"19,135",80,12,3,133,"5,718,318","373,799","6,092,117","107,632","20,039","9,168","2,544"
Locality: 167 RUSSELL COUNTY,0302,302 - DAUGHERTY,519,8,527,4,,,15,"18,613",522,"19,135",80,12,3,133,"5,718,318","373,799","6,092,117","107,632","20,039","9,168","2,544"
Locality: 167 RUSSELL COUNTY,0303,303 - NEW GARDEN,"1,347",29,"1,376",6,,,15,"18,613",522,"19,135",80,12,3,133,"5,718,318","373,799","6,092,117","107,632","20,039","9,168","2,544"
Locality: 167 RUSSELL COUNTY,0304,304 - CLEVELAND,760,39,799,5,,1,15,"18,613",522,"19,135",80,12,3,133,"5,718,318","373,799","6,092,117","107,632","20,039","9,168","2,544"
Locality: 167 RUSSELL COUNTY,0401,401 - DRILL,172,5,177,1,,,15,"18,613",522,"19,135",80,12,3,133,"5,718,318","373,799","6,092,117","107,632","20,039","9,168","2,544"
Locality: 167 RUSSELL COUNTY,0402,402 - SWORDS CREEK,"1,938",40,"1,978",10,2,,15,"18,613",522,"19,135",80,12,3,133,"5,718,318","373,799","6,092,117","107,632","20,039","9,168","2,544"
Locality: 167 RUSSELL COUNTY,0403,403 - HONAKER,952,28,980,3,,,15,"18,613",522,"19,135",80,12,3,133,"5,718,318","373,799","6,092,117","107,632","20,039","9,168","2,544"
Locality: 167 RUSSELL COUNTY,0501,501 - WEST LEBANON,"3,083",97,"3,180",12,2,1,15,"18,613",522,"19,135",80,12,3,133,"5,718,318","373,799","6,092,117","107,632","20,039","9,168","2,544"
Locality: 167 RUSSELL COUNTY,0601,601 -  EAST LEBANON,"1,462",46,"1,508",3,1,,15,"18,613",522,"19,135",80,12,3,133,"5,718,318","373,799","6,092,117","107,632","20,039","9,168","2,544"
Locality: 167 RUSSELL COUNTY,0602,602 - ELK GARDEN,"1,860",48,"1,908",3,2,,15,"18,613",522,"19,135",80,12,3,133,"5,718,318","373,799","6,092,117","107,632","20,039","9,168","2,544"
Locality: 169 SCOTT COUNTY,0101,101 - WEBER CITY,"1,132",50,"1,182",3,,,17,"15,574",440,"16,014",42,1,,133,"5,718,318","373,799","6,092,117","107,632","20,039","9,168","2,544"
Locality: 169 SCOTT COUNTY,0102,102 - YUMA,"1,365",31,"1,396",5,,,17,"15,574",440,"16,014",42,1,,133,"5,718,318","373,799","6,092,117","107,632","20,039","9,168","2,544"
Locality: 169 SCOTT COUNTY,0202,202 - WEBER CITY EAST,"1,012",34,"1,046",1,,,17,"15,574",440,"16,014",42,1,,133,"5,718,318","373,799","6,092,117","107,632","20,039","9,168","2,544"
Locality: 169 SCOTT COUNTY,0203,203 - HILTONS,"1,318",36,"1,354",8,,,17,"15,574",440,"16,014",42,1,,133,"5,718,318","373,799","6,092,117","107,632","20,039","9,168","2,544"
Locality: 169 SCOTT COUNTY,0204,204 - CLARK'S,340,20,360,2,,,17,"15,574",440,"16,014",42,1,,133,"5,718,318","373,799","6,092,117","107,632","20,039","9,168","2,544"
Locality: 169 SCOTT COUNTY,0301,301 - NICKELSVILLE,997,28,"1,025",6,,,17,"15,574",440,"16,014",42,1,,133,"5,718,318","373,799","6,092,117","107,632","20,039","9,168","2,544"
Locality: 169 SCOTT COUNTY,0302,302 - SNOWFLAKE,711,19,730,5,,,17,"15,574",440,"16,014",42,1,,133,"5,718,318","373,799","6,092,117","107,632","20,039","9,168","2,544"
Locality: 169 SCOTT COUNTY,0303,303 - TWIN SPRINGS,775,5,780,,,,17,"15,574",440,"16,014",42,1,,133,"5,718,318","373,799","6,092,117","107,632","20,039","9,168","2,544"
Locality: 169 SCOTT COUNTY,0304,304 - COPPER CREEK,257,2,259,,,,17,"15,574",440,"16,014",42,1,,133,"5,718,318","373,799","6,092,117","107,632","20,039","9,168","2,544"
Locality: 169 SCOTT COUNTY,0401,401 - GATE CITY,"2,818",84,"2,902",5,1,,17,"15,574",440,"16,014",42,1,,133,"5,718,318","373,799","6,092,117","107,632","20,039","9,168","2,544"
Locality: 169 SCOTT COUNTY,0501,501 - DUNGANNON,605,21,626,1,,,17,"15,574",440,"16,014",42,1,,133,"5,718,318","373,799","6,092,117","107,632","20,039","9,168","2,544"
Locality: 169 SCOTT COUNTY,0502,502 - FORT BLACKMORE,638,13,651,1,,,17,"15,574",440,"16,014",42,1,,133,"5,718,318","373,799","6,092,117","107,632","20,039","9,168","2,544"
Locality: 169 SCOTT COUNTY,0503,503 - MANVILLE,433,9,442,1,,,17,"15,574",440,"16,014",42,1,,133,"5,718,318","373,799","6,092,117","107,632","20,039","9,168","2,544"
Locality: 169 SCOTT COUNTY,0504,504 - RYE COVE,878,26,904,,,,17,"15,574",440,"16,014",42,1,,133,"5,718,318","373,799","6,092,117","107,632","20,039","9,168","2,544"
Locality: 169 SCOTT COUNTY,0601,601 - CLINCHPORT,639,13,652,2,,,17,"15,574",440,"16,014",42,1,,133,"5,718,318","373,799","6,092,117","107,632","20,039","9,168","2,544"
Locality: 169 SCOTT COUNTY,0602,602 - DUFFIELD-PATTONSVILLE,"1,303",44,"1,347",2,,,17,"15,574",440,"16,014",42,1,,133,"5,718,318","373,799","6,092,117","107,632","20,039","9,168","2,544"
Locality: 169 SCOTT COUNTY,0603,603 - FAIRVIEW,353,5,358,,,,17,"15,574",440,"16,014",42,1,,133,"5,718,318","373,799","6,092,117","107,632","20,039","9,168","2,544"
Locality: 171 SHENANDOAH COUNTY,0101,101 - ORKNEY SPRINGS,"1,548",67,"1,615",10,3,8,14,"30,796","1,296","32,092",175,24,41,133,"5,718,318","373,799","6,092,117","107,632","20,039","9,168","2,544"
Locality: 171 SHENANDOAH COUNTY,0103,103 - NEW MARKET,"3,513",165,"3,678",15,5,7,14,"30,796","1,296","32,092",175,24,41,133,"5,718,318","373,799","6,092,117","107,632","20,039","9,168","2,544"
Locality: 171 SHENANDOAH COUNTY,0201,201 - CONICVILLE,"2,869",53,"2,922",16,6,1,14,"30,796","1,296","32,092",175,24,41,133,"5,718,318","373,799","6,092,117","107,632","20,039","9,168","2,544"
Locality: 171 SHENANDOAH COUNTY,0202,202 - MT JACKSON,"2,189",85,"2,274",8,,1,14,"30,796","1,296","32,092",175,24,41,133,"5,718,318","373,799","6,092,117","107,632","20,039","9,168","2,544"
Locality: 171 SHENANDOAH COUNTY,0302,302 - EDINBURG,"1,933",64,"1,997",12,1,1,14,"30,796","1,296","32,092",175,24,41,133,"5,718,318","373,799","6,092,117","107,632","20,039","9,168","2,544"
Locality: 171 SHENANDOAH COUNTY,0303,303 - ST LUKE,"2,517",69,"2,586",12,1,3,14,"30,796","1,296","32,092",175,24,41,133,"5,718,318","373,799","6,092,117","107,632","20,039","9,168","2,544"
Locality: 171 SHENANDOAH COUNTY,0304,304 - FORT VALLEY,"1,146",34,"1,180",14,1,,14,"30,796","1,296","32,092",175,24,41,133,"5,718,318","373,799","6,092,117","107,632","20,039","9,168","2,544"
Locality: 171 SHENANDOAH COUNTY,0401,401 - WOODSTOCK NORTH,"2,507",134,"2,641",16,3,3,14,"30,796","1,296","32,092",175,24,41,133,"5,718,318","373,799","6,092,117","107,632","20,039","9,168","2,544"
Locality: 171 SHENANDOAH COUNTY,0402,402 - WOODSTOCK SOUTH,"2,104",112,"2,216",12,1,3,14,"30,796","1,296","32,092",175,24,41,133,"5,718,318","373,799","6,092,117","107,632","20,039","9,168","2,544"
Locality: 171 SHENANDOAH COUNTY,0501,501 - CEDAR CREEK,210,4,214,,1,,14,"30,796","1,296","32,092",175,24,41,133,"5,718,318","373,799","6,092,117","107,632","20,039","9,168","2,544"
Locality: 171 SHENANDOAH COUNTY,0503,503 - TOMS BROOK,"3,090",119,"3,209",15,1,6,14,"30,796","1,296","32,092",175,24,41,133,"5,718,318","373,799","6,092,117","107,632","20,039","9,168","2,544"
Locality: 171 SHENANDOAH COUNTY,0504,504 - LEBANON CHURCH,"2,119",77,"2,196",14,,2,14,"30,796","1,296","32,092",175,24,41,133,"5,718,318","373,799","6,092,117","107,632","20,039","9,168","2,544"
Locality: 171 SHENANDOAH COUNTY,0601,601 - STRASBURG WEST,"2,556",139,"2,695",13,1,2,14,"30,796","1,296","32,092",175,24,41,133,"5,718,318","373,799","6,092,117","107,632","20,039","9,168","2,544"
Locality: 171 SHENANDOAH COUNTY,0602,602 - STRASBURG EAST,"2,495",174,"2,669",18,,4,14,"30,796","1,296","32,092",175,24,41,133,"5,718,318","373,799","6,092,117","107,632","20,039","9,168","2,544"
Locality: 173 SMYTH COUNTY,0101,101 - SALTVILLE,"2,658",69,"2,727",14,,,14,"19,505",593,"20,098",96,8,3,133,"5,718,318","373,799","6,092,117","107,632","20,039","9,168","2,544"
Locality: 173 SMYTH COUNTY,0201,201 - SEVEN MILE FORD,"1,944",54,"1,998",16,1,,14,"19,505",593,"20,098",96,8,3,133,"5,718,318","373,799","6,092,117","107,632","20,039","9,168","2,544"
Locality: 173 SMYTH COUNTY,0202,202 - RICH VALLEY,747,11,758,3,,,14,"19,505",593,"20,098",96,8,3,133,"5,718,318","373,799","6,092,117","107,632","20,039","9,168","2,544"
Locality: 173 SMYTH COUNTY,0301,301 - CHILHOWIE,"2,231",60,"2,291",13,,1,14,"19,505",593,"20,098",96,8,3,133,"5,718,318","373,799","6,092,117","107,632","20,039","9,168","2,544"
Locality: 173 SMYTH COUNTY,0302,302 - ST CLAIR,633,10,643,5,,,14,"19,505",593,"20,098",96,8,3,133,"5,718,318","373,799","6,092,117","107,632","20,039","9,168","2,544"
Locality: 173 SMYTH COUNTY,0401,401 - EAST PARK,"1,700",69,"1,769",5,2,,14,"19,505",593,"20,098",96,8,3,133,"5,718,318","373,799","6,092,117","107,632","20,039","9,168","2,544"
Locality: 173 SMYTH COUNTY,0402,402 - WEST PARK,996,60,"1,056",4,1,,14,"19,505",593,"20,098",96,8,3,133,"5,718,318","373,799","6,092,117","107,632","20,039","9,168","2,544"
Locality: 173 SMYTH COUNTY,0501,501 - ATKINS,"1,791",57,"1,848",5,,,14,"19,505",593,"20,098",96,8,3,133,"5,718,318","373,799","6,092,117","107,632","20,039","9,168","2,544"
Locality: 173 SMYTH COUNTY,0502,502 - WASSONA,"1,136",29,"1,165",5,1,,14,"19,505",593,"20,098",96,8,3,133,"5,718,318","373,799","6,092,117","107,632","20,039","9,168","2,544"
Locality: 173 SMYTH COUNTY,0601,601 - ROYAL OAK EAST,"1,854",73,"1,927",9,,,14,"19,505",593,"20,098",96,8,3,133,"5,718,318","373,799","6,092,117","107,632","20,039","9,168","2,544"
Locality: 173 SMYTH COUNTY,0602,602 - ROYAL OAK WEST,899,30,929,7,1,,14,"19,505",593,"20,098",96,8,3,133,"5,718,318","373,799","6,092,117","107,632","20,039","9,168","2,544"
Locality: 173 SMYTH COUNTY,0701,701 - ADWOLFE,"1,732",44,"1,776",5,2,1,14,"19,505",593,"20,098",96,8,3,133,"5,718,318","373,799","6,092,117","107,632","20,039","9,168","2,544"
Locality: 173 SMYTH COUNTY,0702,702 - SUGAR GROVE,"1,025",23,"1,048",4,,1,14,"19,505",593,"20,098",96,8,3,133,"5,718,318","373,799","6,092,117","107,632","20,039","9,168","2,544"
Locality: 173 SMYTH COUNTY,0703,703 - KONNAROCK,159,4,163,1,,,14,"19,505",593,"20,098",96,8,3,133,"5,718,318","373,799","6,092,117","107,632","20,039","9,168","2,544"
Locality: 175 SOUTHAMPTON COUNTY,0101,101 - BERLIN,927,33,960,24,,,13,"12,692",475,"13,167",184,7,6,133,"5,718,318","373,799","6,092,117","107,632","20,039","9,168","2,544"
Locality: 175 SOUTHAMPTON COUNTY,0102,102 - IVOR,"1,236",47,"1,283",25,1,,13,"12,692",475,"13,167",184,7,6,133,"5,718,318","373,799","6,092,117","107,632","20,039","9,168","2,544"
Locality: 175 SOUTHAMPTON COUNTY,0201,201 - BOYKINS,"1,263",40,"1,303",15,,,13,"12,692",475,"13,167",184,7,6,133,"5,718,318","373,799","6,092,117","107,632","20,039","9,168","2,544"
Locality: 175 SOUTHAMPTON COUNTY,0202,202 - BRANCHVILLE,430,9,439,2,,,13,"12,692",475,"13,167",184,7,6,133,"5,718,318","373,799","6,092,117","107,632","20,039","9,168","2,544"
Locality: 175 SOUTHAMPTON COUNTY,0301,301 - CAPRON,"1,016",24,"1,040",6,,2,13,"12,692",475,"13,167",184,7,6,133,"5,718,318","373,799","6,092,117","107,632","20,039","9,168","2,544"
Locality: 175 SOUTHAMPTON COUNTY,0302,302 - SEBRELL,996,27,"1,023",14,,,13,"12,692",475,"13,167",184,7,6,133,"5,718,318","373,799","6,092,117","107,632","20,039","9,168","2,544"
Locality: 175 SOUTHAMPTON COUNTY,0401,401 - DREWRYVILLE,781,36,817,7,1,1,13,"12,692",475,"13,167",184,7,6,133,"5,718,318","373,799","6,092,117","107,632","20,039","9,168","2,544"
Locality: 175 SOUTHAMPTON COUNTY,0501,501 - HUNTERDALE,"1,596",59,"1,655",38,1,1,13,"12,692",475,"13,167",184,7,6,133,"5,718,318","373,799","6,092,117","107,632","20,039","9,168","2,544"
Locality: 175 SOUTHAMPTON COUNTY,0502,502 - FORKS-OF-THE-RIVER,691,26,717,5,1,1,13,"12,692",475,"13,167",184,7,6,133,"5,718,318","373,799","6,092,117","107,632","20,039","9,168","2,544"
Locality: 175 SOUTHAMPTON COUNTY,0601,601 - COURTLAND,"1,421",67,"1,488",24,3,1,13,"12,692",475,"13,167",184,7,6,133,"5,718,318","373,799","6,092,117","107,632","20,039","9,168","2,544"
Locality: 175 SOUTHAMPTON COUNTY,0602,602 - SEDLEY,511,30,541,6,,,13,"12,692",475,"13,167",184,7,6,133,"5,718,318","373,799","6,092,117","107,632","20,039","9,168","2,544"
Locality: 175 SOUTHAMPTON COUNTY,0701,701 - BLACKWATER RIVER,814,35,849,10,,,13,"12,692",475,"13,167",184,7,6,133,"5,718,318","373,799","6,092,117","107,632","20,039","9,168","2,544"
Locality: 175 SOUTHAMPTON COUNTY,0702,702 - NEWSOMS,"1,010",42,"1,052",8,,,13,"12,692",475,"13,167",184,7,6,133,"5,718,318","373,799","6,092,117","107,632","20,039","9,168","2,544"
Locality: 177 SPOTSYLVANIA COUNTY,0101,101 - PARTLOW RURITAN,"2,977",111,"3,088",56,,,29,"99,540","5,245","104,785","2,267",238,74,133,"5,718,318","373,799","6,092,117","107,632","20,039","9,168","2,544"
Locality: 177 SPOTSYLVANIA COUNTY,0102,102 - BERKELEY,"3,349",145,"3,494",52,3,,29,"99,540","5,245","104,785","2,267",238,74,133,"5,718,318","373,799","6,092,117","107,632","20,039","9,168","2,544"
Locality: 177 SPOTSYLVANIA COUNTY,0103,103 - JOHN J WRIGHT,"4,915",150,"5,065",96,5,4,29,"99,540","5,245","104,785","2,267",238,74,133,"5,718,318","373,799","6,092,117","107,632","20,039","9,168","2,544"
Locality: 177 SPOTSYLVANIA COUNTY,0104,104 - MASSAPONAX HIGH,"3,574",237,"3,811",100,3,2,29,"99,540","5,245","104,785","2,267",238,74,133,"5,718,318","373,799","6,092,117","107,632","20,039","9,168","2,544"
Locality: 177 SPOTSYLVANIA COUNTY,0201,201 - WILDERNESS ELEMENTARY,"2,457",155,"2,612",49,8,2,29,"99,540","5,245","104,785","2,267",238,74,133,"5,718,318","373,799","6,092,117","107,632","20,039","9,168","2,544"
Locality: 177 SPOTSYLVANIA COUNTY,0202,202 - FIRE RESCUE 7,"4,433",225,"4,658",115,21,9,29,"99,540","5,245","104,785","2,267",238,74,133,"5,718,318","373,799","6,092,117","107,632","20,039","9,168","2,544"
Locality: 177 SPOTSYLVANIA COUNTY,0203,203 - NI RIVER MIDDLE,"3,736",182,"3,918",107,9,4,29,"99,540","5,245","104,785","2,267",238,74,133,"5,718,318","373,799","6,092,117","107,632","20,039","9,168","2,544"
Locality: 177 SPOTSYLVANIA COUNTY,0204,204 - CHANCELLOR ELEMENTARY,"4,088",258,"4,346",105,17,2,29,"99,540","5,245","104,785","2,267",238,74,133,"5,718,318","373,799","6,092,117","107,632","20,039","9,168","2,544"
Locality: 177 SPOTSYLVANIA COUNTY,0301,301 - SALEM ELEMENTARY,"2,708",173,"2,881",44,4,1,29,"99,540","5,245","104,785","2,267",238,74,133,"5,718,318","373,799","6,092,117","107,632","20,039","9,168","2,544"
Locality: 177 SPOTSYLVANIA COUNTY,0302,302 - SALEM LIBRARY,"4,031",197,"4,228",89,11,2,29,"99,540","5,245","104,785","2,267",238,74,133,"5,718,318","373,799","6,092,117","107,632","20,039","9,168","2,544"
Locality: 177 SPOTSYLVANIA COUNTY,0303,303 - RIVERBEND HIGH,"4,263",215,"4,478",93,12,2,29,"99,540","5,245","104,785","2,267",238,74,133,"5,718,318","373,799","6,092,117","107,632","20,039","9,168","2,544"
Locality: 177 SPOTSYLVANIA COUNTY,0304,304 - KNIGHTS OF PYTHIAS,"3,011",184,"3,195",58,6,2,29,"99,540","5,245","104,785","2,267",238,74,133,"5,718,318","373,799","6,092,117","107,632","20,039","9,168","2,544"
Locality: 177 SPOTSYLVANIA COUNTY,0401,401 - COSNER PARK,"2,966",157,"3,123",60,6,1,29,"99,540","5,245","104,785","2,267",238,74,133,"5,718,318","373,799","6,092,117","107,632","20,039","9,168","2,544"
Locality: 177 SPOTSYLVANIA COUNTY,0402,402 - GERMANNA CAMPUS,"3,974",253,"4,227",110,12,,29,"99,540","5,245","104,785","2,267",238,74,133,"5,718,318","373,799","6,092,117","107,632","20,039","9,168","2,544"
Locality: 177 SPOTSYLVANIA COUNTY,0403,403 - LEE HILL ELEMENTARY,"3,966",262,"4,228",102,7,4,29,"99,540","5,245","104,785","2,267",238,74,133,"5,718,318","373,799","6,092,117","107,632","20,039","9,168","2,544"
Locality: 177 SPOTSYLVANIA COUNTY,0404,404 - FIRE RESCUE 11,"2,235",137,"2,372",59,5,1,29,"99,540","5,245","104,785","2,267",238,74,133,"5,718,318","373,799","6,092,117","107,632","20,039","9,168","2,544"
Locality: 177 SPOTSYLVANIA COUNTY,0501,501 - BELMONT RURITAN,"2,624",112,"2,736",45,1,2,29,"99,540","5,245","104,785","2,267",238,74,133,"5,718,318","373,799","6,092,117","107,632","20,039","9,168","2,544"
Locality: 177 SPOTSYLVANIA COUNTY,0502,502 - FIRE RESCUE 2,"2,420",95,"2,515",33,2,,29,"99,540","5,245","104,785","2,267",238,74,133,"5,718,318","373,799","6,092,117","107,632","20,039","9,168","2,544"
Locality: 177 SPOTSYLVANIA COUNTY,0503,503 - SPOTSYLVANIA HIGH,"2,602",78,"2,680",44,1,,29,"99,540","5,245","104,785","2,267",238,74,133,"5,718,318","373,799","6,092,117","107,632","20,039","9,168","2,544"
Locality: 177 SPOTSYLVANIA COUNTY,0504,504 - PUBLIC SAFETY,"3,584",183,"3,767",73,21,6,29,"99,540","5,245","104,785","2,267",238,74,133,"5,718,318","373,799","6,092,117","107,632","20,039","9,168","2,544"
Locality: 177 SPOTSYLVANIA COUNTY,0505,505 - BROCK ROAD ELEMENTARY,"4,224",174,"4,398",90,12,1,29,"99,540","5,245","104,785","2,267",238,74,133,"5,718,318","373,799","6,092,117","107,632","20,039","9,168","2,544"
Locality: 177 SPOTSYLVANIA COUNTY,0601,601 - BATTLEFIELD ELEMENTARY,"3,463",199,"3,662",83,8,2,29,"99,540","5,245","104,785","2,267",238,74,133,"5,718,318","373,799","6,092,117","107,632","20,039","9,168","2,544"
Locality: 177 SPOTSYLVANIA COUNTY,0602,602 - SMITH STATION ELEMENTARY,"4,148",240,"4,388",106,10,3,29,"99,540","5,245","104,785","2,267",238,74,133,"5,718,318","373,799","6,092,117","107,632","20,039","9,168","2,544"
Locality: 177 SPOTSYLVANIA COUNTY,0603,603 - CHANCELLOR HIGH,"2,684",144,"2,828",66,5,4,29,"99,540","5,245","104,785","2,267",238,74,133,"5,718,318","373,799","6,092,117","107,632","20,039","9,168","2,544"
Locality: 177 SPOTSYLVANIA COUNTY,0604,604 - COURTHOUSE ROAD ELEMENTARY,"2,871",176,"3,047",61,7,2,29,"99,540","5,245","104,785","2,267",238,74,133,"5,718,318","373,799","6,092,117","107,632","20,039","9,168","2,544"
Locality: 177 SPOTSYLVANIA COUNTY,0701,701 - SPOTSWOOD ELEMENTARY,"3,167",186,"3,353",65,3,7,29,"99,540","5,245","104,785","2,267",238,74,133,"5,718,318","373,799","6,092,117","107,632","20,039","9,168","2,544"
Locality: 177 SPOTSYLVANIA COUNTY,0702,702 - EASTLAND CHURCH,"3,624",263,"3,887",79,12,3,29,"99,540","5,245","104,785","2,267",238,74,133,"5,718,318","373,799","6,092,117","107,632","20,039","9,168","2,544"
Locality: 177 SPOTSYLVANIA COUNTY,0703,703 - LEES PARKE,"3,435",208,"3,643",133,14,2,29,"99,540","5,245","104,785","2,267",238,74,133,"5,718,318","373,799","6,092,117","107,632","20,039","9,168","2,544"
Locality: 177 SPOTSYLVANIA COUNTY,0704,704 - COURTLAND ELEMENTARY,"4,011",146,"4,157",94,13,6,29,"99,540","5,245","104,785","2,267",238,74,133,"5,718,318","373,799","6,092,117","107,632","20,039","9,168","2,544"
Locality: 179 STAFFORD COUNTY,0101,101 - HARTWOOD,"4,479",210,"4,689",204,28,,37,"103,012","7,359","110,371","5,112",518,44,133,"5,718,318","373,799","6,092,117","107,632","20,039","9,168","2,544"
Locality: 179 STAFFORD COUNTY,0102,102 - SIMPSON,"2,914",169,"3,083",134,9,1,37,"103,012","7,359","110,371","5,112",518,44,133,"5,718,318","373,799","6,092,117","107,632","20,039","9,168","2,544"
Locality: 179 STAFFORD COUNTY,0103,103 - COLLEGE,"2,791",167,"2,958",117,16,1,37,"103,012","7,359","110,371","5,112",518,44,133,"5,718,318","373,799","6,092,117","107,632","20,039","9,168","2,544"
Locality: 179 STAFFORD COUNTY,0104,104 - WESTLAKE,"1,958",91,"2,049",71,2,,37,"103,012","7,359","110,371","5,112",518,44,133,"5,718,318","373,799","6,092,117","107,632","20,039","9,168","2,544"
Locality: 179 STAFFORD COUNTY,0105,105 - ROCKY RUN,"1,755",146,"1,901",98,5,,37,"103,012","7,359","110,371","5,112",518,44,133,"5,718,318","373,799","6,092,117","107,632","20,039","9,168","2,544"
Locality: 179 STAFFORD COUNTY,0106,106 - FORGE,"1,669",109,"1,778",107,11,,37,"103,012","7,359","110,371","5,112",518,44,133,"5,718,318","373,799","6,092,117","107,632","20,039","9,168","2,544"
Locality: 179 STAFFORD COUNTY,0201,201 - ROCK HILL,"4,178",338,"4,516",283,19,1,37,"103,012","7,359","110,371","5,112",518,44,133,"5,718,318","373,799","6,092,117","107,632","20,039","9,168","2,544"
Locality: 179 STAFFORD COUNTY,0202,202 - ROSEVILLE,"3,346",196,"3,542",170,25,4,37,"103,012","7,359","110,371","5,112",518,44,133,"5,718,318","373,799","6,092,117","107,632","20,039","9,168","2,544"
Locality: 179 STAFFORD COUNTY,0203,203 - RUBY,"2,834",189,"3,023",134,16,,37,"103,012","7,359","110,371","5,112",518,44,133,"5,718,318","373,799","6,092,117","107,632","20,039","9,168","2,544"
Locality: 179 STAFFORD COUNTY,0204,204 - STEFANIGA,"3,316",217,"3,533",203,14,1,37,"103,012","7,359","110,371","5,112",518,44,133,"5,718,318","373,799","6,092,117","107,632","20,039","9,168","2,544"
Locality: 179 STAFFORD COUNTY,0205,205 - MOUNT ARARAT,"1,495",98,"1,593",77,6,1,37,"103,012","7,359","110,371","5,112",518,44,133,"5,718,318","373,799","6,092,117","107,632","20,039","9,168","2,544"
Locality: 179 STAFFORD COUNTY,0301,301 - STAFFORDBORO,"1,984",209,"2,193",119,8,,37,"103,012","7,359","110,371","5,112",518,44,133,"5,718,318","373,799","6,092,117","107,632","20,039","9,168","2,544"
Locality: 179 STAFFORD COUNTY,0302,302 - WIDEWATER,"2,308",144,"2,452",106,3,1,37,"103,012","7,359","110,371","5,112",518,44,133,"5,718,318","373,799","6,092,117","107,632","20,039","9,168","2,544"
Locality: 179 STAFFORD COUNTY,0303,303 - BARRETT HEIGHTS,"1,835",142,"1,977",96,7,2,37,"103,012","7,359","110,371","5,112",518,44,133,"5,718,318","373,799","6,092,117","107,632","20,039","9,168","2,544"
Locality: 179 STAFFORD COUNTY,0304,304 - AQUIA EPISCOPAL,999,75,"1,074",59,12,,37,"103,012","7,359","110,371","5,112",518,44,133,"5,718,318","373,799","6,092,117","107,632","20,039","9,168","2,544"
Locality: 179 STAFFORD COUNTY,0305,305 - GRIFFIS,"1,160",168,"1,328",103,3,,37,"103,012","7,359","110,371","5,112",518,44,133,"5,718,318","373,799","6,092,117","107,632","20,039","9,168","2,544"
Locality: 179 STAFFORD COUNTY,0306,306 - MIDWAY,"2,509",208,"2,717",128,16,,37,"103,012","7,359","110,371","5,112",518,44,133,"5,718,318","373,799","6,092,117","107,632","20,039","9,168","2,544"
Locality: 179 STAFFORD COUNTY,0401,401 - COURTHOUSE,"3,504",365,"3,869",231,11,2,37,"103,012","7,359","110,371","5,112",518,44,133,"5,718,318","373,799","6,092,117","107,632","20,039","9,168","2,544"
Locality: 179 STAFFORD COUNTY,0402,402 - BROOKE,"1,946",139,"2,085",108,20,,37,"103,012","7,359","110,371","5,112",518,44,133,"5,718,318","373,799","6,092,117","107,632","20,039","9,168","2,544"
Locality: 179 STAFFORD COUNTY,0403,403 - HARBOUR,"2,165",194,"2,359",131,18,4,37,"103,012","7,359","110,371","5,112",518,44,133,"5,718,318","373,799","6,092,117","107,632","20,039","9,168","2,544"
Locality: 179 STAFFORD COUNTY,0404,404 - GOVERNMENT ISLAND,"2,761",253,"3,014",181,25,2,37,"103,012","7,359","110,371","5,112",518,44,133,"5,718,318","373,799","6,092,117","107,632","20,039","9,168","2,544"
Locality: 179 STAFFORD COUNTY,0405,405 - HOPE,"4,245",324,"4,569",193,20,1,37,"103,012","7,359","110,371","5,112",518,44,133,"5,718,318","373,799","6,092,117","107,632","20,039","9,168","2,544"
Locality: 179 STAFFORD COUNTY,0406,406 - AQUIA,763,119,882,61,2,,37,"103,012","7,359","110,371","5,112",518,44,133,"5,718,318","373,799","6,092,117","107,632","20,039","9,168","2,544"
Locality: 179 STAFFORD COUNTY,0501,501 - GRAFTON,"4,541",238,"4,779",151,28,4,37,"103,012","7,359","110,371","5,112",518,44,133,"5,718,318","373,799","6,092,117","107,632","20,039","9,168","2,544"
Locality: 179 STAFFORD COUNTY,0502,502 - FALMOUTH,"2,966",198,"3,164",79,17,2,37,"103,012","7,359","110,371","5,112",518,44,133,"5,718,318","373,799","6,092,117","107,632","20,039","9,168","2,544"
Locality: 179 STAFFORD COUNTY,0503,503 - DREW,"4,026",244,"4,270",159,6,1,37,"103,012","7,359","110,371","5,112",518,44,133,"5,718,318","373,799","6,092,117","107,632","20,039","9,168","2,544"
Locality: 179 STAFFORD COUNTY,0504,504 - GAYLE,"3,003",205,"3,208",60,8,,37,"103,012","7,359","110,371","5,112",518,44,133,"5,718,318","373,799","6,092,117","107,632","20,039","9,168","2,544"
Locality: 179 STAFFORD COUNTY,0505,505 - ESKIMO HILL,928,68,996,50,3,,37,"103,012","7,359","110,371","5,112",518,44,133,"5,718,318","373,799","6,092,117","107,632","20,039","9,168","2,544"
Locality: 179 STAFFORD COUNTY,0601,601 - FERRY FARM,"2,864",174,"3,038",80,15,2,37,"103,012","7,359","110,371","5,112",518,44,133,"5,718,318","373,799","6,092,117","107,632","20,039","9,168","2,544"
Locality: 179 STAFFORD COUNTY,0602,602 - CHATHAM,"3,536",233,"3,769",126,9,1,37,"103,012","7,359","110,371","5,112",518,44,133,"5,718,318","373,799","6,092,117","107,632","20,039","9,168","2,544"
Locality: 179 STAFFORD COUNTY,0603,603 - WHITE OAK,"3,469",146,"3,615",84,17,2,37,"103,012","7,359","110,371","5,112",518,44,133,"5,718,318","373,799","6,092,117","107,632","20,039","9,168","2,544"
Locality: 179 STAFFORD COUNTY,0604,604 - ENGLAND RUN,"1,574",182,"1,756",48,6,,37,"103,012","7,359","110,371","5,112",518,44,133,"5,718,318","373,799","6,092,117","107,632","20,039","9,168","2,544"
Locality: 179 STAFFORD COUNTY,0605,605 - MELCHERS,"4,109",200,"4,309",105,16,1,37,"103,012","7,359","110,371","5,112",518,44,133,"5,718,318","373,799","6,092,117","107,632","20,039","9,168","2,544"
Locality: 179 STAFFORD COUNTY,0701,701 - PARK RIDGE,"3,811",343,"4,154",245,26,3,37,"103,012","7,359","110,371","5,112",518,44,133,"5,718,318","373,799","6,092,117","107,632","20,039","9,168","2,544"
Locality: 179 STAFFORD COUNTY,0702,702 - WHITSON,"2,860",291,"3,151",164,16,2,37,"103,012","7,359","110,371","5,112",518,44,133,"5,718,318","373,799","6,092,117","107,632","20,039","9,168","2,544"
Locality: 179 STAFFORD COUNTY,0703,703 - HAMPTON,"3,950",282,"4,232",278,36,4,37,"103,012","7,359","110,371","5,112",518,44,133,"5,718,318","373,799","6,092,117","107,632","20,039","9,168","2,544"
Locality: 179 STAFFORD COUNTY,0704,704 - POOLE ,"4,461",285,"4,746",369,19,1,37,"103,012","7,359","110,371","5,112",518,44,133,"5,718,318","373,799","6,092,117","107,632","20,039","9,168","2,544"
Locality: 181 SURRY COUNTY,0101,101 - SURRY,"1,163",33,"1,196",15,2,,6,"5,476",197,"5,673",88,6,,133,"5,718,318","373,799","6,092,117","107,632","20,039","9,168","2,544"
Locality: 181 SURRY COUNTY,0201,201 - BACONS CASTLE,"1,086",37,"1,123",16,1,,6,"5,476",197,"5,673",88,6,,133,"5,718,318","373,799","6,092,117","107,632","20,039","9,168","2,544"
Locality: 181 SURRY COUNTY,0301,301 - DENDRON,"1,091",54,"1,145",26,1,,6,"5,476",197,"5,673",88,6,,133,"5,718,318","373,799","6,092,117","107,632","20,039","9,168","2,544"
Locality: 181 SURRY COUNTY,0401,401 - CARSLEY,"1,100",35,"1,135",13,,,6,"5,476",197,"5,673",88,6,,133,"5,718,318","373,799","6,092,117","107,632","20,039","9,168","2,544"
Locality: 181 SURRY COUNTY,0501,501 - CLAREMONT,668,23,691,15,2,,6,"5,476",197,"5,673",88,6,,133,"5,718,318","373,799","6,092,117","107,632","20,039","9,168","2,544"
Locality: 181 SURRY COUNTY,0502,502 - SPRING GROVE,368,15,383,3,,,6,"5,476",197,"5,673",88,6,,133,"5,718,318","373,799","6,092,117","107,632","20,039","9,168","2,544"
Locality: 183 SUSSEX COUNTY,0101,101 - WAVERLY,973,38,"1,011",11,,,10,"6,883",251,"7,134",75,4,,133,"5,718,318","373,799","6,092,117","107,632","20,039","9,168","2,544"
Locality: 183 SUSSEX COUNTY,0201,201 - STONY CREEK,961,31,992,6,,,10,"6,883",251,"7,134",75,4,,133,"5,718,318","373,799","6,092,117","107,632","20,039","9,168","2,544"
Locality: 183 SUSSEX COUNTY,0301,301 - COURTHOUSE,356,14,370,4,,,10,"6,883",251,"7,134",75,4,,133,"5,718,318","373,799","6,092,117","107,632","20,039","9,168","2,544"
Locality: 183 SUSSEX COUNTY,0302,302 - NEWVILLE ONE,250,17,267,2,,,10,"6,883",251,"7,134",75,4,,133,"5,718,318","373,799","6,092,117","107,632","20,039","9,168","2,544"
Locality: 183 SUSSEX COUNTY,0401,401 - WAKEFIELD FIREHOUSE,"1,150",39,"1,189",23,1,,10,"6,883",251,"7,134",75,4,,133,"5,718,318","373,799","6,092,117","107,632","20,039","9,168","2,544"
Locality: 183 SUSSEX COUNTY,0501,501 - HENRY,"1,058",32,"1,090",9,,,10,"6,883",251,"7,134",75,4,,133,"5,718,318","373,799","6,092,117","107,632","20,039","9,168","2,544"
Locality: 183 SUSSEX COUNTY,0601,601 - BLACKWATER,849,23,872,6,1,,10,"6,883",251,"7,134",75,4,,133,"5,718,318","373,799","6,092,117","107,632","20,039","9,168","2,544"
Locality: 183 SUSSEX COUNTY,0602,602 - WAKEFIELD,253,6,259,3,1,,10,"6,883",251,"7,134",75,4,,133,"5,718,318","373,799","6,092,117","107,632","20,039","9,168","2,544"
Locality: 183 SUSSEX COUNTY,0701,701 - YALE,654,33,687,10,1,,10,"6,883",251,"7,134",75,4,,133,"5,718,318","373,799","6,092,117","107,632","20,039","9,168","2,544"
Locality: 183 SUSSEX COUNTY,0702,702 - NEWVILLE TWO,379,18,397,1,,,10,"6,883",251,"7,134",75,4,,133,"5,718,318","373,799","6,092,117","107,632","20,039","9,168","2,544"
Locality: 185 TAZEWELL COUNTY,0101,101 - INDIAN VALLEY,884,64,948,4,,,20,"25,845","2,238","28,083",163,13,10,133,"5,718,318","373,799","6,092,117","107,632","20,039","9,168","2,544"
Locality: 185 TAZEWELL COUNTY,0102,102 - TIP TOP,669,57,726,3,,1,20,"25,845","2,238","28,083",163,13,10,133,"5,718,318","373,799","6,092,117","107,632","20,039","9,168","2,544"
Locality: 185 TAZEWELL COUNTY,0103,103 - MUNDY TOWN,"1,515",114,"1,629",16,2,,20,"25,845","2,238","28,083",163,13,10,133,"5,718,318","373,799","6,092,117","107,632","20,039","9,168","2,544"
Locality: 185 TAZEWELL COUNTY,0104,104 - FALLS MILLS,730,77,807,5,,,20,"25,845","2,238","28,083",163,13,10,133,"5,718,318","373,799","6,092,117","107,632","20,039","9,168","2,544"
Locality: 185 TAZEWELL COUNTY,0106,106 - POCAHONTAS,326,33,359,3,,,20,"25,845","2,238","28,083",163,13,10,133,"5,718,318","373,799","6,092,117","107,632","20,039","9,168","2,544"
Locality: 185 TAZEWELL COUNTY,0107,107 - AMONATE,122,43,165,1,,,20,"25,845","2,238","28,083",163,13,10,133,"5,718,318","373,799","6,092,117","107,632","20,039","9,168","2,544"
Locality: 185 TAZEWELL COUNTY,0109,109 - BISHOP,285,35,320,1,,,20,"25,845","2,238","28,083",163,13,10,133,"5,718,318","373,799","6,092,117","107,632","20,039","9,168","2,544"
Locality: 185 TAZEWELL COUNTY,0112,112 - BANDY,275,42,317,,,,20,"25,845","2,238","28,083",163,13,10,133,"5,718,318","373,799","6,092,117","107,632","20,039","9,168","2,544"
Locality: 185 TAZEWELL COUNTY,0203,203 - BURKES GARDEN,150,14,164,,1,,20,"25,845","2,238","28,083",163,13,10,133,"5,718,318","373,799","6,092,117","107,632","20,039","9,168","2,544"
Locality: 185 TAZEWELL COUNTY,0204,204 - CLEAR FORK,780,45,825,5,1,,20,"25,845","2,238","28,083",163,13,10,133,"5,718,318","373,799","6,092,117","107,632","20,039","9,168","2,544"
Locality: 185 TAZEWELL COUNTY,0207,207 - FREESTONE,185,22,207,1,,,20,"25,845","2,238","28,083",163,13,10,133,"5,718,318","373,799","6,092,117","107,632","20,039","9,168","2,544"
Locality: 185 TAZEWELL COUNTY,0209,209 - JEFFERSONVILLE,"3,634",230,"3,864",23,2,,20,"25,845","2,238","28,083",163,13,10,133,"5,718,318","373,799","6,092,117","107,632","20,039","9,168","2,544"
Locality: 185 TAZEWELL COUNTY,0214,214 - THOMPSON VALLEY,737,57,794,2,,,20,"25,845","2,238","28,083",163,13,10,133,"5,718,318","373,799","6,092,117","107,632","20,039","9,168","2,544"
Locality: 185 TAZEWELL COUNTY,0301,301 - CEDAR BLUFF,"2,755",278,"3,033",14,1,2,20,"25,845","2,238","28,083",163,13,10,133,"5,718,318","373,799","6,092,117","107,632","20,039","9,168","2,544"
Locality: 185 TAZEWELL COUNTY,0302,302 - BAPTIST VALLEY,455,50,505,1,,,20,"25,845","2,238","28,083",163,13,10,133,"5,718,318","373,799","6,092,117","107,632","20,039","9,168","2,544"
Locality: 185 TAZEWELL COUNTY,0303,303 - PAINT LICK,"2,049",91,"2,140",18,,,20,"25,845","2,238","28,083",163,13,10,133,"5,718,318","373,799","6,092,117","107,632","20,039","9,168","2,544"
Locality: 185 TAZEWELL COUNTY,0401,401 - RICHLANDS,"4,681",350,"5,031",32,2,3,20,"25,845","2,238","28,083",163,13,10,133,"5,718,318","373,799","6,092,117","107,632","20,039","9,168","2,544"
Locality: 185 TAZEWELL COUNTY,0402,402 - JEWELL RIDGE,297,48,345,4,,,20,"25,845","2,238","28,083",163,13,10,133,"5,718,318","373,799","6,092,117","107,632","20,039","9,168","2,544"
Locality: 185 TAZEWELL COUNTY,0501,501 - SPRINGVILLE,"1,890",188,"2,078",10,3,2,20,"25,845","2,238","28,083",163,13,10,133,"5,718,318","373,799","6,092,117","107,632","20,039","9,168","2,544"
Locality: 185 TAZEWELL COUNTY,0502,502 - GRAHAM,"3,426",400,"3,826",20,1,2,20,"25,845","2,238","28,083",163,13,10,133,"5,718,318","373,799","6,092,117","107,632","20,039","9,168","2,544"
Locality: 187 WARREN COUNTY,0101,101 - FORK TOWN,"2,116",143,"2,259",16,9,3,11,"28,721","1,515","30,236",255,54,15,133,"5,718,318","373,799","6,092,117","107,632","20,039","9,168","2,544"
Locality: 187 WARREN COUNTY,0102,102 - OTTERBURN,"3,479",134,"3,613",34,1,,11,"28,721","1,515","30,236",255,54,15,133,"5,718,318","373,799","6,092,117","107,632","20,039","9,168","2,544"
Locality: 187 WARREN COUNTY,0201,201 - HAPPY CREEK,"3,023",169,"3,192",29,9,4,11,"28,721","1,515","30,236",255,54,15,133,"5,718,318","373,799","6,092,117","107,632","20,039","9,168","2,544"
Locality: 187 WARREN COUNTY,0202,202 - LINDEN,"3,145",164,"3,309",23,8,1,11,"28,721","1,515","30,236",255,54,15,133,"5,718,318","373,799","6,092,117","107,632","20,039","9,168","2,544"
Locality: 187 WARREN COUNTY,0301,301 - NORTH RIVER,"2,778",147,"2,925",24,3,3,11,"28,721","1,515","30,236",255,54,15,133,"5,718,318","373,799","6,092,117","107,632","20,039","9,168","2,544"
Locality: 187 WARREN COUNTY,0302,302 - RIVERTON,"2,943",125,"3,068",29,6,,11,"28,721","1,515","30,236",255,54,15,133,"5,718,318","373,799","6,092,117","107,632","20,039","9,168","2,544"
Locality: 187 WARREN COUNTY,0401,401 - EAST SHENANDOAH,"4,053",284,"4,337",49,6,1,11,"28,721","1,515","30,236",255,54,15,133,"5,718,318","373,799","6,092,117","107,632","20,039","9,168","2,544"
Locality: 187 WARREN COUNTY,0402,402 - TOWN - WEST SHENANDOAH,"1,758",68,"1,826",11,2,,11,"28,721","1,515","30,236",255,54,15,133,"5,718,318","373,799","6,092,117","107,632","20,039","9,168","2,544"
Locality: 187 WARREN COUNTY,0501,501 - SOUTH RIVER,"3,538",201,"3,739",21,9,3,11,"28,721","1,515","30,236",255,54,15,133,"5,718,318","373,799","6,092,117","107,632","20,039","9,168","2,544"
Locality: 187 WARREN COUNTY,0502,502 - BENTONVILLE,"1,075",58,"1,133",11,,,11,"28,721","1,515","30,236",255,54,15,133,"5,718,318","373,799","6,092,117","107,632","20,039","9,168","2,544"
Locality: 187 WARREN COUNTY,0504,504 - BROWNTOWN,813,22,835,8,1,,11,"28,721","1,515","30,236",255,54,15,133,"5,718,318","373,799","6,092,117","107,632","20,039","9,168","2,544"
Locality: 191 WASHINGTON COUNTY,0101,101 - EAST ABINGDON,"3,420",172,"3,592",18,6,3,19,"37,959","1,326","39,285",242,35,16,133,"5,718,318","373,799","6,092,117","107,632","20,039","9,168","2,544"
Locality: 191 WASHINGTON COUNTY,0102,102 - WEST ABINGDON,"1,933",93,"2,026",11,4,2,19,"37,959","1,326","39,285",242,35,16,133,"5,718,318","373,799","6,092,117","107,632","20,039","9,168","2,544"
Locality: 191 WASHINGTON COUNTY,0201,201 - CLINCHBURG,"1,115",43,"1,158",2,,,19,"37,959","1,326","39,285",242,35,16,133,"5,718,318","373,799","6,092,117","107,632","20,039","9,168","2,544"
Locality: 191 WASHINGTON COUNTY,0202,202 - GREENDALE,"1,958",45,"2,003",13,2,,19,"37,959","1,326","39,285",242,35,16,133,"5,718,318","373,799","6,092,117","107,632","20,039","9,168","2,544"
Locality: 191 WASHINGTON COUNTY,0203,203 - HAYTERS GAP,672,23,695,6,,1,19,"37,959","1,326","39,285",242,35,16,133,"5,718,318","373,799","6,092,117","107,632","20,039","9,168","2,544"
Locality: 191 WASHINGTON COUNTY,0204,204 WOODLAND HILLS,"1,624",50,"1,674",10,,,19,"37,959","1,326","39,285",242,35,16,133,"5,718,318","373,799","6,092,117","107,632","20,039","9,168","2,544"
Locality: 191 WASHINGTON COUNTY,0301,301 - WATAUGA,"2,918",101,"3,019",17,5,1,19,"37,959","1,326","39,285",242,35,16,133,"5,718,318","373,799","6,092,117","107,632","20,039","9,168","2,544"
Locality: 191 WASHINGTON COUNTY,0302,302 - SOUTH ABINGDON,"3,076",158,"3,234",22,7,,19,"37,959","1,326","39,285",242,35,16,133,"5,718,318","373,799","6,092,117","107,632","20,039","9,168","2,544"
Locality: 191 WASHINGTON COUNTY,0401,401 - GLADE SPRING,"2,160",61,"2,221",14,2,2,19,"37,959","1,326","39,285",242,35,16,133,"5,718,318","373,799","6,092,117","107,632","20,039","9,168","2,544"
Locality: 191 WASHINGTON COUNTY,0402,402 - MEADOWVIEW,"2,705",83,"2,788",15,,2,19,"37,959","1,326","39,285",242,35,16,133,"5,718,318","373,799","6,092,117","107,632","20,039","9,168","2,544"
Locality: 191 WASHINGTON COUNTY,0501,501 - RHEA VALLEY,"3,487",86,"3,573",30,2,1,19,"37,959","1,326","39,285",242,35,16,133,"5,718,318","373,799","6,092,117","107,632","20,039","9,168","2,544"
Locality: 191 WASHINGTON COUNTY,0502,502 - DAMASCUS,"1,610",57,"1,667",9,3,1,19,"37,959","1,326","39,285",242,35,16,133,"5,718,318","373,799","6,092,117","107,632","20,039","9,168","2,544"
Locality: 191 WASHINGTON COUNTY,0504,504 - GREEN COVE,258,3,261,,,,19,"37,959","1,326","39,285",242,35,16,133,"5,718,318","373,799","6,092,117","107,632","20,039","9,168","2,544"
Locality: 191 WASHINGTON COUNTY,0601,601 - BURSON PLACE,"2,940",81,"3,021",12,,1,19,"37,959","1,326","39,285",242,35,16,133,"5,718,318","373,799","6,092,117","107,632","20,039","9,168","2,544"
Locality: 191 WASHINGTON COUNTY,0602,602 - MENDOTA,512,14,526,5,,,19,"37,959","1,326","39,285",242,35,16,133,"5,718,318","373,799","6,092,117","107,632","20,039","9,168","2,544"
Locality: 191 WASHINGTON COUNTY,0603,603 - VALLEY INSTITUTE,"2,042",57,"2,099",16,1,2,19,"37,959","1,326","39,285",242,35,16,133,"5,718,318","373,799","6,092,117","107,632","20,039","9,168","2,544"
Locality: 191 WASHINGTON COUNTY,0701,701 - HIGH POINT,"2,236",70,"2,306",17,2,,19,"37,959","1,326","39,285",242,35,16,133,"5,718,318","373,799","6,092,117","107,632","20,039","9,168","2,544"
Locality: 191 WASHINGTON COUNTY,0702,702 - WALLACE,825,25,850,10,,,19,"37,959","1,326","39,285",242,35,16,133,"5,718,318","373,799","6,092,117","107,632","20,039","9,168","2,544"
Locality: 191 WASHINGTON COUNTY,0703,703 - JOHN BATTLE,"2,468",104,"2,572",15,1,,19,"37,959","1,326","39,285",242,35,16,133,"5,718,318","373,799","6,092,117","107,632","20,039","9,168","2,544"
Locality: 193 WESTMORELAND COUNTY,0101,101 - PRECINCT 1-1,"1,595",59,"1,654",16,4,,8,"13,559",599,"14,158",186,21,9,133,"5,718,318","373,799","6,092,117","107,632","20,039","9,168","2,544"
Locality: 193 WESTMORELAND COUNTY,0102,102 - PRECINCT 1-2,"1,016",27,"1,043",10,1,2,8,"13,559",599,"14,158",186,21,9,133,"5,718,318","373,799","6,092,117","107,632","20,039","9,168","2,544"
Locality: 193 WESTMORELAND COUNTY,0201,201 - PRECINCT 2-1,"1,794",64,"1,858",11,9,2,8,"13,559",599,"14,158",186,21,9,133,"5,718,318","373,799","6,092,117","107,632","20,039","9,168","2,544"
Locality: 193 WESTMORELAND COUNTY,0202,202 - PRECINCT 2-2,"1,062",35,"1,097",17,,,8,"13,559",599,"14,158",186,21,9,133,"5,718,318","373,799","6,092,117","107,632","20,039","9,168","2,544"
Locality: 193 WESTMORELAND COUNTY,0301,301 - PRECINCT 3-1,"1,304",44,"1,348",16,,,8,"13,559",599,"14,158",186,21,9,133,"5,718,318","373,799","6,092,117","107,632","20,039","9,168","2,544"
Locality: 193 WESTMORELAND COUNTY,0302,302 - PRECINCT 3-2,"1,420",60,"1,480",19,2,,8,"13,559",599,"14,158",186,21,9,133,"5,718,318","373,799","6,092,117","107,632","20,039","9,168","2,544"
Locality: 193 WESTMORELAND COUNTY,0401,401 - PRECINCT 4-1,"2,621",124,"2,745",41,1,,8,"13,559",599,"14,158",186,21,9,133,"5,718,318","373,799","6,092,117","107,632","20,039","9,168","2,544"
Locality: 193 WESTMORELAND COUNTY,0501,501 - PRECINCT 5-1,"2,747",186,"2,933",56,4,5,8,"13,559",599,"14,158",186,21,9,133,"5,718,318","373,799","6,092,117","107,632","20,039","9,168","2,544"
Locality: 195 WISE COUNTY,0101,101 - APPALACHIA,"1,489",59,"1,548",6,1,,12,"23,716",903,"24,619",125,17,1,133,"5,718,318","373,799","6,092,117","107,632","20,039","9,168","2,544"
Locality: 195 WISE COUNTY,0102,102 - DORCHESTER,959,22,981,2,,,12,"23,716",903,"24,619",125,17,1,133,"5,718,318","373,799","6,092,117","107,632","20,039","9,168","2,544"
Locality: 195 WISE COUNTY,0103,103 - GUEST RIVER VOTING PLACE,977,47,"1,024",5,,,12,"23,716",903,"24,619",125,17,1,133,"5,718,318","373,799","6,092,117","107,632","20,039","9,168","2,544"
Locality: 195 WISE COUNTY,0104,104 - WEST POUND,"2,526",76,"2,602",11,1,,12,"23,716",903,"24,619",125,17,1,133,"5,718,318","373,799","6,092,117","107,632","20,039","9,168","2,544"
Locality: 195 WISE COUNTY,0201,201 - NORTH COEBURN,"1,382",47,"1,429",7,,,12,"23,716",903,"24,619",125,17,1,133,"5,718,318","373,799","6,092,117","107,632","20,039","9,168","2,544"
Locality: 195 WISE COUNTY,0202,202 - WISE,"3,710",167,"3,877",22,6,,12,"23,716",903,"24,619",125,17,1,133,"5,718,318","373,799","6,092,117","107,632","20,039","9,168","2,544"
Locality: 195 WISE COUNTY,0203,203 - EAST POUND,662,20,682,3,,,12,"23,716",903,"24,619",125,17,1,133,"5,718,318","373,799","6,092,117","107,632","20,039","9,168","2,544"
Locality: 195 WISE COUNTY,0301,301 - BIG STONE GAP,"2,989",118,"3,107",16,4,1,12,"23,716",903,"24,619",125,17,1,133,"5,718,318","373,799","6,092,117","107,632","20,039","9,168","2,544"
Locality: 195 WISE COUNTY,0302,302 - EAST STONE GAP,"2,873",109,"2,982",12,2,,12,"23,716",903,"24,619",125,17,1,133,"5,718,318","373,799","6,092,117","107,632","20,039","9,168","2,544"
Locality: 195 WISE COUNTY,0401,401 - CLINCH VALLEY,"2,427",89,"2,516",18,2,,12,"23,716",903,"24,619",125,17,1,133,"5,718,318","373,799","6,092,117","107,632","20,039","9,168","2,544"
Locality: 195 WISE COUNTY,0402,402 - SOUTH COEBURN,"2,793",118,"2,911",18,1,,12,"23,716",903,"24,619",125,17,1,133,"5,718,318","373,799","6,092,117","107,632","20,039","9,168","2,544"
Locality: 195 WISE COUNTY,0403,403 - ST PAUL,929,31,960,5,,,12,"23,716",903,"24,619",125,17,1,133,"5,718,318","373,799","6,092,117","107,632","20,039","9,168","2,544"
Locality: 197 WYTHE COUNTY,0101,101 - ROYAL OAK,798,21,819,9,,,11,"20,185",647,"20,832",131,13,8,133,"5,718,318","373,799","6,092,117","107,632","20,039","9,168","2,544"
Locality: 197 WYTHE COUNTY,0102,102 - RURAL RETREAT,"2,639",73,"2,712",16,,1,11,"20,185",647,"20,832",131,13,8,133,"5,718,318","373,799","6,092,117","107,632","20,039","9,168","2,544"
Locality: 197 WYTHE COUNTY,0203,203 - WEST WYTHEVILLE,"3,374",132,"3,506",22,4,4,11,"20,185",647,"20,832",131,13,8,133,"5,718,318","373,799","6,092,117","107,632","20,039","9,168","2,544"
Locality: 197 WYTHE COUNTY,0303,303 - EAST WYTHEVILLE,"3,479",165,"3,644",26,3,3,11,"20,185",647,"20,832",131,13,8,133,"5,718,318","373,799","6,092,117","107,632","20,039","9,168","2,544"
Locality: 197 WYTHE COUNTY,0401,401 - FORT CHISWELL,"1,594",44,"1,638",9,,,11,"20,185",647,"20,832",131,13,8,133,"5,718,318","373,799","6,092,117","107,632","20,039","9,168","2,544"
Locality: 197 WYTHE COUNTY,0402,402 - MAX MEADOWS,"1,753",39,"1,792",9,1,,11,"20,185",647,"20,832",131,13,8,133,"5,718,318","373,799","6,092,117","107,632","20,039","9,168","2,544"
Locality: 197 WYTHE COUNTY,0501,501 - JACKSON MEMORIAL,"1,354",34,"1,388",11,,,11,"20,185",647,"20,832",131,13,8,133,"5,718,318","373,799","6,092,117","107,632","20,039","9,168","2,544"
Locality: 197 WYTHE COUNTY,0502,502 - SHEFFEY,"1,888",44,"1,932",13,2,,11,"20,185",647,"20,832",131,13,8,133,"5,718,318","373,799","6,092,117","107,632","20,039","9,168","2,544"
Locality: 197 WYTHE COUNTY,0601,601 - HUDDLE,822,17,839,4,1,,11,"20,185",647,"20,832",131,13,8,133,"5,718,318","373,799","6,092,117","107,632","20,039","9,168","2,544"
Locality: 197 WYTHE COUNTY,0602,602 - ZION,"1,419",45,"1,464",7,1,,11,"20,185",647,"20,832",131,13,8,133,"5,718,318","373,799","6,092,117","107,632","20,039","9,168","2,544"
Locality: 197 WYTHE COUNTY,0603,603   EVERGREEN,"1,065",33,"1,098",5,1,,11,"20,185",647,"20,832",131,13,8,133,"5,718,318","373,799","6,092,117","107,632","20,039","9,168","2,544"
Locality: 199 YORK COUNTY,0101,101 - QUEENS LAKE,"2,422",110,"2,532",125,20,7,13,"47,551","2,972","50,523","2,868",245,51,133,"5,718,318","373,799","6,092,117","107,632","20,039","9,168","2,544"
Locality: 199 YORK COUNTY,0102,102 - WALLER MILL,"4,446",233,"4,679",166,58,5,13,"47,551","2,972","50,523","2,868",245,51,133,"5,718,318","373,799","6,092,117","107,632","20,039","9,168","2,544"
Locality: 199 YORK COUNTY,0103,103 - MAGRUDER,"4,162",293,"4,455",302,10,2,13,"47,551","2,972","50,523","2,868",245,51,133,"5,718,318","373,799","6,092,117","107,632","20,039","9,168","2,544"
Locality: 199 YORK COUNTY,0201,201 - COVENTRY,"4,486",443,"4,929",601,19,3,13,"47,551","2,972","50,523","2,868",245,51,133,"5,718,318","373,799","6,092,117","107,632","20,039","9,168","2,544"
Locality: 199 YORK COUNTY,0202,202 - KILN CREEK,"3,340",255,"3,595",177,12,3,13,"47,551","2,972","50,523","2,868",245,51,133,"5,718,318","373,799","6,092,117","107,632","20,039","9,168","2,544"
Locality: 199 YORK COUNTY,0301,301 - SEAFORD,"4,021",154,"4,175",130,7,3,13,"47,551","2,972","50,523","2,868",245,51,133,"5,718,318","373,799","6,092,117","107,632","20,039","9,168","2,544"
Locality: 199 YORK COUNTY,0302,302 - YORKTOWN,"2,122",84,"2,206",105,14,4,13,"47,551","2,972","50,523","2,868",245,51,133,"5,718,318","373,799","6,092,117","107,632","20,039","9,168","2,544"
Locality: 199 YORK COUNTY,0303,303 - EDGEHILL,"3,420",229,"3,649",220,20,9,13,"47,551","2,972","50,523","2,868",245,51,133,"5,718,318","373,799","6,092,117","107,632","20,039","9,168","2,544"
Locality: 199 YORK COUNTY,0401,401 - HARWOODS MILL,"3,818",153,"3,971",129,14,3,13,"47,551","2,972","50,523","2,868",245,51,133,"5,718,318","373,799","6,092,117","107,632","20,039","9,168","2,544"
Locality: 199 YORK COUNTY,0402,402 - DARE,"3,953",216,"4,169",148,25,5,13,"47,551","2,972","50,523","2,868",245,51,133,"5,718,318","373,799","6,092,117","107,632","20,039","9,168","2,544"
Locality: 199 YORK COUNTY,0403,403 - GRAFTON,"2,814",161,"2,975",125,11,,13,"47,551","2,972","50,523","2,868",245,51,133,"5,718,318","373,799","6,092,117","107,632","20,039","9,168","2,544"
Locality: 199 YORK COUNTY,0501,501 - TABB,"4,092",254,"4,346",207,16,3,13,"47,551","2,972","50,523","2,868",245,51,133,"5,718,318","373,799","6,092,117","107,632","20,039","9,168","2,544"
Locality: 199 YORK COUNTY,0502,502 - BETHEL,"4,455",387,"4,842",433,19,4,13,"47,551","2,972","50,523","2,868",245,51,133,"5,718,318","373,799","6,092,117","107,632","20,039","9,168","2,544"
Locality: 510 ALEXANDRIA CITY,0101,101 - LADREY SENIOR BUILDING,"3,066",431,"3,497",27,43,10,30,"98,307","13,527","111,834","1,276","1,385",525,133,"5,718,318","373,799","6,092,117","107,632","20,039","9,168","2,544"
Locality: 510 ALEXANDRIA CITY,0102,102 - CITY HALL,"2,894",249,"3,143",24,68,25,30,"98,307","13,527","111,834","1,276","1,385",525,133,"5,718,318","373,799","6,092,117","107,632","20,039","9,168","2,544"
Locality: 510 ALEXANDRIA CITY,0103,103 - LYLES CROUCH SCHOOL,"3,723",497,"4,220",54,58,52,30,"98,307","13,527","111,834","1,276","1,385",525,133,"5,718,318","373,799","6,092,117","107,632","20,039","9,168","2,544"
Locality: 510 ALEXANDRIA CITY,0104,104 - DURANT CENTER,"2,925",402,"3,327",38,48,26,30,"98,307","13,527","111,834","1,276","1,385",525,133,"5,718,318","373,799","6,092,117","107,632","20,039","9,168","2,544"
Locality: 510 ALEXANDRIA CITY,0105,105 - LEE CENTER,"2,649",425,"3,074",44,37,11,30,"98,307","13,527","111,834","1,276","1,385",525,133,"5,718,318","373,799","6,092,117","107,632","20,039","9,168","2,544"
Locality: 510 ALEXANDRIA CITY,0106,106 - CORA KELLY,"4,046",852,"4,898",52,53,15,30,"98,307","13,527","111,834","1,276","1,385",525,133,"5,718,318","373,799","6,092,117","107,632","20,039","9,168","2,544"
Locality: 510 ALEXANDRIA CITY,0107,107 - MT VERNON RECREATION CENTER,"4,186",502,"4,688",66,95,33,30,"98,307","13,527","111,834","1,276","1,385",525,133,"5,718,318","373,799","6,092,117","107,632","20,039","9,168","2,544"
Locality: 510 ALEXANDRIA CITY,0108,108 - GEORGE WASHINGTON MIDDLE SCH,"4,097",480,"4,577",47,73,21,30,"98,307","13,527","111,834","1,276","1,385",525,133,"5,718,318","373,799","6,092,117","107,632","20,039","9,168","2,544"
Locality: 510 ALEXANDRIA CITY,0109,109 - FIRE DEPARTMENT HEADQUARTERS,"2,511",293,"2,804",44,90,12,30,"98,307","13,527","111,834","1,276","1,385",525,133,"5,718,318","373,799","6,092,117","107,632","20,039","9,168","2,544"
Locality: 510 ALEXANDRIA CITY,0110,110 - CHARLES HOUSTON CENTER,"3,837",552,"4,389",76,53,10,30,"98,307","13,527","111,834","1,276","1,385",525,133,"5,718,318","373,799","6,092,117","107,632","20,039","9,168","2,544"
Locality: 510 ALEXANDRIA CITY,0111,111 - POTOMAC YARD,"1,671",356,"2,027",25,20,1,30,"98,307","13,527","111,834","1,276","1,385",525,133,"5,718,318","373,799","6,092,117","107,632","20,039","9,168","2,544"
Locality: 510 ALEXANDRIA CITY,0201,201 - NAOMI L. BROOKS SCHOOL,"2,441",214,"2,655",21,61,19,30,"98,307","13,527","111,834","1,276","1,385",525,133,"5,718,318","373,799","6,092,117","107,632","20,039","9,168","2,544"
Locality: 510 ALEXANDRIA CITY,0202,202 - GEORGE MASON SCHOOL,"2,818",158,"2,976",18,27,18,30,"98,307","13,527","111,834","1,276","1,385",525,133,"5,718,318","373,799","6,092,117","107,632","20,039","9,168","2,544"
Locality: 510 ALEXANDRIA CITY,0203,203 - CHARLES BARRETT CENTER,"2,658",358,"3,016",25,49,24,30,"98,307","13,527","111,834","1,276","1,385",525,133,"5,718,318","373,799","6,092,117","107,632","20,039","9,168","2,544"
Locality: 510 ALEXANDRIA CITY,0204,204 - BLESSED SACRAMENT CHURCH,"2,975",190,"3,165",24,37,18,30,"98,307","13,527","111,834","1,276","1,385",525,133,"5,718,318","373,799","6,092,117","107,632","20,039","9,168","2,544"
Locality: 510 ALEXANDRIA CITY,0205,205 - DOUGLAS MACARTHUR SCHOOL,"3,758",511,"4,269",46,69,21,30,"98,307","13,527","111,834","1,276","1,385",525,133,"5,718,318","373,799","6,092,117","107,632","20,039","9,168","2,544"
Locality: 510 ALEXANDRIA CITY,0206,206 - CHINQUAPIN PARK RECREATION CTR,"3,201",358,"3,559",33,45,18,30,"98,307","13,527","111,834","1,276","1,385",525,133,"5,718,318","373,799","6,092,117","107,632","20,039","9,168","2,544"
Locality: 510 ALEXANDRIA CITY,0207,207 - TEMPLE BETH EL SYNAGOGUE,"3,946",320,"4,266",54,53,14,30,"98,307","13,527","111,834","1,276","1,385",525,133,"5,718,318","373,799","6,092,117","107,632","20,039","9,168","2,544"
Locality: 510 ALEXANDRIA CITY,0208,208 - NOVA ARTS CENTER,"4,363",823,"5,186",88,58,15,30,"98,307","13,527","111,834","1,276","1,385",525,133,"5,718,318","373,799","6,092,117","107,632","20,039","9,168","2,544"
Locality: 510 ALEXANDRIA CITY,0209,209 - JAMES K POLK SCHOOL,"4,026",489,"4,515",43,47,18,30,"98,307","13,527","111,834","1,276","1,385",525,133,"5,718,318","373,799","6,092,117","107,632","20,039","9,168","2,544"
Locality: 510 ALEXANDRIA CITY,0210,210 - F.T. DAY SCHOOL,"2,311",263,"2,574",21,10,3,30,"98,307","13,527","111,834","1,276","1,385",525,133,"5,718,318","373,799","6,092,117","107,632","20,039","9,168","2,544"
Locality: 510 ALEXANDRIA CITY,0211,211 - ALEX RENEW,"2,741",532,"3,273",49,41,11,30,"98,307","13,527","111,834","1,276","1,385",525,133,"5,718,318","373,799","6,092,117","107,632","20,039","9,168","2,544"
Locality: 510 ALEXANDRIA CITY,0302,302 - PATRICK HENRY REC CENTER,"3,143",595,"3,738",37,23,18,30,"98,307","13,527","111,834","1,276","1,385",525,133,"5,718,318","373,799","6,092,117","107,632","20,039","9,168","2,544"
Locality: 510 ALEXANDRIA CITY,0303,303 - CHARLES E BEATLEY LIBRARY,"3,071",442,"3,513",20,26,10,30,"98,307","13,527","111,834","1,276","1,385",525,133,"5,718,318","373,799","6,092,117","107,632","20,039","9,168","2,544"
Locality: 510 ALEXANDRIA CITY,0304,304 - SAMUEL TUCKER SCHOOL,"3,647",657,"4,304",53,35,13,30,"98,307","13,527","111,834","1,276","1,385",525,133,"5,718,318","373,799","6,092,117","107,632","20,039","9,168","2,544"
Locality: 510 ALEXANDRIA CITY,0305,305 - JOHN ADAMS SCHOOL,"3,972",762,"4,734",45,29,14,30,"98,307","13,527","111,834","1,276","1,385",525,133,"5,718,318","373,799","6,092,117","107,632","20,039","9,168","2,544"
Locality: 510 ALEXANDRIA CITY,0306,306 - WILLIAM RAMSAY SCHOOL,"4,219",547,"4,766",48,21,27,30,"98,307","13,527","111,834","1,276","1,385",525,133,"5,718,318","373,799","6,092,117","107,632","20,039","9,168","2,544"
Locality: 510 ALEXANDRIA CITY,0307,307 - SOUTH PORT,"3,436",369,"3,805",31,25,18,30,"98,307","13,527","111,834","1,276","1,385",525,133,"5,718,318","373,799","6,092,117","107,632","20,039","9,168","2,544"
Locality: 510 ALEXANDRIA CITY,0308,308 - CAMERON STATION COMMUNITY CTR,"3,555",425,"3,980",102,69,17,30,"98,307","13,527","111,834","1,276","1,385",525,133,"5,718,318","373,799","6,092,117","107,632","20,039","9,168","2,544"
Locality: 510 ALEXANDRIA CITY,0309,309 - OLYMPUS CONDO,"2,421",475,"2,896",21,22,13,30,"98,307","13,527","111,834","1,276","1,385",525,133,"5,718,318","373,799","6,092,117","107,632","20,039","9,168","2,544"
Locality: 520 BRISTOL CITY,0001,001 - FIRST WARD,"2,203",246,"2,449",14,2,,4,"10,979","1,281","12,260",90,12,8,133,"5,718,318","373,799","6,092,117","107,632","20,039","9,168","2,544"
Locality: 520 BRISTOL CITY,0002,002 - SECOND WARD,"2,552",395,"2,947",22,5,4,4,"10,979","1,281","12,260",90,12,8,133,"5,718,318","373,799","6,092,117","107,632","20,039","9,168","2,544"
Locality: 520 BRISTOL CITY,0003,003 - THIRD WARD,"2,327",318,"2,645",32,4,2,4,"10,979","1,281","12,260",90,12,8,133,"5,718,318","373,799","6,092,117","107,632","20,039","9,168","2,544"
Locality: 520 BRISTOL CITY,0004,004 - FOURTH WARD,"3,897",322,"4,219",22,1,2,4,"10,979","1,281","12,260",90,12,8,133,"5,718,318","373,799","6,092,117","107,632","20,039","9,168","2,544"
Locality: 530 BUENA VISTA CITY,0001,001 - FIRST WARD,"2,128",111,"2,239",10,2,1,2,"4,080",341,"4,421",26,8,2,133,"5,718,318","373,799","6,092,117","107,632","20,039","9,168","2,544"
Locality: 530 BUENA VISTA CITY,0002,002 - SECOND WARD,"1,952",230,"2,182",16,6,1,2,"4,080",341,"4,421",26,8,2,133,"5,718,318","373,799","6,092,117","107,632","20,039","9,168","2,544"
Locality: 540 CHARLOTTESVILLE CITY,0101,101 - Key Recreation,"3,826",335,"4,161",17,45,28,9,"30,835","3,234","34,069",207,336,182,133,"5,718,318","373,799","6,092,117","107,632","20,039","9,168","2,544"
Locality: 540 CHARLOTTESVILLE CITY,0102,102 - CLARK,"4,218",321,"4,539",32,21,18,9,"30,835","3,234","34,069",207,336,182,133,"5,718,318","373,799","6,092,117","107,632","20,039","9,168","2,544"
Locality: 540 CHARLOTTESVILLE CITY,0201,201 - CARVER,"3,622",410,"4,032",28,50,18,9,"30,835","3,234","34,069",207,336,182,133,"5,718,318","373,799","6,092,117","107,632","20,039","9,168","2,544"
Locality: 540 CHARLOTTESVILLE CITY,0202,202 - WALKER,"4,196",191,"4,387",24,53,28,9,"30,835","3,234","34,069",207,336,182,133,"5,718,318","373,799","6,092,117","107,632","20,039","9,168","2,544"
Locality: 540 CHARLOTTESVILLE CITY,0301,301 - BENJAMIN TONSLER,"3,561",352,"3,913",27,35,7,9,"30,835","3,234","34,069",207,336,182,133,"5,718,318","373,799","6,092,117","107,632","20,039","9,168","2,544"
Locality: 540 CHARLOTTESVILLE CITY,0302,302 - JOHNSON,"4,253",364,"4,617",30,47,12,9,"30,835","3,234","34,069",207,336,182,133,"5,718,318","373,799","6,092,117","107,632","20,039","9,168","2,544"
Locality: 540 CHARLOTTESVILLE CITY,0303,303 - BUFORD,"2,090",339,"2,429",22,29,20,9,"30,835","3,234","34,069",207,336,182,133,"5,718,318","373,799","6,092,117","107,632","20,039","9,168","2,544"
Locality: 540 CHARLOTTESVILLE CITY,0401,401 - VENABLE,"2,379",491,"2,870",10,18,13,9,"30,835","3,234","34,069",207,336,182,133,"5,718,318","373,799","6,092,117","107,632","20,039","9,168","2,544"
Locality: 540 CHARLOTTESVILLE CITY,0402,402 - ALUMNI HALL,"2,690",431,"3,121",17,38,38,9,"30,835","3,234","34,069",207,336,182,133,"5,718,318","373,799","6,092,117","107,632","20,039","9,168","2,544"
Locality: 550 CHESAPEAKE CITY,0001,001 - GREAT BRIDGE,"2,816",168,"2,984",118,6,,64,"164,019","12,354","176,373","8,888",370,71,133,"5,718,318","373,799","6,092,117","107,632","20,039","9,168","2,544"
Locality: 550 CHESAPEAKE CITY,0002,002 - BETHEL,"2,680",153,"2,833",187,2,,64,"164,019","12,354","176,373","8,888",370,71,133,"5,718,318","373,799","6,092,117","107,632","20,039","9,168","2,544"
Locality: 550 CHESAPEAKE CITY,0003,003 - CAMELOT,"2,397",155,"2,552",102,8,,64,"164,019","12,354","176,373","8,888",370,71,133,"5,718,318","373,799","6,092,117","107,632","20,039","9,168","2,544"
Locality: 550 CHESAPEAKE CITY,0004,004 - CHURCHLAND,"2,565",137,"2,702",96,7,1,64,"164,019","12,354","176,373","8,888",370,71,133,"5,718,318","373,799","6,092,117","107,632","20,039","9,168","2,544"
Locality: 550 CHESAPEAKE CITY,0005,005 - CRESTWOOD,"2,543",209,"2,752",139,5,2,64,"164,019","12,354","176,373","8,888",370,71,133,"5,718,318","373,799","6,092,117","107,632","20,039","9,168","2,544"
Locality: 550 CHESAPEAKE CITY,0006,006 - DEEP CREEK,"2,491",184,"2,675",175,1,,64,"164,019","12,354","176,373","8,888",370,71,133,"5,718,318","373,799","6,092,117","107,632","20,039","9,168","2,544"
Locality: 550 CHESAPEAKE CITY,0007,007 - GREENBRIER,"2,570",200,"2,770",123,11,,64,"164,019","12,354","176,373","8,888",370,71,133,"5,718,318","373,799","6,092,117","107,632","20,039","9,168","2,544"
Locality: 550 CHESAPEAKE CITY,0008,008 - SOUTH NORFOLK RECREATION,"3,228",252,"3,480",171,2,,64,"164,019","12,354","176,373","8,888",370,71,133,"5,718,318","373,799","6,092,117","107,632","20,039","9,168","2,544"
Locality: 550 CHESAPEAKE CITY,0009,009 - BELLS MILL,"3,781",209,"3,990",214,12,3,64,"164,019","12,354","176,373","8,888",370,71,133,"5,718,318","373,799","6,092,117","107,632","20,039","9,168","2,544"
Locality: 550 CHESAPEAKE CITY,0010,010 - OSCAR SMITH,"1,489",121,"1,610",63,2,,64,"164,019","12,354","176,373","8,888",370,71,133,"5,718,318","373,799","6,092,117","107,632","20,039","9,168","2,544"
Locality: 550 CHESAPEAKE CITY,0011,011 - GENEVA PARK,"2,549",236,"2,785",84,1,,64,"164,019","12,354","176,373","8,888",370,71,133,"5,718,318","373,799","6,092,117","107,632","20,039","9,168","2,544"
Locality: 550 CHESAPEAKE CITY,0012,012 - GEORGETOWN,"2,252",165,"2,417",92,2,,64,"164,019","12,354","176,373","8,888",370,71,133,"5,718,318","373,799","6,092,117","107,632","20,039","9,168","2,544"
Locality: 550 CHESAPEAKE CITY,0013,013 - GILMERTON,"2,369",193,"2,562",127,6,,64,"164,019","12,354","176,373","8,888",370,71,133,"5,718,318","373,799","6,092,117","107,632","20,039","9,168","2,544"
Locality: 550 CHESAPEAKE CITY,0014,014 - GRASSFIELD,"3,937",324,"4,261",240,17,6,64,"164,019","12,354","176,373","8,888",370,71,133,"5,718,318","373,799","6,092,117","107,632","20,039","9,168","2,544"
Locality: 550 CHESAPEAKE CITY,0015,015 - GREENBRIER MIDDLE SCHOOL,"3,347",435,"3,782",189,11,2,64,"164,019","12,354","176,373","8,888",370,71,133,"5,718,318","373,799","6,092,117","107,632","20,039","9,168","2,544"
Locality: 550 CHESAPEAKE CITY,0016,016 - HICKORY GROVE,"2,962",136,"3,098",118,6,2,64,"164,019","12,354","176,373","8,888",370,71,133,"5,718,318","373,799","6,092,117","107,632","20,039","9,168","2,544"
Locality: 550 CHESAPEAKE CITY,0017,017 - INDIAN CREEK,"2,071",109,"2,180",99,7,,64,"164,019","12,354","176,373","8,888",370,71,133,"5,718,318","373,799","6,092,117","107,632","20,039","9,168","2,544"
Locality: 550 CHESAPEAKE CITY,0018,018 - INDIAN RIVER,"2,496",205,"2,701",136,1,,64,"164,019","12,354","176,373","8,888",370,71,133,"5,718,318","373,799","6,092,117","107,632","20,039","9,168","2,544"
Locality: 550 CHESAPEAKE CITY,0019,019 - JOLLIFF,"1,752",111,"1,863",104,5,,64,"164,019","12,354","176,373","8,888",370,71,133,"5,718,318","373,799","6,092,117","107,632","20,039","9,168","2,544"
Locality: 550 CHESAPEAKE CITY,0020,020 - E W CHITTUM,"2,825",129,"2,954",128,9,1,64,"164,019","12,354","176,373","8,888",370,71,133,"5,718,318","373,799","6,092,117","107,632","20,039","9,168","2,544"
Locality: 550 CHESAPEAKE CITY,0021,021 - FELLOWSHIP,"2,862",191,"3,053",109,4,1,64,"164,019","12,354","176,373","8,888",370,71,133,"5,718,318","373,799","6,092,117","107,632","20,039","9,168","2,544"
Locality: 550 CHESAPEAKE CITY,0022,022 - NORFOLK HIGHLANDS,"1,936",120,"2,056",98,1,,64,"164,019","12,354","176,373","8,888",370,71,133,"5,718,318","373,799","6,092,117","107,632","20,039","9,168","2,544"
Locality: 550 CHESAPEAKE CITY,0023,023 - OAK GROVE,"3,046",242,"3,288",131,8,1,64,"164,019","12,354","176,373","8,888",370,71,133,"5,718,318","373,799","6,092,117","107,632","20,039","9,168","2,544"
Locality: 550 CHESAPEAKE CITY,0024,024 - OAKLETTE,"2,785",244,"3,029",116,2,3,64,"164,019","12,354","176,373","8,888",370,71,133,"5,718,318","373,799","6,092,117","107,632","20,039","9,168","2,544"
Locality: 550 CHESAPEAKE CITY,0025,025 - ST JULIANS,"2,465",231,"2,696",101,1,1,64,"164,019","12,354","176,373","8,888",370,71,133,"5,718,318","373,799","6,092,117","107,632","20,039","9,168","2,544"
Locality: 550 CHESAPEAKE CITY,0026,026 - JOHNSON PARK,"1,546",146,"1,692",68,2,,64,"164,019","12,354","176,373","8,888",370,71,133,"5,718,318","373,799","6,092,117","107,632","20,039","9,168","2,544"
Locality: 550 CHESAPEAKE CITY,0027,027 - SILVERWOOD,"2,670",152,"2,822",120,5,3,64,"164,019","12,354","176,373","8,888",370,71,133,"5,718,318","373,799","6,092,117","107,632","20,039","9,168","2,544"
Locality: 550 CHESAPEAKE CITY,0028,028 - SUNRAY I,508,29,537,34,,,64,"164,019","12,354","176,373","8,888",370,71,133,"5,718,318","373,799","6,092,117","107,632","20,039","9,168","2,544"
Locality: 550 CHESAPEAKE CITY,0029,029 - TANGLEWOOD,"2,255",139,"2,394",113,3,,64,"164,019","12,354","176,373","8,888",370,71,133,"5,718,318","373,799","6,092,117","107,632","20,039","9,168","2,544"
Locality: 550 CHESAPEAKE CITY,0030,030 - SOUTH NORFOLK,"1,396",90,"1,486",61,2,,64,"164,019","12,354","176,373","8,888",370,71,133,"5,718,318","373,799","6,092,117","107,632","20,039","9,168","2,544"
Locality: 550 CHESAPEAKE CITY,0031,031 - CARVER SCHOOL,"3,534",272,"3,806",120,2,,64,"164,019","12,354","176,373","8,888",370,71,133,"5,718,318","373,799","6,092,117","107,632","20,039","9,168","2,544"
Locality: 550 CHESAPEAKE CITY,0032,032 - PROVIDENCE,"3,820",325,"4,145",137,2,,64,"164,019","12,354","176,373","8,888",370,71,133,"5,718,318","373,799","6,092,117","107,632","20,039","9,168","2,544"
Locality: 550 CHESAPEAKE CITY,0033,033 - WESTOVER,"1,619",155,"1,774",65,3,2,64,"164,019","12,354","176,373","8,888",370,71,133,"5,718,318","373,799","6,092,117","107,632","20,039","9,168","2,544"
Locality: 550 CHESAPEAKE CITY,0034,034 - HICKORY MIDDLE SCHOOL,"3,625",231,"3,856",158,15,1,64,"164,019","12,354","176,373","8,888",370,71,133,"5,718,318","373,799","6,092,117","107,632","20,039","9,168","2,544"
Locality: 550 CHESAPEAKE CITY,0035,035 - TAYLOR ROAD,"1,942",202,"2,144",88,3,,64,"164,019","12,354","176,373","8,888",370,71,133,"5,718,318","373,799","6,092,117","107,632","20,039","9,168","2,544"
Locality: 550 CHESAPEAKE CITY,0036,036 - GREAT BRIDGE BAPTIST CHURCH,"2,800",242,"3,042",120,7,2,64,"164,019","12,354","176,373","8,888",370,71,133,"5,718,318","373,799","6,092,117","107,632","20,039","9,168","2,544"
Locality: 550 CHESAPEAKE CITY,0037,037 - BRIDGETOWN,"3,016",212,"3,228",200,13,3,64,"164,019","12,354","176,373","8,888",370,71,133,"5,718,318","373,799","6,092,117","107,632","20,039","9,168","2,544"
Locality: 550 CHESAPEAKE CITY,0038,038 - BAILEY CREEK,"2,286",118,"2,404",89,8,,64,"164,019","12,354","176,373","8,888",370,71,133,"5,718,318","373,799","6,092,117","107,632","20,039","9,168","2,544"
Locality: 550 CHESAPEAKE CITY,0039,039 - LAKE DRUMMOND,"2,212",141,"2,353",125,8,,64,"164,019","12,354","176,373","8,888",370,71,133,"5,718,318","373,799","6,092,117","107,632","20,039","9,168","2,544"
Locality: 550 CHESAPEAKE CITY,0041,041 - JOHN T WEST,"4,338",306,"4,644",367,8,5,64,"164,019","12,354","176,373","8,888",370,71,133,"5,718,318","373,799","6,092,117","107,632","20,039","9,168","2,544"
Locality: 550 CHESAPEAKE CITY,0042,042 - PARKWAYS,"2,540",214,"2,754",121,4,1,64,"164,019","12,354","176,373","8,888",370,71,133,"5,718,318","373,799","6,092,117","107,632","20,039","9,168","2,544"
Locality: 550 CHESAPEAKE CITY,0043,043 - PLEASANT CROSSING,"2,484",120,"2,604",76,11,4,64,"164,019","12,354","176,373","8,888",370,71,133,"5,718,318","373,799","6,092,117","107,632","20,039","9,168","2,544"
Locality: 550 CHESAPEAKE CITY,0044,044 - NANSEMOND,"2,281",141,"2,422",136,6,1,64,"164,019","12,354","176,373","8,888",370,71,133,"5,718,318","373,799","6,092,117","107,632","20,039","9,168","2,544"
Locality: 550 CHESAPEAKE CITY,0045,045 - SUNRAY II,768,53,821,44,2,,64,"164,019","12,354","176,373","8,888",370,71,133,"5,718,318","373,799","6,092,117","107,632","20,039","9,168","2,544"
Locality: 550 CHESAPEAKE CITY,0046,046 - BELLS MILL II,"2,421",154,"2,575",165,5,1,64,"164,019","12,354","176,373","8,888",370,71,133,"5,718,318","373,799","6,092,117","107,632","20,039","9,168","2,544"
Locality: 550 CHESAPEAKE CITY,0048,048 - JOLLIFF MIDDLE SCHOOL,"3,709",317,"4,026",253,4,4,64,"164,019","12,354","176,373","8,888",370,71,133,"5,718,318","373,799","6,092,117","107,632","20,039","9,168","2,544"
Locality: 550 CHESAPEAKE CITY,0049,049 - WATERWAY,"2,599",185,"2,784",203,13,1,64,"164,019","12,354","176,373","8,888",370,71,133,"5,718,318","373,799","6,092,117","107,632","20,039","9,168","2,544"
Locality: 550 CHESAPEAKE CITY,0050,050 - RIVER WALK,"2,773",242,"3,015",181,12,1,64,"164,019","12,354","176,373","8,888",370,71,133,"5,718,318","373,799","6,092,117","107,632","20,039","9,168","2,544"
Locality: 550 CHESAPEAKE CITY,0051,051 - COOPERS WAY,"4,088",309,"4,397",291,8,2,64,"164,019","12,354","176,373","8,888",370,71,133,"5,718,318","373,799","6,092,117","107,632","20,039","9,168","2,544"
Locality: 550 CHESAPEAKE CITY,0052,052 - SHIPYARD ROAD,"2,255",189,"2,444",242,4,,64,"164,019","12,354","176,373","8,888",370,71,133,"5,718,318","373,799","6,092,117","107,632","20,039","9,168","2,544"
Locality: 550 CHESAPEAKE CITY,0053,053 - FAIRWAYS,"2,677",247,"2,924",129,3,1,64,"164,019","12,354","176,373","8,888",370,71,133,"5,718,318","373,799","6,092,117","107,632","20,039","9,168","2,544"
Locality: 550 CHESAPEAKE CITY,0054,054 - PUGHSVILLE,"2,642",243,"2,885",141,2,1,64,"164,019","12,354","176,373","8,888",370,71,133,"5,718,318","373,799","6,092,117","107,632","20,039","9,168","2,544"
Locality: 550 CHESAPEAKE CITY,0055,055 - GEORGETOWN EAST,"1,750",95,"1,845",61,2,1,64,"164,019","12,354","176,373","8,888",370,71,133,"5,718,318","373,799","6,092,117","107,632","20,039","9,168","2,544"
Locality: 550 CHESAPEAKE CITY,0056,056 - GREEN TREE,"2,506",247,"2,753",124,11,,64,"164,019","12,354","176,373","8,888",370,71,133,"5,718,318","373,799","6,092,117","107,632","20,039","9,168","2,544"
Locality: 550 CHESAPEAKE CITY,0057,057 - CYPRESS,"2,749",415,"3,164",216,6,2,64,"164,019","12,354","176,373","8,888",370,71,133,"5,718,318","373,799","6,092,117","107,632","20,039","9,168","2,544"
Locality: 550 CHESAPEAKE CITY,0058,058 - EXPRESSWAY,"1,110",73,"1,183",29,2,,64,"164,019","12,354","176,373","8,888",370,71,133,"5,718,318","373,799","6,092,117","107,632","20,039","9,168","2,544"
Locality: 550 CHESAPEAKE CITY,0059,059 - CLEARFIELD,"2,496",178,"2,674",145,4,4,64,"164,019","12,354","176,373","8,888",370,71,133,"5,718,318","373,799","6,092,117","107,632","20,039","9,168","2,544"
Locality: 550 CHESAPEAKE CITY,0060,060 - PARKER ROAD,"2,746",168,"2,914",202,14,1,64,"164,019","12,354","176,373","8,888",370,71,133,"5,718,318","373,799","6,092,117","107,632","20,039","9,168","2,544"
Locality: 550 CHESAPEAKE CITY,0061,061 - CENTERVILLE,"3,397",195,"3,592",181,5,,64,"164,019","12,354","176,373","8,888",370,71,133,"5,718,318","373,799","6,092,117","107,632","20,039","9,168","2,544"
Locality: 550 CHESAPEAKE CITY,0062,062 - FENTRESS,"2,659",121,"2,780",122,7,1,64,"164,019","12,354","176,373","8,888",370,71,133,"5,718,318","373,799","6,092,117","107,632","20,039","9,168","2,544"
Locality: 550 CHESAPEAKE CITY,0063,063 - POPLAR BRANCH,"1,801",88,"1,889",92,5,,64,"164,019","12,354","176,373","8,888",370,71,133,"5,718,318","373,799","6,092,117","107,632","20,039","9,168","2,544"
Locality: 550 CHESAPEAKE CITY,0064,064 - DEEP CREEK II,"3,216",279,"3,495",337,8,2,64,"164,019","12,354","176,373","8,888",370,71,133,"5,718,318","373,799","6,092,117","107,632","20,039","9,168","2,544"
Locality: 550 CHESAPEAKE CITY,0065,065 - WATERWAY II,"2,998",194,"3,192",155,10,4,64,"164,019","12,354","176,373","8,888",370,71,133,"5,718,318","373,799","6,092,117","107,632","20,039","9,168","2,544"
Locality: 550 CHESAPEAKE CITY,0066,066 - FAIRWAYS II,"1,573",268,"1,841",117,4,,64,"164,019","12,354","176,373","8,888",370,71,133,"5,718,318","373,799","6,092,117","107,632","20,039","9,168","2,544"
Locality: 570 COLONIAL HEIGHTS CITY,0001,001 - FIRST,"1,898",134,"2,032",25,1,,5,"12,274",696,"12,970",224,14,5,133,"5,718,318","373,799","6,092,117","107,632","20,039","9,168","2,544"
Locality: 570 COLONIAL HEIGHTS CITY,0002,002 - SECOND,"2,288",141,"2,429",50,3,1,5,"12,274",696,"12,970",224,14,5,133,"5,718,318","373,799","6,092,117","107,632","20,039","9,168","2,544"
Locality: 570 COLONIAL HEIGHTS CITY,0003,003 - THIRD,"2,526",152,"2,678",50,4,2,5,"12,274",696,"12,970",224,14,5,133,"5,718,318","373,799","6,092,117","107,632","20,039","9,168","2,544"
Locality: 570 COLONIAL HEIGHTS CITY,0004,004 - FOURTH,"3,026",170,"3,196",44,2,2,5,"12,274",696,"12,970",224,14,5,133,"5,718,318","373,799","6,092,117","107,632","20,039","9,168","2,544"
Locality: 570 COLONIAL HEIGHTS CITY,0005,005 - FIFTH,"2,536",99,"2,635",55,4,,5,"12,274",696,"12,970",224,14,5,133,"5,718,318","373,799","6,092,117","107,632","20,039","9,168","2,544"
Locality: 580 COVINGTON CITY,0101,101 - PRECINCT 1-1,651,41,692,8,,,5,"3,694",177,"3,871",27,1,4,133,"5,718,318","373,799","6,092,117","107,632","20,039","9,168","2,544"
Locality: 580 COVINGTON CITY,0201,201 - PRECINCT 2-1,749,29,778,3,,,5,"3,694",177,"3,871",27,1,4,133,"5,718,318","373,799","6,092,117","107,632","20,039","9,168","2,544"
Locality: 580 COVINGTON CITY,0301,301 - PRECINCT 3-1,688,47,735,8,,4,5,"3,694",177,"3,871",27,1,4,133,"5,718,318","373,799","6,092,117","107,632","20,039","9,168","2,544"
Locality: 580 COVINGTON CITY,0401,401 - PRECINCT 4-1,817,33,850,5,1,,5,"3,694",177,"3,871",27,1,4,133,"5,718,318","373,799","6,092,117","107,632","20,039","9,168","2,544"
Locality: 580 COVINGTON CITY,0501,501 - PRECINCT 5-1,789,27,816,3,,,5,"3,694",177,"3,871",27,1,4,133,"5,718,318","373,799","6,092,117","107,632","20,039","9,168","2,544"
Locality: 590 DANVILLE CITY,0001,001 - WARD ONE,863,122,985,1,1,,16,"26,896","1,751","28,647",54,22,16,133,"5,718,318","373,799","6,092,117","107,632","20,039","9,168","2,544"
Locality: 590 DANVILLE CITY,0002,002 - WARD TWO,851,111,962,,3,1,16,"26,896","1,751","28,647",54,22,16,133,"5,718,318","373,799","6,092,117","107,632","20,039","9,168","2,544"
Locality: 590 DANVILLE CITY,0003,003 - WARD THREE,"1,521",195,"1,716",8,3,4,16,"26,896","1,751","28,647",54,22,16,133,"5,718,318","373,799","6,092,117","107,632","20,039","9,168","2,544"
Locality: 590 DANVILLE CITY,0004,004 - WARD FOUR,"3,069",219,"3,288",7,2,3,16,"26,896","1,751","28,647",54,22,16,133,"5,718,318","373,799","6,092,117","107,632","20,039","9,168","2,544"
Locality: 590 DANVILLE CITY,0006,006 - WARD SIX,867,96,963,1,,,16,"26,896","1,751","28,647",54,22,16,133,"5,718,318","373,799","6,092,117","107,632","20,039","9,168","2,544"
Locality: 590 DANVILLE CITY,0007,007 - WARD SEVEN,"1,664",164,"1,828",1,2,,16,"26,896","1,751","28,647",54,22,16,133,"5,718,318","373,799","6,092,117","107,632","20,039","9,168","2,544"
Locality: 590 DANVILLE CITY,0008,008 - WARD EIGHT,"1,459",66,"1,525",4,2,,16,"26,896","1,751","28,647",54,22,16,133,"5,718,318","373,799","6,092,117","107,632","20,039","9,168","2,544"
Locality: 590 DANVILLE CITY,0009,009 - WARD NINE,"1,304",44,"1,348",2,,,16,"26,896","1,751","28,647",54,22,16,133,"5,718,318","373,799","6,092,117","107,632","20,039","9,168","2,544"
Locality: 590 DANVILLE CITY,0010,010 - WARD TEN,"1,731",89,"1,820",3,,2,16,"26,896","1,751","28,647",54,22,16,133,"5,718,318","373,799","6,092,117","107,632","20,039","9,168","2,544"
Locality: 590 DANVILLE CITY,0011,011 - WARD ELEVEN,"2,430",128,"2,558",3,,3,16,"26,896","1,751","28,647",54,22,16,133,"5,718,318","373,799","6,092,117","107,632","20,039","9,168","2,544"
Locality: 590 DANVILLE CITY,0012,012 - WARD TWELVE,"2,330",105,"2,435",3,2,,16,"26,896","1,751","28,647",54,22,16,133,"5,718,318","373,799","6,092,117","107,632","20,039","9,168","2,544"
Locality: 590 DANVILLE CITY,0013,013 - WARD THIRTEEN,"2,261",120,"2,381",6,5,2,16,"26,896","1,751","28,647",54,22,16,133,"5,718,318","373,799","6,092,117","107,632","20,039","9,168","2,544"
Locality: 590 DANVILLE CITY,0014,014 - WARD FOURTEEN,371,23,394,1,,,16,"26,896","1,751","28,647",54,22,16,133,"5,718,318","373,799","6,092,117","107,632","20,039","9,168","2,544"
Locality: 590 DANVILLE CITY,0015,015 - WARD FIFTEEN,"2,078",96,"2,174",4,1,,16,"26,896","1,751","28,647",54,22,16,133,"5,718,318","373,799","6,092,117","107,632","20,039","9,168","2,544"
Locality: 590 DANVILLE CITY,0016,016 - WARD SIXTEEN,"2,209",89,"2,298",5,1,,16,"26,896","1,751","28,647",54,22,16,133,"5,718,318","373,799","6,092,117","107,632","20,039","9,168","2,544"
Locality: 590 DANVILLE CITY,0017,017 - WARD SEVENTEEN,"1,888",84,"1,972",5,,1,16,"26,896","1,751","28,647",54,22,16,133,"5,718,318","373,799","6,092,117","107,632","20,039","9,168","2,544"
Locality: 595 EMPORIA CITY,0101,101 - PRECINCT 1-1,661,33,694,3,1,,7,"3,771",237,"4,008",34,2,,133,"5,718,318","373,799","6,092,117","107,632","20,039","9,168","2,544"
Locality: 595 EMPORIA CITY,0201,201 - PRECINCT 2-1,432,20,452,6,,,7,"3,771",237,"4,008",34,2,,133,"5,718,318","373,799","6,092,117","107,632","20,039","9,168","2,544"
Locality: 595 EMPORIA CITY,0301,301 - PRECINCT 3-1,557,48,605,5,,,7,"3,771",237,"4,008",34,2,,133,"5,718,318","373,799","6,092,117","107,632","20,039","9,168","2,544"
Locality: 595 EMPORIA CITY,0401,401 - PRECINCT 4-1,557,32,589,3,,,7,"3,771",237,"4,008",34,2,,133,"5,718,318","373,799","6,092,117","107,632","20,039","9,168","2,544"
Locality: 595 EMPORIA CITY,0501,501 - PRECINCT 5-1,483,33,516,4,1,,7,"3,771",237,"4,008",34,2,,133,"5,718,318","373,799","6,092,117","107,632","20,039","9,168","2,544"
Locality: 595 EMPORIA CITY,0601,601 - DISTRICT 6,620,34,654,7,,,7,"3,771",237,"4,008",34,2,,133,"5,718,318","373,799","6,092,117","107,632","20,039","9,168","2,544"
Locality: 595 EMPORIA CITY,0701,701 - DISTRICT 7,461,37,498,6,,,7,"3,771",237,"4,008",34,2,,133,"5,718,318","373,799","6,092,117","107,632","20,039","9,168","2,544"
Locality: 600 FAIRFAX CITY,0001,001 - ONE,"2,558",193,"2,751",33,32,13,6,"16,466","1,219","17,685",177,170,73,133,"5,718,318","373,799","6,092,117","107,632","20,039","9,168","2,544"
Locality: 600 FAIRFAX CITY,0002,002 - TWO,"2,661",148,"2,809",23,26,10,6,"16,466","1,219","17,685",177,170,73,133,"5,718,318","373,799","6,092,117","107,632","20,039","9,168","2,544"
Locality: 600 FAIRFAX CITY,0003,003 - THREE,"3,570",310,"3,880",37,42,22,6,"16,466","1,219","17,685",177,170,73,133,"5,718,318","373,799","6,092,117","107,632","20,039","9,168","2,544"
Locality: 600 FAIRFAX CITY,0004,004 - FOUR,"2,706",168,"2,874",31,21,12,6,"16,466","1,219","17,685",177,170,73,133,"5,718,318","373,799","6,092,117","107,632","20,039","9,168","2,544"
Locality: 600 FAIRFAX CITY,0005,005 - FIVE,"2,612",206,"2,818",29,28,8,6,"16,466","1,219","17,685",177,170,73,133,"5,718,318","373,799","6,092,117","107,632","20,039","9,168","2,544"
Locality: 600 FAIRFAX CITY,0006,006 - SIX,"2,359",194,"2,553",24,21,8,6,"16,466","1,219","17,685",177,170,73,133,"5,718,318","373,799","6,092,117","107,632","20,039","9,168","2,544"
Locality: 610 FALLS CHURCH CITY,0001,001 - FIRST WARD,"3,385",251,"3,636",52,137,13,3,"10,231",881,"11,112",135,412,53,133,"5,718,318","373,799","6,092,117","107,632","20,039","9,168","2,544"
Locality: 610 FALLS CHURCH CITY,0002,002 - SECOND WARD,"2,905",374,"3,279",40,145,17,3,"10,231",881,"11,112",135,412,53,133,"5,718,318","373,799","6,092,117","107,632","20,039","9,168","2,544"
Locality: 610 FALLS CHURCH CITY,0003,003 - THIRD WARD,"3,941",256,"4,197",43,130,23,3,"10,231",881,"11,112",135,412,53,133,"5,718,318","373,799","6,092,117","107,632","20,039","9,168","2,544"
Locality: 620 FRANKLIN CITY,0101,101 - PRECINCT 1-1,"1,049",42,"1,091",14,5,,6,"5,605",307,"5,912",76,7,3,133,"5,718,318","373,799","6,092,117","107,632","20,039","9,168","2,544"
Locality: 620 FRANKLIN CITY,0201,201 - PRECINCT 2-1,"1,037",55,"1,092",22,,1,6,"5,605",307,"5,912",76,7,3,133,"5,718,318","373,799","6,092,117","107,632","20,039","9,168","2,544"
Locality: 620 FRANKLIN CITY,0301,301 - PRECINCT 3-1,806,36,842,10,1,1,6,"5,605",307,"5,912",76,7,3,133,"5,718,318","373,799","6,092,117","107,632","20,039","9,168","2,544"
Locality: 620 FRANKLIN CITY,0401,401 - PRECINCT 4-1,928,60,988,8,,,6,"5,605",307,"5,912",76,7,3,133,"5,718,318","373,799","6,092,117","107,632","20,039","9,168","2,544"
Locality: 620 FRANKLIN CITY,0501,501 - PRECINCT 5-1,869,57,926,6,,1,6,"5,605",307,"5,912",76,7,3,133,"5,718,318","373,799","6,092,117","107,632","20,039","9,168","2,544"
Locality: 620 FRANKLIN CITY,0601,601 - PRECINCT 6-1,916,57,973,16,1,,6,"5,605",307,"5,912",76,7,3,133,"5,718,318","373,799","6,092,117","107,632","20,039","9,168","2,544"
Locality: 630 FREDERICKSBURG CITY,0101,101 - PRECINCT 1 - DISTRICT ONE,"4,403",373,"4,776",84,10,5,5,"17,705","1,593","19,298",323,48,24,133,"5,718,318","373,799","6,092,117","107,632","20,039","9,168","2,544"
Locality: 630 FREDERICKSBURG CITY,0201,201 - PRECINCT 1 - DISTRICT TWO,"3,816",285,"4,101",56,14,8,5,"17,705","1,593","19,298",323,48,24,133,"5,718,318","373,799","6,092,117","107,632","20,039","9,168","2,544"
Locality: 630 FREDERICKSBURG CITY,0301,301 - PRECINCT 1 - DISTRICT THREE,"4,707",417,"5,124",97,14,6,5,"17,705","1,593","19,298",323,48,24,133,"5,718,318","373,799","6,092,117","107,632","20,039","9,168","2,544"
Locality: 630 FREDERICKSBURG CITY,0401,401 - PRECINCT 1 - DISTRICT FOUR,"2,439",232,"2,671",29,8,4,5,"17,705","1,593","19,298",323,48,24,133,"5,718,318","373,799","6,092,117","107,632","20,039","9,168","2,544"
Locality: 630 FREDERICKSBURG CITY,0402,402 - PRECINCT 2 - DISTRICT FOUR,"2,340",286,"2,626",57,2,1,5,"17,705","1,593","19,298",323,48,24,133,"5,718,318","373,799","6,092,117","107,632","20,039","9,168","2,544"
Locality: 640 GALAX CITY,0001,001 - EAST,"1,814",85,"1,899",24,3,,2,"3,828",230,"4,058",43,6,,133,"5,718,318","373,799","6,092,117","107,632","20,039","9,168","2,544"
Locality: 640 GALAX CITY,0005,005 - WEST,"2,014",145,"2,159",19,3,,2,"3,828",230,"4,058",43,6,,133,"5,718,318","373,799","6,092,117","107,632","20,039","9,168","2,544"
Locality: 650 HAMPTON CITY,0101,101 - ABERDEEN,"3,046",226,"3,272",166,2,2,30,"90,603","9,915","100,518","4,256",129,107,133,"5,718,318","373,799","6,092,117","107,632","20,039","9,168","2,544"
Locality: 650 HAMPTON CITY,0102,102 - BASSETTE,"3,030",240,"3,270",126,2,,30,"90,603","9,915","100,518","4,256",129,107,133,"5,718,318","373,799","6,092,117","107,632","20,039","9,168","2,544"
Locality: 650 HAMPTON CITY,0103,103 - CITY HALL,"2,330",261,"2,591",91,1,4,30,"90,603","9,915","100,518","4,256",129,107,133,"5,718,318","373,799","6,092,117","107,632","20,039","9,168","2,544"
Locality: 650 HAMPTON CITY,0104,104 - COOPER,"5,025",871,"5,896",475,3,6,30,"90,603","9,915","100,518","4,256",129,107,133,"5,718,318","373,799","6,092,117","107,632","20,039","9,168","2,544"
Locality: 650 HAMPTON CITY,0105,105 - EAST HAMPTON,"2,979","1,537","4,516",72,,2,30,"90,603","9,915","100,518","4,256",129,107,133,"5,718,318","373,799","6,092,117","107,632","20,039","9,168","2,544"
Locality: 650 HAMPTON CITY,0106,106 - ARMSTRONG,"3,073",269,"3,342",128,4,8,30,"90,603","9,915","100,518","4,256",129,107,133,"5,718,318","373,799","6,092,117","107,632","20,039","9,168","2,544"
Locality: 650 HAMPTON CITY,0107,107 - LINDSAY,"2,572",192,"2,764",99,1,4,30,"90,603","9,915","100,518","4,256",129,107,133,"5,718,318","373,799","6,092,117","107,632","20,039","9,168","2,544"
Locality: 650 HAMPTON CITY,0108,108 - THOMAS,"3,835",534,"4,369",159,3,4,30,"90,603","9,915","100,518","4,256",129,107,133,"5,718,318","373,799","6,092,117","107,632","20,039","9,168","2,544"
Locality: 650 HAMPTON CITY,0109,109 - PHENIX,"3,521",281,"3,802",124,7,2,30,"90,603","9,915","100,518","4,256",129,107,133,"5,718,318","373,799","6,092,117","107,632","20,039","9,168","2,544"
Locality: 650 HAMPTON CITY,0110,110 - PHOEBUS,817,71,888,30,3,1,30,"90,603","9,915","100,518","4,256",129,107,133,"5,718,318","373,799","6,092,117","107,632","20,039","9,168","2,544"
Locality: 650 HAMPTON CITY,0111,111 - HAMPTON LIBRARY,"1,127",174,"1,301",48,3,,30,"90,603","9,915","100,518","4,256",129,107,133,"5,718,318","373,799","6,092,117","107,632","20,039","9,168","2,544"
Locality: 650 HAMPTON CITY,0112,112 - SMITH,"4,097",413,"4,510",144,,5,30,"90,603","9,915","100,518","4,256",129,107,133,"5,718,318","373,799","6,092,117","107,632","20,039","9,168","2,544"
Locality: 650 HAMPTON CITY,0115,115 - WYTHE,"1,717",137,"1,854",91,6,6,30,"90,603","9,915","100,518","4,256",129,107,133,"5,718,318","373,799","6,092,117","107,632","20,039","9,168","2,544"
Locality: 650 HAMPTON CITY,0116,116 - JONES,"1,572",160,"1,732",60,2,3,30,"90,603","9,915","100,518","4,256",129,107,133,"5,718,318","373,799","6,092,117","107,632","20,039","9,168","2,544"
Locality: 650 HAMPTON CITY,0117,117 - KECOUGHTAN,"2,744",349,"3,093",146,8,2,30,"90,603","9,915","100,518","4,256",129,107,133,"5,718,318","373,799","6,092,117","107,632","20,039","9,168","2,544"
Locality: 650 HAMPTON CITY,0118,118 - MALLORY,"3,534",215,"3,749",102,4,3,30,"90,603","9,915","100,518","4,256",129,107,133,"5,718,318","373,799","6,092,117","107,632","20,039","9,168","2,544"
Locality: 650 HAMPTON CITY,0201,201 - PATRICK,"3,308",243,"3,551",143,7,5,30,"90,603","9,915","100,518","4,256",129,107,133,"5,718,318","373,799","6,092,117","107,632","20,039","9,168","2,544"
Locality: 650 HAMPTON CITY,0202,202 - BRYAN,"3,505",295,"3,800",118,6,6,30,"90,603","9,915","100,518","4,256",129,107,133,"5,718,318","373,799","6,092,117","107,632","20,039","9,168","2,544"
Locality: 650 HAMPTON CITY,0203,203 - BURBANK,"2,596",412,"3,008",292,6,1,30,"90,603","9,915","100,518","4,256",129,107,133,"5,718,318","373,799","6,092,117","107,632","20,039","9,168","2,544"
Locality: 650 HAMPTON CITY,0204,204 - FORREST,"2,647",260,"2,907",108,3,3,30,"90,603","9,915","100,518","4,256",129,107,133,"5,718,318","373,799","6,092,117","107,632","20,039","9,168","2,544"
Locality: 650 HAMPTON CITY,0205,205 - ASBURY,"4,349",277,"4,626",205,19,7,30,"90,603","9,915","100,518","4,256",129,107,133,"5,718,318","373,799","6,092,117","107,632","20,039","9,168","2,544"
Locality: 650 HAMPTON CITY,0208,208 - KRAFT,"4,485",321,"4,806",187,7,5,30,"90,603","9,915","100,518","4,256",129,107,133,"5,718,318","373,799","6,092,117","107,632","20,039","9,168","2,544"
Locality: 650 HAMPTON CITY,0209,209 - LANGLEY,"3,224",253,"3,477",128,2,5,30,"90,603","9,915","100,518","4,256",129,107,133,"5,718,318","373,799","6,092,117","107,632","20,039","9,168","2,544"
Locality: 650 HAMPTON CITY,0210,210 - MACHEN,"5,031",581,"5,612",315,9,5,30,"90,603","9,915","100,518","4,256",129,107,133,"5,718,318","373,799","6,092,117","107,632","20,039","9,168","2,544"
Locality: 650 HAMPTON CITY,0212,212 - BETHEL,"4,140",240,"4,380",144,7,4,30,"90,603","9,915","100,518","4,256",129,107,133,"5,718,318","373,799","6,092,117","107,632","20,039","9,168","2,544"
Locality: 650 HAMPTON CITY,0213,213 - PHILLIPS,"4,128",245,"4,373",182,4,5,30,"90,603","9,915","100,518","4,256",129,107,133,"5,718,318","373,799","6,092,117","107,632","20,039","9,168","2,544"
Locality: 650 HAMPTON CITY,0214,214 - JACKSON,"3,761",482,"4,243",196,3,3,30,"90,603","9,915","100,518","4,256",129,107,133,"5,718,318","373,799","6,092,117","107,632","20,039","9,168","2,544"
Locality: 650 HAMPTON CITY,0215,215 - PEAKE,997,143,"1,140",34,3,,30,"90,603","9,915","100,518","4,256",129,107,133,"5,718,318","373,799","6,092,117","107,632","20,039","9,168","2,544"
Locality: 650 HAMPTON CITY,0216,216 - SANDY BOTTOM,"1,975",148,"2,123",85,2,6,30,"90,603","9,915","100,518","4,256",129,107,133,"5,718,318","373,799","6,092,117","107,632","20,039","9,168","2,544"
Locality: 650 HAMPTON CITY,0217,217 - SYMS,"1,438",85,"1,523",58,2,,30,"90,603","9,915","100,518","4,256",129,107,133,"5,718,318","373,799","6,092,117","107,632","20,039","9,168","2,544"
Locality: 660 HARRISONBURG CITY,0101,101 - NORTHEAST,"3,274",251,"3,525",26,6,12,8,"23,618","2,532","26,150",186,67,81,133,"5,718,318","373,799","6,092,117","107,632","20,039","9,168","2,544"
Locality: 660 HARRISONBURG CITY,0102,102 - EAST CENTRAL,"2,685",228,"2,913",26,5,6,8,"23,618","2,532","26,150",186,67,81,133,"5,718,318","373,799","6,092,117","107,632","20,039","9,168","2,544"
Locality: 660 HARRISONBURG CITY,0103,103 - SOUTHEAST,"2,978",315,"3,293",30,4,4,8,"23,618","2,532","26,150",186,67,81,133,"5,718,318","373,799","6,092,117","107,632","20,039","9,168","2,544"
Locality: 660 HARRISONBURG CITY,0104,104 - EAST,"3,366",337,"3,703",32,8,4,8,"23,618","2,532","26,150",186,67,81,133,"5,718,318","373,799","6,092,117","107,632","20,039","9,168","2,544"
Locality: 660 HARRISONBURG CITY,0105,105 - SOUTH EAST CENTRAL,762,681,"1,443",5,1,2,8,"23,618","2,532","26,150",186,67,81,133,"5,718,318","373,799","6,092,117","107,632","20,039","9,168","2,544"
Locality: 660 HARRISONBURG CITY,0201,201 - NORTHWEST,"3,798",245,"4,043",19,13,17,8,"23,618","2,532","26,150",186,67,81,133,"5,718,318","373,799","6,092,117","107,632","20,039","9,168","2,544"
Locality: 660 HARRISONBURG CITY,0202,202 - SOUTHWEST,"3,282",282,"3,564",25,7,12,8,"23,618","2,532","26,150",186,67,81,133,"5,718,318","373,799","6,092,117","107,632","20,039","9,168","2,544"
Locality: 660 HARRISONBURG CITY,0203,203 -  WEST,"3,473",193,"3,666",23,23,24,8,"23,618","2,532","26,150",186,67,81,133,"5,718,318","373,799","6,092,117","107,632","20,039","9,168","2,544"
Locality: 670 HOPEWELL CITY,0101,101 - WARD ONE,"2,003",147,"2,150",27,,,7,"14,609","1,089","15,698",275,12,,133,"5,718,318","373,799","6,092,117","107,632","20,039","9,168","2,544"
Locality: 670 HOPEWELL CITY,0201,201 - WARD TWO,"1,855",189,"2,044",38,1,,7,"14,609","1,089","15,698",275,12,,133,"5,718,318","373,799","6,092,117","107,632","20,039","9,168","2,544"
Locality: 670 HOPEWELL CITY,0301,301 - WARD THREE,"2,314",117,"2,431",31,2,,7,"14,609","1,089","15,698",275,12,,133,"5,718,318","373,799","6,092,117","107,632","20,039","9,168","2,544"
Locality: 670 HOPEWELL CITY,0401,401 - WARD FOUR,"2,434",172,"2,606",61,2,,7,"14,609","1,089","15,698",275,12,,133,"5,718,318","373,799","6,092,117","107,632","20,039","9,168","2,544"
Locality: 670 HOPEWELL CITY,0501,501 - WARD FIVE,"2,078",145,"2,223",41,3,,7,"14,609","1,089","15,698",275,12,,133,"5,718,318","373,799","6,092,117","107,632","20,039","9,168","2,544"
Locality: 670 HOPEWELL CITY,0601,601 - WARD SIX,"1,986",162,"2,148",24,,,7,"14,609","1,089","15,698",275,12,,133,"5,718,318","373,799","6,092,117","107,632","20,039","9,168","2,544"
Locality: 670 HOPEWELL CITY,0701,701 - WARD SEVEN,"1,939",157,"2,096",53,4,,7,"14,609","1,089","15,698",275,12,,133,"5,718,318","373,799","6,092,117","107,632","20,039","9,168","2,544"
Locality: 678 LEXINGTON CITY,0001,001 - LEXINGTON,"3,818",385,"4,203",39,30,17,1,"3,818",385,"4,203",39,30,17,133,"5,718,318","373,799","6,092,117","107,632","20,039","9,168","2,544"
Locality: 680 LYNCHBURG CITY,0101,101 - FIRST WARD FIRST PRECINCT,"4,303",462,"4,765",55,7,10,18,"49,388","6,470","55,858",543,137,83,133,"5,718,318","373,799","6,092,117","107,632","20,039","9,168","2,544"
Locality: 680 LYNCHBURG CITY,0102,102 - FIRST WARD SECOND PRECINCT,"3,803",199,"4,002",21,18,12,18,"49,388","6,470","55,858",543,137,83,133,"5,718,318","373,799","6,092,117","107,632","20,039","9,168","2,544"
Locality: 680 LYNCHBURG CITY,0103,103 - FIRST WARD THIRD PRECINCT,"2,476",111,"2,587",18,17,3,18,"49,388","6,470","55,858",543,137,83,133,"5,718,318","373,799","6,092,117","107,632","20,039","9,168","2,544"
Locality: 680 LYNCHBURG CITY,0104,104 - FIRST WARD FOURTH PRECINCT,"1,290",133,"1,423",9,8,5,18,"49,388","6,470","55,858",543,137,83,133,"5,718,318","373,799","6,092,117","107,632","20,039","9,168","2,544"
Locality: 680 LYNCHBURG CITY,0105,105 - FIRST WARD FIFTH PRECINCT,"1,639",99,"1,738",8,11,3,18,"49,388","6,470","55,858",543,137,83,133,"5,718,318","373,799","6,092,117","107,632","20,039","9,168","2,544"
Locality: 680 LYNCHBURG CITY,0201,201 - SECOND WARD FIRST PRECINCT,"4,747",405,"5,152",59,7,9,18,"49,388","6,470","55,858",543,137,83,133,"5,718,318","373,799","6,092,117","107,632","20,039","9,168","2,544"
Locality: 680 LYNCHBURG CITY,0202,202 - SECOND WARD SECOND PRECINCT,"4,383",426,"4,809",50,3,1,18,"49,388","6,470","55,858",543,137,83,133,"5,718,318","373,799","6,092,117","107,632","20,039","9,168","2,544"
Locality: 680 LYNCHBURG CITY,0203,203 - SECOND WARD THIRD PRECINCT,"1,281",132,"1,413",14,2,2,18,"49,388","6,470","55,858",543,137,83,133,"5,718,318","373,799","6,092,117","107,632","20,039","9,168","2,544"
Locality: 680 LYNCHBURG CITY,0204,204 - SECOND WARD FOURTH PRECINCT,"1,111",83,"1,194",10,1,2,18,"49,388","6,470","55,858",543,137,83,133,"5,718,318","373,799","6,092,117","107,632","20,039","9,168","2,544"
Locality: 680 LYNCHBURG CITY,0301,301 - THIRD WARD FIRST PRECINCT,"1,253",123,"1,376",14,2,2,18,"49,388","6,470","55,858",543,137,83,133,"5,718,318","373,799","6,092,117","107,632","20,039","9,168","2,544"
Locality: 680 LYNCHBURG CITY,0302,302 - THIRD WARD SECOND PRECINCT,"2,087","2,277","4,364",20,3,2,18,"49,388","6,470","55,858",543,137,83,133,"5,718,318","373,799","6,092,117","107,632","20,039","9,168","2,544"
Locality: 680 LYNCHBURG CITY,0303,303 - THIRD WARD THIRD PRECINCT,"1,832",174,"2,006",18,6,2,18,"49,388","6,470","55,858",543,137,83,133,"5,718,318","373,799","6,092,117","107,632","20,039","9,168","2,544"
Locality: 680 LYNCHBURG CITY,0304,304 - THIRD WARD FOURTH PRECINCT,"1,787",178,"1,965",25,6,3,18,"49,388","6,470","55,858",543,137,83,133,"5,718,318","373,799","6,092,117","107,632","20,039","9,168","2,544"
Locality: 680 LYNCHBURG CITY,0305,305 - THIRD WARD FIFTH PRECINCT,"3,783",452,"4,235",54,7,7,18,"49,388","6,470","55,858",543,137,83,133,"5,718,318","373,799","6,092,117","107,632","20,039","9,168","2,544"
Locality: 680 LYNCHBURG CITY,0401,401 - FOURTH WARD FIRST PRECINCT,"4,923",505,"5,428",73,9,3,18,"49,388","6,470","55,858",543,137,83,133,"5,718,318","373,799","6,092,117","107,632","20,039","9,168","2,544"
Locality: 680 LYNCHBURG CITY,0402,402 - FOURTH WARD SECOND PRECINCT,"1,691",121,"1,812",18,1,2,18,"49,388","6,470","55,858",543,137,83,133,"5,718,318","373,799","6,092,117","107,632","20,039","9,168","2,544"
Locality: 680 LYNCHBURG CITY,0403,403 - FOURTH WARD THIRD PRECINCT,"3,583",369,"3,952",40,8,8,18,"49,388","6,470","55,858",543,137,83,133,"5,718,318","373,799","6,092,117","107,632","20,039","9,168","2,544"
Locality: 680 LYNCHBURG CITY,0404,404 - FOURTH WARD FOURTH PRECINCT,"3,416",221,"3,637",37,21,7,18,"49,388","6,470","55,858",543,137,83,133,"5,718,318","373,799","6,092,117","107,632","20,039","9,168","2,544"
Locality: 683 MANASSAS CITY,0001,001 - DEAN,"3,694",301,"3,995",44,9,4,6,"21,955","1,675","23,630",264,65,41,133,"5,718,318","373,799","6,092,117","107,632","20,039","9,168","2,544"
Locality: 683 MANASSAS CITY,0002,002 - WEEMS,"4,050",313,"4,363",41,10,10,6,"21,955","1,675","23,630",264,65,41,133,"5,718,318","373,799","6,092,117","107,632","20,039","9,168","2,544"
Locality: 683 MANASSAS CITY,0003,003 - METZ,"3,973",326,"4,299",49,15,3,6,"21,955","1,675","23,630",264,65,41,133,"5,718,318","373,799","6,092,117","107,632","20,039","9,168","2,544"
Locality: 683 MANASSAS CITY,0004,004 - HAYDON,"3,622",254,"3,876",42,16,13,6,"21,955","1,675","23,630",264,65,41,133,"5,718,318","373,799","6,092,117","107,632","20,039","9,168","2,544"
Locality: 683 MANASSAS CITY,0005,005 - BALDWIN,"3,627",306,"3,933",38,5,6,6,"21,955","1,675","23,630",264,65,41,133,"5,718,318","373,799","6,092,117","107,632","20,039","9,168","2,544"
Locality: 683 MANASSAS CITY,0006,006 - ROUND,"2,989",175,"3,164",50,10,5,6,"21,955","1,675","23,630",264,65,41,133,"5,718,318","373,799","6,092,117","107,632","20,039","9,168","2,544"
Locality: 685 MANASSAS PARK CITY,0001,001 - PRECINCT ONE,"3,021",326,"3,347",34,11,4,3,"8,241",734,"8,975",92,32,8,133,"5,718,318","373,799","6,092,117","107,632","20,039","9,168","2,544"
Locality: 685 MANASSAS PARK CITY,0002,002 - PRECINCT TWO,"2,620",167,"2,787",26,8,1,3,"8,241",734,"8,975",92,32,8,133,"5,718,318","373,799","6,092,117","107,632","20,039","9,168","2,544"
Locality: 685 MANASSAS PARK CITY,0003,003 - PRECINCT THREE,"2,600",241,"2,841",32,13,3,3,"8,241",734,"8,975",92,32,8,133,"5,718,318","373,799","6,092,117","107,632","20,039","9,168","2,544"
Locality: 690 MARTINSVILLE CITY,0001,001 - PRECINCT #1,868,39,907,3,,,6,"8,499",526,"9,025",48,3,5,133,"5,718,318","373,799","6,092,117","107,632","20,039","9,168","2,544"
Locality: 690 MARTINSVILLE CITY,0002,002 - PRECINCT #2,"1,867",125,"1,992",16,1,1,6,"8,499",526,"9,025",48,3,5,133,"5,718,318","373,799","6,092,117","107,632","20,039","9,168","2,544"
Locality: 690 MARTINSVILLE CITY,0003,003 - PRECINCT #3,"1,265",103,"1,368",4,,,6,"8,499",526,"9,025",48,3,5,133,"5,718,318","373,799","6,092,117","107,632","20,039","9,168","2,544"
Locality: 690 MARTINSVILLE CITY,0004,004 - PRECINCT #4,"1,910",124,"2,034",11,,,6,"8,499",526,"9,025",48,3,5,133,"5,718,318","373,799","6,092,117","107,632","20,039","9,168","2,544"
Locality: 690 MARTINSVILLE CITY,0005,005 - PRECINCT #5,"2,175",108,"2,283",13,2,4,6,"8,499",526,"9,025",48,3,5,133,"5,718,318","373,799","6,092,117","107,632","20,039","9,168","2,544"
Locality: 690 MARTINSVILLE CITY,0006,006 - PRECINCT #6,414,27,441,1,,,6,"8,499",526,"9,025",48,3,5,133,"5,718,318","373,799","6,092,117","107,632","20,039","9,168","2,544"
Locality: 700 NEWPORT NEWS CITY,0101,101 - DENBIGH,"4,276",432,"4,708",115,7,5,44,"113,192","11,377","124,569","4,594",191,122,133,"5,718,318","373,799","6,092,117","107,632","20,039","9,168","2,544"
Locality: 700 NEWPORT NEWS CITY,0102,102 - STONEY RUN,"4,560",744,"5,304",135,6,6,44,"113,192","11,377","124,569","4,594",191,122,133,"5,718,318","373,799","6,092,117","107,632","20,039","9,168","2,544"
Locality: 700 NEWPORT NEWS CITY,0104,104 - MCINTOSH,"2,954",376,"3,330",133,9,,44,"113,192","11,377","124,569","4,594",191,122,133,"5,718,318","373,799","6,092,117","107,632","20,039","9,168","2,544"
Locality: 700 NEWPORT NEWS CITY,0106,106 - RESERVOIR,"2,832",772,"3,604",699,6,3,44,"113,192","11,377","124,569","4,594",191,122,133,"5,718,318","373,799","6,092,117","107,632","20,039","9,168","2,544"
Locality: 700 NEWPORT NEWS CITY,0107,107 - RICHNECK,"4,230",268,"4,498",183,10,4,44,"113,192","11,377","124,569","4,594",191,122,133,"5,718,318","373,799","6,092,117","107,632","20,039","9,168","2,544"
Locality: 700 NEWPORT NEWS CITY,0108,108 - KATHERINE JOHNSON,"1,293",153,"1,446",55,7,5,44,"113,192","11,377","124,569","4,594",191,122,133,"5,718,318","373,799","6,092,117","107,632","20,039","9,168","2,544"
Locality: 700 NEWPORT NEWS CITY,0109,109 - WINDSOR,"2,143",304,"2,447",92,,5,44,"113,192","11,377","124,569","4,594",191,122,133,"5,718,318","373,799","6,092,117","107,632","20,039","9,168","2,544"
Locality: 700 NEWPORT NEWS CITY,0110,110 - GREENWOOD,"3,940",354,"4,294",279,5,2,44,"113,192","11,377","124,569","4,594",191,122,133,"5,718,318","373,799","6,092,117","107,632","20,039","9,168","2,544"
Locality: 700 NEWPORT NEWS CITY,0111,111 - STONEYBROOK,"4,317",646,"4,963",219,10,2,44,"113,192","11,377","124,569","4,594",191,122,133,"5,718,318","373,799","6,092,117","107,632","20,039","9,168","2,544"
Locality: 700 NEWPORT NEWS CITY,0112,112 - KNOLLWOOD MEADOWS,"4,054",285,"4,339",169,12,3,44,"113,192","11,377","124,569","4,594",191,122,133,"5,718,318","373,799","6,092,117","107,632","20,039","9,168","2,544"
Locality: 700 NEWPORT NEWS CITY,0113,113 - SANFORD,"1,302",53,"1,355",55,1,,44,"113,192","11,377","124,569","4,594",191,122,133,"5,718,318","373,799","6,092,117","107,632","20,039","9,168","2,544"
Locality: 700 NEWPORT NEWS CITY,0201,201 - BLAND,945,209,"1,154",87,1,,44,"113,192","11,377","124,569","4,594",191,122,133,"5,718,318","373,799","6,092,117","107,632","20,039","9,168","2,544"
Locality: 700 NEWPORT NEWS CITY,0202,202 - BOULEVARD,"2,476",175,"2,651",53,5,5,44,"113,192","11,377","124,569","4,594",191,122,133,"5,718,318","373,799","6,092,117","107,632","20,039","9,168","2,544"
Locality: 700 NEWPORT NEWS CITY,0203,203 - CHARLES,"4,123",235,"4,358",160,9,8,44,"113,192","11,377","124,569","4,594",191,122,133,"5,718,318","373,799","6,092,117","107,632","20,039","9,168","2,544"
Locality: 700 NEWPORT NEWS CITY,0204,204 - MARINERS' MUSEUM,"1,823",286,"2,109",35,3,4,44,"113,192","11,377","124,569","4,594",191,122,133,"5,718,318","373,799","6,092,117","107,632","20,039","9,168","2,544"
Locality: 700 NEWPORT NEWS CITY,0205,205 - DEEP CREEK,"2,961",164,"3,125",83,5,1,44,"113,192","11,377","124,569","4,594",191,122,133,"5,718,318","373,799","6,092,117","107,632","20,039","9,168","2,544"
Locality: 700 NEWPORT NEWS CITY,0208,208 - HIDENWOOD,"1,703",85,"1,788",31,10,5,44,"113,192","11,377","124,569","4,594",191,122,133,"5,718,318","373,799","6,092,117","107,632","20,039","9,168","2,544"
Locality: 700 NEWPORT NEWS CITY,0211,211 - PALMER,"3,652",459,"4,111",201,5,2,44,"113,192","11,377","124,569","4,594",191,122,133,"5,718,318","373,799","6,092,117","107,632","20,039","9,168","2,544"
Locality: 700 NEWPORT NEWS CITY,0212,212 - RIVERSIDE,"1,468",76,"1,544",28,6,3,44,"113,192","11,377","124,569","4,594",191,122,133,"5,718,318","373,799","6,092,117","107,632","20,039","9,168","2,544"
Locality: 700 NEWPORT NEWS CITY,0216,216 - YATES,"3,034",238,"3,272",97,8,4,44,"113,192","11,377","124,569","4,594",191,122,133,"5,718,318","373,799","6,092,117","107,632","20,039","9,168","2,544"
Locality: 700 NEWPORT NEWS CITY,0217,217 - RIVERVIEW,"2,547",114,"2,661",77,6,7,44,"113,192","11,377","124,569","4,594",191,122,133,"5,718,318","373,799","6,092,117","107,632","20,039","9,168","2,544"
Locality: 700 NEWPORT NEWS CITY,0218,218 - KILN CREEK,"4,597",350,"4,947",210,11,3,44,"113,192","11,377","124,569","4,594",191,122,133,"5,718,318","373,799","6,092,117","107,632","20,039","9,168","2,544"
Locality: 700 NEWPORT NEWS CITY,0219,219 - DEER PARK,"4,497",710,"5,207",206,5,4,44,"113,192","11,377","124,569","4,594",191,122,133,"5,718,318","373,799","6,092,117","107,632","20,039","9,168","2,544"
Locality: 700 NEWPORT NEWS CITY,0220,220 -JENKINS,"3,991",634,"4,625",131,2,6,44,"113,192","11,377","124,569","4,594",191,122,133,"5,718,318","373,799","6,092,117","107,632","20,039","9,168","2,544"
Locality: 700 NEWPORT NEWS CITY,0302,302 - BRIARFIELD,"2,831",265,"3,096",69,1,,44,"113,192","11,377","124,569","4,594",191,122,133,"5,718,318","373,799","6,092,117","107,632","20,039","9,168","2,544"
Locality: 700 NEWPORT NEWS CITY,0303,303 - CARVER,"1,813",149,"1,962",37,,,44,"113,192","11,377","124,569","4,594",191,122,133,"5,718,318","373,799","6,092,117","107,632","20,039","9,168","2,544"
Locality: 700 NEWPORT NEWS CITY,0304,304 - CHESTNUT,"1,265",110,"1,375",33,1,,44,"113,192","11,377","124,569","4,594",191,122,133,"5,718,318","373,799","6,092,117","107,632","20,039","9,168","2,544"
Locality: 700 NEWPORT NEWS CITY,0305,305 - DOWNTOWN,"1,014",142,"1,156",65,2,1,44,"113,192","11,377","124,569","4,594",191,122,133,"5,718,318","373,799","6,092,117","107,632","20,039","9,168","2,544"
Locality: 700 NEWPORT NEWS CITY,0307,307 - HUNTINGTON,"1,087",84,"1,171",14,,1,44,"113,192","11,377","124,569","4,594",191,122,133,"5,718,318","373,799","6,092,117","107,632","20,039","9,168","2,544"
Locality: 700 NEWPORT NEWS CITY,0308,308 - JEFFERSON,"1,163",102,"1,265",28,,1,44,"113,192","11,377","124,569","4,594",191,122,133,"5,718,318","373,799","6,092,117","107,632","20,039","9,168","2,544"
Locality: 700 NEWPORT NEWS CITY,0309,309 - MAGRUDER,"1,215",88,"1,303",21,1,1,44,"113,192","11,377","124,569","4,594",191,122,133,"5,718,318","373,799","6,092,117","107,632","20,039","9,168","2,544"
Locality: 700 NEWPORT NEWS CITY,0310,310 - MARSHALL,"1,555",107,"1,662",16,1,,44,"113,192","11,377","124,569","4,594",191,122,133,"5,718,318","373,799","6,092,117","107,632","20,039","9,168","2,544"
Locality: 700 NEWPORT NEWS CITY,0311,311 - NEWMARKET,"3,118",160,"3,278",54,2,3,44,"113,192","11,377","124,569","4,594",191,122,133,"5,718,318","373,799","6,092,117","107,632","20,039","9,168","2,544"
Locality: 700 NEWPORT NEWS CITY,0312,312 - NEWSOME PARK,705,84,789,14,,,44,"113,192","11,377","124,569","4,594",191,122,133,"5,718,318","373,799","6,092,117","107,632","20,039","9,168","2,544"
Locality: 700 NEWPORT NEWS CITY,0313,313 - REED,"2,570",201,"2,771",36,2,1,44,"113,192","11,377","124,569","4,594",191,122,133,"5,718,318","373,799","6,092,117","107,632","20,039","9,168","2,544"
Locality: 700 NEWPORT NEWS CITY,0314,314 - RIVER,"1,600",222,"1,822",40,,3,44,"113,192","11,377","124,569","4,594",191,122,133,"5,718,318","373,799","6,092,117","107,632","20,039","9,168","2,544"
Locality: 700 NEWPORT NEWS CITY,0315,315 - SEDGEFIELD,"2,116",133,"2,249",53,1,2,44,"113,192","11,377","124,569","4,594",191,122,133,"5,718,318","373,799","6,092,117","107,632","20,039","9,168","2,544"
Locality: 700 NEWPORT NEWS CITY,0316,316 - SOUTH MORRISON,"2,683",306,"2,989",94,2,3,44,"113,192","11,377","124,569","4,594",191,122,133,"5,718,318","373,799","6,092,117","107,632","20,039","9,168","2,544"
Locality: 700 NEWPORT NEWS CITY,0317,317 - WASHINGTON,699,59,758,18,,,44,"113,192","11,377","124,569","4,594",191,122,133,"5,718,318","373,799","6,092,117","107,632","20,039","9,168","2,544"
Locality: 700 NEWPORT NEWS CITY,0318,318 - WILSON,"1,238",133,"1,371",23,2,2,44,"113,192","11,377","124,569","4,594",191,122,133,"5,718,318","373,799","6,092,117","107,632","20,039","9,168","2,544"
Locality: 700 NEWPORT NEWS CITY,0319,319 - SAUNDERS,"4,045",279,"4,324",121,9,5,44,"113,192","11,377","124,569","4,594",191,122,133,"5,718,318","373,799","6,092,117","107,632","20,039","9,168","2,544"
Locality: 700 NEWPORT NEWS CITY,0320,320 - WATKINS,"4,723",321,"5,044",199,10,2,44,"113,192","11,377","124,569","4,594",191,122,133,"5,718,318","373,799","6,092,117","107,632","20,039","9,168","2,544"
Locality: 700 NEWPORT NEWS CITY,0321,321 - HILTON,"2,307",153,"2,460",75,6,7,44,"113,192","11,377","124,569","4,594",191,122,133,"5,718,318","373,799","6,092,117","107,632","20,039","9,168","2,544"
Locality: 700 NEWPORT NEWS CITY,0322,322 - WARWICK,"1,727",157,"1,884",51,2,3,44,"113,192","11,377","124,569","4,594",191,122,133,"5,718,318","373,799","6,092,117","107,632","20,039","9,168","2,544"
Locality: 710 NORFOLK CITY,0101,101 - GRANBY,"3,811",530,"4,341",16,2,7,48,"127,783","12,791","140,574",416,84,206,133,"5,718,318","373,799","6,092,117","107,632","20,039","9,168","2,544"
Locality: 710 NORFOLK CITY,0102,102 - OCEAN VIEW SCHOOL,"1,799",205,"2,004",6,,4,48,"127,783","12,791","140,574",416,84,206,133,"5,718,318","373,799","6,092,117","107,632","20,039","9,168","2,544"
Locality: 710 NORFOLK CITY,0103,103 - NORTHSIDE,"2,269",213,"2,482",9,1,1,48,"127,783","12,791","140,574",416,84,206,133,"5,718,318","373,799","6,092,117","107,632","20,039","9,168","2,544"
Locality: 710 NORFOLK CITY,0104,104 - TITUSTOWN ,"1,977",395,"2,372",17,,3,48,"127,783","12,791","140,574",416,84,206,133,"5,718,318","373,799","6,092,117","107,632","20,039","9,168","2,544"
Locality: 710 NORFOLK CITY,0106,106 - SECOND PRESBYTERIAN,"3,421",472,"3,893",26,8,10,48,"127,783","12,791","140,574",416,84,206,133,"5,718,318","373,799","6,092,117","107,632","20,039","9,168","2,544"
Locality: 710 NORFOLK CITY,0107,107 - WESLEY,"2,559",205,"2,764",12,1,3,48,"127,783","12,791","140,574",416,84,206,133,"5,718,318","373,799","6,092,117","107,632","20,039","9,168","2,544"
Locality: 710 NORFOLK CITY,0201,201 - LARCHMONT SCHOOL,"2,684",524,"3,208",13,2,16,48,"127,783","12,791","140,574",416,84,206,133,"5,718,318","373,799","6,092,117","107,632","20,039","9,168","2,544"
Locality: 710 NORFOLK CITY,0203,203 - GHENT SQUARE,"1,458",159,"1,617",7,3,12,48,"127,783","12,791","140,574",416,84,206,133,"5,718,318","373,799","6,092,117","107,632","20,039","9,168","2,544"
Locality: 710 NORFOLK CITY,0207,207 - LAMBERT'S POINT,"3,353",447,"3,800",4,,2,48,"127,783","12,791","140,574",416,84,206,133,"5,718,318","373,799","6,092,117","107,632","20,039","9,168","2,544"
Locality: 710 NORFOLK CITY,0208,208 - LARCHMONT LIBRARY,"1,693",77,"1,770",11,8,1,48,"127,783","12,791","140,574",416,84,206,133,"5,718,318","373,799","6,092,117","107,632","20,039","9,168","2,544"
Locality: 710 NORFOLK CITY,0210,210 - MAURY,"2,571",266,"2,837",18,7,19,48,"127,783","12,791","140,574",416,84,206,133,"5,718,318","373,799","6,092,117","107,632","20,039","9,168","2,544"
Locality: 710 NORFOLK CITY,0211,211 - CHRYSLER MUSEUM,"3,652",556,"4,208",22,3,12,48,"127,783","12,791","140,574",416,84,206,133,"5,718,318","373,799","6,092,117","107,632","20,039","9,168","2,544"
Locality: 710 NORFOLK CITY,0212,212 - PARK PLACE,"2,228",208,"2,436",7,,,48,"127,783","12,791","140,574",416,84,206,133,"5,718,318","373,799","6,092,117","107,632","20,039","9,168","2,544"
Locality: 710 NORFOLK CITY,0213,213 - TAYLOR ELEMENTARY SCHOOL,"2,803",326,"3,129",14,6,19,48,"127,783","12,791","140,574",416,84,206,133,"5,718,318","373,799","6,092,117","107,632","20,039","9,168","2,544"
Locality: 710 NORFOLK CITY,0214,214 - VIRGINIA ZOO,"2,825",257,"3,082",17,2,12,48,"127,783","12,791","140,574",416,84,206,133,"5,718,318","373,799","6,092,117","107,632","20,039","9,168","2,544"
Locality: 710 NORFOLK CITY,0215,215 - SUBURBAN PARK,"2,252",145,"2,397",5,4,7,48,"127,783","12,791","140,574",416,84,206,133,"5,718,318","373,799","6,092,117","107,632","20,039","9,168","2,544"
Locality: 710 NORFOLK CITY,0218,218 - WILLARD,"3,509",236,"3,745",9,9,11,48,"127,783","12,791","140,574",416,84,206,133,"5,718,318","373,799","6,092,117","107,632","20,039","9,168","2,544"
Locality: 710 NORFOLK CITY,0301,301 - BALLENTINE,"2,832",219,"3,051",11,,1,48,"127,783","12,791","140,574",416,84,206,133,"5,718,318","373,799","6,092,117","107,632","20,039","9,168","2,544"
Locality: 710 NORFOLK CITY,0302,302 - TANNERS CREEK,"1,803",222,"2,025",5,,2,48,"127,783","12,791","140,574",416,84,206,133,"5,718,318","373,799","6,092,117","107,632","20,039","9,168","2,544"
Locality: 710 NORFOLK CITY,0303,303 - BROAD CREEK,"3,089",223,"3,312",2,1,2,48,"127,783","12,791","140,574",416,84,206,133,"5,718,318","373,799","6,092,117","107,632","20,039","9,168","2,544"
Locality: 710 NORFOLK CITY,0304,304 - COLEMAN PLACE SCHOOL,"1,592",125,"1,717",1,,,48,"127,783","12,791","140,574",416,84,206,133,"5,718,318","373,799","6,092,117","107,632","20,039","9,168","2,544"
Locality: 710 NORFOLK CITY,0305,305 - LAFAYETTE-WINONA,"2,117",176,"2,293",8,,1,48,"127,783","12,791","140,574",416,84,206,133,"5,718,318","373,799","6,092,117","107,632","20,039","9,168","2,544"
Locality: 710 NORFOLK CITY,0306,306 - LINDENWOOD,"1,788",137,"1,925",3,1,1,48,"127,783","12,791","140,574",416,84,206,133,"5,718,318","373,799","6,092,117","107,632","20,039","9,168","2,544"
Locality: 710 NORFOLK CITY,0309,309 - NORVIEW,"4,615",489,"5,104",16,,2,48,"127,783","12,791","140,574",416,84,206,133,"5,718,318","373,799","6,092,117","107,632","20,039","9,168","2,544"
Locality: 710 NORFOLK CITY,0310,310 - ROSEMONT,"3,866",445,"4,311",5,,4,48,"127,783","12,791","140,574",416,84,206,133,"5,718,318","373,799","6,092,117","107,632","20,039","9,168","2,544"
Locality: 710 NORFOLK CITY,0311,311 - SHERWOOD,"4,582",333,"4,915",4,3,5,48,"127,783","12,791","140,574",416,84,206,133,"5,718,318","373,799","6,092,117","107,632","20,039","9,168","2,544"
Locality: 710 NORFOLK CITY,0313,313 - UNION CHAPEL,"1,425",117,"1,542",2,,,48,"127,783","12,791","140,574",416,84,206,133,"5,718,318","373,799","6,092,117","107,632","20,039","9,168","2,544"
Locality: 710 NORFOLK CITY,0402,402 - BERKLEY,"2,056",116,"2,172",3,1,,48,"127,783","12,791","140,574",416,84,206,133,"5,718,318","373,799","6,092,117","107,632","20,039","9,168","2,544"
Locality: 710 NORFOLK CITY,0404,404 - CAMPOSTELLA,"2,478",214,"2,692",2,,1,48,"127,783","12,791","140,574",416,84,206,133,"5,718,318","373,799","6,092,117","107,632","20,039","9,168","2,544"
Locality: 710 NORFOLK CITY,0405,405 - CHESTERFIELD,"2,661",428,"3,089",2,,1,48,"127,783","12,791","140,574",416,84,206,133,"5,718,318","373,799","6,092,117","107,632","20,039","9,168","2,544"
Locality: 710 NORFOLK CITY,0406,406 - BARRON BLACK,"1,833",151,"1,984",3,1,1,48,"127,783","12,791","140,574",416,84,206,133,"5,718,318","373,799","6,092,117","107,632","20,039","9,168","2,544"
Locality: 710 NORFOLK CITY,0408,408 - CALVARY REVIVAL CHURCH,"2,740",193,"2,933",10,1,1,48,"127,783","12,791","140,574",416,84,206,133,"5,718,318","373,799","6,092,117","107,632","20,039","9,168","2,544"
Locality: 710 NORFOLK CITY,0409,409 - FAIRLAWN,"1,982",157,"2,139",6,,,48,"127,783","12,791","140,574",416,84,206,133,"5,718,318","373,799","6,092,117","107,632","20,039","9,168","2,544"
Locality: 710 NORFOLK CITY,0411,411 - RUFFNER ACADEMY,"1,585",199,"1,784",3,,,48,"127,783","12,791","140,574",416,84,206,133,"5,718,318","373,799","6,092,117","107,632","20,039","9,168","2,544"
Locality: 710 NORFOLK CITY,0412,412 - INGLESIDE,"2,197",158,"2,355",7,,1,48,"127,783","12,791","140,574",416,84,206,133,"5,718,318","373,799","6,092,117","107,632","20,039","9,168","2,544"
Locality: 710 NORFOLK CITY,0413,413 - POPLAR HALLS,"3,571",369,"3,940",6,1,3,48,"127,783","12,791","140,574",416,84,206,133,"5,718,318","373,799","6,092,117","107,632","20,039","9,168","2,544"
Locality: 710 NORFOLK CITY,0414,414 - YOUNG PARK,"2,859",228,"3,087",4,,1,48,"127,783","12,791","140,574",416,84,206,133,"5,718,318","373,799","6,092,117","107,632","20,039","9,168","2,544"
Locality: 710 NORFOLK CITY,0415,415 - LAKE TAYLOR HIGH SCHOOL,"2,550",195,"2,745",8,,2,48,"127,783","12,791","140,574",416,84,206,133,"5,718,318","373,799","6,092,117","107,632","20,039","9,168","2,544"
Locality: 710 NORFOLK CITY,0501,501 - BAYVIEW,"3,144",311,"3,455",7,4,4,48,"127,783","12,791","140,574",416,84,206,133,"5,718,318","373,799","6,092,117","107,632","20,039","9,168","2,544"
Locality: 710 NORFOLK CITY,0503,503 - EAST OCEAN VIEW,"3,730",473,"4,203",27,5,8,48,"127,783","12,791","140,574",416,84,206,133,"5,718,318","373,799","6,092,117","107,632","20,039","9,168","2,544"
Locality: 710 NORFOLK CITY,0504,504 - LARRYMORE,"2,359",230,"2,589",7,1,5,48,"127,783","12,791","140,574",416,84,206,133,"5,718,318","373,799","6,092,117","107,632","20,039","9,168","2,544"
Locality: 710 NORFOLK CITY,0505,505 - LITTLE CREEK,"2,053",139,"2,192",6,,2,48,"127,783","12,791","140,574",416,84,206,133,"5,718,318","373,799","6,092,117","107,632","20,039","9,168","2,544"
Locality: 710 NORFOLK CITY,0506,506 - OCEAN VIEW GOLF COURSE,"3,899",352,"4,251",9,2,2,48,"127,783","12,791","140,574",416,84,206,133,"5,718,318","373,799","6,092,117","107,632","20,039","9,168","2,544"
Locality: 710 NORFOLK CITY,0507,507 - PRETLOW,"3,050",315,"3,365",9,4,4,48,"127,783","12,791","140,574",416,84,206,133,"5,718,318","373,799","6,092,117","107,632","20,039","9,168","2,544"
Locality: 710 NORFOLK CITY,0509,509 - TARRALLTON,"2,886",228,"3,114",4,,4,48,"127,783","12,791","140,574",416,84,206,133,"5,718,318","373,799","6,092,117","107,632","20,039","9,168","2,544"
Locality: 710 NORFOLK CITY,0510,510 - THIRD PRESBYTERIAN,"2,942",246,"3,188",10,1,6,48,"127,783","12,791","140,574",416,84,206,133,"5,718,318","373,799","6,092,117","107,632","20,039","9,168","2,544"
Locality: 710 NORFOLK CITY,0511,511 - CROSSROADS,"2,979",213,"3,192",10,2,2,48,"127,783","12,791","140,574",416,84,206,133,"5,718,318","373,799","6,092,117","107,632","20,039","9,168","2,544"
Locality: 710 NORFOLK CITY,0512,512 - AZALEA GARDENS,"1,656",169,"1,825",3,,1,48,"127,783","12,791","140,574",416,84,206,133,"5,718,318","373,799","6,092,117","107,632","20,039","9,168","2,544"
Locality: 720 NORTON CITY,0001,001 - EAST WARD,"2,457",130,"2,587",17,,,1,"2,457",130,"2,587",17,,,133,"5,718,318","373,799","6,092,117","107,632","20,039","9,168","2,544"
Locality: 730 PETERSBURG CITY,0101,101 - FIRST WARD FIRST PRECINCT,"2,770",278,"3,048",87,2,1,7,"21,832","1,780","23,612",498,46,5,133,"5,718,318","373,799","6,092,117","107,632","20,039","9,168","2,544"
Locality: 730 PETERSBURG CITY,0201,201 - SECOND WARD FIRST PRECINCT,"3,245",292,"3,537",101,5,1,7,"21,832","1,780","23,612",498,46,5,133,"5,718,318","373,799","6,092,117","107,632","20,039","9,168","2,544"
Locality: 730 PETERSBURG CITY,0301,301 - THIRD WARD FIRST PRECINCT,"3,458",204,"3,662",63,22,3,7,"21,832","1,780","23,612",498,46,5,133,"5,718,318","373,799","6,092,117","107,632","20,039","9,168","2,544"
Locality: 730 PETERSBURG CITY,0401,401 - FOURTH WARD FIRST PRECINCT,"3,040",285,"3,325",85,5,,7,"21,832","1,780","23,612",498,46,5,133,"5,718,318","373,799","6,092,117","107,632","20,039","9,168","2,544"
Locality: 730 PETERSBURG CITY,0501,501 - FIFTH WARD FIRST PRECINCT,"2,931",250,"3,181",53,6,,7,"21,832","1,780","23,612",498,46,5,133,"5,718,318","373,799","6,092,117","107,632","20,039","9,168","2,544"
Locality: 730 PETERSBURG CITY,0601,601 - SIXTH WARD FIRST PRECINCT,"3,158",247,"3,405",48,2,,7,"21,832","1,780","23,612",498,46,5,133,"5,718,318","373,799","6,092,117","107,632","20,039","9,168","2,544"
Locality: 730 PETERSBURG CITY,0701,701 - SEVENTH WARD FIRST PRECINCT,"3,230",224,"3,454",61,4,,7,"21,832","1,780","23,612",498,46,5,133,"5,718,318","373,799","6,092,117","107,632","20,039","9,168","2,544"
Locality: 735 POQUOSON CITY,0001,001 - CENTRAL,"2,952",137,"3,089",88,5,7,3,"9,199",404,"9,603",324,17,13,133,"5,718,318","373,799","6,092,117","107,632","20,039","9,168","2,544"
Locality: 735 POQUOSON CITY,0002,002 - EASTERN,"3,167",145,"3,312",144,4,4,3,"9,199",404,"9,603",324,17,13,133,"5,718,318","373,799","6,092,117","107,632","20,039","9,168","2,544"
Locality: 735 POQUOSON CITY,0003,003 - WESTERN,"3,080",122,"3,202",92,8,2,3,"9,199",404,"9,603",324,17,13,133,"5,718,318","373,799","6,092,117","107,632","20,039","9,168","2,544"
Locality: 740 PORTSMOUTH CITY,0001,001 - EMANUEL A. M. E. CHURCH ,"2,574",334,"2,908",186,9,7,31,"63,239","4,954","68,193","2,486",74,57,133,"5,718,318","373,799","6,092,117","107,632","20,039","9,168","2,544"
Locality: 740 PORTSMOUTH CITY,0005,005 - CHARLES A. FISHER MEMORIAL ACADEMY,"1,633",129,"1,762",54,,1,31,"63,239","4,954","68,193","2,486",74,57,133,"5,718,318","373,799","6,092,117","107,632","20,039","9,168","2,544"
Locality: 740 PORTSMOUTH CITY,0007,007- PARK VIEW ELEMENTARY SCHOOL,"1,496",186,"1,682",135,5,,31,"63,239","4,954","68,193","2,486",74,57,133,"5,718,318","373,799","6,092,117","107,632","20,039","9,168","2,544"
Locality: 740 PORTSMOUTH CITY,0009,009 - THIRD BAPTIST CHURCH,"2,230",166,"2,396",64,,,31,"63,239","4,954","68,193","2,486",74,57,133,"5,718,318","373,799","6,092,117","107,632","20,039","9,168","2,544"
Locality: 740 PORTSMOUTH CITY,0010,010 - MOUNT HERMON PRESCHOOL CENTER,"1,133",125,"1,258",58,2,1,31,"63,239","4,954","68,193","2,486",74,57,133,"5,718,318","373,799","6,092,117","107,632","20,039","9,168","2,544"
Locality: 740 PORTSMOUTH CITY,0011,011 - JOSEPH E. PARKER RECREATION CENTER,"1,573",168,"1,741",35,,1,31,"63,239","4,954","68,193","2,486",74,57,133,"5,718,318","373,799","6,092,117","107,632","20,039","9,168","2,544"
Locality: 740 PORTSMOUTH CITY,0013,013 - ST. MARK MISSIONARY BAPTIST CHURCH,"1,448",110,"1,558",42,,1,31,"63,239","4,954","68,193","2,486",74,57,133,"5,718,318","373,799","6,092,117","107,632","20,039","9,168","2,544"
Locality: 740 PORTSMOUTH CITY,0014,014 - BRIGHTON ELEMENTARY SCHOOL,"2,060",139,"2,199",58,1,2,31,"63,239","4,954","68,193","2,486",74,57,133,"5,718,318","373,799","6,092,117","107,632","20,039","9,168","2,544"
Locality: 740 PORTSMOUTH CITY,0016,016 - CRADOCK MIDDLE SCHOOL,"2,118",221,"2,339",150,3,1,31,"63,239","4,954","68,193","2,486",74,57,133,"5,718,318","373,799","6,092,117","107,632","20,039","9,168","2,544"
Locality: 740 PORTSMOUTH CITY,0017,017 - VICTORY LIFE FELLOWSHIP,"2,620",249,"2,869",111,1,,31,"63,239","4,954","68,193","2,486",74,57,133,"5,718,318","373,799","6,092,117","107,632","20,039","9,168","2,544"
Locality: 740 PORTSMOUTH CITY,0019,019 - VICTORY ELEMENTARY SCHOOL,"1,214",81,"1,295",45,3,,31,"63,239","4,954","68,193","2,486",74,57,133,"5,718,318","373,799","6,092,117","107,632","20,039","9,168","2,544"
Locality: 740 PORTSMOUTH CITY,0020,020 - NOBLE STREET BAPTIST CHURCH,"2,080",171,"2,251",109,2,2,31,"63,239","4,954","68,193","2,486",74,57,133,"5,718,318","373,799","6,092,117","107,632","20,039","9,168","2,544"
Locality: 740 PORTSMOUTH CITY,0021,021 - JOHN F. KENNEDY COMMUNITY CENTER,"1,296",95,"1,391",34,,,31,"63,239","4,954","68,193","2,486",74,57,133,"5,718,318","373,799","6,092,117","107,632","20,039","9,168","2,544"
Locality: 740 PORTSMOUTH CITY,0022,022 - ST. MARK DELIVERANCE CENTER,"2,043",153,"2,196",81,,1,31,"63,239","4,954","68,193","2,486",74,57,133,"5,718,318","373,799","6,092,117","107,632","20,039","9,168","2,544"
Locality: 740 PORTSMOUTH CITY,0023,023 - WESTHAVEN BAPTIST CHURCH,"1,764",94,"1,858",63,,1,31,"63,239","4,954","68,193","2,486",74,57,133,"5,718,318","373,799","6,092,117","107,632","20,039","9,168","2,544"
Locality: 740 PORTSMOUTH CITY,0024,024 - THE SENIOR STATION,"1,531",139,"1,670",49,8,1,31,"63,239","4,954","68,193","2,486",74,57,133,"5,718,318","373,799","6,092,117","107,632","20,039","9,168","2,544"
Locality: 740 PORTSMOUTH CITY,0025,025 - WATERVIEW ELEMENTARY SCHOOL,"1,832",198,"2,030",85,3,3,31,"63,239","4,954","68,193","2,486",74,57,133,"5,718,318","373,799","6,092,117","107,632","20,039","9,168","2,544"
Locality: 740 PORTSMOUTH CITY,0026,026 - WILLIAM E. WATERS MIDDLE SCHOOL,"1,896",110,"2,006",38,,,31,"63,239","4,954","68,193","2,486",74,57,133,"5,718,318","373,799","6,092,117","107,632","20,039","9,168","2,544"
Locality: 740 PORTSMOUTH CITY,0027,027 - CAVALIER MANOR RECREATION CENTER,"1,869",94,"1,963",38,2,,31,"63,239","4,954","68,193","2,486",74,57,133,"5,718,318","373,799","6,092,117","107,632","20,039","9,168","2,544"
Locality: 740 PORTSMOUTH CITY,0028,028 - LAKEVIEW ELEMENTARY SCHOOL,"2,452",91,"2,543",38,,2,31,"63,239","4,954","68,193","2,486",74,57,133,"5,718,318","373,799","6,092,117","107,632","20,039","9,168","2,544"
Locality: 740 PORTSMOUTH CITY,0029,029 - MANOR HIGH SCHOOL,"1,266",91,"1,357",38,1,,31,"63,239","4,954","68,193","2,486",74,57,133,"5,718,318","373,799","6,092,117","107,632","20,039","9,168","2,544"
Locality: 740 PORTSMOUTH CITY,0030,030 - THE RESCUE CHURCH,"1,734",103,"1,837",63,,,31,"63,239","4,954","68,193","2,486",74,57,133,"5,718,318","373,799","6,092,117","107,632","20,039","9,168","2,544"
Locality: 740 PORTSMOUTH CITY,0031,031 - WEST PARK CHURCH OF CHRIST ,"2,850",227,"3,077",66,2,2,31,"63,239","4,954","68,193","2,486",74,57,133,"5,718,318","373,799","6,092,117","107,632","20,039","9,168","2,544"
Locality: 740 PORTSMOUTH CITY,0032,032 - HODGES MANOR ELEMENTARY SCHOOL ,"1,398",59,"1,457",35,1,1,31,"63,239","4,954","68,193","2,486",74,57,133,"5,718,318","373,799","6,092,117","107,632","20,039","9,168","2,544"
Locality: 740 PORTSMOUTH CITY,0033,033- PINECREST BAPTIST CHURCH,"1,225",72,"1,297",32,1,,31,"63,239","4,954","68,193","2,486",74,57,133,"5,718,318","373,799","6,092,117","107,632","20,039","9,168","2,544"
Locality: 740 PORTSMOUTH CITY,0034,034- CHURCHLAND BRANCH LIBRARY,"1,722",97,"1,819",66,5,10,31,"63,239","4,954","68,193","2,486",74,57,133,"5,718,318","373,799","6,092,117","107,632","20,039","9,168","2,544"
Locality: 740 PORTSMOUTH CITY,0035,035 - CHURCHLAND ELEMENTARY SCHOOL,"2,190",100,"2,290",86,2,2,31,"63,239","4,954","68,193","2,486",74,57,133,"5,718,318","373,799","6,092,117","107,632","20,039","9,168","2,544"
Locality: 740 PORTSMOUTH CITY,0036,036 - CHURCHLAND HIGH SCHOOL,"3,757",341,"4,098",187,9,5,31,"63,239","4,954","68,193","2,486",74,57,133,"5,718,318","373,799","6,092,117","107,632","20,039","9,168","2,544"
Locality: 740 PORTSMOUTH CITY,0037,037 - CHURCHLAND MIDDLE SCHOOL,"3,100",290,"3,390",144,2,7,31,"63,239","4,954","68,193","2,486",74,57,133,"5,718,318","373,799","6,092,117","107,632","20,039","9,168","2,544"
Locality: 740 PORTSMOUTH CITY,0038,038 - GROVE BAPTIST CHURCH,"3,717",308,"4,025",145,2,1,31,"63,239","4,954","68,193","2,486",74,57,133,"5,718,318","373,799","6,092,117","107,632","20,039","9,168","2,544"
Locality: 740 PORTSMOUTH CITY,0039,039 - CHURCHLAND PRIMARY AND INTERMEDIATE SCHOOL,"3,418",213,"3,631",151,10,5,31,"63,239","4,954","68,193","2,486",74,57,133,"5,718,318","373,799","6,092,117","107,632","20,039","9,168","2,544"
Locality: 750 RADFORD CITY,0001,001 - EAST PRECINCT,"2,073",244,"2,317",17,2,,4,"8,537",983,"9,520",61,10,1,133,"5,718,318","373,799","6,092,117","107,632","20,039","9,168","2,544"
Locality: 750 RADFORD CITY,0002,002 - CENTRAL PRECINCT,"2,170",160,"2,330",13,4,1,4,"8,537",983,"9,520",61,10,1,133,"5,718,318","373,799","6,092,117","107,632","20,039","9,168","2,544"
Locality: 750 RADFORD CITY,0003,003 - WEST PRECINCT,"2,602",117,"2,719",19,2,,4,"8,537",983,"9,520",61,10,1,133,"5,718,318","373,799","6,092,117","107,632","20,039","9,168","2,544"
Locality: 750 RADFORD CITY,0004,004 - NEW RIVER PRECINCT,"1,692",462,"2,154",12,2,,4,"8,537",983,"9,520",61,10,1,133,"5,718,318","373,799","6,092,117","107,632","20,039","9,168","2,544"
Locality: 760 RICHMOND CITY,0101,101 - ONE HUNDRED ONE,"1,214",506,"1,720",2,6,9,72,"144,968","15,865","160,833",228,265,266,133,"5,718,318","373,799","6,092,117","107,632","20,039","9,168","2,544"
Locality: 760 RICHMOND CITY,0102,102 - ONE HUNDRED TWO,"1,277",56,"1,333",,1,6,72,"144,968","15,865","160,833",228,265,266,133,"5,718,318","373,799","6,092,117","107,632","20,039","9,168","2,544"
Locality: 760 RICHMOND CITY,0104,104 - ONE HUNDRED FOUR,"1,973",99,"2,072",3,2,4,72,"144,968","15,865","160,833",228,265,266,133,"5,718,318","373,799","6,092,117","107,632","20,039","9,168","2,544"
Locality: 760 RICHMOND CITY,0105,105 - ONE HUNDRED FIVE,"1,868",119,"1,987",3,4,9,72,"144,968","15,865","160,833",228,265,266,133,"5,718,318","373,799","6,092,117","107,632","20,039","9,168","2,544"
Locality: 760 RICHMOND CITY,0106,106 - ONE HUNDRED SIX,"2,067",91,"2,158",4,11,4,72,"144,968","15,865","160,833",228,265,266,133,"5,718,318","373,799","6,092,117","107,632","20,039","9,168","2,544"
Locality: 760 RICHMOND CITY,0111,111 - ONE HUNDRED ELEVEN,"1,721",91,"1,812",5,4,10,72,"144,968","15,865","160,833",228,265,266,133,"5,718,318","373,799","6,092,117","107,632","20,039","9,168","2,544"
Locality: 760 RICHMOND CITY,0112,112 - ONE HUNDRED TWELVE,"1,497",102,"1,599",2,7,6,72,"144,968","15,865","160,833",228,265,266,133,"5,718,318","373,799","6,092,117","107,632","20,039","9,168","2,544"
Locality: 760 RICHMOND CITY,0113,113 - ONE HUNDRED THIRTEEN,"2,791",287,"3,078",6,11,11,72,"144,968","15,865","160,833",228,265,266,133,"5,718,318","373,799","6,092,117","107,632","20,039","9,168","2,544"
Locality: 760 RICHMOND CITY,0114,114 - ONE HUNDRED FOURTEEN,"2,719",280,"2,999",5,14,16,72,"144,968","15,865","160,833",228,265,266,133,"5,718,318","373,799","6,092,117","107,632","20,039","9,168","2,544"
Locality: 760 RICHMOND CITY,0115,115 - ONE HUNDRED FIFTEEN,"1,498",80,"1,578",2,4,8,72,"144,968","15,865","160,833",228,265,266,133,"5,718,318","373,799","6,092,117","107,632","20,039","9,168","2,544"
Locality: 760 RICHMOND CITY,0204,204 - TWO HUNDRED FOUR,"2,046",268,"2,314",7,4,4,72,"144,968","15,865","160,833",228,265,266,133,"5,718,318","373,799","6,092,117","107,632","20,039","9,168","2,544"
Locality: 760 RICHMOND CITY,0206,206 - TWO HUNDRED SIX,"1,302",218,"1,520",1,7,4,72,"144,968","15,865","160,833",228,265,266,133,"5,718,318","373,799","6,092,117","107,632","20,039","9,168","2,544"
Locality: 760 RICHMOND CITY,0207,207 - TWO HUNDRED SEVEN,"2,504",289,"2,793",5,14,16,72,"144,968","15,865","160,833",228,265,266,133,"5,718,318","373,799","6,092,117","107,632","20,039","9,168","2,544"
Locality: 760 RICHMOND CITY,0208,208 - TWO HUNDRED EIGHT,"2,676",279,"2,955",3,16,12,72,"144,968","15,865","160,833",228,265,266,133,"5,718,318","373,799","6,092,117","107,632","20,039","9,168","2,544"
Locality: 760 RICHMOND CITY,0213,213 - TWO HUNDRED THIRTEEN,"2,794",431,"3,225",4,5,1,72,"144,968","15,865","160,833",228,265,266,133,"5,718,318","373,799","6,092,117","107,632","20,039","9,168","2,544"
Locality: 760 RICHMOND CITY,0214,214 - TWO HUNDRED FOURTEEN,"1,909",500,"2,409",3,2,4,72,"144,968","15,865","160,833",228,265,266,133,"5,718,318","373,799","6,092,117","107,632","20,039","9,168","2,544"
Locality: 760 RICHMOND CITY,0215,215 - TWO HUNDRED FIFTEEN,"2,298",263,"2,561",2,3,1,72,"144,968","15,865","160,833",228,265,266,133,"5,718,318","373,799","6,092,117","107,632","20,039","9,168","2,544"
Locality: 760 RICHMOND CITY,0216,216 - TWO HUNDRED SIXTEEN,674,131,805,2,1,2,72,"144,968","15,865","160,833",228,265,266,133,"5,718,318","373,799","6,092,117","107,632","20,039","9,168","2,544"
Locality: 760 RICHMOND CITY,0301,301 - THREE HUNDRED ONE,"1,456",199,"1,655",1,,,72,"144,968","15,865","160,833",228,265,266,133,"5,718,318","373,799","6,092,117","107,632","20,039","9,168","2,544"
Locality: 760 RICHMOND CITY,0302,302 - THREE HUNDRED TWO,"1,480",139,"1,619",2,1,2,72,"144,968","15,865","160,833",228,265,266,133,"5,718,318","373,799","6,092,117","107,632","20,039","9,168","2,544"
Locality: 760 RICHMOND CITY,0303,303 - THREE HUNDRED THREE,"1,213",97,"1,310",1,1,1,72,"144,968","15,865","160,833",228,265,266,133,"5,718,318","373,799","6,092,117","107,632","20,039","9,168","2,544"
Locality: 760 RICHMOND CITY,0304,304 - THREE HUNDRED FOUR,"2,229",197,"2,426",5,2,2,72,"144,968","15,865","160,833",228,265,266,133,"5,718,318","373,799","6,092,117","107,632","20,039","9,168","2,544"
Locality: 760 RICHMOND CITY,0305,305 - THREE HUNDRED FIVE,"2,198",243,"2,441",3,,,72,"144,968","15,865","160,833",228,265,266,133,"5,718,318","373,799","6,092,117","107,632","20,039","9,168","2,544"
Locality: 760 RICHMOND CITY,0306,306 - THREE HUNDRED SIX,"1,250",358,"1,608",3,1,,72,"144,968","15,865","160,833",228,265,266,133,"5,718,318","373,799","6,092,117","107,632","20,039","9,168","2,544"
Locality: 760 RICHMOND CITY,0307,307 - THREE HUNDRED SEVEN,"3,417",199,"3,616",6,12,17,72,"144,968","15,865","160,833",228,265,266,133,"5,718,318","373,799","6,092,117","107,632","20,039","9,168","2,544"
Locality: 760 RICHMOND CITY,0308,308 - THREE HUNDRED EIGHT,"1,810",121,"1,931",1,6,8,72,"144,968","15,865","160,833",228,265,266,133,"5,718,318","373,799","6,092,117","107,632","20,039","9,168","2,544"
Locality: 760 RICHMOND CITY,0309,309 - THREE HUNDRED NINE,"1,127",151,"1,278",1,2,4,72,"144,968","15,865","160,833",228,265,266,133,"5,718,318","373,799","6,092,117","107,632","20,039","9,168","2,544"
Locality: 760 RICHMOND CITY,0310,310 - THREE HUNDRED TEN,962,148,"1,110",,,,72,"144,968","15,865","160,833",228,265,266,133,"5,718,318","373,799","6,092,117","107,632","20,039","9,168","2,544"
Locality: 760 RICHMOND CITY,0311,311 - THREE HUNDRED ELEVEN,515,78,593,1,,2,72,"144,968","15,865","160,833",228,265,266,133,"5,718,318","373,799","6,092,117","107,632","20,039","9,168","2,544"
Locality: 760 RICHMOND CITY,0402,402 - FOUR HUNDRED TWO,"3,330",172,"3,502",8,13,14,72,"144,968","15,865","160,833",228,265,266,133,"5,718,318","373,799","6,092,117","107,632","20,039","9,168","2,544"
Locality: 760 RICHMOND CITY,0404,404 - FOUR HUNDRED FOUR,"2,389",238,"2,627",1,3,6,72,"144,968","15,865","160,833",228,265,266,133,"5,718,318","373,799","6,092,117","107,632","20,039","9,168","2,544"
Locality: 760 RICHMOND CITY,0409,409 - FOUR HUNDRED NINE,"2,033",102,"2,135",6,6,7,72,"144,968","15,865","160,833",228,265,266,133,"5,718,318","373,799","6,092,117","107,632","20,039","9,168","2,544"
Locality: 760 RICHMOND CITY,0410,410 - FOUR HUNDRED TEN,"2,287",186,"2,473",5,2,3,72,"144,968","15,865","160,833",228,265,266,133,"5,718,318","373,799","6,092,117","107,632","20,039","9,168","2,544"
Locality: 760 RICHMOND CITY,0412,412 - FOUR HUNDRED TWELVE,"2,442",261,"2,703",5,,,72,"144,968","15,865","160,833",228,265,266,133,"5,718,318","373,799","6,092,117","107,632","20,039","9,168","2,544"
Locality: 760 RICHMOND CITY,0413,413 - FOUR HUNDRED THIRTEEN,"1,874",81,"1,955",4,4,7,72,"144,968","15,865","160,833",228,265,266,133,"5,718,318","373,799","6,092,117","107,632","20,039","9,168","2,544"
Locality: 760 RICHMOND CITY,0414,414 - FOUR HUNDRED FOURTEEN,"2,097",88,"2,185",3,6,5,72,"144,968","15,865","160,833",228,265,266,133,"5,718,318","373,799","6,092,117","107,632","20,039","9,168","2,544"
Locality: 760 RICHMOND CITY,0415,415 - FOUR HUNDRED FIFTEEN,"1,931",185,"2,116",7,7,3,72,"144,968","15,865","160,833",228,265,266,133,"5,718,318","373,799","6,092,117","107,632","20,039","9,168","2,544"
Locality: 760 RICHMOND CITY,0501,501 - FIVE HUNDRED ONE,"2,557",222,"2,779",1,9,11,72,"144,968","15,865","160,833",228,265,266,133,"5,718,318","373,799","6,092,117","107,632","20,039","9,168","2,544"
Locality: 760 RICHMOND CITY,0503,503 - FIVE HUNDRED THREE,"2,682",219,"2,901",2,7,4,72,"144,968","15,865","160,833",228,265,266,133,"5,718,318","373,799","6,092,117","107,632","20,039","9,168","2,544"
Locality: 760 RICHMOND CITY,0504,504 - FIVE HUNDRED FOUR,"2,905",399,"3,304",6,10,5,72,"144,968","15,865","160,833",228,265,266,133,"5,718,318","373,799","6,092,117","107,632","20,039","9,168","2,544"
Locality: 760 RICHMOND CITY,0505,505 - FIVE HUNDRED FIVE,"1,890",272,"2,162",4,5,2,72,"144,968","15,865","160,833",228,265,266,133,"5,718,318","373,799","6,092,117","107,632","20,039","9,168","2,544"
Locality: 760 RICHMOND CITY,0508,508 - FIVE HUNDRED EIGHT,"1,244",103,"1,347",2,8,1,72,"144,968","15,865","160,833",228,265,266,133,"5,718,318","373,799","6,092,117","107,632","20,039","9,168","2,544"
Locality: 760 RICHMOND CITY,0509,509 - FIVE HUNDRED NINE,"2,156",225,"2,381",,2,1,72,"144,968","15,865","160,833",228,265,266,133,"5,718,318","373,799","6,092,117","107,632","20,039","9,168","2,544"
Locality: 760 RICHMOND CITY,0510,510 - FIVE HUNDRED TEN,"2,484",233,"2,717",2,2,2,72,"144,968","15,865","160,833",228,265,266,133,"5,718,318","373,799","6,092,117","107,632","20,039","9,168","2,544"
Locality: 760 RICHMOND CITY,0602,602 - SIX HUNDRED TWO,"2,216",246,"2,462",3,,1,72,"144,968","15,865","160,833",228,265,266,133,"5,718,318","373,799","6,092,117","107,632","20,039","9,168","2,544"
Locality: 760 RICHMOND CITY,0603,603 - SIX HUNDRED THREE,"1,506",149,"1,655",2,,,72,"144,968","15,865","160,833",228,265,266,133,"5,718,318","373,799","6,092,117","107,632","20,039","9,168","2,544"
Locality: 760 RICHMOND CITY,0604,604 - SIX HUNDRED FOUR,"1,662",192,"1,854",1,,,72,"144,968","15,865","160,833",228,265,266,133,"5,718,318","373,799","6,092,117","107,632","20,039","9,168","2,544"
Locality: 760 RICHMOND CITY,0606,606 - SIX HUNDRED SIX,"2,398",235,"2,633",3,1,1,72,"144,968","15,865","160,833",228,265,266,133,"5,718,318","373,799","6,092,117","107,632","20,039","9,168","2,544"
Locality: 760 RICHMOND CITY,0607,607 - SIX HUNDRED SEVEN,"2,006",500,"2,506",5,4,3,72,"144,968","15,865","160,833",228,265,266,133,"5,718,318","373,799","6,092,117","107,632","20,039","9,168","2,544"
Locality: 760 RICHMOND CITY,0609,609 - SIX HUNDRED NINE,"2,192",462,"2,654",6,3,1,72,"144,968","15,865","160,833",228,265,266,133,"5,718,318","373,799","6,092,117","107,632","20,039","9,168","2,544"
Locality: 760 RICHMOND CITY,0610,610 - SIX HUNDRED TEN,"2,025",194,"2,219",3,,,72,"144,968","15,865","160,833",228,265,266,133,"5,718,318","373,799","6,092,117","107,632","20,039","9,168","2,544"
Locality: 760 RICHMOND CITY,0611,611 - SIX HUNDRED ELEVEN,"1,991",282,"2,273",6,2,1,72,"144,968","15,865","160,833",228,265,266,133,"5,718,318","373,799","6,092,117","107,632","20,039","9,168","2,544"
Locality: 760 RICHMOND CITY,0701,701 - SEVEN HUNDRED ONE,"1,860",250,"2,110",2,,,72,"144,968","15,865","160,833",228,265,266,133,"5,718,318","373,799","6,092,117","107,632","20,039","9,168","2,544"
Locality: 760 RICHMOND CITY,0702,702 - SEVEN HUNDRED TWO,"2,083",256,"2,339",3,1,2,72,"144,968","15,865","160,833",228,265,266,133,"5,718,318","373,799","6,092,117","107,632","20,039","9,168","2,544"
Locality: 760 RICHMOND CITY,0703,703 - SEVEN HUNDRED THREE,"2,240",214,"2,454",1,2,1,72,"144,968","15,865","160,833",228,265,266,133,"5,718,318","373,799","6,092,117","107,632","20,039","9,168","2,544"
Locality: 760 RICHMOND CITY,0705,705 - SEVEN HUNDRED FIVE,"1,945",201,"2,146",1,5,2,72,"144,968","15,865","160,833",228,265,266,133,"5,718,318","373,799","6,092,117","107,632","20,039","9,168","2,544"
Locality: 760 RICHMOND CITY,0706,706 - SEVEN HUNDRED SIX,"3,210",282,"3,492",2,3,1,72,"144,968","15,865","160,833",228,265,266,133,"5,718,318","373,799","6,092,117","107,632","20,039","9,168","2,544"
Locality: 760 RICHMOND CITY,0707,707 - SEVEN HUNDRED SEVEN,"3,362",341,"3,703",7,10,7,72,"144,968","15,865","160,833",228,265,266,133,"5,718,318","373,799","6,092,117","107,632","20,039","9,168","2,544"
Locality: 760 RICHMOND CITY,0708,708 - SEVEN HUNDRED EIGHT,"1,780",397,"2,177",5,1,2,72,"144,968","15,865","160,833",228,265,266,133,"5,718,318","373,799","6,092,117","107,632","20,039","9,168","2,544"
Locality: 760 RICHMOND CITY,0709,709 - SEVEN HUNDRED NINE,"1,438",275,"1,713",4,6,2,72,"144,968","15,865","160,833",228,265,266,133,"5,718,318","373,799","6,092,117","107,632","20,039","9,168","2,544"
Locality: 760 RICHMOND CITY,0802,802 - EIGHT HUNDRED TWO,"1,886",165,"2,051",2,,,72,"144,968","15,865","160,833",228,265,266,133,"5,718,318","373,799","6,092,117","107,632","20,039","9,168","2,544"
Locality: 760 RICHMOND CITY,0806,806 - EIGHT HUNDRED SIX,"2,441",297,"2,738",,,,72,"144,968","15,865","160,833",228,265,266,133,"5,718,318","373,799","6,092,117","107,632","20,039","9,168","2,544"
Locality: 760 RICHMOND CITY,0810,810 - EIGHT HUNDRED TEN,"1,771",161,"1,932",2,,1,72,"144,968","15,865","160,833",228,265,266,133,"5,718,318","373,799","6,092,117","107,632","20,039","9,168","2,544"
Locality: 760 RICHMOND CITY,0811,811 - EIGHT HUNDRED ELEVEN,"2,268",275,"2,543",1,,1,72,"144,968","15,865","160,833",228,265,266,133,"5,718,318","373,799","6,092,117","107,632","20,039","9,168","2,544"
Locality: 760 RICHMOND CITY,0812,812 - EIGHT HUNDRED TWELVE,"2,811",209,"3,020",3,,,72,"144,968","15,865","160,833",228,265,266,133,"5,718,318","373,799","6,092,117","107,632","20,039","9,168","2,544"
Locality: 760 RICHMOND CITY,0814,814 - EIGHT HUNDRED FOURTEEN,"1,489",109,"1,598",2,,,72,"144,968","15,865","160,833",228,265,266,133,"5,718,318","373,799","6,092,117","107,632","20,039","9,168","2,544"
Locality: 760 RICHMOND CITY,0902,902 - NINE HUNDRED TWO,860,130,990,2,,1,72,"144,968","15,865","160,833",228,265,266,133,"5,718,318","373,799","6,092,117","107,632","20,039","9,168","2,544"
Locality: 760 RICHMOND CITY,0903,903 - NINE HUNDRED THREE,"2,244",200,"2,444",3,1,1,72,"144,968","15,865","160,833",228,265,266,133,"5,718,318","373,799","6,092,117","107,632","20,039","9,168","2,544"
Locality: 760 RICHMOND CITY,0908,908 - NINE HUNDRED EIGHT,"2,180",310,"2,490",1,,3,72,"144,968","15,865","160,833",228,265,266,133,"5,718,318","373,799","6,092,117","107,632","20,039","9,168","2,544"
Locality: 760 RICHMOND CITY,0909,909 - NINE HUNDRED NINE,"2,335",236,"2,571",6,1,1,72,"144,968","15,865","160,833",228,265,266,133,"5,718,318","373,799","6,092,117","107,632","20,039","9,168","2,544"
Locality: 760 RICHMOND CITY,0910,910 - NINE HUNDRED TEN,"2,148",158,"2,306",10,,,72,"144,968","15,865","160,833",228,265,266,133,"5,718,318","373,799","6,092,117","107,632","20,039","9,168","2,544"
Locality: 760 RICHMOND CITY,0911,911 - NINE HUNDRED ELEVEN,"1,835",133,"1,968",3,,,72,"144,968","15,865","160,833",228,265,266,133,"5,718,318","373,799","6,092,117","107,632","20,039","9,168","2,544"
Locality: 770 ROANOKE CITY,0001,001 -Peters Creek,"2,853",183,"3,036",23,2,5,20,"61,321","4,448","65,769",397,65,64,133,"5,718,318","373,799","6,092,117","107,632","20,039","9,168","2,544"
Locality: 770 ROANOKE CITY,0002,002 - Grandview,"2,962",196,"3,158",21,3,4,20,"61,321","4,448","65,769",397,65,64,133,"5,718,318","373,799","6,092,117","107,632","20,039","9,168","2,544"
Locality: 770 ROANOKE CITY,0003,003 -Preston Park,"3,029",207,"3,236",23,2,,20,"61,321","4,448","65,769",397,65,64,133,"5,718,318","373,799","6,092,117","107,632","20,039","9,168","2,544"
Locality: 770 ROANOKE CITY,0004,004 - Williamson Road,"2,671",179,"2,850",17,2,,20,"61,321","4,448","65,769",397,65,64,133,"5,718,318","373,799","6,092,117","107,632","20,039","9,168","2,544"
Locality: 770 ROANOKE CITY,0005,005 - East Gate,"3,047",182,"3,229",26,2,1,20,"61,321","4,448","65,769",397,65,64,133,"5,718,318","373,799","6,092,117","107,632","20,039","9,168","2,544"
Locality: 770 ROANOKE CITY,0006,006 - Hollins Road,"3,707",313,"4,020",19,3,,20,"61,321","4,448","65,769",397,65,64,133,"5,718,318","373,799","6,092,117","107,632","20,039","9,168","2,544"
Locality: 770 ROANOKE CITY,0007,007 - Southeast,"2,632",264,"2,896",15,1,3,20,"61,321","4,448","65,769",397,65,64,133,"5,718,318","373,799","6,092,117","107,632","20,039","9,168","2,544"
Locality: 770 ROANOKE CITY,0008,008 - Lincoln Terrace,"2,658",194,"2,852",23,,,20,"61,321","4,448","65,769",397,65,64,133,"5,718,318","373,799","6,092,117","107,632","20,039","9,168","2,544"
Locality: 770 ROANOKE CITY,0009,009 - Highland,"3,174",549,"3,723",20,7,8,20,"61,321","4,448","65,769",397,65,64,133,"5,718,318","373,799","6,092,117","107,632","20,039","9,168","2,544"
Locality: 770 ROANOKE CITY,0010,010 - Old Southwest-Wasena,"3,491",272,"3,763",21,1,4,20,"61,321","4,448","65,769",397,65,64,133,"5,718,318","373,799","6,092,117","107,632","20,039","9,168","2,544"
Locality: 770 ROANOKE CITY,0011,011 - RALEIGH COURT,"3,384",200,"3,584",17,6,9,20,"61,321","4,448","65,769",397,65,64,133,"5,718,318","373,799","6,092,117","107,632","20,039","9,168","2,544"
Locality: 770 ROANOKE CITY,0012,012 - SOUTH ROANOKE,"2,664",134,"2,798",11,3,7,20,"61,321","4,448","65,769",397,65,64,133,"5,718,318","373,799","6,092,117","107,632","20,039","9,168","2,544"
Locality: 770 ROANOKE CITY,0013,013 - GARDEN CITY,"3,026",179,"3,205",14,,2,20,"61,321","4,448","65,769",397,65,64,133,"5,718,318","373,799","6,092,117","107,632","20,039","9,168","2,544"
Locality: 770 ROANOKE CITY,0014,014 - Crystal Spring,"3,125",252,"3,377",24,16,8,20,"61,321","4,448","65,769",397,65,64,133,"5,718,318","373,799","6,092,117","107,632","20,039","9,168","2,544"
Locality: 770 ROANOKE CITY,0015,015 - Grandin Court,"2,692",146,"2,838",17,4,3,20,"61,321","4,448","65,769",397,65,64,133,"5,718,318","373,799","6,092,117","107,632","20,039","9,168","2,544"
Locality: 770 ROANOKE CITY,0016,016 - Deyerle,"2,874",104,"2,978",11,5,1,20,"61,321","4,448","65,769",397,65,64,133,"5,718,318","373,799","6,092,117","107,632","20,039","9,168","2,544"
Locality: 770 ROANOKE CITY,0017,017 - LEE-HI,"3,583",295,"3,878",21,5,4,20,"61,321","4,448","65,769",397,65,64,133,"5,718,318","373,799","6,092,117","107,632","20,039","9,168","2,544"
Locality: 770 ROANOKE CITY,0018,018 - Summit Hills,"2,772",153,"2,925",23,1,,20,"61,321","4,448","65,769",397,65,64,133,"5,718,318","373,799","6,092,117","107,632","20,039","9,168","2,544"
Locality: 770 ROANOKE CITY,0019,019 - Forest Park,"3,216",231,"3,447",21,1,1,20,"61,321","4,448","65,769",397,65,64,133,"5,718,318","373,799","6,092,117","107,632","20,039","9,168","2,544"
Locality: 770 ROANOKE CITY,0020,020 - EUREKA PARK,"3,761",215,"3,976",30,1,4,20,"61,321","4,448","65,769",397,65,64,133,"5,718,318","373,799","6,092,117","107,632","20,039","9,168","2,544"
Locality: 775 SALEM CITY,0001,001 - NORTH SALEM NO 2,"2,015",222,"2,237",5,4,5,10,"16,852","1,000","17,852",107,10,35,133,"5,718,318","373,799","6,092,117","107,632","20,039","9,168","2,544"
Locality: 775 SALEM CITY,0002,002 - CONEHURST,"1,278",69,"1,347",12,,4,10,"16,852","1,000","17,852",107,10,35,133,"5,718,318","373,799","6,092,117","107,632","20,039","9,168","2,544"
Locality: 775 SALEM CITY,0003,003 - BEVERLY HEIGHTS,"1,068",41,"1,109",9,,6,10,"16,852","1,000","17,852",107,10,35,133,"5,718,318","373,799","6,092,117","107,632","20,039","9,168","2,544"
Locality: 775 SALEM CITY,0004,004 - WEST SALEM,"1,587",78,"1,665",4,,3,10,"16,852","1,000","17,852",107,10,35,133,"5,718,318","373,799","6,092,117","107,632","20,039","9,168","2,544"
Locality: 775 SALEM CITY,0005,005 - NORTH SALEM NO 1,"2,271",112,"2,383",17,,1,10,"16,852","1,000","17,852",107,10,35,133,"5,718,318","373,799","6,092,117","107,632","20,039","9,168","2,544"
Locality: 775 SALEM CITY,0006,006 - SOUTH SALEM NO 1,"1,371",71,"1,442",8,2,,10,"16,852","1,000","17,852",107,10,35,133,"5,718,318","373,799","6,092,117","107,632","20,039","9,168","2,544"
Locality: 775 SALEM CITY,0007,007 - SOUTH SALEM NO 2,"1,553",105,"1,658",7,1,2,10,"16,852","1,000","17,852",107,10,35,133,"5,718,318","373,799","6,092,117","107,632","20,039","9,168","2,544"
Locality: 775 SALEM CITY,0008,008 - EAST SALEM,811,52,863,5,,,10,"16,852","1,000","17,852",107,10,35,133,"5,718,318","373,799","6,092,117","107,632","20,039","9,168","2,544"
Locality: 775 SALEM CITY,0009,009 - SOUTH SIDE HILLS,"2,329",102,"2,431",15,2,4,10,"16,852","1,000","17,852",107,10,35,133,"5,718,318","373,799","6,092,117","107,632","20,039","9,168","2,544"
Locality: 775 SALEM CITY,0010,010 - HIDDEN VALLEY,"2,569",148,"2,717",25,1,10,10,"16,852","1,000","17,852",107,10,35,133,"5,718,318","373,799","6,092,117","107,632","20,039","9,168","2,544"
Locality: 790 STAUNTON CITY,0101,101 - WARD NO 1,"3,754",226,"3,980",25,9,3,5,"17,160","1,025","18,185",120,48,38,133,"5,718,318","373,799","6,092,117","107,632","20,039","9,168","2,544"
Locality: 790 STAUNTON CITY,0201,201 - WARD NO 2,"4,150",285,"4,435",34,6,3,5,"17,160","1,025","18,185",120,48,38,133,"5,718,318","373,799","6,092,117","107,632","20,039","9,168","2,544"
Locality: 790 STAUNTON CITY,0301,301 - WARD NO 3,"3,230",142,"3,372",31,5,6,5,"17,160","1,025","18,185",120,48,38,133,"5,718,318","373,799","6,092,117","107,632","20,039","9,168","2,544"
Locality: 790 STAUNTON CITY,0401,401 - WARD NO 4,"2,790",135,"2,925",11,9,5,5,"17,160","1,025","18,185",120,48,38,133,"5,718,318","373,799","6,092,117","107,632","20,039","9,168","2,544"
Locality: 790 STAUNTON CITY,0501,501 - WARD NO 5,"3,236",237,"3,473",19,19,21,5,"17,160","1,025","18,185",120,48,38,133,"5,718,318","373,799","6,092,117","107,632","20,039","9,168","2,544"
Locality: 800 SUFFOLK CITY,0101,101 - BELLEHARBOUR,"1,332",118,"1,450",122,1,,30,"66,432","4,298","70,730","3,364",105,72,133,"5,718,318","373,799","6,092,117","107,632","20,039","9,168","2,544"
Locality: 800 SUFFOLK CITY,0102,102 - DRIVER,"4,241",183,"4,424",162,13,10,30,"66,432","4,298","70,730","3,364",105,72,133,"5,718,318","373,799","6,092,117","107,632","20,039","9,168","2,544"
Locality: 800 SUFFOLK CITY,0104,104 - BENNETTS CREEK,"1,346",94,"1,440",117,3,,30,"66,432","4,298","70,730","3,364",105,72,133,"5,718,318","373,799","6,092,117","107,632","20,039","9,168","2,544"
Locality: 800 SUFFOLK CITY,0105,105 - HARBOURVIEW,"3,595",187,"3,782",179,17,7,30,"66,432","4,298","70,730","3,364",105,72,133,"5,718,318","373,799","6,092,117","107,632","20,039","9,168","2,544"
Locality: 800 SUFFOLK CITY,0201,201 - EBENEZER,"1,976",56,"2,032",60,4,5,30,"66,432","4,298","70,730","3,364",105,72,133,"5,718,318","373,799","6,092,117","107,632","20,039","9,168","2,544"
Locality: 800 SUFFOLK CITY,0202,202 - CHUCKATUCK,"2,087",84,"2,171",66,1,3,30,"66,432","4,298","70,730","3,364",105,72,133,"5,718,318","373,799","6,092,117","107,632","20,039","9,168","2,544"
Locality: 800 SUFFOLK CITY,0203,203 - KINGS FORK,"3,044",231,"3,275",205,4,,30,"66,432","4,298","70,730","3,364",105,72,133,"5,718,318","373,799","6,092,117","107,632","20,039","9,168","2,544"
Locality: 800 SUFFOLK CITY,0204,204 - HILLPOINT,"3,079",232,"3,311",274,4,8,30,"66,432","4,298","70,730","3,364",105,72,133,"5,718,318","373,799","6,092,117","107,632","20,039","9,168","2,544"
Locality: 800 SUFFOLK CITY,0301,301 - WHITE MARSH,"1,103",86,"1,189",39,1,,30,"66,432","4,298","70,730","3,364",105,72,133,"5,718,318","373,799","6,092,117","107,632","20,039","9,168","2,544"
Locality: 800 SUFFOLK CITY,0302,302 - JOHN F KENNEDY,"2,408",150,"2,558",74,1,,30,"66,432","4,298","70,730","3,364",105,72,133,"5,718,318","373,799","6,092,117","107,632","20,039","9,168","2,544"
Locality: 800 SUFFOLK CITY,0304,304 - NANSEMOND RIVER,"2,995",183,"3,178",205,8,1,30,"66,432","4,298","70,730","3,364",105,72,133,"5,718,318","373,799","6,092,117","107,632","20,039","9,168","2,544"
Locality: 800 SUFFOLK CITY,0305,305 - SHOULDERS HILL,"1,160",60,"1,220",55,2,2,30,"66,432","4,298","70,730","3,364",105,72,133,"5,718,318","373,799","6,092,117","107,632","20,039","9,168","2,544"
Locality: 800 SUFFOLK CITY,0306,306 - DEERFIELD,"1,958",156,"2,114",192,4,,30,"66,432","4,298","70,730","3,364",105,72,133,"5,718,318","373,799","6,092,117","107,632","20,039","9,168","2,544"
Locality: 800 SUFFOLK CITY,0401,401 - AIRPORT,"1,876",87,"1,963",65,1,3,30,"66,432","4,298","70,730","3,364",105,72,133,"5,718,318","373,799","6,092,117","107,632","20,039","9,168","2,544"
Locality: 800 SUFFOLK CITY,0402,402 - WHALEYVILLE,"2,237",113,"2,350",81,5,,30,"66,432","4,298","70,730","3,364",105,72,133,"5,718,318","373,799","6,092,117","107,632","20,039","9,168","2,544"
Locality: 800 SUFFOLK CITY,0403,403 - SOUTHSIDE,"1,638",150,"1,788",37,,,30,"66,432","4,298","70,730","3,364",105,72,133,"5,718,318","373,799","6,092,117","107,632","20,039","9,168","2,544"
Locality: 800 SUFFOLK CITY,0404,404 - BOOKER T WASHINGTON,"2,326",205,"2,531",64,3,1,30,"66,432","4,298","70,730","3,364",105,72,133,"5,718,318","373,799","6,092,117","107,632","20,039","9,168","2,544"
Locality: 800 SUFFOLK CITY,0405,405 - HOLLYWOOD,"1,354",131,"1,485",28,1,2,30,"66,432","4,298","70,730","3,364",105,72,133,"5,718,318","373,799","6,092,117","107,632","20,039","9,168","2,544"
Locality: 800 SUFFOLK CITY,0501,501 - KILBYS MILL,"3,245",150,"3,395",114,2,6,30,"66,432","4,298","70,730","3,364",105,72,133,"5,718,318","373,799","6,092,117","107,632","20,039","9,168","2,544"
Locality: 800 SUFFOLK CITY,0502,502 - HOLLAND,"1,643",100,"1,743",60,,1,30,"66,432","4,298","70,730","3,364",105,72,133,"5,718,318","373,799","6,092,117","107,632","20,039","9,168","2,544"
Locality: 800 SUFFOLK CITY,0504,504 - LAKE COHOON,"3,856",132,"3,988",129,2,8,30,"66,432","4,298","70,730","3,364",105,72,133,"5,718,318","373,799","6,092,117","107,632","20,039","9,168","2,544"
Locality: 800 SUFFOLK CITY,0505,505 - PITTMANTOWN,"1,738",93,"1,831",62,1,,30,"66,432","4,298","70,730","3,364",105,72,133,"5,718,318","373,799","6,092,117","107,632","20,039","9,168","2,544"
Locality: 800 SUFFOLK CITY,0601,601 - LAKESIDE,"2,983",209,"3,192",84,3,5,30,"66,432","4,298","70,730","3,364",105,72,133,"5,718,318","373,799","6,092,117","107,632","20,039","9,168","2,544"
Locality: 800 SUFFOLK CITY,0602,602 - OLDE TOWNE,919,83,"1,002",25,1,1,30,"66,432","4,298","70,730","3,364",105,72,133,"5,718,318","373,799","6,092,117","107,632","20,039","9,168","2,544"
Locality: 800 SUFFOLK CITY,0603,603 - ELEPHANTS FORK/WESTHAVEN,"1,158",80,"1,238",54,2,,30,"66,432","4,298","70,730","3,364",105,72,133,"5,718,318","373,799","6,092,117","107,632","20,039","9,168","2,544"
Locality: 800 SUFFOLK CITY,0604,604 - WILROY,"2,458",140,"2,598",189,4,1,30,"66,432","4,298","70,730","3,364",105,72,133,"5,718,318","373,799","6,092,117","107,632","20,039","9,168","2,544"
Locality: 800 SUFFOLK CITY,0605,"605 - MACK BENN, JR.",772,70,842,32,,,30,"66,432","4,298","70,730","3,364",105,72,133,"5,718,318","373,799","6,092,117","107,632","20,039","9,168","2,544"
Locality: 800 SUFFOLK CITY,0703,703 - PUGHSVILLE,"2,048",181,"2,229",124,8,1,30,"66,432","4,298","70,730","3,364",105,72,133,"5,718,318","373,799","6,092,117","107,632","20,039","9,168","2,544"
Locality: 800 SUFFOLK CITY,0704,704 - BURBAGE GRANT,"2,851",208,"3,059",238,6,3,30,"66,432","4,298","70,730","3,364",105,72,133,"5,718,318","373,799","6,092,117","107,632","20,039","9,168","2,544"
Locality: 800 SUFFOLK CITY,0706,706 - HUNTERSVILLE,"3,006",346,"3,352",228,3,4,30,"66,432","4,298","70,730","3,364",105,72,133,"5,718,318","373,799","6,092,117","107,632","20,039","9,168","2,544"
Locality: 810 VIRGINIA BEACH CITY,0001,001 - PRECINCT 1,"4,211",279,"4,490",81,16,12,108,"303,726","25,639","329,365","18,258",863,368,133,"5,718,318","373,799","6,092,117","107,632","20,039","9,168","2,544"
Locality: 810 VIRGINIA BEACH CITY,0002,002 - PRECINCT 2,"4,000",391,"4,391",171,13,5,108,"303,726","25,639","329,365","18,258",863,368,133,"5,718,318","373,799","6,092,117","107,632","20,039","9,168","2,544"
Locality: 810 VIRGINIA BEACH CITY,0003,003 - PRECINCT 3,"2,411",185,"2,596",175,7,3,108,"303,726","25,639","329,365","18,258",863,368,133,"5,718,318","373,799","6,092,117","107,632","20,039","9,168","2,544"
Locality: 810 VIRGINIA BEACH CITY,0004,004 - PRECINCT 4,"3,490",326,"3,816",169,8,8,108,"303,726","25,639","329,365","18,258",863,368,133,"5,718,318","373,799","6,092,117","107,632","20,039","9,168","2,544"
Locality: 810 VIRGINIA BEACH CITY,0005,005 - PRECINCT 5,"3,578",380,"3,958",175,,1,108,"303,726","25,639","329,365","18,258",863,368,133,"5,718,318","373,799","6,092,117","107,632","20,039","9,168","2,544"
Locality: 810 VIRGINIA BEACH CITY,0006,006 - PRECINCT 6,"3,352",130,"3,482",76,16,8,108,"303,726","25,639","329,365","18,258",863,368,133,"5,718,318","373,799","6,092,117","107,632","20,039","9,168","2,544"
Locality: 810 VIRGINIA BEACH CITY,0007,007 - PRECINCT 7,"1,927",60,"1,987",67,17,3,108,"303,726","25,639","329,365","18,258",863,368,133,"5,718,318","373,799","6,092,117","107,632","20,039","9,168","2,544"
Locality: 810 VIRGINIA BEACH CITY,0008,008 - PRECINCT 8,"3,429",296,"3,725",111,9,3,108,"303,726","25,639","329,365","18,258",863,368,133,"5,718,318","373,799","6,092,117","107,632","20,039","9,168","2,544"
Locality: 810 VIRGINIA BEACH CITY,0009,009 - PRECINCT 9,"2,816",114,"2,930",120,12,9,108,"303,726","25,639","329,365","18,258",863,368,133,"5,718,318","373,799","6,092,117","107,632","20,039","9,168","2,544"
Locality: 810 VIRGINIA BEACH CITY,0010,010 - PRECINCT 10,"3,524",127,"3,651",101,13,2,108,"303,726","25,639","329,365","18,258",863,368,133,"5,718,318","373,799","6,092,117","107,632","20,039","9,168","2,544"
Locality: 810 VIRGINIA BEACH CITY,0011,011 - PRECINCT 11,"3,833",274,"4,107",220,22,15,108,"303,726","25,639","329,365","18,258",863,368,133,"5,718,318","373,799","6,092,117","107,632","20,039","9,168","2,544"
Locality: 810 VIRGINIA BEACH CITY,0012,012 - PRECINCT 12,"3,621",285,"3,906",211,11,1,108,"303,726","25,639","329,365","18,258",863,368,133,"5,718,318","373,799","6,092,117","107,632","20,039","9,168","2,544"
Locality: 810 VIRGINIA BEACH CITY,0013,013 - PRECINCT 13,"4,046",270,"4,316",233,9,2,108,"303,726","25,639","329,365","18,258",863,368,133,"5,718,318","373,799","6,092,117","107,632","20,039","9,168","2,544"
Locality: 810 VIRGINIA BEACH CITY,0014,014 - PRECINCT 14,"3,283",215,"3,498",127,3,2,108,"303,726","25,639","329,365","18,258",863,368,133,"5,718,318","373,799","6,092,117","107,632","20,039","9,168","2,544"
Locality: 810 VIRGINIA BEACH CITY,0015,015 - PRECINCT 15,"2,750",193,"2,943",145,8,3,108,"303,726","25,639","329,365","18,258",863,368,133,"5,718,318","373,799","6,092,117","107,632","20,039","9,168","2,544"
Locality: 810 VIRGINIA BEACH CITY,0016,016 - PRECINCT 16,"3,444",288,"3,732",184,8,2,108,"303,726","25,639","329,365","18,258",863,368,133,"5,718,318","373,799","6,092,117","107,632","20,039","9,168","2,544"
Locality: 810 VIRGINIA BEACH CITY,0017,017 - PRECINCT 17,"2,463",160,"2,623",138,5,7,108,"303,726","25,639","329,365","18,258",863,368,133,"5,718,318","373,799","6,092,117","107,632","20,039","9,168","2,544"
Locality: 810 VIRGINIA BEACH CITY,0018,018 - PRECINCT 18,"3,514",139,"3,653",140,22,12,108,"303,726","25,639","329,365","18,258",863,368,133,"5,718,318","373,799","6,092,117","107,632","20,039","9,168","2,544"
Locality: 810 VIRGINIA BEACH CITY,0019,019 - PRECINCT 19,"1,749",115,"1,864",86,3,2,108,"303,726","25,639","329,365","18,258",863,368,133,"5,718,318","373,799","6,092,117","107,632","20,039","9,168","2,544"
Locality: 810 VIRGINIA BEACH CITY,0020,020 - PRECINCT 20,"2,011",112,"2,123",132,3,2,108,"303,726","25,639","329,365","18,258",863,368,133,"5,718,318","373,799","6,092,117","107,632","20,039","9,168","2,544"
Locality: 810 VIRGINIA BEACH CITY,0021,021 - PRECINCT 21,"3,513",352,"3,865",292,6,1,108,"303,726","25,639","329,365","18,258",863,368,133,"5,718,318","373,799","6,092,117","107,632","20,039","9,168","2,544"
Locality: 810 VIRGINIA BEACH CITY,0022,022 - PRECINCT 22,"2,350",220,"2,570",90,3,6,108,"303,726","25,639","329,365","18,258",863,368,133,"5,718,318","373,799","6,092,117","107,632","20,039","9,168","2,544"
Locality: 810 VIRGINIA BEACH CITY,0023,023 - PRECINCT 23,"3,127",199,"3,326",132,11,13,108,"303,726","25,639","329,365","18,258",863,368,133,"5,718,318","373,799","6,092,117","107,632","20,039","9,168","2,544"
Locality: 810 VIRGINIA BEACH CITY,0024,024 - PRECINCT 24,"1,230",59,"1,289",45,3,,108,"303,726","25,639","329,365","18,258",863,368,133,"5,718,318","373,799","6,092,117","107,632","20,039","9,168","2,544"
Locality: 810 VIRGINIA BEACH CITY,0025,025 - PRECINCT 25,"3,574",386,"3,960",170,14,6,108,"303,726","25,639","329,365","18,258",863,368,133,"5,718,318","373,799","6,092,117","107,632","20,039","9,168","2,544"
Locality: 810 VIRGINIA BEACH CITY,0026,026 - PRECINCT 26,"1,930",81,"2,011",75,10,4,108,"303,726","25,639","329,365","18,258",863,368,133,"5,718,318","373,799","6,092,117","107,632","20,039","9,168","2,544"
Locality: 810 VIRGINIA BEACH CITY,0027,027 - PRECINCT 27,"1,586",74,"1,660",54,5,2,108,"303,726","25,639","329,365","18,258",863,368,133,"5,718,318","373,799","6,092,117","107,632","20,039","9,168","2,544"
Locality: 810 VIRGINIA BEACH CITY,0028,028 - PRECINCT 28,"2,184",148,"2,332",107,8,3,108,"303,726","25,639","329,365","18,258",863,368,133,"5,718,318","373,799","6,092,117","107,632","20,039","9,168","2,544"
Locality: 810 VIRGINIA BEACH CITY,0029,029 - PRECINCT 29,"3,664",344,"4,008",219,3,3,108,"303,726","25,639","329,365","18,258",863,368,133,"5,718,318","373,799","6,092,117","107,632","20,039","9,168","2,544"
Locality: 810 VIRGINIA BEACH CITY,0030,030 - PRECINCT 30,"3,370",469,"3,839",562,13,2,108,"303,726","25,639","329,365","18,258",863,368,133,"5,718,318","373,799","6,092,117","107,632","20,039","9,168","2,544"
Locality: 810 VIRGINIA BEACH CITY,0031,031 - PRECINCT 31,"3,649",170,"3,819",241,13,2,108,"303,726","25,639","329,365","18,258",863,368,133,"5,718,318","373,799","6,092,117","107,632","20,039","9,168","2,544"
Locality: 810 VIRGINIA BEACH CITY,0032,032 - PRECINCT 32,"1,566",61,"1,627",55,2,2,108,"303,726","25,639","329,365","18,258",863,368,133,"5,718,318","373,799","6,092,117","107,632","20,039","9,168","2,544"
Locality: 810 VIRGINIA BEACH CITY,0033,033 - PRECINCT 33,"1,674",60,"1,734",42,2,,108,"303,726","25,639","329,365","18,258",863,368,133,"5,718,318","373,799","6,092,117","107,632","20,039","9,168","2,544"
Locality: 810 VIRGINIA BEACH CITY,0034,034 - PRECINCT 34,"1,027",49,"1,076",45,2,,108,"303,726","25,639","329,365","18,258",863,368,133,"5,718,318","373,799","6,092,117","107,632","20,039","9,168","2,544"
Locality: 810 VIRGINIA BEACH CITY,0035,035 - PRECINCT 35,"3,306",120,"3,426",110,8,1,108,"303,726","25,639","329,365","18,258",863,368,133,"5,718,318","373,799","6,092,117","107,632","20,039","9,168","2,544"
Locality: 810 VIRGINIA BEACH CITY,0036,036 - PRECINCT 36,"3,979",475,"4,454",247,9,5,108,"303,726","25,639","329,365","18,258",863,368,133,"5,718,318","373,799","6,092,117","107,632","20,039","9,168","2,544"
Locality: 810 VIRGINIA BEACH CITY,0037,037 - PRECINCT 37,"2,990",525,"3,515",671,8,1,108,"303,726","25,639","329,365","18,258",863,368,133,"5,718,318","373,799","6,092,117","107,632","20,039","9,168","2,544"
Locality: 810 VIRGINIA BEACH CITY,0038,038 - PRECINCT 38,"2,973",155,"3,128",123,8,5,108,"303,726","25,639","329,365","18,258",863,368,133,"5,718,318","373,799","6,092,117","107,632","20,039","9,168","2,544"
Locality: 810 VIRGINIA BEACH CITY,0039,039 - PRECINCT 39,"2,452",232,"2,684",97,12,4,108,"303,726","25,639","329,365","18,258",863,368,133,"5,718,318","373,799","6,092,117","107,632","20,039","9,168","2,544"
Locality: 810 VIRGINIA BEACH CITY,0040,040 - PRECINCT 40,"3,227",470,"3,697",242,4,2,108,"303,726","25,639","329,365","18,258",863,368,133,"5,718,318","373,799","6,092,117","107,632","20,039","9,168","2,544"
Locality: 810 VIRGINIA BEACH CITY,0041,041 - PRECINCT 41,"1,799",166,"1,965",66,6,1,108,"303,726","25,639","329,365","18,258",863,368,133,"5,718,318","373,799","6,092,117","107,632","20,039","9,168","2,544"
Locality: 810 VIRGINIA BEACH CITY,0042,042 - PRECINCT 42,"3,163",237,"3,400",200,11,2,108,"303,726","25,639","329,365","18,258",863,368,133,"5,718,318","373,799","6,092,117","107,632","20,039","9,168","2,544"
Locality: 810 VIRGINIA BEACH CITY,0043,043 - PRECINCT 43,"3,256",274,"3,530",202,6,3,108,"303,726","25,639","329,365","18,258",863,368,133,"5,718,318","373,799","6,092,117","107,632","20,039","9,168","2,544"
Locality: 810 VIRGINIA BEACH CITY,0044,044 - PRECINCT 44,"3,387",216,"3,603",184,16,2,108,"303,726","25,639","329,365","18,258",863,368,133,"5,718,318","373,799","6,092,117","107,632","20,039","9,168","2,544"
Locality: 810 VIRGINIA BEACH CITY,0045,045 - PRECINCT 45,"3,475",325,"3,800",321,6,1,108,"303,726","25,639","329,365","18,258",863,368,133,"5,718,318","373,799","6,092,117","107,632","20,039","9,168","2,544"
Locality: 810 VIRGINIA BEACH CITY,0046,046 - PRECINCT 46,"3,129",267,"3,396",225,7,1,108,"303,726","25,639","329,365","18,258",863,368,133,"5,718,318","373,799","6,092,117","107,632","20,039","9,168","2,544"
Locality: 810 VIRGINIA BEACH CITY,0047,047 - PRECINCT 47,"3,413",245,"3,658",111,13,5,108,"303,726","25,639","329,365","18,258",863,368,133,"5,718,318","373,799","6,092,117","107,632","20,039","9,168","2,544"
Locality: 810 VIRGINIA BEACH CITY,0048,048 - PRECINCT 48,"2,062",146,"2,208",111,8,4,108,"303,726","25,639","329,365","18,258",863,368,133,"5,718,318","373,799","6,092,117","107,632","20,039","9,168","2,544"
Locality: 810 VIRGINIA BEACH CITY,0049,049 - PRECINCT 49,"2,576",226,"2,802",89,13,3,108,"303,726","25,639","329,365","18,258",863,368,133,"5,718,318","373,799","6,092,117","107,632","20,039","9,168","2,544"
Locality: 810 VIRGINIA BEACH CITY,0050,050 - PRECINCT 50,"2,592",300,"2,892",159,6,1,108,"303,726","25,639","329,365","18,258",863,368,133,"5,718,318","373,799","6,092,117","107,632","20,039","9,168","2,544"
Locality: 810 VIRGINIA BEACH CITY,0051,051 - PRECINCT 51,"2,796",273,"3,069",136,13,7,108,"303,726","25,639","329,365","18,258",863,368,133,"5,718,318","373,799","6,092,117","107,632","20,039","9,168","2,544"
Locality: 810 VIRGINIA BEACH CITY,0052,052 - PRECINCT 52,"4,029",232,"4,261",206,13,5,108,"303,726","25,639","329,365","18,258",863,368,133,"5,718,318","373,799","6,092,117","107,632","20,039","9,168","2,544"
Locality: 810 VIRGINIA BEACH CITY,0053,053 - PRECINCT 53,"3,084",365,"3,449",127,10,5,108,"303,726","25,639","329,365","18,258",863,368,133,"5,718,318","373,799","6,092,117","107,632","20,039","9,168","2,544"
Locality: 810 VIRGINIA BEACH CITY,0054,054 - PRECINCT 54,"2,294",162,"2,456",178,5,2,108,"303,726","25,639","329,365","18,258",863,368,133,"5,718,318","373,799","6,092,117","107,632","20,039","9,168","2,544"
Locality: 810 VIRGINIA BEACH CITY,0055,055 - PRECINCT 55,"4,000",404,"4,404",246,6,1,108,"303,726","25,639","329,365","18,258",863,368,133,"5,718,318","373,799","6,092,117","107,632","20,039","9,168","2,544"
Locality: 810 VIRGINIA BEACH CITY,0056,056 - PRECINCT 56,"1,457",70,"1,527",51,2,7,108,"303,726","25,639","329,365","18,258",863,368,133,"5,718,318","373,799","6,092,117","107,632","20,039","9,168","2,544"
Locality: 810 VIRGINIA BEACH CITY,0057,057 - PRECINCT 57,"2,128",282,"2,410",110,7,2,108,"303,726","25,639","329,365","18,258",863,368,133,"5,718,318","373,799","6,092,117","107,632","20,039","9,168","2,544"
Locality: 810 VIRGINIA BEACH CITY,0058,058 - PRECINCT 58,"2,178",193,"2,371",156,9,1,108,"303,726","25,639","329,365","18,258",863,368,133,"5,718,318","373,799","6,092,117","107,632","20,039","9,168","2,544"
Locality: 810 VIRGINIA BEACH CITY,0059,059 - PRECINCT 59,"2,521",237,"2,758",187,10,4,108,"303,726","25,639","329,365","18,258",863,368,133,"5,718,318","373,799","6,092,117","107,632","20,039","9,168","2,544"
Locality: 810 VIRGINIA BEACH CITY,0060,060 - PRECINCT 60,"3,770",165,"3,935",225,9,3,108,"303,726","25,639","329,365","18,258",863,368,133,"5,718,318","373,799","6,092,117","107,632","20,039","9,168","2,544"
Locality: 810 VIRGINIA BEACH CITY,0061,061 - PRECINCT 61,"3,839",757,"4,596",283,5,2,108,"303,726","25,639","329,365","18,258",863,368,133,"5,718,318","373,799","6,092,117","107,632","20,039","9,168","2,544"
Locality: 810 VIRGINIA BEACH CITY,0062,062 - PRECINCT 62,"3,561",208,"3,769",253,10,3,108,"303,726","25,639","329,365","18,258",863,368,133,"5,718,318","373,799","6,092,117","107,632","20,039","9,168","2,544"
Locality: 810 VIRGINIA BEACH CITY,0063,063 - PRECINCT 63,"4,223",273,"4,496",293,11,6,108,"303,726","25,639","329,365","18,258",863,368,133,"5,718,318","373,799","6,092,117","107,632","20,039","9,168","2,544"
Locality: 810 VIRGINIA BEACH CITY,0064,064 - PRECINCT 64,"3,792",231,"4,023",294,5,1,108,"303,726","25,639","329,365","18,258",863,368,133,"5,718,318","373,799","6,092,117","107,632","20,039","9,168","2,544"
Locality: 810 VIRGINIA BEACH CITY,0065,065 - PRECINCT 65,"3,347",289,"3,636",271,14,4,108,"303,726","25,639","329,365","18,258",863,368,133,"5,718,318","373,799","6,092,117","107,632","20,039","9,168","2,544"
Locality: 810 VIRGINIA BEACH CITY,0066,066 - PRECINCT 66,"2,797",161,"2,958",156,7,4,108,"303,726","25,639","329,365","18,258",863,368,133,"5,718,318","373,799","6,092,117","107,632","20,039","9,168","2,544"
Locality: 810 VIRGINIA BEACH CITY,0067,067 - PRECINCT 67,"1,955",298,"2,253",159,5,1,108,"303,726","25,639","329,365","18,258",863,368,133,"5,718,318","373,799","6,092,117","107,632","20,039","9,168","2,544"
Locality: 810 VIRGINIA BEACH CITY,0068,068 - PRECINCT 68,"2,757",200,"2,957",114,7,1,108,"303,726","25,639","329,365","18,258",863,368,133,"5,718,318","373,799","6,092,117","107,632","20,039","9,168","2,544"
Locality: 810 VIRGINIA BEACH CITY,0069,069 - PRECINCT 69,"2,899",325,"3,224",226,5,1,108,"303,726","25,639","329,365","18,258",863,368,133,"5,718,318","373,799","6,092,117","107,632","20,039","9,168","2,544"
Locality: 810 VIRGINIA BEACH CITY,0070,070 - PRECINCT 70,"3,969",363,"4,332",265,5,,108,"303,726","25,639","329,365","18,258",863,368,133,"5,718,318","373,799","6,092,117","107,632","20,039","9,168","2,544"
Locality: 810 VIRGINIA BEACH CITY,0071,071 - PRECINCT 71,"2,793",181,"2,974",175,15,3,108,"303,726","25,639","329,365","18,258",863,368,133,"5,718,318","373,799","6,092,117","107,632","20,039","9,168","2,544"
Locality: 810 VIRGINIA BEACH CITY,0072,072 - PRECINCT 72,"3,147",266,"3,413",85,11,11,108,"303,726","25,639","329,365","18,258",863,368,133,"5,718,318","373,799","6,092,117","107,632","20,039","9,168","2,544"
Locality: 810 VIRGINIA BEACH CITY,0073,073 - PRECINCT 73,"3,066",261,"3,327",230,3,4,108,"303,726","25,639","329,365","18,258",863,368,133,"5,718,318","373,799","6,092,117","107,632","20,039","9,168","2,544"
Locality: 810 VIRGINIA BEACH CITY,0074,074 - PRECINCT 74,"2,826",417,"3,243",143,2,2,108,"303,726","25,639","329,365","18,258",863,368,133,"5,718,318","373,799","6,092,117","107,632","20,039","9,168","2,544"
Locality: 810 VIRGINIA BEACH CITY,0075,075 - PRECINCT 75,"3,598",215,"3,813",155,15,9,108,"303,726","25,639","329,365","18,258",863,368,133,"5,718,318","373,799","6,092,117","107,632","20,039","9,168","2,544"
Locality: 810 VIRGINIA BEACH CITY,0076,076 - PRECINCT 76,"3,490",438,"3,928",239,4,1,108,"303,726","25,639","329,365","18,258",863,368,133,"5,718,318","373,799","6,092,117","107,632","20,039","9,168","2,544"
Locality: 810 VIRGINIA BEACH CITY,0077,077 - PRECINCT 77,"3,088",465,"3,553",203,3,1,108,"303,726","25,639","329,365","18,258",863,368,133,"5,718,318","373,799","6,092,117","107,632","20,039","9,168","2,544"
Locality: 810 VIRGINIA BEACH CITY,0078,078 - PRECINCT 78,"2,663",193,"2,856",210,8,2,108,"303,726","25,639","329,365","18,258",863,368,133,"5,718,318","373,799","6,092,117","107,632","20,039","9,168","2,544"
Locality: 810 VIRGINIA BEACH CITY,0079,079 - PRECINCT 79,"3,220",324,"3,544",211,5,1,108,"303,726","25,639","329,365","18,258",863,368,133,"5,718,318","373,799","6,092,117","107,632","20,039","9,168","2,544"
Locality: 810 VIRGINIA BEACH CITY,0080,080 - PRECINCT 80,"2,773",262,"3,035",201,3,2,108,"303,726","25,639","329,365","18,258",863,368,133,"5,718,318","373,799","6,092,117","107,632","20,039","9,168","2,544"
Locality: 810 VIRGINIA BEACH CITY,0081,081 - PRECINCT 81,"3,506",243,"3,749",255,10,2,108,"303,726","25,639","329,365","18,258",863,368,133,"5,718,318","373,799","6,092,117","107,632","20,039","9,168","2,544"
Locality: 810 VIRGINIA BEACH CITY,0082,082 - PRECINCT 82,"2,526",155,"2,681",154,4,4,108,"303,726","25,639","329,365","18,258",863,368,133,"5,718,318","373,799","6,092,117","107,632","20,039","9,168","2,544"
Locality: 810 VIRGINIA BEACH CITY,0083,083 - PRECINCT 83,"3,497",219,"3,716",296,20,1,108,"303,726","25,639","329,365","18,258",863,368,133,"5,718,318","373,799","6,092,117","107,632","20,039","9,168","2,544"
Locality: 810 VIRGINIA BEACH CITY,0084,084 - PRECINCT 84,"3,071",334,"3,405",222,17,3,108,"303,726","25,639","329,365","18,258",863,368,133,"5,718,318","373,799","6,092,117","107,632","20,039","9,168","2,544"
Locality: 810 VIRGINIA BEACH CITY,0085,085 - PRECINCT 85,"3,855",223,"4,078",218,11,7,108,"303,726","25,639","329,365","18,258",863,368,133,"5,718,318","373,799","6,092,117","107,632","20,039","9,168","2,544"
Locality: 810 VIRGINIA BEACH CITY,0086,086 - PRECINCT 86,"3,317",194,"3,511",168,12,6,108,"303,726","25,639","329,365","18,258",863,368,133,"5,718,318","373,799","6,092,117","107,632","20,039","9,168","2,544"
Locality: 810 VIRGINIA BEACH CITY,0087,087 - PRECINCT 87,"2,748",156,"2,904",172,13,2,108,"303,726","25,639","329,365","18,258",863,368,133,"5,718,318","373,799","6,092,117","107,632","20,039","9,168","2,544"
Locality: 810 VIRGINIA BEACH CITY,0088,088 - PRECINCT 88,"2,879",181,"3,060",250,11,1,108,"303,726","25,639","329,365","18,258",863,368,133,"5,718,318","373,799","6,092,117","107,632","20,039","9,168","2,544"
Locality: 810 VIRGINIA BEACH CITY,0089,089 - PRECINCT 89,"2,915",161,"3,076",178,16,6,108,"303,726","25,639","329,365","18,258",863,368,133,"5,718,318","373,799","6,092,117","107,632","20,039","9,168","2,544"
Locality: 810 VIRGINIA BEACH CITY,0090,090 - PRECINCT 90,"2,148",148,"2,296",126,8,3,108,"303,726","25,639","329,365","18,258",863,368,133,"5,718,318","373,799","6,092,117","107,632","20,039","9,168","2,544"
Locality: 810 VIRGINIA BEACH CITY,0091,091 - PRECINCT 91,"4,150",294,"4,444",318,10,7,108,"303,726","25,639","329,365","18,258",863,368,133,"5,718,318","373,799","6,092,117","107,632","20,039","9,168","2,544"
Locality: 810 VIRGINIA BEACH CITY,0092,092 - PRECINCT 92,"2,055",112,"2,167",78,4,4,108,"303,726","25,639","329,365","18,258",863,368,133,"5,718,318","373,799","6,092,117","107,632","20,039","9,168","2,544"
Locality: 810 VIRGINIA BEACH CITY,0093,093 - PRECINCT 93,"3,676",511,"4,187",268,4,1,108,"303,726","25,639","329,365","18,258",863,368,133,"5,718,318","373,799","6,092,117","107,632","20,039","9,168","2,544"
Locality: 810 VIRGINIA BEACH CITY,0094,094 - PRECINCT 94,"2,161",181,"2,342",114,6,,108,"303,726","25,639","329,365","18,258",863,368,133,"5,718,318","373,799","6,092,117","107,632","20,039","9,168","2,544"
Locality: 810 VIRGINIA BEACH CITY,0095,095 - PRECINCT 95,"2,232",170,"2,402",166,9,2,108,"303,726","25,639","329,365","18,258",863,368,133,"5,718,318","373,799","6,092,117","107,632","20,039","9,168","2,544"
Locality: 810 VIRGINIA BEACH CITY,0096,096 - PRECINCT 96,"2,638",275,"2,913",100,5,5,108,"303,726","25,639","329,365","18,258",863,368,133,"5,718,318","373,799","6,092,117","107,632","20,039","9,168","2,544"
Locality: 810 VIRGINIA BEACH CITY,0097,097 - PRECINCT 97,"2,851",308,"3,159",214,4,1,108,"303,726","25,639","329,365","18,258",863,368,133,"5,718,318","373,799","6,092,117","107,632","20,039","9,168","2,544"
Locality: 810 VIRGINIA BEACH CITY,0098,098 - PRECINCT 98,"1,972",429,"2,401",225,4,,108,"303,726","25,639","329,365","18,258",863,368,133,"5,718,318","373,799","6,092,117","107,632","20,039","9,168","2,544"
Locality: 810 VIRGINIA BEACH CITY,0099,099 - PRECINCT 99,"1,604",152,"1,756",134,,2,108,"303,726","25,639","329,365","18,258",863,368,133,"5,718,318","373,799","6,092,117","107,632","20,039","9,168","2,544"
Locality: 810 VIRGINIA BEACH CITY,0100,100 - PRECINCT 100,"1,428",138,"1,566",50,5,3,108,"303,726","25,639","329,365","18,258",863,368,133,"5,718,318","373,799","6,092,117","107,632","20,039","9,168","2,544"
Locality: 810 VIRGINIA BEACH CITY,101,101 - PRECINCT 101,841,63,904,43,1,,108,"303,726","25,639","329,365","18,258",863,368,133,"5,718,318","373,799","6,092,117","107,632","20,039","9,168","2,544"
Locality: 810 VIRGINIA BEACH CITY,102,102 - PRECINCT 102,456,29,485,38,,,108,"303,726","25,639","329,365","18,258",863,368,133,"5,718,318","373,799","6,092,117","107,632","20,039","9,168","2,544"
Locality: 810 VIRGINIA BEACH CITY,103,103 - PRECINCT 103,"1,639",186,"1,825",129,3,7,108,"303,726","25,639","329,365","18,258",863,368,133,"5,718,318","373,799","6,092,117","107,632","20,039","9,168","2,544"
Locality: 810 VIRGINIA BEACH CITY,104,104 - PRECINCT 104,"2,827",384,"3,211",155,,6,108,"303,726","25,639","329,365","18,258",863,368,133,"5,718,318","373,799","6,092,117","107,632","20,039","9,168","2,544"
Locality: 810 VIRGINIA BEACH CITY,105,105 - PRECINCT 105,898,41,939,22,4,2,108,"303,726","25,639","329,365","18,258",863,368,133,"5,718,318","373,799","6,092,117","107,632","20,039","9,168","2,544"
Locality: 810 VIRGINIA BEACH CITY,106,106 - PRECINCT 106,"1,857",331,"2,188",160,9,1,108,"303,726","25,639","329,365","18,258",863,368,133,"5,718,318","373,799","6,092,117","107,632","20,039","9,168","2,544"
Locality: 810 VIRGINIA BEACH CITY,107,107 - PRECINCT 107,"1,448",76,"1,524",56,2,7,108,"303,726","25,639","329,365","18,258",863,368,133,"5,718,318","373,799","6,092,117","107,632","20,039","9,168","2,544"
Locality: 810 VIRGINIA BEACH CITY,108,108 - PRECINCT 108,796,45,841,12,3,2,108,"303,726","25,639","329,365","18,258",863,368,133,"5,718,318","373,799","6,092,117","107,632","20,039","9,168","2,544"
Locality: 820 WAYNESBORO CITY,0001,001 - WARD A,"3,034",230,"3,264",20,,3,4,"14,459",962,"15,421",76,26,12,133,"5,718,318","373,799","6,092,117","107,632","20,039","9,168","2,544"
Locality: 820 WAYNESBORO CITY,0002,002 - WARD B,"3,997",306,"4,303",17,17,6,4,"14,459",962,"15,421",76,26,12,133,"5,718,318","373,799","6,092,117","107,632","20,039","9,168","2,544"
Locality: 820 WAYNESBORO CITY,0003,003 - WARD C,"3,533",251,"3,784",21,3,,4,"14,459",962,"15,421",76,26,12,133,"5,718,318","373,799","6,092,117","107,632","20,039","9,168","2,544"
Locality: 820 WAYNESBORO CITY,0004,004 - WARD D,"3,895",175,"4,070",18,6,3,4,"14,459",962,"15,421",76,26,12,133,"5,718,318","373,799","6,092,117","107,632","20,039","9,168","2,544"
Locality: 830 WILLIAMSBURG CITY,0001,001 - STRYKER,"5,572",901,"6,473",139,27,17,2,"8,901","1,322","10,223",183,64,32,133,"5,718,318","373,799","6,092,117","107,632","20,039","9,168","2,544"
Locality: 830 WILLIAMSBURG CITY,0002,002 - MATOAKA,"3,329",421,"3,750",44,37,15,2,"8,901","1,322","10,223",183,64,32,133,"5,718,318","373,799","6,092,117","107,632","20,039","9,168","2,544"
Locality: 840 WINCHESTER CITY,0101,101 - MERRIMANS,"3,171",207,"3,378",30,22,7,6,"16,629","1,558","18,187",130,49,25,133,"5,718,318","373,799","6,092,117","107,632","20,039","9,168","2,544"
Locality: 840 WINCHESTER CITY,0102,102 - OLD TOWN,"2,346",177,"2,523",16,9,5,6,"16,629","1,558","18,187",130,49,25,133,"5,718,318","373,799","6,092,117","107,632","20,039","9,168","2,544"
Locality: 840 WINCHESTER CITY,0201,201 - VIRGINIA AVENUE,"3,366",394,"3,760",21,5,5,6,"16,629","1,558","18,187",130,49,25,133,"5,718,318","373,799","6,092,117","107,632","20,039","9,168","2,544"
Locality: 840 WINCHESTER CITY,0301,301 - WAR MEMORIAL,"3,301",354,"3,655",24,6,,6,"16,629","1,558","18,187",130,49,25,133,"5,718,318","373,799","6,092,117","107,632","20,039","9,168","2,544"
Locality: 840 WINCHESTER CITY,0401,401 - FREDERICK DOUGLASS,"1,782",233,"2,015",16,2,,6,"16,629","1,558","18,187",130,49,25,133,"5,718,318","373,799","6,092,117","107,632","20,039","9,168","2,544"
Locality: 840 WINCHESTER CITY,0402,402 - ROLLING HILLS,"2,663",193,"2,856",23,5,8,6,"16,629","1,558","18,187",130,49,25,133,"5,718,318","373,799","6,092,117","107,632","20,039","9,168","2,544"

