Locality,PrecinctCode,PrecinctName,ActiveVoters,InactiveVoters,AllVoters,MilitaryVoters,OverseasVoters,TempVoters,TotalPrecinctsInLocality,TotalActiveVotersPrecinctLocality,TotalInActiveVotersPrecinctLocality,TotalAllVotersPrecinctLocality,TotalMilitaryVotersPrecinctLocality,TotalOverseasVotersPrecinctLocality,TotalFederalVotersPrecinctLocality,StateTotalLocality,TotalActiveVotersLocality,TotalInActiveVotersLocality,TotalAllVotersLocality,TotalMilitaryVotersLocality,TotalOverseasVotersLocality,TotalFederalVotersLocality,StateTotalPrecincts
Locality: 001 ACCOMACK COUNTY,0101,101 - CHINCOTEAGUE,"2,662",86,"2,748",26,1,12,16,"23,754",870,"24,624",174,13,47,133,"5,763,241","212,476","5,975,717","76,557","25,279","10,167","2,453"
Locality: 001 ACCOMACK COUNTY,0201,201 - ATLANTIC,"1,127",34,"1,161",7,,,16,"23,754",870,"24,624",174,13,47,133,"5,763,241","212,476","5,975,717","76,557","25,279","10,167","2,453"
Locality: 001 ACCOMACK COUNTY,0202,202 - GREENBACKVILLE,"1,823",83,"1,906",23,1,2,16,"23,754",870,"24,624",174,13,47,133,"5,763,241","212,476","5,975,717","76,557","25,279","10,167","2,453"
Locality: 001 ACCOMACK COUNTY,0301,301 - NEW CHURCH,"2,553",213,"2,766",14,1,,16,"23,754",870,"24,624",174,13,47,133,"5,763,241","212,476","5,975,717","76,557","25,279","10,167","2,453"
Locality: 001 ACCOMACK COUNTY,0401,401 - BLOXOM,855,22,877,5,,2,16,"23,754",870,"24,624",174,13,47,133,"5,763,241","212,476","5,975,717","76,557","25,279","10,167","2,453"
Locality: 001 ACCOMACK COUNTY,0402,402 - PARKSLEY,"1,177",25,"1,202",10,3,2,16,"23,754",870,"24,624",174,13,47,133,"5,763,241","212,476","5,975,717","76,557","25,279","10,167","2,453"
Locality: 001 ACCOMACK COUNTY,0403,403 - SAXIS,314,12,326,1,,,16,"23,754",870,"24,624",174,13,47,133,"5,763,241","212,476","5,975,717","76,557","25,279","10,167","2,453"
Locality: 001 ACCOMACK COUNTY,0501,501 - MAPPSVILLE,"1,159",35,"1,194",3,1,2,16,"23,754",870,"24,624",174,13,47,133,"5,763,241","212,476","5,975,717","76,557","25,279","10,167","2,453"
Locality: 001 ACCOMACK COUNTY,0502,502 - RUE,"1,050",35,"1,085",7,,,16,"23,754",870,"24,624",174,13,47,133,"5,763,241","212,476","5,975,717","76,557","25,279","10,167","2,453"
Locality: 001 ACCOMACK COUNTY,0601,601 - ACCOMAC,"1,935",55,"1,990",13,2,2,16,"23,754",870,"24,624",174,13,47,133,"5,763,241","212,476","5,975,717","76,557","25,279","10,167","2,453"
Locality: 001 ACCOMACK COUNTY,0602,602 - TANGIER,338,5,343,4,,2,16,"23,754",870,"24,624",174,13,47,133,"5,763,241","212,476","5,975,717","76,557","25,279","10,167","2,453"
Locality: 001 ACCOMACK COUNTY,0701,701 - NANDUA,"2,844",110,"2,954",25,2,14,16,"23,754",870,"24,624",174,13,47,133,"5,763,241","212,476","5,975,717","76,557","25,279","10,167","2,453"
Locality: 001 ACCOMACK COUNTY,0801,801 - BOBTOWN,910,19,929,4,1,3,16,"23,754",870,"24,624",174,13,47,133,"5,763,241","212,476","5,975,717","76,557","25,279","10,167","2,453"
Locality: 001 ACCOMACK COUNTY,0802,802 - MELFA,"1,376",49,"1,425",4,,,16,"23,754",870,"24,624",174,13,47,133,"5,763,241","212,476","5,975,717","76,557","25,279","10,167","2,453"
Locality: 001 ACCOMACK COUNTY,0803,803 - WACHAPREAGUE,789,17,806,4,1,1,16,"23,754",870,"24,624",174,13,47,133,"5,763,241","212,476","5,975,717","76,557","25,279","10,167","2,453"
Locality: 001 ACCOMACK COUNTY,0901,901 - PAINTER,"2,842",70,"2,912",24,,5,16,"23,754",870,"24,624",174,13,47,133,"5,763,241","212,476","5,975,717","76,557","25,279","10,167","2,453"
Locality: 003 ALBEMARLE COUNTY,0101,101 - WOODBROOK,"3,015",96,"3,111",18,16,1,30,"78,541","3,140","81,681",570,626,177,133,"5,763,241","212,476","5,975,717","76,557","25,279","10,167","2,453"
Locality: 003 ALBEMARLE COUNTY,0103,103 - BRANCHLANDS,"1,368",80,"1,448",11,8,1,30,"78,541","3,140","81,681",570,626,177,133,"5,763,241","212,476","5,975,717","76,557","25,279","10,167","2,453"
Locality: 003 ALBEMARLE COUNTY,0104,104 - AGNOR-HURT,"2,580",100,"2,680",19,19,8,30,"78,541","3,140","81,681",570,626,177,133,"5,763,241","212,476","5,975,717","76,557","25,279","10,167","2,453"
Locality: 003 ALBEMARLE COUNTY,0105,105 - DUNLORA,"3,490",114,"3,604",28,32,5,30,"78,541","3,140","81,681",570,626,177,133,"5,763,241","212,476","5,975,717","76,557","25,279","10,167","2,453"
Locality: 003 ALBEMARLE COUNTY,0106,106 - NORTHSIDE,"3,798",123,"3,921",42,29,4,30,"78,541","3,140","81,681",570,626,177,133,"5,763,241","212,476","5,975,717","76,557","25,279","10,167","2,453"
Locality: 003 ALBEMARLE COUNTY,0201,201 - JACK JOUETT,"3,682",181,"3,863",24,41,24,30,"78,541","3,140","81,681",570,626,177,133,"5,763,241","212,476","5,975,717","76,557","25,279","10,167","2,453"
Locality: 003 ALBEMARLE COUNTY,0202,202 - UNIVERSITY,"3,034",829,"3,863",15,49,17,30,"78,541","3,140","81,681",570,626,177,133,"5,763,241","212,476","5,975,717","76,557","25,279","10,167","2,453"
Locality: 003 ALBEMARLE COUNTY,0203,203 - GEORGETOWN,"3,287",182,"3,469",27,19,14,30,"78,541","3,140","81,681",570,626,177,133,"5,763,241","212,476","5,975,717","76,557","25,279","10,167","2,453"
Locality: 003 ALBEMARLE COUNTY,0301,301 - IVY,"3,992",82,"4,074",20,50,14,30,"78,541","3,140","81,681",570,626,177,133,"5,763,241","212,476","5,975,717","76,557","25,279","10,167","2,453"
Locality: 003 ALBEMARLE COUNTY,0302,302 - RED HILL,"3,095",62,"3,157",8,28,7,30,"78,541","3,140","81,681",570,626,177,133,"5,763,241","212,476","5,975,717","76,557","25,279","10,167","2,453"
Locality: 003 ALBEMARLE COUNTY,0304,304 - EAST IVY,"1,090",23,"1,113",6,13,2,30,"78,541","3,140","81,681",570,626,177,133,"5,763,241","212,476","5,975,717","76,557","25,279","10,167","2,453"
Locality: 003 ALBEMARLE COUNTY,0305,305 - COUNTRY GREEN,"2,898",82,"2,980",21,21,2,30,"78,541","3,140","81,681",570,626,177,133,"5,763,241","212,476","5,975,717","76,557","25,279","10,167","2,453"
Locality: 003 ALBEMARLE COUNTY,0306,306 - PORTERS,"1,647",26,"1,673",10,6,1,30,"78,541","3,140","81,681",570,626,177,133,"5,763,241","212,476","5,975,717","76,557","25,279","10,167","2,453"
Locality: 003 ALBEMARLE COUNTY,0307,307 - YELLOW MOUNTAIN,731,22,753,3,10,4,30,"78,541","3,140","81,681",570,626,177,133,"5,763,241","212,476","5,975,717","76,557","25,279","10,167","2,453"
Locality: 003 ALBEMARLE COUNTY,0401,401 - SCOTTSVILLE,"1,737",39,"1,776",7,17,3,30,"78,541","3,140","81,681",570,626,177,133,"5,763,241","212,476","5,975,717","76,557","25,279","10,167","2,453"
Locality: 003 ALBEMARLE COUNTY,0402,402 - MONTICELLO,"1,586",38,"1,624",8,8,,30,"78,541","3,140","81,681",570,626,177,133,"5,763,241","212,476","5,975,717","76,557","25,279","10,167","2,453"
Locality: 003 ALBEMARLE COUNTY,0405,405 - MOUNTAIN VIEW,"3,141",96,"3,237",9,15,4,30,"78,541","3,140","81,681",570,626,177,133,"5,763,241","212,476","5,975,717","76,557","25,279","10,167","2,453"
Locality: 003 ALBEMARLE COUNTY,0406,406 - STONE ROBINSON,"3,350",61,"3,411",15,17,4,30,"78,541","3,140","81,681",570,626,177,133,"5,763,241","212,476","5,975,717","76,557","25,279","10,167","2,453"
Locality: 003 ALBEMARLE COUNTY,0407,407 - BISCUIT RUN,"2,436",200,"2,636",16,11,3,30,"78,541","3,140","81,681",570,626,177,133,"5,763,241","212,476","5,975,717","76,557","25,279","10,167","2,453"
Locality: 003 ALBEMARLE COUNTY,0501,501 - KESWICK,"1,514",40,"1,554",11,11,3,30,"78,541","3,140","81,681",570,626,177,133,"5,763,241","212,476","5,975,717","76,557","25,279","10,167","2,453"
Locality: 003 ALBEMARLE COUNTY,0502,502 - STONY POINT,"1,615",32,"1,647",18,18,6,30,"78,541","3,140","81,681",570,626,177,133,"5,763,241","212,476","5,975,717","76,557","25,279","10,167","2,453"
Locality: 003 ALBEMARLE COUNTY,0503,503 - HOLLYMEAD,"2,476",73,"2,549",48,24,4,30,"78,541","3,140","81,681",570,626,177,133,"5,763,241","212,476","5,975,717","76,557","25,279","10,167","2,453"
Locality: 003 ALBEMARLE COUNTY,0504,504 - FREE BRIDGE,"2,676",96,"2,772",15,18,7,30,"78,541","3,140","81,681",570,626,177,133,"5,763,241","212,476","5,975,717","76,557","25,279","10,167","2,453"
Locality: 003 ALBEMARLE COUNTY,0506,506 - BAKER-BUTLER,"3,324",68,"3,392",49,24,6,30,"78,541","3,140","81,681",570,626,177,133,"5,763,241","212,476","5,975,717","76,557","25,279","10,167","2,453"
Locality: 003 ALBEMARLE COUNTY,0507,507 - PANTOPS,"2,258",41,"2,299",13,19,3,30,"78,541","3,140","81,681",570,626,177,133,"5,763,241","212,476","5,975,717","76,557","25,279","10,167","2,453"
Locality: 003 ALBEMARLE COUNTY,0601,601 - CROZET,"3,493",73,"3,566",24,28,9,30,"78,541","3,140","81,681",570,626,177,133,"5,763,241","212,476","5,975,717","76,557","25,279","10,167","2,453"
Locality: 003 ALBEMARLE COUNTY,0602,602 - FREE UNION,"1,445",40,"1,485",9,7,8,30,"78,541","3,140","81,681",570,626,177,133,"5,763,241","212,476","5,975,717","76,557","25,279","10,167","2,453"
Locality: 003 ALBEMARLE COUNTY,0603,603 - EARLYSVILLE,"3,263",80,"3,343",26,26,6,30,"78,541","3,140","81,681",570,626,177,133,"5,763,241","212,476","5,975,717","76,557","25,279","10,167","2,453"
Locality: 003 ALBEMARLE COUNTY,0604,604 - BROWNSVILLE,"2,956",56,"3,012",22,17,5,30,"78,541","3,140","81,681",570,626,177,133,"5,763,241","212,476","5,975,717","76,557","25,279","10,167","2,453"
Locality: 003 ALBEMARLE COUNTY,0606,606 - MECHUMS RIVER,"3,564",105,"3,669",28,25,2,30,"78,541","3,140","81,681",570,626,177,133,"5,763,241","212,476","5,975,717","76,557","25,279","10,167","2,453"
Locality: 005 ALLEGHANY COUNTY,0101,101 - ARRITT,"1,108",19,"1,127",6,2,2,12,"10,760",201,"10,961",45,9,8,133,"5,763,241","212,476","5,975,717","76,557","25,279","10,167","2,453"
Locality: 005 ALLEGHANY COUNTY,0103,103 - DAMERON,374,13,387,3,,,12,"10,760",201,"10,961",45,9,8,133,"5,763,241","212,476","5,975,717","76,557","25,279","10,167","2,453"
Locality: 005 ALLEGHANY COUNTY,0201,201 - HUMPBACK BRIDGE,612,14,626,7,2,,12,"10,760",201,"10,961",45,9,8,133,"5,763,241","212,476","5,975,717","76,557","25,279","10,167","2,453"
Locality: 005 ALLEGHANY COUNTY,0202,202 - DOLLY ANN,864,15,879,1,1,1,12,"10,760",201,"10,961",45,9,8,133,"5,763,241","212,476","5,975,717","76,557","25,279","10,167","2,453"
Locality: 005 ALLEGHANY COUNTY,0301,301 - CALLAGHAN,618,11,629,1,,,12,"10,760",201,"10,961",45,9,8,133,"5,763,241","212,476","5,975,717","76,557","25,279","10,167","2,453"
Locality: 005 ALLEGHANY COUNTY,0302,302 - GRIFFITH,"1,054",16,"1,070",3,,,12,"10,760",201,"10,961",45,9,8,133,"5,763,241","212,476","5,975,717","76,557","25,279","10,167","2,453"
Locality: 005 ALLEGHANY COUNTY,0401,401 - LOW MOOR,830,15,845,2,1,3,12,"10,760",201,"10,961",45,9,8,133,"5,763,241","212,476","5,975,717","76,557","25,279","10,167","2,453"
Locality: 005 ALLEGHANY COUNTY,0402,402 - JACKSON HEIGHTS,908,17,925,4,1,,12,"10,760",201,"10,961",45,9,8,133,"5,763,241","212,476","5,975,717","76,557","25,279","10,167","2,453"
Locality: 005 ALLEGHANY COUNTY,0501,501 - IRON GATE,415,5,420,1,,,12,"10,760",201,"10,961",45,9,8,133,"5,763,241","212,476","5,975,717","76,557","25,279","10,167","2,453"
Locality: 005 ALLEGHANY COUNTY,0502,502 - PETERS SWITCH,"1,182",13,"1,195",3,,,12,"10,760",201,"10,961",45,9,8,133,"5,763,241","212,476","5,975,717","76,557","25,279","10,167","2,453"
Locality: 005 ALLEGHANY COUNTY,0601,601 - DISTRICT 1,"1,524",33,"1,557",7,1,1,12,"10,760",201,"10,961",45,9,8,133,"5,763,241","212,476","5,975,717","76,557","25,279","10,167","2,453"
Locality: 005 ALLEGHANY COUNTY,0701,701 - DISTRICT 2,"1,271",30,"1,301",7,1,1,12,"10,760",201,"10,961",45,9,8,133,"5,763,241","212,476","5,975,717","76,557","25,279","10,167","2,453"
Locality: 007 AMELIA COUNTY,0101,101 - NUMBER ONE,"1,706",30,"1,736",9,,,5,"9,681",154,"9,835",67,13,2,133,"5,763,241","212,476","5,975,717","76,557","25,279","10,167","2,453"
Locality: 007 AMELIA COUNTY,0201,201 - NUMBER TWO,"1,942",24,"1,966",15,6,,5,"9,681",154,"9,835",67,13,2,133,"5,763,241","212,476","5,975,717","76,557","25,279","10,167","2,453"
Locality: 007 AMELIA COUNTY,0301,301 - NUMBER THREE,"1,944",37,"1,981",16,2,1,5,"9,681",154,"9,835",67,13,2,133,"5,763,241","212,476","5,975,717","76,557","25,279","10,167","2,453"
Locality: 007 AMELIA COUNTY,0401,401 - NUMBER FOUR,"1,893",31,"1,924",11,4,,5,"9,681",154,"9,835",67,13,2,133,"5,763,241","212,476","5,975,717","76,557","25,279","10,167","2,453"
Locality: 007 AMELIA COUNTY,0501,501 - NUMBER FIVE,"2,196",32,"2,228",16,1,1,5,"9,681",154,"9,835",67,13,2,133,"5,763,241","212,476","5,975,717","76,557","25,279","10,167","2,453"
Locality: 009 AMHERST COUNTY,0101,101 - WRIGHT SHOP,"1,619",40,"1,659",5,1,2,11,"21,671",574,"22,245",128,23,21,133,"5,763,241","212,476","5,975,717","76,557","25,279","10,167","2,453"
Locality: 009 AMHERST COUNTY,0102,102 - NEW GLASGOW,"1,959",52,"2,011",18,,1,11,"21,671",574,"22,245",128,23,21,133,"5,763,241","212,476","5,975,717","76,557","25,279","10,167","2,453"
Locality: 009 AMHERST COUNTY,0103,103 - COOLWELL,954,23,977,7,,,11,"21,671",574,"22,245",128,23,21,133,"5,763,241","212,476","5,975,717","76,557","25,279","10,167","2,453"
Locality: 009 AMHERST COUNTY,0201,201 - COURT HOUSE,"3,089",100,"3,189",24,3,8,11,"21,671",574,"22,245",128,23,21,133,"5,763,241","212,476","5,975,717","76,557","25,279","10,167","2,453"
Locality: 009 AMHERST COUNTY,0202,202 - TEMPERANCE,"1,162",33,"1,195",9,2,,11,"21,671",574,"22,245",128,23,21,133,"5,763,241","212,476","5,975,717","76,557","25,279","10,167","2,453"
Locality: 009 AMHERST COUNTY,0301,301 - MONROE,"1,214",45,"1,259",6,2,1,11,"21,671",574,"22,245",128,23,21,133,"5,763,241","212,476","5,975,717","76,557","25,279","10,167","2,453"
Locality: 009 AMHERST COUNTY,0302,302 - ELON,"2,846",53,"2,899",17,9,1,11,"21,671",574,"22,245",128,23,21,133,"5,763,241","212,476","5,975,717","76,557","25,279","10,167","2,453"
Locality: 009 AMHERST COUNTY,0303,303 - PLEASANT VIEW,709,16,725,6,,,11,"21,671",574,"22,245",128,23,21,133,"5,763,241","212,476","5,975,717","76,557","25,279","10,167","2,453"
Locality: 009 AMHERST COUNTY,0401,401 - AMELON,"3,360",77,"3,437",13,5,4,11,"21,671",574,"22,245",128,23,21,133,"5,763,241","212,476","5,975,717","76,557","25,279","10,167","2,453"
Locality: 009 AMHERST COUNTY,0402,402 - LONCO,997,33,"1,030",7,,1,11,"21,671",574,"22,245",128,23,21,133,"5,763,241","212,476","5,975,717","76,557","25,279","10,167","2,453"
Locality: 009 AMHERST COUNTY,0501,501 - MADISON,"3,762",102,"3,864",16,1,3,11,"21,671",574,"22,245",128,23,21,133,"5,763,241","212,476","5,975,717","76,557","25,279","10,167","2,453"
Locality: 011 APPOMATTOX COUNTY,0101,101 - VERA,823,24,847,6,2,,9,"11,513",191,"11,704",85,14,1,133,"5,763,241","212,476","5,975,717","76,557","25,279","10,167","2,453"
Locality: 011 APPOMATTOX COUNTY,0102,102 - PAMPLIN,"1,483",24,"1,507",13,2,1,9,"11,513",191,"11,704",85,14,1,133,"5,763,241","212,476","5,975,717","76,557","25,279","10,167","2,453"
Locality: 011 APPOMATTOX COUNTY,0201,201 - CHAP,601,12,613,6,,,9,"11,513",191,"11,704",85,14,1,133,"5,763,241","212,476","5,975,717","76,557","25,279","10,167","2,453"
Locality: 011 APPOMATTOX COUNTY,0202,202 - SPOUT SPRING,"1,818",15,"1,833",9,2,,9,"11,513",191,"11,704",85,14,1,133,"5,763,241","212,476","5,975,717","76,557","25,279","10,167","2,453"
Locality: 011 APPOMATTOX COUNTY,0301,301 - US  460,"1,081",13,"1,094",5,3,,9,"11,513",191,"11,704",85,14,1,133,"5,763,241","212,476","5,975,717","76,557","25,279","10,167","2,453"
Locality: 011 APPOMATTOX COUNTY,0302,302 - STONEWALL,"1,365",26,"1,391",21,,,9,"11,513",191,"11,704",85,14,1,133,"5,763,241","212,476","5,975,717","76,557","25,279","10,167","2,453"
Locality: 011 APPOMATTOX COUNTY,0401,401 - COURTHOUSE,"2,145",36,"2,181",17,3,,9,"11,513",191,"11,704",85,14,1,133,"5,763,241","212,476","5,975,717","76,557","25,279","10,167","2,453"
Locality: 011 APPOMATTOX COUNTY,0501,501 - OAKVILLE,"1,572",33,"1,605",7,2,,9,"11,513",191,"11,704",85,14,1,133,"5,763,241","212,476","5,975,717","76,557","25,279","10,167","2,453"
Locality: 011 APPOMATTOX COUNTY,0502,502 - AGEE,625,8,633,1,,,9,"11,513",191,"11,704",85,14,1,133,"5,763,241","212,476","5,975,717","76,557","25,279","10,167","2,453"
Locality: 013 ARLINGTON COUNTY,0001,001 - ARLINGTON,"2,974",145,"3,119",40,26,10,54,"166,415","12,013","178,428","1,821","3,370","1,245",133,"5,763,241","212,476","5,975,717","76,557","25,279","10,167","2,453"
Locality: 013 ARLINGTON COUNTY,0002,002 - ASHTON HEIGHTS,"3,527",208,"3,735",27,81,24,54,"166,415","12,013","178,428","1,821","3,370","1,245",133,"5,763,241","212,476","5,975,717","76,557","25,279","10,167","2,453"
Locality: 013 ARLINGTON COUNTY,0003,003 - AURORA HILLS,"1,980",94,"2,074",42,44,28,54,"166,415","12,013","178,428","1,821","3,370","1,245",133,"5,763,241","212,476","5,975,717","76,557","25,279","10,167","2,453"
Locality: 013 ARLINGTON COUNTY,0004,004 - BALLSTON,"3,580",224,"3,804",28,57,23,54,"166,415","12,013","178,428","1,821","3,370","1,245",133,"5,763,241","212,476","5,975,717","76,557","25,279","10,167","2,453"
Locality: 013 ARLINGTON COUNTY,0005,005 - BARCROFT,"2,824",122,"2,946",36,46,17,54,"166,415","12,013","178,428","1,821","3,370","1,245",133,"5,763,241","212,476","5,975,717","76,557","25,279","10,167","2,453"
Locality: 013 ARLINGTON COUNTY,0006,006 - CRYSTAL CITY,"2,803",466,"3,269",65,61,30,54,"166,415","12,013","178,428","1,821","3,370","1,245",133,"5,763,241","212,476","5,975,717","76,557","25,279","10,167","2,453"
Locality: 013 ARLINGTON COUNTY,0007,007 - CHERRYDALE,"3,234",145,"3,379",18,59,36,54,"166,415","12,013","178,428","1,821","3,370","1,245",133,"5,763,241","212,476","5,975,717","76,557","25,279","10,167","2,453"
Locality: 013 ARLINGTON COUNTY,0008,008 - HUME,"4,216",378,"4,594",67,104,34,54,"166,415","12,013","178,428","1,821","3,370","1,245",133,"5,763,241","212,476","5,975,717","76,557","25,279","10,167","2,453"
Locality: 013 ARLINGTON COUNTY,0009,009 - COLUMBIA,"4,149",281,"4,430",47,82,14,54,"166,415","12,013","178,428","1,821","3,370","1,245",133,"5,763,241","212,476","5,975,717","76,557","25,279","10,167","2,453"
Locality: 013 ARLINGTON COUNTY,0010,010 - WILSON,"4,713",565,"5,278",114,194,52,54,"166,415","12,013","178,428","1,821","3,370","1,245",133,"5,763,241","212,476","5,975,717","76,557","25,279","10,167","2,453"
Locality: 013 ARLINGTON COUNTY,0011,011 - EAST FALLS CHURCH,"2,202",83,"2,285",14,76,13,54,"166,415","12,013","178,428","1,821","3,370","1,245",133,"5,763,241","212,476","5,975,717","76,557","25,279","10,167","2,453"
Locality: 013 ARLINGTON COUNTY,0012,012 - FAIRLINGTON,"2,806",111,"2,917",45,78,30,54,"166,415","12,013","178,428","1,821","3,370","1,245",133,"5,763,241","212,476","5,975,717","76,557","25,279","10,167","2,453"
Locality: 013 ARLINGTON COUNTY,0013,013 - GLEN CARLYN,"2,237",79,"2,316",16,41,4,54,"166,415","12,013","178,428","1,821","3,370","1,245",133,"5,763,241","212,476","5,975,717","76,557","25,279","10,167","2,453"
Locality: 013 ARLINGTON COUNTY,0014,014 - CLARENDON,"2,608",199,"2,807",16,51,15,54,"166,415","12,013","178,428","1,821","3,370","1,245",133,"5,763,241","212,476","5,975,717","76,557","25,279","10,167","2,453"
Locality: 013 ARLINGTON COUNTY,0015,015 - LYON PARK,"1,886",97,"1,983",25,45,17,54,"166,415","12,013","178,428","1,821","3,370","1,245",133,"5,763,241","212,476","5,975,717","76,557","25,279","10,167","2,453"
Locality: 013 ARLINGTON COUNTY,0016,016 - LYON VILLAGE,"3,450",251,"3,701",17,83,31,54,"166,415","12,013","178,428","1,821","3,370","1,245",133,"5,763,241","212,476","5,975,717","76,557","25,279","10,167","2,453"
Locality: 013 ARLINGTON COUNTY,0017,017 - OVERLEE KNOLLS,"3,401",137,"3,538",30,71,32,54,"166,415","12,013","178,428","1,821","3,370","1,245",133,"5,763,241","212,476","5,975,717","76,557","25,279","10,167","2,453"
Locality: 013 ARLINGTON COUNTY,0018,018 - PARK LANE,"6,102",629,"6,731",40,171,42,54,"166,415","12,013","178,428","1,821","3,370","1,245",133,"5,763,241","212,476","5,975,717","76,557","25,279","10,167","2,453"
Locality: 013 ARLINGTON COUNTY,0019,019 - ROSSLYN,"4,454",642,"5,096",34,150,77,54,"166,415","12,013","178,428","1,821","3,370","1,245",133,"5,763,241","212,476","5,975,717","76,557","25,279","10,167","2,453"
Locality: 013 ARLINGTON COUNTY,0020,020 - THRIFTON,"3,038",87,"3,125",24,57,29,54,"166,415","12,013","178,428","1,821","3,370","1,245",133,"5,763,241","212,476","5,975,717","76,557","25,279","10,167","2,453"
Locality: 013 ARLINGTON COUNTY,0021,021 - VIRGINIA HIGHLANDS,"1,901",110,"2,011",18,26,14,54,"166,415","12,013","178,428","1,821","3,370","1,245",133,"5,763,241","212,476","5,975,717","76,557","25,279","10,167","2,453"
Locality: 013 ARLINGTON COUNTY,0022,022 - ABINGDON,"3,146",220,"3,366",55,102,23,54,"166,415","12,013","178,428","1,821","3,370","1,245",133,"5,763,241","212,476","5,975,717","76,557","25,279","10,167","2,453"
Locality: 013 ARLINGTON COUNTY,0023,023 - WESTOVER,"2,999",102,"3,101",28,65,17,54,"166,415","12,013","178,428","1,821","3,370","1,245",133,"5,763,241","212,476","5,975,717","76,557","25,279","10,167","2,453"
Locality: 013 ARLINGTON COUNTY,0024,024 - WOODLAWN,"4,170",200,"4,370",26,74,26,54,"166,415","12,013","178,428","1,821","3,370","1,245",133,"5,763,241","212,476","5,975,717","76,557","25,279","10,167","2,453"
Locality: 013 ARLINGTON COUNTY,0025,025 - ARLINGTON FOREST,"2,985",186,"3,171",24,66,21,54,"166,415","12,013","178,428","1,821","3,370","1,245",133,"5,763,241","212,476","5,975,717","76,557","25,279","10,167","2,453"
Locality: 013 ARLINGTON COUNTY,0026,026 - FILLMORE,"3,972",323,"4,295",44,58,16,54,"166,415","12,013","178,428","1,821","3,370","1,245",133,"5,763,241","212,476","5,975,717","76,557","25,279","10,167","2,453"
Locality: 013 ARLINGTON COUNTY,0027,027 - JEFFERSON,"3,218",132,"3,350",38,53,20,54,"166,415","12,013","178,428","1,821","3,370","1,245",133,"5,763,241","212,476","5,975,717","76,557","25,279","10,167","2,453"
Locality: 013 ARLINGTON COUNTY,0028,028 - WAKEFIELD,"4,018",287,"4,305",49,44,23,54,"166,415","12,013","178,428","1,821","3,370","1,245",133,"5,763,241","212,476","5,975,717","76,557","25,279","10,167","2,453"
Locality: 013 ARLINGTON COUNTY,0029,029 - DOMINION HILLS,"2,890",64,"2,954",25,73,41,54,"166,415","12,013","178,428","1,821","3,370","1,245",133,"5,763,241","212,476","5,975,717","76,557","25,279","10,167","2,453"
Locality: 013 ARLINGTON COUNTY,0030,030 - GLEBE,"3,375",227,"3,602",25,27,4,54,"166,415","12,013","178,428","1,821","3,370","1,245",133,"5,763,241","212,476","5,975,717","76,557","25,279","10,167","2,453"
Locality: 013 ARLINGTON COUNTY,0031,031 - LEXINGTON,"3,040",86,"3,126",23,41,19,54,"166,415","12,013","178,428","1,821","3,370","1,245",133,"5,763,241","212,476","5,975,717","76,557","25,279","10,167","2,453"
Locality: 013 ARLINGTON COUNTY,0032,032 - OAKRIDGE,"1,419",101,"1,520",41,24,16,54,"166,415","12,013","178,428","1,821","3,370","1,245",133,"5,763,241","212,476","5,975,717","76,557","25,279","10,167","2,453"
Locality: 013 ARLINGTON COUNTY,0033,033 - ROCK SPRING,"3,082",82,"3,164",22,45,28,54,"166,415","12,013","178,428","1,821","3,370","1,245",133,"5,763,241","212,476","5,975,717","76,557","25,279","10,167","2,453"
Locality: 013 ARLINGTON COUNTY,0034,034 - YORKTOWN,"2,738",57,"2,795",17,55,18,54,"166,415","12,013","178,428","1,821","3,370","1,245",133,"5,763,241","212,476","5,975,717","76,557","25,279","10,167","2,453"
Locality: 013 ARLINGTON COUNTY,0035,035 - MADISON,"3,338",100,"3,438",28,51,24,54,"166,415","12,013","178,428","1,821","3,370","1,245",133,"5,763,241","212,476","5,975,717","76,557","25,279","10,167","2,453"
Locality: 013 ARLINGTON COUNTY,0036,036 - MARSHALL,"3,421",166,"3,587",28,67,26,54,"166,415","12,013","178,428","1,821","3,370","1,245",133,"5,763,241","212,476","5,975,717","76,557","25,279","10,167","2,453"
Locality: 013 ARLINGTON COUNTY,0037,037 - NOTTINGHAM,"2,694",73,"2,767",18,40,16,54,"166,415","12,013","178,428","1,821","3,370","1,245",133,"5,763,241","212,476","5,975,717","76,557","25,279","10,167","2,453"
Locality: 013 ARLINGTON COUNTY,0038,038 - ARLINGTON VIEW,"3,168",285,"3,453",50,40,25,54,"166,415","12,013","178,428","1,821","3,370","1,245",133,"5,763,241","212,476","5,975,717","76,557","25,279","10,167","2,453"
Locality: 013 ARLINGTON COUNTY,0039,039 - ASHLAWN,"1,782",48,"1,830",20,26,17,54,"166,415","12,013","178,428","1,821","3,370","1,245",133,"5,763,241","212,476","5,975,717","76,557","25,279","10,167","2,453"
Locality: 013 ARLINGTON COUNTY,0040,040 - VIRGINIA SQUARE,"4,327",340,"4,667",31,99,21,54,"166,415","12,013","178,428","1,821","3,370","1,245",133,"5,763,241","212,476","5,975,717","76,557","25,279","10,167","2,453"
Locality: 013 ARLINGTON COUNTY,0041,041 - NAVY LEAGUE,"3,569",447,"4,016",26,90,45,54,"166,415","12,013","178,428","1,821","3,370","1,245",133,"5,763,241","212,476","5,975,717","76,557","25,279","10,167","2,453"
Locality: 013 ARLINGTON COUNTY,0042,042 - SHIRLINGTON,"2,781",237,"3,018",51,56,13,54,"166,415","12,013","178,428","1,821","3,370","1,245",133,"5,763,241","212,476","5,975,717","76,557","25,279","10,167","2,453"
Locality: 013 ARLINGTON COUNTY,0043,043 - CAMPBELL,"2,792",132,"2,924",29,13,4,54,"166,415","12,013","178,428","1,821","3,370","1,245",133,"5,763,241","212,476","5,975,717","76,557","25,279","10,167","2,453"
Locality: 013 ARLINGTON COUNTY,0044,044 - DAWSON TERRACE,"2,719",254,"2,973",28,69,37,54,"166,415","12,013","178,428","1,821","3,370","1,245",133,"5,763,241","212,476","5,975,717","76,557","25,279","10,167","2,453"
Locality: 013 ARLINGTON COUNTY,0045,045 - BUCKINGHAM,"2,766",163,"2,929",16,54,23,54,"166,415","12,013","178,428","1,821","3,370","1,245",133,"5,763,241","212,476","5,975,717","76,557","25,279","10,167","2,453"
Locality: 013 ARLINGTON COUNTY,0046,046 - CENTRAL,"4,100",384,"4,484",25,87,31,54,"166,415","12,013","178,428","1,821","3,370","1,245",133,"5,763,241","212,476","5,975,717","76,557","25,279","10,167","2,453"
Locality: 013 ARLINGTON COUNTY,0047,047 - FOUR MILE RUN,"2,498",158,"2,656",32,48,23,54,"166,415","12,013","178,428","1,821","3,370","1,245",133,"5,763,241","212,476","5,975,717","76,557","25,279","10,167","2,453"
Locality: 013 ARLINGTON COUNTY,0048,048 - AUSA,"2,811",354,"3,165",25,58,12,54,"166,415","12,013","178,428","1,821","3,370","1,245",133,"5,763,241","212,476","5,975,717","76,557","25,279","10,167","2,453"
Locality: 013 ARLINGTON COUNTY,0049,049 - MONROE,"2,416",163,"2,579",13,46,7,54,"166,415","12,013","178,428","1,821","3,370","1,245",133,"5,763,241","212,476","5,975,717","76,557","25,279","10,167","2,453"
Locality: 013 ARLINGTON COUNTY,0050,050 - CRYSTAL PLAZA,"3,401",308,"3,709",62,63,35,54,"166,415","12,013","178,428","1,821","3,370","1,245",133,"5,763,241","212,476","5,975,717","76,557","25,279","10,167","2,453"
Locality: 013 ARLINGTON COUNTY,0051,051 - TAYLOR,838,48,886,5,7,4,54,"166,415","12,013","178,428","1,821","3,370","1,245",133,"5,763,241","212,476","5,975,717","76,557","25,279","10,167","2,453"
Locality: 013 ARLINGTON COUNTY,0052,052 - GUNSTON,"2,665",262,"2,927",53,46,9,54,"166,415","12,013","178,428","1,821","3,370","1,245",133,"5,763,241","212,476","5,975,717","76,557","25,279","10,167","2,453"
Locality: 013 ARLINGTON COUNTY,0053,053 - MET PARK,"3,512",604,"4,116",88,55,15,54,"166,415","12,013","178,428","1,821","3,370","1,245",133,"5,763,241","212,476","5,975,717","76,557","25,279","10,167","2,453"
Locality: 013 ARLINGTON COUNTY,0054,054 - GARFIELD PARK,"1,680",367,"2,047",13,25,14,54,"166,415","12,013","178,428","1,821","3,370","1,245",133,"5,763,241","212,476","5,975,717","76,557","25,279","10,167","2,453"
Locality: 015 AUGUSTA COUNTY,0101,101 - JOLIVUE,"1,451",24,"1,475",11,1,,25,"51,861",891,"52,752",259,76,34,133,"5,763,241","212,476","5,975,717","76,557","25,279","10,167","2,453"
Locality: 015 AUGUSTA COUNTY,0102,102 - STUARTS DRAFT ELEMENTARY,"1,866",52,"1,918",13,5,2,25,"51,861",891,"52,752",259,76,34,133,"5,763,241","212,476","5,975,717","76,557","25,279","10,167","2,453"
Locality: 015 AUGUSTA COUNTY,0103,103 - VERONA,"2,941",60,"3,001",12,4,3,25,"51,861",891,"52,752",259,76,34,133,"5,763,241","212,476","5,975,717","76,557","25,279","10,167","2,453"
Locality: 015 AUGUSTA COUNTY,0201,201 - CRIMORA,"3,214",63,"3,277",16,1,,25,"51,861",891,"52,752",259,76,34,133,"5,763,241","212,476","5,975,717","76,557","25,279","10,167","2,453"
Locality: 015 AUGUSTA COUNTY,0202,202 - NEW HOPE,"1,633",14,"1,647",9,2,1,25,"51,861",891,"52,752",259,76,34,133,"5,763,241","212,476","5,975,717","76,557","25,279","10,167","2,453"
Locality: 015 AUGUSTA COUNTY,0203,203 - WEYERS CAVE,"2,630",42,"2,672",9,5,,25,"51,861",891,"52,752",259,76,34,133,"5,763,241","212,476","5,975,717","76,557","25,279","10,167","2,453"
Locality: 015 AUGUSTA COUNTY,0301,301 - FORT DEFIANCE,"3,987",57,"4,044",15,3,3,25,"51,861",891,"52,752",259,76,34,133,"5,763,241","212,476","5,975,717","76,557","25,279","10,167","2,453"
Locality: 015 AUGUSTA COUNTY,0302,302 - NORTH RIVER,"1,005",12,"1,017",7,3,,25,"51,861",891,"52,752",259,76,34,133,"5,763,241","212,476","5,975,717","76,557","25,279","10,167","2,453"
Locality: 015 AUGUSTA COUNTY,0303,303 - MOUNT SOLON,"1,366",16,"1,382",8,1,1,25,"51,861",891,"52,752",259,76,34,133,"5,763,241","212,476","5,975,717","76,557","25,279","10,167","2,453"
Locality: 015 AUGUSTA COUNTY,0304,304 - CHURCHVILLE FIRE STATION,"1,193",34,"1,227",7,2,1,25,"51,861",891,"52,752",259,76,34,133,"5,763,241","212,476","5,975,717","76,557","25,279","10,167","2,453"
Locality: 015 AUGUSTA COUNTY,0401,401 - BUFFALO GAP,"1,388",18,"1,406",7,3,1,25,"51,861",891,"52,752",259,76,34,133,"5,763,241","212,476","5,975,717","76,557","25,279","10,167","2,453"
Locality: 015 AUGUSTA COUNTY,0402,402 - CHURCHVILLE ELEMENTARY,"1,329",24,"1,353",8,2,1,25,"51,861",891,"52,752",259,76,34,133,"5,763,241","212,476","5,975,717","76,557","25,279","10,167","2,453"
Locality: 015 AUGUSTA COUNTY,0403,403 - CRAIGSVILLE,"1,176",26,"1,202",9,,1,25,"51,861",891,"52,752",259,76,34,133,"5,763,241","212,476","5,975,717","76,557","25,279","10,167","2,453"
Locality: 015 AUGUSTA COUNTY,0404,404 - DEERFIELD,478,16,494,5,4,2,25,"51,861",891,"52,752",259,76,34,133,"5,763,241","212,476","5,975,717","76,557","25,279","10,167","2,453"
Locality: 015 AUGUSTA COUNTY,0405,405 - CEDAR GREEN,"1,891",39,"1,930",12,9,2,25,"51,861",891,"52,752",259,76,34,133,"5,763,241","212,476","5,975,717","76,557","25,279","10,167","2,453"
Locality: 015 AUGUSTA COUNTY,0501,501 - GREENVILLE,"2,312",20,"2,332",4,4,1,25,"51,861",891,"52,752",259,76,34,133,"5,763,241","212,476","5,975,717","76,557","25,279","10,167","2,453"
Locality: 015 AUGUSTA COUNTY,0502,502 - MIDDLEBROOK,"1,121",10,"1,131",11,3,,25,"51,861",891,"52,752",259,76,34,133,"5,763,241","212,476","5,975,717","76,557","25,279","10,167","2,453"
Locality: 015 AUGUSTA COUNTY,0503,503 - SPOTTSWOOD,"1,245",16,"1,261",5,1,,25,"51,861",891,"52,752",259,76,34,133,"5,763,241","212,476","5,975,717","76,557","25,279","10,167","2,453"
Locality: 015 AUGUSTA COUNTY,0504,504 - WHITE HILL,"2,911",61,"2,972",12,4,1,25,"51,861",891,"52,752",259,76,34,133,"5,763,241","212,476","5,975,717","76,557","25,279","10,167","2,453"
Locality: 015 AUGUSTA COUNTY,0601,601 - SHERANDO,"1,781",26,"1,807",4,1,2,25,"51,861",891,"52,752",259,76,34,133,"5,763,241","212,476","5,975,717","76,557","25,279","10,167","2,453"
Locality: 015 AUGUSTA COUNTY,0602,602 - RIDGEVIEW,"4,005",70,"4,075",18,4,2,25,"51,861",891,"52,752",259,76,34,133,"5,763,241","212,476","5,975,717","76,557","25,279","10,167","2,453"
Locality: 015 AUGUSTA COUNTY,0603,603 - LYNDHURST,"2,526",32,"2,558",15,5,5,25,"51,861",891,"52,752",259,76,34,133,"5,763,241","212,476","5,975,717","76,557","25,279","10,167","2,453"
Locality: 015 AUGUSTA COUNTY,0801,801 - DOOMS,"1,967",33,"2,000",6,3,1,25,"51,861",891,"52,752",259,76,34,133,"5,763,241","212,476","5,975,717","76,557","25,279","10,167","2,453"
Locality: 015 AUGUSTA COUNTY,0802,802 - FISHERSVILLE,"3,321",46,"3,367",20,3,1,25,"51,861",891,"52,752",259,76,34,133,"5,763,241","212,476","5,975,717","76,557","25,279","10,167","2,453"
Locality: 015 AUGUSTA COUNTY,0803,803 - WILSON,"3,124",80,"3,204",16,3,3,25,"51,861",891,"52,752",259,76,34,133,"5,763,241","212,476","5,975,717","76,557","25,279","10,167","2,453"
Locality: 017 BATH COUNTY,0101,101 - WARM SPRINGS,606,21,627,2,2,,7,"3,227",80,"3,307",13,4,6,133,"5,763,241","212,476","5,975,717","76,557","25,279","10,167","2,453"
Locality: 017 BATH COUNTY,0102,102 - MOUNTAIN GROVE,98,3,101,1,,,7,"3,227",80,"3,307",13,4,6,133,"5,763,241","212,476","5,975,717","76,557","25,279","10,167","2,453"
Locality: 017 BATH COUNTY,0201,201 - HOT SPRINGS,542,19,561,3,,1,7,"3,227",80,"3,307",13,4,6,133,"5,763,241","212,476","5,975,717","76,557","25,279","10,167","2,453"
Locality: 017 BATH COUNTY,0301,301 - FAIRVIEW,505,9,514,2,,,7,"3,227",80,"3,307",13,4,6,133,"5,763,241","212,476","5,975,717","76,557","25,279","10,167","2,453"
Locality: 017 BATH COUNTY,0302,302 - BURNSVILLE,161,4,165,,,,7,"3,227",80,"3,307",13,4,6,133,"5,763,241","212,476","5,975,717","76,557","25,279","10,167","2,453"
Locality: 017 BATH COUNTY,0401,401 - MILLBORO,674,13,687,3,,3,7,"3,227",80,"3,307",13,4,6,133,"5,763,241","212,476","5,975,717","76,557","25,279","10,167","2,453"
Locality: 017 BATH COUNTY,0501,501 - HEALING SPRINGS,641,11,652,2,2,2,7,"3,227",80,"3,307",13,4,6,133,"5,763,241","212,476","5,975,717","76,557","25,279","10,167","2,453"
Locality: 019 BEDFORD COUNTY,0101,101 - GOODVIEW ELEM SCHOOL,"2,727",37,"2,764",12,2,2,32,"59,505","1,162","60,667",320,115,48,133,"5,763,241","212,476","5,975,717","76,557","25,279","10,167","2,453"
Locality: 019 BEDFORD COUNTY,0102,102 - HARDY VOL FIRE CO,"1,078",21,"1,099",8,2,1,32,"59,505","1,162","60,667",320,115,48,133,"5,763,241","212,476","5,975,717","76,557","25,279","10,167","2,453"
Locality: 019 BEDFORD COUNTY,0103,103 - CHAMBLISSBURG BAPTIST CHURCH,"1,989",34,"2,023",13,3,3,32,"59,505","1,162","60,667",320,115,48,133,"5,763,241","212,476","5,975,717","76,557","25,279","10,167","2,453"
Locality: 019 BEDFORD COUNTY,0104,104 - STEWARTSVILLE RESCUE SQUAD,"1,803",37,"1,840",9,1,,32,"59,505","1,162","60,667",320,115,48,133,"5,763,241","212,476","5,975,717","76,557","25,279","10,167","2,453"
Locality: 019 BEDFORD COUNTY,0201,201 - BEDFORD CHRISTIAN CHURCH,"1,032",33,"1,065",5,,1,32,"59,505","1,162","60,667",320,115,48,133,"5,763,241","212,476","5,975,717","76,557","25,279","10,167","2,453"
Locality: 019 BEDFORD COUNTY,0202,202 - STAUNTON RIVER HIGH SCHOOL,"1,418",22,"1,440",5,,,32,"59,505","1,162","60,667",320,115,48,133,"5,763,241","212,476","5,975,717","76,557","25,279","10,167","2,453"
Locality: 019 BEDFORD COUNTY,0203,203 - MONETA ELEM SCHOOL,"2,811",53,"2,864",13,9,4,32,"59,505","1,162","60,667",320,115,48,133,"5,763,241","212,476","5,975,717","76,557","25,279","10,167","2,453"
Locality: 019 BEDFORD COUNTY,0204,204 - Quaker BAPTIST CHURCH,895,20,915,3,1,,32,"59,505","1,162","60,667",320,115,48,133,"5,763,241","212,476","5,975,717","76,557","25,279","10,167","2,453"
Locality: 019 BEDFORD COUNTY,0205,205 - SAUNDERS VOL FIRE CO,"2,024",41,"2,065",6,10,4,32,"59,505","1,162","60,667",320,115,48,133,"5,763,241","212,476","5,975,717","76,557","25,279","10,167","2,453"
Locality: 019 BEDFORD COUNTY,0301,301 - NEW LONDON ACADEMY,"2,579",54,"2,633",15,7,1,32,"59,505","1,162","60,667",320,115,48,133,"5,763,241","212,476","5,975,717","76,557","25,279","10,167","2,453"
Locality: 019 BEDFORD COUNTY,0302,302 - BEDFORD REGIONAL WATER AUTH,"1,838",25,"1,863",8,2,,32,"59,505","1,162","60,667",320,115,48,133,"5,763,241","212,476","5,975,717","76,557","25,279","10,167","2,453"
Locality: 019 BEDFORD COUNTY,0303,303 - BETHESDA UNITED METHODIST CHURCH,"1,089",20,"1,109",7,1,2,32,"59,505","1,162","60,667",320,115,48,133,"5,763,241","212,476","5,975,717","76,557","25,279","10,167","2,453"
Locality: 019 BEDFORD COUNTY,0304,304 - RIVERSIDE CHURCH,"1,097",22,"1,119",3,1,2,32,"59,505","1,162","60,667",320,115,48,133,"5,763,241","212,476","5,975,717","76,557","25,279","10,167","2,453"
Locality: 019 BEDFORD COUNTY,0305,305 - HUDDLESTON ELEM SCHOOL,982,15,997,6,1,1,32,"59,505","1,162","60,667",320,115,48,133,"5,763,241","212,476","5,975,717","76,557","25,279","10,167","2,453"
Locality: 019 BEDFORD COUNTY,0306,306 - FOREST FIRE STATION #2,"1,503",29,"1,532",9,2,1,32,"59,505","1,162","60,667",320,115,48,133,"5,763,241","212,476","5,975,717","76,557","25,279","10,167","2,453"
Locality: 019 BEDFORD COUNTY,0401,401 - FOREST ELEMENTARY SCHOOL,"2,845",82,"2,927",23,9,3,32,"59,505","1,162","60,667",320,115,48,133,"5,763,241","212,476","5,975,717","76,557","25,279","10,167","2,453"
Locality: 019 BEDFORD COUNTY,0402,402 - THOMAS JEFFERSON ELEM SCHOOL,"1,668",62,"1,730",21,1,,32,"59,505","1,162","60,667",320,115,48,133,"5,763,241","212,476","5,975,717","76,557","25,279","10,167","2,453"
Locality: 019 BEDFORD COUNTY,0403,403 - KNIGHTS OF COLUMBUS BLDG,"3,428",74,"3,502",33,16,2,32,"59,505","1,162","60,667",320,115,48,133,"5,763,241","212,476","5,975,717","76,557","25,279","10,167","2,453"
Locality: 019 BEDFORD COUNTY,0404,404 - FOREST RECREATION CENTER,"2,342",36,"2,378",17,6,3,32,"59,505","1,162","60,667",320,115,48,133,"5,763,241","212,476","5,975,717","76,557","25,279","10,167","2,453"
Locality: 019 BEDFORD COUNTY,0502,502 - BIG ISLAND ELEM SCHOOL,700,14,714,1,2,,32,"59,505","1,162","60,667",320,115,48,133,"5,763,241","212,476","5,975,717","76,557","25,279","10,167","2,453"
Locality: 019 BEDFORD COUNTY,0503,503 - SEDALIA CENTER,873,9,882,4,,,32,"59,505","1,162","60,667",320,115,48,133,"5,763,241","212,476","5,975,717","76,557","25,279","10,167","2,453"
Locality: 019 BEDFORD COUNTY,0504,504 - SUCK SPRINGS BAPTIST CHURCH,"1,265",19,"1,284",5,4,1,32,"59,505","1,162","60,667",320,115,48,133,"5,763,241","212,476","5,975,717","76,557","25,279","10,167","2,453"
Locality: 019 BEDFORD COUNTY,0505,505 - BOONSBORO ELEMENTARY SCHOOL,"2,350",54,"2,404",7,5,4,32,"59,505","1,162","60,667",320,115,48,133,"5,763,241","212,476","5,975,717","76,557","25,279","10,167","2,453"
Locality: 019 BEDFORD COUNTY,0506,506 - BOONSBORO RURITAN CLUB,"3,670",78,"3,748",18,11,5,32,"59,505","1,162","60,667",320,115,48,133,"5,763,241","212,476","5,975,717","76,557","25,279","10,167","2,453"
Locality: 019 BEDFORD COUNTY,0601,601 - MONTVALE ELEM SCHOOL,"1,762",30,"1,792",12,3,,32,"59,505","1,162","60,667",320,115,48,133,"5,763,241","212,476","5,975,717","76,557","25,279","10,167","2,453"
Locality: 019 BEDFORD COUNTY,0602,602 - SHADY GROVE FIRE DEPARTMENT,"2,050",44,"2,094",7,3,,32,"59,505","1,162","60,667",320,115,48,133,"5,763,241","212,476","5,975,717","76,557","25,279","10,167","2,453"
Locality: 019 BEDFORD COUNTY,0603,603 - THAXTON BAPTIST CHURCH #1,584,4,588,,,,32,"59,505","1,162","60,667",320,115,48,133,"5,763,241","212,476","5,975,717","76,557","25,279","10,167","2,453"
Locality: 019 BEDFORD COUNTY,0604,604 - BEDFORD WELCOME CENTER,"2,916",61,"2,977",8,3,3,32,"59,505","1,162","60,667",320,115,48,133,"5,763,241","212,476","5,975,717","76,557","25,279","10,167","2,453"
Locality: 019 BEDFORD COUNTY,0701,701 - GOODE VOL RESCUE SQUAD,"2,580",35,"2,615",17,3,3,32,"59,505","1,162","60,667",320,115,48,133,"5,763,241","212,476","5,975,717","76,557","25,279","10,167","2,453"
Locality: 019 BEDFORD COUNTY,0702,702 - LIBERTY HIGH SCHOOL,"1,337",15,"1,352",7,2,2,32,"59,505","1,162","60,667",320,115,48,133,"5,763,241","212,476","5,975,717","76,557","25,279","10,167","2,453"
Locality: 019 BEDFORD COUNTY,0703,703 - THAXTON BAPTIST CHURCH #2,"1,084",12,"1,096",5,2,,32,"59,505","1,162","60,667",320,115,48,133,"5,763,241","212,476","5,975,717","76,557","25,279","10,167","2,453"
Locality: 019 BEDFORD COUNTY,0704,704 - BEDFORD CENTRAL LIBRARY,"3,186",70,"3,256",13,3,,32,"59,505","1,162","60,667",320,115,48,133,"5,763,241","212,476","5,975,717","76,557","25,279","10,167","2,453"
Locality: 021 BLAND COUNTY,0101,101 - BASTIAN,554,28,582,1,,,7,"4,408",162,"4,570",22,4,2,133,"5,763,241","212,476","5,975,717","76,557","25,279","10,167","2,453"
Locality: 021 BLAND COUNTY,0102,102 - CERES,607,25,632,4,2,,7,"4,408",162,"4,570",22,4,2,133,"5,763,241","212,476","5,975,717","76,557","25,279","10,167","2,453"
Locality: 021 BLAND COUNTY,0201,201 - DAVIS,210,3,213,1,,,7,"4,408",162,"4,570",22,4,2,133,"5,763,241","212,476","5,975,717","76,557","25,279","10,167","2,453"
Locality: 021 BLAND COUNTY,0202,202 - SEDDON,"1,052",29,"1,081",8,,,7,"4,408",162,"4,570",22,4,2,133,"5,763,241","212,476","5,975,717","76,557","25,279","10,167","2,453"
Locality: 021 BLAND COUNTY,0301,301 - HOLLYBROOK,530,19,549,1,,1,7,"4,408",162,"4,570",22,4,2,133,"5,763,241","212,476","5,975,717","76,557","25,279","10,167","2,453"
Locality: 021 BLAND COUNTY,0302,302 - MECHANICSBURG,261,4,265,,,,7,"4,408",162,"4,570",22,4,2,133,"5,763,241","212,476","5,975,717","76,557","25,279","10,167","2,453"
Locality: 021 BLAND COUNTY,0401,401 - ROCKY GAP,"1,194",54,"1,248",7,2,1,7,"4,408",162,"4,570",22,4,2,133,"5,763,241","212,476","5,975,717","76,557","25,279","10,167","2,453"
Locality: 023 BOTETOURT COUNTY,0101,101 - DALEVILLE,"2,856",51,"2,907",19,7,1,10,"25,239",438,"25,677",110,31,11,133,"5,763,241","212,476","5,975,717","76,557","25,279","10,167","2,453"
Locality: 023 BOTETOURT COUNTY,0102,102 - GREENFIELD,"2,788",35,"2,823",13,5,1,10,"25,239",438,"25,677",110,31,11,133,"5,763,241","212,476","5,975,717","76,557","25,279","10,167","2,453"
Locality: 023 BOTETOURT COUNTY,0201,201 - BLUE RIDGE,"2,604",48,"2,652",16,3,,10,"25,239",438,"25,677",110,31,11,133,"5,763,241","212,476","5,975,717","76,557","25,279","10,167","2,453"
Locality: 023 BOTETOURT COUNTY,0202,202 - RAINBOW FOREST,"2,571",43,"2,614",11,5,2,10,"25,239",438,"25,677",110,31,11,133,"5,763,241","212,476","5,975,717","76,557","25,279","10,167","2,453"
Locality: 023 BOTETOURT COUNTY,0301,301 - BUCHANAN,"2,379",51,"2,430",11,1,,10,"25,239",438,"25,677",110,31,11,133,"5,763,241","212,476","5,975,717","76,557","25,279","10,167","2,453"
Locality: 023 BOTETOURT COUNTY,0302,302 - MILL CREEK,"2,238",29,"2,267",11,5,2,10,"25,239",438,"25,677",110,31,11,133,"5,763,241","212,476","5,975,717","76,557","25,279","10,167","2,453"
Locality: 023 BOTETOURT COUNTY,0403,403 - EAGLE ROCK,"1,541",22,"1,563",1,2,2,10,"25,239",438,"25,677",110,31,11,133,"5,763,241","212,476","5,975,717","76,557","25,279","10,167","2,453"
Locality: 023 BOTETOURT COUNTY,0406,406 - FINCASTLE,"3,191",62,"3,253",11,2,1,10,"25,239",438,"25,677",110,31,11,133,"5,763,241","212,476","5,975,717","76,557","25,279","10,167","2,453"
Locality: 023 BOTETOURT COUNTY,0501,501 - TROUTVILLE,"1,753",39,"1,792",6,,,10,"25,239",438,"25,677",110,31,11,133,"5,763,241","212,476","5,975,717","76,557","25,279","10,167","2,453"
Locality: 023 BOTETOURT COUNTY,0502,502 - CLOVERDALE,"3,318",58,"3,376",11,1,2,10,"25,239",438,"25,677",110,31,11,133,"5,763,241","212,476","5,975,717","76,557","25,279","10,167","2,453"
Locality: 025 BRUNSWICK COUNTY,0101,101 - BRODNAX,561,16,577,2,,,13,"10,722",222,"10,944",62,,1,133,"5,763,241","212,476","5,975,717","76,557","25,279","10,167","2,453"
Locality: 025 BRUNSWICK COUNTY,0102,102 - ROCK STORE,879,13,892,6,,1,13,"10,722",222,"10,944",62,,1,133,"5,763,241","212,476","5,975,717","76,557","25,279","10,167","2,453"
Locality: 025 BRUNSWICK COUNTY,0103,103 - TILLMAN,964,27,991,3,,,13,"10,722",222,"10,944",62,,1,133,"5,763,241","212,476","5,975,717","76,557","25,279","10,167","2,453"
Locality: 025 BRUNSWICK COUNTY,0201,201 - DROMGOOLE,296,9,305,1,,,13,"10,722",222,"10,944",62,,1,133,"5,763,241","212,476","5,975,717","76,557","25,279","10,167","2,453"
Locality: 025 BRUNSWICK COUNTY,0202,202 - EDGERTON,"1,023",26,"1,049",6,,,13,"10,722",222,"10,944",62,,1,133,"5,763,241","212,476","5,975,717","76,557","25,279","10,167","2,453"
Locality: 025 BRUNSWICK COUNTY,0203,203 - FITZHUGH,758,15,773,3,,,13,"10,722",222,"10,944",62,,1,133,"5,763,241","212,476","5,975,717","76,557","25,279","10,167","2,453"
Locality: 025 BRUNSWICK COUNTY,0301,301 - ALBERTA,237,2,239,,,,13,"10,722",222,"10,944",62,,1,133,"5,763,241","212,476","5,975,717","76,557","25,279","10,167","2,453"
Locality: 025 BRUNSWICK COUNTY,0302,302 - DANIELTOWN,959,21,980,7,,,13,"10,722",222,"10,944",62,,1,133,"5,763,241","212,476","5,975,717","76,557","25,279","10,167","2,453"
Locality: 025 BRUNSWICK COUNTY,0303,303 - ELMORE,450,7,457,4,,,13,"10,722",222,"10,944",62,,1,133,"5,763,241","212,476","5,975,717","76,557","25,279","10,167","2,453"
Locality: 025 BRUNSWICK COUNTY,0304,304 - SEYMOUR,446,7,453,2,,,13,"10,722",222,"10,944",62,,1,133,"5,763,241","212,476","5,975,717","76,557","25,279","10,167","2,453"
Locality: 025 BRUNSWICK COUNTY,0401,401 - STURGEON,"1,657",27,"1,684",14,,,13,"10,722",222,"10,944",62,,1,133,"5,763,241","212,476","5,975,717","76,557","25,279","10,167","2,453"
Locality: 025 BRUNSWICK COUNTY,0402,402 - KING'S STORE,517,8,525,1,,,13,"10,722",222,"10,944",62,,1,133,"5,763,241","212,476","5,975,717","76,557","25,279","10,167","2,453"
Locality: 025 BRUNSWICK COUNTY,0501,501 - TOTARO,"1,975",44,"2,019",13,,,13,"10,722",222,"10,944",62,,1,133,"5,763,241","212,476","5,975,717","76,557","25,279","10,167","2,453"
Locality: 027 BUCHANAN COUNTY,0102,102 - BLACKEY,684,13,697,2,,,17,"14,919",349,"15,268",44,4,,133,"5,763,241","212,476","5,975,717","76,557","25,279","10,167","2,453"
Locality: 027 BUCHANAN COUNTY,0103,103 - HURLEY,"1,684",42,"1,726",,,,17,"14,919",349,"15,268",44,4,,133,"5,763,241","212,476","5,975,717","76,557","25,279","10,167","2,453"
Locality: 027 BUCHANAN COUNTY,0201,201 - GRASSY,193,2,195,,,,17,"14,919",349,"15,268",44,4,,133,"5,763,241","212,476","5,975,717","76,557","25,279","10,167","2,453"
Locality: 027 BUCHANAN COUNTY,0202,202 - BULL,928,12,940,,,,17,"14,919",349,"15,268",44,4,,133,"5,763,241","212,476","5,975,717","76,557","25,279","10,167","2,453"
Locality: 027 BUCHANAN COUNTY,0203,203 - ROCKLICK,"1,101",24,"1,125",4,,,17,"14,919",349,"15,268",44,4,,133,"5,763,241","212,476","5,975,717","76,557","25,279","10,167","2,453"
Locality: 027 BUCHANAN COUNTY,0301,301 - SLATE,"1,196",24,"1,220",5,,,17,"14,919",349,"15,268",44,4,,133,"5,763,241","212,476","5,975,717","76,557","25,279","10,167","2,453"
Locality: 027 BUCHANAN COUNTY,0302,302 - NORTH GRUNDY,"1,168",41,"1,209",1,,,17,"14,919",349,"15,268",44,4,,133,"5,763,241","212,476","5,975,717","76,557","25,279","10,167","2,453"
Locality: 027 BUCHANAN COUNTY,0403,403 - SOUTH GRUNDY,"1,546",39,"1,585",8,3,,17,"14,919",349,"15,268",44,4,,133,"5,763,241","212,476","5,975,717","76,557","25,279","10,167","2,453"
Locality: 027 BUCHANAN COUNTY,0404,404 - OAKWOOD,136,,136,2,,,17,"14,919",349,"15,268",44,4,,133,"5,763,241","212,476","5,975,717","76,557","25,279","10,167","2,453"
Locality: 027 BUCHANAN COUNTY,0501,501 - PRATER,989,11,"1,000",8,,,17,"14,919",349,"15,268",44,4,,133,"5,763,241","212,476","5,975,717","76,557","25,279","10,167","2,453"
Locality: 027 BUCHANAN COUNTY,0502,502 - FOX,295,3,298,2,,,17,"14,919",349,"15,268",44,4,,133,"5,763,241","212,476","5,975,717","76,557","25,279","10,167","2,453"
Locality: 027 BUCHANAN COUNTY,0503,503 - VANSANT,868,17,885,3,,,17,"14,919",349,"15,268",44,4,,133,"5,763,241","212,476","5,975,717","76,557","25,279","10,167","2,453"
Locality: 027 BUCHANAN COUNTY,0601,601 - COUNCIL,585,16,601,1,,,17,"14,919",349,"15,268",44,4,,133,"5,763,241","212,476","5,975,717","76,557","25,279","10,167","2,453"
Locality: 027 BUCHANAN COUNTY,0602,602 - GARDEN,882,13,895,1,1,,17,"14,919",349,"15,268",44,4,,133,"5,763,241","212,476","5,975,717","76,557","25,279","10,167","2,453"
Locality: 027 BUCHANAN COUNTY,0603,603 - HURRICANE,590,17,607,4,,,17,"14,919",349,"15,268",44,4,,133,"5,763,241","212,476","5,975,717","76,557","25,279","10,167","2,453"
Locality: 027 BUCHANAN COUNTY,0701,701 - WHITEWOOD,"1,199",56,"1,255",1,,,17,"14,919",349,"15,268",44,4,,133,"5,763,241","212,476","5,975,717","76,557","25,279","10,167","2,453"
Locality: 027 BUCHANAN COUNTY,0702,702 - CONTRARY,875,19,894,2,,,17,"14,919",349,"15,268",44,4,,133,"5,763,241","212,476","5,975,717","76,557","25,279","10,167","2,453"
Locality: 029 BUCKINGHAM COUNTY,0101,101 - NEW CANTON,"1,444",26,"1,470",4,,,10,"10,561",191,"10,752",56,12,11,133,"5,763,241","212,476","5,975,717","76,557","25,279","10,167","2,453"
Locality: 029 BUCKINGHAM COUNTY,0102,102  - GEORGIA CREEK,365,5,370,4,,,10,"10,561",191,"10,752",56,12,11,133,"5,763,241","212,476","5,975,717","76,557","25,279","10,167","2,453"
Locality: 029 BUCKINGHAM COUNTY,0201,201 - WHITE HALL,952,11,963,2,1,5,10,"10,561",191,"10,752",56,12,11,133,"5,763,241","212,476","5,975,717","76,557","25,279","10,167","2,453"
Locality: 029 BUCKINGHAM COUNTY,0301,301 - CURDSVILLE,"1,025",21,"1,046",9,1,,10,"10,561",191,"10,752",56,12,11,133,"5,763,241","212,476","5,975,717","76,557","25,279","10,167","2,453"
Locality: 029 BUCKINGHAM COUNTY,0302,302 - NEW STORE,753,18,771,3,1,,10,"10,561",191,"10,752",56,12,11,133,"5,763,241","212,476","5,975,717","76,557","25,279","10,167","2,453"
Locality: 029 BUCKINGHAM COUNTY,0401,401 - MAYSVILLE,"1,750",29,"1,779",12,3,1,10,"10,561",191,"10,752",56,12,11,133,"5,763,241","212,476","5,975,717","76,557","25,279","10,167","2,453"
Locality: 029 BUCKINGHAM COUNTY,0501,501 - WRIGHTS,733,9,742,4,1,,10,"10,561",191,"10,752",56,12,11,133,"5,763,241","212,476","5,975,717","76,557","25,279","10,167","2,453"
Locality: 029 BUCKINGHAM COUNTY,0502,502 - GLENMORE,999,25,"1,024",7,3,5,10,"10,561",191,"10,752",56,12,11,133,"5,763,241","212,476","5,975,717","76,557","25,279","10,167","2,453"
Locality: 029 BUCKINGHAM COUNTY,0601,601 - SLATE RIVER,"1,580",24,"1,604",5,2,,10,"10,561",191,"10,752",56,12,11,133,"5,763,241","212,476","5,975,717","76,557","25,279","10,167","2,453"
Locality: 029 BUCKINGHAM COUNTY,0701,701 - GOLD HILL,960,23,983,6,,,10,"10,561",191,"10,752",56,12,11,133,"5,763,241","212,476","5,975,717","76,557","25,279","10,167","2,453"
Locality: 031 CAMPBELL COUNTY,0101,101 - BROOKVILLE,"3,006",65,"3,071",24,3,5,16,"38,915",962,"39,877",225,52,38,133,"5,763,241","212,476","5,975,717","76,557","25,279","10,167","2,453"
Locality: 031 CAMPBELL COUNTY,0102,102 - NEW LONDON,"3,137",103,"3,240",15,2,3,16,"38,915",962,"39,877",225,52,38,133,"5,763,241","212,476","5,975,717","76,557","25,279","10,167","2,453"
Locality: 031 CAMPBELL COUNTY,0201,201 - WALKER,"2,568",123,"2,691",20,7,6,16,"38,915",962,"39,877",225,52,38,133,"5,763,241","212,476","5,975,717","76,557","25,279","10,167","2,453"
Locality: 031 CAMPBELL COUNTY,0202,202 - BEDFORD SPRINGS,"3,294",66,"3,360",21,5,3,16,"38,915",962,"39,877",225,52,38,133,"5,763,241","212,476","5,975,717","76,557","25,279","10,167","2,453"
Locality: 031 CAMPBELL COUNTY,0301,301 - EVINGTON,"1,146",22,"1,168",6,3,2,16,"38,915",962,"39,877",225,52,38,133,"5,763,241","212,476","5,975,717","76,557","25,279","10,167","2,453"
Locality: 031 CAMPBELL COUNTY,0302,302 - OTTER RIVER,"1,017",19,"1,036",4,1,,16,"38,915",962,"39,877",225,52,38,133,"5,763,241","212,476","5,975,717","76,557","25,279","10,167","2,453"
Locality: 031 CAMPBELL COUNTY,0303,303 - ALTAVISTA,"3,038",73,"3,111",11,3,,16,"38,915",962,"39,877",225,52,38,133,"5,763,241","212,476","5,975,717","76,557","25,279","10,167","2,453"
Locality: 031 CAMPBELL COUNTY,0401,401 - THREE FORKS,"1,897",24,"1,921",10,2,3,16,"38,915",962,"39,877",225,52,38,133,"5,763,241","212,476","5,975,717","76,557","25,279","10,167","2,453"
Locality: 031 CAMPBELL COUNTY,0402,402 - COURT HOUSE,"3,530",68,"3,598",25,3,2,16,"38,915",962,"39,877",225,52,38,133,"5,763,241","212,476","5,975,717","76,557","25,279","10,167","2,453"
Locality: 031 CAMPBELL COUNTY,0501,501 - SPRING HILL,"3,629",148,"3,777",29,11,1,16,"38,915",962,"39,877",225,52,38,133,"5,763,241","212,476","5,975,717","76,557","25,279","10,167","2,453"
Locality: 031 CAMPBELL COUNTY,0502,502 - YELLOW BRANCH,"2,046",49,"2,095",9,2,2,16,"38,915",962,"39,877",225,52,38,133,"5,763,241","212,476","5,975,717","76,557","25,279","10,167","2,453"
Locality: 031 CAMPBELL COUNTY,0601,601 - KINGS,"2,384",73,"2,457",11,4,1,16,"38,915",962,"39,877",225,52,38,133,"5,763,241","212,476","5,975,717","76,557","25,279","10,167","2,453"
Locality: 031 CAMPBELL COUNTY,0602,602 - CONCORD,"2,991",46,"3,037",13,2,3,16,"38,915",962,"39,877",225,52,38,133,"5,763,241","212,476","5,975,717","76,557","25,279","10,167","2,453"
Locality: 031 CAMPBELL COUNTY,0701,701 - BROOKNEAL,"1,816",35,"1,851",6,4,3,16,"38,915",962,"39,877",225,52,38,133,"5,763,241","212,476","5,975,717","76,557","25,279","10,167","2,453"
Locality: 031 CAMPBELL COUNTY,0702,702 - GLADYS,"2,460",38,"2,498",14,,4,16,"38,915",962,"39,877",225,52,38,133,"5,763,241","212,476","5,975,717","76,557","25,279","10,167","2,453"
Locality: 031 CAMPBELL COUNTY,0703,703 - MORRIS CHURCH,956,10,966,7,,,16,"38,915",962,"39,877",225,52,38,133,"5,763,241","212,476","5,975,717","76,557","25,279","10,167","2,453"
Locality: 033 CAROLINE COUNTY,0101,101 - BOWLING GREEN,"1,970",45,"2,015",23,2,,12,"21,180",564,"21,744",196,34,17,133,"5,763,241","212,476","5,975,717","76,557","25,279","10,167","2,453"
Locality: 033 CAROLINE COUNTY,0102,102 - SPARTA,"1,462",25,"1,487",9,1,,12,"21,180",564,"21,744",196,34,17,133,"5,763,241","212,476","5,975,717","76,557","25,279","10,167","2,453"
Locality: 033 CAROLINE COUNTY,0201,201 - NORTH MADISON,"1,748",54,"1,802",19,3,3,12,"21,180",564,"21,744",196,34,17,133,"5,763,241","212,476","5,975,717","76,557","25,279","10,167","2,453"
Locality: 033 CAROLINE COUNTY,0202,202 - SOUTH MADISON,"2,248",61,"2,309",19,5,2,12,"21,180",564,"21,744",196,34,17,133,"5,763,241","212,476","5,975,717","76,557","25,279","10,167","2,453"
Locality: 033 CAROLINE COUNTY,0301,301 - PORT ROYAL,970,32,"1,002",14,3,4,12,"21,180",564,"21,744",196,34,17,133,"5,763,241","212,476","5,975,717","76,557","25,279","10,167","2,453"
Locality: 033 CAROLINE COUNTY,0302,302 - WOODFORD,"2,281",51,"2,332",17,4,1,12,"21,180",564,"21,744",196,34,17,133,"5,763,241","212,476","5,975,717","76,557","25,279","10,167","2,453"
Locality: 033 CAROLINE COUNTY,0401,401 - DAWN,"2,648",71,"2,719",10,2,,12,"21,180",564,"21,744",196,34,17,133,"5,763,241","212,476","5,975,717","76,557","25,279","10,167","2,453"
Locality: 033 CAROLINE COUNTY,0402,402 - CARMEL CHURCH,835,16,851,7,,,12,"21,180",564,"21,744",196,34,17,133,"5,763,241","212,476","5,975,717","76,557","25,279","10,167","2,453"
Locality: 033 CAROLINE COUNTY,0501,501 - WEST MATTAPONI,"1,920",52,"1,972",21,5,2,12,"21,180",564,"21,744",196,34,17,133,"5,763,241","212,476","5,975,717","76,557","25,279","10,167","2,453"
Locality: 033 CAROLINE COUNTY,0502,502 - MILFORD,"1,545",28,"1,573",11,2,,12,"21,180",564,"21,744",196,34,17,133,"5,763,241","212,476","5,975,717","76,557","25,279","10,167","2,453"
Locality: 033 CAROLINE COUNTY,0601,601 - CHILESBURG,"2,041",65,"2,106",22,7,1,12,"21,180",564,"21,744",196,34,17,133,"5,763,241","212,476","5,975,717","76,557","25,279","10,167","2,453"
Locality: 033 CAROLINE COUNTY,0602,602 - LAKE,"1,512",64,"1,576",24,,4,12,"21,180",564,"21,744",196,34,17,133,"5,763,241","212,476","5,975,717","76,557","25,279","10,167","2,453"
Locality: 035 CARROLL COUNTY,0101,101 - MT BETHEL,955,34,989,1,,1,17,"20,227",474,"20,701",73,7,7,133,"5,763,241","212,476","5,975,717","76,557","25,279","10,167","2,453"
Locality: 035 CARROLL COUNTY,0102,102 - ST PAUL,"1,232",32,"1,264",3,,1,17,"20,227",474,"20,701",73,7,7,133,"5,763,241","212,476","5,975,717","76,557","25,279","10,167","2,453"
Locality: 035 CARROLL COUNTY,0103,103 - LAMBSBURG,763,19,782,3,,,17,"20,227",474,"20,701",73,7,7,133,"5,763,241","212,476","5,975,717","76,557","25,279","10,167","2,453"
Locality: 035 CARROLL COUNTY,0105,105 - FANCY GAP,"1,022",14,"1,036",2,,2,17,"20,227",474,"20,701",73,7,7,133,"5,763,241","212,476","5,975,717","76,557","25,279","10,167","2,453"
Locality: 035 CARROLL COUNTY,0201,201 - HILLSVILLE B,"2,264",54,"2,318",12,2,,17,"20,227",474,"20,701",73,7,7,133,"5,763,241","212,476","5,975,717","76,557","25,279","10,167","2,453"
Locality: 035 CARROLL COUNTY,0202,202 - LAUREL FORK,818,17,835,9,,,17,"20,227",474,"20,701",73,7,7,133,"5,763,241","212,476","5,975,717","76,557","25,279","10,167","2,453"
Locality: 035 CARROLL COUNTY,0203,203 - GLADESBORO,"1,113",24,"1,137",4,1,2,17,"20,227",474,"20,701",73,7,7,133,"5,763,241","212,476","5,975,717","76,557","25,279","10,167","2,453"
Locality: 035 CARROLL COUNTY,0301,301 - HILLSVILLE C,"2,623",59,"2,682",6,3,,17,"20,227",474,"20,701",73,7,7,133,"5,763,241","212,476","5,975,717","76,557","25,279","10,167","2,453"
Locality: 035 CARROLL COUNTY,0302,302 - SYLVATUS,897,17,914,4,,,17,"20,227",474,"20,701",73,7,7,133,"5,763,241","212,476","5,975,717","76,557","25,279","10,167","2,453"
Locality: 035 CARROLL COUNTY,0303,303 - DUGSPUR,485,14,499,2,,,17,"20,227",474,"20,701",73,7,7,133,"5,763,241","212,476","5,975,717","76,557","25,279","10,167","2,453"
Locality: 035 CARROLL COUNTY,0401,401 - OAKLAND,"1,843",48,"1,891",7,,1,17,"20,227",474,"20,701",73,7,7,133,"5,763,241","212,476","5,975,717","76,557","25,279","10,167","2,453"
Locality: 035 CARROLL COUNTY,0402,402 - WOODLAWN D,"1,817",42,"1,859",7,,,17,"20,227",474,"20,701",73,7,7,133,"5,763,241","212,476","5,975,717","76,557","25,279","10,167","2,453"
Locality: 035 CARROLL COUNTY,0406,406 - WOODLAWN F,346,10,356,,,,17,"20,227",474,"20,701",73,7,7,133,"5,763,241","212,476","5,975,717","76,557","25,279","10,167","2,453"
Locality: 035 CARROLL COUNTY,0501,501 - VAUGHAN,646,11,657,1,,,17,"20,227",474,"20,701",73,7,7,133,"5,763,241","212,476","5,975,717","76,557","25,279","10,167","2,453"
Locality: 035 CARROLL COUNTY,0502,502 - GLADEVILLE,"1,637",33,"1,670",3,,,17,"20,227",474,"20,701",73,7,7,133,"5,763,241","212,476","5,975,717","76,557","25,279","10,167","2,453"
Locality: 035 CARROLL COUNTY,0503,503 - WOODLAWN E,842,27,869,4,1,,17,"20,227",474,"20,701",73,7,7,133,"5,763,241","212,476","5,975,717","76,557","25,279","10,167","2,453"
Locality: 035 CARROLL COUNTY,0504,504 - LAUREL,924,19,943,5,,,17,"20,227",474,"20,701",73,7,7,133,"5,763,241","212,476","5,975,717","76,557","25,279","10,167","2,453"
Locality: 036 CHARLES CITY COUNTY,0101,101 - PRECINCT 1-1,"1,932",46,"1,978",7,2,5,3,"5,528",123,"5,651",25,9,13,133,"5,763,241","212,476","5,975,717","76,557","25,279","10,167","2,453"
Locality: 036 CHARLES CITY COUNTY,0201,201 - PRECINCT 2-1,"1,761",38,"1,799",6,3,,3,"5,528",123,"5,651",25,9,13,133,"5,763,241","212,476","5,975,717","76,557","25,279","10,167","2,453"
Locality: 036 CHARLES CITY COUNTY,0301,301 - PRECINCT 3-1,"1,835",39,"1,874",12,4,8,3,"5,528",123,"5,651",25,9,13,133,"5,763,241","212,476","5,975,717","76,557","25,279","10,167","2,453"
Locality: 037 CHARLOTTE COUNTY,0101,101 - COUNTY SEAT,"1,277",39,"1,316",2,1,2,7,"8,201",192,"8,393",35,4,6,133,"5,763,241","212,476","5,975,717","76,557","25,279","10,167","2,453"
Locality: 037 CHARLOTTE COUNTY,0201,201 - RED OAK WYLLIESBURG,"1,203",21,"1,224",5,,1,7,"8,201",192,"8,393",35,4,6,133,"5,763,241","212,476","5,975,717","76,557","25,279","10,167","2,453"
Locality: 037 CHARLOTTE COUNTY,0302,302 - DRAKES BRANCH,"1,013",28,"1,041",3,,1,7,"8,201",192,"8,393",35,4,6,133,"5,763,241","212,476","5,975,717","76,557","25,279","10,167","2,453"
Locality: 037 CHARLOTTE COUNTY,0401,401 - KEYSVILLE,"1,243",21,"1,264",4,1,2,7,"8,201",192,"8,393",35,4,6,133,"5,763,241","212,476","5,975,717","76,557","25,279","10,167","2,453"
Locality: 037 CHARLOTTE COUNTY,0501,501 - CULLEN/RED HOUSE,"1,125",37,"1,162",5,1,,7,"8,201",192,"8,393",35,4,6,133,"5,763,241","212,476","5,975,717","76,557","25,279","10,167","2,453"
Locality: 037 CHARLOTTE COUNTY,0602,602 - PHENIX,"1,213",22,"1,235",8,1,,7,"8,201",192,"8,393",35,4,6,133,"5,763,241","212,476","5,975,717","76,557","25,279","10,167","2,453"
Locality: 037 CHARLOTTE COUNTY,0702,702 - BACON/SAXE,"1,127",24,"1,151",8,,,7,"8,201",192,"8,393",35,4,6,133,"5,763,241","212,476","5,975,717","76,557","25,279","10,167","2,453"
Locality: 041 CHESTERFIELD COUNTY,0101,101 - BELLWOOD,"2,582",107,"2,689",13,3,,80,"252,158","7,105","259,263","2,137",535,255,133,"5,763,241","212,476","5,975,717","76,557","25,279","10,167","2,453"
Locality: 041 CHESTERFIELD COUNTY,0102,102 - SOUTH CHESTER,"3,559",154,"3,713",50,12,7,80,"252,158","7,105","259,263","2,137",535,255,133,"5,763,241","212,476","5,975,717","76,557","25,279","10,167","2,453"
Locality: 041 CHESTERFIELD COUNTY,0103,103 - ENON,"4,659",145,"4,804",116,12,4,80,"252,158","7,105","259,263","2,137",535,255,133,"5,763,241","212,476","5,975,717","76,557","25,279","10,167","2,453"
Locality: 041 CHESTERFIELD COUNTY,0104,104 - NORTH CHESTER,"4,018",89,"4,107",34,11,7,80,"252,158","7,105","259,263","2,137",535,255,133,"5,763,241","212,476","5,975,717","76,557","25,279","10,167","2,453"
Locality: 041 CHESTERFIELD COUNTY,0105,105 - DREWRYS BLUFF,"3,036",109,"3,145",16,4,2,80,"252,158","7,105","259,263","2,137",535,255,133,"5,763,241","212,476","5,975,717","76,557","25,279","10,167","2,453"
Locality: 041 CHESTERFIELD COUNTY,0106,106 - HARROWGATE,"5,224",198,"5,422",84,16,3,80,"252,158","7,105","259,263","2,137",535,255,133,"5,763,241","212,476","5,975,717","76,557","25,279","10,167","2,453"
Locality: 041 CHESTERFIELD COUNTY,0107,107 - WELLS,"3,393",121,"3,514",60,5,2,80,"252,158","7,105","259,263","2,137",535,255,133,"5,763,241","212,476","5,975,717","76,557","25,279","10,167","2,453"
Locality: 041 CHESTERFIELD COUNTY,0108,108 - ECOFF,"5,094",152,"5,246",68,9,2,80,"252,158","7,105","259,263","2,137",535,255,133,"5,763,241","212,476","5,975,717","76,557","25,279","10,167","2,453"
Locality: 041 CHESTERFIELD COUNTY,0109,109 - ELIZABETH SCOTT,"5,313",159,"5,472",130,18,9,80,"252,158","7,105","259,263","2,137",535,255,133,"5,763,241","212,476","5,975,717","76,557","25,279","10,167","2,453"
Locality: 041 CHESTERFIELD COUNTY,0110,110 - DUTCH GAP,"2,310",49,"2,359",42,18,3,80,"252,158","7,105","259,263","2,137",535,255,133,"5,763,241","212,476","5,975,717","76,557","25,279","10,167","2,453"
Locality: 041 CHESTERFIELD COUNTY,0111,111 - IRON BRIDGE,"2,717",105,"2,822",26,2,,80,"252,158","7,105","259,263","2,137",535,255,133,"5,763,241","212,476","5,975,717","76,557","25,279","10,167","2,453"
Locality: 041 CHESTERFIELD COUNTY,0112,112 - CARVER,"2,972",106,"3,078",54,13,3,80,"252,158","7,105","259,263","2,137",535,255,133,"5,763,241","212,476","5,975,717","76,557","25,279","10,167","2,453"
Locality: 041 CHESTERFIELD COUNTY,0113,113 - IRON BRIDGE NORTH,"3,098",176,"3,274",46,9,1,80,"252,158","7,105","259,263","2,137",535,255,133,"5,763,241","212,476","5,975,717","76,557","25,279","10,167","2,453"
Locality: 041 CHESTERFIELD COUNTY,0201,201 - GATES,"2,787",132,"2,919",25,4,5,80,"252,158","7,105","259,263","2,137",535,255,133,"5,763,241","212,476","5,975,717","76,557","25,279","10,167","2,453"
Locality: 041 CHESTERFIELD COUNTY,0202,202 - BEULAH,"3,956",106,"4,062",42,4,1,80,"252,158","7,105","259,263","2,137",535,255,133,"5,763,241","212,476","5,975,717","76,557","25,279","10,167","2,453"
Locality: 041 CHESTERFIELD COUNTY,0203,203 - BIRD,"1,178",45,"1,223",7,2,,80,"252,158","7,105","259,263","2,137",535,255,133,"5,763,241","212,476","5,975,717","76,557","25,279","10,167","2,453"
Locality: 041 CHESTERFIELD COUNTY,0204,204 - JACOBS,"2,096",50,"2,146",19,4,1,80,"252,158","7,105","259,263","2,137",535,255,133,"5,763,241","212,476","5,975,717","76,557","25,279","10,167","2,453"
Locality: 041 CHESTERFIELD COUNTY,0205,205 - FALLING CREEK,"3,794",96,"3,890",33,7,,80,"252,158","7,105","259,263","2,137",535,255,133,"5,763,241","212,476","5,975,717","76,557","25,279","10,167","2,453"
Locality: 041 CHESTERFIELD COUNTY,0206,206 - BELMONT,"2,114",105,"2,219",20,2,3,80,"252,158","7,105","259,263","2,137",535,255,133,"5,763,241","212,476","5,975,717","76,557","25,279","10,167","2,453"
Locality: 041 CHESTERFIELD COUNTY,0207,207 - CHIPPENHAM,"1,299",70,"1,369",4,2,1,80,"252,158","7,105","259,263","2,137",535,255,133,"5,763,241","212,476","5,975,717","76,557","25,279","10,167","2,453"
Locality: 041 CHESTERFIELD COUNTY,0208,208 - MEADOWBROOK,"3,321",86,"3,407",21,4,1,80,"252,158","7,105","259,263","2,137",535,255,133,"5,763,241","212,476","5,975,717","76,557","25,279","10,167","2,453"
Locality: 041 CHESTERFIELD COUNTY,0209,209 - SALEM CHURCH,"4,219",120,"4,339",33,13,6,80,"252,158","7,105","259,263","2,137",535,255,133,"5,763,241","212,476","5,975,717","76,557","25,279","10,167","2,453"
Locality: 041 CHESTERFIELD COUNTY,0210,210 - FIVE FORKS,"4,543",89,"4,632",58,10,,80,"252,158","7,105","259,263","2,137",535,255,133,"5,763,241","212,476","5,975,717","76,557","25,279","10,167","2,453"
Locality: 041 CHESTERFIELD COUNTY,0211,211 - NASH,"4,646",75,"4,721",46,11,1,80,"252,158","7,105","259,263","2,137",535,255,133,"5,763,241","212,476","5,975,717","76,557","25,279","10,167","2,453"
Locality: 041 CHESTERFIELD COUNTY,0212,212 - ST. LUKE'S,"2,068",37,"2,105",7,,1,80,"252,158","7,105","259,263","2,137",535,255,133,"5,763,241","212,476","5,975,717","76,557","25,279","10,167","2,453"
Locality: 041 CHESTERFIELD COUNTY,0213,213 - SOUTHSIDE,"1,993",69,"2,062",12,1,,80,"252,158","7,105","259,263","2,137",535,255,133,"5,763,241","212,476","5,975,717","76,557","25,279","10,167","2,453"
Locality: 041 CHESTERFIELD COUNTY,0214,214 - HOPKINS,663,33,696,7,,,80,"252,158","7,105","259,263","2,137",535,255,133,"5,763,241","212,476","5,975,717","76,557","25,279","10,167","2,453"
Locality: 041 CHESTERFIELD COUNTY,0215,215 - North Bird,"1,558",36,"1,594",16,1,,80,"252,158","7,105","259,263","2,137",535,255,133,"5,763,241","212,476","5,975,717","76,557","25,279","10,167","2,453"
Locality: 041 CHESTERFIELD COUNTY,0216,216 - RIDGEDALE,"3,371",65,"3,436",35,2,1,80,"252,158","7,105","259,263","2,137",535,255,133,"5,763,241","212,476","5,975,717","76,557","25,279","10,167","2,453"
Locality: 041 CHESTERFIELD COUNTY,0301,301 - ETTRICK,"5,321",711,"6,032",35,1,1,80,"252,158","7,105","259,263","2,137",535,255,133,"5,763,241","212,476","5,975,717","76,557","25,279","10,167","2,453"
Locality: 041 CHESTERFIELD COUNTY,0302,302 - DEER RUN,"1,389",25,"1,414",11,3,1,80,"252,158","7,105","259,263","2,137",535,255,133,"5,763,241","212,476","5,975,717","76,557","25,279","10,167","2,453"
Locality: 041 CHESTERFIELD COUNTY,0303,303 - MATOACA,"4,378",121,"4,499",35,5,,80,"252,158","7,105","259,263","2,137",535,255,133,"5,763,241","212,476","5,975,717","76,557","25,279","10,167","2,453"
Locality: 041 CHESTERFIELD COUNTY,0304,304 - WINFREES STORE,"2,598",60,"2,658",10,,,80,"252,158","7,105","259,263","2,137",535,255,133,"5,763,241","212,476","5,975,717","76,557","25,279","10,167","2,453"
Locality: 041 CHESTERFIELD COUNTY,0305,305 - BEACH,"1,298",34,"1,332",8,,,80,"252,158","7,105","259,263","2,137",535,255,133,"5,763,241","212,476","5,975,717","76,557","25,279","10,167","2,453"
Locality: 041 CHESTERFIELD COUNTY,0306,306 - WINTERPOCK,"3,921",61,"3,982",22,6,5,80,"252,158","7,105","259,263","2,137",535,255,133,"5,763,241","212,476","5,975,717","76,557","25,279","10,167","2,453"
Locality: 041 CHESTERFIELD COUNTY,0307,307 - COSBY,"5,875",169,"6,044",54,9,6,80,"252,158","7,105","259,263","2,137",535,255,133,"5,763,241","212,476","5,975,717","76,557","25,279","10,167","2,453"
Locality: 041 CHESTERFIELD COUNTY,0308,308 - SOUTH MANCHESTER,"1,467",61,"1,528",23,6,,80,"252,158","7,105","259,263","2,137",535,255,133,"5,763,241","212,476","5,975,717","76,557","25,279","10,167","2,453"
Locality: 041 CHESTERFIELD COUNTY,0309,309 - SKINQUARTER,"3,191",46,"3,237",22,3,1,80,"252,158","7,105","259,263","2,137",535,255,133,"5,763,241","212,476","5,975,717","76,557","25,279","10,167","2,453"
Locality: 041 CHESTERFIELD COUNTY,0310,310 - TOMAHAWK,"3,382",76,"3,458",27,9,10,80,"252,158","7,105","259,263","2,137",535,255,133,"5,763,241","212,476","5,975,717","76,557","25,279","10,167","2,453"
Locality: 041 CHESTERFIELD COUNTY,0313,313 - WOOLRIDGE,"4,870",110,"4,980",38,12,5,80,"252,158","7,105","259,263","2,137",535,255,133,"5,763,241","212,476","5,975,717","76,557","25,279","10,167","2,453"
Locality: 041 CHESTERFIELD COUNTY,0314,314 - LONGHOUSE,"1,729",41,"1,770",17,3,,80,"252,158","7,105","259,263","2,137",535,255,133,"5,763,241","212,476","5,975,717","76,557","25,279","10,167","2,453"
Locality: 041 CHESTERFIELD COUNTY,0315,315 - BAILEY BRIDGE,"3,650",61,"3,711",21,3,1,80,"252,158","7,105","259,263","2,137",535,255,133,"5,763,241","212,476","5,975,717","76,557","25,279","10,167","2,453"
Locality: 041 CHESTERFIELD COUNTY,0316,316 - SPRING RUN,"3,494",83,"3,577",30,6,3,80,"252,158","7,105","259,263","2,137",535,255,133,"5,763,241","212,476","5,975,717","76,557","25,279","10,167","2,453"
Locality: 041 CHESTERFIELD COUNTY,0317,317 - BIRKDALE,"4,801",108,"4,909",41,18,4,80,"252,158","7,105","259,263","2,137",535,255,133,"5,763,241","212,476","5,975,717","76,557","25,279","10,167","2,453"
Locality: 041 CHESTERFIELD COUNTY,0318,318 - WEST BEACH,"1,188",21,"1,209",8,1,2,80,"252,158","7,105","259,263","2,137",535,255,133,"5,763,241","212,476","5,975,717","76,557","25,279","10,167","2,453"
Locality: 041 CHESTERFIELD COUNTY,0319,319 - MAGNOLIA,"4,832",86,"4,918",65,4,3,80,"252,158","7,105","259,263","2,137",535,255,133,"5,763,241","212,476","5,975,717","76,557","25,279","10,167","2,453"
Locality: 041 CHESTERFIELD COUNTY,0401,401 - HARBOUR POINTE,"2,207",51,"2,258",13,3,8,80,"252,158","7,105","259,263","2,137",535,255,133,"5,763,241","212,476","5,975,717","76,557","25,279","10,167","2,453"
Locality: 041 CHESTERFIELD COUNTY,0402,402 - GENITO,"1,893",43,"1,936",8,3,1,80,"252,158","7,105","259,263","2,137",535,255,133,"5,763,241","212,476","5,975,717","76,557","25,279","10,167","2,453"
Locality: 041 CHESTERFIELD COUNTY,0403,403 - BRANDERMILL,"3,719",79,"3,798",27,9,1,80,"252,158","7,105","259,263","2,137",535,255,133,"5,763,241","212,476","5,975,717","76,557","25,279","10,167","2,453"
Locality: 041 CHESTERFIELD COUNTY,0404,404 - PROVIDENCE,"3,300",64,"3,364",25,10,6,80,"252,158","7,105","259,263","2,137",535,255,133,"5,763,241","212,476","5,975,717","76,557","25,279","10,167","2,453"
Locality: 041 CHESTERFIELD COUNTY,0405,405 - LA PRADE,"3,306",63,"3,369",18,9,9,80,"252,158","7,105","259,263","2,137",535,255,133,"5,763,241","212,476","5,975,717","76,557","25,279","10,167","2,453"
Locality: 041 CHESTERFIELD COUNTY,0406,406 - SMOKETREE,"2,688",34,"2,722",11,8,3,80,"252,158","7,105","259,263","2,137",535,255,133,"5,763,241","212,476","5,975,717","76,557","25,279","10,167","2,453"
Locality: 041 CHESTERFIELD COUNTY,0407,407 - MONACAN,"1,836",36,"1,872",11,2,7,80,"252,158","7,105","259,263","2,137",535,255,133,"5,763,241","212,476","5,975,717","76,557","25,279","10,167","2,453"
Locality: 041 CHESTERFIELD COUNTY,0408,408 - REAMS,"4,616",125,"4,741",18,2,4,80,"252,158","7,105","259,263","2,137",535,255,133,"5,763,241","212,476","5,975,717","76,557","25,279","10,167","2,453"
Locality: 041 CHESTERFIELD COUNTY,0409,409 - MANCHESTER,"1,732",33,"1,765",8,2,2,80,"252,158","7,105","259,263","2,137",535,255,133,"5,763,241","212,476","5,975,717","76,557","25,279","10,167","2,453"
Locality: 041 CHESTERFIELD COUNTY,0410,410 - WAGSTAFF,"2,123",46,"2,169",8,2,6,80,"252,158","7,105","259,263","2,137",535,255,133,"5,763,241","212,476","5,975,717","76,557","25,279","10,167","2,453"
Locality: 041 CHESTERFIELD COUNTY,0411,411 - SWIFT CREEK,"3,276",75,"3,351",18,15,8,80,"252,158","7,105","259,263","2,137",535,255,133,"5,763,241","212,476","5,975,717","76,557","25,279","10,167","2,453"
Locality: 041 CHESTERFIELD COUNTY,0412,412 - CLOVER HILL,"4,055",142,"4,197",28,4,5,80,"252,158","7,105","259,263","2,137",535,255,133,"5,763,241","212,476","5,975,717","76,557","25,279","10,167","2,453"
Locality: 041 CHESTERFIELD COUNTY,0413,413 - SHENANDOAH,"2,969",69,"3,038",14,13,3,80,"252,158","7,105","259,263","2,137",535,255,133,"5,763,241","212,476","5,975,717","76,557","25,279","10,167","2,453"
Locality: 041 CHESTERFIELD COUNTY,0414,414 - CRENSHAW,"5,405",161,"5,566",37,8,2,80,"252,158","7,105","259,263","2,137",535,255,133,"5,763,241","212,476","5,975,717","76,557","25,279","10,167","2,453"
Locality: 041 CHESTERFIELD COUNTY,0415,415 - EVERGREEN,"3,428",60,"3,488",19,5,3,80,"252,158","7,105","259,263","2,137",535,255,133,"5,763,241","212,476","5,975,717","76,557","25,279","10,167","2,453"
Locality: 041 CHESTERFIELD COUNTY,0416,416 - EVERGREEN WEST,"2,296",53,"2,349",14,6,3,80,"252,158","7,105","259,263","2,137",535,255,133,"5,763,241","212,476","5,975,717","76,557","25,279","10,167","2,453"
Locality: 041 CHESTERFIELD COUNTY,0417,417 - EDGEWATER,"1,941",44,"1,985",11,4,,80,"252,158","7,105","259,263","2,137",535,255,133,"5,763,241","212,476","5,975,717","76,557","25,279","10,167","2,453"
Locality: 041 CHESTERFIELD COUNTY,0501,501 - HUGUENOT,"2,513",49,"2,562",9,7,3,80,"252,158","7,105","259,263","2,137",535,255,133,"5,763,241","212,476","5,975,717","76,557","25,279","10,167","2,453"
Locality: 041 CHESTERFIELD COUNTY,0502,502 - CRESTWOOD,"1,660",34,"1,694",8,4,4,80,"252,158","7,105","259,263","2,137",535,255,133,"5,763,241","212,476","5,975,717","76,557","25,279","10,167","2,453"
Locality: 041 CHESTERFIELD COUNTY,0503,503 - MIDLOTHIAN,"3,640",70,"3,710",14,6,2,80,"252,158","7,105","259,263","2,137",535,255,133,"5,763,241","212,476","5,975,717","76,557","25,279","10,167","2,453"
Locality: 041 CHESTERFIELD COUNTY,0504,504 - ROBIOUS,"5,096",67,"5,163",15,24,13,80,"252,158","7,105","259,263","2,137",535,255,133,"5,763,241","212,476","5,975,717","76,557","25,279","10,167","2,453"
Locality: 041 CHESTERFIELD COUNTY,0505,505 - BON AIR,"3,130",65,"3,195",8,11,10,80,"252,158","7,105","259,263","2,137",535,255,133,"5,763,241","212,476","5,975,717","76,557","25,279","10,167","2,453"
Locality: 041 CHESTERFIELD COUNTY,0506,506 - GREENFIELD,"3,274",90,"3,364",13,7,2,80,"252,158","7,105","259,263","2,137",535,255,133,"5,763,241","212,476","5,975,717","76,557","25,279","10,167","2,453"
Locality: 041 CHESTERFIELD COUNTY,0507,507 - SALISBURY,"4,296",53,"4,349",16,10,8,80,"252,158","7,105","259,263","2,137",535,255,133,"5,763,241","212,476","5,975,717","76,557","25,279","10,167","2,453"
Locality: 041 CHESTERFIELD COUNTY,0508,508 - BELGRADE,"3,773",97,"3,870",27,12,7,80,"252,158","7,105","259,263","2,137",535,255,133,"5,763,241","212,476","5,975,717","76,557","25,279","10,167","2,453"
Locality: 041 CHESTERFIELD COUNTY,0509,509 - CRANBECK,"2,497",86,"2,583",12,4,2,80,"252,158","7,105","259,263","2,137",535,255,133,"5,763,241","212,476","5,975,717","76,557","25,279","10,167","2,453"
Locality: 041 CHESTERFIELD COUNTY,0510,510 - SYCAMORE,"3,287",65,"3,352",22,10,2,80,"252,158","7,105","259,263","2,137",535,255,133,"5,763,241","212,476","5,975,717","76,557","25,279","10,167","2,453"
Locality: 041 CHESTERFIELD COUNTY,0511,511 - BLACK HEATH,"2,137",33,"2,170",8,7,2,80,"252,158","7,105","259,263","2,137",535,255,133,"5,763,241","212,476","5,975,717","76,557","25,279","10,167","2,453"
Locality: 041 CHESTERFIELD COUNTY,0513,513 - BEAUFONT,"1,806",92,"1,898",16,3,5,80,"252,158","7,105","259,263","2,137",535,255,133,"5,763,241","212,476","5,975,717","76,557","25,279","10,167","2,453"
Locality: 041 CHESTERFIELD COUNTY,0514,514 - WATKINS,"3,890",72,"3,962",34,13,7,80,"252,158","7,105","259,263","2,137",535,255,133,"5,763,241","212,476","5,975,717","76,557","25,279","10,167","2,453"
Locality: 041 CHESTERFIELD COUNTY,0515,515 - DAVIS,"3,268",145,"3,413",27,10,1,80,"252,158","7,105","259,263","2,137",535,255,133,"5,763,241","212,476","5,975,717","76,557","25,279","10,167","2,453"
Locality: 041 CHESTERFIELD COUNTY,0516,516 - POCOSHOCK,"2,003",40,"2,043",11,5,6,80,"252,158","7,105","259,263","2,137",535,255,133,"5,763,241","212,476","5,975,717","76,557","25,279","10,167","2,453"
Locality: 041 CHESTERFIELD COUNTY,0517,517 - ROSELAND,"2,039",32,"2,071",8,6,,80,"252,158","7,105","259,263","2,137",535,255,133,"5,763,241","212,476","5,975,717","76,557","25,279","10,167","2,453"
Locality: 041 CHESTERFIELD COUNTY,0518,518 - MIDLOTHIAN NORTH,"4,094",79,"4,173",10,3,4,80,"252,158","7,105","259,263","2,137",535,255,133,"5,763,241","212,476","5,975,717","76,557","25,279","10,167","2,453"
Locality: 043 CLARKE COUNTY,0101,101 - RUSSELL,"2,369",60,"2,429",9,6,4,7,"11,342",346,"11,688",65,28,31,133,"5,763,241","212,476","5,975,717","76,557","25,279","10,167","2,453"
Locality: 043 CLARKE COUNTY,0201,201 - BERRYVILLE,"2,022",80,"2,102",12,1,6,7,"11,342",346,"11,688",65,28,31,133,"5,763,241","212,476","5,975,717","76,557","25,279","10,167","2,453"
Locality: 043 CLARKE COUNTY,0301,301 - MILLWOOD,"1,768",46,"1,814",13,4,7,7,"11,342",346,"11,688",65,28,31,133,"5,763,241","212,476","5,975,717","76,557","25,279","10,167","2,453"
Locality: 043 CLARKE COUNTY,0302,302 - PINE GROVE,753,29,782,5,5,,7,"11,342",346,"11,688",65,28,31,133,"5,763,241","212,476","5,975,717","76,557","25,279","10,167","2,453"
Locality: 043 CLARKE COUNTY,0401,401 - WHITE POST,"2,222",62,"2,284",9,5,9,7,"11,342",346,"11,688",65,28,31,133,"5,763,241","212,476","5,975,717","76,557","25,279","10,167","2,453"
Locality: 043 CLARKE COUNTY,0501,501 - BUCKMARSH,"1,588",50,"1,638",13,6,4,7,"11,342",346,"11,688",65,28,31,133,"5,763,241","212,476","5,975,717","76,557","25,279","10,167","2,453"
Locality: 043 CLARKE COUNTY,0502,502 - BLUE RIDGE,620,19,639,4,1,1,7,"11,342",346,"11,688",65,28,31,133,"5,763,241","212,476","5,975,717","76,557","25,279","10,167","2,453"
Locality: 045 CRAIG COUNTY,0101,101 - COURT HOUSE,749,21,770,,,,8,"3,890",81,"3,971",11,4,2,133,"5,763,241","212,476","5,975,717","76,557","25,279","10,167","2,453"
Locality: 045 CRAIG COUNTY,0201,201 - AMMENDALE PRECINCT,813,19,832,1,2,,8,"3,890",81,"3,971",11,4,2,133,"5,763,241","212,476","5,975,717","76,557","25,279","10,167","2,453"
Locality: 045 CRAIG COUNTY,0301,301 - GIVENS & REYNOLDS STORE,465,7,472,,1,,8,"3,890",81,"3,971",11,4,2,133,"5,763,241","212,476","5,975,717","76,557","25,279","10,167","2,453"
Locality: 045 CRAIG COUNTY,0303,303 - MARSHALLS STORE,362,5,367,4,,,8,"3,890",81,"3,971",11,4,2,133,"5,763,241","212,476","5,975,717","76,557","25,279","10,167","2,453"
Locality: 045 CRAIG COUNTY,0401,401 - BARBOURS CREEK,346,5,351,2,,1,8,"3,890",81,"3,971",11,4,2,133,"5,763,241","212,476","5,975,717","76,557","25,279","10,167","2,453"
Locality: 045 CRAIG COUNTY,0402,402 - PAINT BANK,72,2,74,1,,1,8,"3,890",81,"3,971",11,4,2,133,"5,763,241","212,476","5,975,717","76,557","25,279","10,167","2,453"
Locality: 045 CRAIG COUNTY,0403,403 - CRAIG SPRINGS,356,8,364,1,,,8,"3,890",81,"3,971",11,4,2,133,"5,763,241","212,476","5,975,717","76,557","25,279","10,167","2,453"
Locality: 045 CRAIG COUNTY,0501,501 - CRAIG CITY,727,14,741,2,1,,8,"3,890",81,"3,971",11,4,2,133,"5,763,241","212,476","5,975,717","76,557","25,279","10,167","2,453"
Locality: 047 CULPEPER COUNTY,0101,101 - WEST FAIRFAX,"4,678",100,"4,778",47,9,9,15,"34,324",797,"35,121",267,75,56,133,"5,763,241","212,476","5,975,717","76,557","25,279","10,167","2,453"
Locality: 047 CULPEPER COUNTY,0201,201 - EAST FAIRFAX,"4,344",150,"4,494",40,10,4,15,"34,324",797,"35,121",267,75,56,133,"5,763,241","212,476","5,975,717","76,557","25,279","10,167","2,453"
Locality: 047 CULPEPER COUNTY,0302,302 - EGGBORNSVILLE,"2,043",32,"2,075",12,6,2,15,"34,324",797,"35,121",267,75,56,133,"5,763,241","212,476","5,975,717","76,557","25,279","10,167","2,453"
Locality: 047 CULPEPER COUNTY,0303,303 - CARDOVA,"1,813",49,"1,862",4,4,2,15,"34,324",797,"35,121",267,75,56,133,"5,763,241","212,476","5,975,717","76,557","25,279","10,167","2,453"
Locality: 047 CULPEPER COUNTY,0304,304 - WILLOW SHADE,912,22,934,3,1,,15,"34,324",797,"35,121",267,75,56,133,"5,763,241","212,476","5,975,717","76,557","25,279","10,167","2,453"
Locality: 047 CULPEPER COUNTY,0401,401 - ELDORADO,"2,097",51,"2,148",17,,5,15,"34,324",797,"35,121",267,75,56,133,"5,763,241","212,476","5,975,717","76,557","25,279","10,167","2,453"
Locality: 047 CULPEPER COUNTY,0402,402 - BROWNS STORE,"3,391",60,"3,451",19,15,10,15,"34,324",797,"35,121",267,75,56,133,"5,763,241","212,476","5,975,717","76,557","25,279","10,167","2,453"
Locality: 047 CULPEPER COUNTY,0501,501 - JEFFERSONTON,"2,834",68,"2,902",36,5,9,15,"34,324",797,"35,121",267,75,56,133,"5,763,241","212,476","5,975,717","76,557","25,279","10,167","2,453"
Locality: 047 CULPEPER COUNTY,0502,502 - RIXEYVILLE,"2,572",54,"2,626",19,4,2,15,"34,324",797,"35,121",267,75,56,133,"5,763,241","212,476","5,975,717","76,557","25,279","10,167","2,453"
Locality: 047 CULPEPER COUNTY,0601,601 - MITCHELLS,428,10,438,6,,1,15,"34,324",797,"35,121",267,75,56,133,"5,763,241","212,476","5,975,717","76,557","25,279","10,167","2,453"
Locality: 047 CULPEPER COUNTY,0602,602 - PEARL SAMPLE,"3,108",60,"3,168",18,5,4,15,"34,324",797,"35,121",267,75,56,133,"5,763,241","212,476","5,975,717","76,557","25,279","10,167","2,453"
Locality: 047 CULPEPER COUNTY,0603,603 - SOUTH RIDGE,"1,036",37,"1,073",4,,2,15,"34,324",797,"35,121",267,75,56,133,"5,763,241","212,476","5,975,717","76,557","25,279","10,167","2,453"
Locality: 047 CULPEPER COUNTY,0702,702 - BRANDY STATION,"2,955",68,"3,023",29,14,6,15,"34,324",797,"35,121",267,75,56,133,"5,763,241","212,476","5,975,717","76,557","25,279","10,167","2,453"
Locality: 047 CULPEPER COUNTY,0703,703 - LIGNUM,"1,389",21,"1,410",8,2,,15,"34,324",797,"35,121",267,75,56,133,"5,763,241","212,476","5,975,717","76,557","25,279","10,167","2,453"
Locality: 047 CULPEPER COUNTY,0704,704 - RICHARDSVILLE,724,15,739,5,,,15,"34,324",797,"35,121",267,75,56,133,"5,763,241","212,476","5,975,717","76,557","25,279","10,167","2,453"
Locality: 049 CUMBERLAND COUNTY,0101,101 - PRECINCT 1,"1,466",28,"1,494",9,,1,5,"7,034",164,"7,198",35,,9,133,"5,763,241","212,476","5,975,717","76,557","25,279","10,167","2,453"
Locality: 049 CUMBERLAND COUNTY,0201,201 - PRECINCT 2,"1,506",37,"1,543",5,,3,5,"7,034",164,"7,198",35,,9,133,"5,763,241","212,476","5,975,717","76,557","25,279","10,167","2,453"
Locality: 049 CUMBERLAND COUNTY,0301,301 - PRECINCT 3,"1,369",33,"1,402",8,,,5,"7,034",164,"7,198",35,,9,133,"5,763,241","212,476","5,975,717","76,557","25,279","10,167","2,453"
Locality: 049 CUMBERLAND COUNTY,0401,401 - PRECINCT 4,"1,375",31,"1,406",4,,3,5,"7,034",164,"7,198",35,,9,133,"5,763,241","212,476","5,975,717","76,557","25,279","10,167","2,453"
Locality: 049 CUMBERLAND COUNTY,0501,501 - PRECINCT 5,"1,318",35,"1,353",9,,2,5,"7,034",164,"7,198",35,,9,133,"5,763,241","212,476","5,975,717","76,557","25,279","10,167","2,453"
Locality: 051 DICKENSON COUNTY,0101,101 - SOUTH CLINTWOOD,"2,130",49,"2,179",8,,1,10,"10,035",242,"10,277",40,1,3,133,"5,763,241","212,476","5,975,717","76,557","25,279","10,167","2,453"
Locality: 051 DICKENSON COUNTY,0201,201 - NORA,712,23,735,3,,,10,"10,035",242,"10,277",40,1,3,133,"5,763,241","212,476","5,975,717","76,557","25,279","10,167","2,453"
Locality: 051 DICKENSON COUNTY,0202,202 - FRYING PAN,263,3,266,,,,10,"10,035",242,"10,277",40,1,3,133,"5,763,241","212,476","5,975,717","76,557","25,279","10,167","2,453"
Locality: 051 DICKENSON COUNTY,0203,203 - CLINCHCO,947,13,960,3,,1,10,"10,035",242,"10,277",40,1,3,133,"5,763,241","212,476","5,975,717","76,557","25,279","10,167","2,453"
Locality: 051 DICKENSON COUNTY,0301,301 - WEST DANTE,275,7,282,,,,10,"10,035",242,"10,277",40,1,3,133,"5,763,241","212,476","5,975,717","76,557","25,279","10,167","2,453"
Locality: 051 DICKENSON COUNTY,0302,302 - HERALD,575,19,594,4,,,10,"10,035",242,"10,277",40,1,3,133,"5,763,241","212,476","5,975,717","76,557","25,279","10,167","2,453"
Locality: 051 DICKENSON COUNTY,0303,303 - RIDGE,"1,139",29,"1,168",5,,,10,"10,035",242,"10,277",40,1,3,133,"5,763,241","212,476","5,975,717","76,557","25,279","10,167","2,453"
Locality: 051 DICKENSON COUNTY,0401,401 - HAYSI-COLLEY,"1,918",47,"1,965",6,1,,10,"10,035",242,"10,277",40,1,3,133,"5,763,241","212,476","5,975,717","76,557","25,279","10,167","2,453"
Locality: 051 DICKENSON COUNTY,0501,501 - TARPON,517,12,529,5,,,10,"10,035",242,"10,277",40,1,3,133,"5,763,241","212,476","5,975,717","76,557","25,279","10,167","2,453"
Locality: 051 DICKENSON COUNTY,0502,502 - NORTH CLINTWOOD,"1,559",40,"1,599",6,,1,10,"10,035",242,"10,277",40,1,3,133,"5,763,241","212,476","5,975,717","76,557","25,279","10,167","2,453"
Locality: 053 DINWIDDIE COUNTY,0101,101 - WHITE OAK,775,11,786,9,,,13,"19,710",472,"20,182",127,11,4,133,"5,763,241","212,476","5,975,717","76,557","25,279","10,167","2,453"
Locality: 053 DINWIDDIE COUNTY,0102,102 - ROCKY RUN,"1,302",28,"1,330",5,1,,13,"19,710",472,"20,182",127,11,4,133,"5,763,241","212,476","5,975,717","76,557","25,279","10,167","2,453"
Locality: 053 DINWIDDIE COUNTY,0103,103 - CHURCH ROAD,"1,814",36,"1,850",14,1,,13,"19,710",472,"20,182",127,11,4,133,"5,763,241","212,476","5,975,717","76,557","25,279","10,167","2,453"
Locality: 053 DINWIDDIE COUNTY,0201,201 - ROHOIC,"1,249",44,"1,293",8,,,13,"19,710",472,"20,182",127,11,4,133,"5,763,241","212,476","5,975,717","76,557","25,279","10,167","2,453"
Locality: 053 DINWIDDIE COUNTY,0202,202 - SUTHERLAND,"2,926",53,"2,979",19,5,1,13,"19,710",472,"20,182",127,11,4,133,"5,763,241","212,476","5,975,717","76,557","25,279","10,167","2,453"
Locality: 053 DINWIDDIE COUNTY,0301,301 - REAMS,795,20,815,2,,,13,"19,710",472,"20,182",127,11,4,133,"5,763,241","212,476","5,975,717","76,557","25,279","10,167","2,453"
Locality: 053 DINWIDDIE COUNTY,0302,302 - NEW HOPE,"1,397",37,"1,434",10,4,1,13,"19,710",472,"20,182",127,11,4,133,"5,763,241","212,476","5,975,717","76,557","25,279","10,167","2,453"
Locality: 053 DINWIDDIE COUNTY,0303,303 - LITTLE ZION,"2,002",23,"2,025",8,,,13,"19,710",472,"20,182",127,11,4,133,"5,763,241","212,476","5,975,717","76,557","25,279","10,167","2,453"
Locality: 053 DINWIDDIE COUNTY,0401,401 - DINWIDDIE,"1,981",37,"2,018",18,,,13,"19,710",472,"20,182",127,11,4,133,"5,763,241","212,476","5,975,717","76,557","25,279","10,167","2,453"
Locality: 053 DINWIDDIE COUNTY,0402,402 - MCKENNEY,"1,162",36,"1,198",8,,,13,"19,710",472,"20,182",127,11,4,133,"5,763,241","212,476","5,975,717","76,557","25,279","10,167","2,453"
Locality: 053 DINWIDDIE COUNTY,0403,403 - CHERRY HILL,796,10,806,5,,,13,"19,710",472,"20,182",127,11,4,133,"5,763,241","212,476","5,975,717","76,557","25,279","10,167","2,453"
Locality: 053 DINWIDDIE COUNTY,0501,501 - EDGEHILL,499,63,562,3,,,13,"19,710",472,"20,182",127,11,4,133,"5,763,241","212,476","5,975,717","76,557","25,279","10,167","2,453"
Locality: 053 DINWIDDIE COUNTY,0502,502 - CHESDIN,"3,012",74,"3,086",18,,2,13,"19,710",472,"20,182",127,11,4,133,"5,763,241","212,476","5,975,717","76,557","25,279","10,167","2,453"
Locality: 057 ESSEX COUNTY,0101,101 - GREATER TAPPAHANNOCK,"1,825",98,"1,923",10,4,,4,"7,728",378,"8,106",43,9,,133,"5,763,241","212,476","5,975,717","76,557","25,279","10,167","2,453"
Locality: 057 ESSEX COUNTY,0201,201 - NORTH,"1,880",111,"1,991",13,1,,4,"7,728",378,"8,106",43,9,,133,"5,763,241","212,476","5,975,717","76,557","25,279","10,167","2,453"
Locality: 057 ESSEX COUNTY,0301,301 - SOUTH,"2,086",76,"2,162",14,3,,4,"7,728",378,"8,106",43,9,,133,"5,763,241","212,476","5,975,717","76,557","25,279","10,167","2,453"
Locality: 057 ESSEX COUNTY,0401,401 - CENTRAL,"1,937",93,"2,030",6,1,,4,"7,728",378,"8,106",43,9,,133,"5,763,241","212,476","5,975,717","76,557","25,279","10,167","2,453"
Locality: 059 FAIRFAX COUNTY,0104,104 - CHAPEL,"2,544",48,"2,592",16,22,10,243,"761,658","25,531","787,189","7,992","6,551","2,429",133,"5,763,241","212,476","5,975,717","76,557","25,279","10,167","2,453"
Locality: 059 FAIRFAX COUNTY,0105,105 - FAIRVIEW,"5,020",132,"5,152",62,28,12,243,"761,658","25,531","787,189","7,992","6,551","2,429",133,"5,763,241","212,476","5,975,717","76,557","25,279","10,167","2,453"
Locality: 059 FAIRFAX COUNTY,0106,106 - HERITAGE,"4,164",164,"4,328",31,21,11,243,"761,658","25,531","787,189","7,992","6,551","2,429",133,"5,763,241","212,476","5,975,717","76,557","25,279","10,167","2,453"
Locality: 059 FAIRFAX COUNTY,0108,108 - KINGS PARK,"2,546",70,"2,616",28,30,9,243,"761,658","25,531","787,189","7,992","6,551","2,429",133,"5,763,241","212,476","5,975,717","76,557","25,279","10,167","2,453"
Locality: 059 FAIRFAX COUNTY,0109,109 - LITTLE RUN,"1,339",31,"1,370",20,19,8,243,"761,658","25,531","787,189","7,992","6,551","2,429",133,"5,763,241","212,476","5,975,717","76,557","25,279","10,167","2,453"
Locality: 059 FAIRFAX COUNTY,0110,110 - NORTH SPRINGFIELD,"4,588",141,"4,729",41,16,8,243,"761,658","25,531","787,189","7,992","6,551","2,429",133,"5,763,241","212,476","5,975,717","76,557","25,279","10,167","2,453"
Locality: 059 FAIRFAX COUNTY,0113,113 - CANTERBURY,"4,315",92,"4,407",53,50,8,243,"761,658","25,531","787,189","7,992","6,551","2,429",133,"5,763,241","212,476","5,975,717","76,557","25,279","10,167","2,453"
Locality: 059 FAIRFAX COUNTY,0114,114 - OLDE CREEK,"2,350",63,"2,413",32,29,4,243,"761,658","25,531","787,189","7,992","6,551","2,429",133,"5,763,241","212,476","5,975,717","76,557","25,279","10,167","2,453"
Locality: 059 FAIRFAX COUNTY,0115,115 - RAVENSWORTH,"1,867",42,"1,909",11,14,9,243,"761,658","25,531","787,189","7,992","6,551","2,429",133,"5,763,241","212,476","5,975,717","76,557","25,279","10,167","2,453"
Locality: 059 FAIRFAX COUNTY,0116,116 - WAKEFIELD,"2,388",59,"2,447",36,33,12,243,"761,658","25,531","787,189","7,992","6,551","2,429",133,"5,763,241","212,476","5,975,717","76,557","25,279","10,167","2,453"
Locality: 059 FAIRFAX COUNTY,0117,117 - WOODSON,"3,203",86,"3,289",27,34,15,243,"761,658","25,531","787,189","7,992","6,551","2,429",133,"5,763,241","212,476","5,975,717","76,557","25,279","10,167","2,453"
Locality: 059 FAIRFAX COUNTY,0118,118 - LAKE BRADDOCK,"4,433",106,"4,539",56,28,11,243,"761,658","25,531","787,189","7,992","6,551","2,429",133,"5,763,241","212,476","5,975,717","76,557","25,279","10,167","2,453"
Locality: 059 FAIRFAX COUNTY,0119,119 - LAUREL,"4,328",126,"4,454",54,39,18,243,"761,658","25,531","787,189","7,992","6,551","2,429",133,"5,763,241","212,476","5,975,717","76,557","25,279","10,167","2,453"
Locality: 059 FAIRFAX COUNTY,0120,120 - SIDEBURN,"3,351",69,"3,420",64,20,5,243,"761,658","25,531","787,189","7,992","6,551","2,429",133,"5,763,241","212,476","5,975,717","76,557","25,279","10,167","2,453"
Locality: 059 FAIRFAX COUNTY,0121,121 - VILLA,"2,270",61,"2,331",14,12,,243,"761,658","25,531","787,189","7,992","6,551","2,429",133,"5,763,241","212,476","5,975,717","76,557","25,279","10,167","2,453"
Locality: 059 FAIRFAX COUNTY,0123,123 - ROBINSON,"4,552",146,"4,698",68,28,14,243,"761,658","25,531","787,189","7,992","6,551","2,429",133,"5,763,241","212,476","5,975,717","76,557","25,279","10,167","2,453"
Locality: 059 FAIRFAX COUNTY,0125,125 - SIGNAL HILL,"3,356",87,"3,443",49,31,11,243,"761,658","25,531","787,189","7,992","6,551","2,429",133,"5,763,241","212,476","5,975,717","76,557","25,279","10,167","2,453"
Locality: 059 FAIRFAX COUNTY,0126,126 - BONNIE BRAE,"2,589",65,"2,654",25,22,7,243,"761,658","25,531","787,189","7,992","6,551","2,429",133,"5,763,241","212,476","5,975,717","76,557","25,279","10,167","2,453"
Locality: 059 FAIRFAX COUNTY,0127,127 - BURKE CENTRE,"4,852",152,"5,004",70,41,13,243,"761,658","25,531","787,189","7,992","6,551","2,429",133,"5,763,241","212,476","5,975,717","76,557","25,279","10,167","2,453"
Locality: 059 FAIRFAX COUNTY,0128,128 - CARDINAL,"2,477",83,"2,560",29,16,2,243,"761,658","25,531","787,189","7,992","6,551","2,429",133,"5,763,241","212,476","5,975,717","76,557","25,279","10,167","2,453"
Locality: 059 FAIRFAX COUNTY,0129,129 - KEENE MILL,"1,830",42,"1,872",30,14,4,243,"761,658","25,531","787,189","7,992","6,551","2,429",133,"5,763,241","212,476","5,975,717","76,557","25,279","10,167","2,453"
Locality: 059 FAIRFAX COUNTY,0130,130 - TERRA CENTRE,"2,543",75,"2,618",48,21,5,243,"761,658","25,531","787,189","7,992","6,551","2,429",133,"5,763,241","212,476","5,975,717","76,557","25,279","10,167","2,453"
Locality: 059 FAIRFAX COUNTY,0131,131 - EAGLE VIEW,"4,055",151,"4,206",30,28,12,243,"761,658","25,531","787,189","7,992","6,551","2,429",133,"5,763,241","212,476","5,975,717","76,557","25,279","10,167","2,453"
Locality: 059 FAIRFAX COUNTY,0132,132 - MONUMENT,"5,216",259,"5,475",41,43,19,243,"761,658","25,531","787,189","7,992","6,551","2,429",133,"5,763,241","212,476","5,975,717","76,557","25,279","10,167","2,453"
Locality: 059 FAIRFAX COUNTY,0133,133 - DANBURY,764,31,795,10,8,3,243,"761,658","25,531","787,189","7,992","6,551","2,429",133,"5,763,241","212,476","5,975,717","76,557","25,279","10,167","2,453"
Locality: 059 FAIRFAX COUNTY,0134,134 - UNIVERSITY,"2,291",298,"2,589",14,11,3,243,"761,658","25,531","787,189","7,992","6,551","2,429",133,"5,763,241","212,476","5,975,717","76,557","25,279","10,167","2,453"
Locality: 059 FAIRFAX COUNTY,0201,201 - Armstrong,"4,021",166,"4,187",19,68,16,243,"761,658","25,531","787,189","7,992","6,551","2,429",133,"5,763,241","212,476","5,975,717","76,557","25,279","10,167","2,453"
Locality: 059 FAIRFAX COUNTY,0202,202 - FLINT HILL,"3,226",47,"3,273",14,50,10,243,"761,658","25,531","787,189","7,992","6,551","2,429",133,"5,763,241","212,476","5,975,717","76,557","25,279","10,167","2,453"
Locality: 059 FAIRFAX COUNTY,0203,203 - FLORIS,"4,030",74,"4,104",16,32,8,243,"761,658","25,531","787,189","7,992","6,551","2,429",133,"5,763,241","212,476","5,975,717","76,557","25,279","10,167","2,453"
Locality: 059 FAIRFAX COUNTY,0204,204 - MADISON,"1,008",32,"1,040",6,8,3,243,"761,658","25,531","787,189","7,992","6,551","2,429",133,"5,763,241","212,476","5,975,717","76,557","25,279","10,167","2,453"
Locality: 059 FAIRFAX COUNTY,0208,208 - RESTON #1,"4,605",207,"4,812",30,48,21,243,"761,658","25,531","787,189","7,992","6,551","2,429",133,"5,763,241","212,476","5,975,717","76,557","25,279","10,167","2,453"
Locality: 059 FAIRFAX COUNTY,0209,209 - RESTON #2,"3,631",148,"3,779",27,48,13,243,"761,658","25,531","787,189","7,992","6,551","2,429",133,"5,763,241","212,476","5,975,717","76,557","25,279","10,167","2,453"
Locality: 059 FAIRFAX COUNTY,0213,213 - VIENNA #1,"4,389",125,"4,514",25,33,20,243,"761,658","25,531","787,189","7,992","6,551","2,429",133,"5,763,241","212,476","5,975,717","76,557","25,279","10,167","2,453"
Locality: 059 FAIRFAX COUNTY,0214,214 - VIENNA #2,"3,486",78,"3,564",13,35,16,243,"761,658","25,531","787,189","7,992","6,551","2,429",133,"5,763,241","212,476","5,975,717","76,557","25,279","10,167","2,453"
Locality: 059 FAIRFAX COUNTY,0216,216 - VIENNA #4,"1,671",53,"1,724",8,14,6,243,"761,658","25,531","787,189","7,992","6,551","2,429",133,"5,763,241","212,476","5,975,717","76,557","25,279","10,167","2,453"
Locality: 059 FAIRFAX COUNTY,0218,218 - VIENNA #6,"2,427",67,"2,494",8,27,10,243,"761,658","25,531","787,189","7,992","6,551","2,429",133,"5,763,241","212,476","5,975,717","76,557","25,279","10,167","2,453"
Locality: 059 FAIRFAX COUNTY,0219,219 - WESTBRIAR,"3,950",107,"4,057",26,49,17,243,"761,658","25,531","787,189","7,992","6,551","2,429",133,"5,763,241","212,476","5,975,717","76,557","25,279","10,167","2,453"
Locality: 059 FAIRFAX COUNTY,0220,220 - DOGWOOD,"4,580",147,"4,727",25,27,11,243,"761,658","25,531","787,189","7,992","6,551","2,429",133,"5,763,241","212,476","5,975,717","76,557","25,279","10,167","2,453"
Locality: 059 FAIRFAX COUNTY,0221,221 - HUNTERS WOODS,"2,901",61,"2,962",9,45,8,243,"761,658","25,531","787,189","7,992","6,551","2,429",133,"5,763,241","212,476","5,975,717","76,557","25,279","10,167","2,453"
Locality: 059 FAIRFAX COUNTY,0222,222 - RESTON #3,"2,360",75,"2,435",7,54,12,243,"761,658","25,531","787,189","7,992","6,551","2,429",133,"5,763,241","212,476","5,975,717","76,557","25,279","10,167","2,453"
Locality: 059 FAIRFAX COUNTY,0223,223 - GLADE,"4,083",103,"4,186",15,48,15,243,"761,658","25,531","787,189","7,992","6,551","2,429",133,"5,763,241","212,476","5,975,717","76,557","25,279","10,167","2,453"
Locality: 059 FAIRFAX COUNTY,0224,224 - SOUTH LAKES,"5,328",178,"5,506",26,64,37,243,"761,658","25,531","787,189","7,992","6,551","2,429",133,"5,763,241","212,476","5,975,717","76,557","25,279","10,167","2,453"
Locality: 059 FAIRFAX COUNTY,0225,225 - HUGHES,"4,304",210,"4,514",20,66,19,243,"761,658","25,531","787,189","7,992","6,551","2,429",133,"5,763,241","212,476","5,975,717","76,557","25,279","10,167","2,453"
Locality: 059 FAIRFAX COUNTY,0226,226 - WOLFTRAP,"3,782",76,"3,858",25,45,20,243,"761,658","25,531","787,189","7,992","6,551","2,429",133,"5,763,241","212,476","5,975,717","76,557","25,279","10,167","2,453"
Locality: 059 FAIRFAX COUNTY,0227,227 - SUNRISE VALLEY,"1,923",40,"1,963",5,19,7,243,"761,658","25,531","787,189","7,992","6,551","2,429",133,"5,763,241","212,476","5,975,717","76,557","25,279","10,167","2,453"
Locality: 059 FAIRFAX COUNTY,0229,229 - FOX MILL,"4,803",112,"4,915",25,48,16,243,"761,658","25,531","787,189","7,992","6,551","2,429",133,"5,763,241","212,476","5,975,717","76,557","25,279","10,167","2,453"
Locality: 059 FAIRFAX COUNTY,0233,233 - NORTH POINT,"3,773",72,"3,845",13,24,19,243,"761,658","25,531","787,189","7,992","6,551","2,429",133,"5,763,241","212,476","5,975,717","76,557","25,279","10,167","2,453"
Locality: 059 FAIRFAX COUNTY,0234,234 - ALDRIN,"3,070",126,"3,196",14,39,15,243,"761,658","25,531","787,189","7,992","6,551","2,429",133,"5,763,241","212,476","5,975,717","76,557","25,279","10,167","2,453"
Locality: 059 FAIRFAX COUNTY,0235,235 - FRYING PAN,"3,232",80,"3,312",17,27,24,243,"761,658","25,531","787,189","7,992","6,551","2,429",133,"5,763,241","212,476","5,975,717","76,557","25,279","10,167","2,453"
Locality: 059 FAIRFAX COUNTY,0236,236 - STUART,"1,435",37,"1,472",5,15,4,243,"761,658","25,531","787,189","7,992","6,551","2,429",133,"5,763,241","212,476","5,975,717","76,557","25,279","10,167","2,453"
Locality: 059 FAIRFAX COUNTY,0237,237 - MCNAIR,"3,862",218,"4,080",22,31,8,243,"761,658","25,531","787,189","7,992","6,551","2,429",133,"5,763,241","212,476","5,975,717","76,557","25,279","10,167","2,453"
Locality: 059 FAIRFAX COUNTY,0238,238 - CAMERON GLEN,"4,635",215,"4,850",16,61,9,243,"761,658","25,531","787,189","7,992","6,551","2,429",133,"5,763,241","212,476","5,975,717","76,557","25,279","10,167","2,453"
Locality: 059 FAIRFAX COUNTY,0240,240 - COLVIN,"2,683",52,"2,735",16,25,13,243,"761,658","25,531","787,189","7,992","6,551","2,429",133,"5,763,241","212,476","5,975,717","76,557","25,279","10,167","2,453"
Locality: 059 FAIRFAX COUNTY,0301,301 - CHAIN BRIDGE,"3,951",111,"4,062",20,54,36,243,"761,658","25,531","787,189","7,992","6,551","2,429",133,"5,763,241","212,476","5,975,717","76,557","25,279","10,167","2,453"
Locality: 059 FAIRFAX COUNTY,0302,302 - CHESTERBROOK,"2,837",61,"2,898",12,33,23,243,"761,658","25,531","787,189","7,992","6,551","2,429",133,"5,763,241","212,476","5,975,717","76,557","25,279","10,167","2,453"
Locality: 059 FAIRFAX COUNTY,0303,303 - CHURCHILL,"1,665",33,"1,698",13,21,5,243,"761,658","25,531","787,189","7,992","6,551","2,429",133,"5,763,241","212,476","5,975,717","76,557","25,279","10,167","2,453"
Locality: 059 FAIRFAX COUNTY,0304,304 - COOPER,"2,554",81,"2,635",9,30,9,243,"761,658","25,531","787,189","7,992","6,551","2,429",133,"5,763,241","212,476","5,975,717","76,557","25,279","10,167","2,453"
Locality: 059 FAIRFAX COUNTY,0305,305 - EL NIDO,"2,547",57,"2,604",13,40,27,243,"761,658","25,531","787,189","7,992","6,551","2,429",133,"5,763,241","212,476","5,975,717","76,557","25,279","10,167","2,453"
Locality: 059 FAIRFAX COUNTY,0306,306 - GREAT FALLS,"2,272",49,"2,321",10,22,10,243,"761,658","25,531","787,189","7,992","6,551","2,429",133,"5,763,241","212,476","5,975,717","76,557","25,279","10,167","2,453"
Locality: 059 FAIRFAX COUNTY,0307,307 - HAYCOCK,"2,637",72,"2,709",11,35,17,243,"761,658","25,531","787,189","7,992","6,551","2,429",133,"5,763,241","212,476","5,975,717","76,557","25,279","10,167","2,453"
Locality: 059 FAIRFAX COUNTY,0309,309 - KENMORE,"4,190",91,"4,281",13,40,21,243,"761,658","25,531","787,189","7,992","6,551","2,429",133,"5,763,241","212,476","5,975,717","76,557","25,279","10,167","2,453"
Locality: 059 FAIRFAX COUNTY,0310,310 - KIRBY,"2,350",63,"2,413",13,37,30,243,"761,658","25,531","787,189","7,992","6,551","2,429",133,"5,763,241","212,476","5,975,717","76,557","25,279","10,167","2,453"
Locality: 059 FAIRFAX COUNTY,0311,311 - LANGLEY,"2,339",59,"2,398",5,39,12,243,"761,658","25,531","787,189","7,992","6,551","2,429",133,"5,763,241","212,476","5,975,717","76,557","25,279","10,167","2,453"
Locality: 059 FAIRFAX COUNTY,0312,312 - LONGFELLOW,"2,781",77,"2,858",23,57,18,243,"761,658","25,531","787,189","7,992","6,551","2,429",133,"5,763,241","212,476","5,975,717","76,557","25,279","10,167","2,453"
Locality: 059 FAIRFAX COUNTY,0314,314 - MCLEAN,"2,890",60,"2,950",16,42,19,243,"761,658","25,531","787,189","7,992","6,551","2,429",133,"5,763,241","212,476","5,975,717","76,557","25,279","10,167","2,453"
Locality: 059 FAIRFAX COUNTY,0315,315 - PIMMIT,"3,575",130,"3,705",29,29,16,243,"761,658","25,531","787,189","7,992","6,551","2,429",133,"5,763,241","212,476","5,975,717","76,557","25,279","10,167","2,453"
Locality: 059 FAIRFAX COUNTY,0316,316 - SALONA #1,"1,044",31,"1,075",4,20,15,243,"761,658","25,531","787,189","7,992","6,551","2,429",133,"5,763,241","212,476","5,975,717","76,557","25,279","10,167","2,453"
Locality: 059 FAIRFAX COUNTY,0317,317 - WESTHAMPTON,"2,444",53,"2,497",17,47,13,243,"761,658","25,531","787,189","7,992","6,551","2,429",133,"5,763,241","212,476","5,975,717","76,557","25,279","10,167","2,453"
Locality: 059 FAIRFAX COUNTY,0318,318 - WESTMORELAND,"1,586",47,"1,633",9,31,24,243,"761,658","25,531","787,189","7,992","6,551","2,429",133,"5,763,241","212,476","5,975,717","76,557","25,279","10,167","2,453"
Locality: 059 FAIRFAX COUNTY,0319,319 - HERNDON #1,"4,255",137,"4,392",20,28,8,243,"761,658","25,531","787,189","7,992","6,551","2,429",133,"5,763,241","212,476","5,975,717","76,557","25,279","10,167","2,453"
Locality: 059 FAIRFAX COUNTY,0320,320 - HERNDON #2,"4,492",169,"4,661",33,34,15,243,"761,658","25,531","787,189","7,992","6,551","2,429",133,"5,763,241","212,476","5,975,717","76,557","25,279","10,167","2,453"
Locality: 059 FAIRFAX COUNTY,0321,321 - CLEARVIEW,"4,293",124,"4,417",21,39,15,243,"761,658","25,531","787,189","7,992","6,551","2,429",133,"5,763,241","212,476","5,975,717","76,557","25,279","10,167","2,453"
Locality: 059 FAIRFAX COUNTY,0322,322 - FORESTVILLE,"3,481",96,"3,577",8,31,12,243,"761,658","25,531","787,189","7,992","6,551","2,429",133,"5,763,241","212,476","5,975,717","76,557","25,279","10,167","2,453"
Locality: 059 FAIRFAX COUNTY,0323,323 - SHOUSE,"2,401",60,"2,461",8,19,7,243,"761,658","25,531","787,189","7,992","6,551","2,429",133,"5,763,241","212,476","5,975,717","76,557","25,279","10,167","2,453"
Locality: 059 FAIRFAX COUNTY,0324,324 - HERNDON #3,"4,120",192,"4,312",20,37,5,243,"761,658","25,531","787,189","7,992","6,551","2,429",133,"5,763,241","212,476","5,975,717","76,557","25,279","10,167","2,453"
Locality: 059 FAIRFAX COUNTY,0325,325 - HUTCHISON,"2,563",151,"2,714",28,12,7,243,"761,658","25,531","787,189","7,992","6,551","2,429",133,"5,763,241","212,476","5,975,717","76,557","25,279","10,167","2,453"
Locality: 059 FAIRFAX COUNTY,0327,327 - SUGARLAND,"3,829",99,"3,928",21,36,11,243,"761,658","25,531","787,189","7,992","6,551","2,429",133,"5,763,241","212,476","5,975,717","76,557","25,279","10,167","2,453"
Locality: 059 FAIRFAX COUNTY,0328,328 - HICKORY,"3,608",80,"3,688",19,38,14,243,"761,658","25,531","787,189","7,992","6,551","2,429",133,"5,763,241","212,476","5,975,717","76,557","25,279","10,167","2,453"
Locality: 059 FAIRFAX COUNTY,0329,329 - SENECA,"3,719",88,"3,807",11,31,13,243,"761,658","25,531","787,189","7,992","6,551","2,429",133,"5,763,241","212,476","5,975,717","76,557","25,279","10,167","2,453"
Locality: 059 FAIRFAX COUNTY,0331,331 - SPRING HILL,"2,415",67,"2,482",13,24,12,243,"761,658","25,531","787,189","7,992","6,551","2,429",133,"5,763,241","212,476","5,975,717","76,557","25,279","10,167","2,453"
Locality: 059 FAIRFAX COUNTY,0332,332 - COATES,"4,910",345,"5,255",38,27,7,243,"761,658","25,531","787,189","7,992","6,551","2,429",133,"5,763,241","212,476","5,975,717","76,557","25,279","10,167","2,453"
Locality: 059 FAIRFAX COUNTY,0333,333 - SALONA #2,"1,908",38,"1,946",10,52,23,243,"761,658","25,531","787,189","7,992","6,551","2,429",133,"5,763,241","212,476","5,975,717","76,557","25,279","10,167","2,453"
Locality: 059 FAIRFAX COUNTY,0401,401 - BUSH HILL,"3,604",117,"3,721",48,22,6,243,"761,658","25,531","787,189","7,992","6,551","2,429",133,"5,763,241","212,476","5,975,717","76,557","25,279","10,167","2,453"
Locality: 059 FAIRFAX COUNTY,0402,402 - CAMERON,"1,247",69,"1,316",15,9,4,243,"761,658","25,531","787,189","7,992","6,551","2,429",133,"5,763,241","212,476","5,975,717","76,557","25,279","10,167","2,453"
Locality: 059 FAIRFAX COUNTY,0403,403 - FORESTDALE,"1,448",57,"1,505",27,16,3,243,"761,658","25,531","787,189","7,992","6,551","2,429",133,"5,763,241","212,476","5,975,717","76,557","25,279","10,167","2,453"
Locality: 059 FAIRFAX COUNTY,0404,404 - FRANCONIA,"4,228",152,"4,380",56,28,11,243,"761,658","25,531","787,189","7,992","6,551","2,429",133,"5,763,241","212,476","5,975,717","76,557","25,279","10,167","2,453"
Locality: 059 FAIRFAX COUNTY,0405,405 - GROVETON,"2,243",139,"2,382",39,9,1,243,"761,658","25,531","787,189","7,992","6,551","2,429",133,"5,763,241","212,476","5,975,717","76,557","25,279","10,167","2,453"
Locality: 059 FAIRFAX COUNTY,0406,406 - HAYFIELD,"2,507",63,"2,570",51,20,5,243,"761,658","25,531","787,189","7,992","6,551","2,429",133,"5,763,241","212,476","5,975,717","76,557","25,279","10,167","2,453"
Locality: 059 FAIRFAX COUNTY,0408,408 - MOUNT EAGLE,"2,914",205,"3,119",53,28,8,243,"761,658","25,531","787,189","7,992","6,551","2,429",133,"5,763,241","212,476","5,975,717","76,557","25,279","10,167","2,453"
Locality: 059 FAIRFAX COUNTY,0409,409 - PIONEER,"4,365",152,"4,517",51,38,10,243,"761,658","25,531","787,189","7,992","6,551","2,429",133,"5,763,241","212,476","5,975,717","76,557","25,279","10,167","2,453"
Locality: 059 FAIRFAX COUNTY,0410,410 - ROSE HILL,"4,969",172,"5,141",74,38,7,243,"761,658","25,531","787,189","7,992","6,551","2,429",133,"5,763,241","212,476","5,975,717","76,557","25,279","10,167","2,453"
Locality: 059 FAIRFAX COUNTY,0411,411 - VIRGINIA HILLS,"2,592",84,"2,676",37,13,1,243,"761,658","25,531","787,189","7,992","6,551","2,429",133,"5,763,241","212,476","5,975,717","76,557","25,279","10,167","2,453"
Locality: 059 FAIRFAX COUNTY,0413,413 - FAIRFIELD,"2,863",147,"3,010",31,6,,243,"761,658","25,531","787,189","7,992","6,551","2,429",133,"5,763,241","212,476","5,975,717","76,557","25,279","10,167","2,453"
Locality: 059 FAIRFAX COUNTY,0415,415 - CRESTWOOD,"2,967",65,"3,032",31,6,9,243,"761,658","25,531","787,189","7,992","6,551","2,429",133,"5,763,241","212,476","5,975,717","76,557","25,279","10,167","2,453"
Locality: 059 FAIRFAX COUNTY,0417,417 - GARFIELD,"4,173",139,"4,312",38,25,7,243,"761,658","25,531","787,189","7,992","6,551","2,429",133,"5,763,241","212,476","5,975,717","76,557","25,279","10,167","2,453"
Locality: 059 FAIRFAX COUNTY,0418,418 - LYNBROOK,"2,317",62,"2,379",24,17,10,243,"761,658","25,531","787,189","7,992","6,551","2,429",133,"5,763,241","212,476","5,975,717","76,557","25,279","10,167","2,453"
Locality: 059 FAIRFAX COUNTY,0419,419 - LANE,"3,810",131,"3,941",44,39,10,243,"761,658","25,531","787,189","7,992","6,551","2,429",133,"5,763,241","212,476","5,975,717","76,557","25,279","10,167","2,453"
Locality: 059 FAIRFAX COUNTY,0420,420 - VILLAGES,"4,899",192,"5,091",92,41,14,243,"761,658","25,531","787,189","7,992","6,551","2,429",133,"5,763,241","212,476","5,975,717","76,557","25,279","10,167","2,453"
Locality: 059 FAIRFAX COUNTY,0421,421 - KINGSTOWNE,"4,126",214,"4,340",102,47,11,243,"761,658","25,531","787,189","7,992","6,551","2,429",133,"5,763,241","212,476","5,975,717","76,557","25,279","10,167","2,453"
Locality: 059 FAIRFAX COUNTY,0422,422 - VAN DORN,"4,119",197,"4,316",56,26,9,243,"761,658","25,531","787,189","7,992","6,551","2,429",133,"5,763,241","212,476","5,975,717","76,557","25,279","10,167","2,453"
Locality: 059 FAIRFAX COUNTY,0423,423 - CLERMONT,"2,855",79,"2,934",43,25,15,243,"761,658","25,531","787,189","7,992","6,551","2,429",133,"5,763,241","212,476","5,975,717","76,557","25,279","10,167","2,453"
Locality: 059 FAIRFAX COUNTY,0424,424 - HUNTLEY,"2,850",94,"2,944",49,17,5,243,"761,658","25,531","787,189","7,992","6,551","2,429",133,"5,763,241","212,476","5,975,717","76,557","25,279","10,167","2,453"
Locality: 059 FAIRFAX COUNTY,0426,426 - GREENSPRING,"1,799",17,"1,816",,6,7,243,"761,658","25,531","787,189","7,992","6,551","2,429",133,"5,763,241","212,476","5,975,717","76,557","25,279","10,167","2,453"
Locality: 059 FAIRFAX COUNTY,0427,427 - ISLAND CREEK,"2,870",99,"2,969",64,29,5,243,"761,658","25,531","787,189","7,992","6,551","2,429",133,"5,763,241","212,476","5,975,717","76,557","25,279","10,167","2,453"
Locality: 059 FAIRFAX COUNTY,0428,428 - PINEWOOD,"3,563",164,"3,727",41,11,2,243,"761,658","25,531","787,189","7,992","6,551","2,429",133,"5,763,241","212,476","5,975,717","76,557","25,279","10,167","2,453"
Locality: 059 FAIRFAX COUNTY,0429,429 - HYBLA VALLEY,"3,827",198,"4,025",44,9,3,243,"761,658","25,531","787,189","7,992","6,551","2,429",133,"5,763,241","212,476","5,975,717","76,557","25,279","10,167","2,453"
Locality: 059 FAIRFAX COUNTY,0501,501 - BAILEYS,"3,826",156,"3,982",21,41,13,243,"761,658","25,531","787,189","7,992","6,551","2,429",133,"5,763,241","212,476","5,975,717","76,557","25,279","10,167","2,453"
Locality: 059 FAIRFAX COUNTY,0502,502 - BARCROFT,"1,453",39,"1,492",12,21,9,243,"761,658","25,531","787,189","7,992","6,551","2,429",133,"5,763,241","212,476","5,975,717","76,557","25,279","10,167","2,453"
Locality: 059 FAIRFAX COUNTY,0503,503 - BELVEDERE,"1,799",39,"1,838",8,21,13,243,"761,658","25,531","787,189","7,992","6,551","2,429",133,"5,763,241","212,476","5,975,717","76,557","25,279","10,167","2,453"
Locality: 059 FAIRFAX COUNTY,0504,504 - BRISTOW,"2,886",95,"2,981",11,19,4,243,"761,658","25,531","787,189","7,992","6,551","2,429",133,"5,763,241","212,476","5,975,717","76,557","25,279","10,167","2,453"
Locality: 059 FAIRFAX COUNTY,0505,505 - GLEN FOREST,"3,182",108,"3,290",15,31,9,243,"761,658","25,531","787,189","7,992","6,551","2,429",133,"5,763,241","212,476","5,975,717","76,557","25,279","10,167","2,453"
Locality: 059 FAIRFAX COUNTY,0506,506 - HOLMES #1,738,35,773,11,1,2,243,"761,658","25,531","787,189","7,992","6,551","2,429",133,"5,763,241","212,476","5,975,717","76,557","25,279","10,167","2,453"
Locality: 059 FAIRFAX COUNTY,0507,507 - LINCOLNIA,"3,800",190,"3,990",50,13,8,243,"761,658","25,531","787,189","7,992","6,551","2,429",133,"5,763,241","212,476","5,975,717","76,557","25,279","10,167","2,453"
Locality: 059 FAIRFAX COUNTY,0508,508 - MASONVILLE,"3,106",70,"3,176",19,21,10,243,"761,658","25,531","787,189","7,992","6,551","2,429",133,"5,763,241","212,476","5,975,717","76,557","25,279","10,167","2,453"
Locality: 059 FAIRFAX COUNTY,0509,509 - PLAZA,"1,171",36,"1,207",6,13,10,243,"761,658","25,531","787,189","7,992","6,551","2,429",133,"5,763,241","212,476","5,975,717","76,557","25,279","10,167","2,453"
Locality: 059 FAIRFAX COUNTY,0510,510 - PARKLAWN,"2,395",48,"2,443",15,17,7,243,"761,658","25,531","787,189","7,992","6,551","2,429",133,"5,763,241","212,476","5,975,717","76,557","25,279","10,167","2,453"
Locality: 059 FAIRFAX COUNTY,0511,511 - RAVENWOOD,"2,747",54,"2,801",12,46,12,243,"761,658","25,531","787,189","7,992","6,551","2,429",133,"5,763,241","212,476","5,975,717","76,557","25,279","10,167","2,453"
Locality: 059 FAIRFAX COUNTY,0512,512 - SLEEPY HOLLOW,"1,603",44,"1,647",12,14,5,243,"761,658","25,531","787,189","7,992","6,551","2,429",133,"5,763,241","212,476","5,975,717","76,557","25,279","10,167","2,453"
Locality: 059 FAIRFAX COUNTY,0513,513 - SAINT ALBANS,"2,720",64,"2,784",20,36,14,243,"761,658","25,531","787,189","7,992","6,551","2,429",133,"5,763,241","212,476","5,975,717","76,557","25,279","10,167","2,453"
Locality: 059 FAIRFAX COUNTY,0514,514 - CROSSROADS,"1,323",62,"1,385",16,11,2,243,"761,658","25,531","787,189","7,992","6,551","2,429",133,"5,763,241","212,476","5,975,717","76,557","25,279","10,167","2,453"
Locality: 059 FAIRFAX COUNTY,0515,515 - WESTLAWN,"1,834",78,"1,912",12,16,3,243,"761,658","25,531","787,189","7,992","6,551","2,429",133,"5,763,241","212,476","5,975,717","76,557","25,279","10,167","2,453"
Locality: 059 FAIRFAX COUNTY,0516,516 - WEYANOKE,"3,489",185,"3,674",43,18,8,243,"761,658","25,531","787,189","7,992","6,551","2,429",133,"5,763,241","212,476","5,975,717","76,557","25,279","10,167","2,453"
Locality: 059 FAIRFAX COUNTY,0517,517 - WILLSTON,"2,144",84,"2,228",16,10,8,243,"761,658","25,531","787,189","7,992","6,551","2,429",133,"5,763,241","212,476","5,975,717","76,557","25,279","10,167","2,453"
Locality: 059 FAIRFAX COUNTY,0518,518 - COLUMBIA,"3,210",93,"3,303",21,13,12,243,"761,658","25,531","787,189","7,992","6,551","2,429",133,"5,763,241","212,476","5,975,717","76,557","25,279","10,167","2,453"
Locality: 059 FAIRFAX COUNTY,0519,519 - HUMMER,"2,227",57,"2,284",10,20,8,243,"761,658","25,531","787,189","7,992","6,551","2,429",133,"5,763,241","212,476","5,975,717","76,557","25,279","10,167","2,453"
Locality: 059 FAIRFAX COUNTY,0520,520 - SKYLINE,"3,021",126,"3,147",21,34,16,243,"761,658","25,531","787,189","7,992","6,551","2,429",133,"5,763,241","212,476","5,975,717","76,557","25,279","10,167","2,453"
Locality: 059 FAIRFAX COUNTY,0521,521 - BROOK HILL,"2,451",59,"2,510",20,8,8,243,"761,658","25,531","787,189","7,992","6,551","2,429",133,"5,763,241","212,476","5,975,717","76,557","25,279","10,167","2,453"
Locality: 059 FAIRFAX COUNTY,0522,522 - CAMELOT,"1,500",39,"1,539",12,19,1,243,"761,658","25,531","787,189","7,992","6,551","2,429",133,"5,763,241","212,476","5,975,717","76,557","25,279","10,167","2,453"
Locality: 059 FAIRFAX COUNTY,0523,523 - POE,"2,987",91,"3,078",19,21,13,243,"761,658","25,531","787,189","7,992","6,551","2,429",133,"5,763,241","212,476","5,975,717","76,557","25,279","10,167","2,453"
Locality: 059 FAIRFAX COUNTY,0525,525 - WALNUT HILL,"3,848",154,"4,002",21,28,15,243,"761,658","25,531","787,189","7,992","6,551","2,429",133,"5,763,241","212,476","5,975,717","76,557","25,279","10,167","2,453"
Locality: 059 FAIRFAX COUNTY,0526,526 - BREN MAR,"3,931",209,"4,140",58,28,8,243,"761,658","25,531","787,189","7,992","6,551","2,429",133,"5,763,241","212,476","5,975,717","76,557","25,279","10,167","2,453"
Locality: 059 FAIRFAX COUNTY,0527,527 - EDSALL,"2,328",60,"2,388",19,20,7,243,"761,658","25,531","787,189","7,992","6,551","2,429",133,"5,763,241","212,476","5,975,717","76,557","25,279","10,167","2,453"
Locality: 059 FAIRFAX COUNTY,0528,528 - RIDGELEA,"1,361",42,"1,403",15,21,5,243,"761,658","25,531","787,189","7,992","6,551","2,429",133,"5,763,241","212,476","5,975,717","76,557","25,279","10,167","2,453"
Locality: 059 FAIRFAX COUNTY,0530,530 - HOLMES #2,"2,065",80,"2,145",12,14,8,243,"761,658","25,531","787,189","7,992","6,551","2,429",133,"5,763,241","212,476","5,975,717","76,557","25,279","10,167","2,453"
Locality: 059 FAIRFAX COUNTY,0601,601 - BELLE HAVEN,"2,469",71,"2,540",18,13,10,243,"761,658","25,531","787,189","7,992","6,551","2,429",133,"5,763,241","212,476","5,975,717","76,557","25,279","10,167","2,453"
Locality: 059 FAIRFAX COUNTY,0602,602 - BELLEVIEW,"2,505",109,"2,614",34,40,12,243,"761,658","25,531","787,189","7,992","6,551","2,429",133,"5,763,241","212,476","5,975,717","76,557","25,279","10,167","2,453"
Locality: 059 FAIRFAX COUNTY,0604,604 - BUCKNELL,"4,286",277,"4,563",56,20,7,243,"761,658","25,531","787,189","7,992","6,551","2,429",133,"5,763,241","212,476","5,975,717","76,557","25,279","10,167","2,453"
Locality: 059 FAIRFAX COUNTY,0605,605 - FORT HUNT,"2,561",58,"2,619",47,24,12,243,"761,658","25,531","787,189","7,992","6,551","2,429",133,"5,763,241","212,476","5,975,717","76,557","25,279","10,167","2,453"
Locality: 059 FAIRFAX COUNTY,0606,606 - HOLLIN HALL,"2,874",75,"2,949",41,25,9,243,"761,658","25,531","787,189","7,992","6,551","2,429",133,"5,763,241","212,476","5,975,717","76,557","25,279","10,167","2,453"
Locality: 059 FAIRFAX COUNTY,0607,607 - HUNTINGTON,"4,545",303,"4,848",70,33,16,243,"761,658","25,531","787,189","7,992","6,551","2,429",133,"5,763,241","212,476","5,975,717","76,557","25,279","10,167","2,453"
Locality: 059 FAIRFAX COUNTY,0608,608 - KIRKSIDE,"2,233",54,"2,287",34,32,18,243,"761,658","25,531","787,189","7,992","6,551","2,429",133,"5,763,241","212,476","5,975,717","76,557","25,279","10,167","2,453"
Locality: 059 FAIRFAX COUNTY,0609,609 - MARLAN,"2,442",68,"2,510",35,25,7,243,"761,658","25,531","787,189","7,992","6,551","2,429",133,"5,763,241","212,476","5,975,717","76,557","25,279","10,167","2,453"
Locality: 059 FAIRFAX COUNTY,0610,610 - SHERWOOD,"2,444",70,"2,514",33,9,8,243,"761,658","25,531","787,189","7,992","6,551","2,429",133,"5,763,241","212,476","5,975,717","76,557","25,279","10,167","2,453"
Locality: 059 FAIRFAX COUNTY,0611,611 - STRATFORD,"3,152",80,"3,232",51,23,8,243,"761,658","25,531","787,189","7,992","6,551","2,429",133,"5,763,241","212,476","5,975,717","76,557","25,279","10,167","2,453"
Locality: 059 FAIRFAX COUNTY,0612,612 - WAYNEWOOD,"1,439",48,"1,487",39,6,3,243,"761,658","25,531","787,189","7,992","6,551","2,429",133,"5,763,241","212,476","5,975,717","76,557","25,279","10,167","2,453"
Locality: 059 FAIRFAX COUNTY,0613,613 - WESTGATE,"4,537",282,"4,819",517,32,12,243,"761,658","25,531","787,189","7,992","6,551","2,429",133,"5,763,241","212,476","5,975,717","76,557","25,279","10,167","2,453"
Locality: 059 FAIRFAX COUNTY,0614,614 - RIVERSIDE,"2,280",56,"2,336",51,14,6,243,"761,658","25,531","787,189","7,992","6,551","2,429",133,"5,763,241","212,476","5,975,717","76,557","25,279","10,167","2,453"
Locality: 059 FAIRFAX COUNTY,0615,615 - WOODLEY,"3,310",129,"3,439",64,17,8,243,"761,658","25,531","787,189","7,992","6,551","2,429",133,"5,763,241","212,476","5,975,717","76,557","25,279","10,167","2,453"
Locality: 059 FAIRFAX COUNTY,0616,616 - GUNSTON,"2,776",90,"2,866",53,15,4,243,"761,658","25,531","787,189","7,992","6,551","2,429",133,"5,763,241","212,476","5,975,717","76,557","25,279","10,167","2,453"
Locality: 059 FAIRFAX COUNTY,0617,617 - LORTON,"2,823",99,"2,922",49,8,2,243,"761,658","25,531","787,189","7,992","6,551","2,429",133,"5,763,241","212,476","5,975,717","76,557","25,279","10,167","2,453"
Locality: 059 FAIRFAX COUNTY,0618,618 - NEWINGTON,"5,468",168,"5,636",78,30,7,243,"761,658","25,531","787,189","7,992","6,551","2,429",133,"5,763,241","212,476","5,975,717","76,557","25,279","10,167","2,453"
Locality: 059 FAIRFAX COUNTY,0619,619 - BELVOIR,"4,081",132,"4,213",74,23,3,243,"761,658","25,531","787,189","7,992","6,551","2,429",133,"5,763,241","212,476","5,975,717","76,557","25,279","10,167","2,453"
Locality: 059 FAIRFAX COUNTY,0621,621 - GROSVENOR,"2,892",263,"3,155",64,39,6,243,"761,658","25,531","787,189","7,992","6,551","2,429",133,"5,763,241","212,476","5,975,717","76,557","25,279","10,167","2,453"
Locality: 059 FAIRFAX COUNTY,0622,622 - LORTON STATION,"4,227",194,"4,421",88,30,8,243,"761,658","25,531","787,189","7,992","6,551","2,429",133,"5,763,241","212,476","5,975,717","76,557","25,279","10,167","2,453"
Locality: 059 FAIRFAX COUNTY,0623,623 - ALBAN,"3,240",108,"3,348",33,23,1,243,"761,658","25,531","787,189","7,992","6,551","2,429",133,"5,763,241","212,476","5,975,717","76,557","25,279","10,167","2,453"
Locality: 059 FAIRFAX COUNTY,0626,626 - SARATOGA,"3,844",126,"3,970",70,29,13,243,"761,658","25,531","787,189","7,992","6,551","2,429",133,"5,763,241","212,476","5,975,717","76,557","25,279","10,167","2,453"
Locality: 059 FAIRFAX COUNTY,0627,627 - WOODLAWN,"4,903",279,"5,182",284,13,8,243,"761,658","25,531","787,189","7,992","6,551","2,429",133,"5,763,241","212,476","5,975,717","76,557","25,279","10,167","2,453"
Locality: 059 FAIRFAX COUNTY,0628,628 - LAUREL HILL,"4,936",192,"5,128",100,24,2,243,"761,658","25,531","787,189","7,992","6,551","2,429",133,"5,763,241","212,476","5,975,717","76,557","25,279","10,167","2,453"
Locality: 059 FAIRFAX COUNTY,0629,629 - SOUTH COUNTY,"3,780",117,"3,897",77,23,8,243,"761,658","25,531","787,189","7,992","6,551","2,429",133,"5,763,241","212,476","5,975,717","76,557","25,279","10,167","2,453"
Locality: 059 FAIRFAX COUNTY,0630,630- ARMY,767,35,802,11,8,2,243,"761,658","25,531","787,189","7,992","6,551","2,429",133,"5,763,241","212,476","5,975,717","76,557","25,279","10,167","2,453"
Locality: 059 FAIRFAX COUNTY,0701,701 - BLAKE,"5,058",176,"5,234",30,64,11,243,"761,658","25,531","787,189","7,992","6,551","2,429",133,"5,763,241","212,476","5,975,717","76,557","25,279","10,167","2,453"
Locality: 059 FAIRFAX COUNTY,0703,703 - FORT BUFFALO,"2,346",107,"2,453",20,26,6,243,"761,658","25,531","787,189","7,992","6,551","2,429",133,"5,763,241","212,476","5,975,717","76,557","25,279","10,167","2,453"
Locality: 059 FAIRFAX COUNTY,0704,704 - FREEDOM HILL,"2,590",58,"2,648",15,37,22,243,"761,658","25,531","787,189","7,992","6,551","2,429",133,"5,763,241","212,476","5,975,717","76,557","25,279","10,167","2,453"
Locality: 059 FAIRFAX COUNTY,0705,705 - GRAHAM - GREENWAY,"3,805",122,"3,927",27,35,10,243,"761,658","25,531","787,189","7,992","6,551","2,429",133,"5,763,241","212,476","5,975,717","76,557","25,279","10,167","2,453"
Locality: 059 FAIRFAX COUNTY,0707,707 - MANTUA,"2,486",53,"2,539",17,37,21,243,"761,658","25,531","787,189","7,992","6,551","2,429",133,"5,763,241","212,476","5,975,717","76,557","25,279","10,167","2,453"
Locality: 059 FAIRFAX COUNTY,0708,708 - MARSHALL,"5,271",230,"5,501",40,81,38,243,"761,658","25,531","787,189","7,992","6,551","2,429",133,"5,763,241","212,476","5,975,717","76,557","25,279","10,167","2,453"
Locality: 059 FAIRFAX COUNTY,0709,709 - MOSBY,"3,999",166,"4,165",43,51,15,243,"761,658","25,531","787,189","7,992","6,551","2,429",133,"5,763,241","212,476","5,975,717","76,557","25,279","10,167","2,453"
Locality: 059 FAIRFAX COUNTY,0710,710 - PINE SPRING,"2,461",86,"2,547",13,21,18,243,"761,658","25,531","787,189","7,992","6,551","2,429",133,"5,763,241","212,476","5,975,717","76,557","25,279","10,167","2,453"
Locality: 059 FAIRFAX COUNTY,0711,711 - PRICE,"2,244",106,"2,350",25,26,5,243,"761,658","25,531","787,189","7,992","6,551","2,429",133,"5,763,241","212,476","5,975,717","76,557","25,279","10,167","2,453"
Locality: 059 FAIRFAX COUNTY,0712,712 - SHREVE,"1,538",33,"1,571",12,37,6,243,"761,658","25,531","787,189","7,992","6,551","2,429",133,"5,763,241","212,476","5,975,717","76,557","25,279","10,167","2,453"
Locality: 059 FAIRFAX COUNTY,0713,713 - TIMBER LANE,"3,509",91,"3,600",24,37,16,243,"761,658","25,531","787,189","7,992","6,551","2,429",133,"5,763,241","212,476","5,975,717","76,557","25,279","10,167","2,453"
Locality: 059 FAIRFAX COUNTY,0714,714 - WALKER,"3,915",102,"4,017",21,30,21,243,"761,658","25,531","787,189","7,992","6,551","2,429",133,"5,763,241","212,476","5,975,717","76,557","25,279","10,167","2,453"
Locality: 059 FAIRFAX COUNTY,0717,717 - WOODBURN,"2,183",85,"2,268",13,19,24,243,"761,658","25,531","787,189","7,992","6,551","2,429",133,"5,763,241","212,476","5,975,717","76,557","25,279","10,167","2,453"
Locality: 059 FAIRFAX COUNTY,0718,718 - PINE RIDGE,"2,701",95,"2,796",19,23,13,243,"761,658","25,531","787,189","7,992","6,551","2,429",133,"5,763,241","212,476","5,975,717","76,557","25,279","10,167","2,453"
Locality: 059 FAIRFAX COUNTY,0720,720 - THOREAU,"3,074",81,"3,155",20,41,9,243,"761,658","25,531","787,189","7,992","6,551","2,429",133,"5,763,241","212,476","5,975,717","76,557","25,279","10,167","2,453"
Locality: 059 FAIRFAX COUNTY,0721,721 - MERRIFIELD,"4,903",307,"5,210",41,61,9,243,"761,658","25,531","787,189","7,992","6,551","2,429",133,"5,763,241","212,476","5,975,717","76,557","25,279","10,167","2,453"
Locality: 059 FAIRFAX COUNTY,0723,723 - GALLOWS EAST,"2,331",144,"2,475",18,44,23,243,"761,658","25,531","787,189","7,992","6,551","2,429",133,"5,763,241","212,476","5,975,717","76,557","25,279","10,167","2,453"
Locality: 059 FAIRFAX COUNTY,0726,726 - MAGARITY,"4,373",250,"4,623",21,73,25,243,"761,658","25,531","787,189","7,992","6,551","2,429",133,"5,763,241","212,476","5,975,717","76,557","25,279","10,167","2,453"
Locality: 059 FAIRFAX COUNTY,0727,727 - OAKTON,"2,731",71,"2,802",22,23,7,243,"761,658","25,531","787,189","7,992","6,551","2,429",133,"5,763,241","212,476","5,975,717","76,557","25,279","10,167","2,453"
Locality: 059 FAIRFAX COUNTY,0729,729 - NOTTOWAY,"3,913",145,"4,058",27,94,28,243,"761,658","25,531","787,189","7,992","6,551","2,429",133,"5,763,241","212,476","5,975,717","76,557","25,279","10,167","2,453"
Locality: 059 FAIRFAX COUNTY,0730,730 - PENDERBROOK,"4,121",146,"4,267",22,27,7,243,"761,658","25,531","787,189","7,992","6,551","2,429",133,"5,763,241","212,476","5,975,717","76,557","25,279","10,167","2,453"
Locality: 059 FAIRFAX COUNTY,0731,731 - TYSONS,"4,593",276,"4,869",35,51,8,243,"761,658","25,531","787,189","7,992","6,551","2,429",133,"5,763,241","212,476","5,975,717","76,557","25,279","10,167","2,453"
Locality: 059 FAIRFAX COUNTY,0732,732 - OAK MARR,"4,106",122,"4,228",18,30,14,243,"761,658","25,531","787,189","7,992","6,551","2,429",133,"5,763,241","212,476","5,975,717","76,557","25,279","10,167","2,453"
Locality: 059 FAIRFAX COUNTY,0733,733 - KILMER,"4,732",140,"4,872",28,63,16,243,"761,658","25,531","787,189","7,992","6,551","2,429",133,"5,763,241","212,476","5,975,717","76,557","25,279","10,167","2,453"
Locality: 059 FAIRFAX COUNTY,0734,734 - HUNTERS BRANCH,"2,665",146,"2,811",20,32,9,243,"761,658","25,531","787,189","7,992","6,551","2,429",133,"5,763,241","212,476","5,975,717","76,557","25,279","10,167","2,453"
Locality: 059 FAIRFAX COUNTY,0735,735 - ROTONDA,"1,460",69,"1,529",7,26,20,243,"761,658","25,531","787,189","7,992","6,551","2,429",133,"5,763,241","212,476","5,975,717","76,557","25,279","10,167","2,453"
Locality: 059 FAIRFAX COUNTY,0801,801 - BURKE,"5,392",175,"5,567",60,38,20,243,"761,658","25,531","787,189","7,992","6,551","2,429",133,"5,763,241","212,476","5,975,717","76,557","25,279","10,167","2,453"
Locality: 059 FAIRFAX COUNTY,0802,802 - CEDAR LAKE,"1,665",70,"1,735",13,14,3,243,"761,658","25,531","787,189","7,992","6,551","2,429",133,"5,763,241","212,476","5,975,717","76,557","25,279","10,167","2,453"
Locality: 059 FAIRFAX COUNTY,0803,803 - CLIFTON,"4,691",130,"4,821",41,24,8,243,"761,658","25,531","787,189","7,992","6,551","2,429",133,"5,763,241","212,476","5,975,717","76,557","25,279","10,167","2,453"
Locality: 059 FAIRFAX COUNTY,0804,804 - COLCHESTER,"1,985",53,"2,038",17,9,5,243,"761,658","25,531","787,189","7,992","6,551","2,429",133,"5,763,241","212,476","5,975,717","76,557","25,279","10,167","2,453"
Locality: 059 FAIRFAX COUNTY,0805,805 - FAIRFAX STATION,"1,693",42,"1,735",19,8,4,243,"761,658","25,531","787,189","7,992","6,551","2,429",133,"5,763,241","212,476","5,975,717","76,557","25,279","10,167","2,453"
Locality: 059 FAIRFAX COUNTY,0806,806 - SYDENSTRICKER,"3,575",70,"3,645",69,24,5,243,"761,658","25,531","787,189","7,992","6,551","2,429",133,"5,763,241","212,476","5,975,717","76,557","25,279","10,167","2,453"
Locality: 059 FAIRFAX COUNTY,0807,807 - HUNT VALLEY,"2,279",54,"2,333",48,20,8,243,"761,658","25,531","787,189","7,992","6,551","2,429",133,"5,763,241","212,476","5,975,717","76,557","25,279","10,167","2,453"
Locality: 059 FAIRFAX COUNTY,0811,811 - POHICK,"2,270",71,"2,341",34,27,2,243,"761,658","25,531","787,189","7,992","6,551","2,429",133,"5,763,241","212,476","5,975,717","76,557","25,279","10,167","2,453"
Locality: 059 FAIRFAX COUNTY,0812,812 - VALLEY,"3,096",80,"3,176",60,21,10,243,"761,658","25,531","787,189","7,992","6,551","2,429",133,"5,763,241","212,476","5,975,717","76,557","25,279","10,167","2,453"
Locality: 059 FAIRFAX COUNTY,0815,815 - WOODYARD,"2,953",69,"3,022",36,17,8,243,"761,658","25,531","787,189","7,992","6,551","2,429",133,"5,763,241","212,476","5,975,717","76,557","25,279","10,167","2,453"
Locality: 059 FAIRFAX COUNTY,0824,824 - ORANGE,"4,231",112,"4,343",102,48,11,243,"761,658","25,531","787,189","7,992","6,551","2,429",133,"5,763,241","212,476","5,975,717","76,557","25,279","10,167","2,453"
Locality: 059 FAIRFAX COUNTY,0825,825 - CHERRY RUN,"2,987",78,"3,065",68,26,13,243,"761,658","25,531","787,189","7,992","6,551","2,429",133,"5,763,241","212,476","5,975,717","76,557","25,279","10,167","2,453"
Locality: 059 FAIRFAX COUNTY,0827,827 - IRVING,"2,825",62,"2,887",41,10,13,243,"761,658","25,531","787,189","7,992","6,551","2,429",133,"5,763,241","212,476","5,975,717","76,557","25,279","10,167","2,453"
Locality: 059 FAIRFAX COUNTY,0833,833 - WHITE OAKS,"3,301",99,"3,400",47,24,4,243,"761,658","25,531","787,189","7,992","6,551","2,429",133,"5,763,241","212,476","5,975,717","76,557","25,279","10,167","2,453"
Locality: 059 FAIRFAX COUNTY,0838,838 - SANGSTER,"2,455",74,"2,529",65,21,5,243,"761,658","25,531","787,189","7,992","6,551","2,429",133,"5,763,241","212,476","5,975,717","76,557","25,279","10,167","2,453"
Locality: 059 FAIRFAX COUNTY,0839,839 - SILVERBROOK,"3,831",77,"3,908",79,19,9,243,"761,658","25,531","787,189","7,992","6,551","2,429",133,"5,763,241","212,476","5,975,717","76,557","25,279","10,167","2,453"
Locality: 059 FAIRFAX COUNTY,0840,840 - WEST SPRINGFIELD,"3,244",70,"3,314",77,29,1,243,"761,658","25,531","787,189","7,992","6,551","2,429",133,"5,763,241","212,476","5,975,717","76,557","25,279","10,167","2,453"
Locality: 059 FAIRFAX COUNTY,0841,841 - POPES HEAD,"1,713",42,"1,755",10,4,1,243,"761,658","25,531","787,189","7,992","6,551","2,429",133,"5,763,241","212,476","5,975,717","76,557","25,279","10,167","2,453"
Locality: 059 FAIRFAX COUNTY,0842,842 - PARKWAY,"2,485",51,"2,536",50,13,5,243,"761,658","25,531","787,189","7,992","6,551","2,429",133,"5,763,241","212,476","5,975,717","76,557","25,279","10,167","2,453"
Locality: 059 FAIRFAX COUNTY,0843,843 - FAIR LAKES,"3,629",107,"3,736",21,33,7,243,"761,658","25,531","787,189","7,992","6,551","2,429",133,"5,763,241","212,476","5,975,717","76,557","25,279","10,167","2,453"
Locality: 059 FAIRFAX COUNTY,0844,844 - CENTERPOINTE,"3,546",191,"3,737",26,18,12,243,"761,658","25,531","787,189","7,992","6,551","2,429",133,"5,763,241","212,476","5,975,717","76,557","25,279","10,167","2,453"
Locality: 059 FAIRFAX COUNTY,0845,845 - FOUNTAINHEAD,"4,261",122,"4,383",50,12,3,243,"761,658","25,531","787,189","7,992","6,551","2,429",133,"5,763,241","212,476","5,975,717","76,557","25,279","10,167","2,453"
Locality: 059 FAIRFAX COUNTY,0846,846 - GREENBRIAR EAST,"3,935",154,"4,089",32,33,7,243,"761,658","25,531","787,189","7,992","6,551","2,429",133,"5,763,241","212,476","5,975,717","76,557","25,279","10,167","2,453"
Locality: 059 FAIRFAX COUNTY,0847,847 - GREENBRIAR WEST,"2,532",97,"2,629",20,8,3,243,"761,658","25,531","787,189","7,992","6,551","2,429",133,"5,763,241","212,476","5,975,717","76,557","25,279","10,167","2,453"
Locality: 059 FAIRFAX COUNTY,0848,848 - FAIR OAKS,"4,151",127,"4,278",34,25,1,243,"761,658","25,531","787,189","7,992","6,551","2,429",133,"5,763,241","212,476","5,975,717","76,557","25,279","10,167","2,453"
Locality: 059 FAIRFAX COUNTY,0849,849 - NEWGATE,"5,122",90,"5,212",51,34,11,243,"761,658","25,531","787,189","7,992","6,551","2,429",133,"5,763,241","212,476","5,975,717","76,557","25,279","10,167","2,453"
Locality: 059 FAIRFAX COUNTY,0850,850 - SOUTH RUN,"3,060",49,"3,109",68,25,9,243,"761,658","25,531","787,189","7,992","6,551","2,429",133,"5,763,241","212,476","5,975,717","76,557","25,279","10,167","2,453"
Locality: 059 FAIRFAX COUNTY,0851,851 - WILLOW SPRINGS,"2,979",66,"3,045",17,14,9,243,"761,658","25,531","787,189","7,992","6,551","2,429",133,"5,763,241","212,476","5,975,717","76,557","25,279","10,167","2,453"
Locality: 059 FAIRFAX COUNTY,0901,901 - CENTRE RIDGE,"3,728",155,"3,883",40,23,5,243,"761,658","25,531","787,189","7,992","6,551","2,429",133,"5,763,241","212,476","5,975,717","76,557","25,279","10,167","2,453"
Locality: 059 FAIRFAX COUNTY,0902,902 - BROOKFIELD,"4,632",129,"4,761",24,13,15,243,"761,658","25,531","787,189","7,992","6,551","2,429",133,"5,763,241","212,476","5,975,717","76,557","25,279","10,167","2,453"
Locality: 059 FAIRFAX COUNTY,0903,903 - CUB RUN,"4,423",122,"4,545",33,19,1,243,"761,658","25,531","787,189","7,992","6,551","2,429",133,"5,763,241","212,476","5,975,717","76,557","25,279","10,167","2,453"
Locality: 059 FAIRFAX COUNTY,0904,904 - STONECROFT,"1,786",63,"1,849",5,7,6,243,"761,658","25,531","787,189","7,992","6,551","2,429",133,"5,763,241","212,476","5,975,717","76,557","25,279","10,167","2,453"
Locality: 059 FAIRFAX COUNTY,0905,905 - FRANKLIN,913,22,935,2,6,1,243,"761,658","25,531","787,189","7,992","6,551","2,429",133,"5,763,241","212,476","5,975,717","76,557","25,279","10,167","2,453"
Locality: 059 FAIRFAX COUNTY,0908,908 - HIDDEN MEADOW,"2,446",63,"2,509",8,16,6,243,"761,658","25,531","787,189","7,992","6,551","2,429",133,"5,763,241","212,476","5,975,717","76,557","25,279","10,167","2,453"
Locality: 059 FAIRFAX COUNTY,0909,909 - OAK HILL,"2,265",59,"2,324",14,9,2,243,"761,658","25,531","787,189","7,992","6,551","2,429",133,"5,763,241","212,476","5,975,717","76,557","25,279","10,167","2,453"
Locality: 059 FAIRFAX COUNTY,0910,910 - LONDON TOWNE,"4,333",126,"4,459",29,24,2,243,"761,658","25,531","787,189","7,992","6,551","2,429",133,"5,763,241","212,476","5,975,717","76,557","25,279","10,167","2,453"
Locality: 059 FAIRFAX COUNTY,0911,911 - NAVY,"3,913",103,"4,016",16,27,13,243,"761,658","25,531","787,189","7,992","6,551","2,429",133,"5,763,241","212,476","5,975,717","76,557","25,279","10,167","2,453"
Locality: 059 FAIRFAX COUNTY,0913,913 - ROCKY RUN,"4,537",101,"4,638",25,22,8,243,"761,658","25,531","787,189","7,992","6,551","2,429",133,"5,763,241","212,476","5,975,717","76,557","25,279","10,167","2,453"
Locality: 059 FAIRFAX COUNTY,0914,914 - VALE,"2,579",64,"2,643",13,29,6,243,"761,658","25,531","787,189","7,992","6,551","2,429",133,"5,763,241","212,476","5,975,717","76,557","25,279","10,167","2,453"
Locality: 059 FAIRFAX COUNTY,0915,915 - VIRGINIA RUN,"2,895",82,"2,977",19,11,4,243,"761,658","25,531","787,189","7,992","6,551","2,429",133,"5,763,241","212,476","5,975,717","76,557","25,279","10,167","2,453"
Locality: 059 FAIRFAX COUNTY,0916,916 - WAPLES MILL,"4,681",105,"4,786",27,31,20,243,"761,658","25,531","787,189","7,992","6,551","2,429",133,"5,763,241","212,476","5,975,717","76,557","25,279","10,167","2,453"
Locality: 059 FAIRFAX COUNTY,0917,917 - STONE NORTH,"2,133",39,"2,172",17,14,1,243,"761,658","25,531","787,189","7,992","6,551","2,429",133,"5,763,241","212,476","5,975,717","76,557","25,279","10,167","2,453"
Locality: 059 FAIRFAX COUNTY,0918,918 - CENTREVILLE,"5,041",198,"5,239",26,21,9,243,"761,658","25,531","787,189","7,992","6,551","2,429",133,"5,763,241","212,476","5,975,717","76,557","25,279","10,167","2,453"
Locality: 059 FAIRFAX COUNTY,0919,919 - GREEN TRAILS,"4,736",125,"4,861",25,27,21,243,"761,658","25,531","787,189","7,992","6,551","2,429",133,"5,763,241","212,476","5,975,717","76,557","25,279","10,167","2,453"
Locality: 059 FAIRFAX COUNTY,0920,920 - CHANTILLY,"3,441",70,"3,511",22,12,3,243,"761,658","25,531","787,189","7,992","6,551","2,429",133,"5,763,241","212,476","5,975,717","76,557","25,279","10,167","2,453"
Locality: 059 FAIRFAX COUNTY,0921,921 - DEER PARK,"3,685",73,"3,758",22,28,3,243,"761,658","25,531","787,189","7,992","6,551","2,429",133,"5,763,241","212,476","5,975,717","76,557","25,279","10,167","2,453"
Locality: 059 FAIRFAX COUNTY,0923,923 - BULL RUN,"2,700",54,"2,754",26,10,8,243,"761,658","25,531","787,189","7,992","6,551","2,429",133,"5,763,241","212,476","5,975,717","76,557","25,279","10,167","2,453"
Locality: 059 FAIRFAX COUNTY,0924,924 - SPINDLE,"2,400",100,"2,500",20,8,2,243,"761,658","25,531","787,189","7,992","6,551","2,429",133,"5,763,241","212,476","5,975,717","76,557","25,279","10,167","2,453"
Locality: 059 FAIRFAX COUNTY,0925,925 - OLD MILL,"2,086",62,"2,148",25,11,2,243,"761,658","25,531","787,189","7,992","6,551","2,429",133,"5,763,241","212,476","5,975,717","76,557","25,279","10,167","2,453"
Locality: 059 FAIRFAX COUNTY,0926,926 - POWELL,"5,823",170,"5,993",37,27,6,243,"761,658","25,531","787,189","7,992","6,551","2,429",133,"5,763,241","212,476","5,975,717","76,557","25,279","10,167","2,453"
Locality: 059 FAIRFAX COUNTY,0927,927 - ARMFIELD,"2,196",47,"2,243",8,16,5,243,"761,658","25,531","787,189","7,992","6,551","2,429",133,"5,763,241","212,476","5,975,717","76,557","25,279","10,167","2,453"
Locality: 059 FAIRFAX COUNTY,0928,928 - POPLAR TREE,"3,073",53,"3,126",14,9,4,243,"761,658","25,531","787,189","7,992","6,551","2,429",133,"5,763,241","212,476","5,975,717","76,557","25,279","10,167","2,453"
Locality: 059 FAIRFAX COUNTY,0929,929 - DIFFICULT RUN,803,16,819,5,4,1,243,"761,658","25,531","787,189","7,992","6,551","2,429",133,"5,763,241","212,476","5,975,717","76,557","25,279","10,167","2,453"
Locality: 059 FAIRFAX COUNTY,0930,930 - LEES CORNER ,"2,393",54,"2,447",15,32,6,243,"761,658","25,531","787,189","7,992","6,551","2,429",133,"5,763,241","212,476","5,975,717","76,557","25,279","10,167","2,453"
Locality: 059 FAIRFAX COUNTY,0931,931 - CARSON,"3,032",70,"3,102",13,28,15,243,"761,658","25,531","787,189","7,992","6,551","2,429",133,"5,763,241","212,476","5,975,717","76,557","25,279","10,167","2,453"
Locality: 059 FAIRFAX COUNTY,0932,932 - STONE SOUTH,"1,968",95,"2,063",15,9,1,243,"761,658","25,531","787,189","7,992","6,551","2,429",133,"5,763,241","212,476","5,975,717","76,557","25,279","10,167","2,453"
Locality: 059 FAIRFAX COUNTY,0933,933 - COMPTON,824,28,852,8,,,243,"761,658","25,531","787,189","7,992","6,551","2,429",133,"5,763,241","212,476","5,975,717","76,557","25,279","10,167","2,453"
Locality: 061 FAUQUIER COUNTY,0101,101 - KETTLE RUN,"1,304",29,"1,333",10,4,,20,"53,053","1,320","54,373",363,260,28,133,"5,763,241","212,476","5,975,717","76,557","25,279","10,167","2,453"
Locality: 061 FAUQUIER COUNTY,0102,102 - CATLETT,"3,219",71,"3,290",24,8,,20,"53,053","1,320","54,373",363,260,28,133,"5,763,241","212,476","5,975,717","76,557","25,279","10,167","2,453"
Locality: 061 FAUQUIER COUNTY,0103,103 - CASANOVA,"1,486",31,"1,517",7,5,,20,"53,053","1,320","54,373",363,260,28,133,"5,763,241","212,476","5,975,717","76,557","25,279","10,167","2,453"
Locality: 061 FAUQUIER COUNTY,0104,104 - LOIS,"1,351",26,"1,377",13,1,,20,"53,053","1,320","54,373",363,260,28,133,"5,763,241","212,476","5,975,717","76,557","25,279","10,167","2,453"
Locality: 061 FAUQUIER COUNTY,0105,105 - OPAL,"1,361",39,"1,400",10,1,,20,"53,053","1,320","54,373",363,260,28,133,"5,763,241","212,476","5,975,717","76,557","25,279","10,167","2,453"
Locality: 061 FAUQUIER COUNTY,0106,106 - BALDWIN RIDGE,"1,814",39,"1,853",13,5,1,20,"53,053","1,320","54,373",363,260,28,133,"5,763,241","212,476","5,975,717","76,557","25,279","10,167","2,453"
Locality: 061 FAUQUIER COUNTY,0201,201 - COURTHOUSE,"3,767",119,"3,886",25,26,2,20,"53,053","1,320","54,373",363,260,28,133,"5,763,241","212,476","5,975,717","76,557","25,279","10,167","2,453"
Locality: 061 FAUQUIER COUNTY,0202,202 - AIRLIE,"2,757",67,"2,824",15,9,3,20,"53,053","1,320","54,373",363,260,28,133,"5,763,241","212,476","5,975,717","76,557","25,279","10,167","2,453"
Locality: 061 FAUQUIER COUNTY,0203,203 - WARRENTON,"3,375",90,"3,465",17,16,2,20,"53,053","1,320","54,373",363,260,28,133,"5,763,241","212,476","5,975,717","76,557","25,279","10,167","2,453"
Locality: 061 FAUQUIER COUNTY,0301,301 - MORRISVILLE,"2,150",55,"2,205",22,6,3,20,"53,053","1,320","54,373",363,260,28,133,"5,763,241","212,476","5,975,717","76,557","25,279","10,167","2,453"
Locality: 061 FAUQUIER COUNTY,0302,302 - REMINGTON,"3,253",73,"3,326",16,6,1,20,"53,053","1,320","54,373",363,260,28,133,"5,763,241","212,476","5,975,717","76,557","25,279","10,167","2,453"
Locality: 061 FAUQUIER COUNTY,0303,303 - BEALETON,"4,276",107,"4,383",30,4,1,20,"53,053","1,320","54,373",363,260,28,133,"5,763,241","212,476","5,975,717","76,557","25,279","10,167","2,453"
Locality: 061 FAUQUIER COUNTY,0401,401 - MARSHALL,"2,991",113,"3,104",25,13,1,20,"53,053","1,320","54,373",363,260,28,133,"5,763,241","212,476","5,975,717","76,557","25,279","10,167","2,453"
Locality: 061 FAUQUIER COUNTY,0402,402 - LEEDS,"2,651",57,"2,708",13,28,2,20,"53,053","1,320","54,373",363,260,28,133,"5,763,241","212,476","5,975,717","76,557","25,279","10,167","2,453"
Locality: 061 FAUQUIER COUNTY,0403,403 - WATERLOO,"3,280",55,"3,335",32,21,2,20,"53,053","1,320","54,373",363,260,28,133,"5,763,241","212,476","5,975,717","76,557","25,279","10,167","2,453"
Locality: 061 FAUQUIER COUNTY,0404,404 - SPRINGS VALLEY,"1,523",44,"1,567",3,13,3,20,"53,053","1,320","54,373",363,260,28,133,"5,763,241","212,476","5,975,717","76,557","25,279","10,167","2,453"
Locality: 061 FAUQUIER COUNTY,0501,501 - THE PLAINS,"2,593",71,"2,664",10,31,2,20,"53,053","1,320","54,373",363,260,28,133,"5,763,241","212,476","5,975,717","76,557","25,279","10,167","2,453"
Locality: 061 FAUQUIER COUNTY,0502,502 - NEW BALTIMORE,"2,825",83,"2,908",31,22,1,20,"53,053","1,320","54,373",363,260,28,133,"5,763,241","212,476","5,975,717","76,557","25,279","10,167","2,453"
Locality: 061 FAUQUIER COUNTY,0503,503 - BROAD RUN,"2,350",56,"2,406",24,20,2,20,"53,053","1,320","54,373",363,260,28,133,"5,763,241","212,476","5,975,717","76,557","25,279","10,167","2,453"
Locality: 061 FAUQUIER COUNTY,0504,504 - VINT HILL,"4,727",95,"4,822",23,21,2,20,"53,053","1,320","54,373",363,260,28,133,"5,763,241","212,476","5,975,717","76,557","25,279","10,167","2,453"
Locality: 063 FLOYD COUNTY,0101,101 - LOCUST GROVE,"2,268",33,"2,301",10,6,1,5,"11,387",157,"11,544",47,26,10,133,"5,763,241","212,476","5,975,717","76,557","25,279","10,167","2,453"
Locality: 063 FLOYD COUNTY,0201,201 - LITTLE RIVER,"2,547",27,"2,574",12,4,1,5,"11,387",157,"11,544",47,26,10,133,"5,763,241","212,476","5,975,717","76,557","25,279","10,167","2,453"
Locality: 063 FLOYD COUNTY,0301,301 - COURTHOUSE,"2,149",36,"2,185",9,6,1,5,"11,387",157,"11,544",47,26,10,133,"5,763,241","212,476","5,975,717","76,557","25,279","10,167","2,453"
Locality: 063 FLOYD COUNTY,0401,401 - BURKS FORK,"2,227",24,"2,251",5,4,3,5,"11,387",157,"11,544",47,26,10,133,"5,763,241","212,476","5,975,717","76,557","25,279","10,167","2,453"
Locality: 063 FLOYD COUNTY,0501,501 - INDIAN VALLEY,"2,196",37,"2,233",11,6,4,5,"11,387",157,"11,544",47,26,10,133,"5,763,241","212,476","5,975,717","76,557","25,279","10,167","2,453"
Locality: 065 FLUVANNA COUNTY,0101,101 - PALMYRA,"4,496",92,"4,588",37,20,8,5,"19,464",376,"19,840",137,65,23,133,"5,763,241","212,476","5,975,717","76,557","25,279","10,167","2,453"
Locality: 065 FLUVANNA COUNTY,0201,201 - COLUMBIA,"3,098",45,"3,143",12,8,3,5,"19,464",376,"19,840",137,65,23,133,"5,763,241","212,476","5,975,717","76,557","25,279","10,167","2,453"
Locality: 065 FLUVANNA COUNTY,0301,301 - FORK UNION,"3,345",60,"3,405",17,5,5,5,"19,464",376,"19,840",137,65,23,133,"5,763,241","212,476","5,975,717","76,557","25,279","10,167","2,453"
Locality: 065 FLUVANNA COUNTY,0401,401 - CUNNINGHAM,"4,246",81,"4,327",33,11,3,5,"19,464",376,"19,840",137,65,23,133,"5,763,241","212,476","5,975,717","76,557","25,279","10,167","2,453"
Locality: 065 FLUVANNA COUNTY,0501,501 - RIVANNA,"4,279",98,"4,377",38,21,4,5,"19,464",376,"19,840",137,65,23,133,"5,763,241","212,476","5,975,717","76,557","25,279","10,167","2,453"
Locality: 067 FRANKLIN COUNTY,0102,102 - BURNT CHIMNEY,"2,630",38,"2,668",6,4,3,23,"37,735",748,"38,483",133,40,26,133,"5,763,241","212,476","5,975,717","76,557","25,279","10,167","2,453"
Locality: 067 FRANKLIN COUNTY,0103,103 - SCRUGGS,"4,390",94,"4,484",12,10,4,23,"37,735",748,"38,483",133,40,26,133,"5,763,241","212,476","5,975,717","76,557","25,279","10,167","2,453"
Locality: 067 FRANKLIN COUNTY,0201,201 - GLADE HILL,"2,222",41,"2,263",8,3,1,23,"37,735",748,"38,483",133,40,26,133,"5,763,241","212,476","5,975,717","76,557","25,279","10,167","2,453"
Locality: 067 FRANKLIN COUNTY,0202,202 - PENHOOK,"1,669",26,"1,695",5,4,3,23,"37,735",748,"38,483",133,40,26,133,"5,763,241","212,476","5,975,717","76,557","25,279","10,167","2,453"
Locality: 067 FRANKLIN COUNTY,0203,203 - HODGESVILLE,391,5,396,4,,,23,"37,735",748,"38,483",133,40,26,133,"5,763,241","212,476","5,975,717","76,557","25,279","10,167","2,453"
Locality: 067 FRANKLIN COUNTY,0204,204 - DUDLEY,"1,419",34,"1,453",6,2,2,23,"37,735",748,"38,483",133,40,26,133,"5,763,241","212,476","5,975,717","76,557","25,279","10,167","2,453"
Locality: 067 FRANKLIN COUNTY,0301,301 - SNOW CREEK,"1,022",22,"1,044",2,2,1,23,"37,735",748,"38,483",133,40,26,133,"5,763,241","212,476","5,975,717","76,557","25,279","10,167","2,453"
Locality: 067 FRANKLIN COUNTY,0302,302 - FORK MOUNTAIN,910,13,923,1,,,23,"37,735",748,"38,483",133,40,26,133,"5,763,241","212,476","5,975,717","76,557","25,279","10,167","2,453"
Locality: 067 FRANKLIN COUNTY,0303,303 - SONTAG,"1,997",46,"2,043",7,,1,23,"37,735",748,"38,483",133,40,26,133,"5,763,241","212,476","5,975,717","76,557","25,279","10,167","2,453"
Locality: 067 FRANKLIN COUNTY,0304,304 - DICKINSON,762,10,772,2,,2,23,"37,735",748,"38,483",133,40,26,133,"5,763,241","212,476","5,975,717","76,557","25,279","10,167","2,453"
Locality: 067 FRANKLIN COUNTY,0401,401 - HENRY,"1,829",37,"1,866",8,,,23,"37,735",748,"38,483",133,40,26,133,"5,763,241","212,476","5,975,717","76,557","25,279","10,167","2,453"
Locality: 067 FRANKLIN COUNTY,0402,402 - FERRUM,"1,259",22,"1,281",3,2,2,23,"37,735",748,"38,483",133,40,26,133,"5,763,241","212,476","5,975,717","76,557","25,279","10,167","2,453"
Locality: 067 FRANKLIN COUNTY,0403,403 - ENDICOTT,"1,009",19,"1,028",8,,,23,"37,735",748,"38,483",133,40,26,133,"5,763,241","212,476","5,975,717","76,557","25,279","10,167","2,453"
Locality: 067 FRANKLIN COUNTY,0501,501 - WAIDSBORO,"1,256",27,"1,283",5,3,,23,"37,735",748,"38,483",133,40,26,133,"5,763,241","212,476","5,975,717","76,557","25,279","10,167","2,453"
Locality: 067 FRANKLIN COUNTY,0502,502 - CALLAWAY,"1,674",30,"1,704",9,2,,23,"37,735",748,"38,483",133,40,26,133,"5,763,241","212,476","5,975,717","76,557","25,279","10,167","2,453"
Locality: 067 FRANKLIN COUNTY,0503,503 - BOWMANS,938,15,953,5,,1,23,"37,735",748,"38,483",133,40,26,133,"5,763,241","212,476","5,975,717","76,557","25,279","10,167","2,453"
Locality: 067 FRANKLIN COUNTY,0504,504 - GOGGINSVILLE,"1,343",24,"1,367",9,1,2,23,"37,735",748,"38,483",133,40,26,133,"5,763,241","212,476","5,975,717","76,557","25,279","10,167","2,453"
Locality: 067 FRANKLIN COUNTY,0601,601 - BOONES MILL,"2,278",47,"2,325",5,2,1,23,"37,735",748,"38,483",133,40,26,133,"5,763,241","212,476","5,975,717","76,557","25,279","10,167","2,453"
Locality: 067 FRANKLIN COUNTY,0602,602 - BONBROOK,"2,010",44,"2,054",5,2,,23,"37,735",748,"38,483",133,40,26,133,"5,763,241","212,476","5,975,717","76,557","25,279","10,167","2,453"
Locality: 067 FRANKLIN COUNTY,0603,603 - COOPERS COVE,"1,451",31,"1,482",5,1,1,23,"37,735",748,"38,483",133,40,26,133,"5,763,241","212,476","5,975,717","76,557","25,279","10,167","2,453"
Locality: 067 FRANKLIN COUNTY,0701,701 - ROCKY MOUNT EAST,"2,304",50,"2,354",6,1,2,23,"37,735",748,"38,483",133,40,26,133,"5,763,241","212,476","5,975,717","76,557","25,279","10,167","2,453"
Locality: 067 FRANKLIN COUNTY,0702,702 - ROCKY MOUNT WEST,"1,647",43,"1,690",5,,,23,"37,735",748,"38,483",133,40,26,133,"5,763,241","212,476","5,975,717","76,557","25,279","10,167","2,453"
Locality: 067 FRANKLIN COUNTY,0703,703 - ROCKY MOUNT SOUTH,"1,325",30,"1,355",7,1,,23,"37,735",748,"38,483",133,40,26,133,"5,763,241","212,476","5,975,717","76,557","25,279","10,167","2,453"
Locality: 069 FREDERICK COUNTY,0101,101 - RUSSELLS,"2,351",62,"2,413",9,8,7,21,"62,126","2,148","64,274",398,120,52,133,"5,763,241","212,476","5,975,717","76,557","25,279","10,167","2,453"
Locality: 069 FREDERICK COUNTY,0102,102 - GORE,"3,182",125,"3,307",22,3,1,21,"62,126","2,148","64,274",398,120,52,133,"5,763,241","212,476","5,975,717","76,557","25,279","10,167","2,453"
Locality: 069 FREDERICK COUNTY,0103,103 - KERNSTOWN,"2,830",67,"2,897",18,7,3,21,"62,126","2,148","64,274",398,120,52,133,"5,763,241","212,476","5,975,717","76,557","25,279","10,167","2,453"
Locality: 069 FREDERICK COUNTY,0104,104 - CEDAR CREEK,"1,840",76,"1,916",11,5,1,21,"62,126","2,148","64,274",398,120,52,133,"5,763,241","212,476","5,975,717","76,557","25,279","10,167","2,453"
Locality: 069 FREDERICK COUNTY,0201,201 - GAINESBOROUGH,"1,634",51,"1,685",5,,1,21,"62,126","2,148","64,274",398,120,52,133,"5,763,241","212,476","5,975,717","76,557","25,279","10,167","2,453"
Locality: 069 FREDERICK COUNTY,0202,202 - ALBIN,"2,545",94,"2,639",20,6,1,21,"62,126","2,148","64,274",398,120,52,133,"5,763,241","212,476","5,975,717","76,557","25,279","10,167","2,453"
Locality: 069 FREDERICK COUNTY,0203,203 - REDLAND,"3,540",123,"3,663",30,6,2,21,"62,126","2,148","64,274",398,120,52,133,"5,763,241","212,476","5,975,717","76,557","25,279","10,167","2,453"
Locality: 069 FREDERICK COUNTY,0204,204 - NAIN,"2,838",76,"2,914",13,6,4,21,"62,126","2,148","64,274",398,120,52,133,"5,763,241","212,476","5,975,717","76,557","25,279","10,167","2,453"
Locality: 069 FREDERICK COUNTY,0301,301 - CLEAR BROOK,"1,785",74,"1,859",3,2,3,21,"62,126","2,148","64,274",398,120,52,133,"5,763,241","212,476","5,975,717","76,557","25,279","10,167","2,453"
Locality: 069 FREDERICK COUNTY,0302,302 - NEFF'S TOWN,"4,735",182,"4,917",29,2,3,21,"62,126","2,148","64,274",398,120,52,133,"5,763,241","212,476","5,975,717","76,557","25,279","10,167","2,453"
Locality: 069 FREDERICK COUNTY,0303,303 - WHITE HALL,"3,863",126,"3,989",22,10,4,21,"62,126","2,148","64,274",398,120,52,133,"5,763,241","212,476","5,975,717","76,557","25,279","10,167","2,453"
Locality: 069 FREDERICK COUNTY,0401,401 - CARPERS VALLEY,"2,797",77,"2,874",19,4,,21,"62,126","2,148","64,274",398,120,52,133,"5,763,241","212,476","5,975,717","76,557","25,279","10,167","2,453"
Locality: 069 FREDERICK COUNTY,0402,402 - SHENANDOAH,"1,748",70,"1,818",12,5,1,21,"62,126","2,148","64,274",398,120,52,133,"5,763,241","212,476","5,975,717","76,557","25,279","10,167","2,453"
Locality: 069 FREDERICK COUNTY,0403,403 - PARKIN'S MILL,"2,927",121,"3,048",21,7,3,21,"62,126","2,148","64,274",398,120,52,133,"5,763,241","212,476","5,975,717","76,557","25,279","10,167","2,453"
Locality: 069 FREDERICK COUNTY,0404,404 - ARMEL,"2,554",75,"2,629",22,7,2,21,"62,126","2,148","64,274",398,120,52,133,"5,763,241","212,476","5,975,717","76,557","25,279","10,167","2,453"
Locality: 069 FREDERICK COUNTY,0501,501 - STEPHENS CITY,"3,171",66,"3,237",25,6,1,21,"62,126","2,148","64,274",398,120,52,133,"5,763,241","212,476","5,975,717","76,557","25,279","10,167","2,453"
Locality: 069 FREDERICK COUNTY,0502,502 - NEWTOWN,"4,013",147,"4,160",18,6,5,21,"62,126","2,148","64,274",398,120,52,133,"5,763,241","212,476","5,975,717","76,557","25,279","10,167","2,453"
Locality: 069 FREDERICK COUNTY,0503,503 - CANTERBURG,"4,255",104,"4,359",27,13,1,21,"62,126","2,148","64,274",398,120,52,133,"5,763,241","212,476","5,975,717","76,557","25,279","10,167","2,453"
Locality: 069 FREDERICK COUNTY,0601,601 - MILLBROOK,"2,009",88,"2,097",18,6,3,21,"62,126","2,148","64,274",398,120,52,133,"5,763,241","212,476","5,975,717","76,557","25,279","10,167","2,453"
Locality: 069 FREDERICK COUNTY,0602,602 - ASH HOLLOW,"2,968",184,"3,152",20,2,2,21,"62,126","2,148","64,274",398,120,52,133,"5,763,241","212,476","5,975,717","76,557","25,279","10,167","2,453"
Locality: 069 FREDERICK COUNTY,0603,603 - GREENWOOD,"4,541",160,"4,701",34,9,4,21,"62,126","2,148","64,274",398,120,52,133,"5,763,241","212,476","5,975,717","76,557","25,279","10,167","2,453"
Locality: 071 GILES COUNTY,0101,101 - GLEN LYN,192,10,202,1,,,9,"11,662",323,"11,985",41,3,10,133,"5,763,241","212,476","5,975,717","76,557","25,279","10,167","2,453"
Locality: 071 GILES COUNTY,0102,102 - RICH CREEK,860,34,894,2,,,9,"11,662",323,"11,985",41,3,10,133,"5,763,241","212,476","5,975,717","76,557","25,279","10,167","2,453"
Locality: 071 GILES COUNTY,0103,103 - NARROWS,"2,395",84,"2,479",7,1,1,9,"11,662",323,"11,985",41,3,10,133,"5,763,241","212,476","5,975,717","76,557","25,279","10,167","2,453"
Locality: 071 GILES COUNTY,0201,201 - PEARISBURG,"3,154",79,"3,233",12,,5,9,"11,662",323,"11,985",41,3,10,133,"5,763,241","212,476","5,975,717","76,557","25,279","10,167","2,453"
Locality: 071 GILES COUNTY,0202,202 - STAFFORDSVILLE,517,13,530,2,,,9,"11,662",323,"11,985",41,3,10,133,"5,763,241","212,476","5,975,717","76,557","25,279","10,167","2,453"
Locality: 071 GILES COUNTY,0203,203 - WHITE GATE,303,6,309,,,,9,"11,662",323,"11,985",41,3,10,133,"5,763,241","212,476","5,975,717","76,557","25,279","10,167","2,453"
Locality: 071 GILES COUNTY,0301,301 - EGGLESTON,873,21,894,6,,2,9,"11,662",323,"11,985",41,3,10,133,"5,763,241","212,476","5,975,717","76,557","25,279","10,167","2,453"
Locality: 071 GILES COUNTY,0302,302 - PEMBROKE,"2,235",46,"2,281",7,1,1,9,"11,662",323,"11,985",41,3,10,133,"5,763,241","212,476","5,975,717","76,557","25,279","10,167","2,453"
Locality: 071 GILES COUNTY,0303,303 - NEWPORT,"1,133",30,"1,163",4,1,1,9,"11,662",323,"11,985",41,3,10,133,"5,763,241","212,476","5,975,717","76,557","25,279","10,167","2,453"
Locality: 073 GLOUCESTER COUNTY,0101,101 - HARCUM,"2,064",53,"2,117",29,3,1,11,"28,360",618,"28,978",414,66,16,133,"5,763,241","212,476","5,975,717","76,557","25,279","10,167","2,453"
Locality: 073 GLOUCESTER COUNTY,0102,102 - SALEM,"1,823",24,"1,847",15,2,1,11,"28,360",618,"28,978",414,66,16,133,"5,763,241","212,476","5,975,717","76,557","25,279","10,167","2,453"
Locality: 073 GLOUCESTER COUNTY,0103,103 - PEASLEY,"1,372",40,"1,412",16,1,,11,"28,360",618,"28,978",414,66,16,133,"5,763,241","212,476","5,975,717","76,557","25,279","10,167","2,453"
Locality: 073 GLOUCESTER COUNTY,0201,201 - COURTHOUSE,"2,162",40,"2,202",23,15,2,11,"28,360",618,"28,978",414,66,16,133,"5,763,241","212,476","5,975,717","76,557","25,279","10,167","2,453"
Locality: 073 GLOUCESTER COUNTY,0202,202 - BOTETOURT,"3,387",62,"3,449",71,6,4,11,"28,360",618,"28,978",414,66,16,133,"5,763,241","212,476","5,975,717","76,557","25,279","10,167","2,453"
Locality: 073 GLOUCESTER COUNTY,0301,301 - WHITE MARSH,"2,574",60,"2,634",40,4,,11,"28,360",618,"28,978",414,66,16,133,"5,763,241","212,476","5,975,717","76,557","25,279","10,167","2,453"
Locality: 073 GLOUCESTER COUNTY,0302,302 - ROANES,"3,290",66,"3,356",65,10,1,11,"28,360",618,"28,978",414,66,16,133,"5,763,241","212,476","5,975,717","76,557","25,279","10,167","2,453"
Locality: 073 GLOUCESTER COUNTY,0401,401 - HAYES,"3,122",70,"3,192",38,7,2,11,"28,360",618,"28,978",414,66,16,133,"5,763,241","212,476","5,975,717","76,557","25,279","10,167","2,453"
Locality: 073 GLOUCESTER COUNTY,0402,402 - SARAHS CREEK,"2,454",63,"2,517",36,4,1,11,"28,360",618,"28,978",414,66,16,133,"5,763,241","212,476","5,975,717","76,557","25,279","10,167","2,453"
Locality: 073 GLOUCESTER COUNTY,0501,501 - ACHILLES,"3,483",82,"3,565",45,9,2,11,"28,360",618,"28,978",414,66,16,133,"5,763,241","212,476","5,975,717","76,557","25,279","10,167","2,453"
Locality: 073 GLOUCESTER COUNTY,0502,502 - WALKER,"2,629",58,"2,687",36,5,2,11,"28,360",618,"28,978",414,66,16,133,"5,763,241","212,476","5,975,717","76,557","25,279","10,167","2,453"
Locality: 075 GOOCHLAND COUNTY,0101,101 - FIFE,"1,400",23,"1,423",6,,1,10,"19,682",279,"19,961",104,55,17,133,"5,763,241","212,476","5,975,717","76,557","25,279","10,167","2,453"
Locality: 075 GOOCHLAND COUNTY,0102,102 - HADENSVILLE,"2,191",38,"2,229",16,2,,10,"19,682",279,"19,961",104,55,17,133,"5,763,241","212,476","5,975,717","76,557","25,279","10,167","2,453"
Locality: 075 GOOCHLAND COUNTY,0201,201 - THREE SQUARE,634,12,646,4,3,3,10,"19,682",279,"19,961",104,55,17,133,"5,763,241","212,476","5,975,717","76,557","25,279","10,167","2,453"
Locality: 075 GOOCHLAND COUNTY,0202,202 - SANDY HOOK,"2,825",35,"2,860",20,2,1,10,"19,682",279,"19,961",104,55,17,133,"5,763,241","212,476","5,975,717","76,557","25,279","10,167","2,453"
Locality: 075 GOOCHLAND COUNTY,0301,301 - GOOCHLAND COURT HOUSE 1,"1,895",24,"1,919",7,9,2,10,"19,682",279,"19,961",104,55,17,133,"5,763,241","212,476","5,975,717","76,557","25,279","10,167","2,453"
Locality: 075 GOOCHLAND COUNTY,0302,302 - GOOCHLAND COURT HOUSE 2,869,17,886,2,1,2,10,"19,682",279,"19,961",104,55,17,133,"5,763,241","212,476","5,975,717","76,557","25,279","10,167","2,453"
Locality: 075 GOOCHLAND COUNTY,0401,401 - SHALLOW WELL,"2,678",33,"2,711",11,13,2,10,"19,682",279,"19,961",104,55,17,133,"5,763,241","212,476","5,975,717","76,557","25,279","10,167","2,453"
Locality: 075 GOOCHLAND COUNTY,0402,402 - CENTERVILLE,"2,308",47,"2,355",9,6,1,10,"19,682",279,"19,961",104,55,17,133,"5,763,241","212,476","5,975,717","76,557","25,279","10,167","2,453"
Locality: 075 GOOCHLAND COUNTY,0501,501 - MANAKIN,"2,931",35,"2,966",21,12,5,10,"19,682",279,"19,961",104,55,17,133,"5,763,241","212,476","5,975,717","76,557","25,279","10,167","2,453"
Locality: 075 GOOCHLAND COUNTY,0502,502 - BLAIR ROAD,"1,951",15,"1,966",8,7,,10,"19,682",279,"19,961",104,55,17,133,"5,763,241","212,476","5,975,717","76,557","25,279","10,167","2,453"
Locality: 077 GRAYSON COUNTY,0101,101 - BRIDLE CREEK,415,8,423,,,,15,"10,506",260,"10,766",42,7,8,133,"5,763,241","212,476","5,975,717","76,557","25,279","10,167","2,453"
Locality: 077 GRAYSON COUNTY,0102,102 - FLATRIDGE,246,6,252,,,,15,"10,506",260,"10,766",42,7,8,133,"5,763,241","212,476","5,975,717","76,557","25,279","10,167","2,453"
Locality: 077 GRAYSON COUNTY,0103,103 - GRANT,435,9,444,1,,1,15,"10,506",260,"10,766",42,7,8,133,"5,763,241","212,476","5,975,717","76,557","25,279","10,167","2,453"
Locality: 077 GRAYSON COUNTY,0104,104 - MOUTH OF WILSON,287,4,291,,1,1,15,"10,506",260,"10,766",42,7,8,133,"5,763,241","212,476","5,975,717","76,557","25,279","10,167","2,453"
Locality: 077 GRAYSON COUNTY,0105,105 - MOUNT ROGERS,364,11,375,2,1,,15,"10,506",260,"10,766",42,7,8,133,"5,763,241","212,476","5,975,717","76,557","25,279","10,167","2,453"
Locality: 077 GRAYSON COUNTY,0106,106 - RUGBY,341,5,346,1,,,15,"10,506",260,"10,766",42,7,8,133,"5,763,241","212,476","5,975,717","76,557","25,279","10,167","2,453"
Locality: 077 GRAYSON COUNTY,0107,107 - TROUTDALE,208,4,212,,,,15,"10,506",260,"10,766",42,7,8,133,"5,763,241","212,476","5,975,717","76,557","25,279","10,167","2,453"
Locality: 077 GRAYSON COUNTY,0108,108 - COMERS ROCK,279,5,284,2,,,15,"10,506",260,"10,766",42,7,8,133,"5,763,241","212,476","5,975,717","76,557","25,279","10,167","2,453"
Locality: 077 GRAYSON COUNTY,0202,202 - ELK CREEK,691,20,711,8,,,15,"10,506",260,"10,766",42,7,8,133,"5,763,241","212,476","5,975,717","76,557","25,279","10,167","2,453"
Locality: 077 GRAYSON COUNTY,0203,203 - INDEPENDENCE,"2,004",44,"2,048",8,2,1,15,"10,506",260,"10,766",42,7,8,133,"5,763,241","212,476","5,975,717","76,557","25,279","10,167","2,453"
Locality: 077 GRAYSON COUNTY,0301,301 - BAYWOOD,"1,132",47,"1,179",6,,,15,"10,506",260,"10,766",42,7,8,133,"5,763,241","212,476","5,975,717","76,557","25,279","10,167","2,453"
Locality: 077 GRAYSON COUNTY,0302,302 - FAIRVIEW,"1,540",37,"1,577",3,2,1,15,"10,506",260,"10,766",42,7,8,133,"5,763,241","212,476","5,975,717","76,557","25,279","10,167","2,453"
Locality: 077 GRAYSON COUNTY,0401,401 - FRIES,634,17,651,2,,2,15,"10,506",260,"10,766",42,7,8,133,"5,763,241","212,476","5,975,717","76,557","25,279","10,167","2,453"
Locality: 077 GRAYSON COUNTY,0402,402 - PROVIDENCE,"1,306",26,"1,332",6,1,2,15,"10,506",260,"10,766",42,7,8,133,"5,763,241","212,476","5,975,717","76,557","25,279","10,167","2,453"
Locality: 077 GRAYSON COUNTY,0403,403 - OLDTOWN,624,17,641,3,,,15,"10,506",260,"10,766",42,7,8,133,"5,763,241","212,476","5,975,717","76,557","25,279","10,167","2,453"
Locality: 079 GREENE COUNTY,0101,101 - DYKE,"1,305",50,"1,355",6,3,4,5,"13,853",542,"14,395",128,50,21,133,"5,763,241","212,476","5,975,717","76,557","25,279","10,167","2,453"
Locality: 079 GREENE COUNTY,0102,102 - SWIFT RUN,"1,958",86,"2,044",19,5,,5,"13,853",542,"14,395",128,50,21,133,"5,763,241","212,476","5,975,717","76,557","25,279","10,167","2,453"
Locality: 079 GREENE COUNTY,0201,201 - RUCKERSVILLE,"3,720",145,"3,865",36,10,6,5,"13,853",542,"14,395",128,50,21,133,"5,763,241","212,476","5,975,717","76,557","25,279","10,167","2,453"
Locality: 079 GREENE COUNTY,0301,301 - STANARDSVILLE,"3,128",126,"3,254",22,5,6,5,"13,853",542,"14,395",128,50,21,133,"5,763,241","212,476","5,975,717","76,557","25,279","10,167","2,453"
Locality: 079 GREENE COUNTY,0401,401 - MIDWAY,"3,742",135,"3,877",45,27,5,5,"13,853",542,"14,395",128,50,21,133,"5,763,241","212,476","5,975,717","76,557","25,279","10,167","2,453"
Locality: 081 GREENSVILLE COUNTY,0101,101 - PRECINCT 1-A,670,11,681,5,,,9,"6,263",144,"6,407",38,,,133,"5,763,241","212,476","5,975,717","76,557","25,279","10,167","2,453"
Locality: 081 GREENSVILLE COUNTY,0102,102 - PRECINCT 1-B,288,7,295,3,,,9,"6,263",144,"6,407",38,,,133,"5,763,241","212,476","5,975,717","76,557","25,279","10,167","2,453"
Locality: 081 GREENSVILLE COUNTY,0103,103 - PRECINCT 1-C,546,13,559,4,,,9,"6,263",144,"6,407",38,,,133,"5,763,241","212,476","5,975,717","76,557","25,279","10,167","2,453"
Locality: 081 GREENSVILLE COUNTY,0201,201 - PRECINCT 2-A,783,21,804,8,,,9,"6,263",144,"6,407",38,,,133,"5,763,241","212,476","5,975,717","76,557","25,279","10,167","2,453"
Locality: 081 GREENSVILLE COUNTY,0202,202 - PRECINCT 2-B,866,20,886,1,,,9,"6,263",144,"6,407",38,,,133,"5,763,241","212,476","5,975,717","76,557","25,279","10,167","2,453"
Locality: 081 GREENSVILLE COUNTY,0302,302 - PRECINCT 3-A,"1,577",38,"1,615",7,,,9,"6,263",144,"6,407",38,,,133,"5,763,241","212,476","5,975,717","76,557","25,279","10,167","2,453"
Locality: 081 GREENSVILLE COUNTY,0401,401 - PRECINCT 4-A,429,9,438,3,,,9,"6,263",144,"6,407",38,,,133,"5,763,241","212,476","5,975,717","76,557","25,279","10,167","2,453"
Locality: 081 GREENSVILLE COUNTY,0402,402 - PRECINCT 4-B,768,21,789,5,,,9,"6,263",144,"6,407",38,,,133,"5,763,241","212,476","5,975,717","76,557","25,279","10,167","2,453"
Locality: 081 GREENSVILLE COUNTY,0403,403 - PRECINCT 4-C,336,4,340,2,,,9,"6,263",144,"6,407",38,,,133,"5,763,241","212,476","5,975,717","76,557","25,279","10,167","2,453"
Locality: 083 HALIFAX COUNTY,0101,101 - CHILDREY,"1,048",11,"1,059",1,,,20,"23,999",589,"24,588",132,25,1,133,"5,763,241","212,476","5,975,717","76,557","25,279","10,167","2,453"
Locality: 083 HALIFAX COUNTY,0102,102 - LIBERTY,565,8,573,7,1,,20,"23,999",589,"24,588",132,25,1,133,"5,763,241","212,476","5,975,717","76,557","25,279","10,167","2,453"
Locality: 083 HALIFAX COUNTY,0103,103 - REPUBLICAN GROVE,"1,224",32,"1,256",6,,,20,"23,999",589,"24,588",132,25,1,133,"5,763,241","212,476","5,975,717","76,557","25,279","10,167","2,453"
Locality: 083 HALIFAX COUNTY,0201,201 - CLAYS MILL,791,26,817,7,,,20,"23,999",589,"24,588",132,25,1,133,"5,763,241","212,476","5,975,717","76,557","25,279","10,167","2,453"
Locality: 083 HALIFAX COUNTY,0202,202 - CROSSROADS,723,13,736,3,2,,20,"23,999",589,"24,588",132,25,1,133,"5,763,241","212,476","5,975,717","76,557","25,279","10,167","2,453"
Locality: 083 HALIFAX COUNTY,0203,203 - CLOVER,"1,254",37,"1,291",12,,,20,"23,999",589,"24,588",132,25,1,133,"5,763,241","212,476","5,975,717","76,557","25,279","10,167","2,453"
Locality: 083 HALIFAX COUNTY,0302,302 - MEADVILLE,538,10,548,5,,,20,"23,999",589,"24,588",132,25,1,133,"5,763,241","212,476","5,975,717","76,557","25,279","10,167","2,453"
Locality: 083 HALIFAX COUNTY,0304,304 - VERNON HILL,863,20,883,9,1,,20,"23,999",589,"24,588",132,25,1,133,"5,763,241","212,476","5,975,717","76,557","25,279","10,167","2,453"
Locality: 083 HALIFAX COUNTY,0305,305 - SINAI,"1,864",47,"1,911",10,1,,20,"23,999",589,"24,588",132,25,1,133,"5,763,241","212,476","5,975,717","76,557","25,279","10,167","2,453"
Locality: 083 HALIFAX COUNTY,0401,401 - COURTHOUSE,"1,489",34,"1,523",4,4,,20,"23,999",589,"24,588",132,25,1,133,"5,763,241","212,476","5,975,717","76,557","25,279","10,167","2,453"
Locality: 083 HALIFAX COUNTY,0403,403 - CENTER,"1,391",34,"1,425",10,3,,20,"23,999",589,"24,588",132,25,1,133,"5,763,241","212,476","5,975,717","76,557","25,279","10,167","2,453"
Locality: 083 HALIFAX COUNTY,0502,502 - DAN RIVER,"2,049",58,"2,107",9,4,,20,"23,999",589,"24,588",132,25,1,133,"5,763,241","212,476","5,975,717","76,557","25,279","10,167","2,453"
Locality: 083 HALIFAX COUNTY,0503,503 - SCOTTSBURG,961,21,982,3,2,1,20,"23,999",589,"24,588",132,25,1,133,"5,763,241","212,476","5,975,717","76,557","25,279","10,167","2,453"
Locality: 083 HALIFAX COUNTY,0601,601 - BLACK WALNUT,"1,207",26,"1,233",7,2,,20,"23,999",589,"24,588",132,25,1,133,"5,763,241","212,476","5,975,717","76,557","25,279","10,167","2,453"
Locality: 083 HALIFAX COUNTY,0603,603 - MT CARMEL,"1,640",52,"1,692",6,2,,20,"23,999",589,"24,588",132,25,1,133,"5,763,241","212,476","5,975,717","76,557","25,279","10,167","2,453"
Locality: 083 HALIFAX COUNTY,0605,605 - UNION,495,15,510,3,,,20,"23,999",589,"24,588",132,25,1,133,"5,763,241","212,476","5,975,717","76,557","25,279","10,167","2,453"
Locality: 083 HALIFAX COUNTY,0701,701 - HYCO,"1,541",23,"1,564",13,,,20,"23,999",589,"24,588",132,25,1,133,"5,763,241","212,476","5,975,717","76,557","25,279","10,167","2,453"
Locality: 083 HALIFAX COUNTY,0702,702 - MIDWAY,"1,010",19,"1,029",2,3,,20,"23,999",589,"24,588",132,25,1,133,"5,763,241","212,476","5,975,717","76,557","25,279","10,167","2,453"
Locality: 083 HALIFAX COUNTY,0703,703 - VIRGILINA,721,12,733,2,,,20,"23,999",589,"24,588",132,25,1,133,"5,763,241","212,476","5,975,717","76,557","25,279","10,167","2,453"
Locality: 083 HALIFAX COUNTY,0801,801 - SOUTH BOSTON,"2,625",91,"2,716",13,,,20,"23,999",589,"24,588",132,25,1,133,"5,763,241","212,476","5,975,717","76,557","25,279","10,167","2,453"
Locality: 085 HANOVER COUNTY,0101,101 - ASHLAND,"2,154",37,"2,191",11,11,3,36,"82,896","1,243","84,139",527,164,62,133,"5,763,241","212,476","5,975,717","76,557","25,279","10,167","2,453"
Locality: 085 HANOVER COUNTY,0104,104 - SLIDING HILL,"2,252",38,"2,290",18,4,4,36,"82,896","1,243","84,139",527,164,62,133,"5,763,241","212,476","5,975,717","76,557","25,279","10,167","2,453"
Locality: 085 HANOVER COUNTY,0105,105 - BERKLEY,"2,101",52,"2,153",10,10,1,36,"82,896","1,243","84,139",527,164,62,133,"5,763,241","212,476","5,975,717","76,557","25,279","10,167","2,453"
Locality: 085 HANOVER COUNTY,0106,106 - KERSEY CREEK,"1,293",17,"1,310",8,2,2,36,"82,896","1,243","84,139",527,164,62,133,"5,763,241","212,476","5,975,717","76,557","25,279","10,167","2,453"
Locality: 085 HANOVER COUNTY,0107,107 - CHICKAHOMINY,"1,729",24,"1,753",10,11,2,36,"82,896","1,243","84,139",527,164,62,133,"5,763,241","212,476","5,975,717","76,557","25,279","10,167","2,453"
Locality: 085 HANOVER COUNTY,0201,201 - BEAVERDAM,"3,035",52,"3,087",27,3,2,36,"82,896","1,243","84,139",527,164,62,133,"5,763,241","212,476","5,975,717","76,557","25,279","10,167","2,453"
Locality: 085 HANOVER COUNTY,0202,202 - BLUNTS,"1,484",24,"1,508",9,4,4,36,"82,896","1,243","84,139",527,164,62,133,"5,763,241","212,476","5,975,717","76,557","25,279","10,167","2,453"
Locality: 085 HANOVER COUNTY,0203,203 - WILMINGTON PARISH,"2,230",36,"2,266",10,15,1,36,"82,896","1,243","84,139",527,164,62,133,"5,763,241","212,476","5,975,717","76,557","25,279","10,167","2,453"
Locality: 085 HANOVER COUNTY,0206,206 - COURTHOUSE,"2,121",27,"2,148",8,1,3,36,"82,896","1,243","84,139",527,164,62,133,"5,763,241","212,476","5,975,717","76,557","25,279","10,167","2,453"
Locality: 085 HANOVER COUNTY,0208,208 - OAK KNOLL,"2,058",25,"2,083",11,3,,36,"82,896","1,243","84,139",527,164,62,133,"5,763,241","212,476","5,975,717","76,557","25,279","10,167","2,453"
Locality: 085 HANOVER COUNTY,0209,209 - WEST HANOVER,653,11,664,5,,,36,"82,896","1,243","84,139",527,164,62,133,"5,763,241","212,476","5,975,717","76,557","25,279","10,167","2,453"
Locality: 085 HANOVER COUNTY,0210,210 - OAK HILL,721,6,727,4,1,,36,"82,896","1,243","84,139",527,164,62,133,"5,763,241","212,476","5,975,717","76,557","25,279","10,167","2,453"
Locality: 085 HANOVER COUNTY,0301,301 - CLAY,"2,722",37,"2,759",12,3,2,36,"82,896","1,243","84,139",527,164,62,133,"5,763,241","212,476","5,975,717","76,557","25,279","10,167","2,453"
Locality: 085 HANOVER COUNTY,0303,303 - SHADY GROVE,"2,544",35,"2,579",15,2,1,36,"82,896","1,243","84,139",527,164,62,133,"5,763,241","212,476","5,975,717","76,557","25,279","10,167","2,453"
Locality: 085 HANOVER COUNTY,0304,304 - ATLEE,"6,008",59,"6,067",43,13,7,36,"82,896","1,243","84,139",527,164,62,133,"5,763,241","212,476","5,975,717","76,557","25,279","10,167","2,453"
Locality: 085 HANOVER COUNTY,0305,305 - COOL SPRING,"2,594",44,"2,638",22,7,3,36,"82,896","1,243","84,139",527,164,62,133,"5,763,241","212,476","5,975,717","76,557","25,279","10,167","2,453"
Locality: 085 HANOVER COUNTY,0401,401 - BATTLEFIELD,"2,654",50,"2,704",16,3,,36,"82,896","1,243","84,139",527,164,62,133,"5,763,241","212,476","5,975,717","76,557","25,279","10,167","2,453"
Locality: 085 HANOVER COUNTY,0403,403 - COLD HARBOR,"3,339",53,"3,392",20,3,4,36,"82,896","1,243","84,139",527,164,62,133,"5,763,241","212,476","5,975,717","76,557","25,279","10,167","2,453"
Locality: 085 HANOVER COUNTY,0404,404 - BLACK CREEK,"2,933",24,"2,957",20,9,4,36,"82,896","1,243","84,139",527,164,62,133,"5,763,241","212,476","5,975,717","76,557","25,279","10,167","2,453"
Locality: 085 HANOVER COUNTY,0405,405 - PEBBLE CREEK,"1,634",28,"1,662",7,4,2,36,"82,896","1,243","84,139",527,164,62,133,"5,763,241","212,476","5,975,717","76,557","25,279","10,167","2,453"
Locality: 085 HANOVER COUNTY,0406,406 - BEAVERDAM CREEK,715,17,732,6,1,,36,"82,896","1,243","84,139",527,164,62,133,"5,763,241","212,476","5,975,717","76,557","25,279","10,167","2,453"
Locality: 085 HANOVER COUNTY,0502,502 - RURAL POINT,"2,675",40,"2,715",23,2,,36,"82,896","1,243","84,139",527,164,62,133,"5,763,241","212,476","5,975,717","76,557","25,279","10,167","2,453"
Locality: 085 HANOVER COUNTY,0503,503 - NEWMAN,"2,366",47,"2,413",24,5,2,36,"82,896","1,243","84,139",527,164,62,133,"5,763,241","212,476","5,975,717","76,557","25,279","10,167","2,453"
Locality: 085 HANOVER COUNTY,0504,504 - STUDLEY,"1,640",19,"1,659",16,1,1,36,"82,896","1,243","84,139",527,164,62,133,"5,763,241","212,476","5,975,717","76,557","25,279","10,167","2,453"
Locality: 085 HANOVER COUNTY,0505,505 - TOTOPOTOMOY,"1,323",21,"1,344",8,2,1,36,"82,896","1,243","84,139",527,164,62,133,"5,763,241","212,476","5,975,717","76,557","25,279","10,167","2,453"
Locality: 085 HANOVER COUNTY,0506,506 - GEORGETOWN,"2,059",23,"2,082",18,4,3,36,"82,896","1,243","84,139",527,164,62,133,"5,763,241","212,476","5,975,717","76,557","25,279","10,167","2,453"
Locality: 085 HANOVER COUNTY,0507,507 - LAUREL MEADOW,"2,464",27,"2,491",19,,,36,"82,896","1,243","84,139",527,164,62,133,"5,763,241","212,476","5,975,717","76,557","25,279","10,167","2,453"
Locality: 085 HANOVER COUNTY,0601,601 - VILLAGE,"3,868",59,"3,927",27,5,2,36,"82,896","1,243","84,139",527,164,62,133,"5,763,241","212,476","5,975,717","76,557","25,279","10,167","2,453"
Locality: 085 HANOVER COUNTY,0602,602 - LEE DAVIS,"3,598",67,"3,665",18,1,,36,"82,896","1,243","84,139",527,164,62,133,"5,763,241","212,476","5,975,717","76,557","25,279","10,167","2,453"
Locality: 085 HANOVER COUNTY,0603,603 - MECHANICSVILLE,"2,328",69,"2,397",19,3,,36,"82,896","1,243","84,139",527,164,62,133,"5,763,241","212,476","5,975,717","76,557","25,279","10,167","2,453"
Locality: 085 HANOVER COUNTY,0604,604 - HANOVER GROVE,"1,842",33,"1,875",8,1,,36,"82,896","1,243","84,139",527,164,62,133,"5,763,241","212,476","5,975,717","76,557","25,279","10,167","2,453"
Locality: 085 HANOVER COUNTY,0701,701 - FARRINGTON,"2,615",26,"2,641",12,8,4,36,"82,896","1,243","84,139",527,164,62,133,"5,763,241","212,476","5,975,717","76,557","25,279","10,167","2,453"
Locality: 085 HANOVER COUNTY,0702,702 - MONTPELIER,"2,338",32,"2,370",13,7,2,36,"82,896","1,243","84,139",527,164,62,133,"5,763,241","212,476","5,975,717","76,557","25,279","10,167","2,453"
Locality: 085 HANOVER COUNTY,0703,703 - ROCKVILLE,"2,444",32,"2,476",12,5,,36,"82,896","1,243","84,139",527,164,62,133,"5,763,241","212,476","5,975,717","76,557","25,279","10,167","2,453"
Locality: 085 HANOVER COUNTY,0704,704 - ELMONT,"2,923",42,"2,965",8,3,2,36,"82,896","1,243","84,139",527,164,62,133,"5,763,241","212,476","5,975,717","76,557","25,279","10,167","2,453"
Locality: 085 HANOVER COUNTY,0705,705 - SOUTH ANNA,"1,439",10,"1,449",10,7,,36,"82,896","1,243","84,139",527,164,62,133,"5,763,241","212,476","5,975,717","76,557","25,279","10,167","2,453"
Locality: 087 HENRICO COUNTY,0101,101 - COALPIT,"4,126",60,"4,186",31,9,9,91,"230,842","6,097","236,939","1,470",521,461,133,"5,763,241","212,476","5,975,717","76,557","25,279","10,167","2,453"
Locality: 087 HENRICO COUNTY,0102,102 - DUMBARTON,"3,803",181,"3,984",35,11,3,91,"230,842","6,097","236,939","1,470",521,461,133,"5,763,241","212,476","5,975,717","76,557","25,279","10,167","2,453"
Locality: 087 HENRICO COUNTY,0103,103 - GLEN ALLEN,"4,596",84,"4,680",33,10,7,91,"230,842","6,097","236,939","1,470",521,461,133,"5,763,241","212,476","5,975,717","76,557","25,279","10,167","2,453"
Locality: 087 HENRICO COUNTY,0105,105 - GREENDALE,"3,428",147,"3,575",22,8,4,91,"230,842","6,097","236,939","1,470",521,461,133,"5,763,241","212,476","5,975,717","76,557","25,279","10,167","2,453"
Locality: 087 HENRICO COUNTY,0106,106 - HERMITAGE,"3,584",91,"3,675",36,5,3,91,"230,842","6,097","236,939","1,470",521,461,133,"5,763,241","212,476","5,975,717","76,557","25,279","10,167","2,453"
Locality: 087 HENRICO COUNTY,0108,108 - HUNGARY CREEK,"4,095",55,"4,150",19,13,14,91,"230,842","6,097","236,939","1,470",521,461,133,"5,763,241","212,476","5,975,717","76,557","25,279","10,167","2,453"
Locality: 087 HENRICO COUNTY,0109,109 - HUNTON,"1,035",25,"1,060",5,,1,91,"230,842","6,097","236,939","1,470",521,461,133,"5,763,241","212,476","5,975,717","76,557","25,279","10,167","2,453"
Locality: 087 HENRICO COUNTY,0110,110 - JOHNSON,"4,468",249,"4,717",53,6,6,91,"230,842","6,097","236,939","1,470",521,461,133,"5,763,241","212,476","5,975,717","76,557","25,279","10,167","2,453"
Locality: 087 HENRICO COUNTY,0111,111 - LAKESIDE,"4,132",160,"4,292",17,7,8,91,"230,842","6,097","236,939","1,470",521,461,133,"5,763,241","212,476","5,975,717","76,557","25,279","10,167","2,453"
Locality: 087 HENRICO COUNTY,0112,112 - LONGAN,"2,953",77,"3,030",15,3,3,91,"230,842","6,097","236,939","1,470",521,461,133,"5,763,241","212,476","5,975,717","76,557","25,279","10,167","2,453"
Locality: 087 HENRICO COUNTY,0113,113 - MAUDE TREVVETT,"1,305",31,"1,336",3,3,2,91,"230,842","6,097","236,939","1,470",521,461,133,"5,763,241","212,476","5,975,717","76,557","25,279","10,167","2,453"
Locality: 087 HENRICO COUNTY,0114,114 - MONUMENT HILLS,"1,097",23,"1,120",4,7,20,91,"230,842","6,097","236,939","1,470",521,461,133,"5,763,241","212,476","5,975,717","76,557","25,279","10,167","2,453"
Locality: 087 HENRICO COUNTY,0115,115 - STAPLES MILL,"4,095",72,"4,167",26,9,5,91,"230,842","6,097","236,939","1,470",521,461,133,"5,763,241","212,476","5,975,717","76,557","25,279","10,167","2,453"
Locality: 087 HENRICO COUNTY,0117,117 - WESTWOOD,"2,255",46,"2,301",8,6,18,91,"230,842","6,097","236,939","1,470",521,461,133,"5,763,241","212,476","5,975,717","76,557","25,279","10,167","2,453"
Locality: 087 HENRICO COUNTY,0201,201 - ADAMS,"2,208",49,"2,257",15,4,3,91,"230,842","6,097","236,939","1,470",521,461,133,"5,763,241","212,476","5,975,717","76,557","25,279","10,167","2,453"
Locality: 087 HENRICO COUNTY,0202,202 - AZALEA,"3,899",159,"4,058",32,,,91,"230,842","6,097","236,939","1,470",521,461,133,"5,763,241","212,476","5,975,717","76,557","25,279","10,167","2,453"
Locality: 087 HENRICO COUNTY,0203,203 - BELMONT,"2,788",89,"2,877",17,2,3,91,"230,842","6,097","236,939","1,470",521,461,133,"5,763,241","212,476","5,975,717","76,557","25,279","10,167","2,453"
Locality: 087 HENRICO COUNTY,0204,204 - BROOKLAND,789,27,816,1,3,1,91,"230,842","6,097","236,939","1,470",521,461,133,"5,763,241","212,476","5,975,717","76,557","25,279","10,167","2,453"
Locality: 087 HENRICO COUNTY,0205,205 - CANTERBURY,733,6,739,,2,1,91,"230,842","6,097","236,939","1,470",521,461,133,"5,763,241","212,476","5,975,717","76,557","25,279","10,167","2,453"
Locality: 087 HENRICO COUNTY,0206,206 - CENTRAL GARDENS,"2,932",84,"3,016",26,1,,91,"230,842","6,097","236,939","1,470",521,461,133,"5,763,241","212,476","5,975,717","76,557","25,279","10,167","2,453"
Locality: 087 HENRICO COUNTY,0207,207 - CHAMBERLAYNE,"2,701",42,"2,743",11,1,6,91,"230,842","6,097","236,939","1,470",521,461,133,"5,763,241","212,476","5,975,717","76,557","25,279","10,167","2,453"
Locality: 087 HENRICO COUNTY,0208,208 - FAIRFIELD,"2,919",84,"3,003",25,2,1,91,"230,842","6,097","236,939","1,470",521,461,133,"5,763,241","212,476","5,975,717","76,557","25,279","10,167","2,453"
Locality: 087 HENRICO COUNTY,0209,209 - GLEN LEA,"1,914",48,"1,962",10,1,,91,"230,842","6,097","236,939","1,470",521,461,133,"5,763,241","212,476","5,975,717","76,557","25,279","10,167","2,453"
Locality: 087 HENRICO COUNTY,0210,210 - GREENWOOD,"1,646",49,"1,695",10,3,2,91,"230,842","6,097","236,939","1,470",521,461,133,"5,763,241","212,476","5,975,717","76,557","25,279","10,167","2,453"
Locality: 087 HENRICO COUNTY,0211,211 - HIGHLAND GARDENS,"1,234",24,"1,258",6,,2,91,"230,842","6,097","236,939","1,470",521,461,133,"5,763,241","212,476","5,975,717","76,557","25,279","10,167","2,453"
Locality: 087 HENRICO COUNTY,0212,212 - HOLLYBROOK,"1,046",21,"1,067",7,2,3,91,"230,842","6,097","236,939","1,470",521,461,133,"5,763,241","212,476","5,975,717","76,557","25,279","10,167","2,453"
Locality: 087 HENRICO COUNTY,0213,213 - HUNGARY,"1,899",37,"1,936",7,1,2,91,"230,842","6,097","236,939","1,470",521,461,133,"5,763,241","212,476","5,975,717","76,557","25,279","10,167","2,453"
Locality: 087 HENRICO COUNTY,0214,214 - LONGDALE,"1,801",52,"1,853",11,1,2,91,"230,842","6,097","236,939","1,470",521,461,133,"5,763,241","212,476","5,975,717","76,557","25,279","10,167","2,453"
Locality: 087 HENRICO COUNTY,0215,215 - MAPLEWOOD,"2,871",49,"2,920",18,2,3,91,"230,842","6,097","236,939","1,470",521,461,133,"5,763,241","212,476","5,975,717","76,557","25,279","10,167","2,453"
Locality: 087 HENRICO COUNTY,0216,216 - MOODY,"1,101",53,"1,154",1,2,1,91,"230,842","6,097","236,939","1,470",521,461,133,"5,763,241","212,476","5,975,717","76,557","25,279","10,167","2,453"
Locality: 087 HENRICO COUNTY,0217,217 - MOUNTAIN,913,21,934,8,1,1,91,"230,842","6,097","236,939","1,470",521,461,133,"5,763,241","212,476","5,975,717","76,557","25,279","10,167","2,453"
Locality: 087 HENRICO COUNTY,0218,218 - OAKVIEW,261,9,270,,,1,91,"230,842","6,097","236,939","1,470",521,461,133,"5,763,241","212,476","5,975,717","76,557","25,279","10,167","2,453"
Locality: 087 HENRICO COUNTY,0219,219 - RANDOLPH,359,10,369,3,,,91,"230,842","6,097","236,939","1,470",521,461,133,"5,763,241","212,476","5,975,717","76,557","25,279","10,167","2,453"
Locality: 087 HENRICO COUNTY,0220,220 - RATCLIFFE,"3,854",125,"3,979",21,2,2,91,"230,842","6,097","236,939","1,470",521,461,133,"5,763,241","212,476","5,975,717","76,557","25,279","10,167","2,453"
Locality: 087 HENRICO COUNTY,0221,221 - STRATFORD HALL,459,8,467,1,,,91,"230,842","6,097","236,939","1,470",521,461,133,"5,763,241","212,476","5,975,717","76,557","25,279","10,167","2,453"
Locality: 087 HENRICO COUNTY,0222,222 - WILDER,"2,068",38,"2,106",13,5,2,91,"230,842","6,097","236,939","1,470",521,461,133,"5,763,241","212,476","5,975,717","76,557","25,279","10,167","2,453"
Locality: 087 HENRICO COUNTY,0223,223 - YELLOW TAVERN,"4,025",105,"4,130",24,8,13,91,"230,842","6,097","236,939","1,470",521,461,133,"5,763,241","212,476","5,975,717","76,557","25,279","10,167","2,453"
Locality: 087 HENRICO COUNTY,0224,224 - ESSEX VILLAGE,"1,122",54,"1,176",3,,,91,"230,842","6,097","236,939","1,470",521,461,133,"5,763,241","212,476","5,975,717","76,557","25,279","10,167","2,453"
Locality: 087 HENRICO COUNTY,0301,301 - CAUSEWAY,"2,550",59,"2,609",15,10,5,91,"230,842","6,097","236,939","1,470",521,461,133,"5,763,241","212,476","5,975,717","76,557","25,279","10,167","2,453"
Locality: 087 HENRICO COUNTY,0302,302 - CEDARFIELD,"2,722",39,"2,761",8,12,13,91,"230,842","6,097","236,939","1,470",521,461,133,"5,763,241","212,476","5,975,717","76,557","25,279","10,167","2,453"
Locality: 087 HENRICO COUNTY,0303,303 - INNSBROOK,"3,236",69,"3,305",13,8,5,91,"230,842","6,097","236,939","1,470",521,461,133,"5,763,241","212,476","5,975,717","76,557","25,279","10,167","2,453"
Locality: 087 HENRICO COUNTY,0304,304 - JACKSON DAVIS,"1,889",48,"1,937",12,8,8,91,"230,842","6,097","236,939","1,470",521,461,133,"5,763,241","212,476","5,975,717","76,557","25,279","10,167","2,453"
Locality: 087 HENRICO COUNTY,0305,305 - NUCKOLS FARM,"3,611",54,"3,665",19,16,7,91,"230,842","6,097","236,939","1,470",521,461,133,"5,763,241","212,476","5,975,717","76,557","25,279","10,167","2,453"
Locality: 087 HENRICO COUNTY,0306,306 - POCAHONTAS,"3,071",109,"3,180",18,11,17,91,"230,842","6,097","236,939","1,470",521,461,133,"5,763,241","212,476","5,975,717","76,557","25,279","10,167","2,453"
Locality: 087 HENRICO COUNTY,0307,307 - RIDGE,"1,680",53,"1,733",10,3,5,91,"230,842","6,097","236,939","1,470",521,461,133,"5,763,241","212,476","5,975,717","76,557","25,279","10,167","2,453"
Locality: 087 HENRICO COUNTY,0308,308 - RIVERS EDGE,"3,344",60,"3,404",14,7,4,91,"230,842","6,097","236,939","1,470",521,461,133,"5,763,241","212,476","5,975,717","76,557","25,279","10,167","2,453"
Locality: 087 HENRICO COUNTY,0309,309 - SADLER,"3,550",83,"3,633",12,18,8,91,"230,842","6,097","236,939","1,470",521,461,133,"5,763,241","212,476","5,975,717","76,557","25,279","10,167","2,453"
Locality: 087 HENRICO COUNTY,0310,310 - SHADY GROVE,"3,685",88,"3,773",29,18,16,91,"230,842","6,097","236,939","1,470",521,461,133,"5,763,241","212,476","5,975,717","76,557","25,279","10,167","2,453"
Locality: 087 HENRICO COUNTY,0311,311 - SHORT PUMP,"2,170",54,"2,224",14,7,5,91,"230,842","6,097","236,939","1,470",521,461,133,"5,763,241","212,476","5,975,717","76,557","25,279","10,167","2,453"
Locality: 087 HENRICO COUNTY,0312,312 - SPRINGFIELD,"2,221",70,"2,291",16,7,3,91,"230,842","6,097","236,939","1,470",521,461,133,"5,763,241","212,476","5,975,717","76,557","25,279","10,167","2,453"
Locality: 087 HENRICO COUNTY,0313,313 - STONEY RUN,"4,089",114,"4,203",27,20,12,91,"230,842","6,097","236,939","1,470",521,461,133,"5,763,241","212,476","5,975,717","76,557","25,279","10,167","2,453"
Locality: 087 HENRICO COUNTY,0314,314 - THREE CHOPT,"3,110",78,"3,188",17,9,7,91,"230,842","6,097","236,939","1,470",521,461,133,"5,763,241","212,476","5,975,717","76,557","25,279","10,167","2,453"
Locality: 087 HENRICO COUNTY,0315,315 - TUCKER,"4,090",196,"4,286",30,8,4,91,"230,842","6,097","236,939","1,470",521,461,133,"5,763,241","212,476","5,975,717","76,557","25,279","10,167","2,453"
Locality: 087 HENRICO COUNTY,0316,316 - COLONIAL TRAIL,"2,670",134,"2,804",11,11,6,91,"230,842","6,097","236,939","1,470",521,461,133,"5,763,241","212,476","5,975,717","76,557","25,279","10,167","2,453"
Locality: 087 HENRICO COUNTY,0401,401 - QUIOCCASIN ,"3,129",90,"3,219",19,12,15,91,"230,842","6,097","236,939","1,470",521,461,133,"5,763,241","212,476","5,975,717","76,557","25,279","10,167","2,453"
Locality: 087 HENRICO COUNTY,0402,402 - CRESTVIEW,"2,714",88,"2,802",26,4,13,91,"230,842","6,097","236,939","1,470",521,461,133,"5,763,241","212,476","5,975,717","76,557","25,279","10,167","2,453"
Locality: 087 HENRICO COUNTY,0403,403 - DERBYSHIRE,"1,978",26,"2,004",8,9,2,91,"230,842","6,097","236,939","1,470",521,461,133,"5,763,241","212,476","5,975,717","76,557","25,279","10,167","2,453"
Locality: 087 HENRICO COUNTY,0404,404 - FREEMAN,"1,883",44,"1,927",7,8,8,91,"230,842","6,097","236,939","1,470",521,461,133,"5,763,241","212,476","5,975,717","76,557","25,279","10,167","2,453"
Locality: 087 HENRICO COUNTY,0405,405 - GAYTON,"3,309",47,"3,356",19,19,7,91,"230,842","6,097","236,939","1,470",521,461,133,"5,763,241","212,476","5,975,717","76,557","25,279","10,167","2,453"
Locality: 087 HENRICO COUNTY,0406,406 - GODWIN,"2,434",51,"2,485",13,6,7,91,"230,842","6,097","236,939","1,470",521,461,133,"5,763,241","212,476","5,975,717","76,557","25,279","10,167","2,453"
Locality: 087 HENRICO COUNTY,0407,407 - LAKEWOOD,"2,337",50,"2,387",12,2,4,91,"230,842","6,097","236,939","1,470",521,461,133,"5,763,241","212,476","5,975,717","76,557","25,279","10,167","2,453"
Locality: 087 HENRICO COUNTY,0408,408 - LAUDERDALE,"2,785",87,"2,872",20,3,4,91,"230,842","6,097","236,939","1,470",521,461,133,"5,763,241","212,476","5,975,717","76,557","25,279","10,167","2,453"
Locality: 087 HENRICO COUNTY,0409,409 - MAYBEURY,"2,670",58,"2,728",15,14,10,91,"230,842","6,097","236,939","1,470",521,461,133,"5,763,241","212,476","5,975,717","76,557","25,279","10,167","2,453"
Locality: 087 HENRICO COUNTY,0410,410 - MOORELAND,"1,718",29,"1,747",4,16,5,91,"230,842","6,097","236,939","1,470",521,461,133,"5,763,241","212,476","5,975,717","76,557","25,279","10,167","2,453"
Locality: 087 HENRICO COUNTY,0411,411 - PEMBERTON,"2,673",73,"2,746",33,5,8,91,"230,842","6,097","236,939","1,470",521,461,133,"5,763,241","212,476","5,975,717","76,557","25,279","10,167","2,453"
Locality: 087 HENRICO COUNTY,0412,412 - PINCHBECK,"3,424",94,"3,518",33,3,9,91,"230,842","6,097","236,939","1,470",521,461,133,"5,763,241","212,476","5,975,717","76,557","25,279","10,167","2,453"
Locality: 087 HENRICO COUNTY,0413,413 - RIDGEFIELD,"3,417",63,"3,480",23,10,13,91,"230,842","6,097","236,939","1,470",521,461,133,"5,763,241","212,476","5,975,717","76,557","25,279","10,167","2,453"
Locality: 087 HENRICO COUNTY,0414,414 - ROLLINGWOOD,"1,965",24,"1,989",10,14,6,91,"230,842","6,097","236,939","1,470",521,461,133,"5,763,241","212,476","5,975,717","76,557","25,279","10,167","2,453"
Locality: 087 HENRICO COUNTY,0415,415 - SKIPWITH,"1,673",46,"1,719",17,5,3,91,"230,842","6,097","236,939","1,470",521,461,133,"5,763,241","212,476","5,975,717","76,557","25,279","10,167","2,453"
Locality: 087 HENRICO COUNTY,0416,416 - SPOTTSWOOD,"1,094",17,"1,111",2,3,5,91,"230,842","6,097","236,939","1,470",521,461,133,"5,763,241","212,476","5,975,717","76,557","25,279","10,167","2,453"
Locality: 087 HENRICO COUNTY,0417,417 - TUCKAHOE,"3,777",43,"3,820",13,22,35,91,"230,842","6,097","236,939","1,470",521,461,133,"5,763,241","212,476","5,975,717","76,557","25,279","10,167","2,453"
Locality: 087 HENRICO COUNTY,0418,418 - WELBORNE,"2,257",114,"2,371",14,8,3,91,"230,842","6,097","236,939","1,470",521,461,133,"5,763,241","212,476","5,975,717","76,557","25,279","10,167","2,453"
Locality: 087 HENRICO COUNTY,0419,419 - WEST END,"2,734",73,"2,807",17,12,6,91,"230,842","6,097","236,939","1,470",521,461,133,"5,763,241","212,476","5,975,717","76,557","25,279","10,167","2,453"
Locality: 087 HENRICO COUNTY,0501,501 - ANTIOCH,"1,938",32,"1,970",18,,1,91,"230,842","6,097","236,939","1,470",521,461,133,"5,763,241","212,476","5,975,717","76,557","25,279","10,167","2,453"
Locality: 087 HENRICO COUNTY,0502,502 - CEDAR FORK,"1,456",24,"1,480",6,,1,91,"230,842","6,097","236,939","1,470",521,461,133,"5,763,241","212,476","5,975,717","76,557","25,279","10,167","2,453"
Locality: 087 HENRICO COUNTY,0503,503 - CHICKAHOMINY,"2,613",40,"2,653",22,1,,91,"230,842","6,097","236,939","1,470",521,461,133,"5,763,241","212,476","5,975,717","76,557","25,279","10,167","2,453"
Locality: 087 HENRICO COUNTY,0504,504 - DONAHOE,"1,965",53,"2,018",11,1,1,91,"230,842","6,097","236,939","1,470",521,461,133,"5,763,241","212,476","5,975,717","76,557","25,279","10,167","2,453"
Locality: 087 HENRICO COUNTY,0505,505 - DOREY,"2,888",50,"2,938",30,4,1,91,"230,842","6,097","236,939","1,470",521,461,133,"5,763,241","212,476","5,975,717","76,557","25,279","10,167","2,453"
Locality: 087 HENRICO COUNTY,0506,506 - EANES,"3,267",91,"3,358",20,7,2,91,"230,842","6,097","236,939","1,470",521,461,133,"5,763,241","212,476","5,975,717","76,557","25,279","10,167","2,453"
Locality: 087 HENRICO COUNTY,0507,507 - ELKO,740,11,751,5,,2,91,"230,842","6,097","236,939","1,470",521,461,133,"5,763,241","212,476","5,975,717","76,557","25,279","10,167","2,453"
Locality: 087 HENRICO COUNTY,0508,508 - HIGHLAND SPRINGS,"2,527",70,"2,597",11,2,1,91,"230,842","6,097","236,939","1,470",521,461,133,"5,763,241","212,476","5,975,717","76,557","25,279","10,167","2,453"
Locality: 087 HENRICO COUNTY,0509,509 - LABURNUM,"2,528",106,"2,634",14,1,,91,"230,842","6,097","236,939","1,470",521,461,133,"5,763,241","212,476","5,975,717","76,557","25,279","10,167","2,453"
Locality: 087 HENRICO COUNTY,0510,510 - MEHFOUD,"2,264",43,"2,307",23,1,2,91,"230,842","6,097","236,939","1,470",521,461,133,"5,763,241","212,476","5,975,717","76,557","25,279","10,167","2,453"
Locality: 087 HENRICO COUNTY,0511,511 - MONTROSE,"4,758",115,"4,873",32,2,3,91,"230,842","6,097","236,939","1,470",521,461,133,"5,763,241","212,476","5,975,717","76,557","25,279","10,167","2,453"
Locality: 087 HENRICO COUNTY,0512,512 - NINE MILE,"1,466",38,"1,504",9,2,1,91,"230,842","6,097","236,939","1,470",521,461,133,"5,763,241","212,476","5,975,717","76,557","25,279","10,167","2,453"
Locality: 087 HENRICO COUNTY,0513,513 - PLEASANTS,"3,508",144,"3,652",23,1,,91,"230,842","6,097","236,939","1,470",521,461,133,"5,763,241","212,476","5,975,717","76,557","25,279","10,167","2,453"
Locality: 087 HENRICO COUNTY,0514,514 - ROLFE,"3,564",90,"3,654",36,4,1,91,"230,842","6,097","236,939","1,470",521,461,133,"5,763,241","212,476","5,975,717","76,557","25,279","10,167","2,453"
Locality: 087 HENRICO COUNTY,0515,515 - SANDSTON,"2,274",64,"2,338",17,,2,91,"230,842","6,097","236,939","1,470",521,461,133,"5,763,241","212,476","5,975,717","76,557","25,279","10,167","2,453"
Locality: 087 HENRICO COUNTY,0516,516 - SULLIVANS,"3,675",96,"3,771",22,3,2,91,"230,842","6,097","236,939","1,470",521,461,133,"5,763,241","212,476","5,975,717","76,557","25,279","10,167","2,453"
Locality: 087 HENRICO COUNTY,0517,517 - TOWN HALL,990,19,"1,009",6,1,1,91,"230,842","6,097","236,939","1,470",521,461,133,"5,763,241","212,476","5,975,717","76,557","25,279","10,167","2,453"
Locality: 087 HENRICO COUNTY,0518,518 - WHITLOCKS,"2,248",42,"2,290",18,3,,91,"230,842","6,097","236,939","1,470",521,461,133,"5,763,241","212,476","5,975,717","76,557","25,279","10,167","2,453"
Locality: 089 HENRY COUNTY,0101,101 - BASSETT NUMBER TWO,876,30,906,4,1,,24,"35,249",834,"36,083",232,24,18,133,"5,763,241","212,476","5,975,717","76,557","25,279","10,167","2,453"
Locality: 089 HENRY COUNTY,0102,102 - GUNVILLE,"1,690",43,"1,733",8,,,24,"35,249",834,"36,083",232,24,18,133,"5,763,241","212,476","5,975,717","76,557","25,279","10,167","2,453"
Locality: 089 HENRY COUNTY,0103,103 - SCOTT'S TANYARD,"2,689",79,"2,768",11,1,1,24,"35,249",834,"36,083",232,24,18,133,"5,763,241","212,476","5,975,717","76,557","25,279","10,167","2,453"
Locality: 089 HENRY COUNTY,0201,201 - FIELDALE,993,17,"1,010",8,2,,24,"35,249",834,"36,083",232,24,18,133,"5,763,241","212,476","5,975,717","76,557","25,279","10,167","2,453"
Locality: 089 HENRY COUNTY,0202,202 - HORSEPASTURE #1,"1,708",39,"1,747",16,1,,24,"35,249",834,"36,083",232,24,18,133,"5,763,241","212,476","5,975,717","76,557","25,279","10,167","2,453"
Locality: 089 HENRY COUNTY,0203,203 - HORSEPASTURE #2,"1,482",29,"1,511",7,3,,24,"35,249",834,"36,083",232,24,18,133,"5,763,241","212,476","5,975,717","76,557","25,279","10,167","2,453"
Locality: 089 HENRY COUNTY,0204,204 - SPENCER,"1,813",28,"1,841",12,1,1,24,"35,249",834,"36,083",232,24,18,133,"5,763,241","212,476","5,975,717","76,557","25,279","10,167","2,453"
Locality: 089 HENRY COUNTY,0302,302 - AXTON,"1,123",32,"1,155",10,,,24,"35,249",834,"36,083",232,24,18,133,"5,763,241","212,476","5,975,717","76,557","25,279","10,167","2,453"
Locality: 089 HENRY COUNTY,0303,303 - IRISBURG,"2,132",48,"2,180",15,,2,24,"35,249",834,"36,083",232,24,18,133,"5,763,241","212,476","5,975,717","76,557","25,279","10,167","2,453"
Locality: 089 HENRY COUNTY,0304,304 - MOUNT OLIVET,"2,076",36,"2,112",15,3,2,24,"35,249",834,"36,083",232,24,18,133,"5,763,241","212,476","5,975,717","76,557","25,279","10,167","2,453"
Locality: 089 HENRY COUNTY,0305,305 - MOUNTAIN VALLEY,"1,031",25,"1,056",10,,,24,"35,249",834,"36,083",232,24,18,133,"5,763,241","212,476","5,975,717","76,557","25,279","10,167","2,453"
Locality: 089 HENRY COUNTY,0401,401 - COLLINSVILLE NUMBER 1,"1,182",30,"1,212",3,,,24,"35,249",834,"36,083",232,24,18,133,"5,763,241","212,476","5,975,717","76,557","25,279","10,167","2,453"
Locality: 089 HENRY COUNTY,0402,402 - DANIELS CREEK,"1,424",36,"1,460",7,,1,24,"35,249",834,"36,083",232,24,18,133,"5,763,241","212,476","5,975,717","76,557","25,279","10,167","2,453"
Locality: 089 HENRY COUNTY,0404,404 - COLLINSVILLE NUMBER 2,"2,157",61,"2,218",5,5,1,24,"35,249",834,"36,083",232,24,18,133,"5,763,241","212,476","5,975,717","76,557","25,279","10,167","2,453"
Locality: 089 HENRY COUNTY,0405,405 - MOUNTAIN VIEW,"1,112",23,"1,135",2,,5,24,"35,249",834,"36,083",232,24,18,133,"5,763,241","212,476","5,975,717","76,557","25,279","10,167","2,453"
Locality: 089 HENRY COUNTY,0501,501 - BASSETT NUMBER ONE,"1,016",35,"1,051",5,2,2,24,"35,249",834,"36,083",232,24,18,133,"5,763,241","212,476","5,975,717","76,557","25,279","10,167","2,453"
Locality: 089 HENRY COUNTY,0502,502 - FIGSBORO,"1,242",24,"1,266",14,1,,24,"35,249",834,"36,083",232,24,18,133,"5,763,241","212,476","5,975,717","76,557","25,279","10,167","2,453"
Locality: 089 HENRY COUNTY,0503,503 - STANLEYTOWN,"2,056",40,"2,096",23,,1,24,"35,249",834,"36,083",232,24,18,133,"5,763,241","212,476","5,975,717","76,557","25,279","10,167","2,453"
Locality: 089 HENRY COUNTY,0504,504 - OAK LEVEL,719,12,731,6,,,24,"35,249",834,"36,083",232,24,18,133,"5,763,241","212,476","5,975,717","76,557","25,279","10,167","2,453"
Locality: 089 HENRY COUNTY,0505,505 - DYERS STORE,772,17,789,6,,,24,"35,249",834,"36,083",232,24,18,133,"5,763,241","212,476","5,975,717","76,557","25,279","10,167","2,453"
Locality: 089 HENRY COUNTY,0601,601 - FONTAINE,"1,641",37,"1,678",12,2,2,24,"35,249",834,"36,083",232,24,18,133,"5,763,241","212,476","5,975,717","76,557","25,279","10,167","2,453"
Locality: 089 HENRY COUNTY,0602,602 - HILLCREST,791,30,821,6,,,24,"35,249",834,"36,083",232,24,18,133,"5,763,241","212,476","5,975,717","76,557","25,279","10,167","2,453"
Locality: 089 HENRY COUNTY,0603,603 - RIDGEWAY #1,"2,087",54,"2,141",17,2,,24,"35,249",834,"36,083",232,24,18,133,"5,763,241","212,476","5,975,717","76,557","25,279","10,167","2,453"
Locality: 089 HENRY COUNTY,0604,604 - RIDGEWAY #2,"1,437",29,"1,466",10,,,24,"35,249",834,"36,083",232,24,18,133,"5,763,241","212,476","5,975,717","76,557","25,279","10,167","2,453"
Locality: 091 HIGHLAND COUNTY,0001,001 - MONTEREY,612,8,620,1,,,6,"1,834",17,"1,851",7,2,,133,"5,763,241","212,476","5,975,717","76,557","25,279","10,167","2,453"
Locality: 091 HIGHLAND COUNTY,0003,003 - WILSONS MILL,140,1,141,1,2,,6,"1,834",17,"1,851",7,2,,133,"5,763,241","212,476","5,975,717","76,557","25,279","10,167","2,453"
Locality: 091 HIGHLAND COUNTY,0005,005 - BLUE GRASS,355,2,357,2,,,6,"1,834",17,"1,851",7,2,,133,"5,763,241","212,476","5,975,717","76,557","25,279","10,167","2,453"
Locality: 091 HIGHLAND COUNTY,0007,007 - MILL GAP,209,1,210,2,,,6,"1,834",17,"1,851",7,2,,133,"5,763,241","212,476","5,975,717","76,557","25,279","10,167","2,453"
Locality: 091 HIGHLAND COUNTY,0008,008 - MCDOWELL,396,3,399,1,,,6,"1,834",17,"1,851",7,2,,133,"5,763,241","212,476","5,975,717","76,557","25,279","10,167","2,453"
Locality: 091 HIGHLAND COUNTY,0010,010 - HEADWATERS,122,2,124,,,,6,"1,834",17,"1,851",7,2,,133,"5,763,241","212,476","5,975,717","76,557","25,279","10,167","2,453"
Locality: 093 ISLE OF WIGHT COUNTY,0101,101 - SMITHFIELD,"3,409",68,"3,477",71,8,9,14,"29,311",657,"29,968",601,52,25,133,"5,763,241","212,476","5,975,717","76,557","25,279","10,167","2,453"
Locality: 093 ISLE OF WIGHT COUNTY,0102,102 - CYPRESS CREEK,"2,795",71,"2,866",64,6,3,14,"29,311",657,"29,968",601,52,25,133,"5,763,241","212,476","5,975,717","76,557","25,279","10,167","2,453"
Locality: 093 ISLE OF WIGHT COUNTY,0201,201 - BARTLETT,"3,423",75,"3,498",107,8,1,14,"29,311",657,"29,968",601,52,25,133,"5,763,241","212,476","5,975,717","76,557","25,279","10,167","2,453"
Locality: 093 ISLE OF WIGHT COUNTY,0202,202 - CARROLLTON,"3,838",112,"3,950",130,5,2,14,"29,311",657,"29,968",601,52,25,133,"5,763,241","212,476","5,975,717","76,557","25,279","10,167","2,453"
Locality: 093 ISLE OF WIGHT COUNTY,0301,301 - RUSHMERE,"2,430",38,"2,468",22,7,3,14,"29,311",657,"29,968",601,52,25,133,"5,763,241","212,476","5,975,717","76,557","25,279","10,167","2,453"
Locality: 093 ISLE OF WIGHT COUNTY,0302,302 - PONS,"2,755",47,"2,802",46,2,1,14,"29,311",657,"29,968",601,52,25,133,"5,763,241","212,476","5,975,717","76,557","25,279","10,167","2,453"
Locality: 093 ISLE OF WIGHT COUNTY,0401,401 - COURTHOUSE,"1,135",22,"1,157",13,1,,14,"29,311",657,"29,968",601,52,25,133,"5,763,241","212,476","5,975,717","76,557","25,279","10,167","2,453"
Locality: 093 ISLE OF WIGHT COUNTY,0402,402 - WINDSOR,"2,262",63,"2,325",25,,,14,"29,311",657,"29,968",601,52,25,133,"5,763,241","212,476","5,975,717","76,557","25,279","10,167","2,453"
Locality: 093 ISLE OF WIGHT COUNTY,0403,403 - LONGVIEW,"2,223",51,"2,274",65,8,5,14,"29,311",657,"29,968",601,52,25,133,"5,763,241","212,476","5,975,717","76,557","25,279","10,167","2,453"
Locality: 093 ISLE OF WIGHT COUNTY,0501,501 - WALTERS,"1,169",28,"1,197",7,1,1,14,"29,311",657,"29,968",601,52,25,133,"5,763,241","212,476","5,975,717","76,557","25,279","10,167","2,453"
Locality: 093 ISLE OF WIGHT COUNTY,0502,502 - CAMPS MILL,583,15,598,1,,,14,"29,311",657,"29,968",601,52,25,133,"5,763,241","212,476","5,975,717","76,557","25,279","10,167","2,453"
Locality: 093 ISLE OF WIGHT COUNTY,0503,503 - CARRSVILLE,865,16,881,9,2,,14,"29,311",657,"29,968",601,52,25,133,"5,763,241","212,476","5,975,717","76,557","25,279","10,167","2,453"
Locality: 093 ISLE OF WIGHT COUNTY,0504,504 - ZUNI,"1,605",40,"1,645",29,4,,14,"29,311",657,"29,968",601,52,25,133,"5,763,241","212,476","5,975,717","76,557","25,279","10,167","2,453"
Locality: 093 ISLE OF WIGHT COUNTY,0505,505 - RAYNOR,819,11,830,12,,,14,"29,311",657,"29,968",601,52,25,133,"5,763,241","212,476","5,975,717","76,557","25,279","10,167","2,453"
Locality: 095 JAMES CITY COUNTY,0101,101 - BERKELEY A,"3,527",86,"3,613",58,16,15,19,"59,894","1,625","61,519",950,220,128,133,"5,763,241","212,476","5,975,717","76,557","25,279","10,167","2,453"
Locality: 095 JAMES CITY COUNTY,0102,102 - BERKELEY B,"2,538",63,"2,601",49,8,2,19,"59,894","1,625","61,519",950,220,128,133,"5,763,241","212,476","5,975,717","76,557","25,279","10,167","2,453"
Locality: 095 JAMES CITY COUNTY,0103,103 - BERKELEY C,"5,070",120,"5,190",59,13,12,19,"59,894","1,625","61,519",950,220,128,133,"5,763,241","212,476","5,975,717","76,557","25,279","10,167","2,453"
Locality: 095 JAMES CITY COUNTY,0104,104- BERKELEY D,"1,300",41,"1,341",19,6,5,19,"59,894","1,625","61,519",950,220,128,133,"5,763,241","212,476","5,975,717","76,557","25,279","10,167","2,453"
Locality: 095 JAMES CITY COUNTY,0201,201 - JAMESTOWN A,"1,163",40,"1,203",12,4,5,19,"59,894","1,625","61,519",950,220,128,133,"5,763,241","212,476","5,975,717","76,557","25,279","10,167","2,453"
Locality: 095 JAMES CITY COUNTY,0202,202 - JAMESTOWN B,"4,133",163,"4,296",64,14,5,19,"59,894","1,625","61,519",950,220,128,133,"5,763,241","212,476","5,975,717","76,557","25,279","10,167","2,453"
Locality: 095 JAMES CITY COUNTY,0203,203 - JAMESTOWN C,"3,029",99,"3,128",71,20,9,19,"59,894","1,625","61,519",950,220,128,133,"5,763,241","212,476","5,975,717","76,557","25,279","10,167","2,453"
Locality: 095 JAMES CITY COUNTY,0204,204 - JAMESTOWN D,"3,827",78,"3,905",50,14,11,19,"59,894","1,625","61,519",950,220,128,133,"5,763,241","212,476","5,975,717","76,557","25,279","10,167","2,453"
Locality: 095 JAMES CITY COUNTY,0301,301 - POWHATAN A,"4,285",84,"4,369",67,18,11,19,"59,894","1,625","61,519",950,220,128,133,"5,763,241","212,476","5,975,717","76,557","25,279","10,167","2,453"
Locality: 095 JAMES CITY COUNTY,0302,302 - POWHATAN B,"1,362",26,"1,388",28,2,1,19,"59,894","1,625","61,519",950,220,128,133,"5,763,241","212,476","5,975,717","76,557","25,279","10,167","2,453"
Locality: 095 JAMES CITY COUNTY,0303,303 - POWHATAN C,"1,621",19,"1,640",16,2,1,19,"59,894","1,625","61,519",950,220,128,133,"5,763,241","212,476","5,975,717","76,557","25,279","10,167","2,453"
Locality: 095 JAMES CITY COUNTY,0304,304 - POWHATAN D,"3,817",176,"3,993",74,8,5,19,"59,894","1,625","61,519",950,220,128,133,"5,763,241","212,476","5,975,717","76,557","25,279","10,167","2,453"
Locality: 095 JAMES CITY COUNTY,0401,401 - STONEHOUSE A,"4,383",111,"4,494",95,12,,19,"59,894","1,625","61,519",950,220,128,133,"5,763,241","212,476","5,975,717","76,557","25,279","10,167","2,453"
Locality: 095 JAMES CITY COUNTY,0402,402 - STONEHOUSE B,"5,825",146,"5,971",78,17,6,19,"59,894","1,625","61,519",950,220,128,133,"5,763,241","212,476","5,975,717","76,557","25,279","10,167","2,453"
Locality: 095 JAMES CITY COUNTY,0403,403 - STONEHOUSE C,"3,617",62,"3,679",57,16,4,19,"59,894","1,625","61,519",950,220,128,133,"5,763,241","212,476","5,975,717","76,557","25,279","10,167","2,453"
Locality: 095 JAMES CITY COUNTY,0501,501 - ROBERTS A,"1,993",88,"2,081",35,2,1,19,"59,894","1,625","61,519",950,220,128,133,"5,763,241","212,476","5,975,717","76,557","25,279","10,167","2,453"
Locality: 095 JAMES CITY COUNTY,0502,502 - ROBERTS B,"3,933",77,"4,010",48,30,22,19,"59,894","1,625","61,519",950,220,128,133,"5,763,241","212,476","5,975,717","76,557","25,279","10,167","2,453"
Locality: 095 JAMES CITY COUNTY,0503,503 - ROBERTS C,805,44,849,13,1,3,19,"59,894","1,625","61,519",950,220,128,133,"5,763,241","212,476","5,975,717","76,557","25,279","10,167","2,453"
Locality: 095 JAMES CITY COUNTY,0504,504 - ROBERTS D,"3,666",102,"3,768",57,17,10,19,"59,894","1,625","61,519",950,220,128,133,"5,763,241","212,476","5,975,717","76,557","25,279","10,167","2,453"
Locality: 097 KING & QUEEN COUNTY,0101,101 - OWENTON,"1,002",25,"1,027",2,,,5,"5,150",105,"5,255",27,3,2,133,"5,763,241","212,476","5,975,717","76,557","25,279","10,167","2,453"
Locality: 097 KING & QUEEN COUNTY,0201,201 - CLARKS,"1,049",16,"1,065",5,1,,5,"5,150",105,"5,255",27,3,2,133,"5,763,241","212,476","5,975,717","76,557","25,279","10,167","2,453"
Locality: 097 KING & QUEEN COUNTY,0301,301 - SHACKLEFORDS,"1,026",29,"1,055",8,1,,5,"5,150",105,"5,255",27,3,2,133,"5,763,241","212,476","5,975,717","76,557","25,279","10,167","2,453"
Locality: 097 KING & QUEEN COUNTY,0401,401 - COURTHOUSE,"1,111",18,"1,129",11,1,1,5,"5,150",105,"5,255",27,3,2,133,"5,763,241","212,476","5,975,717","76,557","25,279","10,167","2,453"
Locality: 097 KING & QUEEN COUNTY,0501,501 - OLDMILL,962,17,979,1,,1,5,"5,150",105,"5,255",27,3,2,133,"5,763,241","212,476","5,975,717","76,557","25,279","10,167","2,453"
Locality: 099 KING GEORGE COUNTY,0101,101 - COURTHOUSE,"3,413",100,"3,513",68,8,1,5,"17,986",581,"18,567",383,35,17,133,"5,763,241","212,476","5,975,717","76,557","25,279","10,167","2,453"
Locality: 099 KING GEORGE COUNTY,0102,102 - PASSAPATANZY,"1,567",34,"1,601",24,4,1,5,"17,986",581,"18,567",383,35,17,133,"5,763,241","212,476","5,975,717","76,557","25,279","10,167","2,453"
Locality: 099 KING GEORGE COUNTY,0201,201 - MONROE,"4,429",143,"4,572",103,10,11,5,"17,986",581,"18,567",383,35,17,133,"5,763,241","212,476","5,975,717","76,557","25,279","10,167","2,453"
Locality: 099 KING GEORGE COUNTY,0301,301 - DAHLGREN,"4,133",200,"4,333",126,8,2,5,"17,986",581,"18,567",383,35,17,133,"5,763,241","212,476","5,975,717","76,557","25,279","10,167","2,453"
Locality: 099 KING GEORGE COUNTY,0401,401 - SHILOH,"4,444",104,"4,548",62,5,2,5,"17,986",581,"18,567",383,35,17,133,"5,763,241","212,476","5,975,717","76,557","25,279","10,167","2,453"
Locality: 101 KING WILLIAM COUNTY,0101,101 - WEST POINT,"2,325",98,"2,423",22,2,4,6,"12,993",240,"13,233",82,4,13,133,"5,763,241","212,476","5,975,717","76,557","25,279","10,167","2,453"
Locality: 101 KING WILLIAM COUNTY,0201,201 - SWEET HALL,905,9,914,7,,,6,"12,993",240,"13,233",82,4,13,133,"5,763,241","212,476","5,975,717","76,557","25,279","10,167","2,453"
Locality: 101 KING WILLIAM COUNTY,0202,202 - COURTHOUSE,"1,691",18,"1,709",11,,2,6,"12,993",240,"13,233",82,4,13,133,"5,763,241","212,476","5,975,717","76,557","25,279","10,167","2,453"
Locality: 101 KING WILLIAM COUNTY,0301,301 - AYLETT,"2,595",37,"2,632",11,,3,6,"12,993",240,"13,233",82,4,13,133,"5,763,241","212,476","5,975,717","76,557","25,279","10,167","2,453"
Locality: 101 KING WILLIAM COUNTY,0401,401 - MANQUIN,"2,807",53,"2,860",16,1,3,6,"12,993",240,"13,233",82,4,13,133,"5,763,241","212,476","5,975,717","76,557","25,279","10,167","2,453"
Locality: 101 KING WILLIAM COUNTY,0501,501 - MANGOHICK,"2,670",25,"2,695",15,1,1,6,"12,993",240,"13,233",82,4,13,133,"5,763,241","212,476","5,975,717","76,557","25,279","10,167","2,453"
Locality: 103 LANCASTER COUNTY,0101,101 - PRECINCT 1-1,"1,778",26,"1,804",10,4,1,6,"8,818",118,"8,936",46,20,21,133,"5,763,241","212,476","5,975,717","76,557","25,279","10,167","2,453"
Locality: 103 LANCASTER COUNTY,0201,201 - PRECINCT 2-1,"1,604",23,"1,627",8,3,1,6,"8,818",118,"8,936",46,20,21,133,"5,763,241","212,476","5,975,717","76,557","25,279","10,167","2,453"
Locality: 103 LANCASTER COUNTY,0301,301 - PRECINCT 3-1,"1,291",15,"1,306",10,3,2,6,"8,818",118,"8,936",46,20,21,133,"5,763,241","212,476","5,975,717","76,557","25,279","10,167","2,453"
Locality: 103 LANCASTER COUNTY,0302,302 - PRECINCT 3-2,638,7,645,,1,4,6,"8,818",118,"8,936",46,20,21,133,"5,763,241","212,476","5,975,717","76,557","25,279","10,167","2,453"
Locality: 103 LANCASTER COUNTY,0401,401 - PRECINCT 4-1,"1,561",22,"1,583",9,2,1,6,"8,818",118,"8,936",46,20,21,133,"5,763,241","212,476","5,975,717","76,557","25,279","10,167","2,453"
Locality: 103 LANCASTER COUNTY,0501,501 - PRECINCT 5-1,"1,946",25,"1,971",9,7,12,6,"8,818",118,"8,936",46,20,21,133,"5,763,241","212,476","5,975,717","76,557","25,279","10,167","2,453"
Locality: 105 LEE COUNTY,0101,101 - ELYDALE,850,66,916,5,1,,16,"14,817",624,"15,441",52,3,4,133,"5,763,241","212,476","5,975,717","76,557","25,279","10,167","2,453"
Locality: 105 LEE COUNTY,0102,102 - EWING,820,52,872,5,1,,16,"14,817",624,"15,441",52,3,4,133,"5,763,241","212,476","5,975,717","76,557","25,279","10,167","2,453"
Locality: 105 LEE COUNTY,0103,103 - ROSE HILL,"1,502",69,"1,571",1,,,16,"14,817",624,"15,441",52,3,4,133,"5,763,241","212,476","5,975,717","76,557","25,279","10,167","2,453"
Locality: 105 LEE COUNTY,0201,201 - BLACKWATER,274,19,293,1,,,16,"14,817",624,"15,441",52,3,4,133,"5,763,241","212,476","5,975,717","76,557","25,279","10,167","2,453"
Locality: 105 LEE COUNTY,0202,202 - FLATWOODS,"1,102",33,"1,135",4,,,16,"14,817",624,"15,441",52,3,4,133,"5,763,241","212,476","5,975,717","76,557","25,279","10,167","2,453"
Locality: 105 LEE COUNTY,0203,203 - JONESVILLE,"1,769",54,"1,823",6,,2,16,"14,817",624,"15,441",52,3,4,133,"5,763,241","212,476","5,975,717","76,557","25,279","10,167","2,453"
Locality: 105 LEE COUNTY,0301,301 - BEN HUR,"1,821",64,"1,885",8,1,,16,"14,817",624,"15,441",52,3,4,133,"5,763,241","212,476","5,975,717","76,557","25,279","10,167","2,453"
Locality: 105 LEE COUNTY,0302,302 - WOODWAY,"1,177",50,"1,227",4,,1,16,"14,817",624,"15,441",52,3,4,133,"5,763,241","212,476","5,975,717","76,557","25,279","10,167","2,453"
Locality: 105 LEE COUNTY,0401,401 - STICKLEYVILLE,650,38,688,,,,16,"14,817",624,"15,441",52,3,4,133,"5,763,241","212,476","5,975,717","76,557","25,279","10,167","2,453"
Locality: 105 LEE COUNTY,0402,402 - JASPER,489,15,504,1,,,16,"14,817",624,"15,441",52,3,4,133,"5,763,241","212,476","5,975,717","76,557","25,279","10,167","2,453"
Locality: 105 LEE COUNTY,0403,403 - SEMINARY,604,22,626,2,,,16,"14,817",624,"15,441",52,3,4,133,"5,763,241","212,476","5,975,717","76,557","25,279","10,167","2,453"
Locality: 105 LEE COUNTY,0404,404 - DRYDEN,"1,210",35,"1,245",8,,1,16,"14,817",624,"15,441",52,3,4,133,"5,763,241","212,476","5,975,717","76,557","25,279","10,167","2,453"
Locality: 105 LEE COUNTY,0501,501 - SAINT CHARLES,702,40,742,,,,16,"14,817",624,"15,441",52,3,4,133,"5,763,241","212,476","5,975,717","76,557","25,279","10,167","2,453"
Locality: 105 LEE COUNTY,0502,502 - PENNINGTON,"1,374",46,"1,420",7,,,16,"14,817",624,"15,441",52,3,4,133,"5,763,241","212,476","5,975,717","76,557","25,279","10,167","2,453"
Locality: 105 LEE COUNTY,0503,503 - ROBBINS CHAPEL,190,13,203,,,,16,"14,817",624,"15,441",52,3,4,133,"5,763,241","212,476","5,975,717","76,557","25,279","10,167","2,453"
Locality: 105 LEE COUNTY,0504,504 - KEOKEE,283,8,291,,,,16,"14,817",624,"15,441",52,3,4,133,"5,763,241","212,476","5,975,717","76,557","25,279","10,167","2,453"
Locality: 107 LOUDOUN COUNTY,0107,107 - LITTLE RIVER,"3,012",62,"3,074",27,19,7,98,"274,111","8,153","282,264","1,792","1,969",722,133,"5,763,241","212,476","5,975,717","76,557","25,279","10,167","2,453"
Locality: 107 LOUDOUN COUNTY,0108,108 - MERCER,"2,937",94,"3,031",30,14,3,98,"274,111","8,153","282,264","1,792","1,969",722,133,"5,763,241","212,476","5,975,717","76,557","25,279","10,167","2,453"
Locality: 107 LOUDOUN COUNTY,0112,112 - FREEDOM,"2,487",56,"2,543",17,15,7,98,"274,111","8,153","282,264","1,792","1,969",722,133,"5,763,241","212,476","5,975,717","76,557","25,279","10,167","2,453"
Locality: 107 LOUDOUN COUNTY,0114,114 - DULLES SOUTH,"2,992",59,"3,051",26,10,3,98,"274,111","8,153","282,264","1,792","1,969",722,133,"5,763,241","212,476","5,975,717","76,557","25,279","10,167","2,453"
Locality: 107 LOUDOUN COUNTY,0117,117 - CARTER,"1,686",91,"1,777",10,5,14,98,"274,111","8,153","282,264","1,792","1,969",722,133,"5,763,241","212,476","5,975,717","76,557","25,279","10,167","2,453"
Locality: 107 LOUDOUN COUNTY,0118,118 - MOOREFIELD,"3,581",129,"3,710",26,16,7,98,"274,111","8,153","282,264","1,792","1,969",722,133,"5,763,241","212,476","5,975,717","76,557","25,279","10,167","2,453"
Locality: 107 LOUDOUN COUNTY,0119,119 - ARCOLA,"2,624",72,"2,696",18,10,3,98,"274,111","8,153","282,264","1,792","1,969",722,133,"5,763,241","212,476","5,975,717","76,557","25,279","10,167","2,453"
Locality: 107 LOUDOUN COUNTY,0120,120 - LUNSFORD,"3,567",63,"3,630",25,13,3,98,"274,111","8,153","282,264","1,792","1,969",722,133,"5,763,241","212,476","5,975,717","76,557","25,279","10,167","2,453"
Locality: 107 LOUDOUN COUNTY,0121,121 - TOWN HALL,"1,912",66,"1,978",8,12,4,98,"274,111","8,153","282,264","1,792","1,969",722,133,"5,763,241","212,476","5,975,717","76,557","25,279","10,167","2,453"
Locality: 107 LOUDOUN COUNTY,0122,122 - HUTCHISON FARM,"3,488",83,"3,571",19,24,11,98,"274,111","8,153","282,264","1,792","1,969",722,133,"5,763,241","212,476","5,975,717","76,557","25,279","10,167","2,453"
Locality: 107 LOUDOUN COUNTY,0123,123 - CARDINAL RIDGE,"1,818",35,"1,853",16,8,5,98,"274,111","8,153","282,264","1,792","1,969",722,133,"5,763,241","212,476","5,975,717","76,557","25,279","10,167","2,453"
Locality: 107 LOUDOUN COUNTY,0124,124 - LIBERTY,"2,586",75,"2,661",21,30,7,98,"274,111","8,153","282,264","1,792","1,969",722,133,"5,763,241","212,476","5,975,717","76,557","25,279","10,167","2,453"
Locality: 107 LOUDOUN COUNTY,0125,125 - ROCK RIDGE,"2,729",49,"2,778",10,20,10,98,"274,111","8,153","282,264","1,792","1,969",722,133,"5,763,241","212,476","5,975,717","76,557","25,279","10,167","2,453"
Locality: 107 LOUDOUN COUNTY,0126,126-GOSHEN POST,"3,210",95,"3,305",28,18,5,98,"274,111","8,153","282,264","1,792","1,969",722,133,"5,763,241","212,476","5,975,717","76,557","25,279","10,167","2,453"
Locality: 107 LOUDOUN COUNTY,0207,207 - RIVER BEND,"1,855",44,"1,899",13,10,7,98,"274,111","8,153","282,264","1,792","1,969",722,133,"5,763,241","212,476","5,975,717","76,557","25,279","10,167","2,453"
Locality: 107 LOUDOUN COUNTY,0208,208 - ALGONKIAN,"1,931",69,"2,000",12,18,6,98,"274,111","8,153","282,264","1,792","1,969",722,133,"5,763,241","212,476","5,975,717","76,557","25,279","10,167","2,453"
Locality: 107 LOUDOUN COUNTY,0209,209 - POTOMAC FALLS,"2,859",133,"2,992",16,27,8,98,"274,111","8,153","282,264","1,792","1,969",722,133,"5,763,241","212,476","5,975,717","76,557","25,279","10,167","2,453"
Locality: 107 LOUDOUN COUNTY,0210,210 - CASCADES,"3,657",145,"3,802",23,36,15,98,"274,111","8,153","282,264","1,792","1,969",722,133,"5,763,241","212,476","5,975,717","76,557","25,279","10,167","2,453"
Locality: 107 LOUDOUN COUNTY,0213,213 - COUNTRYSIDE,"1,223",50,"1,273",8,11,5,98,"274,111","8,153","282,264","1,792","1,969",722,133,"5,763,241","212,476","5,975,717","76,557","25,279","10,167","2,453"
Locality: 107 LOUDOUN COUNTY,0214,214 - SUGARLAND NORTH,"3,485",88,"3,573",22,30,13,98,"274,111","8,153","282,264","1,792","1,969",722,133,"5,763,241","212,476","5,975,717","76,557","25,279","10,167","2,453"
Locality: 107 LOUDOUN COUNTY,0215,215 - SUGARLAND SOUTH,"3,176",91,"3,267",25,21,6,98,"274,111","8,153","282,264","1,792","1,969",722,133,"5,763,241","212,476","5,975,717","76,557","25,279","10,167","2,453"
Locality: 107 LOUDOUN COUNTY,0216,216 - LOWES ISLAND,"2,776",67,"2,843",15,33,8,98,"274,111","8,153","282,264","1,792","1,969",722,133,"5,763,241","212,476","5,975,717","76,557","25,279","10,167","2,453"
Locality: 107 LOUDOUN COUNTY,0217,217 - SOUTH BANK,"3,357",82,"3,439",15,25,21,98,"274,111","8,153","282,264","1,792","1,969",722,133,"5,763,241","212,476","5,975,717","76,557","25,279","10,167","2,453"
Locality: 107 LOUDOUN COUNTY,0218,218 - UNIVERSITY CENTER,"2,776",148,"2,924",16,26,12,98,"274,111","8,153","282,264","1,792","1,969",722,133,"5,763,241","212,476","5,975,717","76,557","25,279","10,167","2,453"
Locality: 107 LOUDOUN COUNTY,0219,219 - GALILEE CHURCH,"2,537",111,"2,648",8,12,11,98,"274,111","8,153","282,264","1,792","1,969",722,133,"5,763,241","212,476","5,975,717","76,557","25,279","10,167","2,453"
Locality: 107 LOUDOUN COUNTY,0301,301 - PURCELLVILLE,"3,483",81,"3,564",27,16,4,98,"274,111","8,153","282,264","1,792","1,969",722,133,"5,763,241","212,476","5,975,717","76,557","25,279","10,167","2,453"
Locality: 107 LOUDOUN COUNTY,0302,302 - ROUND HILL,"2,972",77,"3,049",24,18,6,98,"274,111","8,153","282,264","1,792","1,969",722,133,"5,763,241","212,476","5,975,717","76,557","25,279","10,167","2,453"
Locality: 107 LOUDOUN COUNTY,0303,303 - HILLSBORO,"2,663",118,"2,781",14,17,4,98,"274,111","8,153","282,264","1,792","1,969",722,133,"5,763,241","212,476","5,975,717","76,557","25,279","10,167","2,453"
Locality: 107 LOUDOUN COUNTY,0305,305 - PHILOMONT,"1,318",25,"1,343",15,5,7,98,"274,111","8,153","282,264","1,792","1,969",722,133,"5,763,241","212,476","5,975,717","76,557","25,279","10,167","2,453"
Locality: 107 LOUDOUN COUNTY,0307,307 - MIDDLEBURG,"1,412",41,"1,453",11,9,12,98,"274,111","8,153","282,264","1,792","1,969",722,133,"5,763,241","212,476","5,975,717","76,557","25,279","10,167","2,453"
Locality: 107 LOUDOUN COUNTY,0308,308 - ST LOUIS,"1,484",45,"1,529",4,10,3,98,"274,111","8,153","282,264","1,792","1,969",722,133,"5,763,241","212,476","5,975,717","76,557","25,279","10,167","2,453"
Locality: 107 LOUDOUN COUNTY,0309,309 - ALDIE,"1,057",37,"1,094",5,3,2,98,"274,111","8,153","282,264","1,792","1,969",722,133,"5,763,241","212,476","5,975,717","76,557","25,279","10,167","2,453"
Locality: 107 LOUDOUN COUNTY,0310,310 - MOUNTAIN VIEW,"3,971",131,"4,102",34,23,5,98,"274,111","8,153","282,264","1,792","1,969",722,133,"5,763,241","212,476","5,975,717","76,557","25,279","10,167","2,453"
Locality: 107 LOUDOUN COUNTY,0311,311 - ROUND HILL ELEMENTARY,"3,284",69,"3,353",20,18,3,98,"274,111","8,153","282,264","1,792","1,969",722,133,"5,763,241","212,476","5,975,717","76,557","25,279","10,167","2,453"
Locality: 107 LOUDOUN COUNTY,0312,312 - BRIAR WOODS,"3,402",112,"3,514",20,36,12,98,"274,111","8,153","282,264","1,792","1,969",722,133,"5,763,241","212,476","5,975,717","76,557","25,279","10,167","2,453"
Locality: 107 LOUDOUN COUNTY,0313,313 - PINEBROOK,"3,602",40,"3,642",26,28,7,98,"274,111","8,153","282,264","1,792","1,969",722,133,"5,763,241","212,476","5,975,717","76,557","25,279","10,167","2,453"
Locality: 107 LOUDOUN COUNTY,0314,314 - LEGACY,"2,944",100,"3,044",22,22,7,98,"274,111","8,153","282,264","1,792","1,969",722,133,"5,763,241","212,476","5,975,717","76,557","25,279","10,167","2,453"
Locality: 107 LOUDOUN COUNTY,0315,315 - FIREHOUSE,975,20,995,9,7,4,98,"274,111","8,153","282,264","1,792","1,969",722,133,"5,763,241","212,476","5,975,717","76,557","25,279","10,167","2,453"
Locality: 107 LOUDOUN COUNTY,0316,316 - CREIGHTON'S CORNER,"3,932",179,"4,111",38,55,6,98,"274,111","8,153","282,264","1,792","1,969",722,133,"5,763,241","212,476","5,975,717","76,557","25,279","10,167","2,453"
Locality: 107 LOUDOUN COUNTY,0318,318 - MADISON'S TRUST,"4,271",67,"4,338",27,24,3,98,"274,111","8,153","282,264","1,792","1,969",722,133,"5,763,241","212,476","5,975,717","76,557","25,279","10,167","2,453"
Locality: 107 LOUDOUN COUNTY,0319,319 - JOHN CHAMPE,"5,157",77,"5,234",30,15,2,98,"274,111","8,153","282,264","1,792","1,969",722,133,"5,763,241","212,476","5,975,717","76,557","25,279","10,167","2,453"
Locality: 107 LOUDOUN COUNTY,0320,320 - STONE HILL,"4,560",138,"4,698",27,29,7,98,"274,111","8,153","282,264","1,792","1,969",722,133,"5,763,241","212,476","5,975,717","76,557","25,279","10,167","2,453"
Locality: 107 LOUDOUN COUNTY,0321,321 - BRAMBLETON MIDDLE,"2,135",58,"2,193",13,19,5,98,"274,111","8,153","282,264","1,792","1,969",722,133,"5,763,241","212,476","5,975,717","76,557","25,279","10,167","2,453"
Locality: 107 LOUDOUN COUNTY,0322,322-BUFFALO TRAIL,"2,549",24,"2,573",21,3,3,98,"274,111","8,153","282,264","1,792","1,969",722,133,"5,763,241","212,476","5,975,717","76,557","25,279","10,167","2,453"
Locality: 107 LOUDOUN COUNTY,0401,401 - WEST LOVETTSVILLE,"3,850",112,"3,962",37,19,4,98,"274,111","8,153","282,264","1,792","1,969",722,133,"5,763,241","212,476","5,975,717","76,557","25,279","10,167","2,453"
Locality: 107 LOUDOUN COUNTY,0402,402 - WATERFORD,"3,258",72,"3,330",34,25,16,98,"274,111","8,153","282,264","1,792","1,969",722,133,"5,763,241","212,476","5,975,717","76,557","25,279","10,167","2,453"
Locality: 107 LOUDOUN COUNTY,0403,403 - LUCKETTS,"3,934",117,"4,051",32,49,12,98,"274,111","8,153","282,264","1,792","1,969",722,133,"5,763,241","212,476","5,975,717","76,557","25,279","10,167","2,453"
Locality: 107 LOUDOUN COUNTY,0407,407 - HARPER PARK,"2,071",50,"2,121",12,17,5,98,"274,111","8,153","282,264","1,792","1,969",722,133,"5,763,241","212,476","5,975,717","76,557","25,279","10,167","2,453"
Locality: 107 LOUDOUN COUNTY,0408,408 - EVERGREEN,"3,934",106,"4,040",22,29,7,98,"274,111","8,153","282,264","1,792","1,969",722,133,"5,763,241","212,476","5,975,717","76,557","25,279","10,167","2,453"
Locality: 107 LOUDOUN COUNTY,0409,409 - CLARKES GAP,"3,343",78,"3,421",26,24,11,98,"274,111","8,153","282,264","1,792","1,969",722,133,"5,763,241","212,476","5,975,717","76,557","25,279","10,167","2,453"
Locality: 107 LOUDOUN COUNTY,0411,411 - EAST LOVETTSVILLE,"2,433",62,"2,495",20,14,8,98,"274,111","8,153","282,264","1,792","1,969",722,133,"5,763,241","212,476","5,975,717","76,557","25,279","10,167","2,453"
Locality: 107 LOUDOUN COUNTY,0413,413 - TUSCARORA,154,11,165,1,,1,98,"274,111","8,153","282,264","1,792","1,969",722,133,"5,763,241","212,476","5,975,717","76,557","25,279","10,167","2,453"
Locality: 107 LOUDOUN COUNTY,0414,414 - RED ROCK,"1,829",44,"1,873",5,12,2,98,"274,111","8,153","282,264","1,792","1,969",722,133,"5,763,241","212,476","5,975,717","76,557","25,279","10,167","2,453"
Locality: 107 LOUDOUN COUNTY,0416,416 - HAMILTON,"3,643",84,"3,727",17,25,6,98,"274,111","8,153","282,264","1,792","1,969",722,133,"5,763,241","212,476","5,975,717","76,557","25,279","10,167","2,453"
Locality: 107 LOUDOUN COUNTY,0420,420 - RIVER CREEK,"3,075",108,"3,183",22,28,27,98,"274,111","8,153","282,264","1,792","1,969",722,133,"5,763,241","212,476","5,975,717","76,557","25,279","10,167","2,453"
Locality: 107 LOUDOUN COUNTY,0421,421 - BETWEEN THE HILLS,374,27,401,2,4,,98,"274,111","8,153","282,264","1,792","1,969",722,133,"5,763,241","212,476","5,975,717","76,557","25,279","10,167","2,453"
Locality: 107 LOUDOUN COUNTY,0422,422 - SYCOLIN CREEK,"2,424",76,"2,500",20,10,4,98,"274,111","8,153","282,264","1,792","1,969",722,133,"5,763,241","212,476","5,975,717","76,557","25,279","10,167","2,453"
Locality: 107 LOUDOUN COUNTY,0501,501 - WEST LEESBURG,"3,085",100,"3,185",19,23,17,98,"274,111","8,153","282,264","1,792","1,969",722,133,"5,763,241","212,476","5,975,717","76,557","25,279","10,167","2,453"
Locality: 107 LOUDOUN COUNTY,0502,502 - EAST LEESBURG,"3,647",194,"3,841",24,22,12,98,"274,111","8,153","282,264","1,792","1,969",722,133,"5,763,241","212,476","5,975,717","76,557","25,279","10,167","2,453"
Locality: 107 LOUDOUN COUNTY,0503,503 - DRY MILL,"1,526",35,"1,561",6,11,6,98,"274,111","8,153","282,264","1,792","1,969",722,133,"5,763,241","212,476","5,975,717","76,557","25,279","10,167","2,453"
Locality: 107 LOUDOUN COUNTY,0504,504 - SMARTS MILL,"3,468",113,"3,581",25,16,13,98,"274,111","8,153","282,264","1,792","1,969",722,133,"5,763,241","212,476","5,975,717","76,557","25,279","10,167","2,453"
Locality: 107 LOUDOUN COUNTY,0505,505 - COOL SPRING,"3,308",91,"3,399",29,29,8,98,"274,111","8,153","282,264","1,792","1,969",722,133,"5,763,241","212,476","5,975,717","76,557","25,279","10,167","2,453"
Locality: 107 LOUDOUN COUNTY,0506,506 - BRANDON PARK,"2,101",120,"2,221",5,9,2,98,"274,111","8,153","282,264","1,792","1,969",722,133,"5,763,241","212,476","5,975,717","76,557","25,279","10,167","2,453"
Locality: 107 LOUDOUN COUNTY,0507,507 - GREENWAY,"1,666",84,"1,750",10,16,11,98,"274,111","8,153","282,264","1,792","1,969",722,133,"5,763,241","212,476","5,975,717","76,557","25,279","10,167","2,453"
Locality: 107 LOUDOUN COUNTY,0508,508 - BALLS BLUFF,"3,140",99,"3,239",22,20,9,98,"274,111","8,153","282,264","1,792","1,969",722,133,"5,763,241","212,476","5,975,717","76,557","25,279","10,167","2,453"
Locality: 107 LOUDOUN COUNTY,0509,509 - TOLBERT,"4,044",148,"4,192",27,20,5,98,"274,111","8,153","282,264","1,792","1,969",722,133,"5,763,241","212,476","5,975,717","76,557","25,279","10,167","2,453"
Locality: 107 LOUDOUN COUNTY,0510,510 - HERITAGE,"1,936",60,"1,996",11,11,1,98,"274,111","8,153","282,264","1,792","1,969",722,133,"5,763,241","212,476","5,975,717","76,557","25,279","10,167","2,453"
Locality: 107 LOUDOUN COUNTY,0615,615 - HILLSIDE,"2,895",74,"2,969",27,35,5,98,"274,111","8,153","282,264","1,792","1,969",722,133,"5,763,241","212,476","5,975,717","76,557","25,279","10,167","2,453"
Locality: 107 LOUDOUN COUNTY,0616,616 - EAGLE RIDGE,"3,250",78,"3,328",14,27,7,98,"274,111","8,153","282,264","1,792","1,969",722,133,"5,763,241","212,476","5,975,717","76,557","25,279","10,167","2,453"
Locality: 107 LOUDOUN COUNTY,0617,617 - OAK GROVE,"1,392",53,"1,445",8,7,,98,"274,111","8,153","282,264","1,792","1,969",722,133,"5,763,241","212,476","5,975,717","76,557","25,279","10,167","2,453"
Locality: 107 LOUDOUN COUNTY,0619,619 - RIDGETOP,"1,961",140,"2,101",21,14,8,98,"274,111","8,153","282,264","1,792","1,969",722,133,"5,763,241","212,476","5,975,717","76,557","25,279","10,167","2,453"
Locality: 107 LOUDOUN COUNTY,0620,620 - RUSSELL BRANCH,"3,502",108,"3,610",26,39,5,98,"274,111","8,153","282,264","1,792","1,969",722,133,"5,763,241","212,476","5,975,717","76,557","25,279","10,167","2,453"
Locality: 107 LOUDOUN COUNTY,0621,621 - DOMINION TRAIL,"3,849",95,"3,944",14,30,10,98,"274,111","8,153","282,264","1,792","1,969",722,133,"5,763,241","212,476","5,975,717","76,557","25,279","10,167","2,453"
Locality: 107 LOUDOUN COUNTY,0622,622 - FARMWELL STATION,"3,836",122,"3,958",19,31,8,98,"274,111","8,153","282,264","1,792","1,969",722,133,"5,763,241","212,476","5,975,717","76,557","25,279","10,167","2,453"
Locality: 107 LOUDOUN COUNTY,0623,623 - WELLER,"4,403",69,"4,472",15,26,9,98,"274,111","8,153","282,264","1,792","1,969",722,133,"5,763,241","212,476","5,975,717","76,557","25,279","10,167","2,453"
Locality: 107 LOUDOUN COUNTY,0625,625 - MILL RUN,"1,410",23,"1,433",13,4,4,98,"274,111","8,153","282,264","1,792","1,969",722,133,"5,763,241","212,476","5,975,717","76,557","25,279","10,167","2,453"
Locality: 107 LOUDOUN COUNTY,0626,626 - ASHBY PONDS,"1,613",12,"1,625",3,4,3,98,"274,111","8,153","282,264","1,792","1,969",722,133,"5,763,241","212,476","5,975,717","76,557","25,279","10,167","2,453"
Locality: 107 LOUDOUN COUNTY,0627,627 - ASHBROOK,"1,212",84,"1,296",4,7,8,98,"274,111","8,153","282,264","1,792","1,969",722,133,"5,763,241","212,476","5,975,717","76,557","25,279","10,167","2,453"
Locality: 107 LOUDOUN COUNTY,0628,628 - MOOREFIELD STATION,"4,460",186,"4,646",44,34,10,98,"274,111","8,153","282,264","1,792","1,969",722,133,"5,763,241","212,476","5,975,717","76,557","25,279","10,167","2,453"
Locality: 107 LOUDOUN COUNTY,0629,629 - DISCOVERY,960,53,"1,013",2,6,2,98,"274,111","8,153","282,264","1,792","1,969",722,133,"5,763,241","212,476","5,975,717","76,557","25,279","10,167","2,453"
Locality: 107 LOUDOUN COUNTY,0701,701 - SULLY,"2,922",88,"3,010",18,20,2,98,"274,111","8,153","282,264","1,792","1,969",722,133,"5,763,241","212,476","5,975,717","76,557","25,279","10,167","2,453"
Locality: 107 LOUDOUN COUNTY,0702,702 - PARK VIEW,"2,613",63,"2,676",10,16,3,98,"274,111","8,153","282,264","1,792","1,969",722,133,"5,763,241","212,476","5,975,717","76,557","25,279","10,167","2,453"
Locality: 107 LOUDOUN COUNTY,0703,703 - ROLLING RIDGE,"3,044",102,"3,146",14,25,5,98,"274,111","8,153","282,264","1,792","1,969",722,133,"5,763,241","212,476","5,975,717","76,557","25,279","10,167","2,453"
Locality: 107 LOUDOUN COUNTY,0705,705 - FOREST GROVE,"3,716",131,"3,847",30,21,11,98,"274,111","8,153","282,264","1,792","1,969",722,133,"5,763,241","212,476","5,975,717","76,557","25,279","10,167","2,453"
Locality: 107 LOUDOUN COUNTY,0707,707 - CLAUDE MOORE PARK,"2,504",98,"2,602",19,27,8,98,"274,111","8,153","282,264","1,792","1,969",722,133,"5,763,241","212,476","5,975,717","76,557","25,279","10,167","2,453"
Locality: 107 LOUDOUN COUNTY,0708,708 - SENECA,"2,747",65,"2,812",11,26,15,98,"274,111","8,153","282,264","1,792","1,969",722,133,"5,763,241","212,476","5,975,717","76,557","25,279","10,167","2,453"
Locality: 107 LOUDOUN COUNTY,0709,709 - MIRROR RIDGE,"2,987",88,"3,075",24,25,9,98,"274,111","8,153","282,264","1,792","1,969",722,133,"5,763,241","212,476","5,975,717","76,557","25,279","10,167","2,453"
Locality: 107 LOUDOUN COUNTY,0710,710 - STERLING,"2,566",81,"2,647",26,22,9,98,"274,111","8,153","282,264","1,792","1,969",722,133,"5,763,241","212,476","5,975,717","76,557","25,279","10,167","2,453"
Locality: 107 LOUDOUN COUNTY,0808,808 - STONE BRIDGE,"3,691",89,"3,780",15,29,12,98,"274,111","8,153","282,264","1,792","1,969",722,133,"5,763,241","212,476","5,975,717","76,557","25,279","10,167","2,453"
Locality: 107 LOUDOUN COUNTY,0810,810 - CEDAR LANE,"3,073",111,"3,184",6,23,7,98,"274,111","8,153","282,264","1,792","1,969",722,133,"5,763,241","212,476","5,975,717","76,557","25,279","10,167","2,453"
Locality: 107 LOUDOUN COUNTY,0813,813 - SELDENS LANDING,"2,646",117,"2,763",15,17,6,98,"274,111","8,153","282,264","1,792","1,969",722,133,"5,763,241","212,476","5,975,717","76,557","25,279","10,167","2,453"
Locality: 107 LOUDOUN COUNTY,0814,814 - NEWTON - LEE,"3,482",96,"3,578",23,29,11,98,"274,111","8,153","282,264","1,792","1,969",722,133,"5,763,241","212,476","5,975,717","76,557","25,279","10,167","2,453"
Locality: 107 LOUDOUN COUNTY,0815,815 - BELMONT RIDGE,"3,700",64,"3,764",10,35,16,98,"274,111","8,153","282,264","1,792","1,969",722,133,"5,763,241","212,476","5,975,717","76,557","25,279","10,167","2,453"
Locality: 107 LOUDOUN COUNTY,0817,817 - SANDERS CORNER,"4,000",124,"4,124",28,48,6,98,"274,111","8,153","282,264","1,792","1,969",722,133,"5,763,241","212,476","5,975,717","76,557","25,279","10,167","2,453"
Locality: 107 LOUDOUN COUNTY,0818,818 - BROAD RUN,"2,578",70,"2,648",14,32,8,98,"274,111","8,153","282,264","1,792","1,969",722,133,"5,763,241","212,476","5,975,717","76,557","25,279","10,167","2,453"
Locality: 107 LOUDOUN COUNTY,0819,819 - HERITAGE CHURCH,"2,402",63,"2,465",19,22,7,98,"274,111","8,153","282,264","1,792","1,969",722,133,"5,763,241","212,476","5,975,717","76,557","25,279","10,167","2,453"
Locality: 107 LOUDOUN COUNTY,0820,820 - BELMONT STATION,"2,843",73,"2,916",19,28,10,98,"274,111","8,153","282,264","1,792","1,969",722,133,"5,763,241","212,476","5,975,717","76,557","25,279","10,167","2,453"
Locality: 107 LOUDOUN COUNTY,0822,822 - RIVERSIDE,"2,179",46,"2,225",12,7,8,98,"274,111","8,153","282,264","1,792","1,969",722,133,"5,763,241","212,476","5,975,717","76,557","25,279","10,167","2,453"
Locality: 109 LOUISA COUNTY,0101,101 - ZION,"3,103",51,"3,154",21,3,7,15,"26,813",477,"27,290",138,32,30,133,"5,763,241","212,476","5,975,717","76,557","25,279","10,167","2,453"
Locality: 109 LOUISA COUNTY,0102,102 - MECHANICSVILLE,"1,587",28,"1,615",9,2,3,15,"26,813",477,"27,290",138,32,30,133,"5,763,241","212,476","5,975,717","76,557","25,279","10,167","2,453"
Locality: 109 LOUISA COUNTY,0201,201 - LOUISA #1,"1,895",42,"1,937",14,3,,15,"26,813",477,"27,290",138,32,30,133,"5,763,241","212,476","5,975,717","76,557","25,279","10,167","2,453"
Locality: 109 LOUISA COUNTY,0202,202 - LOUISA #2,"1,733",17,"1,750",9,7,1,15,"26,813",477,"27,290",138,32,30,133,"5,763,241","212,476","5,975,717","76,557","25,279","10,167","2,453"
Locality: 109 LOUISA COUNTY,0301,301 - PATRICK HENRY NO 1,"3,164",56,"3,220",16,7,2,15,"26,813",477,"27,290",138,32,30,133,"5,763,241","212,476","5,975,717","76,557","25,279","10,167","2,453"
Locality: 109 LOUISA COUNTY,0302,302 - PATRICK HENRY #2,825,24,849,4,,1,15,"26,813",477,"27,290",138,32,30,133,"5,763,241","212,476","5,975,717","76,557","25,279","10,167","2,453"
Locality: 109 LOUISA COUNTY,0401,401 - MINERAL,"3,080",60,"3,140",20,2,2,15,"26,813",477,"27,290",138,32,30,133,"5,763,241","212,476","5,975,717","76,557","25,279","10,167","2,453"
Locality: 109 LOUISA COUNTY,0402,402 - YANCEYVILLE,870,21,891,3,1,1,15,"26,813",477,"27,290",138,32,30,133,"5,763,241","212,476","5,975,717","76,557","25,279","10,167","2,453"
Locality: 109 LOUISA COUNTY,0501,501 - FREDERICKS HALL,"1,017",17,"1,034",2,,,15,"26,813",477,"27,290",138,32,30,133,"5,763,241","212,476","5,975,717","76,557","25,279","10,167","2,453"
Locality: 109 LOUISA COUNTY,0502,502 - CUCKOO,"1,409",31,"1,440",4,,2,15,"26,813",477,"27,290",138,32,30,133,"5,763,241","212,476","5,975,717","76,557","25,279","10,167","2,453"
Locality: 109 LOUISA COUNTY,0503,503 - ELK CREEK,"1,172",19,"1,191",7,3,4,15,"26,813",477,"27,290",138,32,30,133,"5,763,241","212,476","5,975,717","76,557","25,279","10,167","2,453"
Locality: 109 LOUISA COUNTY,0601,601 - BUMPASS,"1,579",32,"1,611",6,1,,15,"26,813",477,"27,290",138,32,30,133,"5,763,241","212,476","5,975,717","76,557","25,279","10,167","2,453"
Locality: 109 LOUISA COUNTY,0602,602 - LOCUST CREEK,"1,888",26,"1,914",5,,2,15,"26,813",477,"27,290",138,32,30,133,"5,763,241","212,476","5,975,717","76,557","25,279","10,167","2,453"
Locality: 109 LOUISA COUNTY,0701,701 - SHELTONS MILL,"1,969",34,"2,003",6,1,5,15,"26,813",477,"27,290",138,32,30,133,"5,763,241","212,476","5,975,717","76,557","25,279","10,167","2,453"
Locality: 109 LOUISA COUNTY,0702,702 - SOUTH ANNA,"1,522",19,"1,541",12,2,,15,"26,813",477,"27,290",138,32,30,133,"5,763,241","212,476","5,975,717","76,557","25,279","10,167","2,453"
Locality: 111 LUNENBURG COUNTY,0101,101 - PLYMOUTH,966,30,996,3,1,,11,"7,880",183,"8,063",50,7,,133,"5,763,241","212,476","5,975,717","76,557","25,279","10,167","2,453"
Locality: 111 LUNENBURG COUNTY,0201,201 - BROWNS STORE,856,12,868,4,2,,11,"7,880",183,"8,063",50,7,,133,"5,763,241","212,476","5,975,717","76,557","25,279","10,167","2,453"
Locality: 111 LUNENBURG COUNTY,0301,301 - ROSEBUD,590,13,603,3,2,,11,"7,880",183,"8,063",50,7,,133,"5,763,241","212,476","5,975,717","76,557","25,279","10,167","2,453"
Locality: 111 LUNENBURG COUNTY,0302,302 - FLAT ROCK,717,14,731,3,,,11,"7,880",183,"8,063",50,7,,133,"5,763,241","212,476","5,975,717","76,557","25,279","10,167","2,453"
Locality: 111 LUNENBURG COUNTY,0401,401 - ARROWHEAD GUN CLUB,403,10,413,2,,,11,"7,880",183,"8,063",50,7,,133,"5,763,241","212,476","5,975,717","76,557","25,279","10,167","2,453"
Locality: 111 LUNENBURG COUNTY,0402,402 - PLEASANT GROVE,863,21,884,10,,,11,"7,880",183,"8,063",50,7,,133,"5,763,241","212,476","5,975,717","76,557","25,279","10,167","2,453"
Locality: 111 LUNENBURG COUNTY,0501,501 - REEDY CREEK,568,15,583,2,,,11,"7,880",183,"8,063",50,7,,133,"5,763,241","212,476","5,975,717","76,557","25,279","10,167","2,453"
Locality: 111 LUNENBURG COUNTY,0502,502 - PEOPLES COMMUNITY CENTER,677,9,686,4,1,,11,"7,880",183,"8,063",50,7,,133,"5,763,241","212,476","5,975,717","76,557","25,279","10,167","2,453"
Locality: 111 LUNENBURG COUNTY,0601,601 - HOUNDS CREEK,"1,069",28,"1,097",13,,,11,"7,880",183,"8,063",50,7,,133,"5,763,241","212,476","5,975,717","76,557","25,279","10,167","2,453"
Locality: 111 LUNENBURG COUNTY,0701,701 - MEHERRIN FIRE DEPARTMENT,534,13,547,4,,,11,"7,880",183,"8,063",50,7,,133,"5,763,241","212,476","5,975,717","76,557","25,279","10,167","2,453"
Locality: 111 LUNENBURG COUNTY,0702,702 - VICTORIA PUBLIC LIBRARY,637,18,655,2,1,,11,"7,880",183,"8,063",50,7,,133,"5,763,241","212,476","5,975,717","76,557","25,279","10,167","2,453"
Locality: 113 MADISON COUNTY,0001,001 - OAK PARK,"1,168",23,"1,191",5,3,4,9,"9,802",160,"9,962",53,18,12,133,"5,763,241","212,476","5,975,717","76,557","25,279","10,167","2,453"
Locality: 113 MADISON COUNTY,0002,002 - RADIANT,"1,647",28,"1,675",7,3,,9,"9,802",160,"9,962",53,18,12,133,"5,763,241","212,476","5,975,717","76,557","25,279","10,167","2,453"
Locality: 113 MADISON COUNTY,0003,003 - ROCHELLE,812,13,825,3,1,,9,"9,802",160,"9,962",53,18,12,133,"5,763,241","212,476","5,975,717","76,557","25,279","10,167","2,453"
Locality: 113 MADISON COUNTY,0004,004 - GRAVES MILL,84,1,85,1,,1,9,"9,802",160,"9,962",53,18,12,133,"5,763,241","212,476","5,975,717","76,557","25,279","10,167","2,453"
Locality: 113 MADISON COUNTY,0005,005 - MADISON,"1,870",27,"1,897",12,2,3,9,"9,802",160,"9,962",53,18,12,133,"5,763,241","212,476","5,975,717","76,557","25,279","10,167","2,453"
Locality: 113 MADISON COUNTY,0006,006 - WOLFTOWN,"1,027",15,"1,042",8,3,,9,"9,802",160,"9,962",53,18,12,133,"5,763,241","212,476","5,975,717","76,557","25,279","10,167","2,453"
Locality: 113 MADISON COUNTY,0007,007 - BRIGHTWOOD,"1,845",31,"1,876",10,1,,9,"9,802",160,"9,962",53,18,12,133,"5,763,241","212,476","5,975,717","76,557","25,279","10,167","2,453"
Locality: 113 MADISON COUNTY,0008,008 - CRIGLERSVILLE,834,13,847,5,5,3,9,"9,802",160,"9,962",53,18,12,133,"5,763,241","212,476","5,975,717","76,557","25,279","10,167","2,453"
Locality: 113 MADISON COUNTY,0009,009 - ETLAN,515,9,524,2,,1,9,"9,802",160,"9,962",53,18,12,133,"5,763,241","212,476","5,975,717","76,557","25,279","10,167","2,453"
Locality: 115 MATHEWS COUNTY,0001,001 - CHESAPEAKE,"1,612",20,"1,632",12,7,1,3,"7,081",110,"7,191",58,18,5,133,"5,763,241","212,476","5,975,717","76,557","25,279","10,167","2,453"
Locality: 115 MATHEWS COUNTY,0002,002 - WESTVILLE,"2,518",48,"2,566",16,7,,3,"7,081",110,"7,191",58,18,5,133,"5,763,241","212,476","5,975,717","76,557","25,279","10,167","2,453"
Locality: 115 MATHEWS COUNTY,0003,003 - PIANKATANK,"2,951",42,"2,993",30,4,4,3,"7,081",110,"7,191",58,18,5,133,"5,763,241","212,476","5,975,717","76,557","25,279","10,167","2,453"
Locality: 117 MECKLENBURG COUNTY,0101,101 - WRIGHTS STORE,762,19,781,10,1,,23,"21,806",528,"22,334",128,12,7,133,"5,763,241","212,476","5,975,717","76,557","25,279","10,167","2,453"
Locality: 117 MECKLENBURG COUNTY,0102,102 - PEARSONS STORE,281,3,284,,,,23,"21,806",528,"22,334",128,12,7,133,"5,763,241","212,476","5,975,717","76,557","25,279","10,167","2,453"
Locality: 117 MECKLENBURG COUNTY,0103,103 - SOUTH CLARKSVILLE,"1,395",30,"1,425",5,,2,23,"21,806",528,"22,334",128,12,7,133,"5,763,241","212,476","5,975,717","76,557","25,279","10,167","2,453"
Locality: 117 MECKLENBURG COUNTY,0201,201 - BOYDTON,767,17,784,5,1,,23,"21,806",528,"22,334",128,12,7,133,"5,763,241","212,476","5,975,717","76,557","25,279","10,167","2,453"
Locality: 117 MECKLENBURG COUNTY,0202,202 - BLUESTONE SENIOR HIGH SCHOOL,342,5,347,1,,,23,"21,806",528,"22,334",128,12,7,133,"5,763,241","212,476","5,975,717","76,557","25,279","10,167","2,453"
Locality: 117 MECKLENBURG COUNTY,0203,203 - CHASE CITY VFW POST,663,35,698,6,1,1,23,"21,806",528,"22,334",128,12,7,133,"5,763,241","212,476","5,975,717","76,557","25,279","10,167","2,453"
Locality: 117 MECKLENBURG COUNTY,0301,301 - BRACEY,"1,541",42,"1,583",9,,1,23,"21,806",528,"22,334",128,12,7,133,"5,763,241","212,476","5,975,717","76,557","25,279","10,167","2,453"
Locality: 117 MECKLENBURG COUNTY,0302,302 - LACROSSE,"1,036",16,"1,052",2,1,,23,"21,806",528,"22,334",128,12,7,133,"5,763,241","212,476","5,975,717","76,557","25,279","10,167","2,453"
Locality: 117 MECKLENBURG COUNTY,0401,401 - AMERICAN LEGION HALL,"2,244",43,"2,287",15,1,,23,"21,806",528,"22,334",128,12,7,133,"5,763,241","212,476","5,975,717","76,557","25,279","10,167","2,453"
Locality: 117 MECKLENBURG COUNTY,0402,402 - PARK VIEW MIDDLE SCHOOL,282,5,287,,,,23,"21,806",528,"22,334",128,12,7,133,"5,763,241","212,476","5,975,717","76,557","25,279","10,167","2,453"
Locality: 117 MECKLENBURG COUNTY,0501,501 - SOUTH HILL,"2,605",82,"2,687",11,1,1,23,"21,806",528,"22,334",128,12,7,133,"5,763,241","212,476","5,975,717","76,557","25,279","10,167","2,453"
Locality: 117 MECKLENBURG COUNTY,0601,601 - BASKERVILLE,"1,052",33,"1,085",8,,,23,"21,806",528,"22,334",128,12,7,133,"5,763,241","212,476","5,975,717","76,557","25,279","10,167","2,453"
Locality: 117 MECKLENBURG COUNTY,0602,602 - UNION LEVEL,537,15,552,6,,,23,"21,806",528,"22,334",128,12,7,133,"5,763,241","212,476","5,975,717","76,557","25,279","10,167","2,453"
Locality: 117 MECKLENBURG COUNTY,0603,603 - SMITH CROSSROADS,366,8,374,2,,,23,"21,806",528,"22,334",128,12,7,133,"5,763,241","212,476","5,975,717","76,557","25,279","10,167","2,453"
Locality: 117 MECKLENBURG COUNTY,0604,604 - LAKE GASTON,672,10,682,10,1,,23,"21,806",528,"22,334",128,12,7,133,"5,763,241","212,476","5,975,717","76,557","25,279","10,167","2,453"
Locality: 117 MECKLENBURG COUNTY,0701,701 - CHASE CITY,"1,171",26,"1,197",4,1,,23,"21,806",528,"22,334",128,12,7,133,"5,763,241","212,476","5,975,717","76,557","25,279","10,167","2,453"
Locality: 117 MECKLENBURG COUNTY,0702,702 - SUNSHINE,900,19,919,3,,,23,"21,806",528,"22,334",128,12,7,133,"5,763,241","212,476","5,975,717","76,557","25,279","10,167","2,453"
Locality: 117 MECKLENBURG COUNTY,0801,801 - FINCHLEY,352,9,361,4,,,23,"21,806",528,"22,334",128,12,7,133,"5,763,241","212,476","5,975,717","76,557","25,279","10,167","2,453"
Locality: 117 MECKLENBURG COUNTY,0802,802 - BLUESTONE,"1,205",24,"1,229",11,2,1,23,"21,806",528,"22,334",128,12,7,133,"5,763,241","212,476","5,975,717","76,557","25,279","10,167","2,453"
Locality: 117 MECKLENBURG COUNTY,0803,803 - CHASE CITY ELEMENTARY SCHOOL,825,19,844,5,,,23,"21,806",528,"22,334",128,12,7,133,"5,763,241","212,476","5,975,717","76,557","25,279","10,167","2,453"
Locality: 117 MECKLENBURG COUNTY,0901,901 - AVERETT,286,6,292,1,,,23,"21,806",528,"22,334",128,12,7,133,"5,763,241","212,476","5,975,717","76,557","25,279","10,167","2,453"
Locality: 117 MECKLENBURG COUNTY,0902,902 - BUFFALO SPRINGS,528,12,540,2,,,23,"21,806",528,"22,334",128,12,7,133,"5,763,241","212,476","5,975,717","76,557","25,279","10,167","2,453"
Locality: 117 MECKLENBURG COUNTY,0903,903 - CLARKSVILLE,"1,994",50,"2,044",8,2,1,23,"21,806",528,"22,334",128,12,7,133,"5,763,241","212,476","5,975,717","76,557","25,279","10,167","2,453"
Locality: 119 MIDDLESEX COUNTY,0101,101 - SALUDA,608,12,620,9,3,,6,"8,330",127,"8,457",53,22,8,133,"5,763,241","212,476","5,975,717","76,557","25,279","10,167","2,453"
Locality: 119 MIDDLESEX COUNTY,0102,102 - URBANNA,959,16,975,1,4,3,6,"8,330",127,"8,457",53,22,8,133,"5,763,241","212,476","5,975,717","76,557","25,279","10,167","2,453"
Locality: 119 MIDDLESEX COUNTY,0201,201 - NEW MARKET,"1,845",28,"1,873",8,7,,6,"8,330",127,"8,457",53,22,8,133,"5,763,241","212,476","5,975,717","76,557","25,279","10,167","2,453"
Locality: 119 MIDDLESEX COUNTY,0302,302 - CHURCH VIEW,"1,539",21,"1,560",8,1,1,6,"8,330",127,"8,457",53,22,8,133,"5,763,241","212,476","5,975,717","76,557","25,279","10,167","2,453"
Locality: 119 MIDDLESEX COUNTY,0401,401- HARMONY VILLAGE,"1,588",22,"1,610",12,3,3,6,"8,330",127,"8,457",53,22,8,133,"5,763,241","212,476","5,975,717","76,557","25,279","10,167","2,453"
Locality: 119 MIDDLESEX COUNTY,0501,501 - WILTON,"1,791",28,"1,819",15,4,1,6,"8,330",127,"8,457",53,22,8,133,"5,763,241","212,476","5,975,717","76,557","25,279","10,167","2,453"
Locality: 121 MONTGOMERY COUNTY,0101,101 - PRECINCT A-1,"2,730",52,"2,782",20,8,8,24,"59,293","3,629","62,922",344,172,142,133,"5,763,241","212,476","5,975,717","76,557","25,279","10,167","2,453"
Locality: 121 MONTGOMERY COUNTY,0102,102 - PRECINCT A-2,"2,714",188,"2,902",17,13,15,24,"59,293","3,629","62,922",344,172,142,133,"5,763,241","212,476","5,975,717","76,557","25,279","10,167","2,453"
Locality: 121 MONTGOMERY COUNTY,0103,103 - PRECINCT A-3,"3,819",179,"3,998",23,24,21,24,"59,293","3,629","62,922",344,172,142,133,"5,763,241","212,476","5,975,717","76,557","25,279","10,167","2,453"
Locality: 121 MONTGOMERY COUNTY,0201,201 - PRECINCT B-1,429,16,445,3,2,1,24,"59,293","3,629","62,922",344,172,142,133,"5,763,241","212,476","5,975,717","76,557","25,279","10,167","2,453"
Locality: 121 MONTGOMERY COUNTY,0202,202 - PRECINCT B-2,"3,771",91,"3,862",24,6,5,24,"59,293","3,629","62,922",344,172,142,133,"5,763,241","212,476","5,975,717","76,557","25,279","10,167","2,453"
Locality: 121 MONTGOMERY COUNTY,0203,203 - PRECINCT B-3,"2,241",62,"2,303",14,,,24,"59,293","3,629","62,922",344,172,142,133,"5,763,241","212,476","5,975,717","76,557","25,279","10,167","2,453"
Locality: 121 MONTGOMERY COUNTY,0204,204 - PRECINCT B-4,"3,940",103,"4,043",32,4,4,24,"59,293","3,629","62,922",344,172,142,133,"5,763,241","212,476","5,975,717","76,557","25,279","10,167","2,453"
Locality: 121 MONTGOMERY COUNTY,0301,301 - PRECINCT C-1,"2,754",80,"2,834",8,4,,24,"59,293","3,629","62,922",344,172,142,133,"5,763,241","212,476","5,975,717","76,557","25,279","10,167","2,453"
Locality: 121 MONTGOMERY COUNTY,0302,302 - PRECINCT C-2,"2,491",29,"2,520",11,4,3,24,"59,293","3,629","62,922",344,172,142,133,"5,763,241","212,476","5,975,717","76,557","25,279","10,167","2,453"
Locality: 121 MONTGOMERY COUNTY,0303,303 - PRECINCT C-3,898,12,910,1,,,24,"59,293","3,629","62,922",344,172,142,133,"5,763,241","212,476","5,975,717","76,557","25,279","10,167","2,453"
Locality: 121 MONTGOMERY COUNTY,0304,304 - PRECINCT C-4,"2,953",54,"3,007",15,2,5,24,"59,293","3,629","62,922",344,172,142,133,"5,763,241","212,476","5,975,717","76,557","25,279","10,167","2,453"
Locality: 121 MONTGOMERY COUNTY,0401,401 - PRECINCT D-1,"1,522",43,"1,565",10,2,1,24,"59,293","3,629","62,922",344,172,142,133,"5,763,241","212,476","5,975,717","76,557","25,279","10,167","2,453"
Locality: 121 MONTGOMERY COUNTY,0402,402 - PRECINCT D-2,"2,292",21,"2,313",6,2,2,24,"59,293","3,629","62,922",344,172,142,133,"5,763,241","212,476","5,975,717","76,557","25,279","10,167","2,453"
Locality: 121 MONTGOMERY COUNTY,0403,403 - PRECINCT D-3,"2,129",53,"2,182",9,1,1,24,"59,293","3,629","62,922",344,172,142,133,"5,763,241","212,476","5,975,717","76,557","25,279","10,167","2,453"
Locality: 121 MONTGOMERY COUNTY,0404,404 - PRECINCT D-4,"1,059",14,"1,073",5,2,1,24,"59,293","3,629","62,922",344,172,142,133,"5,763,241","212,476","5,975,717","76,557","25,279","10,167","2,453"
Locality: 121 MONTGOMERY COUNTY,0405,405 - PRECINCT D-5,"2,937",107,"3,044",20,1,2,24,"59,293","3,629","62,922",344,172,142,133,"5,763,241","212,476","5,975,717","76,557","25,279","10,167","2,453"
Locality: 121 MONTGOMERY COUNTY,0501,501 - PRECINCT E-1,"3,548",152,"3,700",19,10,5,24,"59,293","3,629","62,922",344,172,142,133,"5,763,241","212,476","5,975,717","76,557","25,279","10,167","2,453"
Locality: 121 MONTGOMERY COUNTY,0502,502 - PRECINCT E-2,"1,839",38,"1,877",11,1,2,24,"59,293","3,629","62,922",344,172,142,133,"5,763,241","212,476","5,975,717","76,557","25,279","10,167","2,453"
Locality: 121 MONTGOMERY COUNTY,0503,503 - PRECINCT E-3,964,"1,235","2,199",3,4,2,24,"59,293","3,629","62,922",344,172,142,133,"5,763,241","212,476","5,975,717","76,557","25,279","10,167","2,453"
Locality: 121 MONTGOMERY COUNTY,0601,601 - PRECINCT F-1,"3,308",174,"3,482",22,18,12,24,"59,293","3,629","62,922",344,172,142,133,"5,763,241","212,476","5,975,717","76,557","25,279","10,167","2,453"
Locality: 121 MONTGOMERY COUNTY,0602,602 - PRECINCT F-2,"3,232",183,"3,415",23,26,23,24,"59,293","3,629","62,922",344,172,142,133,"5,763,241","212,476","5,975,717","76,557","25,279","10,167","2,453"
Locality: 121 MONTGOMERY COUNTY,0603,603 - PRECINCT F-3,828,280,"1,108",14,2,,24,"59,293","3,629","62,922",344,172,142,133,"5,763,241","212,476","5,975,717","76,557","25,279","10,167","2,453"
Locality: 121 MONTGOMERY COUNTY,0701,701 - PRECINCT G-1,"3,977",236,"4,213",21,26,19,24,"59,293","3,629","62,922",344,172,142,133,"5,763,241","212,476","5,975,717","76,557","25,279","10,167","2,453"
Locality: 121 MONTGOMERY COUNTY,0702,702 - PRECINCT G-2,"2,918",227,"3,145",13,10,10,24,"59,293","3,629","62,922",344,172,142,133,"5,763,241","212,476","5,975,717","76,557","25,279","10,167","2,453"
Locality: 125 NELSON COUNTY,0101,101 - ROCKFISH,"2,232",40,"2,272",10,3,7,9,"11,437",209,"11,646",53,16,33,133,"5,763,241","212,476","5,975,717","76,557","25,279","10,167","2,453"
Locality: 125 NELSON COUNTY,0201,201 - LOVINGSTON,"1,326",22,"1,348",4,1,3,9,"11,437",209,"11,646",53,16,33,133,"5,763,241","212,476","5,975,717","76,557","25,279","10,167","2,453"
Locality: 125 NELSON COUNTY,0202,202 - SCHUYLER,797,15,812,2,,2,9,"11,437",209,"11,646",53,16,33,133,"5,763,241","212,476","5,975,717","76,557","25,279","10,167","2,453"
Locality: 125 NELSON COUNTY,0301,301 - SHIPMAN,"1,819",34,"1,853",5,,2,9,"11,437",209,"11,646",53,16,33,133,"5,763,241","212,476","5,975,717","76,557","25,279","10,167","2,453"
Locality: 125 NELSON COUNTY,0302,302 - GLADSTONE,301,4,305,2,,,9,"11,437",209,"11,646",53,16,33,133,"5,763,241","212,476","5,975,717","76,557","25,279","10,167","2,453"
Locality: 125 NELSON COUNTY,0401,401 - ROSELAND,"1,930",30,"1,960",8,1,4,9,"11,437",209,"11,646",53,16,33,133,"5,763,241","212,476","5,975,717","76,557","25,279","10,167","2,453"
Locality: 125 NELSON COUNTY,0402,402 - MONTEBELLO,178,7,185,1,2,,9,"11,437",209,"11,646",53,16,33,133,"5,763,241","212,476","5,975,717","76,557","25,279","10,167","2,453"
Locality: 125 NELSON COUNTY,0501,501 - FABER,843,15,858,2,1,3,9,"11,437",209,"11,646",53,16,33,133,"5,763,241","212,476","5,975,717","76,557","25,279","10,167","2,453"
Locality: 125 NELSON COUNTY,0502,502 - NELLYSFORD,"2,011",42,"2,053",19,8,12,9,"11,437",209,"11,646",53,16,33,133,"5,763,241","212,476","5,975,717","76,557","25,279","10,167","2,453"
Locality: 127 NEW KENT COUNTY,0102,102 - TUNSTALL,810,10,820,8,,,10,"17,165",302,"17,467",156,28,6,133,"5,763,241","212,476","5,975,717","76,557","25,279","10,167","2,453"
Locality: 127 NEW KENT COUNTY,0103,103 - SOUTHERN BRANCH,"2,445",35,"2,480",16,4,2,10,"17,165",302,"17,467",156,28,6,133,"5,763,241","212,476","5,975,717","76,557","25,279","10,167","2,453"
Locality: 127 NEW KENT COUNTY,0201,201 - QUINTON,"2,330",25,"2,355",18,6,1,10,"17,165",302,"17,467",156,28,6,133,"5,763,241","212,476","5,975,717","76,557","25,279","10,167","2,453"
Locality: 127 NEW KENT COUNTY,0202,202 - KENTWOOD,"1,401",26,"1,427",11,1,,10,"17,165",302,"17,467",156,28,6,133,"5,763,241","212,476","5,975,717","76,557","25,279","10,167","2,453"
Locality: 127 NEW KENT COUNTY,0301,301 - WATKINS,"1,685",15,"1,700",17,1,1,10,"17,165",302,"17,467",156,28,6,133,"5,763,241","212,476","5,975,717","76,557","25,279","10,167","2,453"
Locality: 127 NEW KENT COUNTY,0302,302 - CUMBERLAND,"1,883",38,"1,921",22,2,1,10,"17,165",302,"17,467",156,28,6,133,"5,763,241","212,476","5,975,717","76,557","25,279","10,167","2,453"
Locality: 127 NEW KENT COUNTY,0401,401 - PROVIDENCE FORGE,"2,473",64,"2,537",34,9,1,10,"17,165",302,"17,467",156,28,6,133,"5,763,241","212,476","5,975,717","76,557","25,279","10,167","2,453"
Locality: 127 NEW KENT COUNTY,0403,403 - MOUNTCASTLE,"1,029",28,"1,057",2,1,,10,"17,165",302,"17,467",156,28,6,133,"5,763,241","212,476","5,975,717","76,557","25,279","10,167","2,453"
Locality: 127 NEW KENT COUNTY,0501,501 - ELTHAM,"1,322",27,"1,349",8,,,10,"17,165",302,"17,467",156,28,6,133,"5,763,241","212,476","5,975,717","76,557","25,279","10,167","2,453"
Locality: 127 NEW KENT COUNTY,0502,502 - CHICKAHOMINY RIVER,"1,787",34,"1,821",20,4,,10,"17,165",302,"17,467",156,28,6,133,"5,763,241","212,476","5,975,717","76,557","25,279","10,167","2,453"
Locality: 131 NORTHAMPTON COUNTY,0101,101 - PRECINCT 1-1,"2,242",52,"2,294",22,16,3,5,"9,276",203,"9,479",71,25,11,133,"5,763,241","212,476","5,975,717","76,557","25,279","10,167","2,453"
Locality: 131 NORTHAMPTON COUNTY,0201,201 - PRECINCT 2-1,"1,830",28,"1,858",17,3,,5,"9,276",203,"9,479",71,25,11,133,"5,763,241","212,476","5,975,717","76,557","25,279","10,167","2,453"
Locality: 131 NORTHAMPTON COUNTY,0301,301 - PRECINCT 3-1,"1,644",25,"1,669",10,2,2,5,"9,276",203,"9,479",71,25,11,133,"5,763,241","212,476","5,975,717","76,557","25,279","10,167","2,453"
Locality: 131 NORTHAMPTON COUNTY,0401,401 - PRECINCT 4-1,"1,703",61,"1,764",4,3,4,5,"9,276",203,"9,479",71,25,11,133,"5,763,241","212,476","5,975,717","76,557","25,279","10,167","2,453"
Locality: 131 NORTHAMPTON COUNTY,0501,501 - PRECINCT 5-1,"1,857",37,"1,894",18,1,2,5,"9,276",203,"9,479",71,25,11,133,"5,763,241","212,476","5,975,717","76,557","25,279","10,167","2,453"
Locality: 133 NORTHUMBERLAND COUNTY,0101,101 - 1A,"1,608",22,"1,630",6,8,2,5,"9,711",218,"9,929",56,16,9,133,"5,763,241","212,476","5,975,717","76,557","25,279","10,167","2,453"
Locality: 133 NORTHUMBERLAND COUNTY,0201,201 - 2A,"1,954",39,"1,993",6,2,1,5,"9,711",218,"9,929",56,16,9,133,"5,763,241","212,476","5,975,717","76,557","25,279","10,167","2,453"
Locality: 133 NORTHUMBERLAND COUNTY,0301,301 - 3A,"1,677",62,"1,739",9,1,1,5,"9,711",218,"9,929",56,16,9,133,"5,763,241","212,476","5,975,717","76,557","25,279","10,167","2,453"
Locality: 133 NORTHUMBERLAND COUNTY,0401,401 - 4A,"2,252",41,"2,293",20,4,3,5,"9,711",218,"9,929",56,16,9,133,"5,763,241","212,476","5,975,717","76,557","25,279","10,167","2,453"
Locality: 133 NORTHUMBERLAND COUNTY,0501,501 - 5A,"2,220",54,"2,274",15,1,2,5,"9,711",218,"9,929",56,16,9,133,"5,763,241","212,476","5,975,717","76,557","25,279","10,167","2,453"
Locality: 135 NOTTOWAY COUNTY,0101,101 - PRECINCT 1-1,"1,061",9,"1,070",7,1,,9,"9,283",181,"9,464",74,7,5,133,"5,763,241","212,476","5,975,717","76,557","25,279","10,167","2,453"
Locality: 135 NOTTOWAY COUNTY,0102,102 - PRECINCT 1-2,808,10,818,6,,1,9,"9,283",181,"9,464",74,7,5,133,"5,763,241","212,476","5,975,717","76,557","25,279","10,167","2,453"
Locality: 135 NOTTOWAY COUNTY,0201,201 - PRECINCT 2-1,"1,501",31,"1,532",14,,1,9,"9,283",181,"9,464",74,7,5,133,"5,763,241","212,476","5,975,717","76,557","25,279","10,167","2,453"
Locality: 135 NOTTOWAY COUNTY,0202,202 - PRECINCT 2-2,567,10,577,6,,,9,"9,283",181,"9,464",74,7,5,133,"5,763,241","212,476","5,975,717","76,557","25,279","10,167","2,453"
Locality: 135 NOTTOWAY COUNTY,0301,301 - PRECINCT 3-1,900,18,918,6,,,9,"9,283",181,"9,464",74,7,5,133,"5,763,241","212,476","5,975,717","76,557","25,279","10,167","2,453"
Locality: 135 NOTTOWAY COUNTY,0302,302 - PRECINCT 3-2,555,8,563,1,1,,9,"9,283",181,"9,464",74,7,5,133,"5,763,241","212,476","5,975,717","76,557","25,279","10,167","2,453"
Locality: 135 NOTTOWAY COUNTY,0401,401 - PRECINCT 4-1,"1,010",20,"1,030",7,1,,9,"9,283",181,"9,464",74,7,5,133,"5,763,241","212,476","5,975,717","76,557","25,279","10,167","2,453"
Locality: 135 NOTTOWAY COUNTY,0402,402 - PRECINCT 4-2,905,16,921,9,1,1,9,"9,283",181,"9,464",74,7,5,133,"5,763,241","212,476","5,975,717","76,557","25,279","10,167","2,453"
Locality: 135 NOTTOWAY COUNTY,0501,501 - PRECINCT 5-1,"1,976",59,"2,035",18,3,2,9,"9,283",181,"9,464",74,7,5,133,"5,763,241","212,476","5,975,717","76,557","25,279","10,167","2,453"
Locality: 137 ORANGE COUNTY,0101,101 - ONE WEST,"2,461",37,"2,498",10,11,,10,"26,181",572,"26,753",237,63,42,133,"5,763,241","212,476","5,975,717","76,557","25,279","10,167","2,453"
Locality: 137 ORANGE COUNTY,0102,102 - ONE EAST,"2,516",42,"2,558",21,5,6,10,"26,181",572,"26,753",237,63,42,133,"5,763,241","212,476","5,975,717","76,557","25,279","10,167","2,453"
Locality: 137 ORANGE COUNTY,0201,201 - TWO WEST,"2,739",52,"2,791",24,1,2,10,"26,181",572,"26,753",237,63,42,133,"5,763,241","212,476","5,975,717","76,557","25,279","10,167","2,453"
Locality: 137 ORANGE COUNTY,0202,202 - TWO EAST,"2,314",44,"2,358",20,1,,10,"26,181",572,"26,753",237,63,42,133,"5,763,241","212,476","5,975,717","76,557","25,279","10,167","2,453"
Locality: 137 ORANGE COUNTY,0301,301 - THREE WEST,"3,328",76,"3,404",18,6,9,10,"26,181",572,"26,753",237,63,42,133,"5,763,241","212,476","5,975,717","76,557","25,279","10,167","2,453"
Locality: 137 ORANGE COUNTY,0302,302 - THREE EAST,946,20,966,9,,1,10,"26,181",572,"26,753",237,63,42,133,"5,763,241","212,476","5,975,717","76,557","25,279","10,167","2,453"
Locality: 137 ORANGE COUNTY,0401,401 - FOUR WEST,"2,671",53,"2,724",25,9,,10,"26,181",572,"26,753",237,63,42,133,"5,763,241","212,476","5,975,717","76,557","25,279","10,167","2,453"
Locality: 137 ORANGE COUNTY,0402,402 - FOUR EAST,"2,974",72,"3,046",51,4,2,10,"26,181",572,"26,753",237,63,42,133,"5,763,241","212,476","5,975,717","76,557","25,279","10,167","2,453"
Locality: 137 ORANGE COUNTY,0501,501 - FIVE SOUTH,"2,983",89,"3,072",23,8,11,10,"26,181",572,"26,753",237,63,42,133,"5,763,241","212,476","5,975,717","76,557","25,279","10,167","2,453"
Locality: 137 ORANGE COUNTY,0502,502 - FIVE NORTH,"3,249",87,"3,336",36,18,11,10,"26,181",572,"26,753",237,63,42,133,"5,763,241","212,476","5,975,717","76,557","25,279","10,167","2,453"
Locality: 139 PAGE COUNTY,0101,101 - WEST LURAY,"3,221",77,"3,298",13,1,5,5,"16,309",339,"16,648",81,23,17,133,"5,763,241","212,476","5,975,717","76,557","25,279","10,167","2,453"
Locality: 139 PAGE COUNTY,0201,201 - EAST LURAY,"3,375",73,"3,448",16,8,1,5,"16,309",339,"16,648",81,23,17,133,"5,763,241","212,476","5,975,717","76,557","25,279","10,167","2,453"
Locality: 139 PAGE COUNTY,0301,301 - MARKSVILLE,"3,630",63,"3,693",24,11,10,5,"16,309",339,"16,648",81,23,17,133,"5,763,241","212,476","5,975,717","76,557","25,279","10,167","2,453"
Locality: 139 PAGE COUNTY,0401,401 - NEWPORT,"2,930",62,"2,992",7,,1,5,"16,309",339,"16,648",81,23,17,133,"5,763,241","212,476","5,975,717","76,557","25,279","10,167","2,453"
Locality: 139 PAGE COUNTY,0501,501 - SHENANDOAH,"3,153",64,"3,217",21,3,,5,"16,309",339,"16,648",81,23,17,133,"5,763,241","212,476","5,975,717","76,557","25,279","10,167","2,453"
Locality: 141 PATRICK COUNTY,0101,101 - ARARAT,851,32,883,4,1,,13,"12,374",293,"12,667",49,13,2,133,"5,763,241","212,476","5,975,717","76,557","25,279","10,167","2,453"
Locality: 141 PATRICK COUNTY,0102,102 - CLAUDVILLE,775,25,800,3,1,,13,"12,374",293,"12,667",49,13,2,133,"5,763,241","212,476","5,975,717","76,557","25,279","10,167","2,453"
Locality: 141 PATRICK COUNTY,0103,103 - WILLIS GAP,858,22,880,2,2,,13,"12,374",293,"12,667",49,13,2,133,"5,763,241","212,476","5,975,717","76,557","25,279","10,167","2,453"
Locality: 141 PATRICK COUNTY,0201,201 - DRY POND,478,9,487,2,1,,13,"12,374",293,"12,667",49,13,2,133,"5,763,241","212,476","5,975,717","76,557","25,279","10,167","2,453"
Locality: 141 PATRICK COUNTY,0202,202 - PATRICK SPRINGS,"1,236",14,"1,250",2,,,13,"12,374",293,"12,667",49,13,2,133,"5,763,241","212,476","5,975,717","76,557","25,279","10,167","2,453"
Locality: 141 PATRICK COUNTY,0203,203 - RUSSELL CREEK,936,17,953,6,,,13,"12,374",293,"12,667",49,13,2,133,"5,763,241","212,476","5,975,717","76,557","25,279","10,167","2,453"
Locality: 141 PATRICK COUNTY,0301,301 - CRITZ/STELLA,"1,490",27,"1,517",13,,1,13,"12,374",293,"12,667",49,13,2,133,"5,763,241","212,476","5,975,717","76,557","25,279","10,167","2,453"
Locality: 141 PATRICK COUNTY,0302,302 - LIBERTY,990,18,"1,008",6,,,13,"12,374",293,"12,667",49,13,2,133,"5,763,241","212,476","5,975,717","76,557","25,279","10,167","2,453"
Locality: 141 PATRICK COUNTY,0401,401 - MEADOWS OF DAN,994,20,"1,014",1,4,1,13,"12,374",293,"12,667",49,13,2,133,"5,763,241","212,476","5,975,717","76,557","25,279","10,167","2,453"
Locality: 141 PATRICK COUNTY,0402,402 - STUART FAIRGROUNDS,"1,330",54,"1,384",3,1,,13,"12,374",293,"12,667",49,13,2,133,"5,763,241","212,476","5,975,717","76,557","25,279","10,167","2,453"
Locality: 141 PATRICK COUNTY,0501,501 - STUART COMMUNITY,591,19,610,,1,,13,"12,374",293,"12,667",49,13,2,133,"5,763,241","212,476","5,975,717","76,557","25,279","10,167","2,453"
Locality: 141 PATRICK COUNTY,0502,502 - ELAMSVILLE,837,21,858,4,,,13,"12,374",293,"12,667",49,13,2,133,"5,763,241","212,476","5,975,717","76,557","25,279","10,167","2,453"
Locality: 141 PATRICK COUNTY,0503,503 - WOOLWINE,"1,008",15,"1,023",3,2,,13,"12,374",293,"12,667",49,13,2,133,"5,763,241","212,476","5,975,717","76,557","25,279","10,167","2,453"
Locality: 143 PITTSYLVANIA COUNTY,0103,103 - TWIN SPRINGS,"3,369",53,"3,422",16,5,5,29,"43,837",975,"44,812",262,37,34,133,"5,763,241","212,476","5,975,717","76,557","25,279","10,167","2,453"
Locality: 143 PITTSYLVANIA COUNTY,0105,105 - CHATHAM,"1,294",32,"1,326",3,5,3,29,"43,837",975,"44,812",262,37,34,133,"5,763,241","212,476","5,975,717","76,557","25,279","10,167","2,453"
Locality: 143 PITTSYLVANIA COUNTY,0106,106 - TUNSTALL,"1,466",27,"1,493",5,,1,29,"43,837",975,"44,812",262,37,34,133,"5,763,241","212,476","5,975,717","76,557","25,279","10,167","2,453"
Locality: 143 PITTSYLVANIA COUNTY,0108,108 - WEST BLAIRS,843,29,872,9,,,29,"43,837",975,"44,812",262,37,34,133,"5,763,241","212,476","5,975,717","76,557","25,279","10,167","2,453"
Locality: 143 PITTSYLVANIA COUNTY,0201,201 - CALLANDS,"1,229",26,"1,255",6,,,29,"43,837",975,"44,812",262,37,34,133,"5,763,241","212,476","5,975,717","76,557","25,279","10,167","2,453"
Locality: 143 PITTSYLVANIA COUNTY,0202,202- BEARSKIN,386,9,395,2,,,29,"43,837",975,"44,812",262,37,34,133,"5,763,241","212,476","5,975,717","76,557","25,279","10,167","2,453"
Locality: 143 PITTSYLVANIA COUNTY,0204,204 - SANDY LEVEL,900,16,916,9,1,2,29,"43,837",975,"44,812",262,37,34,133,"5,763,241","212,476","5,975,717","76,557","25,279","10,167","2,453"
Locality: 143 PITTSYLVANIA COUNTY,0206,206 - CLIMAX,961,19,980,7,3,1,29,"43,837",975,"44,812",262,37,34,133,"5,763,241","212,476","5,975,717","76,557","25,279","10,167","2,453"
Locality: 143 PITTSYLVANIA COUNTY,0207,207 - GRETNA,"2,495",35,"2,530",15,2,,29,"43,837",975,"44,812",262,37,34,133,"5,763,241","212,476","5,975,717","76,557","25,279","10,167","2,453"
Locality: 143 PITTSYLVANIA COUNTY,0301,301 - CENTRAL,"1,250",31,"1,281",6,,,29,"43,837",975,"44,812",262,37,34,133,"5,763,241","212,476","5,975,717","76,557","25,279","10,167","2,453"
Locality: 143 PITTSYLVANIA COUNTY,0305,305 - RICEVILLE,"1,103",31,"1,134",10,1,,29,"43,837",975,"44,812",262,37,34,133,"5,763,241","212,476","5,975,717","76,557","25,279","10,167","2,453"
Locality: 143 PITTSYLVANIA COUNTY,0307,307 - EAST BLAIRS,"1,511",33,"1,544",15,,1,29,"43,837",975,"44,812",262,37,34,133,"5,763,241","212,476","5,975,717","76,557","25,279","10,167","2,453"
Locality: 143 PITTSYLVANIA COUNTY,0308,308 - MT AIRY,676,13,689,7,,,29,"43,837",975,"44,812",262,37,34,133,"5,763,241","212,476","5,975,717","76,557","25,279","10,167","2,453"
Locality: 143 PITTSYLVANIA COUNTY,0309,309 - EAST GRETNA,815,17,832,9,,,29,"43,837",975,"44,812",262,37,34,133,"5,763,241","212,476","5,975,717","76,557","25,279","10,167","2,453"
Locality: 143 PITTSYLVANIA COUNTY,0402,402 - KEELING,"1,418",36,"1,454",4,1,3,29,"43,837",975,"44,812",262,37,34,133,"5,763,241","212,476","5,975,717","76,557","25,279","10,167","2,453"
Locality: 143 PITTSYLVANIA COUNTY,0404,404 - KENTUCK,"2,459",54,"2,513",14,5,,29,"43,837",975,"44,812",262,37,34,133,"5,763,241","212,476","5,975,717","76,557","25,279","10,167","2,453"
Locality: 143 PITTSYLVANIA COUNTY,0405,405 - RINGGOLD,"2,734",67,"2,801",14,2,6,29,"43,837",975,"44,812",262,37,34,133,"5,763,241","212,476","5,975,717","76,557","25,279","10,167","2,453"
Locality: 143 PITTSYLVANIA COUNTY,0501,501 - HURT,"2,241",40,"2,281",17,1,1,29,"43,837",975,"44,812",262,37,34,133,"5,763,241","212,476","5,975,717","76,557","25,279","10,167","2,453"
Locality: 143 PITTSYLVANIA COUNTY,0502,502 - MOTLEY SYCAMORE,"2,292",56,"2,348",8,1,1,29,"43,837",975,"44,812",262,37,34,133,"5,763,241","212,476","5,975,717","76,557","25,279","10,167","2,453"
Locality: 143 PITTSYLVANIA COUNTY,0503,503 - RENAN,"1,230",26,"1,256",7,2,,29,"43,837",975,"44,812",262,37,34,133,"5,763,241","212,476","5,975,717","76,557","25,279","10,167","2,453"
Locality: 143 PITTSYLVANIA COUNTY,0603,603 - STONY MILL,"1,716",28,"1,744",13,1,3,29,"43,837",975,"44,812",262,37,34,133,"5,763,241","212,476","5,975,717","76,557","25,279","10,167","2,453"
Locality: 143 PITTSYLVANIA COUNTY,0604,604 - SWANSONVILLE,"1,432",47,"1,479",6,1,,29,"43,837",975,"44,812",262,37,34,133,"5,763,241","212,476","5,975,717","76,557","25,279","10,167","2,453"
Locality: 143 PITTSYLVANIA COUNTY,0605,605 - WHITMELL,"1,353",21,"1,374",11,1,,29,"43,837",975,"44,812",262,37,34,133,"5,763,241","212,476","5,975,717","76,557","25,279","10,167","2,453"
Locality: 143 PITTSYLVANIA COUNTY,0606,606 - BROSVILLE,"1,394",28,"1,422",10,1,1,29,"43,837",975,"44,812",262,37,34,133,"5,763,241","212,476","5,975,717","76,557","25,279","10,167","2,453"
Locality: 143 PITTSYLVANIA COUNTY,0607,607 - DRY FORK,576,14,590,2,,,29,"43,837",975,"44,812",262,37,34,133,"5,763,241","212,476","5,975,717","76,557","25,279","10,167","2,453"
Locality: 143 PITTSYLVANIA COUNTY,0702,702 - BACHELORS HALL,"1,864",33,"1,897",10,2,3,29,"43,837",975,"44,812",262,37,34,133,"5,763,241","212,476","5,975,717","76,557","25,279","10,167","2,453"
Locality: 143 PITTSYLVANIA COUNTY,0703,703 - FERRY ROAD,433,12,445,1,,,29,"43,837",975,"44,812",262,37,34,133,"5,763,241","212,476","5,975,717","76,557","25,279","10,167","2,453"
Locality: 143 PITTSYLVANIA COUNTY,0704,704 - MT HERMON,"2,987",106,"3,093",16,1,3,29,"43,837",975,"44,812",262,37,34,133,"5,763,241","212,476","5,975,717","76,557","25,279","10,167","2,453"
Locality: 143 PITTSYLVANIA COUNTY,0705,705 - MT CROSS,"1,410",36,"1,446",10,1,,29,"43,837",975,"44,812",262,37,34,133,"5,763,241","212,476","5,975,717","76,557","25,279","10,167","2,453"
Locality: 145 POWHATAN COUNTY,0101,101 - SUBLETTS,"2,448",43,"2,491",20,7,1,12,"22,830",329,"23,159",154,39,19,133,"5,763,241","212,476","5,975,717","76,557","25,279","10,167","2,453"
Locality: 145 POWHATAN COUNTY,0102,102 - MANAKIN,"1,717",24,"1,741",4,7,4,12,"22,830",329,"23,159",154,39,19,133,"5,763,241","212,476","5,975,717","76,557","25,279","10,167","2,453"
Locality: 145 POWHATAN COUNTY,0103,103 - FLAT ROCK,"1,381",27,"1,408",4,2,1,12,"22,830",329,"23,159",154,39,19,133,"5,763,241","212,476","5,975,717","76,557","25,279","10,167","2,453"
Locality: 145 POWHATAN COUNTY,0201,201 - POWHATAN STATION,"1,908",28,"1,936",14,2,1,12,"22,830",329,"23,159",154,39,19,133,"5,763,241","212,476","5,975,717","76,557","25,279","10,167","2,453"
Locality: 145 POWHATAN COUNTY,0202,202 - GRACELAND,"2,458",28,"2,486",14,3,2,12,"22,830",329,"23,159",154,39,19,133,"5,763,241","212,476","5,975,717","76,557","25,279","10,167","2,453"
Locality: 145 POWHATAN COUNTY,0301,301 - BETHESDA,"2,190",40,"2,230",9,4,1,12,"22,830",329,"23,159",154,39,19,133,"5,763,241","212,476","5,975,717","76,557","25,279","10,167","2,453"
Locality: 145 POWHATAN COUNTY,0302,302 - LEE'S LANDING,"1,941",26,"1,967",13,5,2,12,"22,830",329,"23,159",154,39,19,133,"5,763,241","212,476","5,975,717","76,557","25,279","10,167","2,453"
Locality: 145 POWHATAN COUNTY,0401,401 - POWHATAN COURTHOUSE,"3,397",33,"3,430",23,4,3,12,"22,830",329,"23,159",154,39,19,133,"5,763,241","212,476","5,975,717","76,557","25,279","10,167","2,453"
Locality: 145 POWHATAN COUNTY,0402,402 - MT ZION ,"1,325",13,"1,338",12,1,1,12,"22,830",329,"23,159",154,39,19,133,"5,763,241","212,476","5,975,717","76,557","25,279","10,167","2,453"
Locality: 145 POWHATAN COUNTY,0501,501 - SMITH CROSS ROADS,"1,966",34,"2,000",16,3,3,12,"22,830",329,"23,159",154,39,19,133,"5,763,241","212,476","5,975,717","76,557","25,279","10,167","2,453"
Locality: 145 POWHATAN COUNTY,0502,502 - PINEVILLE,"1,072",9,"1,081",10,1,,12,"22,830",329,"23,159",154,39,19,133,"5,763,241","212,476","5,975,717","76,557","25,279","10,167","2,453"
Locality: 145 POWHATAN COUNTY,0503,503 - TOBACCOVILLE,"1,027",24,"1,051",15,,,12,"22,830",329,"23,159",154,39,19,133,"5,763,241","212,476","5,975,717","76,557","25,279","10,167","2,453"
Locality: 147 PRINCE EDWARD COUNTY,0101,101 - FARMVILLE,"1,729",67,"1,796",16,6,1,10,"12,973",417,"13,390",78,29,4,133,"5,763,241","212,476","5,975,717","76,557","25,279","10,167","2,453"
Locality: 147 PRINCE EDWARD COUNTY,0201,201 - LOCKETT,"2,005",45,"2,050",8,,,10,"12,973",417,"13,390",78,29,4,133,"5,763,241","212,476","5,975,717","76,557","25,279","10,167","2,453"
Locality: 147 PRINCE EDWARD COUNTY,0301,301 - LEIGH,"1,239",39,"1,278",6,,,10,"12,973",417,"13,390",78,29,4,133,"5,763,241","212,476","5,975,717","76,557","25,279","10,167","2,453"
Locality: 147 PRINCE EDWARD COUNTY,0302,302 - MT PLEASANT,705,20,725,4,2,,10,"12,973",417,"13,390",78,29,4,133,"5,763,241","212,476","5,975,717","76,557","25,279","10,167","2,453"
Locality: 147 PRINCE EDWARD COUNTY,0401,401 - HAMPDEN,"1,359",49,"1,408",8,4,,10,"12,973",417,"13,390",78,29,4,133,"5,763,241","212,476","5,975,717","76,557","25,279","10,167","2,453"
Locality: 147 PRINCE EDWARD COUNTY,0501,501 - DARLINGTON HTS,934,37,971,9,2,,10,"12,973",417,"13,390",78,29,4,133,"5,763,241","212,476","5,975,717","76,557","25,279","10,167","2,453"
Locality: 147 PRINCE EDWARD COUNTY,0502,502 - BUFFALO HTS,686,14,700,5,2,,10,"12,973",417,"13,390",78,29,4,133,"5,763,241","212,476","5,975,717","76,557","25,279","10,167","2,453"
Locality: 147 PRINCE EDWARD COUNTY,0601,601 - PROSPECT,"2,010",51,"2,061",13,2,,10,"12,973",417,"13,390",78,29,4,133,"5,763,241","212,476","5,975,717","76,557","25,279","10,167","2,453"
Locality: 147 PRINCE EDWARD COUNTY,0701,701 - WEST END,"1,393",46,"1,439",5,8,2,10,"12,973",417,"13,390",78,29,4,133,"5,763,241","212,476","5,975,717","76,557","25,279","10,167","2,453"
Locality: 147 PRINCE EDWARD COUNTY,0801,801 - CENTER,913,49,962,4,3,1,10,"12,973",417,"13,390",78,29,4,133,"5,763,241","212,476","5,975,717","76,557","25,279","10,167","2,453"
Locality: 149 PRINCE GEORGE COUNTY,0101,101 - RICHARD BLAND,"1,455",27,"1,482",14,2,2,10,"23,356",912,"24,268","1,534",28,11,133,"5,763,241","212,476","5,975,717","76,557","25,279","10,167","2,453"
Locality: 149 PRINCE GEORGE COUNTY,0102,102 - TEMPLETON,"3,585",78,"3,663",41,,1,10,"23,356",912,"24,268","1,534",28,11,133,"5,763,241","212,476","5,975,717","76,557","25,279","10,167","2,453"
Locality: 149 PRINCE GEORGE COUNTY,0103,103 - UNION BRANCH,"2,253",53,"2,306",24,5,,10,"23,356",912,"24,268","1,534",28,11,133,"5,763,241","212,476","5,975,717","76,557","25,279","10,167","2,453"
Locality: 149 PRINCE GEORGE COUNTY,0104,104 - RIVES,"2,287",237,"2,524",700,2,2,10,"23,356",912,"24,268","1,534",28,11,133,"5,763,241","212,476","5,975,717","76,557","25,279","10,167","2,453"
Locality: 149 PRINCE GEORGE COUNTY,0105,105 - HARRISON,821,18,839,6,1,1,10,"23,356",912,"24,268","1,534",28,11,133,"5,763,241","212,476","5,975,717","76,557","25,279","10,167","2,453"
Locality: 149 PRINCE GEORGE COUNTY,0201,201 - BLAND,"3,613",67,"3,680",71,5,,10,"23,356",912,"24,268","1,534",28,11,133,"5,763,241","212,476","5,975,717","76,557","25,279","10,167","2,453"
Locality: 149 PRINCE GEORGE COUNTY,0202,202 - BLACK WATER,"2,426",47,"2,473",30,1,2,10,"23,356",912,"24,268","1,534",28,11,133,"5,763,241","212,476","5,975,717","76,557","25,279","10,167","2,453"
Locality: 149 PRINCE GEORGE COUNTY,0203,203 - BRANDON,872,23,895,11,2,,10,"23,356",912,"24,268","1,534",28,11,133,"5,763,241","212,476","5,975,717","76,557","25,279","10,167","2,453"
Locality: 149 PRINCE GEORGE COUNTY,0204,204 - COURTS BLDG,"3,087",97,"3,184",105,3,2,10,"23,356",912,"24,268","1,534",28,11,133,"5,763,241","212,476","5,975,717","76,557","25,279","10,167","2,453"
Locality: 149 PRINCE GEORGE COUNTY,0205,205 - JEFFERSON PARK,"2,957",265,"3,222",532,7,1,10,"23,356",912,"24,268","1,534",28,11,133,"5,763,241","212,476","5,975,717","76,557","25,279","10,167","2,453"
Locality: 153 PRINCE WILLIAM COUNTY,0101,101 - BRENTSVILLE,"2,977",65,"3,042",42,2,,93,"296,118","10,669","306,787","5,335","1,764",120,133,"5,763,241","212,476","5,975,717","76,557","25,279","10,167","2,453"
Locality: 153 PRINCE WILLIAM COUNTY,0102,102 - CEDAR POINT,"4,549",117,"4,666",55,23,,93,"296,118","10,669","306,787","5,335","1,764",120,133,"5,763,241","212,476","5,975,717","76,557","25,279","10,167","2,453"
Locality: 153 PRINCE WILLIAM COUNTY,0103,103 - GLENKIRK,"3,201",70,"3,271",30,25,,93,"296,118","10,669","306,787","5,335","1,764",120,133,"5,763,241","212,476","5,975,717","76,557","25,279","10,167","2,453"
Locality: 153 PRINCE WILLIAM COUNTY,0104,104 - NOKESVILLE,"3,632",88,"3,720",45,21,1,93,"296,118","10,669","306,787","5,335","1,764",120,133,"5,763,241","212,476","5,975,717","76,557","25,279","10,167","2,453"
Locality: 153 PRINCE WILLIAM COUNTY,0105,105 - LIMESTONE,"4,750",106,"4,856",77,35,2,93,"296,118","10,669","306,787","5,335","1,764",120,133,"5,763,241","212,476","5,975,717","76,557","25,279","10,167","2,453"
Locality: 153 PRINCE WILLIAM COUNTY,0106,106 - WESTGATE,"2,878",164,"3,042",24,12,,93,"296,118","10,669","306,787","5,335","1,764",120,133,"5,763,241","212,476","5,975,717","76,557","25,279","10,167","2,453"
Locality: 153 PRINCE WILLIAM COUNTY,0107,107 - MARSTELLER,"4,691",102,"4,793",54,41,5,93,"296,118","10,669","306,787","5,335","1,764",120,133,"5,763,241","212,476","5,975,717","76,557","25,279","10,167","2,453"
Locality: 153 PRINCE WILLIAM COUNTY,0108,108 - VICTORY,"4,906",156,"5,062",50,30,4,93,"296,118","10,669","306,787","5,335","1,764",120,133,"5,763,241","212,476","5,975,717","76,557","25,279","10,167","2,453"
Locality: 153 PRINCE WILLIAM COUNTY,0109,109 - CHRIS YUNG,"3,916",114,"4,030",40,28,,93,"296,118","10,669","306,787","5,335","1,764",120,133,"5,763,241","212,476","5,975,717","76,557","25,279","10,167","2,453"
Locality: 153 PRINCE WILLIAM COUNTY,0110,110 - BUCKLAND MILLS,"3,320",126,"3,446",30,18,1,93,"296,118","10,669","306,787","5,335","1,764",120,133,"5,763,241","212,476","5,975,717","76,557","25,279","10,167","2,453"
Locality: 153 PRINCE WILLIAM COUNTY,0111,111 - BRISTOW RUN,"2,057",52,"2,109",21,7,,93,"296,118","10,669","306,787","5,335","1,764",120,133,"5,763,241","212,476","5,975,717","76,557","25,279","10,167","2,453"
Locality: 153 PRINCE WILLIAM COUNTY,0112,112 - BURKE-NICKENS,"4,389",117,"4,506",53,28,3,93,"296,118","10,669","306,787","5,335","1,764",120,133,"5,763,241","212,476","5,975,717","76,557","25,279","10,167","2,453"
Locality: 153 PRINCE WILLIAM COUNTY,0114,114 - PINEY BRANCH,"3,038",126,"3,164",35,16,4,93,"296,118","10,669","306,787","5,335","1,764",120,133,"5,763,241","212,476","5,975,717","76,557","25,279","10,167","2,453"
Locality: 153 PRINCE WILLIAM COUNTY,0201,201 - SAUNDERS,"2,668",86,"2,754",44,9,,93,"296,118","10,669","306,787","5,335","1,764",120,133,"5,763,241","212,476","5,975,717","76,557","25,279","10,167","2,453"
Locality: 153 PRINCE WILLIAM COUNTY,0202,202 - MARSHALL,"3,370",98,"3,468",61,34,3,93,"296,118","10,669","306,787","5,335","1,764",120,133,"5,763,241","212,476","5,975,717","76,557","25,279","10,167","2,453"
Locality: 153 PRINCE WILLIAM COUNTY,0203,203 - BENNETT,"3,563",93,"3,656",34,28,1,93,"296,118","10,669","306,787","5,335","1,764",120,133,"5,763,241","212,476","5,975,717","76,557","25,279","10,167","2,453"
Locality: 153 PRINCE WILLIAM COUNTY,0204,204 - ELLIS,"3,177",109,"3,286",21,14,,93,"296,118","10,669","306,787","5,335","1,764",120,133,"5,763,241","212,476","5,975,717","76,557","25,279","10,167","2,453"
Locality: 153 PRINCE WILLIAM COUNTY,0205,205 - BUCKHALL,"3,818",64,"3,882",61,13,1,93,"296,118","10,669","306,787","5,335","1,764",120,133,"5,763,241","212,476","5,975,717","76,557","25,279","10,167","2,453"
Locality: 153 PRINCE WILLIAM COUNTY,0206,206 - COLES,"2,541",76,"2,617",37,11,,93,"296,118","10,669","306,787","5,335","1,764",120,133,"5,763,241","212,476","5,975,717","76,557","25,279","10,167","2,453"
Locality: 153 PRINCE WILLIAM COUNTY,0207,207 - SPRIGGS,"4,068",114,"4,182",96,27,,93,"296,118","10,669","306,787","5,335","1,764",120,133,"5,763,241","212,476","5,975,717","76,557","25,279","10,167","2,453"
Locality: 153 PRINCE WILLIAM COUNTY,0208,208 - HYLTON,"2,504",59,"2,563",46,20,,93,"296,118","10,669","306,787","5,335","1,764",120,133,"5,763,241","212,476","5,975,717","76,557","25,279","10,167","2,453"
Locality: 153 PRINCE WILLIAM COUNTY,0209,209 - INDEPENDENT HILL,"2,312",66,"2,378",28,12,,93,"296,118","10,669","306,787","5,335","1,764",120,133,"5,763,241","212,476","5,975,717","76,557","25,279","10,167","2,453"
Locality: 153 PRINCE WILLIAM COUNTY,0210,210 - PENN,"3,249",78,"3,327",59,16,,93,"296,118","10,669","306,787","5,335","1,764",120,133,"5,763,241","212,476","5,975,717","76,557","25,279","10,167","2,453"
Locality: 153 PRINCE WILLIAM COUNTY,0211,211 - SIGNAL HILL,"3,321",73,"3,394",43,14,3,93,"296,118","10,669","306,787","5,335","1,764",120,133,"5,763,241","212,476","5,975,717","76,557","25,279","10,167","2,453"
Locality: 153 PRINCE WILLIAM COUNTY,0212,212 - YORKSHIRE,"4,793",230,"5,023",49,27,,93,"296,118","10,669","306,787","5,335","1,764",120,133,"5,763,241","212,476","5,975,717","76,557","25,279","10,167","2,453"
Locality: 153 PRINCE WILLIAM COUNTY,0213,213 - SARATOGA,"2,044",68,"2,112",45,11,,93,"296,118","10,669","306,787","5,335","1,764",120,133,"5,763,241","212,476","5,975,717","76,557","25,279","10,167","2,453"
Locality: 153 PRINCE WILLIAM COUNTY,0214,214 - LUCASVILLE,"1,945",67,"2,012",14,5,,93,"296,118","10,669","306,787","5,335","1,764",120,133,"5,763,241","212,476","5,975,717","76,557","25,279","10,167","2,453"
Locality: 153 PRINCE WILLIAM COUNTY,0215,215 - ROSA PARKS,"2,597",89,"2,686",46,12,1,93,"296,118","10,669","306,787","5,335","1,764",120,133,"5,763,241","212,476","5,975,717","76,557","25,279","10,167","2,453"
Locality: 153 PRINCE WILLIAM COUNTY,0301,301 - DUMFRIES,"2,707",134,"2,841",38,8,2,93,"296,118","10,669","306,787","5,335","1,764",120,133,"5,763,241","212,476","5,975,717","76,557","25,279","10,167","2,453"
Locality: 153 PRINCE WILLIAM COUNTY,0302,302 - POTOMAC,"3,104",120,"3,224",102,12,1,93,"296,118","10,669","306,787","5,335","1,764",120,133,"5,763,241","212,476","5,975,717","76,557","25,279","10,167","2,453"
Locality: 153 PRINCE WILLIAM COUNTY,0303,303 - GRAHAM PARK,"2,208",133,"2,341",54,6,1,93,"296,118","10,669","306,787","5,335","1,764",120,133,"5,763,241","212,476","5,975,717","76,557","25,279","10,167","2,453"
Locality: 153 PRINCE WILLIAM COUNTY,0304,304 - QUANTICO,"1,040",167,"1,207",445,13,6,93,"296,118","10,669","306,787","5,335","1,764",120,133,"5,763,241","212,476","5,975,717","76,557","25,279","10,167","2,453"
Locality: 153 PRINCE WILLIAM COUNTY,0305,305 - PATTIE,"3,097",114,"3,211",96,42,3,93,"296,118","10,669","306,787","5,335","1,764",120,133,"5,763,241","212,476","5,975,717","76,557","25,279","10,167","2,453"
Locality: 153 PRINCE WILLIAM COUNTY,0306,306 - WASHINGTON-REID,"3,291",107,"3,398",62,17,1,93,"296,118","10,669","306,787","5,335","1,764",120,133,"5,763,241","212,476","5,975,717","76,557","25,279","10,167","2,453"
Locality: 153 PRINCE WILLIAM COUNTY,0307,307 - HENDERSON,"2,860",106,"2,966",103,17,1,93,"296,118","10,669","306,787","5,335","1,764",120,133,"5,763,241","212,476","5,975,717","76,557","25,279","10,167","2,453"
Locality: 153 PRINCE WILLIAM COUNTY,0308,308 - MONTCLAIR,"1,895",71,"1,966",49,8,,93,"296,118","10,669","306,787","5,335","1,764",120,133,"5,763,241","212,476","5,975,717","76,557","25,279","10,167","2,453"
Locality: 153 PRINCE WILLIAM COUNTY,0309,309 - ASHLAND ,"2,324",82,"2,406",87,16,,93,"296,118","10,669","306,787","5,335","1,764",120,133,"5,763,241","212,476","5,975,717","76,557","25,279","10,167","2,453"
Locality: 153 PRINCE WILLIAM COUNTY,0310,310 - FOREST PARK,"2,882",111,"2,993",75,17,,93,"296,118","10,669","306,787","5,335","1,764",120,133,"5,763,241","212,476","5,975,717","76,557","25,279","10,167","2,453"
Locality: 153 PRINCE WILLIAM COUNTY,0311,311 - SWANS CREEK,"5,592",127,"5,719",159,18,3,93,"296,118","10,669","306,787","5,335","1,764",120,133,"5,763,241","212,476","5,975,717","76,557","25,279","10,167","2,453"
Locality: 153 PRINCE WILLIAM COUNTY,0312,312 - TRIANGLE ,"3,463",120,"3,583",80,14,1,93,"296,118","10,669","306,787","5,335","1,764",120,133,"5,763,241","212,476","5,975,717","76,557","25,279","10,167","2,453"
Locality: 153 PRINCE WILLIAM COUNTY,0313,313 - CARDINAL,"2,513",99,"2,612",63,24,1,93,"296,118","10,669","306,787","5,335","1,764",120,133,"5,763,241","212,476","5,975,717","76,557","25,279","10,167","2,453"
Locality: 153 PRINCE WILLIAM COUNTY,0314,314 - CABIN BRANCH,"2,413",73,"2,486",69,11,,93,"296,118","10,669","306,787","5,335","1,764",120,133,"5,763,241","212,476","5,975,717","76,557","25,279","10,167","2,453"
Locality: 153 PRINCE WILLIAM COUNTY,0315,315 - WILLIAMS,"1,900",164,"2,064",34,16,,93,"296,118","10,669","306,787","5,335","1,764",120,133,"5,763,241","212,476","5,975,717","76,557","25,279","10,167","2,453"
Locality: 153 PRINCE WILLIAM COUNTY,0401,401 - EVERGREEN,"3,246",81,"3,327",23,20,2,93,"296,118","10,669","306,787","5,335","1,764",120,133,"5,763,241","212,476","5,975,717","76,557","25,279","10,167","2,453"
Locality: 153 PRINCE WILLIAM COUNTY,0402,402 - BATTLEFIELD,"4,004",90,"4,094",51,30,1,93,"296,118","10,669","306,787","5,335","1,764",120,133,"5,763,241","212,476","5,975,717","76,557","25,279","10,167","2,453"
Locality: 153 PRINCE WILLIAM COUNTY,0403,403 - BULL RUN,"3,192",60,"3,252",40,18,2,93,"296,118","10,669","306,787","5,335","1,764",120,133,"5,763,241","212,476","5,975,717","76,557","25,279","10,167","2,453"
Locality: 153 PRINCE WILLIAM COUNTY,0404,404 - BEN LOMOND,"3,404",232,"3,636",42,18,3,93,"296,118","10,669","306,787","5,335","1,764",120,133,"5,763,241","212,476","5,975,717","76,557","25,279","10,167","2,453"
Locality: 153 PRINCE WILLIAM COUNTY,0405,405 - STONEWALL,"4,062",165,"4,227",36,18,4,93,"296,118","10,669","306,787","5,335","1,764",120,133,"5,763,241","212,476","5,975,717","76,557","25,279","10,167","2,453"
Locality: 153 PRINCE WILLIAM COUNTY,0406,406 - ALVEY,"1,922",25,"1,947",8,9,,93,"296,118","10,669","306,787","5,335","1,764",120,133,"5,763,241","212,476","5,975,717","76,557","25,279","10,167","2,453"
Locality: 153 PRINCE WILLIAM COUNTY,0407,407 - HERITAGE HUNT,"4,149",97,"4,246",13,26,,93,"296,118","10,669","306,787","5,335","1,764",120,133,"5,763,241","212,476","5,975,717","76,557","25,279","10,167","2,453"
Locality: 153 PRINCE WILLIAM COUNTY,0408,408 - SUDLEY,"2,096",63,"2,159",14,6,1,93,"296,118","10,669","306,787","5,335","1,764",120,133,"5,763,241","212,476","5,975,717","76,557","25,279","10,167","2,453"
Locality: 153 PRINCE WILLIAM COUNTY,0409,409 - TYLER,"3,721",130,"3,851",35,28,,93,"296,118","10,669","306,787","5,335","1,764",120,133,"5,763,241","212,476","5,975,717","76,557","25,279","10,167","2,453"
Locality: 153 PRINCE WILLIAM COUNTY,0410,410 - MOUNTAIN VIEW,"4,268",131,"4,399",67,35,,93,"296,118","10,669","306,787","5,335","1,764",120,133,"5,763,241","212,476","5,975,717","76,557","25,279","10,167","2,453"
Locality: 153 PRINCE WILLIAM COUNTY,0411,411 - MULLEN,"3,712",208,"3,920",42,13,,93,"296,118","10,669","306,787","5,335","1,764",120,133,"5,763,241","212,476","5,975,717","76,557","25,279","10,167","2,453"
Locality: 153 PRINCE WILLIAM COUNTY,0412,412 - CATHARPIN,"2,224",42,"2,266",22,15,2,93,"296,118","10,669","306,787","5,335","1,764",120,133,"5,763,241","212,476","5,975,717","76,557","25,279","10,167","2,453"
Locality: 153 PRINCE WILLIAM COUNTY,0413,413 - REAGAN,"4,931",129,"5,060",55,42,1,93,"296,118","10,669","306,787","5,335","1,764",120,133,"5,763,241","212,476","5,975,717","76,557","25,279","10,167","2,453"
Locality: 153 PRINCE WILLIAM COUNTY,0501,501 - LAKE RIDGE,"2,933",91,"3,024",58,31,2,93,"296,118","10,669","306,787","5,335","1,764",120,133,"5,763,241","212,476","5,975,717","76,557","25,279","10,167","2,453"
Locality: 153 PRINCE WILLIAM COUNTY,0502,502 - OCCOQUAN,"2,219",66,"2,285",40,19,,93,"296,118","10,669","306,787","5,335","1,764",120,133,"5,763,241","212,476","5,975,717","76,557","25,279","10,167","2,453"
Locality: 153 PRINCE WILLIAM COUNTY,0503,503 - OLD BRIDGE,"2,859",145,"3,004",40,13,2,93,"296,118","10,669","306,787","5,335","1,764",120,133,"5,763,241","212,476","5,975,717","76,557","25,279","10,167","2,453"
Locality: 153 PRINCE WILLIAM COUNTY,0504,504 - ROCKLEDGE,"2,322",70,"2,392",28,18,2,93,"296,118","10,669","306,787","5,335","1,764",120,133,"5,763,241","212,476","5,975,717","76,557","25,279","10,167","2,453"
Locality: 153 PRINCE WILLIAM COUNTY,0505,505 - MOHICAN,"3,138",118,"3,256",73,33,,93,"296,118","10,669","306,787","5,335","1,764",120,133,"5,763,241","212,476","5,975,717","76,557","25,279","10,167","2,453"
Locality: 153 PRINCE WILLIAM COUNTY,0506,506 - BETHEL,"4,243",133,"4,376",68,35,,93,"296,118","10,669","306,787","5,335","1,764",120,133,"5,763,241","212,476","5,975,717","76,557","25,279","10,167","2,453"
Locality: 153 PRINCE WILLIAM COUNTY,0507,507 - CHINN,"2,873",107,"2,980",43,15,1,93,"296,118","10,669","306,787","5,335","1,764",120,133,"5,763,241","212,476","5,975,717","76,557","25,279","10,167","2,453"
Locality: 153 PRINCE WILLIAM COUNTY,0508,508 - SPRINGWOODS,"2,322",89,"2,411",40,11,3,93,"296,118","10,669","306,787","5,335","1,764",120,133,"5,763,241","212,476","5,975,717","76,557","25,279","10,167","2,453"
Locality: 153 PRINCE WILLIAM COUNTY,0509,509 - MC COART,"3,512",92,"3,604",53,29,3,93,"296,118","10,669","306,787","5,335","1,764",120,133,"5,763,241","212,476","5,975,717","76,557","25,279","10,167","2,453"
Locality: 153 PRINCE WILLIAM COUNTY,0510,510 - YATES FORD,"2,015",66,"2,081",34,11,,93,"296,118","10,669","306,787","5,335","1,764",120,133,"5,763,241","212,476","5,975,717","76,557","25,279","10,167","2,453"
Locality: 153 PRINCE WILLIAM COUNTY,0511,511 - WESTRIDGE,"3,627",111,"3,738",79,39,1,93,"296,118","10,669","306,787","5,335","1,764",120,133,"5,763,241","212,476","5,975,717","76,557","25,279","10,167","2,453"
Locality: 153 PRINCE WILLIAM COUNTY,0512,512 - YORK,"3,497",193,"3,690",72,27,4,93,"296,118","10,669","306,787","5,335","1,764",120,133,"5,763,241","212,476","5,975,717","76,557","25,279","10,167","2,453"
Locality: 153 PRINCE WILLIAM COUNTY,0513,513 - LYNNWOOD,"3,114",98,"3,212",80,19,,93,"296,118","10,669","306,787","5,335","1,764",120,133,"5,763,241","212,476","5,975,717","76,557","25,279","10,167","2,453"
Locality: 153 PRINCE WILLIAM COUNTY,0514,514 - ANTIETAM,"3,468",125,"3,593",62,25,4,93,"296,118","10,669","306,787","5,335","1,764",120,133,"5,763,241","212,476","5,975,717","76,557","25,279","10,167","2,453"
Locality: 153 PRINCE WILLIAM COUNTY,0601,601 - DALE,"3,027",136,"3,163",30,10,,93,"296,118","10,669","306,787","5,335","1,764",120,133,"5,763,241","212,476","5,975,717","76,557","25,279","10,167","2,453"
Locality: 153 PRINCE WILLIAM COUNTY,0602,602 - BEVILLE,"4,417",147,"4,564",60,19,3,93,"296,118","10,669","306,787","5,335","1,764",120,133,"5,763,241","212,476","5,975,717","76,557","25,279","10,167","2,453"
Locality: 153 PRINCE WILLIAM COUNTY,0603,603 - HAMPTON,"2,497",140,"2,637",34,13,3,93,"296,118","10,669","306,787","5,335","1,764",120,133,"5,763,241","212,476","5,975,717","76,557","25,279","10,167","2,453"
Locality: 153 PRINCE WILLIAM COUNTY,0604,604 - GIDEON,"3,023",100,"3,123",28,15,6,93,"296,118","10,669","306,787","5,335","1,764",120,133,"5,763,241","212,476","5,975,717","76,557","25,279","10,167","2,453"
Locality: 153 PRINCE WILLIAM COUNTY,0605,605 - MINNIEVILLE,"2,944",80,"3,024",29,14,1,93,"296,118","10,669","306,787","5,335","1,764",120,133,"5,763,241","212,476","5,975,717","76,557","25,279","10,167","2,453"
Locality: 153 PRINCE WILLIAM COUNTY,0606,606 - BEL AIR,"2,876",125,"3,001",41,8,5,93,"296,118","10,669","306,787","5,335","1,764",120,133,"5,763,241","212,476","5,975,717","76,557","25,279","10,167","2,453"
Locality: 153 PRINCE WILLIAM COUNTY,0607,607 - KERRYDALE,"3,658",129,"3,787",46,18,1,93,"296,118","10,669","306,787","5,335","1,764",120,133,"5,763,241","212,476","5,975,717","76,557","25,279","10,167","2,453"
Locality: 153 PRINCE WILLIAM COUNTY,0608,608 - ENTERPRISE,"2,881",110,"2,991",40,11,3,93,"296,118","10,669","306,787","5,335","1,764",120,133,"5,763,241","212,476","5,975,717","76,557","25,279","10,167","2,453"
Locality: 153 PRINCE WILLIAM COUNTY,0609,609 - KING,"3,678",113,"3,791",69,15,1,93,"296,118","10,669","306,787","5,335","1,764",120,133,"5,763,241","212,476","5,975,717","76,557","25,279","10,167","2,453"
Locality: 153 PRINCE WILLIAM COUNTY,0610,610 - FITZGERALD,"3,637",137,"3,774",69,18,1,93,"296,118","10,669","306,787","5,335","1,764",120,133,"5,763,241","212,476","5,975,717","76,557","25,279","10,167","2,453"
Locality: 153 PRINCE WILLIAM COUNTY,0611,611 - NEABSCO,"2,416",112,"2,528",45,14,1,93,"296,118","10,669","306,787","5,335","1,764",120,133,"5,763,241","212,476","5,975,717","76,557","25,279","10,167","2,453"
Locality: 153 PRINCE WILLIAM COUNTY,0701,701 - BELMONT,"3,447",197,"3,644",96,23,,93,"296,118","10,669","306,787","5,335","1,764",120,133,"5,763,241","212,476","5,975,717","76,557","25,279","10,167","2,453"
Locality: 153 PRINCE WILLIAM COUNTY,0702,702 - LIBRARY,"3,541",193,"3,734",135,33,,93,"296,118","10,669","306,787","5,335","1,764",120,133,"5,763,241","212,476","5,975,717","76,557","25,279","10,167","2,453"
Locality: 153 PRINCE WILLIAM COUNTY,0703,703 - LYNN,"2,122",145,"2,267",31,8,3,93,"296,118","10,669","306,787","5,335","1,764",120,133,"5,763,241","212,476","5,975,717","76,557","25,279","10,167","2,453"
Locality: 153 PRINCE WILLIAM COUNTY,0704,704 - PORTER,"3,253",207,"3,460",59,10,2,93,"296,118","10,669","306,787","5,335","1,764",120,133,"5,763,241","212,476","5,975,717","76,557","25,279","10,167","2,453"
Locality: 153 PRINCE WILLIAM COUNTY,0705,705 - POTOMAC VIEW,"2,262",88,"2,350",21,9,,93,"296,118","10,669","306,787","5,335","1,764",120,133,"5,763,241","212,476","5,975,717","76,557","25,279","10,167","2,453"
Locality: 153 PRINCE WILLIAM COUNTY,0706,706 - RIPPON,"3,558",136,"3,694",80,17,,93,"296,118","10,669","306,787","5,335","1,764",120,133,"5,763,241","212,476","5,975,717","76,557","25,279","10,167","2,453"
Locality: 153 PRINCE WILLIAM COUNTY,0707,707 - KILBY,"2,828",105,"2,933",45,12,2,93,"296,118","10,669","306,787","5,335","1,764",120,133,"5,763,241","212,476","5,975,717","76,557","25,279","10,167","2,453"
Locality: 153 PRINCE WILLIAM COUNTY,0708,708 - RIVER OAKS,"3,531",163,"3,694",66,17,,93,"296,118","10,669","306,787","5,335","1,764",120,133,"5,763,241","212,476","5,975,717","76,557","25,279","10,167","2,453"
Locality: 153 PRINCE WILLIAM COUNTY,0709,709 - FREEDOM,"3,713",212,"3,925",121,39,,93,"296,118","10,669","306,787","5,335","1,764",120,133,"5,763,241","212,476","5,975,717","76,557","25,279","10,167","2,453"
Locality: 153 PRINCE WILLIAM COUNTY,0710,710 - POWELLS CREEK,"3,291",160,"3,451",77,26,1,93,"296,118","10,669","306,787","5,335","1,764",120,133,"5,763,241","212,476","5,975,717","76,557","25,279","10,167","2,453"
Locality: 153 PRINCE WILLIAM COUNTY,0711,711 - GRAYSON,"3,845",194,"4,039",53,13,,93,"296,118","10,669","306,787","5,335","1,764",120,133,"5,763,241","212,476","5,975,717","76,557","25,279","10,167","2,453"
Locality: 153 PRINCE WILLIAM COUNTY,0712,712 - LEESYLVANIA,"3,037",82,"3,119",86,21,,93,"296,118","10,669","306,787","5,335","1,764",120,133,"5,763,241","212,476","5,975,717","76,557","25,279","10,167","2,453"
Locality: 155 PULASKI COUNTY,0101,101 - BELSPRING,878,8,886,,,1,12,"22,669",478,"23,147",96,20,20,133,"5,763,241","212,476","5,975,717","76,557","25,279","10,167","2,453"
Locality: 155 PULASKI COUNTY,0102,102 - NEW RIVER,"2,812",60,"2,872",8,3,,12,"22,669",478,"23,147",96,20,20,133,"5,763,241","212,476","5,975,717","76,557","25,279","10,167","2,453"
Locality: 155 PULASKI COUNTY,0103,103 - WEST CLOYD,"1,393",27,"1,420",6,,2,12,"22,669",478,"23,147",96,20,20,133,"5,763,241","212,476","5,975,717","76,557","25,279","10,167","2,453"
Locality: 155 PULASKI COUNTY,0201,201 - DRAPER,"1,568",28,"1,596",11,5,3,12,"22,669",478,"23,147",96,20,20,133,"5,763,241","212,476","5,975,717","76,557","25,279","10,167","2,453"
Locality: 155 PULASKI COUNTY,0202,202 - SOUTH PULASKI,466,16,482,2,,,12,"22,669",478,"23,147",96,20,20,133,"5,763,241","212,476","5,975,717","76,557","25,279","10,167","2,453"
Locality: 155 PULASKI COUNTY,0203,203 - NEWBERN,"2,682",48,"2,730",13,2,6,12,"22,669",478,"23,147",96,20,20,133,"5,763,241","212,476","5,975,717","76,557","25,279","10,167","2,453"
Locality: 155 PULASKI COUNTY,0301,301 - DUBLIN,"2,395",57,"2,452",8,2,,12,"22,669",478,"23,147",96,20,20,133,"5,763,241","212,476","5,975,717","76,557","25,279","10,167","2,453"
Locality: 155 PULASKI COUNTY,0302,302 - HIWASSEE,541,7,548,3,,,12,"22,669",478,"23,147",96,20,20,133,"5,763,241","212,476","5,975,717","76,557","25,279","10,167","2,453"
Locality: 155 PULASKI COUNTY,0304,304 - SNOWVILLE,"1,313",19,"1,332",3,1,4,12,"22,669",478,"23,147",96,20,20,133,"5,763,241","212,476","5,975,717","76,557","25,279","10,167","2,453"
Locality: 155 PULASKI COUNTY,0401,401 - MASSIE,"3,519",77,"3,596",19,5,1,12,"22,669",478,"23,147",96,20,20,133,"5,763,241","212,476","5,975,717","76,557","25,279","10,167","2,453"
Locality: 155 PULASKI COUNTY,0402,402 - WALKER,983,23,"1,006",1,1,,12,"22,669",478,"23,147",96,20,20,133,"5,763,241","212,476","5,975,717","76,557","25,279","10,167","2,453"
Locality: 155 PULASKI COUNTY,0501,501 - ROBINSON,"4,119",108,"4,227",22,1,3,12,"22,669",478,"23,147",96,20,20,133,"5,763,241","212,476","5,975,717","76,557","25,279","10,167","2,453"
Locality: 157 RAPPAHANNOCK COUNTY,0101,101 - WASHINGTON,"1,251",21,"1,272",3,7,2,6,"5,962",116,"6,078",19,26,29,133,"5,763,241","212,476","5,975,717","76,557","25,279","10,167","2,453"
Locality: 157 RAPPAHANNOCK COUNTY,0201,201 - AMISSVILLE,"1,203",30,"1,233",6,5,2,6,"5,962",116,"6,078",19,26,29,133,"5,763,241","212,476","5,975,717","76,557","25,279","10,167","2,453"
Locality: 157 RAPPAHANNOCK COUNTY,0301,301 - SPERRYVILLE,"1,079",16,"1,095",3,6,12,6,"5,962",116,"6,078",19,26,29,133,"5,763,241","212,476","5,975,717","76,557","25,279","10,167","2,453"
Locality: 157 RAPPAHANNOCK COUNTY,0401,401 - SCRABBLE,"1,176",21,"1,197",3,4,6,6,"5,962",116,"6,078",19,26,29,133,"5,763,241","212,476","5,975,717","76,557","25,279","10,167","2,453"
Locality: 157 RAPPAHANNOCK COUNTY,0501,501 - CHESTER GAP,539,5,544,,1,1,6,"5,962",116,"6,078",19,26,29,133,"5,763,241","212,476","5,975,717","76,557","25,279","10,167","2,453"
Locality: 157 RAPPAHANNOCK COUNTY,0502,502 - FLINT HILL,714,23,737,4,3,6,6,"5,962",116,"6,078",19,26,29,133,"5,763,241","212,476","5,975,717","76,557","25,279","10,167","2,453"
Locality: 159 RICHMOND COUNTY,0101,101 - PRECINCT 1-1,"1,169",23,"1,192",7,3,2,5,"5,412",94,"5,506",32,9,5,133,"5,763,241","212,476","5,975,717","76,557","25,279","10,167","2,453"
Locality: 159 RICHMOND COUNTY,0201,201 - PRECINCT 2-1,"1,050",20,"1,070",12,2,1,5,"5,412",94,"5,506",32,9,5,133,"5,763,241","212,476","5,975,717","76,557","25,279","10,167","2,453"
Locality: 159 RICHMOND COUNTY,0301,301 - PRECINCT 3-1,"1,013",16,"1,029",5,2,,5,"5,412",94,"5,506",32,9,5,133,"5,763,241","212,476","5,975,717","76,557","25,279","10,167","2,453"
Locality: 159 RICHMOND COUNTY,0401,401 - PRECINCT 4-1,"1,147",17,"1,164",4,,2,5,"5,412",94,"5,506",32,9,5,133,"5,763,241","212,476","5,975,717","76,557","25,279","10,167","2,453"
Locality: 159 RICHMOND COUNTY,0501,501 - PRECINCT 5-1,"1,033",18,"1,051",4,2,,5,"5,412",94,"5,506",32,9,5,133,"5,763,241","212,476","5,975,717","76,557","25,279","10,167","2,453"
Locality: 161 ROANOKE COUNTY,0101,101 - CATAWBA,794,24,818,2,1,,33,"70,470","1,729","72,199",362,176,47,133,"5,763,241","212,476","5,975,717","76,557","25,279","10,167","2,453"
Locality: 161 ROANOKE COUNTY,0102,102 - MASON VALLEY,774,16,790,3,2,,33,"70,470","1,729","72,199",362,176,47,133,"5,763,241","212,476","5,975,717","76,557","25,279","10,167","2,453"
Locality: 161 ROANOKE COUNTY,0103,103 - GLENVAR,"2,524",55,"2,579",20,3,,33,"70,470","1,729","72,199",362,176,47,133,"5,763,241","212,476","5,975,717","76,557","25,279","10,167","2,453"
Locality: 161 ROANOKE COUNTY,0104,104 - NORTHSIDE,"1,622",38,"1,660",12,4,1,33,"70,470","1,729","72,199",362,176,47,133,"5,763,241","212,476","5,975,717","76,557","25,279","10,167","2,453"
Locality: 161 ROANOKE COUNTY,0105,105 - PETERS CREEK,"3,308",66,"3,374",22,6,1,33,"70,470","1,729","72,199",362,176,47,133,"5,763,241","212,476","5,975,717","76,557","25,279","10,167","2,453"
Locality: 161 ROANOKE COUNTY,0106,106 - GREEN HILL,"2,823",61,"2,884",13,8,,33,"70,470","1,729","72,199",362,176,47,133,"5,763,241","212,476","5,975,717","76,557","25,279","10,167","2,453"
Locality: 161 ROANOKE COUNTY,0107,107 - BENNETT SPRINGS,"1,056",26,"1,082",3,6,1,33,"70,470","1,729","72,199",362,176,47,133,"5,763,241","212,476","5,975,717","76,557","25,279","10,167","2,453"
Locality: 161 ROANOKE COUNTY,0108,108 - WILDWOOD,"1,599",30,"1,629",16,,2,33,"70,470","1,729","72,199",362,176,47,133,"5,763,241","212,476","5,975,717","76,557","25,279","10,167","2,453"
Locality: 161 ROANOKE COUNTY,0201,201 - PLANTATION,"2,297",48,"2,345",2,10,,33,"70,470","1,729","72,199",362,176,47,133,"5,763,241","212,476","5,975,717","76,557","25,279","10,167","2,453"
Locality: 161 ROANOKE COUNTY,0202,202 - BURLINGTON,"1,754",50,"1,804",5,1,3,33,"70,470","1,729","72,199",362,176,47,133,"5,763,241","212,476","5,975,717","76,557","25,279","10,167","2,453"
Locality: 161 ROANOKE COUNTY,0203,203 - MOUNTAIN VIEW,"3,183",72,"3,255",15,5,,33,"70,470","1,729","72,199",362,176,47,133,"5,763,241","212,476","5,975,717","76,557","25,279","10,167","2,453"
Locality: 161 ROANOKE COUNTY,0204,204 - BOTETOURT SPRINGS,"2,555",55,"2,610",15,7,,33,"70,470","1,729","72,199",362,176,47,133,"5,763,241","212,476","5,975,717","76,557","25,279","10,167","2,453"
Locality: 161 ROANOKE COUNTY,0205,205 - ORCHARDS,"3,639",77,"3,716",26,4,,33,"70,470","1,729","72,199",362,176,47,133,"5,763,241","212,476","5,975,717","76,557","25,279","10,167","2,453"
Locality: 161 ROANOKE COUNTY,0206,206 - HOLLINS,"1,260",69,"1,329",5,7,,33,"70,470","1,729","72,199",362,176,47,133,"5,763,241","212,476","5,975,717","76,557","25,279","10,167","2,453"
Locality: 161 ROANOKE COUNTY,0301,301 - BENT MOUNTAIN,690,9,699,2,1,,33,"70,470","1,729","72,199",362,176,47,133,"5,763,241","212,476","5,975,717","76,557","25,279","10,167","2,453"
Locality: 161 ROANOKE COUNTY,0302,302 - POAGES MILL,"3,233",70,"3,303",20,9,6,33,"70,470","1,729","72,199",362,176,47,133,"5,763,241","212,476","5,975,717","76,557","25,279","10,167","2,453"
Locality: 161 ROANOKE COUNTY,0303,303 - WINDSOR HILLS,"1,810",42,"1,852",8,,2,33,"70,470","1,729","72,199",362,176,47,133,"5,763,241","212,476","5,975,717","76,557","25,279","10,167","2,453"
Locality: 161 ROANOKE COUNTY,0304,304 - OAK GROVE,"3,378",84,"3,462",22,23,1,33,"70,470","1,729","72,199",362,176,47,133,"5,763,241","212,476","5,975,717","76,557","25,279","10,167","2,453"
Locality: 161 ROANOKE COUNTY,0305,305 - CASTLE ROCK,"3,832",92,"3,924",21,15,7,33,"70,470","1,729","72,199",362,176,47,133,"5,763,241","212,476","5,975,717","76,557","25,279","10,167","2,453"
Locality: 161 ROANOKE COUNTY,0306,306 - GARST MILL,"1,828",53,"1,881",8,5,,33,"70,470","1,729","72,199",362,176,47,133,"5,763,241","212,476","5,975,717","76,557","25,279","10,167","2,453"
Locality: 161 ROANOKE COUNTY,0401,401 - SOUTH LINDENWOOD,"2,037",41,"2,078",8,2,4,33,"70,470","1,729","72,199",362,176,47,133,"5,763,241","212,476","5,975,717","76,557","25,279","10,167","2,453"
Locality: 161 ROANOKE COUNTY,0402,402 - BONSACK,633,12,645,5,1,2,33,"70,470","1,729","72,199",362,176,47,133,"5,763,241","212,476","5,975,717","76,557","25,279","10,167","2,453"
Locality: 161 ROANOKE COUNTY,0403,403 - NORTH VINTON,"2,229",65,"2,294",11,2,,33,"70,470","1,729","72,199",362,176,47,133,"5,763,241","212,476","5,975,717","76,557","25,279","10,167","2,453"
Locality: 161 ROANOKE COUNTY,0404,404 - SOUTH VINTON,"2,913",77,"2,990",12,2,,33,"70,470","1,729","72,199",362,176,47,133,"5,763,241","212,476","5,975,717","76,557","25,279","10,167","2,453"
Locality: 161 ROANOKE COUNTY,0405,405 - NORTH LINDENWOOD,"2,121",36,"2,157",6,4,1,33,"70,470","1,729","72,199",362,176,47,133,"5,763,241","212,476","5,975,717","76,557","25,279","10,167","2,453"
Locality: 161 ROANOKE COUNTY,0406,406 - MOUNT PLEASANT,"2,770",46,"2,816",11,2,1,33,"70,470","1,729","72,199",362,176,47,133,"5,763,241","212,476","5,975,717","76,557","25,279","10,167","2,453"
Locality: 161 ROANOKE COUNTY,0501,501 - COTTON HILL,"1,808",41,"1,849",6,6,2,33,"70,470","1,729","72,199",362,176,47,133,"5,763,241","212,476","5,975,717","76,557","25,279","10,167","2,453"
Locality: 161 ROANOKE COUNTY,0502,502 - PENN FOREST,"1,557",34,"1,591",8,4,3,33,"70,470","1,729","72,199",362,176,47,133,"5,763,241","212,476","5,975,717","76,557","25,279","10,167","2,453"
Locality: 161 ROANOKE COUNTY,0503,503 - CAVE SPRING,"1,954",44,"1,998",8,12,2,33,"70,470","1,729","72,199",362,176,47,133,"5,763,241","212,476","5,975,717","76,557","25,279","10,167","2,453"
Locality: 161 ROANOKE COUNTY,0504,504 - OGDEN,"1,999",101,"2,100",15,5,1,33,"70,470","1,729","72,199",362,176,47,133,"5,763,241","212,476","5,975,717","76,557","25,279","10,167","2,453"
Locality: 161 ROANOKE COUNTY,0505,505 - CLEARBROOK,"1,576",31,"1,607",8,4,,33,"70,470","1,729","72,199",362,176,47,133,"5,763,241","212,476","5,975,717","76,557","25,279","10,167","2,453"
Locality: 161 ROANOKE COUNTY,0506,506 - MOUNT VERNON,"1,602",60,"1,662",6,5,2,33,"70,470","1,729","72,199",362,176,47,133,"5,763,241","212,476","5,975,717","76,557","25,279","10,167","2,453"
Locality: 161 ROANOKE COUNTY,0507,507 - HUNTING HILLS,"3,312",104,"3,416",18,10,5,33,"70,470","1,729","72,199",362,176,47,133,"5,763,241","212,476","5,975,717","76,557","25,279","10,167","2,453"
Locality: 163 ROCKBRIDGE COUNTY,0101,101 - AIRPORT,"1,354",19,"1,373",13,5,8,17,"15,381",325,"15,706",105,51,25,133,"5,763,241","212,476","5,975,717","76,557","25,279","10,167","2,453"
Locality: 163 ROCKBRIDGE COUNTY,0102,102 - BEN SALEM,947,11,958,9,3,1,17,"15,381",325,"15,706",105,51,25,133,"5,763,241","212,476","5,975,717","76,557","25,279","10,167","2,453"
Locality: 163 ROCKBRIDGE COUNTY,0103,103 - PLANK ROAD,524,7,531,,3,3,17,"15,381",325,"15,706",105,51,25,133,"5,763,241","212,476","5,975,717","76,557","25,279","10,167","2,453"
Locality: 163 ROCKBRIDGE COUNTY,0104,104 - EFFINGER,564,8,572,3,2,,17,"15,381",325,"15,706",105,51,25,133,"5,763,241","212,476","5,975,717","76,557","25,279","10,167","2,453"
Locality: 163 ROCKBRIDGE COUNTY,0201,201 - COLLIERSTOWN,952,19,971,7,6,,17,"15,381",325,"15,706",105,51,25,133,"5,763,241","212,476","5,975,717","76,557","25,279","10,167","2,453"
Locality: 163 ROCKBRIDGE COUNTY,0202,202 - HIGHLAND BELLE,"1,779",33,"1,812",15,7,5,17,"15,381",325,"15,706",105,51,25,133,"5,763,241","212,476","5,975,717","76,557","25,279","10,167","2,453"
Locality: 163 ROCKBRIDGE COUNTY,0203,203 - VO-TECH,572,46,618,5,1,,17,"15,381",325,"15,706",105,51,25,133,"5,763,241","212,476","5,975,717","76,557","25,279","10,167","2,453"
Locality: 163 ROCKBRIDGE COUNTY,0301,301 - MAURY RIVER,948,19,967,8,,1,17,"15,381",325,"15,706",105,51,25,133,"5,763,241","212,476","5,975,717","76,557","25,279","10,167","2,453"
Locality: 163 ROCKBRIDGE COUNTY,0302,302 - NATURAL BRIDGE,"1,021",22,"1,043",1,,,17,"15,381",325,"15,706",105,51,25,133,"5,763,241","212,476","5,975,717","76,557","25,279","10,167","2,453"
Locality: 163 ROCKBRIDGE COUNTY,0303,303 - FALLING SPRING,487,10,497,5,,1,17,"15,381",325,"15,706",105,51,25,133,"5,763,241","212,476","5,975,717","76,557","25,279","10,167","2,453"
Locality: 163 ROCKBRIDGE COUNTY,0401,401 - FAIRFIELD,"1,001",12,"1,013",5,9,2,17,"15,381",325,"15,706",105,51,25,133,"5,763,241","212,476","5,975,717","76,557","25,279","10,167","2,453"
Locality: 163 ROCKBRIDGE COUNTY,0402,402 - MOUNTAIN VIEW,"1,581",31,"1,612",4,7,1,17,"15,381",325,"15,706",105,51,25,133,"5,763,241","212,476","5,975,717","76,557","25,279","10,167","2,453"
Locality: 163 ROCKBRIDGE COUNTY,0403,403 - VESUVIUS,497,11,508,2,1,,17,"15,381",325,"15,706",105,51,25,133,"5,763,241","212,476","5,975,717","76,557","25,279","10,167","2,453"
Locality: 163 ROCKBRIDGE COUNTY,0501,501 - GOSHEN,557,12,569,2,,1,17,"15,381",325,"15,706",105,51,25,133,"5,763,241","212,476","5,975,717","76,557","25,279","10,167","2,453"
Locality: 163 ROCKBRIDGE COUNTY,0502,502 - MEADOWVIEW,"1,005",36,"1,041",12,1,,17,"15,381",325,"15,706",105,51,25,133,"5,763,241","212,476","5,975,717","76,557","25,279","10,167","2,453"
Locality: 163 ROCKBRIDGE COUNTY,0503,503 - ROCKBRIDGE BATHS,592,15,607,5,4,1,17,"15,381",325,"15,706",105,51,25,133,"5,763,241","212,476","5,975,717","76,557","25,279","10,167","2,453"
Locality: 163 ROCKBRIDGE COUNTY,0504,504 - ROCKBRIDGE,"1,000",14,"1,014",9,2,1,17,"15,381",325,"15,706",105,51,25,133,"5,763,241","212,476","5,975,717","76,557","25,279","10,167","2,453"
Locality: 165 ROCKINGHAM COUNTY,0101,101 - BROADWAY,"2,714",56,"2,770",13,1,3,31,"53,641","1,074","54,715",241,94,61,133,"5,763,241","212,476","5,975,717","76,557","25,279","10,167","2,453"
Locality: 165 ROCKINGHAM COUNTY,0102,102 - TIMBERVILLE,"1,657",32,"1,689",5,7,1,31,"53,641","1,074","54,715",241,94,61,133,"5,763,241","212,476","5,975,717","76,557","25,279","10,167","2,453"
Locality: 165 ROCKINGHAM COUNTY,0103,103 - FULKS RUN,"1,479",41,"1,520",5,1,,31,"53,641","1,074","54,715",241,94,61,133,"5,763,241","212,476","5,975,717","76,557","25,279","10,167","2,453"
Locality: 165 ROCKINGHAM COUNTY,0104,104 - BERGTON,490,6,496,2,1,1,31,"53,641","1,074","54,715",241,94,61,133,"5,763,241","212,476","5,975,717","76,557","25,279","10,167","2,453"
Locality: 165 ROCKINGHAM COUNTY,0105,105 - LACEY SPRING,"1,161",20,"1,181",4,,,31,"53,641","1,074","54,715",241,94,61,133,"5,763,241","212,476","5,975,717","76,557","25,279","10,167","2,453"
Locality: 165 ROCKINGHAM COUNTY,0106,106 - TENTH LEGION,"1,118",15,"1,133",,2,1,31,"53,641","1,074","54,715",241,94,61,133,"5,763,241","212,476","5,975,717","76,557","25,279","10,167","2,453"
Locality: 165 ROCKINGHAM COUNTY,0107,107 - PLAINS,"1,208",14,"1,222",4,4,3,31,"53,641","1,074","54,715",241,94,61,133,"5,763,241","212,476","5,975,717","76,557","25,279","10,167","2,453"
Locality: 165 ROCKINGHAM COUNTY,0108,108 - LITTLE NORTH MOUNTAIN,830,23,853,3,2,,31,"53,641","1,074","54,715",241,94,61,133,"5,763,241","212,476","5,975,717","76,557","25,279","10,167","2,453"
Locality: 165 ROCKINGHAM COUNTY,0201,201 - SINGERS GLEN,"1,611",18,"1,629",6,1,6,31,"53,641","1,074","54,715",241,94,61,133,"5,763,241","212,476","5,975,717","76,557","25,279","10,167","2,453"
Locality: 165 ROCKINGHAM COUNTY,0202,202 - EDOM,"2,873",55,"2,928",14,8,2,31,"53,641","1,074","54,715",241,94,61,133,"5,763,241","212,476","5,975,717","76,557","25,279","10,167","2,453"
Locality: 165 ROCKINGHAM COUNTY,0203,203 - DAYTON,"1,169",19,"1,188",6,5,1,31,"53,641","1,074","54,715",241,94,61,133,"5,763,241","212,476","5,975,717","76,557","25,279","10,167","2,453"
Locality: 165 ROCKINGHAM COUNTY,0204,204 - MT CLINTON,"1,819",32,"1,851",5,8,4,31,"53,641","1,074","54,715",241,94,61,133,"5,763,241","212,476","5,975,717","76,557","25,279","10,167","2,453"
Locality: 165 ROCKINGHAM COUNTY,0205,205 - SILVER LAKE,"2,343",34,"2,377",15,7,4,31,"53,641","1,074","54,715",241,94,61,133,"5,763,241","212,476","5,975,717","76,557","25,279","10,167","2,453"
Locality: 165 ROCKINGHAM COUNTY,0301,301 - KEEZLETOWN,"1,204",26,"1,230",8,7,4,31,"53,641","1,074","54,715",241,94,61,133,"5,763,241","212,476","5,975,717","76,557","25,279","10,167","2,453"
Locality: 165 ROCKINGHAM COUNTY,0302,302 - PORT REPUBLIC,"1,883",34,"1,917",5,,1,31,"53,641","1,074","54,715",241,94,61,133,"5,763,241","212,476","5,975,717","76,557","25,279","10,167","2,453"
Locality: 165 ROCKINGHAM COUNTY,0303,303 - MELROSE,"1,003",24,"1,027",6,,,31,"53,641","1,074","54,715",241,94,61,133,"5,763,241","212,476","5,975,717","76,557","25,279","10,167","2,453"
Locality: 165 ROCKINGHAM COUNTY,0304,304 - GROTTOES,"1,922",42,"1,964",4,2,1,31,"53,641","1,074","54,715",241,94,61,133,"5,763,241","212,476","5,975,717","76,557","25,279","10,167","2,453"
Locality: 165 ROCKINGHAM COUNTY,0305,305 - MASSANETTA SPRINGS,"2,653",77,"2,730",17,2,2,31,"53,641","1,074","54,715",241,94,61,133,"5,763,241","212,476","5,975,717","76,557","25,279","10,167","2,453"
Locality: 165 ROCKINGHAM COUNTY,0306,306 - CROSS KEYS,610,4,614,2,,1,31,"53,641","1,074","54,715",241,94,61,133,"5,763,241","212,476","5,975,717","76,557","25,279","10,167","2,453"
Locality: 165 ROCKINGHAM COUNTY,0307,307 - CROSSROADS,"2,993",47,"3,040",10,8,4,31,"53,641","1,074","54,715",241,94,61,133,"5,763,241","212,476","5,975,717","76,557","25,279","10,167","2,453"
Locality: 165 ROCKINGHAM COUNTY,0401,401 - WEST BRIDGEWATER,"1,459",25,"1,484",10,1,2,31,"53,641","1,074","54,715",241,94,61,133,"5,763,241","212,476","5,975,717","76,557","25,279","10,167","2,453"
Locality: 165 ROCKINGHAM COUNTY,0402,402 - MONTEZUMA,"1,749",28,"1,777",7,,1,31,"53,641","1,074","54,715",241,94,61,133,"5,763,241","212,476","5,975,717","76,557","25,279","10,167","2,453"
Locality: 165 ROCKINGHAM COUNTY,0403,403 - MT CRAWFORD,304,8,312,1,,1,31,"53,641","1,074","54,715",241,94,61,133,"5,763,241","212,476","5,975,717","76,557","25,279","10,167","2,453"
Locality: 165 ROCKINGHAM COUNTY,0404,404 - NORTH RIVER,"2,221",61,"2,282",9,4,1,31,"53,641","1,074","54,715",241,94,61,133,"5,763,241","212,476","5,975,717","76,557","25,279","10,167","2,453"
Locality: 165 ROCKINGHAM COUNTY,0405,405 - OTTOBINE,"2,202",41,"2,243",10,1,,31,"53,641","1,074","54,715",241,94,61,133,"5,763,241","212,476","5,975,717","76,557","25,279","10,167","2,453"
Locality: 165 ROCKINGHAM COUNTY,0406,406 - EAST BRIDGEWATER,"2,163",79,"2,242",9,10,2,31,"53,641","1,074","54,715",241,94,61,133,"5,763,241","212,476","5,975,717","76,557","25,279","10,167","2,453"
Locality: 165 ROCKINGHAM COUNTY,0501,501 - ELKTON,"2,035",38,"2,073",14,2,2,31,"53,641","1,074","54,715",241,94,61,133,"5,763,241","212,476","5,975,717","76,557","25,279","10,167","2,453"
Locality: 165 ROCKINGHAM COUNTY,0502,502 - SWIFT RUN,"2,898",51,"2,949",11,3,1,31,"53,641","1,074","54,715",241,94,61,133,"5,763,241","212,476","5,975,717","76,557","25,279","10,167","2,453"
Locality: 165 ROCKINGHAM COUNTY,0503,503 - MCGAHEYSVILLE,"2,452",34,"2,486",12,2,5,31,"53,641","1,074","54,715",241,94,61,133,"5,763,241","212,476","5,975,717","76,557","25,279","10,167","2,453"
Locality: 165 ROCKINGHAM COUNTY,0504,504 - SOUTH FORK,"1,253",35,"1,288",8,1,1,31,"53,641","1,074","54,715",241,94,61,133,"5,763,241","212,476","5,975,717","76,557","25,279","10,167","2,453"
Locality: 165 ROCKINGHAM COUNTY,0505,505 - STONY RUN,"2,165",55,"2,220",16,4,6,31,"53,641","1,074","54,715",241,94,61,133,"5,763,241","212,476","5,975,717","76,557","25,279","10,167","2,453"
Locality: 167 RUSSELL COUNTY,0101,101 - MOCCASIN,"1,351",28,"1,379",6,,,15,"18,575",400,"18,975",50,10,3,133,"5,763,241","212,476","5,975,717","76,557","25,279","10,167","2,453"
Locality: 167 RUSSELL COUNTY,0102,102 - COPPER CREEK,"1,076",16,"1,092",2,1,,15,"18,575",400,"18,975",50,10,3,133,"5,763,241","212,476","5,975,717","76,557","25,279","10,167","2,453"
Locality: 167 RUSSELL COUNTY,0103,103 - SOUTH CASTLEWOOD,809,9,818,4,,,15,"18,575",400,"18,975",50,10,3,133,"5,763,241","212,476","5,975,717","76,557","25,279","10,167","2,453"
Locality: 167 RUSSELL COUNTY,0201,201 - NORTH CASTLEWOOD,"2,313",59,"2,372",13,2,1,15,"18,575",400,"18,975",50,10,3,133,"5,763,241","212,476","5,975,717","76,557","25,279","10,167","2,453"
Locality: 167 RUSSELL COUNTY,0202,202 - DANTE,536,11,547,2,,,15,"18,575",400,"18,975",50,10,3,133,"5,763,241","212,476","5,975,717","76,557","25,279","10,167","2,453"
Locality: 167 RUSSELL COUNTY,0301,301 - COOKS MILL,410,9,419,,,,15,"18,575",400,"18,975",50,10,3,133,"5,763,241","212,476","5,975,717","76,557","25,279","10,167","2,453"
Locality: 167 RUSSELL COUNTY,0302,302 - DAUGHERTY,549,9,558,2,,,15,"18,575",400,"18,975",50,10,3,133,"5,763,241","212,476","5,975,717","76,557","25,279","10,167","2,453"
Locality: 167 RUSSELL COUNTY,0303,303 - NEW GARDEN,"1,430",23,"1,453",4,1,,15,"18,575",400,"18,975",50,10,3,133,"5,763,241","212,476","5,975,717","76,557","25,279","10,167","2,453"
Locality: 167 RUSSELL COUNTY,0304,304 - CLEVELAND,739,32,771,2,,1,15,"18,575",400,"18,975",50,10,3,133,"5,763,241","212,476","5,975,717","76,557","25,279","10,167","2,453"
Locality: 167 RUSSELL COUNTY,0401,401 - DRILL,185,3,188,,,,15,"18,575",400,"18,975",50,10,3,133,"5,763,241","212,476","5,975,717","76,557","25,279","10,167","2,453"
Locality: 167 RUSSELL COUNTY,0402,402 - SWORDS CREEK,"1,930",33,"1,963",1,1,,15,"18,575",400,"18,975",50,10,3,133,"5,763,241","212,476","5,975,717","76,557","25,279","10,167","2,453"
Locality: 167 RUSSELL COUNTY,0403,403 - HONAKER,941,22,963,4,,,15,"18,575",400,"18,975",50,10,3,133,"5,763,241","212,476","5,975,717","76,557","25,279","10,167","2,453"
Locality: 167 RUSSELL COUNTY,0501,501 - WEST LEBANON,"3,018",78,"3,096",6,2,1,15,"18,575",400,"18,975",50,10,3,133,"5,763,241","212,476","5,975,717","76,557","25,279","10,167","2,453"
Locality: 167 RUSSELL COUNTY,0601,601 -  EAST LEBANON,"1,485",18,"1,503",2,1,,15,"18,575",400,"18,975",50,10,3,133,"5,763,241","212,476","5,975,717","76,557","25,279","10,167","2,453"
Locality: 167 RUSSELL COUNTY,0602,602 - ELK GARDEN,"1,803",50,"1,853",2,2,,15,"18,575",400,"18,975",50,10,3,133,"5,763,241","212,476","5,975,717","76,557","25,279","10,167","2,453"
Locality: 169 SCOTT COUNTY,0101,101 - WEBER CITY,"1,217",55,"1,272",2,,,17,"15,312",429,"15,741",34,4,,133,"5,763,241","212,476","5,975,717","76,557","25,279","10,167","2,453"
Locality: 169 SCOTT COUNTY,0102,102 - YUMA,"1,356",32,"1,388",6,,,17,"15,312",429,"15,741",34,4,,133,"5,763,241","212,476","5,975,717","76,557","25,279","10,167","2,453"
Locality: 169 SCOTT COUNTY,0202,202 - WEBER CITY EAST,886,24,910,,,,17,"15,312",429,"15,741",34,4,,133,"5,763,241","212,476","5,975,717","76,557","25,279","10,167","2,453"
Locality: 169 SCOTT COUNTY,0203,203 - HILTONS,"1,301",21,"1,322",6,,,17,"15,312",429,"15,741",34,4,,133,"5,763,241","212,476","5,975,717","76,557","25,279","10,167","2,453"
Locality: 169 SCOTT COUNTY,0204,204 - CLARK'S,337,11,348,3,,,17,"15,312",429,"15,741",34,4,,133,"5,763,241","212,476","5,975,717","76,557","25,279","10,167","2,453"
Locality: 169 SCOTT COUNTY,0301,301 - NICKELSVILLE,962,20,982,6,2,,17,"15,312",429,"15,741",34,4,,133,"5,763,241","212,476","5,975,717","76,557","25,279","10,167","2,453"
Locality: 169 SCOTT COUNTY,0302,302 - SNOWFLAKE,692,13,705,3,,,17,"15,312",429,"15,741",34,4,,133,"5,763,241","212,476","5,975,717","76,557","25,279","10,167","2,453"
Locality: 169 SCOTT COUNTY,0303,303 - TWIN SPRINGS,749,10,759,,,,17,"15,312",429,"15,741",34,4,,133,"5,763,241","212,476","5,975,717","76,557","25,279","10,167","2,453"
Locality: 169 SCOTT COUNTY,0304,304 - COPPER CREEK,244,10,254,,,,17,"15,312",429,"15,741",34,4,,133,"5,763,241","212,476","5,975,717","76,557","25,279","10,167","2,453"
Locality: 169 SCOTT COUNTY,0401,401 - GATE CITY,"2,784",88,"2,872",4,2,,17,"15,312",429,"15,741",34,4,,133,"5,763,241","212,476","5,975,717","76,557","25,279","10,167","2,453"
Locality: 169 SCOTT COUNTY,0501,501 - DUNGANNON,594,26,620,,,,17,"15,312",429,"15,741",34,4,,133,"5,763,241","212,476","5,975,717","76,557","25,279","10,167","2,453"
Locality: 169 SCOTT COUNTY,0502,502 - FORT BLACKMORE,619,20,639,1,,,17,"15,312",429,"15,741",34,4,,133,"5,763,241","212,476","5,975,717","76,557","25,279","10,167","2,453"
Locality: 169 SCOTT COUNTY,0503,503 - MANVILLE,430,15,445,,,,17,"15,312",429,"15,741",34,4,,133,"5,763,241","212,476","5,975,717","76,557","25,279","10,167","2,453"
Locality: 169 SCOTT COUNTY,0504,504 - RYE COVE,889,19,908,,,,17,"15,312",429,"15,741",34,4,,133,"5,763,241","212,476","5,975,717","76,557","25,279","10,167","2,453"
Locality: 169 SCOTT COUNTY,0601,601 - CLINCHPORT,636,24,660,3,,,17,"15,312",429,"15,741",34,4,,133,"5,763,241","212,476","5,975,717","76,557","25,279","10,167","2,453"
Locality: 169 SCOTT COUNTY,0602,602 - DUFFIELD-PATTONSVILLE,"1,280",33,"1,313",,,,17,"15,312",429,"15,741",34,4,,133,"5,763,241","212,476","5,975,717","76,557","25,279","10,167","2,453"
Locality: 169 SCOTT COUNTY,0603,603 - FAIRVIEW,336,8,344,,,,17,"15,312",429,"15,741",34,4,,133,"5,763,241","212,476","5,975,717","76,557","25,279","10,167","2,453"
Locality: 171 SHENANDOAH COUNTY,0101,101 - ORKNEY SPRINGS,"1,537",32,"1,569",4,,10,12,"30,287",710,"30,997",124,24,56,133,"5,763,241","212,476","5,975,717","76,557","25,279","10,167","2,453"
Locality: 171 SHENANDOAH COUNTY,0103,103 - NEW MARKET,"3,519",79,"3,598",12,4,12,12,"30,287",710,"30,997",124,24,56,133,"5,763,241","212,476","5,975,717","76,557","25,279","10,167","2,453"
Locality: 171 SHENANDOAH COUNTY,0201,201 - CONICVILLE,"2,402",29,"2,431",8,6,1,12,"30,287",710,"30,997",124,24,56,133,"5,763,241","212,476","5,975,717","76,557","25,279","10,167","2,453"
Locality: 171 SHENANDOAH COUNTY,0202,202 - MT JACKSON,"2,178",44,"2,222",5,1,1,12,"30,287",710,"30,997",124,24,56,133,"5,763,241","212,476","5,975,717","76,557","25,279","10,167","2,453"
Locality: 171 SHENANDOAH COUNTY,0302,302 - EDINBURG,"2,140",55,"2,195",7,2,1,12,"30,287",710,"30,997",124,24,56,133,"5,763,241","212,476","5,975,717","76,557","25,279","10,167","2,453"
Locality: 171 SHENANDOAH COUNTY,0303,303 - ST LUKE,"2,077",33,"2,110",8,,1,12,"30,287",710,"30,997",124,24,56,133,"5,763,241","212,476","5,975,717","76,557","25,279","10,167","2,453"
Locality: 171 SHENANDOAH COUNTY,0304,304 - FORT VALLEY,"1,145",13,"1,158",7,,2,12,"30,287",710,"30,997",124,24,56,133,"5,763,241","212,476","5,975,717","76,557","25,279","10,167","2,453"
Locality: 171 SHENANDOAH COUNTY,0401,401 - WOODSTOCK,"4,883",143,"5,026",21,4,10,12,"30,287",710,"30,997",124,24,56,133,"5,763,241","212,476","5,975,717","76,557","25,279","10,167","2,453"
Locality: 171 SHENANDOAH COUNTY,0501,501 - CEDAR CREEK,198,1,199,,1,,12,"30,287",710,"30,997",124,24,56,133,"5,763,241","212,476","5,975,717","76,557","25,279","10,167","2,453"
Locality: 171 SHENANDOAH COUNTY,0503,503 - TOMS BROOK,"3,013",79,"3,092",15,1,6,12,"30,287",710,"30,997",124,24,56,133,"5,763,241","212,476","5,975,717","76,557","25,279","10,167","2,453"
Locality: 171 SHENANDOAH COUNTY,0504,504 - LEBANON CHURCH,"2,101",47,"2,148",15,3,3,12,"30,287",710,"30,997",124,24,56,133,"5,763,241","212,476","5,975,717","76,557","25,279","10,167","2,453"
Locality: 171 SHENANDOAH COUNTY,0601,601 - STRASBURG,"5,094",155,"5,249",22,2,9,12,"30,287",710,"30,997",124,24,56,133,"5,763,241","212,476","5,975,717","76,557","25,279","10,167","2,453"
Locality: 173 SMYTH COUNTY,0101,101 - SALTVILLE,"2,657",60,"2,717",11,,,14,"19,373",409,"19,782",82,9,4,133,"5,763,241","212,476","5,975,717","76,557","25,279","10,167","2,453"
Locality: 173 SMYTH COUNTY,0201,201 - SEVEN MILE FORD,"1,914",35,"1,949",13,1,,14,"19,373",409,"19,782",82,9,4,133,"5,763,241","212,476","5,975,717","76,557","25,279","10,167","2,453"
Locality: 173 SMYTH COUNTY,0202,202 - RICH VALLEY,743,19,762,3,,,14,"19,373",409,"19,782",82,9,4,133,"5,763,241","212,476","5,975,717","76,557","25,279","10,167","2,453"
Locality: 173 SMYTH COUNTY,0301,301 - CHILHOWIE,"2,207",33,"2,240",11,,2,14,"19,373",409,"19,782",82,9,4,133,"5,763,241","212,476","5,975,717","76,557","25,279","10,167","2,453"
Locality: 173 SMYTH COUNTY,0302,302 - ST CLAIR,633,15,648,5,,,14,"19,373",409,"19,782",82,9,4,133,"5,763,241","212,476","5,975,717","76,557","25,279","10,167","2,453"
Locality: 173 SMYTH COUNTY,0401,401 - EAST PARK,"1,705",32,"1,737",5,3,,14,"19,373",409,"19,782",82,9,4,133,"5,763,241","212,476","5,975,717","76,557","25,279","10,167","2,453"
Locality: 173 SMYTH COUNTY,0402,402 - WEST PARK,997,39,"1,036",3,1,,14,"19,373",409,"19,782",82,9,4,133,"5,763,241","212,476","5,975,717","76,557","25,279","10,167","2,453"
Locality: 173 SMYTH COUNTY,0501,501 - ATKINS,"1,815",35,"1,850",4,,,14,"19,373",409,"19,782",82,9,4,133,"5,763,241","212,476","5,975,717","76,557","25,279","10,167","2,453"
Locality: 173 SMYTH COUNTY,0502,502 - WASSONA,"1,137",25,"1,162",2,1,,14,"19,373",409,"19,782",82,9,4,133,"5,763,241","212,476","5,975,717","76,557","25,279","10,167","2,453"
Locality: 173 SMYTH COUNTY,0601,601 - ROYAL OAK EAST,"1,814",50,"1,864",6,,,14,"19,373",409,"19,782",82,9,4,133,"5,763,241","212,476","5,975,717","76,557","25,279","10,167","2,453"
Locality: 173 SMYTH COUNTY,0602,602 - ROYAL OAK WEST,825,13,838,7,3,,14,"19,373",409,"19,782",82,9,4,133,"5,763,241","212,476","5,975,717","76,557","25,279","10,167","2,453"
Locality: 173 SMYTH COUNTY,0701,701 - ADWOLFE,"1,763",30,"1,793",8,,1,14,"19,373",409,"19,782",82,9,4,133,"5,763,241","212,476","5,975,717","76,557","25,279","10,167","2,453"
Locality: 173 SMYTH COUNTY,0702,702 - SUGAR GROVE,993,16,"1,009",2,,1,14,"19,373",409,"19,782",82,9,4,133,"5,763,241","212,476","5,975,717","76,557","25,279","10,167","2,453"
Locality: 173 SMYTH COUNTY,0703,703 - KONNAROCK,170,7,177,2,,,14,"19,373",409,"19,782",82,9,4,133,"5,763,241","212,476","5,975,717","76,557","25,279","10,167","2,453"
Locality: 175 SOUTHAMPTON COUNTY,0101,101 - BERLIN,869,25,894,15,,,13,"12,510",345,"12,855",123,9,6,133,"5,763,241","212,476","5,975,717","76,557","25,279","10,167","2,453"
Locality: 175 SOUTHAMPTON COUNTY,0102,102 - IVOR,"1,201",41,"1,242",14,1,,13,"12,510",345,"12,855",123,9,6,133,"5,763,241","212,476","5,975,717","76,557","25,279","10,167","2,453"
Locality: 175 SOUTHAMPTON COUNTY,0201,201 - BOYKINS,"1,320",26,"1,346",10,,,13,"12,510",345,"12,855",123,9,6,133,"5,763,241","212,476","5,975,717","76,557","25,279","10,167","2,453"
Locality: 175 SOUTHAMPTON COUNTY,0202,202 - BRANCHVILLE,419,6,425,1,,,13,"12,510",345,"12,855",123,9,6,133,"5,763,241","212,476","5,975,717","76,557","25,279","10,167","2,453"
Locality: 175 SOUTHAMPTON COUNTY,0301,301 - CAPRON,"1,002",22,"1,024",1,1,1,13,"12,510",345,"12,855",123,9,6,133,"5,763,241","212,476","5,975,717","76,557","25,279","10,167","2,453"
Locality: 175 SOUTHAMPTON COUNTY,0302,302 - SEBRELL,"1,014",23,"1,037",10,2,,13,"12,510",345,"12,855",123,9,6,133,"5,763,241","212,476","5,975,717","76,557","25,279","10,167","2,453"
Locality: 175 SOUTHAMPTON COUNTY,0401,401 - DREWRYVILLE,777,25,802,6,1,1,13,"12,510",345,"12,855",123,9,6,133,"5,763,241","212,476","5,975,717","76,557","25,279","10,167","2,453"
Locality: 175 SOUTHAMPTON COUNTY,0501,501 - HUNTERDALE,"1,533",41,"1,574",30,1,1,13,"12,510",345,"12,855",123,9,6,133,"5,763,241","212,476","5,975,717","76,557","25,279","10,167","2,453"
Locality: 175 SOUTHAMPTON COUNTY,0502,502 - FORKS-OF-THE-RIVER,672,26,698,3,1,1,13,"12,510",345,"12,855",123,9,6,133,"5,763,241","212,476","5,975,717","76,557","25,279","10,167","2,453"
Locality: 175 SOUTHAMPTON COUNTY,0601,601 - COURTLAND,"1,376",46,"1,422",17,2,1,13,"12,510",345,"12,855",123,9,6,133,"5,763,241","212,476","5,975,717","76,557","25,279","10,167","2,453"
Locality: 175 SOUTHAMPTON COUNTY,0602,602 - SEDLEY,523,26,549,5,,,13,"12,510",345,"12,855",123,9,6,133,"5,763,241","212,476","5,975,717","76,557","25,279","10,167","2,453"
Locality: 175 SOUTHAMPTON COUNTY,0701,701 - BLACKWATER RIVER,806,20,826,7,,1,13,"12,510",345,"12,855",123,9,6,133,"5,763,241","212,476","5,975,717","76,557","25,279","10,167","2,453"
Locality: 175 SOUTHAMPTON COUNTY,0702,702 - NEWSOMS,998,18,"1,016",4,,,13,"12,510",345,"12,855",123,9,6,133,"5,763,241","212,476","5,975,717","76,557","25,279","10,167","2,453"
Locality: 177 SPOTSYLVANIA COUNTY,0101,101 - PARTLOW,"2,837",84,"2,921",44,,2,26,"96,320","2,878","99,198","1,515",240,90,133,"5,763,241","212,476","5,975,717","76,557","25,279","10,167","2,453"
Locality: 177 SPOTSYLVANIA COUNTY,0102,102 - BLAYDES CORNER,"3,133",78,"3,211",39,2,1,26,"96,320","2,878","99,198","1,515",240,90,133,"5,763,241","212,476","5,975,717","76,557","25,279","10,167","2,453"
Locality: 177 SPOTSYLVANIA COUNTY,0103,103 - TRAVELERS REST,"4,139",118,"4,257",52,4,7,26,"96,320","2,878","99,198","1,515",240,90,133,"5,763,241","212,476","5,975,717","76,557","25,279","10,167","2,453"
Locality: 177 SPOTSYLVANIA COUNTY,0104,104 - MASSAPONAX,"3,512",97,"3,609",75,4,3,26,"96,320","2,878","99,198","1,515",240,90,133,"5,763,241","212,476","5,975,717","76,557","25,279","10,167","2,453"
Locality: 177 SPOTSYLVANIA COUNTY,0201,201 - WILDERNESS SCHOOL,"3,171",118,"3,289",41,12,3,26,"96,320","2,878","99,198","1,515",240,90,133,"5,763,241","212,476","5,975,717","76,557","25,279","10,167","2,453"
Locality: 177 SPOTSYLVANIA COUNTY,0202,202 - WILDERNESS FIRE,"3,169",89,"3,258",44,11,6,26,"96,320","2,878","99,198","1,515",240,90,133,"5,763,241","212,476","5,975,717","76,557","25,279","10,167","2,453"
Locality: 177 SPOTSYLVANIA COUNTY,0203,203 - NI RIVER - ELYS FORD,"2,863",73,"2,936",63,15,6,26,"96,320","2,878","99,198","1,515",240,90,133,"5,763,241","212,476","5,975,717","76,557","25,279","10,167","2,453"
Locality: 177 SPOTSYLVANIA COUNTY,0204,204 - CHANCELLOR,"4,134",113,"4,247",69,14,5,26,"96,320","2,878","99,198","1,515",240,90,133,"5,763,241","212,476","5,975,717","76,557","25,279","10,167","2,453"
Locality: 177 SPOTSYLVANIA COUNTY,0301,301 - PLANK ROAD,"3,943",122,"4,065",47,10,3,26,"96,320","2,878","99,198","1,515",240,90,133,"5,763,241","212,476","5,975,717","76,557","25,279","10,167","2,453"
Locality: 177 SPOTSYLVANIA COUNTY,0302,302 - HAZEL RUN,"4,167",182,"4,349",47,10,2,26,"96,320","2,878","99,198","1,515",240,90,133,"5,763,241","212,476","5,975,717","76,557","25,279","10,167","2,453"
Locality: 177 SPOTSYLVANIA COUNTY,0303,303 - RIVERBEND,"5,223",133,"5,356",86,11,5,26,"96,320","2,878","99,198","1,515",240,90,133,"5,763,241","212,476","5,975,717","76,557","25,279","10,167","2,453"
Locality: 177 SPOTSYLVANIA COUNTY,0401,401 - SUMMIT,"4,524",142,"4,666",75,11,3,26,"96,320","2,878","99,198","1,515",240,90,133,"5,763,241","212,476","5,975,717","76,557","25,279","10,167","2,453"
Locality: 177 SPOTSYLVANIA COUNTY,0402,402 - PARKSIDE,"5,192",161,"5,353",104,15,3,26,"96,320","2,878","99,198","1,515",240,90,133,"5,763,241","212,476","5,975,717","76,557","25,279","10,167","2,453"
Locality: 177 SPOTSYLVANIA COUNTY,0403,403 - LEE HILL,"4,793",168,"4,961",82,14,4,26,"96,320","2,878","99,198","1,515",240,90,133,"5,763,241","212,476","5,975,717","76,557","25,279","10,167","2,453"
Locality: 177 SPOTSYLVANIA COUNTY,0501,501 - BELMONT,"2,495",61,"2,556",31,2,2,26,"96,320","2,878","99,198","1,515",240,90,133,"5,763,241","212,476","5,975,717","76,557","25,279","10,167","2,453"
Locality: 177 SPOTSYLVANIA COUNTY,0502,502 - BROKENBURG,"2,289",48,"2,337",19,3,,26,"96,320","2,878","99,198","1,515",240,90,133,"5,763,241","212,476","5,975,717","76,557","25,279","10,167","2,453"
Locality: 177 SPOTSYLVANIA COUNTY,0503,503 - POST OAK,"2,530",52,"2,582",37,1,,26,"96,320","2,878","99,198","1,515",240,90,133,"5,763,241","212,476","5,975,717","76,557","25,279","10,167","2,453"
Locality: 177 SPOTSYLVANIA COUNTY,0504,504 - COURTHOUSE,"3,546",83,"3,629",44,16,5,26,"96,320","2,878","99,198","1,515",240,90,133,"5,763,241","212,476","5,975,717","76,557","25,279","10,167","2,453"
Locality: 177 SPOTSYLVANIA COUNTY,0505,505 - BROCK,"3,865",96,"3,961",70,13,2,26,"96,320","2,878","99,198","1,515",240,90,133,"5,763,241","212,476","5,975,717","76,557","25,279","10,167","2,453"
Locality: 177 SPOTSYLVANIA COUNTY,0601,601 - SALEM,"4,243",120,"4,363",67,11,4,26,"96,320","2,878","99,198","1,515",240,90,133,"5,763,241","212,476","5,975,717","76,557","25,279","10,167","2,453"
Locality: 177 SPOTSYLVANIA COUNTY,0602,602 - SMITH STATION,"5,105",163,"5,268",85,10,4,26,"96,320","2,878","99,198","1,515",240,90,133,"5,763,241","212,476","5,975,717","76,557","25,279","10,167","2,453"
Locality: 177 SPOTSYLVANIA COUNTY,0603,603 - PIEDMONT,"2,665",114,"2,779",44,5,1,26,"96,320","2,878","99,198","1,515",240,90,133,"5,763,241","212,476","5,975,717","76,557","25,279","10,167","2,453"
Locality: 177 SPOTSYLVANIA COUNTY,0701,701 - BATTLEFIELD,"2,983",99,"3,082",43,7,5,26,"96,320","2,878","99,198","1,515",240,90,133,"5,763,241","212,476","5,975,717","76,557","25,279","10,167","2,453"
Locality: 177 SPOTSYLVANIA COUNTY,0702,702 - BRENTS MILL,"4,545",168,"4,713",76,20,5,26,"96,320","2,878","99,198","1,515",240,90,133,"5,763,241","212,476","5,975,717","76,557","25,279","10,167","2,453"
Locality: 177 SPOTSYLVANIA COUNTY,0703,703 - FAIRVIEW,"2,220",96,"2,316",33,3,3,26,"96,320","2,878","99,198","1,515",240,90,133,"5,763,241","212,476","5,975,717","76,557","25,279","10,167","2,453"
Locality: 177 SPOTSYLVANIA COUNTY,0704,704 - GAYLE,"5,034",100,"5,134",98,16,6,26,"96,320","2,878","99,198","1,515",240,90,133,"5,763,241","212,476","5,975,717","76,557","25,279","10,167","2,453"
Locality: 179 STAFFORD COUNTY,0101,101 - HARTWOOD,"5,886",138,"6,024",193,30,2,27,"102,265","3,447","105,712","3,699",561,43,133,"5,763,241","212,476","5,975,717","76,557","25,279","10,167","2,453"
Locality: 179 STAFFORD COUNTY,0102,102 - ROCKY RUN,"3,628",69,"3,697",85,11,1,27,"102,265","3,447","105,712","3,699",561,43,133,"5,763,241","212,476","5,975,717","76,557","25,279","10,167","2,453"
Locality: 179 STAFFORD COUNTY,0103,103 - SIMPSON,"3,926",109,"4,035",146,23,1,27,"102,265","3,447","105,712","3,699",561,43,133,"5,763,241","212,476","5,975,717","76,557","25,279","10,167","2,453"
Locality: 179 STAFFORD COUNTY,0104,104 - COLLEGE,"4,541",157,"4,698",133,24,1,27,"102,265","3,447","105,712","3,699",561,43,133,"5,763,241","212,476","5,975,717","76,557","25,279","10,167","2,453"
Locality: 179 STAFFORD COUNTY,0201,201 - ROCK HILL,"3,089",101,"3,190",127,9,1,27,"102,265","3,447","105,712","3,699",561,43,133,"5,763,241","212,476","5,975,717","76,557","25,279","10,167","2,453"
Locality: 179 STAFFORD COUNTY,0202,202 - ROSEVILLE,"4,132",117,"4,249",179,21,2,27,"102,265","3,447","105,712","3,699",561,43,133,"5,763,241","212,476","5,975,717","76,557","25,279","10,167","2,453"
Locality: 179 STAFFORD COUNTY,0203,203 - RUBY,"2,879",102,"2,981",85,18,,27,"102,265","3,447","105,712","3,699",561,43,133,"5,763,241","212,476","5,975,717","76,557","25,279","10,167","2,453"
Locality: 179 STAFFORD COUNTY,0204,204 - STEFANIGA,"4,366",121,"4,487",185,36,,27,"102,265","3,447","105,712","3,699",561,43,133,"5,763,241","212,476","5,975,717","76,557","25,279","10,167","2,453"
Locality: 179 STAFFORD COUNTY,0301,301 - GRIFFIS,"3,251",197,"3,448",156,13,,27,"102,265","3,447","105,712","3,699",561,43,133,"5,763,241","212,476","5,975,717","76,557","25,279","10,167","2,453"
Locality: 179 STAFFORD COUNTY,0302,302 - WIDEWATER,"4,681",182,"4,863",197,21,1,27,"102,265","3,447","105,712","3,699",561,43,133,"5,763,241","212,476","5,975,717","76,557","25,279","10,167","2,453"
Locality: 179 STAFFORD COUNTY,0303,303 - HARBOUR,"2,224",92,"2,316",107,23,5,27,"102,265","3,447","105,712","3,699",561,43,133,"5,763,241","212,476","5,975,717","76,557","25,279","10,167","2,453"
Locality: 179 STAFFORD COUNTY,0304,304 - BARRETT,"1,926",88,"2,014",76,7,2,27,"102,265","3,447","105,712","3,699",561,43,133,"5,763,241","212,476","5,975,717","76,557","25,279","10,167","2,453"
Locality: 179 STAFFORD COUNTY,0401,401 - AQUIA,"1,806",100,"1,906",90,14,,27,"102,265","3,447","105,712","3,699",561,43,133,"5,763,241","212,476","5,975,717","76,557","25,279","10,167","2,453"
Locality: 179 STAFFORD COUNTY,0402,402 - COURTHOUSE,"5,519",257,"5,776",225,23,2,27,"102,265","3,447","105,712","3,699",561,43,133,"5,763,241","212,476","5,975,717","76,557","25,279","10,167","2,453"
Locality: 179 STAFFORD COUNTY,0403,403 - BROOKE,"4,908",130,"5,038",178,34,1,27,"102,265","3,447","105,712","3,699",561,43,133,"5,763,241","212,476","5,975,717","76,557","25,279","10,167","2,453"
Locality: 179 STAFFORD COUNTY,0404,404 - GOVERNMENT ISLAND,"2,806",121,"2,927",133,25,3,27,"102,265","3,447","105,712","3,699",561,43,133,"5,763,241","212,476","5,975,717","76,557","25,279","10,167","2,453"
Locality: 179 STAFFORD COUNTY,0501,501 - GRAFTON,"4,600",109,"4,709",111,29,4,27,"102,265","3,447","105,712","3,699",561,43,133,"5,763,241","212,476","5,975,717","76,557","25,279","10,167","2,453"
Locality: 179 STAFFORD COUNTY,0502,502 - FALMOUTH,"3,262",89,"3,351",67,17,2,27,"102,265","3,447","105,712","3,699",561,43,133,"5,763,241","212,476","5,975,717","76,557","25,279","10,167","2,453"
Locality: 179 STAFFORD COUNTY,0503,503 - DREW,"3,570",103,"3,673",93,9,1,27,"102,265","3,447","105,712","3,699",561,43,133,"5,763,241","212,476","5,975,717","76,557","25,279","10,167","2,453"
Locality: 179 STAFFORD COUNTY,0504,504 - GAYLE,"3,039",119,"3,158",48,7,,27,"102,265","3,447","105,712","3,699",561,43,133,"5,763,241","212,476","5,975,717","76,557","25,279","10,167","2,453"
Locality: 179 STAFFORD COUNTY,0601,601 - FERRY FARM,"2,884",71,"2,955",58,17,3,27,"102,265","3,447","105,712","3,699",561,43,133,"5,763,241","212,476","5,975,717","76,557","25,279","10,167","2,453"
Locality: 179 STAFFORD COUNTY,0602,602 - CHATHAM,"3,778",106,"3,884",100,16,,27,"102,265","3,447","105,712","3,699",561,43,133,"5,763,241","212,476","5,975,717","76,557","25,279","10,167","2,453"
Locality: 179 STAFFORD COUNTY,0603,603 - WHITE OAK,"4,019",92,"4,111",89,20,2,27,"102,265","3,447","105,712","3,699",561,43,133,"5,763,241","212,476","5,975,717","76,557","25,279","10,167","2,453"
Locality: 179 STAFFORD COUNTY,0604,604 - ENGLAND RUN,"2,863",117,"2,980",66,7,,27,"102,265","3,447","105,712","3,699",561,43,133,"5,763,241","212,476","5,975,717","76,557","25,279","10,167","2,453"
Locality: 179 STAFFORD COUNTY,0701,701 - WOODLANDS,"5,352",152,"5,504",278,32,4,27,"102,265","3,447","105,712","3,699",561,43,133,"5,763,241","212,476","5,975,717","76,557","25,279","10,167","2,453"
Locality: 179 STAFFORD COUNTY,0702,702 - WHITSON,"3,834",230,"4,064",176,27,2,27,"102,265","3,447","105,712","3,699",561,43,133,"5,763,241","212,476","5,975,717","76,557","25,279","10,167","2,453"
Locality: 179 STAFFORD COUNTY,0703,703 - HAMPTON,"5,496",178,"5,674",318,48,3,27,"102,265","3,447","105,712","3,699",561,43,133,"5,763,241","212,476","5,975,717","76,557","25,279","10,167","2,453"
Locality: 181 SURRY COUNTY,0101,101 - SURRY,"1,120",33,"1,153",9,3,,7,"5,466",132,"5,598",46,8,,133,"5,763,241","212,476","5,975,717","76,557","25,279","10,167","2,453"
Locality: 181 SURRY COUNTY,0201,201 - BACONS CASTLE,"1,095",22,"1,117",12,1,,7,"5,466",132,"5,598",46,8,,133,"5,763,241","212,476","5,975,717","76,557","25,279","10,167","2,453"
Locality: 181 SURRY COUNTY,0301,301 - DENDRON,571,16,587,5,1,,7,"5,466",132,"5,598",46,8,,133,"5,763,241","212,476","5,975,717","76,557","25,279","10,167","2,453"
Locality: 181 SURRY COUNTY,0302,302 - WALLS BRIDGE,520,14,534,5,,,7,"5,466",132,"5,598",46,8,,133,"5,763,241","212,476","5,975,717","76,557","25,279","10,167","2,453"
Locality: 181 SURRY COUNTY,0401,401 - CARSLEY,"1,101",25,"1,126",8,,,7,"5,466",132,"5,598",46,8,,133,"5,763,241","212,476","5,975,717","76,557","25,279","10,167","2,453"
Locality: 181 SURRY COUNTY,0501,501 - CLAREMONT,673,12,685,7,3,,7,"5,466",132,"5,598",46,8,,133,"5,763,241","212,476","5,975,717","76,557","25,279","10,167","2,453"
Locality: 181 SURRY COUNTY,0502,502 - SPRING GROVE,386,10,396,,,,7,"5,466",132,"5,598",46,8,,133,"5,763,241","212,476","5,975,717","76,557","25,279","10,167","2,453"
Locality: 183 SUSSEX COUNTY,0101,101 - WAVERLY,"1,136",25,"1,161",9,1,,11,"6,895",132,"7,027",43,4,,133,"5,763,241","212,476","5,975,717","76,557","25,279","10,167","2,453"
Locality: 183 SUSSEX COUNTY,0201,201 - STONY CREEK,823,18,841,3,,,11,"6,895",132,"7,027",43,4,,133,"5,763,241","212,476","5,975,717","76,557","25,279","10,167","2,453"
Locality: 183 SUSSEX COUNTY,0202,202 - LITTLE MILL,225,5,230,,,,11,"6,895",132,"7,027",43,4,,133,"5,763,241","212,476","5,975,717","76,557","25,279","10,167","2,453"
Locality: 183 SUSSEX COUNTY,0301,301 - COURTHOUSE,899,16,915,7,,,11,"6,895",132,"7,027",43,4,,133,"5,763,241","212,476","5,975,717","76,557","25,279","10,167","2,453"
Locality: 183 SUSSEX COUNTY,0302,302 - WAKEFIELD,238,2,240,2,,,11,"6,895",132,"7,027",43,4,,133,"5,763,241","212,476","5,975,717","76,557","25,279","10,167","2,453"
Locality: 183 SUSSEX COUNTY,0401,401 - MARS HILL,"1,022",24,"1,046",7,2,,11,"6,895",132,"7,027",43,4,,133,"5,763,241","212,476","5,975,717","76,557","25,279","10,167","2,453"
Locality: 183 SUSSEX COUNTY,0402,402 - WEST WAKEFIELD,139,2,141,,,,11,"6,895",132,"7,027",43,4,,133,"5,763,241","212,476","5,975,717","76,557","25,279","10,167","2,453"
Locality: 183 SUSSEX COUNTY,0501,501 - HENRY,803,14,817,5,,,11,"6,895",132,"7,027",43,4,,133,"5,763,241","212,476","5,975,717","76,557","25,279","10,167","2,453"
Locality: 183 SUSSEX COUNTY,0502,502 - YALE,383,4,387,3,1,,11,"6,895",132,"7,027",43,4,,133,"5,763,241","212,476","5,975,717","76,557","25,279","10,167","2,453"
Locality: 183 SUSSEX COUNTY,0601,601 - BLACKWATER,766,11,777,4,,,11,"6,895",132,"7,027",43,4,,133,"5,763,241","212,476","5,975,717","76,557","25,279","10,167","2,453"
Locality: 183 SUSSEX COUNTY,0602,602 - NEWVILLE,461,11,472,3,,,11,"6,895",132,"7,027",43,4,,133,"5,763,241","212,476","5,975,717","76,557","25,279","10,167","2,453"
Locality: 185 TAZEWELL COUNTY,0101,101 - INDIAN VALLEY,907,67,974,2,,,20,"25,768","2,600","28,368",117,16,12,133,"5,763,241","212,476","5,975,717","76,557","25,279","10,167","2,453"
Locality: 185 TAZEWELL COUNTY,0102,102 - TIP TOP,610,82,692,1,,1,20,"25,768","2,600","28,368",117,16,12,133,"5,763,241","212,476","5,975,717","76,557","25,279","10,167","2,453"
Locality: 185 TAZEWELL COUNTY,0103,103 - MUNDY TOWN,"1,343",127,"1,470",6,2,,20,"25,768","2,600","28,368",117,16,12,133,"5,763,241","212,476","5,975,717","76,557","25,279","10,167","2,453"
Locality: 185 TAZEWELL COUNTY,0104,104 - FALLS MILLS,702,117,819,3,,,20,"25,768","2,600","28,368",117,16,12,133,"5,763,241","212,476","5,975,717","76,557","25,279","10,167","2,453"
Locality: 185 TAZEWELL COUNTY,0106,106 - POCAHONTAS,320,62,382,2,,,20,"25,768","2,600","28,368",117,16,12,133,"5,763,241","212,476","5,975,717","76,557","25,279","10,167","2,453"
Locality: 185 TAZEWELL COUNTY,0107,107 - AMONATE,133,28,161,,,,20,"25,768","2,600","28,368",117,16,12,133,"5,763,241","212,476","5,975,717","76,557","25,279","10,167","2,453"
Locality: 185 TAZEWELL COUNTY,0109,109 - BISHOP,263,49,312,1,,,20,"25,768","2,600","28,368",117,16,12,133,"5,763,241","212,476","5,975,717","76,557","25,279","10,167","2,453"
Locality: 185 TAZEWELL COUNTY,0112,112 - BANDY,266,35,301,,,,20,"25,768","2,600","28,368",117,16,12,133,"5,763,241","212,476","5,975,717","76,557","25,279","10,167","2,453"
Locality: 185 TAZEWELL COUNTY,0203,203 - BURKES GARDEN,159,15,174,2,1,,20,"25,768","2,600","28,368",117,16,12,133,"5,763,241","212,476","5,975,717","76,557","25,279","10,167","2,453"
Locality: 185 TAZEWELL COUNTY,0204,204 - CLEAR FORK,707,50,757,3,1,,20,"25,768","2,600","28,368",117,16,12,133,"5,763,241","212,476","5,975,717","76,557","25,279","10,167","2,453"
Locality: 185 TAZEWELL COUNTY,0207,207 - FREESTONE,202,22,224,1,,,20,"25,768","2,600","28,368",117,16,12,133,"5,763,241","212,476","5,975,717","76,557","25,279","10,167","2,453"
Locality: 185 TAZEWELL COUNTY,0209,209 - JEFFERSONVILLE,"3,814",325,"4,139",20,1,,20,"25,768","2,600","28,368",117,16,12,133,"5,763,241","212,476","5,975,717","76,557","25,279","10,167","2,453"
Locality: 185 TAZEWELL COUNTY,0214,214 - THOMPSON VALLEY,719,68,787,,1,,20,"25,768","2,600","28,368",117,16,12,133,"5,763,241","212,476","5,975,717","76,557","25,279","10,167","2,453"
Locality: 185 TAZEWELL COUNTY,0301,301 - CEDAR BLUFF,"2,783",260,"3,043",8,2,3,20,"25,768","2,600","28,368",117,16,12,133,"5,763,241","212,476","5,975,717","76,557","25,279","10,167","2,453"
Locality: 185 TAZEWELL COUNTY,0302,302 - BAPTIST VALLEY,589,87,676,2,1,,20,"25,768","2,600","28,368",117,16,12,133,"5,763,241","212,476","5,975,717","76,557","25,279","10,167","2,453"
Locality: 185 TAZEWELL COUNTY,0303,303 - PAINT LICK,"2,098",83,"2,181",10,,,20,"25,768","2,600","28,368",117,16,12,133,"5,763,241","212,476","5,975,717","76,557","25,279","10,167","2,453"
Locality: 185 TAZEWELL COUNTY,0401,401 - RICHLANDS,"4,710",323,"5,033",22,2,4,20,"25,768","2,600","28,368",117,16,12,133,"5,763,241","212,476","5,975,717","76,557","25,279","10,167","2,453"
Locality: 185 TAZEWELL COUNTY,0402,402 - JEWELL RIDGE,327,45,372,4,,,20,"25,768","2,600","28,368",117,16,12,133,"5,763,241","212,476","5,975,717","76,557","25,279","10,167","2,453"
Locality: 185 TAZEWELL COUNTY,0501,501 - SPRINGVILLE,"1,784",247,"2,031",11,3,2,20,"25,768","2,600","28,368",117,16,12,133,"5,763,241","212,476","5,975,717","76,557","25,279","10,167","2,453"
Locality: 185 TAZEWELL COUNTY,0502,502 - GRAHAM,"3,332",508,"3,840",19,2,2,20,"25,768","2,600","28,368",117,16,12,133,"5,763,241","212,476","5,975,717","76,557","25,279","10,167","2,453"
Locality: 187 WARREN COUNTY,0101,101 - FORK TOWN,"2,007",78,"2,085",12,8,4,11,"27,947",779,"28,726",185,60,17,133,"5,763,241","212,476","5,975,717","76,557","25,279","10,167","2,453"
Locality: 187 WARREN COUNTY,0102,102 - OTTERBURN,"3,334",80,"3,414",23,,,11,"27,947",779,"28,726",185,60,17,133,"5,763,241","212,476","5,975,717","76,557","25,279","10,167","2,453"
Locality: 187 WARREN COUNTY,0201,201 - HAPPY CREEK,"2,980",80,"3,060",26,8,4,11,"27,947",779,"28,726",185,60,17,133,"5,763,241","212,476","5,975,717","76,557","25,279","10,167","2,453"
Locality: 187 WARREN COUNTY,0202,202 - LINDEN,"2,663",72,"2,735",8,10,,11,"27,947",779,"28,726",185,60,17,133,"5,763,241","212,476","5,975,717","76,557","25,279","10,167","2,453"
Locality: 187 WARREN COUNTY,0301,301 - NORTH RIVER,"2,649",71,"2,720",18,3,3,11,"27,947",779,"28,726",185,60,17,133,"5,763,241","212,476","5,975,717","76,557","25,279","10,167","2,453"
Locality: 187 WARREN COUNTY,0302,302 - RIVERTON,"2,786",54,"2,840",23,6,,11,"27,947",779,"28,726",185,60,17,133,"5,763,241","212,476","5,975,717","76,557","25,279","10,167","2,453"
Locality: 187 WARREN COUNTY,0401,401 - EAST SHENANDOAH,"4,428",143,"4,571",39,10,3,11,"27,947",779,"28,726",185,60,17,133,"5,763,241","212,476","5,975,717","76,557","25,279","10,167","2,453"
Locality: 187 WARREN COUNTY,0402,402 - TOWN - WEST SHENANDOAH,"1,753",59,"1,812",9,3,,11,"27,947",779,"28,726",185,60,17,133,"5,763,241","212,476","5,975,717","76,557","25,279","10,167","2,453"
Locality: 187 WARREN COUNTY,0501,501 - SOUTH RIVER,"3,415",109,"3,524",16,9,3,11,"27,947",779,"28,726",185,60,17,133,"5,763,241","212,476","5,975,717","76,557","25,279","10,167","2,453"
Locality: 187 WARREN COUNTY,0502,502 - BENTONVILLE,"1,102",25,"1,127",6,2,,11,"27,947",779,"28,726",185,60,17,133,"5,763,241","212,476","5,975,717","76,557","25,279","10,167","2,453"
Locality: 187 WARREN COUNTY,0504,504 - BROWNTOWN,830,8,838,5,1,,11,"27,947",779,"28,726",185,60,17,133,"5,763,241","212,476","5,975,717","76,557","25,279","10,167","2,453"
Locality: 191 WASHINGTON COUNTY,0101,101 - EAST ABINGDON,"3,678",127,"3,805",14,4,3,19,"37,486",906,"38,392",179,35,21,133,"5,763,241","212,476","5,975,717","76,557","25,279","10,167","2,453"
Locality: 191 WASHINGTON COUNTY,0102,102 - WEST ABINGDON,"1,895",75,"1,970",9,3,3,19,"37,486",906,"38,392",179,35,21,133,"5,763,241","212,476","5,975,717","76,557","25,279","10,167","2,453"
Locality: 191 WASHINGTON COUNTY,0201,201 - CLINCHBURG,"1,145",16,"1,161",4,,,19,"37,486",906,"38,392",179,35,21,133,"5,763,241","212,476","5,975,717","76,557","25,279","10,167","2,453"
Locality: 191 WASHINGTON COUNTY,0202,202 - GREENDALE,"1,904",30,"1,934",4,3,,19,"37,486",906,"38,392",179,35,21,133,"5,763,241","212,476","5,975,717","76,557","25,279","10,167","2,453"
Locality: 191 WASHINGTON COUNTY,0203,203 - HAYTERS GAP,656,18,674,4,,1,19,"37,486",906,"38,392",179,35,21,133,"5,763,241","212,476","5,975,717","76,557","25,279","10,167","2,453"
Locality: 191 WASHINGTON COUNTY,0204,204 WOODLAND HILLS,"1,618",33,"1,651",8,,1,19,"37,486",906,"38,392",179,35,21,133,"5,763,241","212,476","5,975,717","76,557","25,279","10,167","2,453"
Locality: 191 WASHINGTON COUNTY,0301,301 - WATAUGA,"2,868",61,"2,929",12,3,1,19,"37,486",906,"38,392",179,35,21,133,"5,763,241","212,476","5,975,717","76,557","25,279","10,167","2,453"
Locality: 191 WASHINGTON COUNTY,0302,302 - SOUTH ABINGDON,"3,061",88,"3,149",18,8,3,19,"37,486",906,"38,392",179,35,21,133,"5,763,241","212,476","5,975,717","76,557","25,279","10,167","2,453"
Locality: 191 WASHINGTON COUNTY,0401,401 - GLADE SPRING,"2,183",38,"2,221",11,,2,19,"37,486",906,"38,392",179,35,21,133,"5,763,241","212,476","5,975,717","76,557","25,279","10,167","2,453"
Locality: 191 WASHINGTON COUNTY,0402,402 - MEADOWVIEW,"2,661",53,"2,714",12,1,3,19,"37,486",906,"38,392",179,35,21,133,"5,763,241","212,476","5,975,717","76,557","25,279","10,167","2,453"
Locality: 191 WASHINGTON COUNTY,0501,501 - RHEA VALLEY,"3,208",54,"3,262",24,2,1,19,"37,486",906,"38,392",179,35,21,133,"5,763,241","212,476","5,975,717","76,557","25,279","10,167","2,453"
Locality: 191 WASHINGTON COUNTY,0502,502 - DAMASCUS,"1,591",38,"1,629",6,4,,19,"37,486",906,"38,392",179,35,21,133,"5,763,241","212,476","5,975,717","76,557","25,279","10,167","2,453"
Locality: 191 WASHINGTON COUNTY,0504,504 - GREEN COVE,247,8,255,,,,19,"37,486",906,"38,392",179,35,21,133,"5,763,241","212,476","5,975,717","76,557","25,279","10,167","2,453"
Locality: 191 WASHINGTON COUNTY,0601,601 - BURSON PLACE,"2,609",63,"2,672",11,,1,19,"37,486",906,"38,392",179,35,21,133,"5,763,241","212,476","5,975,717","76,557","25,279","10,167","2,453"
Locality: 191 WASHINGTON COUNTY,0602,602 - MENDOTA,501,11,512,5,,,19,"37,486",906,"38,392",179,35,21,133,"5,763,241","212,476","5,975,717","76,557","25,279","10,167","2,453"
Locality: 191 WASHINGTON COUNTY,0603,603 - VALLEY INSTITUTE,"1,982",45,"2,027",11,1,2,19,"37,486",906,"38,392",179,35,21,133,"5,763,241","212,476","5,975,717","76,557","25,279","10,167","2,453"
Locality: 191 WASHINGTON COUNTY,0701,701 - HIGH POINT,"2,170",62,"2,232",10,5,,19,"37,486",906,"38,392",179,35,21,133,"5,763,241","212,476","5,975,717","76,557","25,279","10,167","2,453"
Locality: 191 WASHINGTON COUNTY,0702,702 - WALLACE,"1,059",18,"1,077",8,,,19,"37,486",906,"38,392",179,35,21,133,"5,763,241","212,476","5,975,717","76,557","25,279","10,167","2,453"
Locality: 191 WASHINGTON COUNTY,0703,703 - JOHN BATTLE,"2,450",68,"2,518",8,1,,19,"37,486",906,"38,392",179,35,21,133,"5,763,241","212,476","5,975,717","76,557","25,279","10,167","2,453"
Locality: 193 WESTMORELAND COUNTY,0101,101 - PRECINCT 1-1,"1,530",29,"1,559",9,6,,8,"13,043",380,"13,423",128,30,6,133,"5,763,241","212,476","5,975,717","76,557","25,279","10,167","2,453"
Locality: 193 WESTMORELAND COUNTY,0102,102 - PRECINCT 1-2,873,23,896,6,1,2,8,"13,043",380,"13,423",128,30,6,133,"5,763,241","212,476","5,975,717","76,557","25,279","10,167","2,453"
Locality: 193 WESTMORELAND COUNTY,0201,201 - PRECINCT 2-1,"1,815",33,"1,848",5,10,2,8,"13,043",380,"13,423",128,30,6,133,"5,763,241","212,476","5,975,717","76,557","25,279","10,167","2,453"
Locality: 193 WESTMORELAND COUNTY,0202,202 - PRECINCT 2-2,996,38,"1,034",16,,,8,"13,043",380,"13,423",128,30,6,133,"5,763,241","212,476","5,975,717","76,557","25,279","10,167","2,453"
Locality: 193 WESTMORELAND COUNTY,0301,301 - PRECINCT 3-1,"1,414",23,"1,437",10,,,8,"13,043",380,"13,423",128,30,6,133,"5,763,241","212,476","5,975,717","76,557","25,279","10,167","2,453"
Locality: 193 WESTMORELAND COUNTY,0302,302 - PRECINCT 3-2,"1,135",31,"1,166",13,2,,8,"13,043",380,"13,423",128,30,6,133,"5,763,241","212,476","5,975,717","76,557","25,279","10,167","2,453"
Locality: 193 WESTMORELAND COUNTY,0401,401 - PRECINCT 4-1,"2,600",84,"2,684",25,1,,8,"13,043",380,"13,423",128,30,6,133,"5,763,241","212,476","5,975,717","76,557","25,279","10,167","2,453"
Locality: 193 WESTMORELAND COUNTY,0501,501 - PRECINCT 5-1,"2,680",119,"2,799",44,10,2,8,"13,043",380,"13,423",128,30,6,133,"5,763,241","212,476","5,975,717","76,557","25,279","10,167","2,453"
Locality: 195 WISE COUNTY,0101,101 - APPALACHIA,"1,515",51,"1,566",3,1,,12,"23,534",590,"24,124",92,21,1,133,"5,763,241","212,476","5,975,717","76,557","25,279","10,167","2,453"
Locality: 195 WISE COUNTY,0102,102 - DORCHESTER,942,20,962,1,,,12,"23,534",590,"24,124",92,21,1,133,"5,763,241","212,476","5,975,717","76,557","25,279","10,167","2,453"
Locality: 195 WISE COUNTY,0103,103 - GUEST RIVER VOTING PLACE,997,21,"1,018",3,,,12,"23,534",590,"24,124",92,21,1,133,"5,763,241","212,476","5,975,717","76,557","25,279","10,167","2,453"
Locality: 195 WISE COUNTY,0104,104 - WEST POUND,"2,527",43,"2,570",4,2,,12,"23,534",590,"24,124",92,21,1,133,"5,763,241","212,476","5,975,717","76,557","25,279","10,167","2,453"
Locality: 195 WISE COUNTY,0201,201 - NORTH COEBURN,"1,368",33,"1,401",3,,,12,"23,534",590,"24,124",92,21,1,133,"5,763,241","212,476","5,975,717","76,557","25,279","10,167","2,453"
Locality: 195 WISE COUNTY,0202,202 - WISE,"3,692",100,"3,792",19,6,,12,"23,534",590,"24,124",92,21,1,133,"5,763,241","212,476","5,975,717","76,557","25,279","10,167","2,453"
Locality: 195 WISE COUNTY,0203,203 - EAST POUND,659,16,675,3,,,12,"23,534",590,"24,124",92,21,1,133,"5,763,241","212,476","5,975,717","76,557","25,279","10,167","2,453"
Locality: 195 WISE COUNTY,0301,301 - BIG STONE GAP,"2,883",104,"2,987",10,5,1,12,"23,534",590,"24,124",92,21,1,133,"5,763,241","212,476","5,975,717","76,557","25,279","10,167","2,453"
Locality: 195 WISE COUNTY,0302,302 - EAST STONE GAP,"2,872",63,"2,935",11,3,,12,"23,534",590,"24,124",92,21,1,133,"5,763,241","212,476","5,975,717","76,557","25,279","10,167","2,453"
Locality: 195 WISE COUNTY,0401,401 - CLINCH VALLEY,"2,429",45,"2,474",18,2,,12,"23,534",590,"24,124",92,21,1,133,"5,763,241","212,476","5,975,717","76,557","25,279","10,167","2,453"
Locality: 195 WISE COUNTY,0402,402 - SOUTH COEBURN,"2,736",75,"2,811",12,2,,12,"23,534",590,"24,124",92,21,1,133,"5,763,241","212,476","5,975,717","76,557","25,279","10,167","2,453"
Locality: 195 WISE COUNTY,0403,403 - ST PAUL,914,19,933,5,,,12,"23,534",590,"24,124",92,21,1,133,"5,763,241","212,476","5,975,717","76,557","25,279","10,167","2,453"
Locality: 197 WYTHE COUNTY,0101,101 - ROYAL OAK,790,16,806,4,,,11,"19,807",501,"20,308",90,12,10,133,"5,763,241","212,476","5,975,717","76,557","25,279","10,167","2,453"
Locality: 197 WYTHE COUNTY,0102,102 - RURAL RETREAT,"2,604",87,"2,691",14,,1,11,"19,807",501,"20,308",90,12,10,133,"5,763,241","212,476","5,975,717","76,557","25,279","10,167","2,453"
Locality: 197 WYTHE COUNTY,0203,203 - WEST WYTHEVILLE,"3,309",110,"3,419",15,3,5,11,"19,807",501,"20,308",90,12,10,133,"5,763,241","212,476","5,975,717","76,557","25,279","10,167","2,453"
Locality: 197 WYTHE COUNTY,0303,303 - EAST WYTHEVILLE,"3,434",103,"3,537",15,3,3,11,"19,807",501,"20,308",90,12,10,133,"5,763,241","212,476","5,975,717","76,557","25,279","10,167","2,453"
Locality: 197 WYTHE COUNTY,0401,401 - FORT CHISWELL,"1,607",24,"1,631",6,,,11,"19,807",501,"20,308",90,12,10,133,"5,763,241","212,476","5,975,717","76,557","25,279","10,167","2,453"
Locality: 197 WYTHE COUNTY,0402,402 - MAX MEADOWS,"1,671",33,"1,704",4,1,,11,"19,807",501,"20,308",90,12,10,133,"5,763,241","212,476","5,975,717","76,557","25,279","10,167","2,453"
Locality: 197 WYTHE COUNTY,0501,501 - JACKSON MEMORIAL,"1,315",25,"1,340",7,,,11,"19,807",501,"20,308",90,12,10,133,"5,763,241","212,476","5,975,717","76,557","25,279","10,167","2,453"
Locality: 197 WYTHE COUNTY,0502,502 - SHEFFEY,"1,845",31,"1,876",12,2,1,11,"19,807",501,"20,308",90,12,10,133,"5,763,241","212,476","5,975,717","76,557","25,279","10,167","2,453"
Locality: 197 WYTHE COUNTY,0601,601 - HUDDLE,791,14,805,4,1,,11,"19,807",501,"20,308",90,12,10,133,"5,763,241","212,476","5,975,717","76,557","25,279","10,167","2,453"
Locality: 197 WYTHE COUNTY,0602,602 - ZION,"1,389",33,"1,422",7,1,,11,"19,807",501,"20,308",90,12,10,133,"5,763,241","212,476","5,975,717","76,557","25,279","10,167","2,453"
Locality: 197 WYTHE COUNTY,0603,603   EVERGREEN,"1,052",25,"1,077",2,1,,11,"19,807",501,"20,308",90,12,10,133,"5,763,241","212,476","5,975,717","76,557","25,279","10,167","2,453"
Locality: 199 YORK COUNTY,0101,101 - QUEENS LAKE,"2,385",68,"2,453",92,24,5,13,"47,494","1,540","49,034","2,054",253,51,133,"5,763,241","212,476","5,975,717","76,557","25,279","10,167","2,453"
Locality: 199 YORK COUNTY,0102,102 - WALLER MILL,"3,928",98,"4,026",85,59,4,13,"47,494","1,540","49,034","2,054",253,51,133,"5,763,241","212,476","5,975,717","76,557","25,279","10,167","2,453"
Locality: 199 YORK COUNTY,0103,103 - MAGRUDER,"4,539",174,"4,713",230,13,2,13,"47,494","1,540","49,034","2,054",253,51,133,"5,763,241","212,476","5,975,717","76,557","25,279","10,167","2,453"
Locality: 199 YORK COUNTY,0201,201 - COVENTRY,"4,541",305,"4,846",433,23,5,13,"47,494","1,540","49,034","2,054",253,51,133,"5,763,241","212,476","5,975,717","76,557","25,279","10,167","2,453"
Locality: 199 YORK COUNTY,0202,202 - KILN CREEK,"2,541",70,"2,611",108,12,2,13,"47,494","1,540","49,034","2,054",253,51,133,"5,763,241","212,476","5,975,717","76,557","25,279","10,167","2,453"
Locality: 199 YORK COUNTY,0301,301 - SEAFORD,"4,042",71,"4,113",85,6,3,13,"47,494","1,540","49,034","2,054",253,51,133,"5,763,241","212,476","5,975,717","76,557","25,279","10,167","2,453"
Locality: 199 YORK COUNTY,0302,302 - YORKTOWN,"3,073",62,"3,135",108,13,3,13,"47,494","1,540","49,034","2,054",253,51,133,"5,763,241","212,476","5,975,717","76,557","25,279","10,167","2,453"
Locality: 199 YORK COUNTY,0303,303 - EDGEHILL,"3,582",122,"3,704",164,17,9,13,"47,494","1,540","49,034","2,054",253,51,133,"5,763,241","212,476","5,975,717","76,557","25,279","10,167","2,453"
Locality: 199 YORK COUNTY,0401,401 - HARWOODS MILL,"3,838",97,"3,935",85,16,4,13,"47,494","1,540","49,034","2,054",253,51,133,"5,763,241","212,476","5,975,717","76,557","25,279","10,167","2,453"
Locality: 199 YORK COUNTY,0402,402 - DARE,"4,030",92,"4,122",103,26,6,13,"47,494","1,540","49,034","2,054",253,51,133,"5,763,241","212,476","5,975,717","76,557","25,279","10,167","2,453"
Locality: 199 YORK COUNTY,0403,403 - GRAFTON,"2,198",42,"2,240",65,6,,13,"47,494","1,540","49,034","2,054",253,51,133,"5,763,241","212,476","5,975,717","76,557","25,279","10,167","2,453"
Locality: 199 YORK COUNTY,0501,501 - TABB,"4,191",155,"4,346",153,13,4,13,"47,494","1,540","49,034","2,054",253,51,133,"5,763,241","212,476","5,975,717","76,557","25,279","10,167","2,453"
Locality: 199 YORK COUNTY,0502,502 - BETHEL,"4,606",184,"4,790",343,25,4,13,"47,494","1,540","49,034","2,054",253,51,133,"5,763,241","212,476","5,975,717","76,557","25,279","10,167","2,453"
Locality: 510 ALEXANDRIA CITY,0101,101 - LADREY SENIOR BUILDING,"3,103",161,"3,264",26,56,10,30,"104,859","7,877","112,736","1,197","1,599",562,133,"5,763,241","212,476","5,975,717","76,557","25,279","10,167","2,453"
Locality: 510 ALEXANDRIA CITY,0102,102 - CITY HALL,"2,919",128,"3,047",19,67,23,30,"104,859","7,877","112,736","1,197","1,599",562,133,"5,763,241","212,476","5,975,717","76,557","25,279","10,167","2,453"
Locality: 510 ALEXANDRIA CITY,0103,103 - LYLES CROUCH SCHOOL,"4,067",293,"4,360",53,74,51,30,"104,859","7,877","112,736","1,197","1,599",562,133,"5,763,241","212,476","5,975,717","76,557","25,279","10,167","2,453"
Locality: 510 ALEXANDRIA CITY,0104,104 - DURANT CENTER,"3,168",279,"3,447",30,52,30,30,"104,859","7,877","112,736","1,197","1,599",562,133,"5,763,241","212,476","5,975,717","76,557","25,279","10,167","2,453"
Locality: 510 ALEXANDRIA CITY,0105,105 - LEE CENTER,"2,869",211,"3,080",38,46,10,30,"104,859","7,877","112,736","1,197","1,599",562,133,"5,763,241","212,476","5,975,717","76,557","25,279","10,167","2,453"
Locality: 510 ALEXANDRIA CITY,0106,106 - CORA KELLY,"4,626",441,"5,067",51,53,17,30,"104,859","7,877","112,736","1,197","1,599",562,133,"5,763,241","212,476","5,975,717","76,557","25,279","10,167","2,453"
Locality: 510 ALEXANDRIA CITY,0107,107 - MT VERNON RECREATION CENTER,"4,459",295,"4,754",51,105,36,30,"104,859","7,877","112,736","1,197","1,599",562,133,"5,763,241","212,476","5,975,717","76,557","25,279","10,167","2,453"
Locality: 510 ALEXANDRIA CITY,0108,108 - GEORGE WASHINGTON MIDDLE SCH,"4,448",291,"4,739",41,87,18,30,"104,859","7,877","112,736","1,197","1,599",562,133,"5,763,241","212,476","5,975,717","76,557","25,279","10,167","2,453"
Locality: 510 ALEXANDRIA CITY,0109,109 - FIRE DEPARTMENT HEADQUARTERS,"2,769",148,"2,917",53,103,14,30,"104,859","7,877","112,736","1,197","1,599",562,133,"5,763,241","212,476","5,975,717","76,557","25,279","10,167","2,453"
Locality: 510 ALEXANDRIA CITY,0110,110 - CHARLES HOUSTON CENTER,"3,824",335,"4,159",63,68,12,30,"104,859","7,877","112,736","1,197","1,599",562,133,"5,763,241","212,476","5,975,717","76,557","25,279","10,167","2,453"
Locality: 510 ALEXANDRIA CITY,0111,111 - POTOMAC YARD,"1,902",239,"2,141",36,27,2,30,"104,859","7,877","112,736","1,197","1,599",562,133,"5,763,241","212,476","5,975,717","76,557","25,279","10,167","2,453"
Locality: 510 ALEXANDRIA CITY,0112,112 - ALEX RENEW,"2,598",401,"2,999",61,45,12,30,"104,859","7,877","112,736","1,197","1,599",562,133,"5,763,241","212,476","5,975,717","76,557","25,279","10,167","2,453"
Locality: 510 ALEXANDRIA CITY,0201,201 - MAURY SCHOOL,"2,926",141,"3,067",23,56,23,30,"104,859","7,877","112,736","1,197","1,599",562,133,"5,763,241","212,476","5,975,717","76,557","25,279","10,167","2,453"
Locality: 510 ALEXANDRIA CITY,0202,202 - GEORGE MASON SCHOOL,"2,923",75,"2,998",18,36,24,30,"104,859","7,877","112,736","1,197","1,599",562,133,"5,763,241","212,476","5,975,717","76,557","25,279","10,167","2,453"
Locality: 510 ALEXANDRIA CITY,0203,203 - CHARLES BARRETT CENTER,"2,974",201,"3,175",28,64,26,30,"104,859","7,877","112,736","1,197","1,599",562,133,"5,763,241","212,476","5,975,717","76,557","25,279","10,167","2,453"
Locality: 510 ALEXANDRIA CITY,0204,204 - BLESSED SACRAMENT CHURCH,"2,777",78,"2,855",23,36,13,30,"104,859","7,877","112,736","1,197","1,599",562,133,"5,763,241","212,476","5,975,717","76,557","25,279","10,167","2,453"
Locality: 510 ALEXANDRIA CITY,0205,205 - DOUGLAS MACARTHUR SCHOOL,"4,173",268,"4,441",50,69,25,30,"104,859","7,877","112,736","1,197","1,599",562,133,"5,763,241","212,476","5,975,717","76,557","25,279","10,167","2,453"
Locality: 510 ALEXANDRIA CITY,0206,206 - CHINQUAPIN PARK RECREATION CTR,"3,126",220,"3,346",34,44,19,30,"104,859","7,877","112,736","1,197","1,599",562,133,"5,763,241","212,476","5,975,717","76,557","25,279","10,167","2,453"
Locality: 510 ALEXANDRIA CITY,0207,207 - TEMPLE BETH EL SYNAGOGUE,"4,134",173,"4,307",46,54,17,30,"104,859","7,877","112,736","1,197","1,599",562,133,"5,763,241","212,476","5,975,717","76,557","25,279","10,167","2,453"
Locality: 510 ALEXANDRIA CITY,0208,208 - NOVA ARTS CENTER,"4,672",454,"5,126",71,74,18,30,"104,859","7,877","112,736","1,197","1,599",562,133,"5,763,241","212,476","5,975,717","76,557","25,279","10,167","2,453"
Locality: 510 ALEXANDRIA CITY,0209,209 - JAMES K POLK SCHOOL,"4,247",340,"4,587",43,61,21,30,"104,859","7,877","112,736","1,197","1,599",562,133,"5,763,241","212,476","5,975,717","76,557","25,279","10,167","2,453"
Locality: 510 ALEXANDRIA CITY,0210,210 - The Hermitage,"2,366",107,"2,473",19,15,4,30,"104,859","7,877","112,736","1,197","1,599",562,133,"5,763,241","212,476","5,975,717","76,557","25,279","10,167","2,453"
Locality: 510 ALEXANDRIA CITY,0302,302 - PATRICK HENRY REC CENTER,"3,541",322,"3,863",33,26,21,30,"104,859","7,877","112,736","1,197","1,599",562,133,"5,763,241","212,476","5,975,717","76,557","25,279","10,167","2,453"
Locality: 510 ALEXANDRIA CITY,0303,303 - CHARLES E BEATLEY LIBRARY,"3,443",270,"3,713",18,33,8,30,"104,859","7,877","112,736","1,197","1,599",562,133,"5,763,241","212,476","5,975,717","76,557","25,279","10,167","2,453"
Locality: 510 ALEXANDRIA CITY,0304,304 - SAMUEL TUCKER SCHOOL,"3,879",395,"4,274",40,42,16,30,"104,859","7,877","112,736","1,197","1,599",562,133,"5,763,241","212,476","5,975,717","76,557","25,279","10,167","2,453"
Locality: 510 ALEXANDRIA CITY,0305,305 - JOHN ADAMS SCHOOL,"4,366",474,"4,840",36,33,17,30,"104,859","7,877","112,736","1,197","1,599",562,133,"5,763,241","212,476","5,975,717","76,557","25,279","10,167","2,453"
Locality: 510 ALEXANDRIA CITY,0306,306 - WILLIAM RAMSAY SCHOOL,"4,480",305,"4,785",44,30,26,30,"104,859","7,877","112,736","1,197","1,599",562,133,"5,763,241","212,476","5,975,717","76,557","25,279","10,167","2,453"
Locality: 510 ALEXANDRIA CITY,0307,307 - SOUTH PORT,"3,670",213,"3,883",28,32,22,30,"104,859","7,877","112,736","1,197","1,599",562,133,"5,763,241","212,476","5,975,717","76,557","25,279","10,167","2,453"
Locality: 510 ALEXANDRIA CITY,0308,308 - CAMERON STATION COMMUNITY CTR,"3,805",245,"4,050",105,84,15,30,"104,859","7,877","112,736","1,197","1,599",562,133,"5,763,241","212,476","5,975,717","76,557","25,279","10,167","2,453"
Locality: 510 ALEXANDRIA CITY,0309,309 - OLYMPUS CONDO,"2,605",374,"2,979",16,27,12,30,"104,859","7,877","112,736","1,197","1,599",562,133,"5,763,241","212,476","5,975,717","76,557","25,279","10,167","2,453"
Locality: 520 BRISTOL CITY,0001,001 - FIRST WARD,"2,239",91,"2,330",9,2,,4,"11,231",483,"11,714",57,11,8,133,"5,763,241","212,476","5,975,717","76,557","25,279","10,167","2,453"
Locality: 520 BRISTOL CITY,0002,002 - SECOND WARD,"2,687",135,"2,822",17,7,4,4,"11,231",483,"11,714",57,11,8,133,"5,763,241","212,476","5,975,717","76,557","25,279","10,167","2,453"
Locality: 520 BRISTOL CITY,0003,003 - THIRD WARD,"2,248",130,"2,378",16,1,2,4,"11,231",483,"11,714",57,11,8,133,"5,763,241","212,476","5,975,717","76,557","25,279","10,167","2,453"
Locality: 520 BRISTOL CITY,0004,004 - FOURTH WARD,"4,057",127,"4,184",15,1,2,4,"11,231",483,"11,714",57,11,8,133,"5,763,241","212,476","5,975,717","76,557","25,279","10,167","2,453"
Locality: 530 BUENA VISTA CITY,0001,001 - FIRST WARD,"2,099",66,"2,165",6,2,1,2,"4,082",181,"4,263",18,8,4,133,"5,763,241","212,476","5,975,717","76,557","25,279","10,167","2,453"
Locality: 530 BUENA VISTA CITY,0002,002 - SECOND WARD,"1,983",115,"2,098",12,6,3,2,"4,082",181,"4,263",18,8,4,133,"5,763,241","212,476","5,975,717","76,557","25,279","10,167","2,453"
Locality: 540 CHARLOTTESVILLE CITY,0101,101 - Key Recreation,"4,012",168,"4,180",17,46,30,9,"33,095","1,869","34,964",163,349,195,133,"5,763,241","212,476","5,975,717","76,557","25,279","10,167","2,453"
Locality: 540 CHARLOTTESVILLE CITY,0102,102 - CLARK,"4,239",174,"4,413",19,28,16,9,"33,095","1,869","34,964",163,349,195,133,"5,763,241","212,476","5,975,717","76,557","25,279","10,167","2,453"
Locality: 540 CHARLOTTESVILLE CITY,0201,201 - CARVER,"3,852",256,"4,108",16,53,21,9,"33,095","1,869","34,964",163,349,195,133,"5,763,241","212,476","5,975,717","76,557","25,279","10,167","2,453"
Locality: 540 CHARLOTTESVILLE CITY,0202,202 - WALKER,"4,188",96,"4,284",21,48,30,9,"33,095","1,869","34,964",163,349,195,133,"5,763,241","212,476","5,975,717","76,557","25,279","10,167","2,453"
Locality: 540 CHARLOTTESVILLE CITY,0301,301 - BENJAMIN TONSLER,"3,785",169,"3,954",11,34,9,9,"33,095","1,869","34,964",163,349,195,133,"5,763,241","212,476","5,975,717","76,557","25,279","10,167","2,453"
Locality: 540 CHARLOTTESVILLE CITY,0302,302 - JOHNSON,"4,490",181,"4,671",33,45,13,9,"33,095","1,869","34,964",163,349,195,133,"5,763,241","212,476","5,975,717","76,557","25,279","10,167","2,453"
Locality: 540 CHARLOTTESVILLE CITY,0303,303 - BUFORD,"2,446",347,"2,793",20,35,21,9,"33,095","1,869","34,964",163,349,195,133,"5,763,241","212,476","5,975,717","76,557","25,279","10,167","2,453"
Locality: 540 CHARLOTTESVILLE CITY,0401,401 - VENABLE,"3,039",255,"3,294",12,21,14,9,"33,095","1,869","34,964",163,349,195,133,"5,763,241","212,476","5,975,717","76,557","25,279","10,167","2,453"
Locality: 540 CHARLOTTESVILLE CITY,0402,402 - ALUMNI HALL,"3,044",223,"3,267",14,39,41,9,"33,095","1,869","34,964",163,349,195,133,"5,763,241","212,476","5,975,717","76,557","25,279","10,167","2,453"
Locality: 550 CHESAPEAKE CITY,0001,001 - GREAT BRIDGE,"2,866",101,"2,967",82,10,,63,"164,083","7,413","171,496","6,141",435,67,133,"5,763,241","212,476","5,975,717","76,557","25,279","10,167","2,453"
Locality: 550 CHESAPEAKE CITY,0002,002 - BETHEL,"2,658",80,"2,738",119,3,,63,"164,083","7,413","171,496","6,141",435,67,133,"5,763,241","212,476","5,975,717","76,557","25,279","10,167","2,453"
Locality: 550 CHESAPEAKE CITY,0003,003 - CAMELOT,"2,397",108,"2,505",75,8,,63,"164,083","7,413","171,496","6,141",435,67,133,"5,763,241","212,476","5,975,717","76,557","25,279","10,167","2,453"
Locality: 550 CHESAPEAKE CITY,0004,004 - CHURCHLAND,"2,488",68,"2,556",71,8,1,63,"164,083","7,413","171,496","6,141",435,67,133,"5,763,241","212,476","5,975,717","76,557","25,279","10,167","2,453"
Locality: 550 CHESAPEAKE CITY,0005,005 - CRESTWOOD,"2,778",97,"2,875",98,10,1,63,"164,083","7,413","171,496","6,141",435,67,133,"5,763,241","212,476","5,975,717","76,557","25,279","10,167","2,453"
Locality: 550 CHESAPEAKE CITY,0006,006 - DEEP CREEK,"2,801",140,"2,941",150,3,,63,"164,083","7,413","171,496","6,141",435,67,133,"5,763,241","212,476","5,975,717","76,557","25,279","10,167","2,453"
Locality: 550 CHESAPEAKE CITY,0007,007 - GREENBRIER,"2,504",135,"2,639",80,14,,63,"164,083","7,413","171,496","6,141",435,67,133,"5,763,241","212,476","5,975,717","76,557","25,279","10,167","2,453"
Locality: 550 CHESAPEAKE CITY,0008,008 - SOUTH NORFOLK RECREATION,"3,238",123,"3,361",116,3,,63,"164,083","7,413","171,496","6,141",435,67,133,"5,763,241","212,476","5,975,717","76,557","25,279","10,167","2,453"
Locality: 550 CHESAPEAKE CITY,0009,009 - BELLS MILL,"3,747",131,"3,878",165,16,2,63,"164,083","7,413","171,496","6,141",435,67,133,"5,763,241","212,476","5,975,717","76,557","25,279","10,167","2,453"
Locality: 550 CHESAPEAKE CITY,0010,010 - OSCAR SMITH,"1,552",56,"1,608",36,2,,63,"164,083","7,413","171,496","6,141",435,67,133,"5,763,241","212,476","5,975,717","76,557","25,279","10,167","2,453"
Locality: 550 CHESAPEAKE CITY,0011,011 - GENEVA PARK,"2,682",214,"2,896",59,2,,63,"164,083","7,413","171,496","6,141",435,67,133,"5,763,241","212,476","5,975,717","76,557","25,279","10,167","2,453"
Locality: 550 CHESAPEAKE CITY,0012,012 - GEORGETOWN,"2,290",103,"2,393",68,4,1,63,"164,083","7,413","171,496","6,141",435,67,133,"5,763,241","212,476","5,975,717","76,557","25,279","10,167","2,453"
Locality: 550 CHESAPEAKE CITY,0013,013 - GILMERTON,"2,403",125,"2,528",97,4,,63,"164,083","7,413","171,496","6,141",435,67,133,"5,763,241","212,476","5,975,717","76,557","25,279","10,167","2,453"
Locality: 550 CHESAPEAKE CITY,0014,014 - GRASSFIELD,"3,931",188,"4,119",160,20,6,63,"164,083","7,413","171,496","6,141",435,67,133,"5,763,241","212,476","5,975,717","76,557","25,279","10,167","2,453"
Locality: 550 CHESAPEAKE CITY,0015,015 - GREENBRIER MIDDLE SCHOOL,"3,353",249,"3,602",129,12,2,63,"164,083","7,413","171,496","6,141",435,67,133,"5,763,241","212,476","5,975,717","76,557","25,279","10,167","2,453"
Locality: 550 CHESAPEAKE CITY,0016,016 - HICKORY GROVE,"2,956",73,"3,029",92,6,2,63,"164,083","7,413","171,496","6,141",435,67,133,"5,763,241","212,476","5,975,717","76,557","25,279","10,167","2,453"
Locality: 550 CHESAPEAKE CITY,0017,017 - INDIAN CREEK,"2,022",57,"2,079",75,9,,63,"164,083","7,413","171,496","6,141",435,67,133,"5,763,241","212,476","5,975,717","76,557","25,279","10,167","2,453"
Locality: 550 CHESAPEAKE CITY,0018,018 - INDIAN RIVER,"2,373",127,"2,500",76,2,,63,"164,083","7,413","171,496","6,141",435,67,133,"5,763,241","212,476","5,975,717","76,557","25,279","10,167","2,453"
Locality: 550 CHESAPEAKE CITY,0019,019 - JOLLIFF,"1,790",80,"1,870",82,5,,63,"164,083","7,413","171,496","6,141",435,67,133,"5,763,241","212,476","5,975,717","76,557","25,279","10,167","2,453"
Locality: 550 CHESAPEAKE CITY,0020,020 - E W CHITTUM,"2,888",126,"3,014",100,11,1,63,"164,083","7,413","171,496","6,141",435,67,133,"5,763,241","212,476","5,975,717","76,557","25,279","10,167","2,453"
Locality: 550 CHESAPEAKE CITY,0021,021 - FELLOWSHIP,"2,739",127,"2,866",75,4,1,63,"164,083","7,413","171,496","6,141",435,67,133,"5,763,241","212,476","5,975,717","76,557","25,279","10,167","2,453"
Locality: 550 CHESAPEAKE CITY,0022,022 - NORFOLK HIGHLANDS,"1,909",75,"1,984",59,1,,63,"164,083","7,413","171,496","6,141",435,67,133,"5,763,241","212,476","5,975,717","76,557","25,279","10,167","2,453"
Locality: 550 CHESAPEAKE CITY,0023,023 - OAK GROVE,"3,138",101,"3,239",93,8,1,63,"164,083","7,413","171,496","6,141",435,67,133,"5,763,241","212,476","5,975,717","76,557","25,279","10,167","2,453"
Locality: 550 CHESAPEAKE CITY,0024,024 - OAKLETTE,"2,763",142,"2,905",77,2,2,63,"164,083","7,413","171,496","6,141",435,67,133,"5,763,241","212,476","5,975,717","76,557","25,279","10,167","2,453"
Locality: 550 CHESAPEAKE CITY,0025,025 - ST JULIANS,"2,481",198,"2,679",62,1,1,63,"164,083","7,413","171,496","6,141",435,67,133,"5,763,241","212,476","5,975,717","76,557","25,279","10,167","2,453"
Locality: 550 CHESAPEAKE CITY,0026,026 - JOHNSON PARK,"1,508",72,"1,580",51,3,1,63,"164,083","7,413","171,496","6,141",435,67,133,"5,763,241","212,476","5,975,717","76,557","25,279","10,167","2,453"
Locality: 550 CHESAPEAKE CITY,0027,027 - SILVERWOOD,"2,718",107,"2,825",93,8,2,63,"164,083","7,413","171,496","6,141",435,67,133,"5,763,241","212,476","5,975,717","76,557","25,279","10,167","2,453"
Locality: 550 CHESAPEAKE CITY,0028,028 - SUNRAY I,481,14,495,25,,,63,"164,083","7,413","171,496","6,141",435,67,133,"5,763,241","212,476","5,975,717","76,557","25,279","10,167","2,453"
Locality: 550 CHESAPEAKE CITY,0029,029 - TANGLEWOOD,"2,289",64,"2,353",81,6,,63,"164,083","7,413","171,496","6,141",435,67,133,"5,763,241","212,476","5,975,717","76,557","25,279","10,167","2,453"
Locality: 550 CHESAPEAKE CITY,0030,030 - SOUTH NORFOLK,"1,418",65,"1,483",41,2,,63,"164,083","7,413","171,496","6,141",435,67,133,"5,763,241","212,476","5,975,717","76,557","25,279","10,167","2,453"
Locality: 550 CHESAPEAKE CITY,0031,031 - CARVER SCHOOL,"3,526",188,"3,714",75,5,,63,"164,083","7,413","171,496","6,141",435,67,133,"5,763,241","212,476","5,975,717","76,557","25,279","10,167","2,453"
Locality: 550 CHESAPEAKE CITY,0032,032 - PROVIDENCE,"3,929",203,"4,132",95,4,,63,"164,083","7,413","171,496","6,141",435,67,133,"5,763,241","212,476","5,975,717","76,557","25,279","10,167","2,453"
Locality: 550 CHESAPEAKE CITY,0033,033 - WESTOVER,"1,605",117,"1,722",48,3,2,63,"164,083","7,413","171,496","6,141",435,67,133,"5,763,241","212,476","5,975,717","76,557","25,279","10,167","2,453"
Locality: 550 CHESAPEAKE CITY,0034,034 - HICKORY MIDDLE SCHOOL,"3,471",140,"3,611",100,19,,63,"164,083","7,413","171,496","6,141",435,67,133,"5,763,241","212,476","5,975,717","76,557","25,279","10,167","2,453"
Locality: 550 CHESAPEAKE CITY,0035,035 - TAYLOR ROAD,"1,990",117,"2,107",62,2,,63,"164,083","7,413","171,496","6,141",435,67,133,"5,763,241","212,476","5,975,717","76,557","25,279","10,167","2,453"
Locality: 550 CHESAPEAKE CITY,0036,036 - GREAT BRIDGE BAPTIST CHURCH,"2,777",135,"2,912",90,8,1,63,"164,083","7,413","171,496","6,141",435,67,133,"5,763,241","212,476","5,975,717","76,557","25,279","10,167","2,453"
Locality: 550 CHESAPEAKE CITY,0037,037 - BRIDGETOWN,"2,890",92,"2,982",139,11,2,63,"164,083","7,413","171,496","6,141",435,67,133,"5,763,241","212,476","5,975,717","76,557","25,279","10,167","2,453"
Locality: 550 CHESAPEAKE CITY,0038,038 - BAILEY CREEK,"2,278",61,"2,339",49,7,,63,"164,083","7,413","171,496","6,141",435,67,133,"5,763,241","212,476","5,975,717","76,557","25,279","10,167","2,453"
Locality: 550 CHESAPEAKE CITY,0039,039 - LAKE DRUMMOND,"2,058",96,"2,154",69,8,,63,"164,083","7,413","171,496","6,141",435,67,133,"5,763,241","212,476","5,975,717","76,557","25,279","10,167","2,453"
Locality: 550 CHESAPEAKE CITY,0041,041 - JOHN T WEST,"4,330",185,"4,515",256,11,3,63,"164,083","7,413","171,496","6,141",435,67,133,"5,763,241","212,476","5,975,717","76,557","25,279","10,167","2,453"
Locality: 550 CHESAPEAKE CITY,0042,042 - PARKWAYS,"2,532",143,"2,675",71,5,1,63,"164,083","7,413","171,496","6,141",435,67,133,"5,763,241","212,476","5,975,717","76,557","25,279","10,167","2,453"
Locality: 550 CHESAPEAKE CITY,0043,043 - PLEASANT CROSSING,"2,454",92,"2,546",49,10,6,63,"164,083","7,413","171,496","6,141",435,67,133,"5,763,241","212,476","5,975,717","76,557","25,279","10,167","2,453"
Locality: 550 CHESAPEAKE CITY,0044,044 - NANSEMOND,"2,159",70,"2,229",95,7,1,63,"164,083","7,413","171,496","6,141",435,67,133,"5,763,241","212,476","5,975,717","76,557","25,279","10,167","2,453"
Locality: 550 CHESAPEAKE CITY,0045,045 - SUNRAY II,"1,056",53,"1,109",36,5,,63,"164,083","7,413","171,496","6,141",435,67,133,"5,763,241","212,476","5,975,717","76,557","25,279","10,167","2,453"
Locality: 550 CHESAPEAKE CITY,0046,046 - BELLS MILL II,"2,435",63,"2,498",120,5,1,63,"164,083","7,413","171,496","6,141",435,67,133,"5,763,241","212,476","5,975,717","76,557","25,279","10,167","2,453"
Locality: 550 CHESAPEAKE CITY,0048,048 - JOLLIFF MIDDLE SCHOOL,"3,222",174,"3,396",151,6,1,63,"164,083","7,413","171,496","6,141",435,67,133,"5,763,241","212,476","5,975,717","76,557","25,279","10,167","2,453"
Locality: 550 CHESAPEAKE CITY,0049,049 - WATERWAY,"2,557",107,"2,664",140,13,1,63,"164,083","7,413","171,496","6,141",435,67,133,"5,763,241","212,476","5,975,717","76,557","25,279","10,167","2,453"
Locality: 550 CHESAPEAKE CITY,0050,050 - RIVER WALK,"2,835",142,"2,977",127,14,1,63,"164,083","7,413","171,496","6,141",435,67,133,"5,763,241","212,476","5,975,717","76,557","25,279","10,167","2,453"
Locality: 550 CHESAPEAKE CITY,0051,051 - COOPERS WAY,"4,116",157,"4,273",188,13,2,63,"164,083","7,413","171,496","6,141",435,67,133,"5,763,241","212,476","5,975,717","76,557","25,279","10,167","2,453"
Locality: 550 CHESAPEAKE CITY,0052,052 - SHIPYARD ROAD,"2,023",108,"2,131",141,6,1,63,"164,083","7,413","171,496","6,141",435,67,133,"5,763,241","212,476","5,975,717","76,557","25,279","10,167","2,453"
Locality: 550 CHESAPEAKE CITY,0053,053 - FAIRWAYS,"4,376",287,"4,663",146,9,1,63,"164,083","7,413","171,496","6,141",435,67,133,"5,763,241","212,476","5,975,717","76,557","25,279","10,167","2,453"
Locality: 550 CHESAPEAKE CITY,0054,054 - PUGHSVILLE,"2,716",119,"2,835",107,6,2,63,"164,083","7,413","171,496","6,141",435,67,133,"5,763,241","212,476","5,975,717","76,557","25,279","10,167","2,453"
Locality: 550 CHESAPEAKE CITY,0055,055 - GEORGETOWN EAST,"1,778",47,"1,825",43,1,1,63,"164,083","7,413","171,496","6,141",435,67,133,"5,763,241","212,476","5,975,717","76,557","25,279","10,167","2,453"
Locality: 550 CHESAPEAKE CITY,0056,056 - GREEN TREE,"2,570",155,"2,725",97,11,,63,"164,083","7,413","171,496","6,141",435,67,133,"5,763,241","212,476","5,975,717","76,557","25,279","10,167","2,453"
Locality: 550 CHESAPEAKE CITY,0057,057 - CYPRESS,"2,915",258,"3,173",169,5,3,63,"164,083","7,413","171,496","6,141",435,67,133,"5,763,241","212,476","5,975,717","76,557","25,279","10,167","2,453"
Locality: 550 CHESAPEAKE CITY,0058,058 - EXPRESSWAY,"1,117",55,"1,172",22,2,,63,"164,083","7,413","171,496","6,141",435,67,133,"5,763,241","212,476","5,975,717","76,557","25,279","10,167","2,453"
Locality: 550 CHESAPEAKE CITY,0059,059 - CLEARFIELD,"2,540",78,"2,618",102,4,3,63,"164,083","7,413","171,496","6,141",435,67,133,"5,763,241","212,476","5,975,717","76,557","25,279","10,167","2,453"
Locality: 550 CHESAPEAKE CITY,0060,060 - PARKER ROAD,"2,970",115,"3,085",156,11,2,63,"164,083","7,413","171,496","6,141",435,67,133,"5,763,241","212,476","5,975,717","76,557","25,279","10,167","2,453"
Locality: 550 CHESAPEAKE CITY,0061,061 - CENTERVILLE,"3,406",119,"3,525",124,5,,63,"164,083","7,413","171,496","6,141",435,67,133,"5,763,241","212,476","5,975,717","76,557","25,279","10,167","2,453"
Locality: 550 CHESAPEAKE CITY,0062,062 - FENTRESS,"2,727",64,"2,791",87,6,2,63,"164,083","7,413","171,496","6,141",435,67,133,"5,763,241","212,476","5,975,717","76,557","25,279","10,167","2,453"
Locality: 550 CHESAPEAKE CITY,0063,063 - POPLAR BRANCH,"1,835",51,"1,886",61,4,,63,"164,083","7,413","171,496","6,141",435,67,133,"5,763,241","212,476","5,975,717","76,557","25,279","10,167","2,453"
Locality: 550 CHESAPEAKE CITY,0064,064 - DEEP CREEK II,"2,729",160,"2,889",212,10,2,63,"164,083","7,413","171,496","6,141",435,67,133,"5,763,241","212,476","5,975,717","76,557","25,279","10,167","2,453"
Locality: 550 CHESAPEAKE CITY,0065,065 - WATERWAY II,"3,000",116,"3,116",127,12,4,63,"164,083","7,413","171,496","6,141",435,67,133,"5,763,241","212,476","5,975,717","76,557","25,279","10,167","2,453"
Locality: 570 COLONIAL HEIGHTS CITY,0001,001 - FIRST,"1,936",66,"2,002",17,2,,5,"12,353",402,"12,755",172,20,3,133,"5,763,241","212,476","5,975,717","76,557","25,279","10,167","2,453"
Locality: 570 COLONIAL HEIGHTS CITY,0002,002 - SECOND,"2,217",88,"2,305",41,5,1,5,"12,353",402,"12,755",172,20,3,133,"5,763,241","212,476","5,975,717","76,557","25,279","10,167","2,453"
Locality: 570 COLONIAL HEIGHTS CITY,0003,003 - THIRD,"2,524",92,"2,616",41,4,2,5,"12,353",402,"12,755",172,20,3,133,"5,763,241","212,476","5,975,717","76,557","25,279","10,167","2,453"
Locality: 570 COLONIAL HEIGHTS CITY,0004,004 - FOURTH,"3,069",115,"3,184",28,4,,5,"12,353",402,"12,755",172,20,3,133,"5,763,241","212,476","5,975,717","76,557","25,279","10,167","2,453"
Locality: 570 COLONIAL HEIGHTS CITY,0005,005 - FIFTH,"2,607",41,"2,648",45,5,,5,"12,353",402,"12,755",172,20,3,133,"5,763,241","212,476","5,975,717","76,557","25,279","10,167","2,453"
Locality: 580 COVINGTON CITY,0101,101 - PRECINCT 1-1,648,17,665,2,,,5,"3,653",100,"3,753",16,1,4,133,"5,763,241","212,476","5,975,717","76,557","25,279","10,167","2,453"
Locality: 580 COVINGTON CITY,0201,201 - PRECINCT 2-1,735,21,756,1,,,5,"3,653",100,"3,753",16,1,4,133,"5,763,241","212,476","5,975,717","76,557","25,279","10,167","2,453"
Locality: 580 COVINGTON CITY,0301,301 - PRECINCT 3-1,669,30,699,7,,4,5,"3,653",100,"3,753",16,1,4,133,"5,763,241","212,476","5,975,717","76,557","25,279","10,167","2,453"
Locality: 580 COVINGTON CITY,0401,401 - PRECINCT 4-1,813,20,833,3,1,,5,"3,653",100,"3,753",16,1,4,133,"5,763,241","212,476","5,975,717","76,557","25,279","10,167","2,453"
Locality: 580 COVINGTON CITY,0501,501 - PRECINCT 5-1,788,12,800,3,,,5,"3,653",100,"3,753",16,1,4,133,"5,763,241","212,476","5,975,717","76,557","25,279","10,167","2,453"
Locality: 590 DANVILLE CITY,0001,001 - WARD ONE,881,37,918,1,,1,16,"27,487",910,"28,397",65,25,17,133,"5,763,241","212,476","5,975,717","76,557","25,279","10,167","2,453"
Locality: 590 DANVILLE CITY,0002,002 - WARD TWO,924,46,970,,3,1,16,"27,487",910,"28,397",65,25,17,133,"5,763,241","212,476","5,975,717","76,557","25,279","10,167","2,453"
Locality: 590 DANVILLE CITY,0003,003 - WARD THREE,"1,670",49,"1,719",10,5,4,16,"27,487",910,"28,397",65,25,17,133,"5,763,241","212,476","5,975,717","76,557","25,279","10,167","2,453"
Locality: 590 DANVILLE CITY,0004,004 - WARD FOUR,"3,165",103,"3,268",10,2,3,16,"27,487",910,"28,397",65,25,17,133,"5,763,241","212,476","5,975,717","76,557","25,279","10,167","2,453"
Locality: 590 DANVILLE CITY,0006,006 - WARD SIX,916,44,960,1,,,16,"27,487",910,"28,397",65,25,17,133,"5,763,241","212,476","5,975,717","76,557","25,279","10,167","2,453"
Locality: 590 DANVILLE CITY,0007,007 - WARD SEVEN,"1,703",74,"1,777",1,2,,16,"27,487",910,"28,397",65,25,17,133,"5,763,241","212,476","5,975,717","76,557","25,279","10,167","2,453"
Locality: 590 DANVILLE CITY,0008,008 - WARD EIGHT,"1,452",41,"1,493",3,2,,16,"27,487",910,"28,397",65,25,17,133,"5,763,241","212,476","5,975,717","76,557","25,279","10,167","2,453"
Locality: 590 DANVILLE CITY,0009,009 - WARD NINE,"1,307",37,"1,344",4,,,16,"27,487",910,"28,397",65,25,17,133,"5,763,241","212,476","5,975,717","76,557","25,279","10,167","2,453"
Locality: 590 DANVILLE CITY,0010,010 - WARD TEN,"1,779",54,"1,833",2,,2,16,"27,487",910,"28,397",65,25,17,133,"5,763,241","212,476","5,975,717","76,557","25,279","10,167","2,453"
Locality: 590 DANVILLE CITY,0011,011 - WARD ELEVEN,"2,469",71,"2,540",5,1,3,16,"27,487",910,"28,397",65,25,17,133,"5,763,241","212,476","5,975,717","76,557","25,279","10,167","2,453"
Locality: 590 DANVILLE CITY,0012,012 - WARD TWELVE,"2,389",57,"2,446",2,2,,16,"27,487",910,"28,397",65,25,17,133,"5,763,241","212,476","5,975,717","76,557","25,279","10,167","2,453"
Locality: 590 DANVILLE CITY,0013,013 - WARD THIRTEEN,"2,235",81,"2,316",11,6,2,16,"27,487",910,"28,397",65,25,17,133,"5,763,241","212,476","5,975,717","76,557","25,279","10,167","2,453"
Locality: 590 DANVILLE CITY,0014,014 - WARD FOURTEEN,382,22,404,1,,,16,"27,487",910,"28,397",65,25,17,133,"5,763,241","212,476","5,975,717","76,557","25,279","10,167","2,453"
Locality: 590 DANVILLE CITY,0015,015 - WARD FIFTEEN,"2,086",76,"2,162",6,1,,16,"27,487",910,"28,397",65,25,17,133,"5,763,241","212,476","5,975,717","76,557","25,279","10,167","2,453"
Locality: 590 DANVILLE CITY,0016,016 - WARD SIXTEEN,"2,233",72,"2,305",3,1,,16,"27,487",910,"28,397",65,25,17,133,"5,763,241","212,476","5,975,717","76,557","25,279","10,167","2,453"
Locality: 590 DANVILLE CITY,0017,017 - WARD SEVENTEEN,"1,896",46,"1,942",5,,1,16,"27,487",910,"28,397",65,25,17,133,"5,763,241","212,476","5,975,717","76,557","25,279","10,167","2,453"
Locality: 595 EMPORIA CITY,0101,101 - PRECINCT 1-1,599,27,626,3,1,,7,"3,715",158,"3,873",28,4,,133,"5,763,241","212,476","5,975,717","76,557","25,279","10,167","2,453"
Locality: 595 EMPORIA CITY,0201,201 - PRECINCT 2-1,424,13,437,6,,,7,"3,715",158,"3,873",28,4,,133,"5,763,241","212,476","5,975,717","76,557","25,279","10,167","2,453"
Locality: 595 EMPORIA CITY,0301,301 - PRECINCT 3-1,524,20,544,3,,,7,"3,715",158,"3,873",28,4,,133,"5,763,241","212,476","5,975,717","76,557","25,279","10,167","2,453"
Locality: 595 EMPORIA CITY,0401,401 - PRECINCT 4-1,704,23,727,1,,,7,"3,715",158,"3,873",28,4,,133,"5,763,241","212,476","5,975,717","76,557","25,279","10,167","2,453"
Locality: 595 EMPORIA CITY,0501,501 - PRECINCT 5-1,419,20,439,1,1,,7,"3,715",158,"3,873",28,4,,133,"5,763,241","212,476","5,975,717","76,557","25,279","10,167","2,453"
Locality: 595 EMPORIA CITY,0601,601 - DISTRICT 6,559,27,586,10,2,,7,"3,715",158,"3,873",28,4,,133,"5,763,241","212,476","5,975,717","76,557","25,279","10,167","2,453"
Locality: 595 EMPORIA CITY,0701,701 - DISTRICT 7,486,28,514,4,,,7,"3,715",158,"3,873",28,4,,133,"5,763,241","212,476","5,975,717","76,557","25,279","10,167","2,453"
Locality: 600 FAIRFAX CITY,0001,001 - ONE,"2,713",82,"2,795",15,31,14,6,"16,818",555,"17,373",115,174,80,133,"5,763,241","212,476","5,975,717","76,557","25,279","10,167","2,453"
Locality: 600 FAIRFAX CITY,0002,002 - TWO,"2,614",79,"2,693",13,27,7,6,"16,818",555,"17,373",115,174,80,133,"5,763,241","212,476","5,975,717","76,557","25,279","10,167","2,453"
Locality: 600 FAIRFAX CITY,0003,003 - THREE,"3,725",148,"3,873",27,41,28,6,"16,818",555,"17,373",115,174,80,133,"5,763,241","212,476","5,975,717","76,557","25,279","10,167","2,453"
Locality: 600 FAIRFAX CITY,0004,004 - FOUR,"2,780",74,"2,854",22,22,12,6,"16,818",555,"17,373",115,174,80,133,"5,763,241","212,476","5,975,717","76,557","25,279","10,167","2,453"
Locality: 600 FAIRFAX CITY,0005,005 - FIVE,"2,540",105,"2,645",16,33,11,6,"16,818",555,"17,373",115,174,80,133,"5,763,241","212,476","5,975,717","76,557","25,279","10,167","2,453"
Locality: 600 FAIRFAX CITY,0006,006 - SIX,"2,446",67,"2,513",22,20,8,6,"16,818",555,"17,373",115,174,80,133,"5,763,241","212,476","5,975,717","76,557","25,279","10,167","2,453"
Locality: 610 FALLS CHURCH CITY,0001,001 - FIRST WARD,"3,579",157,"3,736",38,135,14,3,"10,654",472,"11,126",91,432,62,133,"5,763,241","212,476","5,975,717","76,557","25,279","10,167","2,453"
Locality: 610 FALLS CHURCH CITY,0002,002 - SECOND WARD,"3,086",169,"3,255",26,160,23,3,"10,654",472,"11,126",91,432,62,133,"5,763,241","212,476","5,975,717","76,557","25,279","10,167","2,453"
Locality: 610 FALLS CHURCH CITY,0003,003 - THIRD WARD,"3,989",146,"4,135",27,137,25,3,"10,654",472,"11,126",91,432,62,133,"5,763,241","212,476","5,975,717","76,557","25,279","10,167","2,453"
Locality: 620 FRANKLIN CITY,0101,101 - PRECINCT 1-1,"1,112",36,"1,148",5,5,1,6,"5,541",181,"5,722",44,8,4,133,"5,763,241","212,476","5,975,717","76,557","25,279","10,167","2,453"
Locality: 620 FRANKLIN CITY,0201,201 - PRECINCT 2-1,"1,008",44,"1,052",13,2,,6,"5,541",181,"5,722",44,8,4,133,"5,763,241","212,476","5,975,717","76,557","25,279","10,167","2,453"
Locality: 620 FRANKLIN CITY,0301,301 - PRECINCT 3-1,860,22,882,6,1,1,6,"5,541",181,"5,722",44,8,4,133,"5,763,241","212,476","5,975,717","76,557","25,279","10,167","2,453"
Locality: 620 FRANKLIN CITY,0401,401 - PRECINCT 4-1,802,21,823,5,,2,6,"5,541",181,"5,722",44,8,4,133,"5,763,241","212,476","5,975,717","76,557","25,279","10,167","2,453"
Locality: 620 FRANKLIN CITY,0501,501 - PRECINCT 5-1,793,27,820,4,,,6,"5,541",181,"5,722",44,8,4,133,"5,763,241","212,476","5,975,717","76,557","25,279","10,167","2,453"
Locality: 620 FRANKLIN CITY,0601,601 - PRECINCT 6-1,966,31,997,11,,,6,"5,541",181,"5,722",44,8,4,133,"5,763,241","212,476","5,975,717","76,557","25,279","10,167","2,453"
Locality: 630 FREDERICKSBURG CITY,0101,101 - PRECINCT 1 - DISTRICT ONE,"5,146",228,"5,374",54,11,8,5,"17,508","1,041","18,549",173,49,24,133,"5,763,241","212,476","5,975,717","76,557","25,279","10,167","2,453"
Locality: 630 FREDERICKSBURG CITY,0201,201 - PRECINCT 1 - DISTRICT TWO,"3,827",148,"3,975",30,18,6,5,"17,508","1,041","18,549",173,49,24,133,"5,763,241","212,476","5,975,717","76,557","25,279","10,167","2,453"
Locality: 630 FREDERICKSBURG CITY,0301,301 - PRECINCT 1 - DISTRICT THREE,"3,897",378,"4,275",39,12,6,5,"17,508","1,041","18,549",173,49,24,133,"5,763,241","212,476","5,975,717","76,557","25,279","10,167","2,453"
Locality: 630 FREDERICKSBURG CITY,0401,401 - PRECINCT 1 - DISTRICT FOUR,"2,471",137,"2,608",16,5,3,5,"17,508","1,041","18,549",173,49,24,133,"5,763,241","212,476","5,975,717","76,557","25,279","10,167","2,453"
Locality: 630 FREDERICKSBURG CITY,0402,402 - PRECINCT 2 - DISTRICT FOUR,"2,167",150,"2,317",34,3,1,5,"17,508","1,041","18,549",173,49,24,133,"5,763,241","212,476","5,975,717","76,557","25,279","10,167","2,453"
Locality: 640 GALAX CITY,0001,001 - EAST,"1,751",59,"1,810",13,2,1,3,"3,756",123,"3,879",21,6,1,133,"5,763,241","212,476","5,975,717","76,557","25,279","10,167","2,453"
Locality: 640 GALAX CITY,0002,002 - NORTH,"1,114",35,"1,149",4,3,,3,"3,756",123,"3,879",21,6,1,133,"5,763,241","212,476","5,975,717","76,557","25,279","10,167","2,453"
Locality: 640 GALAX CITY,0003,003 - SOUTH,891,29,920,4,1,,3,"3,756",123,"3,879",21,6,1,133,"5,763,241","212,476","5,975,717","76,557","25,279","10,167","2,453"
Locality: 650 HAMPTON CITY,0101,101 - ABERDEEN,"2,846",104,"2,950",93,2,1,30,"94,632","4,752","99,384","2,987",143,125,133,"5,763,241","212,476","5,975,717","76,557","25,279","10,167","2,453"
Locality: 650 HAMPTON CITY,0102,102 - BASSETTE,"3,135",132,"3,267",79,3,,30,"94,632","4,752","99,384","2,987",143,125,133,"5,763,241","212,476","5,975,717","76,557","25,279","10,167","2,453"
Locality: 650 HAMPTON CITY,0103,103 - CITY HALL,"2,319",141,"2,460",65,2,4,30,"94,632","4,752","99,384","2,987",143,125,133,"5,763,241","212,476","5,975,717","76,557","25,279","10,167","2,453"
Locality: 650 HAMPTON CITY,0104,104 - COOPER,"5,365",438,"5,803",318,6,8,30,"94,632","4,752","99,384","2,987",143,125,133,"5,763,241","212,476","5,975,717","76,557","25,279","10,167","2,453"
Locality: 650 HAMPTON CITY,0105,105 - EAST HAMPTON,"4,196",809,"5,005",47,,2,30,"94,632","4,752","99,384","2,987",143,125,133,"5,763,241","212,476","5,975,717","76,557","25,279","10,167","2,453"
Locality: 650 HAMPTON CITY,0106,106 - ARMSTRONG,"3,164",129,"3,293",99,4,8,30,"94,632","4,752","99,384","2,987",143,125,133,"5,763,241","212,476","5,975,717","76,557","25,279","10,167","2,453"
Locality: 650 HAMPTON CITY,0107,107 - LINDSAY,"2,708",92,"2,800",81,1,4,30,"94,632","4,752","99,384","2,987",143,125,133,"5,763,241","212,476","5,975,717","76,557","25,279","10,167","2,453"
Locality: 650 HAMPTON CITY,0108,108 - THOMAS,"4,112",238,"4,350",105,3,4,30,"94,632","4,752","99,384","2,987",143,125,133,"5,763,241","212,476","5,975,717","76,557","25,279","10,167","2,453"
Locality: 650 HAMPTON CITY,0109,109 - PHENIX,"3,596",168,"3,764",78,7,2,30,"94,632","4,752","99,384","2,987",143,125,133,"5,763,241","212,476","5,975,717","76,557","25,279","10,167","2,453"
Locality: 650 HAMPTON CITY,0110,110 - PHOEBUS,902,35,937,26,2,1,30,"94,632","4,752","99,384","2,987",143,125,133,"5,763,241","212,476","5,975,717","76,557","25,279","10,167","2,453"
Locality: 650 HAMPTON CITY,0111,111 - HAMPTON LIBRARY,"1,273",75,"1,348",38,3,,30,"94,632","4,752","99,384","2,987",143,125,133,"5,763,241","212,476","5,975,717","76,557","25,279","10,167","2,453"
Locality: 650 HAMPTON CITY,0112,112 - SMITH,"4,215",183,"4,398",94,6,5,30,"94,632","4,752","99,384","2,987",143,125,133,"5,763,241","212,476","5,975,717","76,557","25,279","10,167","2,453"
Locality: 650 HAMPTON CITY,0115,115 - WYTHE,"1,766",62,"1,828",67,6,7,30,"94,632","4,752","99,384","2,987",143,125,133,"5,763,241","212,476","5,975,717","76,557","25,279","10,167","2,453"
Locality: 650 HAMPTON CITY,0116,116 - JONES,"1,557",64,"1,621",41,2,4,30,"94,632","4,752","99,384","2,987",143,125,133,"5,763,241","212,476","5,975,717","76,557","25,279","10,167","2,453"
Locality: 650 HAMPTON CITY,0117,117 - KECOUGHTAN,"2,798",136,"2,934",92,7,1,30,"94,632","4,752","99,384","2,987",143,125,133,"5,763,241","212,476","5,975,717","76,557","25,279","10,167","2,453"
Locality: 650 HAMPTON CITY,0118,118 - MALLORY,"3,569",97,"3,666",76,4,3,30,"94,632","4,752","99,384","2,987",143,125,133,"5,763,241","212,476","5,975,717","76,557","25,279","10,167","2,453"
Locality: 650 HAMPTON CITY,0201,201 - BOOKER,"3,383",124,"3,507",115,8,9,30,"94,632","4,752","99,384","2,987",143,125,133,"5,763,241","212,476","5,975,717","76,557","25,279","10,167","2,453"
Locality: 650 HAMPTON CITY,0202,202 - BRYAN,"3,543",144,"3,687",89,6,7,30,"94,632","4,752","99,384","2,987",143,125,133,"5,763,241","212,476","5,975,717","76,557","25,279","10,167","2,453"
Locality: 650 HAMPTON CITY,0203,203 - BURBANK,"2,753",176,"2,929",208,6,1,30,"94,632","4,752","99,384","2,987",143,125,133,"5,763,241","212,476","5,975,717","76,557","25,279","10,167","2,453"
Locality: 650 HAMPTON CITY,0204,204 - FORREST,"2,788",109,"2,897",81,4,3,30,"94,632","4,752","99,384","2,987",143,125,133,"5,763,241","212,476","5,975,717","76,557","25,279","10,167","2,453"
Locality: 650 HAMPTON CITY,0205,205 - ASBURY,"4,487",155,"4,642",148,20,8,30,"94,632","4,752","99,384","2,987",143,125,133,"5,763,241","212,476","5,975,717","76,557","25,279","10,167","2,453"
Locality: 650 HAMPTON CITY,0208,208 - KRAFT,"4,615",149,"4,764",132,6,6,30,"94,632","4,752","99,384","2,987",143,125,133,"5,763,241","212,476","5,975,717","76,557","25,279","10,167","2,453"
Locality: 650 HAMPTON CITY,0209,209 - LANGLEY,"3,239",127,"3,366",98,1,6,30,"94,632","4,752","99,384","2,987",143,125,133,"5,763,241","212,476","5,975,717","76,557","25,279","10,167","2,453"
Locality: 650 HAMPTON CITY,0210,210 - MACHEN,"5,059",211,"5,270",215,9,5,30,"94,632","4,752","99,384","2,987",143,125,133,"5,763,241","212,476","5,975,717","76,557","25,279","10,167","2,453"
Locality: 650 HAMPTON CITY,0212,212 - BETHEL,"4,355",131,"4,486",110,11,5,30,"94,632","4,752","99,384","2,987",143,125,133,"5,763,241","212,476","5,975,717","76,557","25,279","10,167","2,453"
Locality: 650 HAMPTON CITY,0213,213 - PHILLIPS,"4,169",131,"4,300",133,5,7,30,"94,632","4,752","99,384","2,987",143,125,133,"5,763,241","212,476","5,975,717","76,557","25,279","10,167","2,453"
Locality: 650 HAMPTON CITY,0214,214 - TUCKER CAPPS,"4,053",204,"4,257",137,1,6,30,"94,632","4,752","99,384","2,987",143,125,133,"5,763,241","212,476","5,975,717","76,557","25,279","10,167","2,453"
Locality: 650 HAMPTON CITY,0215,215 - TYLER,"1,126",84,"1,210",25,4,1,30,"94,632","4,752","99,384","2,987",143,125,133,"5,763,241","212,476","5,975,717","76,557","25,279","10,167","2,453"
Locality: 650 HAMPTON CITY,0216,216 - SANDY BOTTOM,"2,044",63,"2,107",54,2,7,30,"94,632","4,752","99,384","2,987",143,125,133,"5,763,241","212,476","5,975,717","76,557","25,279","10,167","2,453"
Locality: 650 HAMPTON CITY,0217,217 - SYMS,"1,497",41,"1,538",43,2,,30,"94,632","4,752","99,384","2,987",143,125,133,"5,763,241","212,476","5,975,717","76,557","25,279","10,167","2,453"
Locality: 660 HARRISONBURG CITY,0101,101 - NORTHEAST,"3,881",187,"4,068",14,6,15,8,"23,987","2,093","26,080",119,53,98,133,"5,763,241","212,476","5,975,717","76,557","25,279","10,167","2,453"
Locality: 660 HARRISONBURG CITY,0102,102 - EAST CENTRAL,"1,773",64,"1,837",8,1,8,8,"23,987","2,093","26,080",119,53,98,133,"5,763,241","212,476","5,975,717","76,557","25,279","10,167","2,453"
Locality: 660 HARRISONBURG CITY,0103,103 - SOUTHEAST,"3,735",215,"3,950",25,6,11,8,"23,987","2,093","26,080",119,53,98,133,"5,763,241","212,476","5,975,717","76,557","25,279","10,167","2,453"
Locality: 660 HARRISONBURG CITY,0104,104 - EAST,"3,697",186,"3,883",27,5,6,8,"23,987","2,093","26,080",119,53,98,133,"5,763,241","212,476","5,975,717","76,557","25,279","10,167","2,453"
Locality: 660 HARRISONBURG CITY,0201,201 - NORTHWEST,"3,450",99,"3,549",11,4,16,8,"23,987","2,093","26,080",119,53,98,133,"5,763,241","212,476","5,975,717","76,557","25,279","10,167","2,453"
Locality: 660 HARRISONBURG CITY,0202,202 - SOUTHWEST,"3,505",107,"3,612",14,9,14,8,"23,987","2,093","26,080",119,53,98,133,"5,763,241","212,476","5,975,717","76,557","25,279","10,167","2,453"
Locality: 660 HARRISONBURG CITY,0203,203 -  WEST,"3,176",119,"3,295",16,19,26,8,"23,987","2,093","26,080",119,53,98,133,"5,763,241","212,476","5,975,717","76,557","25,279","10,167","2,453"
Locality: 660 HARRISONBURG CITY,105,105 - South East Central,770,"1,116","1,886",4,3,2,8,"23,987","2,093","26,080",119,53,98,133,"5,763,241","212,476","5,975,717","76,557","25,279","10,167","2,453"
Locality: 670 HOPEWELL CITY,0101,101 - WARD ONE,"1,934",82,"2,016",22,3,,7,"14,537",681,"15,218",205,16,4,133,"5,763,241","212,476","5,975,717","76,557","25,279","10,167","2,453"
Locality: 670 HOPEWELL CITY,0201,201 - WARD TWO,"1,724",130,"1,854",22,,,7,"14,537",681,"15,218",205,16,4,133,"5,763,241","212,476","5,975,717","76,557","25,279","10,167","2,453"
Locality: 670 HOPEWELL CITY,0301,301 - WARD THREE,"2,287",66,"2,353",23,3,,7,"14,537",681,"15,218",205,16,4,133,"5,763,241","212,476","5,975,717","76,557","25,279","10,167","2,453"
Locality: 670 HOPEWELL CITY,0401,401 - WARD FOUR,"2,894",93,"2,987",61,3,2,7,"14,537",681,"15,218",205,16,4,133,"5,763,241","212,476","5,975,717","76,557","25,279","10,167","2,453"
Locality: 670 HOPEWELL CITY,0501,501 - WARD FIVE,"1,930",76,"2,006",31,4,1,7,"14,537",681,"15,218",205,16,4,133,"5,763,241","212,476","5,975,717","76,557","25,279","10,167","2,453"
Locality: 670 HOPEWELL CITY,0601,601 - WARD SIX,"2,039",141,"2,180",19,2,1,7,"14,537",681,"15,218",205,16,4,133,"5,763,241","212,476","5,975,717","76,557","25,279","10,167","2,453"
Locality: 670 HOPEWELL CITY,0701,701 - WARD SEVEN,"1,729",93,"1,822",27,1,,7,"14,537",681,"15,218",205,16,4,133,"5,763,241","212,476","5,975,717","76,557","25,279","10,167","2,453"
Locality: 678 LEXINGTON CITY,0001,001 - LEXINGTON,"3,988",234,"4,222",34,23,22,1,"3,988",234,"4,222",34,23,22,133,"5,763,241","212,476","5,975,717","76,557","25,279","10,167","2,453"
Locality: 680 LYNCHBURG CITY,0101,101 - FIRST WARD FIRST PRECINCT,"4,474",322,"4,796",40,10,10,18,"52,700","2,971","55,671",343,140,82,133,"5,763,241","212,476","5,975,717","76,557","25,279","10,167","2,453"
Locality: 680 LYNCHBURG CITY,0102,102 - FIRST WARD SECOND PRECINCT,"3,840",97,"3,937",19,20,12,18,"52,700","2,971","55,671",343,140,82,133,"5,763,241","212,476","5,975,717","76,557","25,279","10,167","2,453"
Locality: 680 LYNCHBURG CITY,0103,103 - FIRST WARD THIRD PRECINCT,"2,556",62,"2,618",11,14,3,18,"52,700","2,971","55,671",343,140,82,133,"5,763,241","212,476","5,975,717","76,557","25,279","10,167","2,453"
Locality: 680 LYNCHBURG CITY,0104,104 - FIRST WARD FOURTH PRECINCT,"1,376",86,"1,462",6,6,4,18,"52,700","2,971","55,671",343,140,82,133,"5,763,241","212,476","5,975,717","76,557","25,279","10,167","2,453"
Locality: 680 LYNCHBURG CITY,0105,105 - FIRST WARD FIFTH PRECINCT,"1,669",43,"1,712",6,10,3,18,"52,700","2,971","55,671",343,140,82,133,"5,763,241","212,476","5,975,717","76,557","25,279","10,167","2,453"
Locality: 680 LYNCHBURG CITY,0201,201 - SECOND WARD FIRST PRECINCT,"4,645",188,"4,833",26,6,10,18,"52,700","2,971","55,671",343,140,82,133,"5,763,241","212,476","5,975,717","76,557","25,279","10,167","2,453"
Locality: 680 LYNCHBURG CITY,0202,202 - SECOND WARD SECOND PRECINCT,"3,794",188,"3,982",26,4,1,18,"52,700","2,971","55,671",343,140,82,133,"5,763,241","212,476","5,975,717","76,557","25,279","10,167","2,453"
Locality: 680 LYNCHBURG CITY,0203,203 - SECOND WARD THIRD PRECINCT,"1,303",62,"1,365",7,2,1,18,"52,700","2,971","55,671",343,140,82,133,"5,763,241","212,476","5,975,717","76,557","25,279","10,167","2,453"
Locality: 680 LYNCHBURG CITY,0204,204 - SECOND WARD FOURTH PRECINCT,"1,133",26,"1,159",6,2,2,18,"52,700","2,971","55,671",343,140,82,133,"5,763,241","212,476","5,975,717","76,557","25,279","10,167","2,453"
Locality: 680 LYNCHBURG CITY,0301,301 - THIRD WARD FIRST PRECINCT,"1,871",76,"1,947",11,3,2,18,"52,700","2,971","55,671",343,140,82,133,"5,763,241","212,476","5,975,717","76,557","25,279","10,167","2,453"
Locality: 680 LYNCHBURG CITY,0302,302 - THIRD WARD SECOND PRECINCT,"4,440",570,"5,010",17,3,2,18,"52,700","2,971","55,671",343,140,82,133,"5,763,241","212,476","5,975,717","76,557","25,279","10,167","2,453"
Locality: 680 LYNCHBURG CITY,0303,303 - THIRD WARD THIRD PRECINCT,"1,988",108,"2,096",8,6,2,18,"52,700","2,971","55,671",343,140,82,133,"5,763,241","212,476","5,975,717","76,557","25,279","10,167","2,453"
Locality: 680 LYNCHBURG CITY,0304,304 - THIRD WARD FOURTH PRECINCT,"1,881",81,"1,962",22,9,2,18,"52,700","2,971","55,671",343,140,82,133,"5,763,241","212,476","5,975,717","76,557","25,279","10,167","2,453"
Locality: 680 LYNCHBURG CITY,0305,305 - THIRD WARD FIFTH PRECINCT,"3,859",242,"4,101",33,10,7,18,"52,700","2,971","55,671",343,140,82,133,"5,763,241","212,476","5,975,717","76,557","25,279","10,167","2,453"
Locality: 680 LYNCHBURG CITY,0401,401 - FOURTH WARD FIRST PRECINCT,"4,844",306,"5,150",46,10,5,18,"52,700","2,971","55,671",343,140,82,133,"5,763,241","212,476","5,975,717","76,557","25,279","10,167","2,453"
Locality: 680 LYNCHBURG CITY,0402,402 - FOURTH WARD SECOND PRECINCT,"1,748",52,"1,800",9,3,3,18,"52,700","2,971","55,671",343,140,82,133,"5,763,241","212,476","5,975,717","76,557","25,279","10,167","2,453"
Locality: 680 LYNCHBURG CITY,0403,403 - FOURTH WARD THIRD PRECINCT,"3,739",350,"4,089",25,7,8,18,"52,700","2,971","55,671",343,140,82,133,"5,763,241","212,476","5,975,717","76,557","25,279","10,167","2,453"
Locality: 680 LYNCHBURG CITY,0404,404 - FOURTH WARD FOURTH PRECINCT,"3,540",112,"3,652",25,15,5,18,"52,700","2,971","55,671",343,140,82,133,"5,763,241","212,476","5,975,717","76,557","25,279","10,167","2,453"
Locality: 683 MANASSAS CITY,0001,001 - DEAN,"3,677",224,"3,901",30,13,4,6,"22,331","1,159","23,490",209,82,46,133,"5,763,241","212,476","5,975,717","76,557","25,279","10,167","2,453"
Locality: 683 MANASSAS CITY,0002,002 - WEEMS,"4,171",169,"4,340",32,13,12,6,"22,331","1,159","23,490",209,82,46,133,"5,763,241","212,476","5,975,717","76,557","25,279","10,167","2,453"
Locality: 683 MANASSAS CITY,0003,003 - METZ,"4,021",217,"4,238",41,17,2,6,"22,331","1,159","23,490",209,82,46,133,"5,763,241","212,476","5,975,717","76,557","25,279","10,167","2,453"
Locality: 683 MANASSAS CITY,0004,004 - HAYDON,"3,647",187,"3,834",34,17,15,6,"22,331","1,159","23,490",209,82,46,133,"5,763,241","212,476","5,975,717","76,557","25,279","10,167","2,453"
Locality: 683 MANASSAS CITY,0005,005 - BALDWIN,"3,744",251,"3,995",36,10,6,6,"22,331","1,159","23,490",209,82,46,133,"5,763,241","212,476","5,975,717","76,557","25,279","10,167","2,453"
Locality: 683 MANASSAS CITY,0006,006 - ROUND,"3,071",111,"3,182",36,12,7,6,"22,331","1,159","23,490",209,82,46,133,"5,763,241","212,476","5,975,717","76,557","25,279","10,167","2,453"
Locality: 685 MANASSAS PARK CITY,0001,001 - PRECINCT ONE,"3,151",153,"3,304",17,15,7,3,"8,400",368,"8,768",45,35,11,133,"5,763,241","212,476","5,975,717","76,557","25,279","10,167","2,453"
Locality: 685 MANASSAS PARK CITY,0002,002 - PRECINCT TWO,"2,583",88,"2,671",17,6,2,3,"8,400",368,"8,768",45,35,11,133,"5,763,241","212,476","5,975,717","76,557","25,279","10,167","2,453"
Locality: 685 MANASSAS PARK CITY,0003,003 - PRECINCT THREE,"2,666",127,"2,793",11,14,2,3,"8,400",368,"8,768",45,35,11,133,"5,763,241","212,476","5,975,717","76,557","25,279","10,167","2,453"
Locality: 690 MARTINSVILLE CITY,0001,001 - PRECINCT #1,867,31,898,4,,,6,"8,592",288,"8,880",34,10,5,133,"5,763,241","212,476","5,975,717","76,557","25,279","10,167","2,453"
Locality: 690 MARTINSVILLE CITY,0002,002 - PRECINCT #2,"1,876",71,"1,947",8,3,2,6,"8,592",288,"8,880",34,10,5,133,"5,763,241","212,476","5,975,717","76,557","25,279","10,167","2,453"
Locality: 690 MARTINSVILLE CITY,0003,003 - PRECINCT #3,"1,275",56,"1,331",4,1,,6,"8,592",288,"8,880",34,10,5,133,"5,763,241","212,476","5,975,717","76,557","25,279","10,167","2,453"
Locality: 690 MARTINSVILLE CITY,0004,004 - PRECINCT #4,"1,964",61,"2,025",8,,,6,"8,592",288,"8,880",34,10,5,133,"5,763,241","212,476","5,975,717","76,557","25,279","10,167","2,453"
Locality: 690 MARTINSVILLE CITY,0005,005 - PRECINCT #5,"2,185",56,"2,241",10,6,3,6,"8,592",288,"8,880",34,10,5,133,"5,763,241","212,476","5,975,717","76,557","25,279","10,167","2,453"
Locality: 690 MARTINSVILLE CITY,0006,006 - PRECINCT #6,425,13,438,,,,6,"8,592",288,"8,880",34,10,5,133,"5,763,241","212,476","5,975,717","76,557","25,279","10,167","2,453"
Locality: 700 NEWPORT NEWS CITY,0101,101 - DENBIGH,"4,316",461,"4,777",95,8,5,45,"115,714","7,516","123,230","3,165",243,133,133,"5,763,241","212,476","5,975,717","76,557","25,279","10,167","2,453"
Locality: 700 NEWPORT NEWS CITY,0102,102 - EPES,"4,644",527,"5,171",102,7,5,45,"115,714","7,516","123,230","3,165",243,133,133,"5,763,241","212,476","5,975,717","76,557","25,279","10,167","2,453"
Locality: 700 NEWPORT NEWS CITY,0103,103 - JENKINS,"4,198",470,"4,668",95,2,7,45,"115,714","7,516","123,230","3,165",243,133,133,"5,763,241","212,476","5,975,717","76,557","25,279","10,167","2,453"
Locality: 700 NEWPORT NEWS CITY,0104,104 - MCINTOSH,"2,882",314,"3,196",93,11,1,45,"115,714","7,516","123,230","3,165",243,133,133,"5,763,241","212,476","5,975,717","76,557","25,279","10,167","2,453"
Locality: 700 NEWPORT NEWS CITY,0105,105 - OYSTER POINT,"1,016",70,"1,086",23,4,2,45,"115,714","7,516","123,230","3,165",243,133,133,"5,763,241","212,476","5,975,717","76,557","25,279","10,167","2,453"
Locality: 700 NEWPORT NEWS CITY,0106,106 - RESERVOIR,"5,133",466,"5,599",184,15,4,45,"115,714","7,516","123,230","3,165",243,133,133,"5,763,241","212,476","5,975,717","76,557","25,279","10,167","2,453"
Locality: 700 NEWPORT NEWS CITY,0107,107 - RICHNECK,"4,165",160,"4,325",132,13,4,45,"115,714","7,516","123,230","3,165",243,133,133,"5,763,241","212,476","5,975,717","76,557","25,279","10,167","2,453"
Locality: 700 NEWPORT NEWS CITY,0108,108 - LEE HALL,"3,756",423,"4,179",484,15,6,45,"115,714","7,516","123,230","3,165",243,133,133,"5,763,241","212,476","5,975,717","76,557","25,279","10,167","2,453"
Locality: 700 NEWPORT NEWS CITY,0109,109 - WINDSOR,"2,238",209,"2,447",71,2,5,45,"115,714","7,516","123,230","3,165",243,133,133,"5,763,241","212,476","5,975,717","76,557","25,279","10,167","2,453"
Locality: 700 NEWPORT NEWS CITY,0110,110 - GREENWOOD,"3,991",221,"4,212",205,8,1,45,"115,714","7,516","123,230","3,165",243,133,133,"5,763,241","212,476","5,975,717","76,557","25,279","10,167","2,453"
Locality: 700 NEWPORT NEWS CITY,0201,201 - BLAND,967,163,"1,130",52,2,1,45,"115,714","7,516","123,230","3,165",243,133,133,"5,763,241","212,476","5,975,717","76,557","25,279","10,167","2,453"
Locality: 700 NEWPORT NEWS CITY,0202,202 - BOULEVARD,"2,730",197,"2,927",39,8,5,45,"115,714","7,516","123,230","3,165",243,133,133,"5,763,241","212,476","5,975,717","76,557","25,279","10,167","2,453"
Locality: 700 NEWPORT NEWS CITY,0203,203 - CHARLES,"4,179",115,"4,294",113,9,10,45,"115,714","7,516","123,230","3,165",243,133,133,"5,763,241","212,476","5,975,717","76,557","25,279","10,167","2,453"
Locality: 700 NEWPORT NEWS CITY,0204,204 - WELLESLEY,"2,021",138,"2,159",33,3,4,45,"115,714","7,516","123,230","3,165",243,133,133,"5,763,241","212,476","5,975,717","76,557","25,279","10,167","2,453"
Locality: 700 NEWPORT NEWS CITY,0205,205 - DEEP CREEK,"3,066",78,"3,144",59,5,2,45,"115,714","7,516","123,230","3,165",243,133,133,"5,763,241","212,476","5,975,717","76,557","25,279","10,167","2,453"
Locality: 700 NEWPORT NEWS CITY,0208,208 - HIDENWOOD,"1,739",42,"1,781",21,9,5,45,"115,714","7,516","123,230","3,165",243,133,133,"5,763,241","212,476","5,975,717","76,557","25,279","10,167","2,453"
Locality: 700 NEWPORT NEWS CITY,0209,209 - HILTON,"2,400",97,"2,497",52,7,7,45,"115,714","7,516","123,230","3,165",243,133,133,"5,763,241","212,476","5,975,717","76,557","25,279","10,167","2,453"
Locality: 700 NEWPORT NEWS CITY,0210,210 - NELSON,"4,214",131,"4,345",129,9,3,45,"115,714","7,516","123,230","3,165",243,133,133,"5,763,241","212,476","5,975,717","76,557","25,279","10,167","2,453"
Locality: 700 NEWPORT NEWS CITY,0211,211 - PALMER,"3,744",295,"4,039",127,8,3,45,"115,714","7,516","123,230","3,165",243,133,133,"5,763,241","212,476","5,975,717","76,557","25,279","10,167","2,453"
Locality: 700 NEWPORT NEWS CITY,0212,212 - RIVERSIDE,"1,498",38,"1,536",18,11,2,45,"115,714","7,516","123,230","3,165",243,133,133,"5,763,241","212,476","5,975,717","76,557","25,279","10,167","2,453"
Locality: 700 NEWPORT NEWS CITY,0213,213 - SANFORD,"1,300",36,"1,336",40,1,,45,"115,714","7,516","123,230","3,165",243,133,133,"5,763,241","212,476","5,975,717","76,557","25,279","10,167","2,453"
Locality: 700 NEWPORT NEWS CITY,0215,215 - WARWICK,"1,793",107,"1,900",33,3,3,45,"115,714","7,516","123,230","3,165",243,133,133,"5,763,241","212,476","5,975,717","76,557","25,279","10,167","2,453"
Locality: 700 NEWPORT NEWS CITY,0216,216 - YATES,"1,776",59,"1,835",35,7,5,45,"115,714","7,516","123,230","3,165",243,133,133,"5,763,241","212,476","5,975,717","76,557","25,279","10,167","2,453"
Locality: 700 NEWPORT NEWS CITY,0217,217 - RIVERVIEW,"2,562",50,"2,612",51,10,7,45,"115,714","7,516","123,230","3,165",243,133,133,"5,763,241","212,476","5,975,717","76,557","25,279","10,167","2,453"
Locality: 700 NEWPORT NEWS CITY,0218,218 - KILN CREEK,"4,684",233,"4,917",158,19,2,45,"115,714","7,516","123,230","3,165",243,133,133,"5,763,241","212,476","5,975,717","76,557","25,279","10,167","2,453"
Locality: 700 NEWPORT NEWS CITY,0219,219 - DEER PARK,"4,451",401,"4,852",119,6,4,45,"115,714","7,516","123,230","3,165",243,133,133,"5,763,241","212,476","5,975,717","76,557","25,279","10,167","2,453"
Locality: 700 NEWPORT NEWS CITY,0302,302 - BRIARFIELD,"2,919",144,"3,063",50,2,,45,"115,714","7,516","123,230","3,165",243,133,133,"5,763,241","212,476","5,975,717","76,557","25,279","10,167","2,453"
Locality: 700 NEWPORT NEWS CITY,0303,303 - CARVER,"1,847",89,"1,936",24,,,45,"115,714","7,516","123,230","3,165",243,133,133,"5,763,241","212,476","5,975,717","76,557","25,279","10,167","2,453"
Locality: 700 NEWPORT NEWS CITY,0304,304 - CHESTNUT,"1,239",55,"1,294",22,,1,45,"115,714","7,516","123,230","3,165",243,133,133,"5,763,241","212,476","5,975,717","76,557","25,279","10,167","2,453"
Locality: 700 NEWPORT NEWS CITY,0305,305 - DOWNTOWN,"1,080",131,"1,211",44,2,1,45,"115,714","7,516","123,230","3,165",243,133,133,"5,763,241","212,476","5,975,717","76,557","25,279","10,167","2,453"
Locality: 700 NEWPORT NEWS CITY,0306,306 - DUNBAR,587,41,628,1,,,45,"115,714","7,516","123,230","3,165",243,133,133,"5,763,241","212,476","5,975,717","76,557","25,279","10,167","2,453"
Locality: 700 NEWPORT NEWS CITY,0307,307 - HUNTINGTON,"1,109",49,"1,158",7,1,1,45,"115,714","7,516","123,230","3,165",243,133,133,"5,763,241","212,476","5,975,717","76,557","25,279","10,167","2,453"
Locality: 700 NEWPORT NEWS CITY,0308,308 - JEFFERSON,"1,173",96,"1,269",12,,1,45,"115,714","7,516","123,230","3,165",243,133,133,"5,763,241","212,476","5,975,717","76,557","25,279","10,167","2,453"
Locality: 700 NEWPORT NEWS CITY,0309,309 - MAGRUDER,"1,202",62,"1,264",16,,2,45,"115,714","7,516","123,230","3,165",243,133,133,"5,763,241","212,476","5,975,717","76,557","25,279","10,167","2,453"
Locality: 700 NEWPORT NEWS CITY,0310,310 - MARSHALL,"1,627",72,"1,699",17,1,3,45,"115,714","7,516","123,230","3,165",243,133,133,"5,763,241","212,476","5,975,717","76,557","25,279","10,167","2,453"
Locality: 700 NEWPORT NEWS CITY,0311,311 - NEWMARKET,"3,094",111,"3,205",27,2,4,45,"115,714","7,516","123,230","3,165",243,133,133,"5,763,241","212,476","5,975,717","76,557","25,279","10,167","2,453"
Locality: 700 NEWPORT NEWS CITY,0312,312 - NEWSOME PARK,632,43,675,4,,,45,"115,714","7,516","123,230","3,165",243,133,133,"5,763,241","212,476","5,975,717","76,557","25,279","10,167","2,453"
Locality: 700 NEWPORT NEWS CITY,0313,313 - REED,"2,224",84,"2,308",17,1,2,45,"115,714","7,516","123,230","3,165",243,133,133,"5,763,241","212,476","5,975,717","76,557","25,279","10,167","2,453"
Locality: 700 NEWPORT NEWS CITY,0314,314 - RIVER,"1,594",160,"1,754",19,,2,45,"115,714","7,516","123,230","3,165",243,133,133,"5,763,241","212,476","5,975,717","76,557","25,279","10,167","2,453"
Locality: 700 NEWPORT NEWS CITY,0315,315 - SEDGEFIELD,"2,105",98,"2,203",29,2,1,45,"115,714","7,516","123,230","3,165",243,133,133,"5,763,241","212,476","5,975,717","76,557","25,279","10,167","2,453"
Locality: 700 NEWPORT NEWS CITY,0316,316 - SOUTH MORRISON,"2,860",144,"3,004",74,5,4,45,"115,714","7,516","123,230","3,165",243,133,133,"5,763,241","212,476","5,975,717","76,557","25,279","10,167","2,453"
Locality: 700 NEWPORT NEWS CITY,0317,317 - WASHINGTON,672,54,726,5,,,45,"115,714","7,516","123,230","3,165",243,133,133,"5,763,241","212,476","5,975,717","76,557","25,279","10,167","2,453"
Locality: 700 NEWPORT NEWS CITY,0318,318 - WILSON,"1,293",70,"1,363",13,2,2,45,"115,714","7,516","123,230","3,165",243,133,133,"5,763,241","212,476","5,975,717","76,557","25,279","10,167","2,453"
Locality: 700 NEWPORT NEWS CITY,0319,319 - SAUNDERS,"4,054",216,"4,270",79,8,5,45,"115,714","7,516","123,230","3,165",243,133,133,"5,763,241","212,476","5,975,717","76,557","25,279","10,167","2,453"
Locality: 700 NEWPORT NEWS CITY,0320,320 - WATKINS,"4,940",296,"5,236",142,15,1,45,"115,714","7,516","123,230","3,165",243,133,133,"5,763,241","212,476","5,975,717","76,557","25,279","10,167","2,453"
Locality: 710 NORFOLK CITY,0101,101 - GRANBY,"3,787",406,"4,193",27,4,14,48,"127,922","8,673","136,595",758,155,277,133,"5,763,241","212,476","5,975,717","76,557","25,279","10,167","2,453"
Locality: 710 NORFOLK CITY,0102,102 - OCEAN VIEW SCHOOL,"1,884",215,"2,099",6,3,4,48,"127,922","8,673","136,595",758,155,277,133,"5,763,241","212,476","5,975,717","76,557","25,279","10,167","2,453"
Locality: 710 NORFOLK CITY,0103,103 - NORTHSIDE,"2,282",117,"2,399",23,4,,48,"127,922","8,673","136,595",758,155,277,133,"5,763,241","212,476","5,975,717","76,557","25,279","10,167","2,453"
Locality: 710 NORFOLK CITY,0104,104 - TITUSTOWN ,"1,805",301,"2,106",44,,2,48,"127,922","8,673","136,595",758,155,277,133,"5,763,241","212,476","5,975,717","76,557","25,279","10,167","2,453"
Locality: 710 NORFOLK CITY,0106,106 - SECOND PRESBYTERIAN,"3,259",412,"3,671",31,5,15,48,"127,922","8,673","136,595",758,155,277,133,"5,763,241","212,476","5,975,717","76,557","25,279","10,167","2,453"
Locality: 710 NORFOLK CITY,0201,201 - LARCHMONT SCHOOL,"2,934",547,"3,481",22,4,20,48,"127,922","8,673","136,595",758,155,277,133,"5,763,241","212,476","5,975,717","76,557","25,279","10,167","2,453"
Locality: 710 NORFOLK CITY,0203,203 - GHENT SQUARE,"1,428",75,"1,503",5,4,16,48,"127,922","8,673","136,595",758,155,277,133,"5,763,241","212,476","5,975,717","76,557","25,279","10,167","2,453"
Locality: 710 NORFOLK CITY,0207,207 - LAMBERT'S POINT,"3,490",253,"3,743",5,6,5,48,"127,922","8,673","136,595",758,155,277,133,"5,763,241","212,476","5,975,717","76,557","25,279","10,167","2,453"
Locality: 710 NORFOLK CITY,0208,208 - LARCHMONT LIBRARY,"1,748",57,"1,805",25,11,4,48,"127,922","8,673","136,595",758,155,277,133,"5,763,241","212,476","5,975,717","76,557","25,279","10,167","2,453"
Locality: 710 NORFOLK CITY,0210,210 - MAURY,"2,694",145,"2,839",31,15,20,48,"127,922","8,673","136,595",758,155,277,133,"5,763,241","212,476","5,975,717","76,557","25,279","10,167","2,453"
Locality: 710 NORFOLK CITY,0211,211 - CHRYSLER MUSEUM,"3,701",329,"4,030",46,11,13,48,"127,922","8,673","136,595",758,155,277,133,"5,763,241","212,476","5,975,717","76,557","25,279","10,167","2,453"
Locality: 710 NORFOLK CITY,0212,212 - PARK PLACE,"2,197",111,"2,308",11,2,,48,"127,922","8,673","136,595",758,155,277,133,"5,763,241","212,476","5,975,717","76,557","25,279","10,167","2,453"
Locality: 710 NORFOLK CITY,0213,213 - TAYLOR ELEMENTARY SCHOOL,"2,951",222,"3,173",30,9,40,48,"127,922","8,673","136,595",758,155,277,133,"5,763,241","212,476","5,975,717","76,557","25,279","10,167","2,453"
Locality: 710 NORFOLK CITY,0214,214 - STUART,"2,955",111,"3,066",21,6,16,48,"127,922","8,673","136,595",758,155,277,133,"5,763,241","212,476","5,975,717","76,557","25,279","10,167","2,453"
Locality: 710 NORFOLK CITY,0215,215 - SUBURBAN PARK,"2,255",79,"2,334",16,1,8,48,"127,922","8,673","136,595",758,155,277,133,"5,763,241","212,476","5,975,717","76,557","25,279","10,167","2,453"
Locality: 710 NORFOLK CITY,0217,217 - WESLEY,"2,544",128,"2,672",25,1,3,48,"127,922","8,673","136,595",758,155,277,133,"5,763,241","212,476","5,975,717","76,557","25,279","10,167","2,453"
Locality: 710 NORFOLK CITY,0218,218 - WILLARD,"3,522",163,"3,685",17,7,15,48,"127,922","8,673","136,595",758,155,277,133,"5,763,241","212,476","5,975,717","76,557","25,279","10,167","2,453"
Locality: 710 NORFOLK CITY,0301,301 - BALLENTINE,"2,839",112,"2,951",15,2,1,48,"127,922","8,673","136,595",758,155,277,133,"5,763,241","212,476","5,975,717","76,557","25,279","10,167","2,453"
Locality: 710 NORFOLK CITY,0302,302 - TANNERS CREEK,"1,773",97,"1,870",10,,2,48,"127,922","8,673","136,595",758,155,277,133,"5,763,241","212,476","5,975,717","76,557","25,279","10,167","2,453"
Locality: 710 NORFOLK CITY,0303,303 - BROAD CREEK,"3,061",229,"3,290",10,3,1,48,"127,922","8,673","136,595",758,155,277,133,"5,763,241","212,476","5,975,717","76,557","25,279","10,167","2,453"
Locality: 710 NORFOLK CITY,0304,304 - COLEMAN PLACE SCHOOL,"1,560",83,"1,643",6,,,48,"127,922","8,673","136,595",758,155,277,133,"5,763,241","212,476","5,975,717","76,557","25,279","10,167","2,453"
Locality: 710 NORFOLK CITY,0305,305 - LAFAYETTE-WINONA,"2,124",111,"2,235",10,1,3,48,"127,922","8,673","136,595",758,155,277,133,"5,763,241","212,476","5,975,717","76,557","25,279","10,167","2,453"
Locality: 710 NORFOLK CITY,0306,306 - LINDENWOOD,"1,773",80,"1,853",3,,1,48,"127,922","8,673","136,595",758,155,277,133,"5,763,241","212,476","5,975,717","76,557","25,279","10,167","2,453"
Locality: 710 NORFOLK CITY,0309,309 - NORVIEW,"4,530",325,"4,855",23,,4,48,"127,922","8,673","136,595",758,155,277,133,"5,763,241","212,476","5,975,717","76,557","25,279","10,167","2,453"
Locality: 710 NORFOLK CITY,0310,310 - ROSEMONT,"3,777",369,"4,146",10,,4,48,"127,922","8,673","136,595",758,155,277,133,"5,763,241","212,476","5,975,717","76,557","25,279","10,167","2,453"
Locality: 710 NORFOLK CITY,0311,311 - SHERWOOD,"4,471",192,"4,663",23,3,6,48,"127,922","8,673","136,595",758,155,277,133,"5,763,241","212,476","5,975,717","76,557","25,279","10,167","2,453"
Locality: 710 NORFOLK CITY,0313,313 - UNION CHAPEL,"1,410",65,"1,475",3,,,48,"127,922","8,673","136,595",758,155,277,133,"5,763,241","212,476","5,975,717","76,557","25,279","10,167","2,453"
Locality: 710 NORFOLK CITY,0402,402 - BERKLEY,"2,040",59,"2,099",5,1,2,48,"127,922","8,673","136,595",758,155,277,133,"5,763,241","212,476","5,975,717","76,557","25,279","10,167","2,453"
Locality: 710 NORFOLK CITY,0404,404 - CAMPOSTELLA,"2,183",160,"2,343",8,,1,48,"127,922","8,673","136,595",758,155,277,133,"5,763,241","212,476","5,975,717","76,557","25,279","10,167","2,453"
Locality: 710 NORFOLK CITY,0405,405 - CHESTERFIELD,"2,924",417,"3,341",8,2,1,48,"127,922","8,673","136,595",758,155,277,133,"5,763,241","212,476","5,975,717","76,557","25,279","10,167","2,453"
Locality: 710 NORFOLK CITY,0406,406 - BARRON BLACK,"1,832",101,"1,933",9,1,2,48,"127,922","8,673","136,595",758,155,277,133,"5,763,241","212,476","5,975,717","76,557","25,279","10,167","2,453"
Locality: 710 NORFOLK CITY,0408,408 - EASTON,"2,732",101,"2,833",9,3,1,48,"127,922","8,673","136,595",758,155,277,133,"5,763,241","212,476","5,975,717","76,557","25,279","10,167","2,453"
Locality: 710 NORFOLK CITY,0409,409 - FAIRLAWN,"1,983",85,"2,068",10,4,,48,"127,922","8,673","136,595",758,155,277,133,"5,763,241","212,476","5,975,717","76,557","25,279","10,167","2,453"
Locality: 710 NORFOLK CITY,0411,411 - RUFFNER ACADEMY,"1,939",147,"2,086",2,,,48,"127,922","8,673","136,595",758,155,277,133,"5,763,241","212,476","5,975,717","76,557","25,279","10,167","2,453"
Locality: 710 NORFOLK CITY,0412,412 - INGLESIDE,"2,224",93,"2,317",10,4,2,48,"127,922","8,673","136,595",758,155,277,133,"5,763,241","212,476","5,975,717","76,557","25,279","10,167","2,453"
Locality: 710 NORFOLK CITY,0413,413 - POPLAR HALLS,"3,574",174,"3,748",16,4,3,48,"127,922","8,673","136,595",758,155,277,133,"5,763,241","212,476","5,975,717","76,557","25,279","10,167","2,453"
Locality: 710 NORFOLK CITY,0414,414 - YOUNG PARK,"2,884",124,"3,008",7,2,1,48,"127,922","8,673","136,595",758,155,277,133,"5,763,241","212,476","5,975,717","76,557","25,279","10,167","2,453"
Locality: 710 NORFOLK CITY,0415,415 - LAKE TAYLOR HIGH SCHOOL,"2,531",105,"2,636",13,,2,48,"127,922","8,673","136,595",758,155,277,133,"5,763,241","212,476","5,975,717","76,557","25,279","10,167","2,453"
Locality: 710 NORFOLK CITY,0501,501 - BAYVIEW,"3,145",213,"3,358",19,6,4,48,"127,922","8,673","136,595",758,155,277,133,"5,763,241","212,476","5,975,717","76,557","25,279","10,167","2,453"
Locality: 710 NORFOLK CITY,0503,503 - EAST OCEAN VIEW,"3,582",399,"3,981",23,4,9,48,"127,922","8,673","136,595",758,155,277,133,"5,763,241","212,476","5,975,717","76,557","25,279","10,167","2,453"
Locality: 710 NORFOLK CITY,0504,504 - LARRYMORE,"2,313",164,"2,477",14,2,6,48,"127,922","8,673","136,595",758,155,277,133,"5,763,241","212,476","5,975,717","76,557","25,279","10,167","2,453"
Locality: 710 NORFOLK CITY,0505,505 - LITTLE CREEK,"1,986",98,"2,084",11,,2,48,"127,922","8,673","136,595",758,155,277,133,"5,763,241","212,476","5,975,717","76,557","25,279","10,167","2,453"
Locality: 710 NORFOLK CITY,0506,506 - OCEAN VIEW CENTER,"3,828",208,"4,036",20,8,3,48,"127,922","8,673","136,595",758,155,277,133,"5,763,241","212,476","5,975,717","76,557","25,279","10,167","2,453"
Locality: 710 NORFOLK CITY,0507,507 - PRETLOW,"3,091",170,"3,261",21,2,5,48,"127,922","8,673","136,595",758,155,277,133,"5,763,241","212,476","5,975,717","76,557","25,279","10,167","2,453"
Locality: 710 NORFOLK CITY,0509,509 - TARRALLTON,"2,839",145,"2,984",18,2,5,48,"127,922","8,673","136,595",758,155,277,133,"5,763,241","212,476","5,975,717","76,557","25,279","10,167","2,453"
Locality: 710 NORFOLK CITY,0510,510 - THIRD PRESBYTERIAN,"2,959",136,"3,095",14,4,6,48,"127,922","8,673","136,595",758,155,277,133,"5,763,241","212,476","5,975,717","76,557","25,279","10,167","2,453"
Locality: 710 NORFOLK CITY,0511,511 - CROSSROADS,"2,984",109,"3,093",16,3,3,48,"127,922","8,673","136,595",758,155,277,133,"5,763,241","212,476","5,975,717","76,557","25,279","10,167","2,453"
Locality: 710 NORFOLK CITY,0512,512 - AZALEA GARDENS,"1,595",131,"1,726",7,1,2,48,"127,922","8,673","136,595",758,155,277,133,"5,763,241","212,476","5,975,717","76,557","25,279","10,167","2,453"
Locality: 720 NORTON CITY,0001,001 - EAST WARD,"2,397",76,"2,473",10,,,1,"2,397",76,"2,473",10,,,133,"5,763,241","212,476","5,975,717","76,557","25,279","10,167","2,453"
Locality: 730 PETERSBURG CITY,0101,101 - FIRST WARD FIRST PRECINCT,"2,740",147,"2,887",53,2,1,7,"22,058",890,"22,948",318,51,11,133,"5,763,241","212,476","5,975,717","76,557","25,279","10,167","2,453"
Locality: 730 PETERSBURG CITY,0201,201 - SECOND WARD FIRST PRECINCT,"3,721",124,"3,845",65,7,2,7,"22,058",890,"22,948",318,51,11,133,"5,763,241","212,476","5,975,717","76,557","25,279","10,167","2,453"
Locality: 730 PETERSBURG CITY,0301,301 - THIRD WARD FIRST PRECINCT,"3,571",106,"3,677",53,22,4,7,"22,058",890,"22,948",318,51,11,133,"5,763,241","212,476","5,975,717","76,557","25,279","10,167","2,453"
Locality: 730 PETERSBURG CITY,0401,401 - FOURTH WARD FIRST PRECINCT,"3,152",182,"3,334",46,8,1,7,"22,058",890,"22,948",318,51,11,133,"5,763,241","212,476","5,975,717","76,557","25,279","10,167","2,453"
Locality: 730 PETERSBURG CITY,0501,501 - FIFTH WARD FIRST PRECINCT,"3,112",170,"3,282",35,5,3,7,"22,058",890,"22,948",318,51,11,133,"5,763,241","212,476","5,975,717","76,557","25,279","10,167","2,453"
Locality: 730 PETERSBURG CITY,0601,601 - SIXTH WARD FIRST PRECINCT,"2,752",100,"2,852",27,4,,7,"22,058",890,"22,948",318,51,11,133,"5,763,241","212,476","5,975,717","76,557","25,279","10,167","2,453"
Locality: 730 PETERSBURG CITY,0701,701 - SEVENTH WARD FIRST PRECINCT,"3,010",61,"3,071",39,3,,7,"22,058",890,"22,948",318,51,11,133,"5,763,241","212,476","5,975,717","76,557","25,279","10,167","2,453"
Locality: 735 POQUOSON CITY,0001,001 - CENTRAL,"3,014",84,"3,098",61,9,5,3,"9,272",205,"9,477",231,19,15,133,"5,763,241","212,476","5,975,717","76,557","25,279","10,167","2,453"
Locality: 735 POQUOSON CITY,0002,002 - EASTERN,"3,167",67,"3,234",110,5,4,3,"9,272",205,"9,477",231,19,15,133,"5,763,241","212,476","5,975,717","76,557","25,279","10,167","2,453"
Locality: 735 POQUOSON CITY,0003,003 - WESTERN,"3,091",54,"3,145",60,5,6,3,"9,272",205,"9,477",231,19,15,133,"5,763,241","212,476","5,975,717","76,557","25,279","10,167","2,453"
Locality: 740 PORTSMOUTH CITY,0001,001 - EMANUEL A. M. E. CHURCH ,"2,623",125,"2,748",146,6,10,31,"64,011","2,357","66,368","1,613",85,58,133,"5,763,241","212,476","5,975,717","76,557","25,279","10,167","2,453"
Locality: 740 PORTSMOUTH CITY,0005,005 - HAMPTON ROADS COMMUNITY HEALTH CENTER,"1,639",64,"1,703",20,,1,31,"64,011","2,357","66,368","1,613",85,58,133,"5,763,241","212,476","5,975,717","76,557","25,279","10,167","2,453"
Locality: 740 PORTSMOUTH CITY,0007,007- PARK VIEW ELEMENTARY SCHOOL,"1,596",74,"1,670",91,5,,31,"64,011","2,357","66,368","1,613",85,58,133,"5,763,241","212,476","5,975,717","76,557","25,279","10,167","2,453"
Locality: 740 PORTSMOUTH CITY,0009,009 - THIRD BAPTIST CHURCH,"2,216",73,"2,289",32,,,31,"64,011","2,357","66,368","1,613",85,58,133,"5,763,241","212,476","5,975,717","76,557","25,279","10,167","2,453"
Locality: 740 PORTSMOUTH CITY,0010,010 - PORT NORFOLK RECREATION CENTER,"1,213",64,"1,277",35,2,,31,"64,011","2,357","66,368","1,613",85,58,133,"5,763,241","212,476","5,975,717","76,557","25,279","10,167","2,453"
Locality: 740 PORTSMOUTH CITY,0011,011 - JOSEPH E. PARKER RECREATION CENTER,"1,649",79,"1,728",17,,1,31,"64,011","2,357","66,368","1,613",85,58,133,"5,763,241","212,476","5,975,717","76,557","25,279","10,167","2,453"
Locality: 740 PORTSMOUTH CITY,0013,013 - ST. MARK MISSIONARY BAPTIST CHURCH,"1,362",59,"1,421",22,,1,31,"64,011","2,357","66,368","1,613",85,58,133,"5,763,241","212,476","5,975,717","76,557","25,279","10,167","2,453"
Locality: 740 PORTSMOUTH CITY,0014,014 - BRIGHTON ELEMENTARY SCHOOL,"2,032",76,"2,108",34,2,2,31,"64,011","2,357","66,368","1,613",85,58,133,"5,763,241","212,476","5,975,717","76,557","25,279","10,167","2,453"
Locality: 740 PORTSMOUTH CITY,0016,016 - CRADOCK MIDDLE SCHOOL,"2,097",117,"2,214",97,3,1,31,"64,011","2,357","66,368","1,613",85,58,133,"5,763,241","212,476","5,975,717","76,557","25,279","10,167","2,453"
Locality: 740 PORTSMOUTH CITY,0017,017 - VICTORY LIFE FELLOWSHIP,"2,564",106,"2,670",63,1,,31,"64,011","2,357","66,368","1,613",85,58,133,"5,763,241","212,476","5,975,717","76,557","25,279","10,167","2,453"
Locality: 740 PORTSMOUTH CITY,0019,019 - VICTORY ELEMENTARY SCHOOL,"1,222",52,"1,274",23,2,,31,"64,011","2,357","66,368","1,613",85,58,133,"5,763,241","212,476","5,975,717","76,557","25,279","10,167","2,453"
Locality: 740 PORTSMOUTH CITY,0020,020 - NOBLE STREET BAPTIST CHURCH,"1,935",61,"1,996",63,2,2,31,"64,011","2,357","66,368","1,613",85,58,133,"5,763,241","212,476","5,975,717","76,557","25,279","10,167","2,453"
Locality: 740 PORTSMOUTH CITY,0021,021 - JOHN F. KENNEDY COMMUNITY CENTER,"1,283",48,"1,331",16,,,31,"64,011","2,357","66,368","1,613",85,58,133,"5,763,241","212,476","5,975,717","76,557","25,279","10,167","2,453"
Locality: 740 PORTSMOUTH CITY,0022,022 - ST. MARK DELIVERANCE CENTER,"2,037",70,"2,107",43,,1,31,"64,011","2,357","66,368","1,613",85,58,133,"5,763,241","212,476","5,975,717","76,557","25,279","10,167","2,453"
Locality: 740 PORTSMOUTH CITY,0023,023 - WESTHAVEN BAPTIST CHURCH,"1,739",67,"1,806",40,,1,31,"64,011","2,357","66,368","1,613",85,58,133,"5,763,241","212,476","5,975,717","76,557","25,279","10,167","2,453"
Locality: 740 PORTSMOUTH CITY,0024,024 - THE SENIOR STATION,"1,577",62,"1,639",34,8,1,31,"64,011","2,357","66,368","1,613",85,58,133,"5,763,241","212,476","5,975,717","76,557","25,279","10,167","2,453"
Locality: 740 PORTSMOUTH CITY,0025,025 - JOHN TYLER ELEMENTARY SCHOOL ,"1,879",52,"1,931",49,3,2,31,"64,011","2,357","66,368","1,613",85,58,133,"5,763,241","212,476","5,975,717","76,557","25,279","10,167","2,453"
Locality: 740 PORTSMOUTH CITY,0026,026 - WILLIAM E. WATERS MIDDLE SCHOOL,"1,907",63,"1,970",28,,,31,"64,011","2,357","66,368","1,613",85,58,133,"5,763,241","212,476","5,975,717","76,557","25,279","10,167","2,453"
Locality: 740 PORTSMOUTH CITY,0027,027 - CAVALIER MANOR RECREATION CENTER,"1,916",54,"1,970",23,2,,31,"64,011","2,357","66,368","1,613",85,58,133,"5,763,241","212,476","5,975,717","76,557","25,279","10,167","2,453"
Locality: 740 PORTSMOUTH CITY,0028,028 - LAKEVIEW ELEMENTARY SCHOOL,"2,495",47,"2,542",24,1,2,31,"64,011","2,357","66,368","1,613",85,58,133,"5,763,241","212,476","5,975,717","76,557","25,279","10,167","2,453"
Locality: 740 PORTSMOUTH CITY,0029,029 - WOODROW WILSON HIGH SCHOOL,"1,271",34,"1,305",28,1,,31,"64,011","2,357","66,368","1,613",85,58,133,"5,763,241","212,476","5,975,717","76,557","25,279","10,167","2,453"
Locality: 740 PORTSMOUTH CITY,0030,030 - THE RESCUE CHURCH,"1,720",71,"1,791",41,,,31,"64,011","2,357","66,368","1,613",85,58,133,"5,763,241","212,476","5,975,717","76,557","25,279","10,167","2,453"
Locality: 740 PORTSMOUTH CITY,0031,031 - WEST PARK CHURCH OF CHRIST ,"2,966",118,"3,084",40,3,1,31,"64,011","2,357","66,368","1,613",85,58,133,"5,763,241","212,476","5,975,717","76,557","25,279","10,167","2,453"
Locality: 740 PORTSMOUTH CITY,0032,032 - HODGES MANOR ELEMENTARY SCHOOL ,"1,419",36,"1,455",30,2,1,31,"64,011","2,357","66,368","1,613",85,58,133,"5,763,241","212,476","5,975,717","76,557","25,279","10,167","2,453"
Locality: 740 PORTSMOUTH CITY,0033,033- PINECREST BAPTIST CHURCH,"1,221",37,"1,258",12,1,,31,"64,011","2,357","66,368","1,613",85,58,133,"5,763,241","212,476","5,975,717","76,557","25,279","10,167","2,453"
Locality: 740 PORTSMOUTH CITY,0034,034- CHURCHLAND BRANCH LIBRARY,"1,809",47,"1,856",44,6,10,31,"64,011","2,357","66,368","1,613",85,58,133,"5,763,241","212,476","5,975,717","76,557","25,279","10,167","2,453"
Locality: 740 PORTSMOUTH CITY,0035,035 - CHURCHLAND ELEMENTARY SCHOOL,"2,214",58,"2,272",63,5,1,31,"64,011","2,357","66,368","1,613",85,58,133,"5,763,241","212,476","5,975,717","76,557","25,279","10,167","2,453"
Locality: 740 PORTSMOUTH CITY,0036,036 - SCOTTISH RITE TEMPLE,"3,938",100,"4,038",120,14,5,31,"64,011","2,357","66,368","1,613",85,58,133,"5,763,241","212,476","5,975,717","76,557","25,279","10,167","2,453"
Locality: 740 PORTSMOUTH CITY,0037,037 - CHURCHLAND MIDDLE SCHOOL,"3,240",144,"3,384",105,3,8,31,"64,011","2,357","66,368","1,613",85,58,133,"5,763,241","212,476","5,975,717","76,557","25,279","10,167","2,453"
Locality: 740 PORTSMOUTH CITY,0038,038 - GROVE BAPTIST CHURCH,"3,770",187,"3,957",118,4,1,31,"64,011","2,357","66,368","1,613",85,58,133,"5,763,241","212,476","5,975,717","76,557","25,279","10,167","2,453"
Locality: 740 PORTSMOUTH CITY,0039,039 - CHURCHLAND PRIMARY AND INTERMEDIATE SCHOOL,"3,462",112,"3,574",112,9,6,31,"64,011","2,357","66,368","1,613",85,58,133,"5,763,241","212,476","5,975,717","76,557","25,279","10,167","2,453"
Locality: 750 RADFORD CITY,0001,001 - EAST PRECINCT,"2,263",190,"2,453",11,4,1,4,"8,889",824,"9,713",40,12,2,133,"5,763,241","212,476","5,975,717","76,557","25,279","10,167","2,453"
Locality: 750 RADFORD CITY,0002,002 - CENTRAL PRECINCT,"2,259",64,"2,323",12,5,1,4,"8,889",824,"9,713",40,12,2,133,"5,763,241","212,476","5,975,717","76,557","25,279","10,167","2,453"
Locality: 750 RADFORD CITY,0003,003 - WEST PRECINCT,"2,590",92,"2,682",8,2,,4,"8,889",824,"9,713",40,12,2,133,"5,763,241","212,476","5,975,717","76,557","25,279","10,167","2,453"
Locality: 750 RADFORD CITY,0004,004 - NEW RIVER PRECINCT,"1,777",478,"2,255",9,1,,4,"8,889",824,"9,713",40,12,2,133,"5,763,241","212,476","5,975,717","76,557","25,279","10,167","2,453"
Locality: 760 RICHMOND CITY,0101,101 - ONE HUNDRED ONE,"1,433",424,"1,857",3,8,14,69,"151,312","7,763","159,075",265,336,313,133,"5,763,241","212,476","5,975,717","76,557","25,279","10,167","2,453"
Locality: 760 RICHMOND CITY,0102,102 - ONE HUNDRED TWO,"1,299",34,"1,333",1,3,6,69,"151,312","7,763","159,075",265,336,313,133,"5,763,241","212,476","5,975,717","76,557","25,279","10,167","2,453"
Locality: 760 RICHMOND CITY,0104,104 - ONE HUNDRED FOUR,"2,054",37,"2,091",,4,10,69,"151,312","7,763","159,075",265,336,313,133,"5,763,241","212,476","5,975,717","76,557","25,279","10,167","2,453"
Locality: 760 RICHMOND CITY,0105,105 - ONE HUNDRED FIVE,"1,910",55,"1,965",3,4,7,69,"151,312","7,763","159,075",265,336,313,133,"5,763,241","212,476","5,975,717","76,557","25,279","10,167","2,453"
Locality: 760 RICHMOND CITY,0106,106 - ONE HUNDRED SIX,"2,138",36,"2,174",5,11,7,69,"151,312","7,763","159,075",265,336,313,133,"5,763,241","212,476","5,975,717","76,557","25,279","10,167","2,453"
Locality: 760 RICHMOND CITY,0111,111 - ONE HUNDRED ELEVEN,"1,784",37,"1,821",4,6,10,69,"151,312","7,763","159,075",265,336,313,133,"5,763,241","212,476","5,975,717","76,557","25,279","10,167","2,453"
Locality: 760 RICHMOND CITY,0112,112 - ONE HUNDRED TWELVE,"1,529",47,"1,576",1,7,9,69,"151,312","7,763","159,075",265,336,313,133,"5,763,241","212,476","5,975,717","76,557","25,279","10,167","2,453"
Locality: 760 RICHMOND CITY,0113,113 - ONE HUNDRED THIRTEEN,"2,432",103,"2,535",6,11,13,69,"151,312","7,763","159,075",265,336,313,133,"5,763,241","212,476","5,975,717","76,557","25,279","10,167","2,453"
Locality: 760 RICHMOND CITY,0114,114 - ONE HUNDRED FOURTEEN,"2,914",108,"3,022",5,14,19,69,"151,312","7,763","159,075",265,336,313,133,"5,763,241","212,476","5,975,717","76,557","25,279","10,167","2,453"
Locality: 760 RICHMOND CITY,0115,115 - ONE HUNDRED FIFTEEN,"1,560",44,"1,604",3,6,10,69,"151,312","7,763","159,075",265,336,313,133,"5,763,241","212,476","5,975,717","76,557","25,279","10,167","2,453"
Locality: 760 RICHMOND CITY,0203,203 - TWO HUNDRED THREE,"1,630",33,"1,663",5,9,11,69,"151,312","7,763","159,075",265,336,313,133,"5,763,241","212,476","5,975,717","76,557","25,279","10,167","2,453"
Locality: 760 RICHMOND CITY,0204,204 - TWO HUNDRED FOUR,"2,750",160,"2,910",6,11,9,69,"151,312","7,763","159,075",265,336,313,133,"5,763,241","212,476","5,975,717","76,557","25,279","10,167","2,453"
Locality: 760 RICHMOND CITY,0206,206 - TWO HUNDRED SIX,"1,523",85,"1,608",3,9,3,69,"151,312","7,763","159,075",265,336,313,133,"5,763,241","212,476","5,975,717","76,557","25,279","10,167","2,453"
Locality: 760 RICHMOND CITY,0207,207 - TWO HUNDRED SEVEN,"2,769",120,"2,889",4,14,20,69,"151,312","7,763","159,075",265,336,313,133,"5,763,241","212,476","5,975,717","76,557","25,279","10,167","2,453"
Locality: 760 RICHMOND CITY,0208,208 - TWO HUNDRED EIGHT,"2,313",100,"2,413",3,14,7,69,"151,312","7,763","159,075",265,336,313,133,"5,763,241","212,476","5,975,717","76,557","25,279","10,167","2,453"
Locality: 760 RICHMOND CITY,0213,213 - TWO HUNDRED THIRTEEN,"3,982",226,"4,208",10,12,3,69,"151,312","7,763","159,075",265,336,313,133,"5,763,241","212,476","5,975,717","76,557","25,279","10,167","2,453"
Locality: 760 RICHMOND CITY,0214,214 - TWO HUNDRED FOURTEEN,"2,200",347,"2,547",5,3,3,69,"151,312","7,763","159,075",265,336,313,133,"5,763,241","212,476","5,975,717","76,557","25,279","10,167","2,453"
Locality: 760 RICHMOND CITY,0215,215 - TWO HUNDRED FIFTEEN,"2,058",109,"2,167",1,2,1,69,"151,312","7,763","159,075",265,336,313,133,"5,763,241","212,476","5,975,717","76,557","25,279","10,167","2,453"
Locality: 760 RICHMOND CITY,0301,301 - THREE HUNDRED ONE,"1,464",154,"1,618",,,,69,"151,312","7,763","159,075",265,336,313,133,"5,763,241","212,476","5,975,717","76,557","25,279","10,167","2,453"
Locality: 760 RICHMOND CITY,0302,302 - THREE HUNDRED TWO,"1,503",61,"1,564",2,2,4,69,"151,312","7,763","159,075",265,336,313,133,"5,763,241","212,476","5,975,717","76,557","25,279","10,167","2,453"
Locality: 760 RICHMOND CITY,0303,303 - THREE HUNDRED THREE,"1,234",49,"1,283",2,2,1,69,"151,312","7,763","159,075",265,336,313,133,"5,763,241","212,476","5,975,717","76,557","25,279","10,167","2,453"
Locality: 760 RICHMOND CITY,0304,304 - THREE HUNDRED FOUR,"2,004",87,"2,091",4,1,2,69,"151,312","7,763","159,075",265,336,313,133,"5,763,241","212,476","5,975,717","76,557","25,279","10,167","2,453"
Locality: 760 RICHMOND CITY,0305,305 - THREE HUNDRED FIVE,"2,065",111,"2,176",4,,1,69,"151,312","7,763","159,075",265,336,313,133,"5,763,241","212,476","5,975,717","76,557","25,279","10,167","2,453"
Locality: 760 RICHMOND CITY,0306,306 - THREE HUNDRED SIX,"1,879",252,"2,131",4,2,1,69,"151,312","7,763","159,075",265,336,313,133,"5,763,241","212,476","5,975,717","76,557","25,279","10,167","2,453"
Locality: 760 RICHMOND CITY,0307,307 - THREE HUNDRED SEVEN,"1,780",56,"1,836",2,7,3,69,"151,312","7,763","159,075",265,336,313,133,"5,763,241","212,476","5,975,717","76,557","25,279","10,167","2,453"
Locality: 760 RICHMOND CITY,0308,308 - THREE HUNDRED EIGHT,"1,823",51,"1,874",1,5,11,69,"151,312","7,763","159,075",265,336,313,133,"5,763,241","212,476","5,975,717","76,557","25,279","10,167","2,453"
Locality: 760 RICHMOND CITY,0309,309 - THREE HUNDRED NINE,"1,315",42,"1,357",,4,5,69,"151,312","7,763","159,075",265,336,313,133,"5,763,241","212,476","5,975,717","76,557","25,279","10,167","2,453"
Locality: 760 RICHMOND CITY,0310,310 - THREE HUNDRED TEN,"1,067",75,"1,142",,,,69,"151,312","7,763","159,075",265,336,313,133,"5,763,241","212,476","5,975,717","76,557","25,279","10,167","2,453"
Locality: 760 RICHMOND CITY,0402,402 - FOUR HUNDRED TWO,"2,993",43,"3,036",7,12,12,69,"151,312","7,763","159,075",265,336,313,133,"5,763,241","212,476","5,975,717","76,557","25,279","10,167","2,453"
Locality: 760 RICHMOND CITY,0404,404 - FOUR HUNDRED FOUR,"2,947",105,"3,052",8,4,6,69,"151,312","7,763","159,075",265,336,313,133,"5,763,241","212,476","5,975,717","76,557","25,279","10,167","2,453"
Locality: 760 RICHMOND CITY,0409,409 - FOUR HUNDRED NINE,"2,079",55,"2,134",8,6,7,69,"151,312","7,763","159,075",265,336,313,133,"5,763,241","212,476","5,975,717","76,557","25,279","10,167","2,453"
Locality: 760 RICHMOND CITY,0410,410 - FOUR HUNDRED TEN,"2,348",108,"2,456",6,4,2,69,"151,312","7,763","159,075",265,336,313,133,"5,763,241","212,476","5,975,717","76,557","25,279","10,167","2,453"
Locality: 760 RICHMOND CITY,0412,412 - FOUR HUNDRED TWELVE,"2,441",84,"2,525",6,,,69,"151,312","7,763","159,075",265,336,313,133,"5,763,241","212,476","5,975,717","76,557","25,279","10,167","2,453"
Locality: 760 RICHMOND CITY,0413,413 - FOUR HUNDRED THIRTEEN,"1,930",38,"1,968",5,7,7,69,"151,312","7,763","159,075",265,336,313,133,"5,763,241","212,476","5,975,717","76,557","25,279","10,167","2,453"
Locality: 760 RICHMOND CITY,0414,414 - FOUR HUNDRED FOURTEEN,"2,132",41,"2,173",4,7,6,69,"151,312","7,763","159,075",265,336,313,133,"5,763,241","212,476","5,975,717","76,557","25,279","10,167","2,453"
Locality: 760 RICHMOND CITY,0415,415 - FOUR HUNDRED FIFTEEN,"1,891",66,"1,957",8,8,5,69,"151,312","7,763","159,075",265,336,313,133,"5,763,241","212,476","5,975,717","76,557","25,279","10,167","2,453"
Locality: 760 RICHMOND CITY,0501,501 - FIVE HUNDRED ONE,"2,717",134,"2,851",3,8,11,69,"151,312","7,763","159,075",265,336,313,133,"5,763,241","212,476","5,975,717","76,557","25,279","10,167","2,453"
Locality: 760 RICHMOND CITY,0503,503 - FIVE HUNDRED THREE,"2,809",74,"2,883",3,9,3,69,"151,312","7,763","159,075",265,336,313,133,"5,763,241","212,476","5,975,717","76,557","25,279","10,167","2,453"
Locality: 760 RICHMOND CITY,0504,504 - FIVE HUNDRED FOUR,"3,878",162,"4,040",6,17,10,69,"151,312","7,763","159,075",265,336,313,133,"5,763,241","212,476","5,975,717","76,557","25,279","10,167","2,453"
Locality: 760 RICHMOND CITY,0505,505 - FIVE HUNDRED FIVE,"1,906",101,"2,007",5,5,2,69,"151,312","7,763","159,075",265,336,313,133,"5,763,241","212,476","5,975,717","76,557","25,279","10,167","2,453"
Locality: 760 RICHMOND CITY,0508,508 - FIVE HUNDRED EIGHT,"1,309",55,"1,364",3,11,1,69,"151,312","7,763","159,075",265,336,313,133,"5,763,241","212,476","5,975,717","76,557","25,279","10,167","2,453"
Locality: 760 RICHMOND CITY,0509,509 - FIVE HUNDRED NINE,"2,272",119,"2,391",2,3,1,69,"151,312","7,763","159,075",265,336,313,133,"5,763,241","212,476","5,975,717","76,557","25,279","10,167","2,453"
Locality: 760 RICHMOND CITY,0510,510 - FIVE HUNDRED TEN,"2,542",109,"2,651",2,3,2,69,"151,312","7,763","159,075",265,336,313,133,"5,763,241","212,476","5,975,717","76,557","25,279","10,167","2,453"
Locality: 760 RICHMOND CITY,0602,602 - SIX HUNDRED TWO,"2,012",100,"2,112",3,,1,69,"151,312","7,763","159,075",265,336,313,133,"5,763,241","212,476","5,975,717","76,557","25,279","10,167","2,453"
Locality: 760 RICHMOND CITY,0603,603 - SIX HUNDRED THREE,"2,128",94,"2,222",3,1,,69,"151,312","7,763","159,075",265,336,313,133,"5,763,241","212,476","5,975,717","76,557","25,279","10,167","2,453"
Locality: 760 RICHMOND CITY,0604,604 - SIX HUNDRED FOUR,"1,706",57,"1,763",1,1,,69,"151,312","7,763","159,075",265,336,313,133,"5,763,241","212,476","5,975,717","76,557","25,279","10,167","2,453"
Locality: 760 RICHMOND CITY,0606,606 - SIX HUNDRED SIX,"2,453",94,"2,547",3,1,1,69,"151,312","7,763","159,075",265,336,313,133,"5,763,241","212,476","5,975,717","76,557","25,279","10,167","2,453"
Locality: 760 RICHMOND CITY,0607,607 - SIX HUNDRED SEVEN,"2,891",284,"3,175",6,7,4,69,"151,312","7,763","159,075",265,336,313,133,"5,763,241","212,476","5,975,717","76,557","25,279","10,167","2,453"
Locality: 760 RICHMOND CITY,0609,609 - SIX HUNDRED NINE,"3,903",386,"4,289",10,5,,69,"151,312","7,763","159,075",265,336,313,133,"5,763,241","212,476","5,975,717","76,557","25,279","10,167","2,453"
Locality: 760 RICHMOND CITY,0610,610 - SIX HUNDRED TEN,"2,011",120,"2,131",5,,,69,"151,312","7,763","159,075",265,336,313,133,"5,763,241","212,476","5,975,717","76,557","25,279","10,167","2,453"
Locality: 760 RICHMOND CITY,0701,701 - SEVEN HUNDRED ONE,"2,075",125,"2,200",2,,,69,"151,312","7,763","159,075",265,336,313,133,"5,763,241","212,476","5,975,717","76,557","25,279","10,167","2,453"
Locality: 760 RICHMOND CITY,0702,702 - SEVEN HUNDRED TWO,"2,051",139,"2,190",2,,2,69,"151,312","7,763","159,075",265,336,313,133,"5,763,241","212,476","5,975,717","76,557","25,279","10,167","2,453"
Locality: 760 RICHMOND CITY,0703,703 - SEVEN HUNDRED THREE,"2,139",77,"2,216",3,2,1,69,"151,312","7,763","159,075",265,336,313,133,"5,763,241","212,476","5,975,717","76,557","25,279","10,167","2,453"
Locality: 760 RICHMOND CITY,0705,705 - SEVEN HUNDRED FIVE,"1,746",74,"1,820",3,6,5,69,"151,312","7,763","159,075",265,336,313,133,"5,763,241","212,476","5,975,717","76,557","25,279","10,167","2,453"
Locality: 760 RICHMOND CITY,0706,706 - SEVEN HUNDRED SIX,"3,266",120,"3,386",3,6,1,69,"151,312","7,763","159,075",265,336,313,133,"5,763,241","212,476","5,975,717","76,557","25,279","10,167","2,453"
Locality: 760 RICHMOND CITY,0707,707 - SEVEN HUNDRED SEVEN,"3,648",168,"3,816",11,13,7,69,"151,312","7,763","159,075",265,336,313,133,"5,763,241","212,476","5,975,717","76,557","25,279","10,167","2,453"
Locality: 760 RICHMOND CITY,0708,708 - SEVEN HUNDRED EIGHT,"3,811",290,"4,101",8,13,12,69,"151,312","7,763","159,075",265,336,313,133,"5,763,241","212,476","5,975,717","76,557","25,279","10,167","2,453"
Locality: 760 RICHMOND CITY,0802,802 - EIGHT HUNDRED TWO,"1,848",103,"1,951",2,1,,69,"151,312","7,763","159,075",265,336,313,133,"5,763,241","212,476","5,975,717","76,557","25,279","10,167","2,453"
Locality: 760 RICHMOND CITY,0806,806 - EIGHT HUNDRED SIX,"2,492",150,"2,642",3,1,,69,"151,312","7,763","159,075",265,336,313,133,"5,763,241","212,476","5,975,717","76,557","25,279","10,167","2,453"
Locality: 760 RICHMOND CITY,0810,810 - EIGHT HUNDRED TEN,"1,878",76,"1,954",,,1,69,"151,312","7,763","159,075",265,336,313,133,"5,763,241","212,476","5,975,717","76,557","25,279","10,167","2,453"
Locality: 760 RICHMOND CITY,0811,811 - EIGHT HUNDRED ELEVEN,"2,260",192,"2,452",1,1,1,69,"151,312","7,763","159,075",265,336,313,133,"5,763,241","212,476","5,975,717","76,557","25,279","10,167","2,453"
Locality: 760 RICHMOND CITY,0812,812 - EIGHT HUNDRED TWELVE,"2,831",100,"2,931",3,,1,69,"151,312","7,763","159,075",265,336,313,133,"5,763,241","212,476","5,975,717","76,557","25,279","10,167","2,453"
Locality: 760 RICHMOND CITY,0814,814 - EIGHT HUNDRED FOURTEEN,"1,484",82,"1,566",3,,,69,"151,312","7,763","159,075",265,336,313,133,"5,763,241","212,476","5,975,717","76,557","25,279","10,167","2,453"
Locality: 760 RICHMOND CITY,0902,902 - NINE HUNDRED TWO,956,67,"1,023",2,,1,69,"151,312","7,763","159,075",265,336,313,133,"5,763,241","212,476","5,975,717","76,557","25,279","10,167","2,453"
Locality: 760 RICHMOND CITY,0903,903 - NINE HUNDRED THREE,"2,351",107,"2,458",6,1,1,69,"151,312","7,763","159,075",265,336,313,133,"5,763,241","212,476","5,975,717","76,557","25,279","10,167","2,453"
Locality: 760 RICHMOND CITY,0908,908 - NINE HUNDRED EIGHT,"2,307",200,"2,507",3,,6,69,"151,312","7,763","159,075",265,336,313,133,"5,763,241","212,476","5,975,717","76,557","25,279","10,167","2,453"
Locality: 760 RICHMOND CITY,0909,909 - NINE HUNDRED NINE,"2,381",90,"2,471",8,,1,69,"151,312","7,763","159,075",265,336,313,133,"5,763,241","212,476","5,975,717","76,557","25,279","10,167","2,453"
Locality: 760 RICHMOND CITY,0910,910 - NINE HUNDRED TEN,"2,192",91,"2,283",6,1,1,69,"151,312","7,763","159,075",265,336,313,133,"5,763,241","212,476","5,975,717","76,557","25,279","10,167","2,453"
Locality: 760 RICHMOND CITY,0911,911 - NINE HUNDRED ELEVEN,"1,886",40,"1,926",2,1,1,69,"151,312","7,763","159,075",265,336,313,133,"5,763,241","212,476","5,975,717","76,557","25,279","10,167","2,453"
Locality: 770 ROANOKE CITY,0001,001 -Peters Creek,"2,875",92,"2,967",16,2,5,20,"61,902","2,535","64,437",303,72,77,133,"5,763,241","212,476","5,975,717","76,557","25,279","10,167","2,453"
Locality: 770 ROANOKE CITY,0002,002 - Grandview,"3,035",106,"3,141",24,3,4,20,"61,902","2,535","64,437",303,72,77,133,"5,763,241","212,476","5,975,717","76,557","25,279","10,167","2,453"
Locality: 770 ROANOKE CITY,0003,003 -Preston Park,"3,117",82,"3,199",15,2,,20,"61,902","2,535","64,437",303,72,77,133,"5,763,241","212,476","5,975,717","76,557","25,279","10,167","2,453"
Locality: 770 ROANOKE CITY,0004,004 - Williamson Road,"2,686",92,"2,778",13,4,,20,"61,902","2,535","64,437",303,72,77,133,"5,763,241","212,476","5,975,717","76,557","25,279","10,167","2,453"
Locality: 770 ROANOKE CITY,0005,005 - East Gate,"2,978",80,"3,058",15,2,1,20,"61,902","2,535","64,437",303,72,77,133,"5,763,241","212,476","5,975,717","76,557","25,279","10,167","2,453"
Locality: 770 ROANOKE CITY,0006,006 - Hollins Road,"3,663",161,"3,824",17,4,,20,"61,902","2,535","64,437",303,72,77,133,"5,763,241","212,476","5,975,717","76,557","25,279","10,167","2,453"
Locality: 770 ROANOKE CITY,0007,007 - Southeast,"2,560",192,"2,752",14,1,3,20,"61,902","2,535","64,437",303,72,77,133,"5,763,241","212,476","5,975,717","76,557","25,279","10,167","2,453"
Locality: 770 ROANOKE CITY,0008,008 - Lincoln Terrace,"2,649",101,"2,750",14,,1,20,"61,902","2,535","64,437",303,72,77,133,"5,763,241","212,476","5,975,717","76,557","25,279","10,167","2,453"
Locality: 770 ROANOKE CITY,0009,009 - Highland,"3,299",216,"3,515",16,6,8,20,"61,902","2,535","64,437",303,72,77,133,"5,763,241","212,476","5,975,717","76,557","25,279","10,167","2,453"
Locality: 770 ROANOKE CITY,0010,010 - Old Southwest-Wasena,"3,509",193,"3,702",13,3,6,20,"61,902","2,535","64,437",303,72,77,133,"5,763,241","212,476","5,975,717","76,557","25,279","10,167","2,453"
Locality: 770 ROANOKE CITY,0011,011 - RALEIGH COURT,"3,462",142,"3,604",20,7,10,20,"61,902","2,535","64,437",303,72,77,133,"5,763,241","212,476","5,975,717","76,557","25,279","10,167","2,453"
Locality: 770 ROANOKE CITY,0012,012 - SOUTH ROANOKE,"2,719",73,"2,792",11,5,6,20,"61,902","2,535","64,437",303,72,77,133,"5,763,241","212,476","5,975,717","76,557","25,279","10,167","2,453"
Locality: 770 ROANOKE CITY,0013,013 - GARDEN CITY,"3,017",101,"3,118",11,1,4,20,"61,902","2,535","64,437",303,72,77,133,"5,763,241","212,476","5,975,717","76,557","25,279","10,167","2,453"
Locality: 770 ROANOKE CITY,0014,014 - Crystal Spring,"3,208",128,"3,336",13,14,10,20,"61,902","2,535","64,437",303,72,77,133,"5,763,241","212,476","5,975,717","76,557","25,279","10,167","2,453"
Locality: 770 ROANOKE CITY,0015,015 - Grandin Court,"2,742",79,"2,821",16,4,5,20,"61,902","2,535","64,437",303,72,77,133,"5,763,241","212,476","5,975,717","76,557","25,279","10,167","2,453"
Locality: 770 ROANOKE CITY,0016,016 - Deyerle,"2,903",44,"2,947",9,4,3,20,"61,902","2,535","64,437",303,72,77,133,"5,763,241","212,476","5,975,717","76,557","25,279","10,167","2,453"
Locality: 770 ROANOKE CITY,0017,017 - LEE-HI,"3,305",153,"3,458",12,5,4,20,"61,902","2,535","64,437",303,72,77,133,"5,763,241","212,476","5,975,717","76,557","25,279","10,167","2,453"
Locality: 770 ROANOKE CITY,0018,018 - Summit Hills,"3,177",120,"3,297",17,2,1,20,"61,902","2,535","64,437",303,72,77,133,"5,763,241","212,476","5,975,717","76,557","25,279","10,167","2,453"
Locality: 770 ROANOKE CITY,0019,019 - Forest Park,"3,199",247,"3,446",14,,1,20,"61,902","2,535","64,437",303,72,77,133,"5,763,241","212,476","5,975,717","76,557","25,279","10,167","2,453"
Locality: 770 ROANOKE CITY,0020,020 - EUREKA PARK,"3,799",133,"3,932",23,3,5,20,"61,902","2,535","64,437",303,72,77,133,"5,763,241","212,476","5,975,717","76,557","25,279","10,167","2,453"
Locality: 775 SALEM CITY,0001,001 - NORTH SALEM NO 2,"2,211",83,"2,294",4,2,7,10,"17,203",464,"17,667",65,10,41,133,"5,763,241","212,476","5,975,717","76,557","25,279","10,167","2,453"
Locality: 775 SALEM CITY,0002,002 - CONEHURST,"1,252",42,"1,294",6,1,4,10,"17,203",464,"17,667",65,10,41,133,"5,763,241","212,476","5,975,717","76,557","25,279","10,167","2,453"
Locality: 775 SALEM CITY,0003,003 - BEVERLY HEIGHTS,"1,077",20,"1,097",3,,6,10,"17,203",464,"17,667",65,10,41,133,"5,763,241","212,476","5,975,717","76,557","25,279","10,167","2,453"
Locality: 775 SALEM CITY,0004,004 - WEST SALEM,"1,649",23,"1,672",2,1,4,10,"17,203",464,"17,667",65,10,41,133,"5,763,241","212,476","5,975,717","76,557","25,279","10,167","2,453"
Locality: 775 SALEM CITY,0005,005 - NORTH SALEM NO 1,"2,267",51,"2,318",7,,2,10,"17,203",464,"17,667",65,10,41,133,"5,763,241","212,476","5,975,717","76,557","25,279","10,167","2,453"
Locality: 775 SALEM CITY,0006,006 - SOUTH SALEM NO 1,"1,385",42,"1,427",7,2,,10,"17,203",464,"17,667",65,10,41,133,"5,763,241","212,476","5,975,717","76,557","25,279","10,167","2,453"
Locality: 775 SALEM CITY,0007,007 - SOUTH SALEM NO 2,"1,736",64,"1,800",4,1,4,10,"17,203",464,"17,667",65,10,41,133,"5,763,241","212,476","5,975,717","76,557","25,279","10,167","2,453"
Locality: 775 SALEM CITY,0008,008 - EAST SALEM,837,36,873,1,,,10,"17,203",464,"17,667",65,10,41,133,"5,763,241","212,476","5,975,717","76,557","25,279","10,167","2,453"
Locality: 775 SALEM CITY,0009,009 - SOUTH SIDE HILLS,"2,192",44,"2,236",13,2,3,10,"17,203",464,"17,667",65,10,41,133,"5,763,241","212,476","5,975,717","76,557","25,279","10,167","2,453"
Locality: 775 SALEM CITY,0010,010 - HIDDEN VALLEY,"2,597",59,"2,656",18,1,11,10,"17,203",464,"17,667",65,10,41,133,"5,763,241","212,476","5,975,717","76,557","25,279","10,167","2,453"
Locality: 790 STAUNTON CITY,0101,101 - WARD NO 1,"3,682",169,"3,851",18,9,4,5,"17,023",568,"17,591",83,40,49,133,"5,763,241","212,476","5,975,717","76,557","25,279","10,167","2,453"
Locality: 790 STAUNTON CITY,0201,201 - WARD NO 2,"4,154",107,"4,261",23,6,3,5,"17,023",568,"17,591",83,40,49,133,"5,763,241","212,476","5,975,717","76,557","25,279","10,167","2,453"
Locality: 790 STAUNTON CITY,0301,301 - WARD NO 3,"3,188",63,"3,251",18,3,12,5,"17,023",568,"17,591",83,40,49,133,"5,763,241","212,476","5,975,717","76,557","25,279","10,167","2,453"
Locality: 790 STAUNTON CITY,0401,401 - WARD NO 4,"2,754",86,"2,840",8,10,6,5,"17,023",568,"17,591",83,40,49,133,"5,763,241","212,476","5,975,717","76,557","25,279","10,167","2,453"
Locality: 790 STAUNTON CITY,0501,501 - WARD NO 5,"3,245",143,"3,388",16,12,24,5,"17,023",568,"17,591",83,40,49,133,"5,763,241","212,476","5,975,717","76,557","25,279","10,167","2,453"
Locality: 800 SUFFOLK CITY,0101,101 - BELLEHARBOUR,"2,306",165,"2,471",140,5,3,27,"64,973","2,544","67,517","2,283",82,93,133,"5,763,241","212,476","5,975,717","76,557","25,279","10,167","2,453"
Locality: 800 SUFFOLK CITY,0102,102 - DRIVER,"4,082",109,"4,191",112,6,12,27,"64,973","2,544","67,517","2,283",82,93,133,"5,763,241","212,476","5,975,717","76,557","25,279","10,167","2,453"
Locality: 800 SUFFOLK CITY,0104,104 - BENNETTS CREEK,"3,065",157,"3,222",224,5,1,27,"64,973","2,544","67,517","2,283",82,93,133,"5,763,241","212,476","5,975,717","76,557","25,279","10,167","2,453"
Locality: 800 SUFFOLK CITY,0201,201 - EBENEZER,"1,929",53,"1,982",35,4,9,27,"64,973","2,544","67,517","2,283",82,93,133,"5,763,241","212,476","5,975,717","76,557","25,279","10,167","2,453"
Locality: 800 SUFFOLK CITY,0202,202 - CHUCKATUCK,"2,083",47,"2,130",29,1,3,27,"64,973","2,544","67,517","2,283",82,93,133,"5,763,241","212,476","5,975,717","76,557","25,279","10,167","2,453"
Locality: 800 SUFFOLK CITY,0203,203 - KINGS FORK,"3,505",120,"3,625",154,4,,27,"64,973","2,544","67,517","2,283",82,93,133,"5,763,241","212,476","5,975,717","76,557","25,279","10,167","2,453"
Locality: 800 SUFFOLK CITY,0204,204 - HILLPOINT,"2,938",134,"3,072",201,1,9,27,"64,973","2,544","67,517","2,283",82,93,133,"5,763,241","212,476","5,975,717","76,557","25,279","10,167","2,453"
Locality: 800 SUFFOLK CITY,0301,301 - WHITE MARSH,941,32,973,24,1,2,27,"64,973","2,544","67,517","2,283",82,93,133,"5,763,241","212,476","5,975,717","76,557","25,279","10,167","2,453"
Locality: 800 SUFFOLK CITY,0302,302 - JOHN F KENNEDY,"3,503",155,"3,658",75,,1,27,"64,973","2,544","67,517","2,283",82,93,133,"5,763,241","212,476","5,975,717","76,557","25,279","10,167","2,453"
Locality: 800 SUFFOLK CITY,0304,304 - NANSEMOND RIVER,"2,977",121,"3,098",153,5,3,27,"64,973","2,544","67,517","2,283",82,93,133,"5,763,241","212,476","5,975,717","76,557","25,279","10,167","2,453"
Locality: 800 SUFFOLK CITY,0305,305 - SHOULDERS HILL,"1,183",41,"1,224",54,2,2,27,"64,973","2,544","67,517","2,283",82,93,133,"5,763,241","212,476","5,975,717","76,557","25,279","10,167","2,453"
Locality: 800 SUFFOLK CITY,0401,401 - AIRPORT,"1,674",42,"1,716",28,1,1,27,"64,973","2,544","67,517","2,283",82,93,133,"5,763,241","212,476","5,975,717","76,557","25,279","10,167","2,453"
Locality: 800 SUFFOLK CITY,0402,402 - WHALEYVILLE,"1,807",52,"1,859",39,2,1,27,"64,973","2,544","67,517","2,283",82,93,133,"5,763,241","212,476","5,975,717","76,557","25,279","10,167","2,453"
Locality: 800 SUFFOLK CITY,0403,403 - SOUTHSIDE,"1,587",98,"1,685",13,,,27,"64,973","2,544","67,517","2,283",82,93,133,"5,763,241","212,476","5,975,717","76,557","25,279","10,167","2,453"
Locality: 800 SUFFOLK CITY,0404,404 - BOOKER T WASHINGTON,"2,316",159,"2,475",40,3,1,27,"64,973","2,544","67,517","2,283",82,93,133,"5,763,241","212,476","5,975,717","76,557","25,279","10,167","2,453"
Locality: 800 SUFFOLK CITY,0405,405 - PITTMANTOWN,712,16,728,10,,,27,"64,973","2,544","67,517","2,283",82,93,133,"5,763,241","212,476","5,975,717","76,557","25,279","10,167","2,453"
Locality: 800 SUFFOLK CITY,0501,501 - KILBYS MILL,"3,228",76,"3,304",79,1,9,27,"64,973","2,544","67,517","2,283",82,93,133,"5,763,241","212,476","5,975,717","76,557","25,279","10,167","2,453"
Locality: 800 SUFFOLK CITY,0502,502 - HOLLAND,"2,958",80,"3,038",63,1,1,27,"64,973","2,544","67,517","2,283",82,93,133,"5,763,241","212,476","5,975,717","76,557","25,279","10,167","2,453"
Locality: 800 SUFFOLK CITY,0504,504 - LAKE COHOON,"3,117",89,"3,206",71,2,7,27,"64,973","2,544","67,517","2,283",82,93,133,"5,763,241","212,476","5,975,717","76,557","25,279","10,167","2,453"
Locality: 800 SUFFOLK CITY,0601,601 - LAKESIDE,"3,066",119,"3,185",54,3,6,27,"64,973","2,544","67,517","2,283",82,93,133,"5,763,241","212,476","5,975,717","76,557","25,279","10,167","2,453"
Locality: 800 SUFFOLK CITY,0602,602 - OLDE TOWNE,905,51,956,15,,1,27,"64,973","2,544","67,517","2,283",82,93,133,"5,763,241","212,476","5,975,717","76,557","25,279","10,167","2,453"
Locality: 800 SUFFOLK CITY,0603,603 - ELEPHANTS FORK/WESTHAVEN,950,28,978,32,1,2,27,"64,973","2,544","67,517","2,283",82,93,133,"5,763,241","212,476","5,975,717","76,557","25,279","10,167","2,453"
Locality: 800 SUFFOLK CITY,0604,604 - WILROY,"2,275",60,"2,335",125,4,,27,"64,973","2,544","67,517","2,283",82,93,133,"5,763,241","212,476","5,975,717","76,557","25,279","10,167","2,453"
Locality: 800 SUFFOLK CITY,0605,605 - HOLLYWOOD,"1,537",62,"1,599",27,1,2,27,"64,973","2,544","67,517","2,283",82,93,133,"5,763,241","212,476","5,975,717","76,557","25,279","10,167","2,453"
Locality: 800 SUFFOLK CITY,0702,702 - HARBOURVIEW,"3,753",107,"3,860",146,18,8,27,"64,973","2,544","67,517","2,283",82,93,133,"5,763,241","212,476","5,975,717","76,557","25,279","10,167","2,453"
Locality: 800 SUFFOLK CITY,0704,704 - BURBAGE GRANT,"2,949",132,"3,081",181,6,6,27,"64,973","2,544","67,517","2,283",82,93,133,"5,763,241","212,476","5,975,717","76,557","25,279","10,167","2,453"
Locality: 800 SUFFOLK CITY,0706,706 - HUNTERSVILLE,"3,627",239,"3,866",159,5,3,27,"64,973","2,544","67,517","2,283",82,93,133,"5,763,241","212,476","5,975,717","76,557","25,279","10,167","2,453"
Locality: 810 VIRGINIA BEACH CITY,0001,001 - NORTH BEACH,"4,222",159,"4,381",55,22,16,100,"307,724","15,214","322,938","13,317",981,411,133,"5,763,241","212,476","5,975,717","76,557","25,279","10,167","2,453"
Locality: 810 VIRGINIA BEACH CITY,0002,002 - SOUTH BEACH,"4,006",234,"4,240",116,11,4,100,"307,724","15,214","322,938","13,317",981,411,133,"5,763,241","212,476","5,975,717","76,557","25,279","10,167","2,453"
Locality: 810 VIRGINIA BEACH CITY,0003,003 - OCEAN LAKES,"2,441",106,"2,547",133,4,3,100,"307,724","15,214","322,938","13,317",981,411,133,"5,763,241","212,476","5,975,717","76,557","25,279","10,167","2,453"
Locality: 810 VIRGINIA BEACH CITY,0004,004 - LINKHORN,"3,646",209,"3,855",109,12,8,100,"307,724","15,214","322,938","13,317",981,411,133,"5,763,241","212,476","5,975,717","76,557","25,279","10,167","2,453"
Locality: 810 VIRGINIA BEACH CITY,0005,005 - SEATACK,"3,710",269,"3,979",135,3,2,100,"307,724","15,214","322,938","13,317",981,411,133,"5,763,241","212,476","5,975,717","76,557","25,279","10,167","2,453"
Locality: 810 VIRGINIA BEACH CITY,0006,006 - ALANTON,"3,428",59,"3,487",60,18,8,100,"307,724","15,214","322,938","13,317",981,411,133,"5,763,241","212,476","5,975,717","76,557","25,279","10,167","2,453"
Locality: 810 VIRGINIA BEACH CITY,0007,007 - KINGSTON,"1,914",36,"1,950",44,16,3,100,"307,724","15,214","322,938","13,317",981,411,133,"5,763,241","212,476","5,975,717","76,557","25,279","10,167","2,453"
Locality: 810 VIRGINIA BEACH CITY,0008,008 - LONDON BRIDGE,"4,011",198,"4,209",107,8,5,100,"307,724","15,214","322,938","13,317",981,411,133,"5,763,241","212,476","5,975,717","76,557","25,279","10,167","2,453"
Locality: 810 VIRGINIA BEACH CITY,0009,009 - TRANTWOOD,"2,838",136,"2,974",94,16,8,100,"307,724","15,214","322,938","13,317",981,411,133,"5,763,241","212,476","5,975,717","76,557","25,279","10,167","2,453"
Locality: 810 VIRGINIA BEACH CITY,0010,010 - GREAT NECK,"3,519",76,"3,595",81,15,7,100,"307,724","15,214","322,938","13,317",981,411,133,"5,763,241","212,476","5,975,717","76,557","25,279","10,167","2,453"
Locality: 810 VIRGINIA BEACH CITY,0011,011 - CAPE HENRY,"3,893",138,"4,031",154,29,16,100,"307,724","15,214","322,938","13,317",981,411,133,"5,763,241","212,476","5,975,717","76,557","25,279","10,167","2,453"
Locality: 810 VIRGINIA BEACH CITY,0012,012 - PLAZA,"3,697",156,"3,853",136,9,2,100,"307,724","15,214","322,938","13,317",981,411,133,"5,763,241","212,476","5,975,717","76,557","25,279","10,167","2,453"
Locality: 810 VIRGINIA BEACH CITY,0013,013 - MT TRASHMORE,"4,144",173,"4,317",180,9,2,100,"307,724","15,214","322,938","13,317",981,411,133,"5,763,241","212,476","5,975,717","76,557","25,279","10,167","2,453"
Locality: 810 VIRGINIA BEACH CITY,0014,014 - MALIBU,"3,369",132,"3,501",86,5,2,100,"307,724","15,214","322,938","13,317",981,411,133,"5,763,241","212,476","5,975,717","76,557","25,279","10,167","2,453"
Locality: 810 VIRGINIA BEACH CITY,0015,015 - OLD DONATION,"2,646",152,"2,798",93,7,4,100,"307,724","15,214","322,938","13,317",981,411,133,"5,763,241","212,476","5,975,717","76,557","25,279","10,167","2,453"
Locality: 810 VIRGINIA BEACH CITY,0016,016 - ARAGONA,"4,221",259,"4,480",140,9,3,100,"307,724","15,214","322,938","13,317",981,411,133,"5,763,241","212,476","5,975,717","76,557","25,279","10,167","2,453"
Locality: 810 VIRGINIA BEACH CITY,0017,017 - OCEAN PARK,"2,530",95,"2,625",107,5,8,100,"307,724","15,214","322,938","13,317",981,411,133,"5,763,241","212,476","5,975,717","76,557","25,279","10,167","2,453"
Locality: 810 VIRGINIA BEACH CITY,0018,018 - THOROUGHGOOD,"3,594",94,"3,688",109,21,14,100,"307,724","15,214","322,938","13,317",981,411,133,"5,763,241","212,476","5,975,717","76,557","25,279","10,167","2,453"
Locality: 810 VIRGINIA BEACH CITY,0019,019 - LAKE SMITH,"1,765",68,"1,833",60,4,1,100,"307,724","15,214","322,938","13,317",981,411,133,"5,763,241","212,476","5,975,717","76,557","25,279","10,167","2,453"
Locality: 810 VIRGINIA BEACH CITY,0020,020 - BAYSIDE,"2,696",94,"2,790",125,2,3,100,"307,724","15,214","322,938","13,317",981,411,133,"5,763,241","212,476","5,975,717","76,557","25,279","10,167","2,453"
Locality: 810 VIRGINIA BEACH CITY,0021,021 - DAVIS CORNER,"3,406",273,"3,679",215,8,1,100,"307,724","15,214","322,938","13,317",981,411,133,"5,763,241","212,476","5,975,717","76,557","25,279","10,167","2,453"
Locality: 810 VIRGINIA BEACH CITY,0022,022 - POINT O VIEW,"2,486",77,"2,563",71,4,7,100,"307,724","15,214","322,938","13,317",981,411,133,"5,763,241","212,476","5,975,717","76,557","25,279","10,167","2,453"
Locality: 810 VIRGINIA BEACH CITY,0023,023 - ARROWHEAD,"3,141",122,"3,263",112,12,15,100,"307,724","15,214","322,938","13,317",981,411,133,"5,763,241","212,476","5,975,717","76,557","25,279","10,167","2,453"
Locality: 810 VIRGINIA BEACH CITY,0024,024 - LARKSPUR,"2,293",99,"2,392",91,8,5,100,"307,724","15,214","322,938","13,317",981,411,133,"5,763,241","212,476","5,975,717","76,557","25,279","10,167","2,453"
Locality: 810 VIRGINIA BEACH CITY,0025,025 - AVALON,"4,471",180,"4,651",150,15,10,100,"307,724","15,214","322,938","13,317",981,411,133,"5,763,241","212,476","5,975,717","76,557","25,279","10,167","2,453"
Locality: 810 VIRGINIA BEACH CITY,0026,026 - FAIRFIELD,"2,824",70,"2,894",85,17,5,100,"307,724","15,214","322,938","13,317",981,411,133,"5,763,241","212,476","5,975,717","76,557","25,279","10,167","2,453"
Locality: 810 VIRGINIA BEACH CITY,0027,027 - EDWIN,"2,974",74,"3,048",86,12,3,100,"307,724","15,214","322,938","13,317",981,411,133,"5,763,241","212,476","5,975,717","76,557","25,279","10,167","2,453"
Locality: 810 VIRGINIA BEACH CITY,0028,028 - THALIA,"2,229",73,"2,302",83,8,1,100,"307,724","15,214","322,938","13,317",981,411,133,"5,763,241","212,476","5,975,717","76,557","25,279","10,167","2,453"
Locality: 810 VIRGINIA BEACH CITY,0029,029 - HOLLAND,"3,719",200,"3,919",139,3,3,100,"307,724","15,214","322,938","13,317",981,411,133,"5,763,241","212,476","5,975,717","76,557","25,279","10,167","2,453"
Locality: 810 VIRGINIA BEACH CITY,0030,030 - RED WING,"3,317",329,"3,646",399,12,3,100,"307,724","15,214","322,938","13,317",981,411,133,"5,763,241","212,476","5,975,717","76,557","25,279","10,167","2,453"
Locality: 810 VIRGINIA BEACH CITY,0031,031 - SIGMA,"3,654",80,"3,734",176,23,5,100,"307,724","15,214","322,938","13,317",981,411,133,"5,763,241","212,476","5,975,717","76,557","25,279","10,167","2,453"
Locality: 810 VIRGINIA BEACH CITY,0032,032 - CREEDS,"1,550",50,"1,600",38,4,3,100,"307,724","15,214","322,938","13,317",981,411,133,"5,763,241","212,476","5,975,717","76,557","25,279","10,167","2,453"
Locality: 810 VIRGINIA BEACH CITY,0033,033 - CAPPS SHOP,"1,684",41,"1,725",39,3,,100,"307,724","15,214","322,938","13,317",981,411,133,"5,763,241","212,476","5,975,717","76,557","25,279","10,167","2,453"
Locality: 810 VIRGINIA BEACH CITY,0034,034 - BLACKWATER,"1,017",32,"1,049",36,1,,100,"307,724","15,214","322,938","13,317",981,411,133,"5,763,241","212,476","5,975,717","76,557","25,279","10,167","2,453"
Locality: 810 VIRGINIA BEACH CITY,0035,035 - COURTHOUSE,"3,342",123,"3,465",76,11,1,100,"307,724","15,214","322,938","13,317",981,411,133,"5,763,241","212,476","5,975,717","76,557","25,279","10,167","2,453"
Locality: 810 VIRGINIA BEACH CITY,0036,036 - WINDSOR OAKS,"4,233",181,"4,414",181,11,5,100,"307,724","15,214","322,938","13,317",981,411,133,"5,763,241","212,476","5,975,717","76,557","25,279","10,167","2,453"
Locality: 810 VIRGINIA BEACH CITY,0037,037 - CHESAPEAKE BEACH,"3,197",274,"3,471",483,11,3,100,"307,724","15,214","322,938","13,317",981,411,133,"5,763,241","212,476","5,975,717","76,557","25,279","10,167","2,453"
Locality: 810 VIRGINIA BEACH CITY,0038,038 - WITCHDUCK,"3,929",114,"4,043",101,13,7,100,"307,724","15,214","322,938","13,317",981,411,133,"5,763,241","212,476","5,975,717","76,557","25,279","10,167","2,453"
Locality: 810 VIRGINIA BEACH CITY,0039,039 - PEMBROKE,"4,231",492,"4,723",185,26,4,100,"307,724","15,214","322,938","13,317",981,411,133,"5,763,241","212,476","5,975,717","76,557","25,279","10,167","2,453"
Locality: 810 VIRGINIA BEACH CITY,0040,040 - BONNEY,"3,077",169,"3,246",151,4,2,100,"307,724","15,214","322,938","13,317",981,411,133,"5,763,241","212,476","5,975,717","76,557","25,279","10,167","2,453"
Locality: 810 VIRGINIA BEACH CITY,0041,041 - COLLEGE PARK,"4,081",381,"4,462",144,11,7,100,"307,724","15,214","322,938","13,317",981,411,133,"5,763,241","212,476","5,975,717","76,557","25,279","10,167","2,453"
Locality: 810 VIRGINIA BEACH CITY,0042,042 - BRANDON,"3,228",141,"3,369",131,13,3,100,"307,724","15,214","322,938","13,317",981,411,133,"5,763,241","212,476","5,975,717","76,557","25,279","10,167","2,453"
Locality: 810 VIRGINIA BEACH CITY,0043,043 - BELLAMY,"3,311",152,"3,463",147,5,3,100,"307,724","15,214","322,938","13,317",981,411,133,"5,763,241","212,476","5,975,717","76,557","25,279","10,167","2,453"
Locality: 810 VIRGINIA BEACH CITY,0044,044 - CENTERVILLE,"3,877",172,"4,049",155,14,4,100,"307,724","15,214","322,938","13,317",981,411,133,"5,763,241","212,476","5,975,717","76,557","25,279","10,167","2,453"
Locality: 810 VIRGINIA BEACH CITY,0045,045 - TIMBERLAKE,"3,541",201,"3,742",230,9,2,100,"307,724","15,214","322,938","13,317",981,411,133,"5,763,241","212,476","5,975,717","76,557","25,279","10,167","2,453"
Locality: 810 VIRGINIA BEACH CITY,0046,046 - GREEN RUN,"3,157",135,"3,292",156,7,1,100,"307,724","15,214","322,938","13,317",981,411,133,"5,763,241","212,476","5,975,717","76,557","25,279","10,167","2,453"
Locality: 810 VIRGINIA BEACH CITY,0047,047 - KINGS GRANT,"3,609",61,"3,670",79,14,6,100,"307,724","15,214","322,938","13,317",981,411,133,"5,763,241","212,476","5,975,717","76,557","25,279","10,167","2,453"
Locality: 810 VIRGINIA BEACH CITY,0048,048 - WOLFSNARE,"3,515",159,"3,674",134,10,10,100,"307,724","15,214","322,938","13,317",981,411,133,"5,763,241","212,476","5,975,717","76,557","25,279","10,167","2,453"
Locality: 810 VIRGINIA BEACH CITY,0049,049 - LYNNHAVEN,"3,473",151,"3,624",83,20,5,100,"307,724","15,214","322,938","13,317",981,411,133,"5,763,241","212,476","5,975,717","76,557","25,279","10,167","2,453"
Locality: 810 VIRGINIA BEACH CITY,0050,050 - OCEANA,"2,600",383,"2,983",97,8,,100,"307,724","15,214","322,938","13,317",981,411,133,"5,763,241","212,476","5,975,717","76,557","25,279","10,167","2,453"
Locality: 810 VIRGINIA BEACH CITY,0051,051 - STRATFORD CHASE,"2,881",133,"3,014",102,13,7,100,"307,724","15,214","322,938","13,317",981,411,133,"5,763,241","212,476","5,975,717","76,557","25,279","10,167","2,453"
Locality: 810 VIRGINIA BEACH CITY,0052,052 - HOMESTEAD,"4,101",129,"4,230",156,14,5,100,"307,724","15,214","322,938","13,317",981,411,133,"5,763,241","212,476","5,975,717","76,557","25,279","10,167","2,453"
Locality: 810 VIRGINIA BEACH CITY,0053,053 - SHANNON,"2,611",101,"2,712",61,8,6,100,"307,724","15,214","322,938","13,317",981,411,133,"5,763,241","212,476","5,975,717","76,557","25,279","10,167","2,453"
Locality: 810 VIRGINIA BEACH CITY,0054,054 - CROMWELL,"2,358",78,"2,436",153,7,2,100,"307,724","15,214","322,938","13,317",981,411,133,"5,763,241","212,476","5,975,717","76,557","25,279","10,167","2,453"
Locality: 810 VIRGINIA BEACH CITY,0055,055 - MAGIC HOLLOW,"4,010",260,"4,270",183,3,1,100,"307,724","15,214","322,938","13,317",981,411,133,"5,763,241","212,476","5,975,717","76,557","25,279","10,167","2,453"
Locality: 810 VIRGINIA BEACH CITY,0056,056 - EDINBURGH,"1,455",38,"1,493",41,2,8,100,"307,724","15,214","322,938","13,317",981,411,133,"5,763,241","212,476","5,975,717","76,557","25,279","10,167","2,453"
Locality: 810 VIRGINIA BEACH CITY,0057,057 - SHERRY PARK,"2,023",178,"2,201",58,8,1,100,"307,724","15,214","322,938","13,317",981,411,133,"5,763,241","212,476","5,975,717","76,557","25,279","10,167","2,453"
Locality: 810 VIRGINIA BEACH CITY,0058,058 - GLENWOOD,"3,194",99,"3,293",184,16,3,100,"307,724","15,214","322,938","13,317",981,411,133,"5,763,241","212,476","5,975,717","76,557","25,279","10,167","2,453"
Locality: 810 VIRGINIA BEACH CITY,0059,059 - SHELTON PARK,"2,483",137,"2,620",126,8,4,100,"307,724","15,214","322,938","13,317",981,411,133,"5,763,241","212,476","5,975,717","76,557","25,279","10,167","2,453"
Locality: 810 VIRGINIA BEACH CITY,0060,060 - FOXFIRE,"3,697",107,"3,804",172,11,4,100,"307,724","15,214","322,938","13,317",981,411,133,"5,763,241","212,476","5,975,717","76,557","25,279","10,167","2,453"
Locality: 810 VIRGINIA BEACH CITY,0061,061 - BAKER,"3,700",581,"4,281",188,4,2,100,"307,724","15,214","322,938","13,317",981,411,133,"5,763,241","212,476","5,975,717","76,557","25,279","10,167","2,453"
Locality: 810 VIRGINIA BEACH CITY,0062,062 - LANDSTOWN,"3,475",106,"3,581",183,9,4,100,"307,724","15,214","322,938","13,317",981,411,133,"5,763,241","212,476","5,975,717","76,557","25,279","10,167","2,453"
Locality: 810 VIRGINIA BEACH CITY,0063,063 - CULVER,"4,235",185,"4,420",222,14,6,100,"307,724","15,214","322,938","13,317",981,411,133,"5,763,241","212,476","5,975,717","76,557","25,279","10,167","2,453"
Locality: 810 VIRGINIA BEACH CITY,0064,064 - ROSEMONT FOREST,"2,787",101,"2,888",156,5,3,100,"307,724","15,214","322,938","13,317",981,411,133,"5,763,241","212,476","5,975,717","76,557","25,279","10,167","2,453"
Locality: 810 VIRGINIA BEACH CITY,0065,065 - COLONIAL,"2,963",97,"3,060",155,13,3,100,"307,724","15,214","322,938","13,317",981,411,133,"5,763,241","212,476","5,975,717","76,557","25,279","10,167","2,453"
Locality: 810 VIRGINIA BEACH CITY,0066,066 - HUNT,"2,849",76,"2,925",111,9,4,100,"307,724","15,214","322,938","13,317",981,411,133,"5,763,241","212,476","5,975,717","76,557","25,279","10,167","2,453"
Locality: 810 VIRGINIA BEACH CITY,0067,067 - EASTERN SHORE,"2,078",194,"2,272",109,6,1,100,"307,724","15,214","322,938","13,317",981,411,133,"5,763,241","212,476","5,975,717","76,557","25,279","10,167","2,453"
Locality: 810 VIRGINIA BEACH CITY,0068,068 - MANOR,"2,891",95,"2,986",85,6,3,100,"307,724","15,214","322,938","13,317",981,411,133,"5,763,241","212,476","5,975,717","76,557","25,279","10,167","2,453"
Locality: 810 VIRGINIA BEACH CITY,0069,069 - SHELL,"2,551",213,"2,764",149,5,1,100,"307,724","15,214","322,938","13,317",981,411,133,"5,763,241","212,476","5,975,717","76,557","25,279","10,167","2,453"
Locality: 810 VIRGINIA BEACH CITY,0070,070 - CORPORATE LANDING,"4,110",221,"4,331",207,5,,100,"307,724","15,214","322,938","13,317",981,411,133,"5,763,241","212,476","5,975,717","76,557","25,279","10,167","2,453"
Locality: 810 VIRGINIA BEACH CITY,0071,071 - ROUND HILL,"1,924",61,"1,985",87,9,2,100,"307,724","15,214","322,938","13,317",981,411,133,"5,763,241","212,476","5,975,717","76,557","25,279","10,167","2,453"
Locality: 810 VIRGINIA BEACH CITY,0072,072 - RUDEE,"3,146",125,"3,271",70,12,7,100,"307,724","15,214","322,938","13,317",981,411,133,"5,763,241","212,476","5,975,717","76,557","25,279","10,167","2,453"
Locality: 810 VIRGINIA BEACH CITY,0073,073 - DAHLIA,"3,145",162,"3,307",187,6,6,100,"307,724","15,214","322,938","13,317",981,411,133,"5,763,241","212,476","5,975,717","76,557","25,279","10,167","2,453"
Locality: 810 VIRGINIA BEACH CITY,0074,074 - BUCKNER,"2,983",183,"3,166",92,4,4,100,"307,724","15,214","322,938","13,317",981,411,133,"5,763,241","212,476","5,975,717","76,557","25,279","10,167","2,453"
Locality: 810 VIRGINIA BEACH CITY,0075,075 - COLONY,"3,592",116,"3,708",126,17,8,100,"307,724","15,214","322,938","13,317",981,411,133,"5,763,241","212,476","5,975,717","76,557","25,279","10,167","2,453"
Locality: 810 VIRGINIA BEACH CITY,0076,076 - VILLAGE,"3,473",300,"3,773",181,4,1,100,"307,724","15,214","322,938","13,317",981,411,133,"5,763,241","212,476","5,975,717","76,557","25,279","10,167","2,453"
Locality: 810 VIRGINIA BEACH CITY,0077,077 - BROOKWOOD,"3,283",201,"3,484",148,5,1,100,"307,724","15,214","322,938","13,317",981,411,133,"5,763,241","212,476","5,975,717","76,557","25,279","10,167","2,453"
Locality: 810 VIRGINIA BEACH CITY,0078,078 - INDIAN LAKES,"2,727",106,"2,833",160,8,2,100,"307,724","15,214","322,938","13,317",981,411,133,"5,763,241","212,476","5,975,717","76,557","25,279","10,167","2,453"
Locality: 810 VIRGINIA BEACH CITY,0079,079 - PLEASANT HALL,"3,179",174,"3,353",133,5,1,100,"307,724","15,214","322,938","13,317",981,411,133,"5,763,241","212,476","5,975,717","76,557","25,279","10,167","2,453"
Locality: 810 VIRGINIA BEACH CITY,0080,080 - CHIMNEY HILL,"2,769",249,"3,018",152,4,2,100,"307,724","15,214","322,938","13,317",981,411,133,"5,763,241","212,476","5,975,717","76,557","25,279","10,167","2,453"
Locality: 810 VIRGINIA BEACH CITY,0081,081 - ROCK LAKE,"3,587",173,"3,760",182,14,2,100,"307,724","15,214","322,938","13,317",981,411,133,"5,763,241","212,476","5,975,717","76,557","25,279","10,167","2,453"
Locality: 810 VIRGINIA BEACH CITY,0082,082 - SHELBURNE,"2,625",64,"2,689",131,4,6,100,"307,724","15,214","322,938","13,317",981,411,133,"5,763,241","212,476","5,975,717","76,557","25,279","10,167","2,453"
Locality: 810 VIRGINIA BEACH CITY,0083,083 - STRAWBRIDGE,"3,536",131,"3,667",224,21,1,100,"307,724","15,214","322,938","13,317",981,411,133,"5,763,241","212,476","5,975,717","76,557","25,279","10,167","2,453"
Locality: 810 VIRGINIA BEACH CITY,0084,084 - TALLWOOD,"3,161",173,"3,334",165,20,3,100,"307,724","15,214","322,938","13,317",981,411,133,"5,763,241","212,476","5,975,717","76,557","25,279","10,167","2,453"
Locality: 810 VIRGINIA BEACH CITY,0085,085 - UPTON,"3,907",140,"4,047",171,11,6,100,"307,724","15,214","322,938","13,317",981,411,133,"5,763,241","212,476","5,975,717","76,557","25,279","10,167","2,453"
Locality: 810 VIRGINIA BEACH CITY,0086,086 - HAYGOOD,"3,292",97,"3,389",141,16,5,100,"307,724","15,214","322,938","13,317",981,411,133,"5,763,241","212,476","5,975,717","76,557","25,279","10,167","2,453"
Locality: 810 VIRGINIA BEACH CITY,0087,087 - HILLCREST,"2,814",79,"2,893",138,13,2,100,"307,724","15,214","322,938","13,317",981,411,133,"5,763,241","212,476","5,975,717","76,557","25,279","10,167","2,453"
Locality: 810 VIRGINIA BEACH CITY,0088,088 - NORTH LANDING,"2,886",113,"2,999",197,10,1,100,"307,724","15,214","322,938","13,317",981,411,133,"5,763,241","212,476","5,975,717","76,557","25,279","10,167","2,453"
Locality: 810 VIRGINIA BEACH CITY,0089,089 - LAKE CHRISTOPHER,"2,963",94,"3,057",137,20,6,100,"307,724","15,214","322,938","13,317",981,411,133,"5,763,241","212,476","5,975,717","76,557","25,279","10,167","2,453"
Locality: 810 VIRGINIA BEACH CITY,0090,090 - LAKE JOYCE,"2,144",82,"2,226",102,8,3,100,"307,724","15,214","322,938","13,317",981,411,133,"5,763,241","212,476","5,975,717","76,557","25,279","10,167","2,453"
Locality: 810 VIRGINIA BEACH CITY,0091,091 - LEXINGTON,"3,367",186,"3,553",224,12,7,100,"307,724","15,214","322,938","13,317",981,411,133,"5,763,241","212,476","5,975,717","76,557","25,279","10,167","2,453"
Locality: 810 VIRGINIA BEACH CITY,0092,092 - LITTLE NECK,"2,100",54,"2,154",54,6,5,100,"307,724","15,214","322,938","13,317",981,411,133,"5,763,241","212,476","5,975,717","76,557","25,279","10,167","2,453"
Locality: 810 VIRGINIA BEACH CITY,0093,093 - NEWTOWN,"3,582",375,"3,957",157,5,2,100,"307,724","15,214","322,938","13,317",981,411,133,"5,763,241","212,476","5,975,717","76,557","25,279","10,167","2,453"
Locality: 810 VIRGINIA BEACH CITY,0094,094 - PINEWOOD,"1,695",80,"1,775",53,7,1,100,"307,724","15,214","322,938","13,317",981,411,133,"5,763,241","212,476","5,975,717","76,557","25,279","10,167","2,453"
Locality: 810 VIRGINIA BEACH CITY,0095,095 - DAM NECK,"2,279",108,"2,387",133,8,3,100,"307,724","15,214","322,938","13,317",981,411,133,"5,763,241","212,476","5,975,717","76,557","25,279","10,167","2,453"
Locality: 810 VIRGINIA BEACH CITY,0096,096 - HILLTOP,"2,655",172,"2,827",84,7,7,100,"307,724","15,214","322,938","13,317",981,411,133,"5,763,241","212,476","5,975,717","76,557","25,279","10,167","2,453"
Locality: 810 VIRGINIA BEACH CITY,0097,097 - INDIAN RIVER,"3,007",109,"3,116",161,5,1,100,"307,724","15,214","322,938","13,317",981,411,133,"5,763,241","212,476","5,975,717","76,557","25,279","10,167","2,453"
Locality: 810 VIRGINIA BEACH CITY,0098,098 - INDEPENDENCE,"2,123",117,"2,240",166,5,,100,"307,724","15,214","322,938","13,317",981,411,133,"5,763,241","212,476","5,975,717","76,557","25,279","10,167","2,453"
Locality: 810 VIRGINIA BEACH CITY,0099,099 - SALEM WOODS,"2,405",141,"2,546",141,,2,100,"307,724","15,214","322,938","13,317",981,411,133,"5,763,241","212,476","5,975,717","76,557","25,279","10,167","2,453"
Locality: 810 VIRGINIA BEACH CITY,0100,100 - SANDBRIDGE,"1,467",88,"1,555",42,7,3,100,"307,724","15,214","322,938","13,317",981,411,133,"5,763,241","212,476","5,975,717","76,557","25,279","10,167","2,453"
Locality: 820 WAYNESBORO CITY,0001,001 - WARD A,"2,683",134,"2,817",10,1,1,4,"14,213",439,"14,652",52,30,6,133,"5,763,241","212,476","5,975,717","76,557","25,279","10,167","2,453"
Locality: 820 WAYNESBORO CITY,0002,002 - WARD B,"3,691",80,"3,771",16,21,2,4,"14,213",439,"14,652",52,30,6,133,"5,763,241","212,476","5,975,717","76,557","25,279","10,167","2,453"
Locality: 820 WAYNESBORO CITY,0003,003 - WARD C,"3,470",118,"3,588",14,3,,4,"14,213",439,"14,652",52,30,6,133,"5,763,241","212,476","5,975,717","76,557","25,279","10,167","2,453"
Locality: 820 WAYNESBORO CITY,0004,004 - WARD D,"4,369",107,"4,476",12,5,3,4,"14,213",439,"14,652",52,30,6,133,"5,763,241","212,476","5,975,717","76,557","25,279","10,167","2,453"
Locality: 830 WILLIAMSBURG CITY,0001,001 - STRYKER,"5,847",294,"6,141",80,33,17,2,"9,719",546,"10,265",107,74,31,133,"5,763,241","212,476","5,975,717","76,557","25,279","10,167","2,453"
Locality: 830 WILLIAMSBURG CITY,0002,002 - MATOAKA,"3,872",252,"4,124",27,41,14,2,"9,719",546,"10,265",107,74,31,133,"5,763,241","212,476","5,975,717","76,557","25,279","10,167","2,453"
Locality: 840 WINCHESTER CITY,0101,101 - MERRIMANS,"3,225",151,"3,376",23,28,12,6,"16,737",857,"17,594",97,57,33,133,"5,763,241","212,476","5,975,717","76,557","25,279","10,167","2,453"
Locality: 840 WINCHESTER CITY,0102,102 - OLD TOWN,"2,375",88,"2,463",11,10,6,6,"16,737",857,"17,594",97,57,33,133,"5,763,241","212,476","5,975,717","76,557","25,279","10,167","2,453"
Locality: 840 WINCHESTER CITY,0201,201 - VIRGINIA AVENUE,"3,316",238,"3,554",13,5,7,6,"16,737",857,"17,594",97,57,33,133,"5,763,241","212,476","5,975,717","76,557","25,279","10,167","2,453"
Locality: 840 WINCHESTER CITY,0301,301 - WAR MEMORIAL,"3,309",158,"3,467",18,6,,6,"16,737",857,"17,594",97,57,33,133,"5,763,241","212,476","5,975,717","76,557","25,279","10,167","2,453"
Locality: 840 WINCHESTER CITY,0401,401 - FREDERICK DOUGLASS,"1,851",110,"1,961",16,2,,6,"16,737",857,"17,594",97,57,33,133,"5,763,241","212,476","5,975,717","76,557","25,279","10,167","2,453"
Locality: 840 WINCHESTER CITY,0402,402 - ROLLING HILLS,"2,661",112,"2,773",16,6,8,6,"16,737",857,"17,594",97,57,33,133,"5,763,241","212,476","5,975,717","76,557","25,279","10,167","2,453"

