Locality,PrecinctCode,PrecinctName,ActiveVoters,InactiveVoters,AllVoters,MilitaryVoters,OverseasVoters,TempVoters,TotalPrecinctsInLocality,TotalActiveVotersPrecinctLocality,TotalInActiveVotersPrecinctLocality,TotalAllVotersPrecinctLocality,TotalMilitaryVotersPrecinctLocality,TotalOverseasVotersPrecinctLocality,TotalFederalVotersPrecinctLocality,StateTotalLocality,TotalActiveVotersLocality,TotalInActiveVotersLocality,TotalAllVotersLocality,TotalMilitaryVotersLocality,TotalOverseasVotersLocality,TotalFederalVotersLocality,StateTotalPrecincts
Locality: 001 ACCOMACK COUNTY,0101,101 - CHINCOTEAGUE,"2,658",122,"2,780",29,3,9,16,"23,631","1,043","24,674",223,17,41,133,"5,636,494","314,875","5,951,369","92,172","23,109","9,309","2,456"
Locality: 001 ACCOMACK COUNTY,0201,201 - ATLANTIC,"1,121",51,"1,172",14,,,16,"23,631","1,043","24,674",223,17,41,133,"5,636,494","314,875","5,951,369","92,172","23,109","9,309","2,456"
Locality: 001 ACCOMACK COUNTY,0202,202 - GREENBACKVILLE,"1,891",106,"1,997",35,,2,16,"23,631","1,043","24,674",223,17,41,133,"5,636,494","314,875","5,951,369","92,172","23,109","9,309","2,456"
Locality: 001 ACCOMACK COUNTY,0301,301 - NEW CHURCH,"2,560",176,"2,736",20,1,,16,"23,631","1,043","24,674",223,17,41,133,"5,636,494","314,875","5,951,369","92,172","23,109","9,309","2,456"
Locality: 001 ACCOMACK COUNTY,0401,401 - BLOXOM,848,34,882,6,,2,16,"23,631","1,043","24,674",223,17,41,133,"5,636,494","314,875","5,951,369","92,172","23,109","9,309","2,456"
Locality: 001 ACCOMACK COUNTY,0402,402 - PARKSLEY,"1,145",47,"1,192",11,3,2,16,"23,631","1,043","24,674",223,17,41,133,"5,636,494","314,875","5,951,369","92,172","23,109","9,309","2,456"
Locality: 001 ACCOMACK COUNTY,0403,403 - SAXIS,320,6,326,1,,,16,"23,631","1,043","24,674",223,17,41,133,"5,636,494","314,875","5,951,369","92,172","23,109","9,309","2,456"
Locality: 001 ACCOMACK COUNTY,0501,501 - MAPPSVILLE,"1,125",59,"1,184",3,1,2,16,"23,631","1,043","24,674",223,17,41,133,"5,636,494","314,875","5,951,369","92,172","23,109","9,309","2,456"
Locality: 001 ACCOMACK COUNTY,0502,502 - RUE,"1,011",42,"1,053",6,,,16,"23,631","1,043","24,674",223,17,41,133,"5,636,494","314,875","5,951,369","92,172","23,109","9,309","2,456"
Locality: 001 ACCOMACK COUNTY,0601,601 - ACCOMAC,"1,902",93,"1,995",18,2,2,16,"23,631","1,043","24,674",223,17,41,133,"5,636,494","314,875","5,951,369","92,172","23,109","9,309","2,456"
Locality: 001 ACCOMACK COUNTY,0602,602 - TANGIER,323,6,329,5,,2,16,"23,631","1,043","24,674",223,17,41,133,"5,636,494","314,875","5,951,369","92,172","23,109","9,309","2,456"
Locality: 001 ACCOMACK COUNTY,0701,701 - NANDUA,"2,863",102,"2,965",30,3,13,16,"23,631","1,043","24,674",223,17,41,133,"5,636,494","314,875","5,951,369","92,172","23,109","9,309","2,456"
Locality: 001 ACCOMACK COUNTY,0801,801 - BOBTOWN,900,28,928,4,2,3,16,"23,631","1,043","24,674",223,17,41,133,"5,636,494","314,875","5,951,369","92,172","23,109","9,309","2,456"
Locality: 001 ACCOMACK COUNTY,0802,802 - MELFA,"1,383",49,"1,432",5,,,16,"23,631","1,043","24,674",223,17,41,133,"5,636,494","314,875","5,951,369","92,172","23,109","9,309","2,456"
Locality: 001 ACCOMACK COUNTY,0803,803 - WACHAPREAGUE,774,17,791,9,1,,16,"23,631","1,043","24,674",223,17,41,133,"5,636,494","314,875","5,951,369","92,172","23,109","9,309","2,456"
Locality: 001 ACCOMACK COUNTY,0901,901 - PAINTER,"2,807",105,"2,912",27,1,4,16,"23,631","1,043","24,674",223,17,41,133,"5,636,494","314,875","5,951,369","92,172","23,109","9,309","2,456"
Locality: 003 ALBEMARLE COUNTY,0101,101 - WOODBROOK,"2,940",147,"3,087",15,12,1,30,"77,246","4,492","81,738",628,570,170,133,"5,636,494","314,875","5,951,369","92,172","23,109","9,309","2,456"
Locality: 003 ALBEMARLE COUNTY,0103,103 - BRANCHLANDS,"1,188",203,"1,391",14,5,1,30,"77,246","4,492","81,738",628,570,170,133,"5,636,494","314,875","5,951,369","92,172","23,109","9,309","2,456"
Locality: 003 ALBEMARLE COUNTY,0104,104 - AGNOR-HURT,"2,473",136,"2,609",13,15,7,30,"77,246","4,492","81,738",628,570,170,133,"5,636,494","314,875","5,951,369","92,172","23,109","9,309","2,456"
Locality: 003 ALBEMARLE COUNTY,0105,105 - DUNLORA,"3,441",170,"3,611",26,27,5,30,"77,246","4,492","81,738",628,570,170,133,"5,636,494","314,875","5,951,369","92,172","23,109","9,309","2,456"
Locality: 003 ALBEMARLE COUNTY,0106,106 - NORTHSIDE,"3,708",210,"3,918",50,28,4,30,"77,246","4,492","81,738",628,570,170,133,"5,636,494","314,875","5,951,369","92,172","23,109","9,309","2,456"
Locality: 003 ALBEMARLE COUNTY,0201,201 - JACK JOUETT,"3,593",208,"3,801",20,39,23,30,"77,246","4,492","81,738",628,570,170,133,"5,636,494","314,875","5,951,369","92,172","23,109","9,309","2,456"
Locality: 003 ALBEMARLE COUNTY,0202,202 - UNIVERSITY,"2,679",957,"3,636",19,45,17,30,"77,246","4,492","81,738",628,570,170,133,"5,636,494","314,875","5,951,369","92,172","23,109","9,309","2,456"
Locality: 003 ALBEMARLE COUNTY,0203,203 - GEORGETOWN,"3,140",257,"3,397",31,18,14,30,"77,246","4,492","81,738",628,570,170,133,"5,636,494","314,875","5,951,369","92,172","23,109","9,309","2,456"
Locality: 003 ALBEMARLE COUNTY,0301,301 - IVY,"3,896",142,"4,038",27,43,14,30,"77,246","4,492","81,738",628,570,170,133,"5,636,494","314,875","5,951,369","92,172","23,109","9,309","2,456"
Locality: 003 ALBEMARLE COUNTY,0302,302 - RED HILL,"3,104",111,"3,215",14,31,7,30,"77,246","4,492","81,738",628,570,170,133,"5,636,494","314,875","5,951,369","92,172","23,109","9,309","2,456"
Locality: 003 ALBEMARLE COUNTY,0304,304 - EAST IVY,"1,075",35,"1,110",7,13,2,30,"77,246","4,492","81,738",628,570,170,133,"5,636,494","314,875","5,951,369","92,172","23,109","9,309","2,456"
Locality: 003 ALBEMARLE COUNTY,0305,305 - COUNTRY GREEN,"2,900",121,"3,021",21,18,2,30,"77,246","4,492","81,738",628,570,170,133,"5,636,494","314,875","5,951,369","92,172","23,109","9,309","2,456"
Locality: 003 ALBEMARLE COUNTY,0306,306 - PORTERS,"1,646",44,"1,690",11,7,1,30,"77,246","4,492","81,738",628,570,170,133,"5,636,494","314,875","5,951,369","92,172","23,109","9,309","2,456"
Locality: 003 ALBEMARLE COUNTY,0307,307 - YELLOW MOUNTAIN,715,32,747,4,8,4,30,"77,246","4,492","81,738",628,570,170,133,"5,636,494","314,875","5,951,369","92,172","23,109","9,309","2,456"
Locality: 003 ALBEMARLE COUNTY,0401,401 - SCOTTSVILLE,"1,672",89,"1,761",5,12,3,30,"77,246","4,492","81,738",628,570,170,133,"5,636,494","314,875","5,951,369","92,172","23,109","9,309","2,456"
Locality: 003 ALBEMARLE COUNTY,0402,402 - MONTICELLO,"1,607",44,"1,651",11,7,,30,"77,246","4,492","81,738",628,570,170,133,"5,636,494","314,875","5,951,369","92,172","23,109","9,309","2,456"
Locality: 003 ALBEMARLE COUNTY,0405,405 - MOUNTAIN VIEW,"3,043",147,"3,190",18,13,4,30,"77,246","4,492","81,738",628,570,170,133,"5,636,494","314,875","5,951,369","92,172","23,109","9,309","2,456"
Locality: 003 ALBEMARLE COUNTY,0406,406 - STONE ROBINSON,"3,367",96,"3,463",16,13,4,30,"77,246","4,492","81,738",628,570,170,133,"5,636,494","314,875","5,951,369","92,172","23,109","9,309","2,456"
Locality: 003 ALBEMARLE COUNTY,0407,407 - BISCUIT RUN,"2,297",274,"2,571",15,13,3,30,"77,246","4,492","81,738",628,570,170,133,"5,636,494","314,875","5,951,369","92,172","23,109","9,309","2,456"
Locality: 003 ALBEMARLE COUNTY,0501,501 - KESWICK,"1,526",56,"1,582",13,10,3,30,"77,246","4,492","81,738",628,570,170,133,"5,636,494","314,875","5,951,369","92,172","23,109","9,309","2,456"
Locality: 003 ALBEMARLE COUNTY,0502,502 - STONY POINT,"1,621",44,"1,665",25,14,6,30,"77,246","4,492","81,738",628,570,170,133,"5,636,494","314,875","5,951,369","92,172","23,109","9,309","2,456"
Locality: 003 ALBEMARLE COUNTY,0503,503 - HOLLYMEAD,"2,558",103,"2,661",48,22,4,30,"77,246","4,492","81,738",628,570,170,133,"5,636,494","314,875","5,951,369","92,172","23,109","9,309","2,456"
Locality: 003 ALBEMARLE COUNTY,0504,504 - FREE BRIDGE,"2,562",191,"2,753",14,12,6,30,"77,246","4,492","81,738",628,570,170,133,"5,636,494","314,875","5,951,369","92,172","23,109","9,309","2,456"
Locality: 003 ALBEMARLE COUNTY,0506,506 - BAKER-BUTLER,"3,281",118,"3,399",47,27,5,30,"77,246","4,492","81,738",628,570,170,133,"5,636,494","314,875","5,951,369","92,172","23,109","9,309","2,456"
Locality: 003 ALBEMARLE COUNTY,0507,507 - PANTOPS,"2,291",56,"2,347",16,19,3,30,"77,246","4,492","81,738",628,570,170,133,"5,636,494","314,875","5,951,369","92,172","23,109","9,309","2,456"
Locality: 003 ALBEMARLE COUNTY,0601,601 - CROZET,"3,552",121,"3,673",30,30,7,30,"77,246","4,492","81,738",628,570,170,133,"5,636,494","314,875","5,951,369","92,172","23,109","9,309","2,456"
Locality: 003 ALBEMARLE COUNTY,0602,602 - FREE UNION,"1,440",30,"1,470",14,9,8,30,"77,246","4,492","81,738",628,570,170,133,"5,636,494","314,875","5,951,369","92,172","23,109","9,309","2,456"
Locality: 003 ALBEMARLE COUNTY,0603,603 - EARLYSVILLE,"3,236",105,"3,341",30,20,6,30,"77,246","4,492","81,738",628,570,170,133,"5,636,494","314,875","5,951,369","92,172","23,109","9,309","2,456"
Locality: 003 ALBEMARLE COUNTY,0604,604 - BROWNSVILLE,"3,074",116,"3,190",28,18,4,30,"77,246","4,492","81,738",628,570,170,133,"5,636,494","314,875","5,951,369","92,172","23,109","9,309","2,456"
Locality: 003 ALBEMARLE COUNTY,0606,606 - MECHUMS RIVER,"3,621",129,"3,750",26,22,2,30,"77,246","4,492","81,738",628,570,170,133,"5,636,494","314,875","5,951,369","92,172","23,109","9,309","2,456"
Locality: 005 ALLEGHANY COUNTY,0101,101 - ARRITT,"1,140",23,"1,163",7,2,2,12,"10,718",299,"11,017",54,10,6,133,"5,636,494","314,875","5,951,369","92,172","23,109","9,309","2,456"
Locality: 005 ALLEGHANY COUNTY,0103,103 - DAMERON,363,12,375,3,,,12,"10,718",299,"11,017",54,10,6,133,"5,636,494","314,875","5,951,369","92,172","23,109","9,309","2,456"
Locality: 005 ALLEGHANY COUNTY,0201,201 - HUMPBACK BRIDGE,614,17,631,9,2,,12,"10,718",299,"11,017",54,10,6,133,"5,636,494","314,875","5,951,369","92,172","23,109","9,309","2,456"
Locality: 005 ALLEGHANY COUNTY,0202,202 - DOLLY ANN,839,31,870,2,1,,12,"10,718",299,"11,017",54,10,6,133,"5,636,494","314,875","5,951,369","92,172","23,109","9,309","2,456"
Locality: 005 ALLEGHANY COUNTY,0301,301 - CALLAGHAN,623,7,630,1,,,12,"10,718",299,"11,017",54,10,6,133,"5,636,494","314,875","5,951,369","92,172","23,109","9,309","2,456"
Locality: 005 ALLEGHANY COUNTY,0302,302 - GRIFFITH,"1,044",18,"1,062",4,,,12,"10,718",299,"11,017",54,10,6,133,"5,636,494","314,875","5,951,369","92,172","23,109","9,309","2,456"
Locality: 005 ALLEGHANY COUNTY,0401,401 - LOW MOOR,829,25,854,1,2,2,12,"10,718",299,"11,017",54,10,6,133,"5,636,494","314,875","5,951,369","92,172","23,109","9,309","2,456"
Locality: 005 ALLEGHANY COUNTY,0402,402 - JACKSON HEIGHTS,909,23,932,4,1,,12,"10,718",299,"11,017",54,10,6,133,"5,636,494","314,875","5,951,369","92,172","23,109","9,309","2,456"
Locality: 005 ALLEGHANY COUNTY,0501,501 - IRON GATE,408,8,416,1,,,12,"10,718",299,"11,017",54,10,6,133,"5,636,494","314,875","5,951,369","92,172","23,109","9,309","2,456"
Locality: 005 ALLEGHANY COUNTY,0502,502 - PETERS SWITCH,"1,171",25,"1,196",3,,,12,"10,718",299,"11,017",54,10,6,133,"5,636,494","314,875","5,951,369","92,172","23,109","9,309","2,456"
Locality: 005 ALLEGHANY COUNTY,0601,601 - DISTRICT 1,"1,539",44,"1,583",7,1,1,12,"10,718",299,"11,017",54,10,6,133,"5,636,494","314,875","5,951,369","92,172","23,109","9,309","2,456"
Locality: 005 ALLEGHANY COUNTY,0701,701 - DISTRICT 2,"1,239",66,"1,305",12,1,1,12,"10,718",299,"11,017",54,10,6,133,"5,636,494","314,875","5,951,369","92,172","23,109","9,309","2,456"
Locality: 007 AMELIA COUNTY,0101,101 - NUMBER ONE,"1,747",43,"1,790",12,,,5,"9,649",265,"9,914",81,11,2,133,"5,636,494","314,875","5,951,369","92,172","23,109","9,309","2,456"
Locality: 007 AMELIA COUNTY,0201,201 - NUMBER TWO,"1,918",53,"1,971",16,4,,5,"9,649",265,"9,914",81,11,2,133,"5,636,494","314,875","5,951,369","92,172","23,109","9,309","2,456"
Locality: 007 AMELIA COUNTY,0301,301 - NUMBER THREE,"1,929",51,"1,980",22,2,1,5,"9,649",265,"9,914",81,11,2,133,"5,636,494","314,875","5,951,369","92,172","23,109","9,309","2,456"
Locality: 007 AMELIA COUNTY,0401,401 - NUMBER FOUR,"1,873",57,"1,930",11,4,,5,"9,649",265,"9,914",81,11,2,133,"5,636,494","314,875","5,951,369","92,172","23,109","9,309","2,456"
Locality: 007 AMELIA COUNTY,0501,501 - NUMBER FIVE,"2,182",61,"2,243",20,1,1,5,"9,649",265,"9,914",81,11,2,133,"5,636,494","314,875","5,951,369","92,172","23,109","9,309","2,456"
Locality: 009 AMHERST COUNTY,0101,101 - WRIGHT SHOP,"1,593",56,"1,649",6,1,1,11,"21,609",737,"22,346",158,21,20,133,"5,636,494","314,875","5,951,369","92,172","23,109","9,309","2,456"
Locality: 009 AMHERST COUNTY,0102,102 - NEW GLASGOW,"1,981",63,"2,044",19,,1,11,"21,609",737,"22,346",158,21,20,133,"5,636,494","314,875","5,951,369","92,172","23,109","9,309","2,456"
Locality: 009 AMHERST COUNTY,0103,103 - COOLWELL,951,36,987,9,,,11,"21,609",737,"22,346",158,21,20,133,"5,636,494","314,875","5,951,369","92,172","23,109","9,309","2,456"
Locality: 009 AMHERST COUNTY,0201,201 - COURT HOUSE,"3,033",111,"3,144",24,2,8,11,"21,609",737,"22,346",158,21,20,133,"5,636,494","314,875","5,951,369","92,172","23,109","9,309","2,456"
Locality: 009 AMHERST COUNTY,0202,202 - TEMPERANCE,"1,164",29,"1,193",10,3,,11,"21,609",737,"22,346",158,21,20,133,"5,636,494","314,875","5,951,369","92,172","23,109","9,309","2,456"
Locality: 009 AMHERST COUNTY,0301,301 - MONROE,"1,194",58,"1,252",10,1,1,11,"21,609",737,"22,346",158,21,20,133,"5,636,494","314,875","5,951,369","92,172","23,109","9,309","2,456"
Locality: 009 AMHERST COUNTY,0302,302 - ELON,"2,832",59,"2,891",24,7,1,11,"21,609",737,"22,346",158,21,20,133,"5,636,494","314,875","5,951,369","92,172","23,109","9,309","2,456"
Locality: 009 AMHERST COUNTY,0303,303 - PLEASANT VIEW,693,31,724,6,,,11,"21,609",737,"22,346",158,21,20,133,"5,636,494","314,875","5,951,369","92,172","23,109","9,309","2,456"
Locality: 009 AMHERST COUNTY,0401,401 - AMELON,"3,360",122,"3,482",17,6,4,11,"21,609",737,"22,346",158,21,20,133,"5,636,494","314,875","5,951,369","92,172","23,109","9,309","2,456"
Locality: 009 AMHERST COUNTY,0402,402 - LONCO,"1,030",42,"1,072",10,,1,11,"21,609",737,"22,346",158,21,20,133,"5,636,494","314,875","5,951,369","92,172","23,109","9,309","2,456"
Locality: 009 AMHERST COUNTY,0501,501 - MADISON,"3,778",130,"3,908",23,1,3,11,"21,609",737,"22,346",158,21,20,133,"5,636,494","314,875","5,951,369","92,172","23,109","9,309","2,456"
Locality: 011 APPOMATTOX COUNTY,0101,101 - VERA,862,21,883,9,2,,9,"11,559",325,"11,884",87,13,1,133,"5,636,494","314,875","5,951,369","92,172","23,109","9,309","2,456"
Locality: 011 APPOMATTOX COUNTY,0102,102 - PAMPLIN,"1,490",40,"1,530",14,2,1,9,"11,559",325,"11,884",87,13,1,133,"5,636,494","314,875","5,951,369","92,172","23,109","9,309","2,456"
Locality: 011 APPOMATTOX COUNTY,0201,201 - CHAP,611,22,633,6,,,9,"11,559",325,"11,884",87,13,1,133,"5,636,494","314,875","5,951,369","92,172","23,109","9,309","2,456"
Locality: 011 APPOMATTOX COUNTY,0202,202 - SPOUT SPRING,"1,813",38,"1,851",7,2,,9,"11,559",325,"11,884",87,13,1,133,"5,636,494","314,875","5,951,369","92,172","23,109","9,309","2,456"
Locality: 011 APPOMATTOX COUNTY,0301,301 - US  460,"1,088",28,"1,116",5,2,,9,"11,559",325,"11,884",87,13,1,133,"5,636,494","314,875","5,951,369","92,172","23,109","9,309","2,456"
Locality: 011 APPOMATTOX COUNTY,0302,302 - STONEWALL,"1,344",61,"1,405",20,,,9,"11,559",325,"11,884",87,13,1,133,"5,636,494","314,875","5,951,369","92,172","23,109","9,309","2,456"
Locality: 011 APPOMATTOX COUNTY,0401,401 - COURTHOUSE,"2,129",59,"2,188",16,3,,9,"11,559",325,"11,884",87,13,1,133,"5,636,494","314,875","5,951,369","92,172","23,109","9,309","2,456"
Locality: 011 APPOMATTOX COUNTY,0501,501 - OAKVILLE,"1,596",42,"1,638",8,2,,9,"11,559",325,"11,884",87,13,1,133,"5,636,494","314,875","5,951,369","92,172","23,109","9,309","2,456"
Locality: 011 APPOMATTOX COUNTY,0502,502 - AGEE,626,14,640,2,,,9,"11,559",325,"11,884",87,13,1,133,"5,636,494","314,875","5,951,369","92,172","23,109","9,309","2,456"
Locality: 013 ARLINGTON COUNTY,0001,001 - ARLINGTON,"2,803",183,"2,986",41,29,10,54,"154,781","14,866","169,647","2,223","3,206","1,172",133,"5,636,494","314,875","5,951,369","92,172","23,109","9,309","2,456"
Locality: 013 ARLINGTON COUNTY,0002,002 - ASHTON HEIGHTS,"3,252",294,"3,546",21,72,23,54,"154,781","14,866","169,647","2,223","3,206","1,172",133,"5,636,494","314,875","5,951,369","92,172","23,109","9,309","2,456"
Locality: 013 ARLINGTON COUNTY,0003,003 - AURORA HILLS,"1,853",134,"1,987",39,37,27,54,"154,781","14,866","169,647","2,223","3,206","1,172",133,"5,636,494","314,875","5,951,369","92,172","23,109","9,309","2,456"
Locality: 013 ARLINGTON COUNTY,0004,004 - BALLSTON,"3,464",313,"3,777",30,60,24,54,"154,781","14,866","169,647","2,223","3,206","1,172",133,"5,636,494","314,875","5,951,369","92,172","23,109","9,309","2,456"
Locality: 013 ARLINGTON COUNTY,0005,005 - BARCROFT,"2,741",190,"2,931",45,47,16,54,"154,781","14,866","169,647","2,223","3,206","1,172",133,"5,636,494","314,875","5,951,369","92,172","23,109","9,309","2,456"
Locality: 013 ARLINGTON COUNTY,0006,006 - CRYSTAL CITY,"2,565",460,"3,025",84,52,27,54,"154,781","14,866","169,647","2,223","3,206","1,172",133,"5,636,494","314,875","5,951,369","92,172","23,109","9,309","2,456"
Locality: 013 ARLINGTON COUNTY,0007,007 - CHERRYDALE,"3,060",186,"3,246",26,58,36,54,"154,781","14,866","169,647","2,223","3,206","1,172",133,"5,636,494","314,875","5,951,369","92,172","23,109","9,309","2,456"
Locality: 013 ARLINGTON COUNTY,0008,008 - HUME,"3,780",559,"4,339",87,96,33,54,"154,781","14,866","169,647","2,223","3,206","1,172",133,"5,636,494","314,875","5,951,369","92,172","23,109","9,309","2,456"
Locality: 013 ARLINGTON COUNTY,0009,009 - COLUMBIA,"3,814",395,"4,209",59,82,14,54,"154,781","14,866","169,647","2,223","3,206","1,172",133,"5,636,494","314,875","5,951,369","92,172","23,109","9,309","2,456"
Locality: 013 ARLINGTON COUNTY,0010,010 - WILSON,"4,329",518,"4,847",142,182,46,54,"154,781","14,866","169,647","2,223","3,206","1,172",133,"5,636,494","314,875","5,951,369","92,172","23,109","9,309","2,456"
Locality: 013 ARLINGTON COUNTY,0011,011 - EAST FALLS CHURCH,"2,153",113,"2,266",23,72,11,54,"154,781","14,866","169,647","2,223","3,206","1,172",133,"5,636,494","314,875","5,951,369","92,172","23,109","9,309","2,456"
Locality: 013 ARLINGTON COUNTY,0012,012 - FAIRLINGTON,"2,591",167,"2,758",53,72,30,54,"154,781","14,866","169,647","2,223","3,206","1,172",133,"5,636,494","314,875","5,951,369","92,172","23,109","9,309","2,456"
Locality: 013 ARLINGTON COUNTY,0013,013 - GLEN CARLYN,"2,145",104,"2,249",30,38,4,54,"154,781","14,866","169,647","2,223","3,206","1,172",133,"5,636,494","314,875","5,951,369","92,172","23,109","9,309","2,456"
Locality: 013 ARLINGTON COUNTY,0014,014 - CLARENDON,"2,325",260,"2,585",18,50,14,54,"154,781","14,866","169,647","2,223","3,206","1,172",133,"5,636,494","314,875","5,951,369","92,172","23,109","9,309","2,456"
Locality: 013 ARLINGTON COUNTY,0015,015 - LYON PARK,"1,762",138,"1,900",31,45,16,54,"154,781","14,866","169,647","2,223","3,206","1,172",133,"5,636,494","314,875","5,951,369","92,172","23,109","9,309","2,456"
Locality: 013 ARLINGTON COUNTY,0016,016 - LYON VILLAGE,"3,272",304,"3,576",19,84,28,54,"154,781","14,866","169,647","2,223","3,206","1,172",133,"5,636,494","314,875","5,951,369","92,172","23,109","9,309","2,456"
Locality: 013 ARLINGTON COUNTY,0017,017 - OVERLEE KNOLLS,"3,234",211,"3,445",35,66,30,54,"154,781","14,866","169,647","2,223","3,206","1,172",133,"5,636,494","314,875","5,951,369","92,172","23,109","9,309","2,456"
Locality: 013 ARLINGTON COUNTY,0018,018 - PARK LANE,"5,410",833,"6,243",50,148,40,54,"154,781","14,866","169,647","2,223","3,206","1,172",133,"5,636,494","314,875","5,951,369","92,172","23,109","9,309","2,456"
Locality: 013 ARLINGTON COUNTY,0019,019 - ROSSLYN,"4,008",657,"4,665",48,151,72,54,"154,781","14,866","169,647","2,223","3,206","1,172",133,"5,636,494","314,875","5,951,369","92,172","23,109","9,309","2,456"
Locality: 013 ARLINGTON COUNTY,0020,020 - THRIFTON,"2,941",124,"3,065",33,56,25,54,"154,781","14,866","169,647","2,223","3,206","1,172",133,"5,636,494","314,875","5,951,369","92,172","23,109","9,309","2,456"
Locality: 013 ARLINGTON COUNTY,0021,021 - VIRGINIA HIGHLANDS,"1,734",148,"1,882",23,23,12,54,"154,781","14,866","169,647","2,223","3,206","1,172",133,"5,636,494","314,875","5,951,369","92,172","23,109","9,309","2,456"
Locality: 013 ARLINGTON COUNTY,0022,022 - ABINGDON,"2,893",258,"3,151",60,88,22,54,"154,781","14,866","169,647","2,223","3,206","1,172",133,"5,636,494","314,875","5,951,369","92,172","23,109","9,309","2,456"
Locality: 013 ARLINGTON COUNTY,0023,023 - WESTOVER,"2,834",143,"2,977",30,62,16,54,"154,781","14,866","169,647","2,223","3,206","1,172",133,"5,636,494","314,875","5,951,369","92,172","23,109","9,309","2,456"
Locality: 013 ARLINGTON COUNTY,0024,024 - WOODLAWN,"3,946",251,"4,197",38,65,23,54,"154,781","14,866","169,647","2,223","3,206","1,172",133,"5,636,494","314,875","5,951,369","92,172","23,109","9,309","2,456"
Locality: 013 ARLINGTON COUNTY,0025,025 - ARLINGTON FOREST,"2,841",203,"3,044",28,72,21,54,"154,781","14,866","169,647","2,223","3,206","1,172",133,"5,636,494","314,875","5,951,369","92,172","23,109","9,309","2,456"
Locality: 013 ARLINGTON COUNTY,0026,026 - FILLMORE,"3,627",400,"4,027",49,53,17,54,"154,781","14,866","169,647","2,223","3,206","1,172",133,"5,636,494","314,875","5,951,369","92,172","23,109","9,309","2,456"
Locality: 013 ARLINGTON COUNTY,0027,027 - JEFFERSON,"3,108",221,"3,329",53,45,19,54,"154,781","14,866","169,647","2,223","3,206","1,172",133,"5,636,494","314,875","5,951,369","92,172","23,109","9,309","2,456"
Locality: 013 ARLINGTON COUNTY,0028,028 - WAKEFIELD,"3,713",379,"4,092",61,46,22,54,"154,781","14,866","169,647","2,223","3,206","1,172",133,"5,636,494","314,875","5,951,369","92,172","23,109","9,309","2,456"
Locality: 013 ARLINGTON COUNTY,0029,029 - DOMINION HILLS,"2,747",94,"2,841",36,66,37,54,"154,781","14,866","169,647","2,223","3,206","1,172",133,"5,636,494","314,875","5,951,369","92,172","23,109","9,309","2,456"
Locality: 013 ARLINGTON COUNTY,0030,030 - GLEBE,"3,221",257,"3,478",40,23,4,54,"154,781","14,866","169,647","2,223","3,206","1,172",133,"5,636,494","314,875","5,951,369","92,172","23,109","9,309","2,456"
Locality: 013 ARLINGTON COUNTY,0031,031 - LEXINGTON,"2,947",111,"3,058",32,40,19,54,"154,781","14,866","169,647","2,223","3,206","1,172",133,"5,636,494","314,875","5,951,369","92,172","23,109","9,309","2,456"
Locality: 013 ARLINGTON COUNTY,0032,032 - OAKRIDGE,"1,328",142,"1,470",46,23,14,54,"154,781","14,866","169,647","2,223","3,206","1,172",133,"5,636,494","314,875","5,951,369","92,172","23,109","9,309","2,456"
Locality: 013 ARLINGTON COUNTY,0033,033 - ROCK SPRING,"3,052",114,"3,166",28,43,25,54,"154,781","14,866","169,647","2,223","3,206","1,172",133,"5,636,494","314,875","5,951,369","92,172","23,109","9,309","2,456"
Locality: 013 ARLINGTON COUNTY,0034,034 - YORKTOWN,"2,621",102,"2,723",24,54,17,54,"154,781","14,866","169,647","2,223","3,206","1,172",133,"5,636,494","314,875","5,951,369","92,172","23,109","9,309","2,456"
Locality: 013 ARLINGTON COUNTY,0035,035 - MADISON,"3,234",132,"3,366",37,48,24,54,"154,781","14,866","169,647","2,223","3,206","1,172",133,"5,636,494","314,875","5,951,369","92,172","23,109","9,309","2,456"
Locality: 013 ARLINGTON COUNTY,0036,036 - MARSHALL,"3,264",206,"3,470",30,70,25,54,"154,781","14,866","169,647","2,223","3,206","1,172",133,"5,636,494","314,875","5,951,369","92,172","23,109","9,309","2,456"
Locality: 013 ARLINGTON COUNTY,0037,037 - NOTTINGHAM,"2,584",78,"2,662",16,46,14,54,"154,781","14,866","169,647","2,223","3,206","1,172",133,"5,636,494","314,875","5,951,369","92,172","23,109","9,309","2,456"
Locality: 013 ARLINGTON COUNTY,0038,038 - ARLINGTON VIEW,"2,945",382,"3,327",56,43,23,54,"154,781","14,866","169,647","2,223","3,206","1,172",133,"5,636,494","314,875","5,951,369","92,172","23,109","9,309","2,456"
Locality: 013 ARLINGTON COUNTY,0039,039 - ASHLAWN,"1,712",85,"1,797",21,30,16,54,"154,781","14,866","169,647","2,223","3,206","1,172",133,"5,636,494","314,875","5,951,369","92,172","23,109","9,309","2,456"
Locality: 013 ARLINGTON COUNTY,0040,040 - VIRGINIA SQUARE,"3,872",504,"4,376",34,94,21,54,"154,781","14,866","169,647","2,223","3,206","1,172",133,"5,636,494","314,875","5,951,369","92,172","23,109","9,309","2,456"
Locality: 013 ARLINGTON COUNTY,0041,041 - NAVY LEAGUE,"3,216",434,"3,650",35,84,42,54,"154,781","14,866","169,647","2,223","3,206","1,172",133,"5,636,494","314,875","5,951,369","92,172","23,109","9,309","2,456"
Locality: 013 ARLINGTON COUNTY,0042,042 - SHIRLINGTON,"2,510",313,"2,823",54,54,11,54,"154,781","14,866","169,647","2,223","3,206","1,172",133,"5,636,494","314,875","5,951,369","92,172","23,109","9,309","2,456"
Locality: 013 ARLINGTON COUNTY,0043,043 - CAMPBELL,"2,636",182,"2,818",33,16,3,54,"154,781","14,866","169,647","2,223","3,206","1,172",133,"5,636,494","314,875","5,951,369","92,172","23,109","9,309","2,456"
Locality: 013 ARLINGTON COUNTY,0044,044 - DAWSON TERRACE,"2,371",331,"2,702",33,63,35,54,"154,781","14,866","169,647","2,223","3,206","1,172",133,"5,636,494","314,875","5,951,369","92,172","23,109","9,309","2,456"
Locality: 013 ARLINGTON COUNTY,0045,045 - BUCKINGHAM,"2,471",247,"2,718",22,55,21,54,"154,781","14,866","169,647","2,223","3,206","1,172",133,"5,636,494","314,875","5,951,369","92,172","23,109","9,309","2,456"
Locality: 013 ARLINGTON COUNTY,0046,046 - CENTRAL,"3,808",524,"4,332",40,83,30,54,"154,781","14,866","169,647","2,223","3,206","1,172",133,"5,636,494","314,875","5,951,369","92,172","23,109","9,309","2,456"
Locality: 013 ARLINGTON COUNTY,0047,047 - FOUR MILE RUN,"2,297",198,"2,495",39,46,22,54,"154,781","14,866","169,647","2,223","3,206","1,172",133,"5,636,494","314,875","5,951,369","92,172","23,109","9,309","2,456"
Locality: 013 ARLINGTON COUNTY,0048,048 - AUSA,"2,494",352,"2,846",29,56,9,54,"154,781","14,866","169,647","2,223","3,206","1,172",133,"5,636,494","314,875","5,951,369","92,172","23,109","9,309","2,456"
Locality: 013 ARLINGTON COUNTY,0049,049 - MONROE,"2,344",243,"2,587",18,44,6,54,"154,781","14,866","169,647","2,223","3,206","1,172",133,"5,636,494","314,875","5,951,369","92,172","23,109","9,309","2,456"
Locality: 013 ARLINGTON COUNTY,0050,050 - CRYSTAL PLAZA,"3,074",563,"3,637",83,58,31,54,"154,781","14,866","169,647","2,223","3,206","1,172",133,"5,636,494","314,875","5,951,369","92,172","23,109","9,309","2,456"
Locality: 013 ARLINGTON COUNTY,0051,051 - TAYLOR,751,67,818,7,5,3,54,"154,781","14,866","169,647","2,223","3,206","1,172",133,"5,636,494","314,875","5,951,369","92,172","23,109","9,309","2,456"
Locality: 013 ARLINGTON COUNTY,0052,052 - GUNSTON,"2,446",366,"2,812",72,39,12,54,"154,781","14,866","169,647","2,223","3,206","1,172",133,"5,636,494","314,875","5,951,369","92,172","23,109","9,309","2,456"
Locality: 013 ARLINGTON COUNTY,0053,053 - MET PARK,"3,167",469,"3,636",86,49,16,54,"154,781","14,866","169,647","2,223","3,206","1,172",133,"5,636,494","314,875","5,951,369","92,172","23,109","9,309","2,456"
Locality: 013 ARLINGTON COUNTY,0054,054 - GARFIELD PARK,"1,471",224,"1,695",16,23,14,54,"154,781","14,866","169,647","2,223","3,206","1,172",133,"5,636,494","314,875","5,951,369","92,172","23,109","9,309","2,456"
Locality: 015 AUGUSTA COUNTY,0101,101 - JOLIVUE,"1,452",42,"1,494",9,1,,25,"52,174","1,418","53,592",272,62,35,133,"5,636,494","314,875","5,951,369","92,172","23,109","9,309","2,456"
Locality: 015 AUGUSTA COUNTY,0102,102 - STUARTS DRAFT ELEMENTARY,"1,823",85,"1,908",12,2,2,25,"52,174","1,418","53,592",272,62,35,133,"5,636,494","314,875","5,951,369","92,172","23,109","9,309","2,456"
Locality: 015 AUGUSTA COUNTY,0103,103 - VERONA,"2,985",88,"3,073",10,4,3,25,"52,174","1,418","53,592",272,62,35,133,"5,636,494","314,875","5,951,369","92,172","23,109","9,309","2,456"
Locality: 015 AUGUSTA COUNTY,0201,201 - CRIMORA,"3,243",89,"3,332",20,1,,25,"52,174","1,418","53,592",272,62,35,133,"5,636,494","314,875","5,951,369","92,172","23,109","9,309","2,456"
Locality: 015 AUGUSTA COUNTY,0202,202 - NEW HOPE,"1,643",38,"1,681",8,2,1,25,"52,174","1,418","53,592",272,62,35,133,"5,636,494","314,875","5,951,369","92,172","23,109","9,309","2,456"
Locality: 015 AUGUSTA COUNTY,0203,203 - WEYERS CAVE,"2,609",61,"2,670",10,3,,25,"52,174","1,418","53,592",272,62,35,133,"5,636,494","314,875","5,951,369","92,172","23,109","9,309","2,456"
Locality: 015 AUGUSTA COUNTY,0301,301 - FORT DEFIANCE,"3,983",93,"4,076",16,3,3,25,"52,174","1,418","53,592",272,62,35,133,"5,636,494","314,875","5,951,369","92,172","23,109","9,309","2,456"
Locality: 015 AUGUSTA COUNTY,0302,302 - NORTH RIVER,"1,003",22,"1,025",7,3,,25,"52,174","1,418","53,592",272,62,35,133,"5,636,494","314,875","5,951,369","92,172","23,109","9,309","2,456"
Locality: 015 AUGUSTA COUNTY,0303,303 - MOUNT SOLON,"1,382",14,"1,396",6,1,1,25,"52,174","1,418","53,592",272,62,35,133,"5,636,494","314,875","5,951,369","92,172","23,109","9,309","2,456"
Locality: 015 AUGUSTA COUNTY,0304,304 - CHURCHVILLE FIRE STATION,"1,206",25,"1,231",9,2,1,25,"52,174","1,418","53,592",272,62,35,133,"5,636,494","314,875","5,951,369","92,172","23,109","9,309","2,456"
Locality: 015 AUGUSTA COUNTY,0401,401 - BUFFALO GAP,"1,420",20,"1,440",7,2,1,25,"52,174","1,418","53,592",272,62,35,133,"5,636,494","314,875","5,951,369","92,172","23,109","9,309","2,456"
Locality: 015 AUGUSTA COUNTY,0402,402 - CHURCHVILLE ELEMENTARY,"1,345",24,"1,369",6,1,2,25,"52,174","1,418","53,592",272,62,35,133,"5,636,494","314,875","5,951,369","92,172","23,109","9,309","2,456"
Locality: 015 AUGUSTA COUNTY,0403,403 - CRAIGSVILLE,"1,171",42,"1,213",6,,1,25,"52,174","1,418","53,592",272,62,35,133,"5,636,494","314,875","5,951,369","92,172","23,109","9,309","2,456"
Locality: 015 AUGUSTA COUNTY,0404,404 - DEERFIELD,471,9,480,4,3,2,25,"52,174","1,418","53,592",272,62,35,133,"5,636,494","314,875","5,951,369","92,172","23,109","9,309","2,456"
Locality: 015 AUGUSTA COUNTY,0405,405 - CEDAR GREEN,"1,900",49,"1,949",13,6,2,25,"52,174","1,418","53,592",272,62,35,133,"5,636,494","314,875","5,951,369","92,172","23,109","9,309","2,456"
Locality: 015 AUGUSTA COUNTY,0501,501 - GREENVILLE,"2,311",62,"2,373",6,3,1,25,"52,174","1,418","53,592",272,62,35,133,"5,636,494","314,875","5,951,369","92,172","23,109","9,309","2,456"
Locality: 015 AUGUSTA COUNTY,0502,502 - MIDDLEBROOK,"1,141",21,"1,162",7,2,,25,"52,174","1,418","53,592",272,62,35,133,"5,636,494","314,875","5,951,369","92,172","23,109","9,309","2,456"
Locality: 015 AUGUSTA COUNTY,0503,503 - SPOTTSWOOD,"1,258",23,"1,281",9,2,,25,"52,174","1,418","53,592",272,62,35,133,"5,636,494","314,875","5,951,369","92,172","23,109","9,309","2,456"
Locality: 015 AUGUSTA COUNTY,0504,504 - WHITE HILL,"2,896",136,"3,032",12,4,1,25,"52,174","1,418","53,592",272,62,35,133,"5,636,494","314,875","5,951,369","92,172","23,109","9,309","2,456"
Locality: 015 AUGUSTA COUNTY,0601,601 - SHERANDO,"1,828",43,"1,871",4,1,2,25,"52,174","1,418","53,592",272,62,35,133,"5,636,494","314,875","5,951,369","92,172","23,109","9,309","2,456"
Locality: 015 AUGUSTA COUNTY,0602,602 - RIDGEVIEW,"4,032",95,"4,127",28,2,3,25,"52,174","1,418","53,592",272,62,35,133,"5,636,494","314,875","5,951,369","92,172","23,109","9,309","2,456"
Locality: 015 AUGUSTA COUNTY,0603,603 - LYNDHURST,"2,526",60,"2,586",16,7,5,25,"52,174","1,418","53,592",272,62,35,133,"5,636,494","314,875","5,951,369","92,172","23,109","9,309","2,456"
Locality: 015 AUGUSTA COUNTY,0801,801 - DOOMS,"1,976",33,"2,009",7,2,1,25,"52,174","1,418","53,592",272,62,35,133,"5,636,494","314,875","5,951,369","92,172","23,109","9,309","2,456"
Locality: 015 AUGUSTA COUNTY,0802,802 - FISHERSVILLE,"3,365",86,"3,451",22,2,1,25,"52,174","1,418","53,592",272,62,35,133,"5,636,494","314,875","5,951,369","92,172","23,109","9,309","2,456"
Locality: 015 AUGUSTA COUNTY,0803,803 - WILSON,"3,205",158,"3,363",18,3,2,25,"52,174","1,418","53,592",272,62,35,133,"5,636,494","314,875","5,951,369","92,172","23,109","9,309","2,456"
Locality: 017 BATH COUNTY,0101,101 - WARM SPRINGS,587,39,626,3,2,,7,"3,163",123,"3,286",15,4,6,133,"5,636,494","314,875","5,951,369","92,172","23,109","9,309","2,456"
Locality: 017 BATH COUNTY,0102,102 - MOUNTAIN GROVE,93,,93,1,,,7,"3,163",123,"3,286",15,4,6,133,"5,636,494","314,875","5,951,369","92,172","23,109","9,309","2,456"
Locality: 017 BATH COUNTY,0201,201 - HOT SPRINGS,523,25,548,4,,1,7,"3,163",123,"3,286",15,4,6,133,"5,636,494","314,875","5,951,369","92,172","23,109","9,309","2,456"
Locality: 017 BATH COUNTY,0301,301 - FAIRVIEW,498,11,509,2,,,7,"3,163",123,"3,286",15,4,6,133,"5,636,494","314,875","5,951,369","92,172","23,109","9,309","2,456"
Locality: 017 BATH COUNTY,0302,302 - BURNSVILLE,164,5,169,,,,7,"3,163",123,"3,286",15,4,6,133,"5,636,494","314,875","5,951,369","92,172","23,109","9,309","2,456"
Locality: 017 BATH COUNTY,0401,401 - MILLBORO,668,21,689,4,,3,7,"3,163",123,"3,286",15,4,6,133,"5,636,494","314,875","5,951,369","92,172","23,109","9,309","2,456"
Locality: 017 BATH COUNTY,0501,501 - HEALING SPRINGS,630,22,652,1,2,2,7,"3,163",123,"3,286",15,4,6,133,"5,636,494","314,875","5,951,369","92,172","23,109","9,309","2,456"
Locality: 019 BEDFORD COUNTY,0101,101 - GOODVIEW ELEM SCHOOL,"2,745",91,"2,836",16,1,2,32,"59,568","1,879","61,447",406,99,44,133,"5,636,494","314,875","5,951,369","92,172","23,109","9,309","2,456"
Locality: 019 BEDFORD COUNTY,0102,102 - HARDY VOL FIRE CO,"1,081",34,"1,115",9,1,1,32,"59,568","1,879","61,447",406,99,44,133,"5,636,494","314,875","5,951,369","92,172","23,109","9,309","2,456"
Locality: 019 BEDFORD COUNTY,0103,103 - CHAMBLISSBURG BAPTIST CHURCH,"2,013",59,"2,072",19,3,2,32,"59,568","1,879","61,447",406,99,44,133,"5,636,494","314,875","5,951,369","92,172","23,109","9,309","2,456"
Locality: 019 BEDFORD COUNTY,0104,104 - STEWARTSVILLE RESCUE SQUAD,"1,787",63,"1,850",9,2,,32,"59,568","1,879","61,447",406,99,44,133,"5,636,494","314,875","5,951,369","92,172","23,109","9,309","2,456"
Locality: 019 BEDFORD COUNTY,0201,201 - BEDFORD CHRISTIAN CHURCH,"1,019",35,"1,054",6,,1,32,"59,568","1,879","61,447",406,99,44,133,"5,636,494","314,875","5,951,369","92,172","23,109","9,309","2,456"
Locality: 019 BEDFORD COUNTY,0202,202 - STAUNTON RIVER HIGH SCHOOL,"1,415",35,"1,450",10,,,32,"59,568","1,879","61,447",406,99,44,133,"5,636,494","314,875","5,951,369","92,172","23,109","9,309","2,456"
Locality: 019 BEDFORD COUNTY,0203,203 - MONETA ELEM SCHOOL,"2,824",114,"2,938",16,8,4,32,"59,568","1,879","61,447",406,99,44,133,"5,636,494","314,875","5,951,369","92,172","23,109","9,309","2,456"
Locality: 019 BEDFORD COUNTY,0204,204 - Quaker BAPTIST CHURCH,903,25,928,4,,,32,"59,568","1,879","61,447",406,99,44,133,"5,636,494","314,875","5,951,369","92,172","23,109","9,309","2,456"
Locality: 019 BEDFORD COUNTY,0205,205 - SAUNDERS VOL FIRE CO,"2,039",70,"2,109",8,10,4,32,"59,568","1,879","61,447",406,99,44,133,"5,636,494","314,875","5,951,369","92,172","23,109","9,309","2,456"
Locality: 019 BEDFORD COUNTY,0301,301 - NEW LONDON ACADEMY,"2,566",82,"2,648",16,5,1,32,"59,568","1,879","61,447",406,99,44,133,"5,636,494","314,875","5,951,369","92,172","23,109","9,309","2,456"
Locality: 019 BEDFORD COUNTY,0302,302 - BEDFORD REGIONAL WATER AUTH,"1,857",39,"1,896",9,2,,32,"59,568","1,879","61,447",406,99,44,133,"5,636,494","314,875","5,951,369","92,172","23,109","9,309","2,456"
Locality: 019 BEDFORD COUNTY,0303,303 - BETHESDA UNITED METHODIST CHURCH,"1,071",26,"1,097",8,,2,32,"59,568","1,879","61,447",406,99,44,133,"5,636,494","314,875","5,951,369","92,172","23,109","9,309","2,456"
Locality: 019 BEDFORD COUNTY,0304,304 - RIVERSIDE CHURCH,"1,071",27,"1,098",3,1,2,32,"59,568","1,879","61,447",406,99,44,133,"5,636,494","314,875","5,951,369","92,172","23,109","9,309","2,456"
Locality: 019 BEDFORD COUNTY,0305,305 - HUDDLESTON ELEM SCHOOL,966,28,994,5,,1,32,"59,568","1,879","61,447",406,99,44,133,"5,636,494","314,875","5,951,369","92,172","23,109","9,309","2,456"
Locality: 019 BEDFORD COUNTY,0306,306 - FOREST FIRE STATION #2,"1,522",55,"1,577",12,3,1,32,"59,568","1,879","61,447",406,99,44,133,"5,636,494","314,875","5,951,369","92,172","23,109","9,309","2,456"
Locality: 019 BEDFORD COUNTY,0401,401 - FOREST ELEMENTARY SCHOOL,"2,910",139,"3,049",31,8,3,32,"59,568","1,879","61,447",406,99,44,133,"5,636,494","314,875","5,951,369","92,172","23,109","9,309","2,456"
Locality: 019 BEDFORD COUNTY,0402,402 - THOMAS JEFFERSON ELEM SCHOOL,"1,635",93,"1,728",20,1,,32,"59,568","1,879","61,447",406,99,44,133,"5,636,494","314,875","5,951,369","92,172","23,109","9,309","2,456"
Locality: 019 BEDFORD COUNTY,0403,403 - KNIGHTS OF COLUMBUS BLDG,"3,380",149,"3,529",41,12,1,32,"59,568","1,879","61,447",406,99,44,133,"5,636,494","314,875","5,951,369","92,172","23,109","9,309","2,456"
Locality: 019 BEDFORD COUNTY,0404,404 - FOREST RECREATION CENTER,"2,296",67,"2,363",21,4,3,32,"59,568","1,879","61,447",406,99,44,133,"5,636,494","314,875","5,951,369","92,172","23,109","9,309","2,456"
Locality: 019 BEDFORD COUNTY,0502,502 - BIG ISLAND ELEM SCHOOL,705,13,718,1,2,,32,"59,568","1,879","61,447",406,99,44,133,"5,636,494","314,875","5,951,369","92,172","23,109","9,309","2,456"
Locality: 019 BEDFORD COUNTY,0503,503 - SEDALIA CENTER,875,16,891,5,,,32,"59,568","1,879","61,447",406,99,44,133,"5,636,494","314,875","5,951,369","92,172","23,109","9,309","2,456"
Locality: 019 BEDFORD COUNTY,0504,504 - SUCK SPRINGS BAPTIST CHURCH,"1,257",24,"1,281",4,4,1,32,"59,568","1,879","61,447",406,99,44,133,"5,636,494","314,875","5,951,369","92,172","23,109","9,309","2,456"
Locality: 019 BEDFORD COUNTY,0505,505 - BOONSBORO ELEMENTARY SCHOOL,"2,301",84,"2,385",8,5,3,32,"59,568","1,879","61,447",406,99,44,133,"5,636,494","314,875","5,951,369","92,172","23,109","9,309","2,456"
Locality: 019 BEDFORD COUNTY,0506,506 - BOONSBORO RURITAN CLUB,"3,674",96,"3,770",23,9,5,32,"59,568","1,879","61,447",406,99,44,133,"5,636,494","314,875","5,951,369","92,172","23,109","9,309","2,456"
Locality: 019 BEDFORD COUNTY,0601,601 - MONTVALE ELEM SCHOOL,"1,788",42,"1,830",17,3,,32,"59,568","1,879","61,447",406,99,44,133,"5,636,494","314,875","5,951,369","92,172","23,109","9,309","2,456"
Locality: 019 BEDFORD COUNTY,0602,602 - SHADY GROVE FIRE DEPARTMENT,"2,093",51,"2,144",13,3,,32,"59,568","1,879","61,447",406,99,44,133,"5,636,494","314,875","5,951,369","92,172","23,109","9,309","2,456"
Locality: 019 BEDFORD COUNTY,0603,603 - THAXTON BAPTIST CHURCH #1,574,11,585,2,,,32,"59,568","1,879","61,447",406,99,44,133,"5,636,494","314,875","5,951,369","92,172","23,109","9,309","2,456"
Locality: 019 BEDFORD COUNTY,0604,604 - BEDFORD WELCOME CENTER,"2,923",87,"3,010",14,3,2,32,"59,568","1,879","61,447",406,99,44,133,"5,636,494","314,875","5,951,369","92,172","23,109","9,309","2,456"
Locality: 019 BEDFORD COUNTY,0701,701 - GOODE VOL RESCUE SQUAD,"2,610",72,"2,682",24,2,3,32,"59,568","1,879","61,447",406,99,44,133,"5,636,494","314,875","5,951,369","92,172","23,109","9,309","2,456"
Locality: 019 BEDFORD COUNTY,0702,702 - LIBERTY HIGH SCHOOL,"1,361",25,"1,386",6,2,2,32,"59,568","1,879","61,447",406,99,44,133,"5,636,494","314,875","5,951,369","92,172","23,109","9,309","2,456"
Locality: 019 BEDFORD COUNTY,0703,703 - THAXTON BAPTIST CHURCH #2,"1,092",28,"1,120",7,2,,32,"59,568","1,879","61,447",406,99,44,133,"5,636,494","314,875","5,951,369","92,172","23,109","9,309","2,456"
Locality: 019 BEDFORD COUNTY,0704,704 - BEDFORD CENTRAL LIBRARY,"3,215",99,"3,314",19,3,,32,"59,568","1,879","61,447",406,99,44,133,"5,636,494","314,875","5,951,369","92,172","23,109","9,309","2,456"
Locality: 021 BLAND COUNTY,0101,101 - BASTIAN,531,32,563,1,,,7,"4,298",202,"4,500",23,3,2,133,"5,636,494","314,875","5,951,369","92,172","23,109","9,309","2,456"
Locality: 021 BLAND COUNTY,0102,102 - CERES,604,27,631,4,2,,7,"4,298",202,"4,500",23,3,2,133,"5,636,494","314,875","5,951,369","92,172","23,109","9,309","2,456"
Locality: 021 BLAND COUNTY,0201,201 - DAVIS,218,9,227,1,,,7,"4,298",202,"4,500",23,3,2,133,"5,636,494","314,875","5,951,369","92,172","23,109","9,309","2,456"
Locality: 021 BLAND COUNTY,0202,202 - SEDDON,"1,014",40,"1,054",7,,,7,"4,298",202,"4,500",23,3,2,133,"5,636,494","314,875","5,951,369","92,172","23,109","9,309","2,456"
Locality: 021 BLAND COUNTY,0301,301 - HOLLYBROOK,522,12,534,2,,1,7,"4,298",202,"4,500",23,3,2,133,"5,636,494","314,875","5,951,369","92,172","23,109","9,309","2,456"
Locality: 021 BLAND COUNTY,0302,302 - MECHANICSBURG,259,12,271,,,,7,"4,298",202,"4,500",23,3,2,133,"5,636,494","314,875","5,951,369","92,172","23,109","9,309","2,456"
Locality: 021 BLAND COUNTY,0401,401 - ROCKY GAP,"1,150",70,"1,220",8,1,1,7,"4,298",202,"4,500",23,3,2,133,"5,636,494","314,875","5,951,369","92,172","23,109","9,309","2,456"
Locality: 023 BOTETOURT COUNTY,0101,101 - DALEVILLE,"2,924",101,"3,025",17,6,1,10,"25,137",686,"25,823",134,28,11,133,"5,636,494","314,875","5,951,369","92,172","23,109","9,309","2,456"
Locality: 023 BOTETOURT COUNTY,0102,102 - GREENFIELD,"2,768",59,"2,827",13,5,1,10,"25,137",686,"25,823",134,28,11,133,"5,636,494","314,875","5,951,369","92,172","23,109","9,309","2,456"
Locality: 023 BOTETOURT COUNTY,0201,201 - BLUE RIDGE,"2,490",103,"2,593",18,2,,10,"25,137",686,"25,823",134,28,11,133,"5,636,494","314,875","5,951,369","92,172","23,109","9,309","2,456"
Locality: 023 BOTETOURT COUNTY,0202,202 - RAINBOW FOREST,"2,508",77,"2,585",16,5,2,10,"25,137",686,"25,823",134,28,11,133,"5,636,494","314,875","5,951,369","92,172","23,109","9,309","2,456"
Locality: 023 BOTETOURT COUNTY,0301,301 - BUCHANAN,"2,404",57,"2,461",15,1,,10,"25,137",686,"25,823",134,28,11,133,"5,636,494","314,875","5,951,369","92,172","23,109","9,309","2,456"
Locality: 023 BOTETOURT COUNTY,0302,302 - MILL CREEK,"2,218",52,"2,270",13,4,2,10,"25,137",686,"25,823",134,28,11,133,"5,636,494","314,875","5,951,369","92,172","23,109","9,309","2,456"
Locality: 023 BOTETOURT COUNTY,0403,403 - EAGLE ROCK,"1,554",29,"1,583",4,1,2,10,"25,137",686,"25,823",134,28,11,133,"5,636,494","314,875","5,951,369","92,172","23,109","9,309","2,456"
Locality: 023 BOTETOURT COUNTY,0406,406 - FINCASTLE,"3,212",70,"3,282",16,2,1,10,"25,137",686,"25,823",134,28,11,133,"5,636,494","314,875","5,951,369","92,172","23,109","9,309","2,456"
Locality: 023 BOTETOURT COUNTY,0501,501 - TROUTVILLE,"1,773",44,"1,817",7,1,,10,"25,137",686,"25,823",134,28,11,133,"5,636,494","314,875","5,951,369","92,172","23,109","9,309","2,456"
Locality: 023 BOTETOURT COUNTY,0502,502 - CLOVERDALE,"3,286",94,"3,380",15,1,2,10,"25,137",686,"25,823",134,28,11,133,"5,636,494","314,875","5,951,369","92,172","23,109","9,309","2,456"
Locality: 025 BRUNSWICK COUNTY,0101,101 - BRODNAX,550,12,562,5,,,13,"10,672",271,"10,943",84,,1,133,"5,636,494","314,875","5,951,369","92,172","23,109","9,309","2,456"
Locality: 025 BRUNSWICK COUNTY,0102,102 - ROCK STORE,891,11,902,5,,1,13,"10,672",271,"10,943",84,,1,133,"5,636,494","314,875","5,951,369","92,172","23,109","9,309","2,456"
Locality: 025 BRUNSWICK COUNTY,0103,103 - TILLMAN,974,31,"1,005",4,,,13,"10,672",271,"10,943",84,,1,133,"5,636,494","314,875","5,951,369","92,172","23,109","9,309","2,456"
Locality: 025 BRUNSWICK COUNTY,0201,201 - DROMGOOLE,295,10,305,3,,,13,"10,672",271,"10,943",84,,1,133,"5,636,494","314,875","5,951,369","92,172","23,109","9,309","2,456"
Locality: 025 BRUNSWICK COUNTY,0202,202 - EDGERTON,"1,015",34,"1,049",7,,,13,"10,672",271,"10,943",84,,1,133,"5,636,494","314,875","5,951,369","92,172","23,109","9,309","2,456"
Locality: 025 BRUNSWICK COUNTY,0203,203 - FITZHUGH,773,13,786,6,,,13,"10,672",271,"10,943",84,,1,133,"5,636,494","314,875","5,951,369","92,172","23,109","9,309","2,456"
Locality: 025 BRUNSWICK COUNTY,0301,301 - ALBERTA,237,4,241,1,,,13,"10,672",271,"10,943",84,,1,133,"5,636,494","314,875","5,951,369","92,172","23,109","9,309","2,456"
Locality: 025 BRUNSWICK COUNTY,0302,302 - DANIELTOWN,955,29,984,13,,,13,"10,672",271,"10,943",84,,1,133,"5,636,494","314,875","5,951,369","92,172","23,109","9,309","2,456"
Locality: 025 BRUNSWICK COUNTY,0303,303 - ELMORE,459,8,467,4,,,13,"10,672",271,"10,943",84,,1,133,"5,636,494","314,875","5,951,369","92,172","23,109","9,309","2,456"
Locality: 025 BRUNSWICK COUNTY,0304,304 - SEYMOUR,443,13,456,2,,,13,"10,672",271,"10,943",84,,1,133,"5,636,494","314,875","5,951,369","92,172","23,109","9,309","2,456"
Locality: 025 BRUNSWICK COUNTY,0401,401 - STURGEON,"1,641",36,"1,677",17,,,13,"10,672",271,"10,943",84,,1,133,"5,636,494","314,875","5,951,369","92,172","23,109","9,309","2,456"
Locality: 025 BRUNSWICK COUNTY,0402,402 - KING'S STORE,501,7,508,2,,,13,"10,672",271,"10,943",84,,1,133,"5,636,494","314,875","5,951,369","92,172","23,109","9,309","2,456"
Locality: 025 BRUNSWICK COUNTY,0501,501 - TOTARO,"1,938",63,"2,001",15,,,13,"10,672",271,"10,943",84,,1,133,"5,636,494","314,875","5,951,369","92,172","23,109","9,309","2,456"
Locality: 027 BUCHANAN COUNTY,0102,102 - BLACKEY,684,9,693,1,,,17,"14,493",442,"14,935",49,4,,133,"5,636,494","314,875","5,951,369","92,172","23,109","9,309","2,456"
Locality: 027 BUCHANAN COUNTY,0103,103 - HURLEY,"1,632",49,"1,681",,,,17,"14,493",442,"14,935",49,4,,133,"5,636,494","314,875","5,951,369","92,172","23,109","9,309","2,456"
Locality: 027 BUCHANAN COUNTY,0201,201 - GRASSY,189,5,194,,,,17,"14,493",442,"14,935",49,4,,133,"5,636,494","314,875","5,951,369","92,172","23,109","9,309","2,456"
Locality: 027 BUCHANAN COUNTY,0202,202 - BULL,915,23,938,,,,17,"14,493",442,"14,935",49,4,,133,"5,636,494","314,875","5,951,369","92,172","23,109","9,309","2,456"
Locality: 027 BUCHANAN COUNTY,0203,203 - ROCKLICK,"1,075",35,"1,110",4,,,17,"14,493",442,"14,935",49,4,,133,"5,636,494","314,875","5,951,369","92,172","23,109","9,309","2,456"
Locality: 027 BUCHANAN COUNTY,0301,301 - SLATE,"1,163",23,"1,186",6,,,17,"14,493",442,"14,935",49,4,,133,"5,636,494","314,875","5,951,369","92,172","23,109","9,309","2,456"
Locality: 027 BUCHANAN COUNTY,0302,302 - NORTH GRUNDY,"1,099",65,"1,164",3,,,17,"14,493",442,"14,935",49,4,,133,"5,636,494","314,875","5,951,369","92,172","23,109","9,309","2,456"
Locality: 027 BUCHANAN COUNTY,0403,403 - SOUTH GRUNDY,"1,477",65,"1,542",11,3,,17,"14,493",442,"14,935",49,4,,133,"5,636,494","314,875","5,951,369","92,172","23,109","9,309","2,456"
Locality: 027 BUCHANAN COUNTY,0404,404 - OAKWOOD,126,8,134,1,,,17,"14,493",442,"14,935",49,4,,133,"5,636,494","314,875","5,951,369","92,172","23,109","9,309","2,456"
Locality: 027 BUCHANAN COUNTY,0501,501 - PRATER,975,21,996,8,,,17,"14,493",442,"14,935",49,4,,133,"5,636,494","314,875","5,951,369","92,172","23,109","9,309","2,456"
Locality: 027 BUCHANAN COUNTY,0502,502 - FOX,285,7,292,2,,,17,"14,493",442,"14,935",49,4,,133,"5,636,494","314,875","5,951,369","92,172","23,109","9,309","2,456"
Locality: 027 BUCHANAN COUNTY,0503,503 - VANSANT,847,22,869,3,,,17,"14,493",442,"14,935",49,4,,133,"5,636,494","314,875","5,951,369","92,172","23,109","9,309","2,456"
Locality: 027 BUCHANAN COUNTY,0601,601 - COUNCIL,583,9,592,,,,17,"14,493",442,"14,935",49,4,,133,"5,636,494","314,875","5,951,369","92,172","23,109","9,309","2,456"
Locality: 027 BUCHANAN COUNTY,0602,602 - GARDEN,871,20,891,1,1,,17,"14,493",442,"14,935",49,4,,133,"5,636,494","314,875","5,951,369","92,172","23,109","9,309","2,456"
Locality: 027 BUCHANAN COUNTY,0603,603 - HURRICANE,571,17,588,5,,,17,"14,493",442,"14,935",49,4,,133,"5,636,494","314,875","5,951,369","92,172","23,109","9,309","2,456"
Locality: 027 BUCHANAN COUNTY,0701,701 - WHITEWOOD,"1,153",43,"1,196",1,,,17,"14,493",442,"14,935",49,4,,133,"5,636,494","314,875","5,951,369","92,172","23,109","9,309","2,456"
Locality: 027 BUCHANAN COUNTY,0702,702 - CONTRARY,848,21,869,3,,,17,"14,493",442,"14,935",49,4,,133,"5,636,494","314,875","5,951,369","92,172","23,109","9,309","2,456"
Locality: 029 BUCKINGHAM COUNTY,0101,101 - NEW CANTON,"1,453",18,"1,471",2,,,10,"10,540",296,"10,836",67,11,11,133,"5,636,494","314,875","5,951,369","92,172","23,109","9,309","2,456"
Locality: 029 BUCKINGHAM COUNTY,0102,102  - GEORGIA CREEK,368,11,379,4,,,10,"10,540",296,"10,836",67,11,11,133,"5,636,494","314,875","5,951,369","92,172","23,109","9,309","2,456"
Locality: 029 BUCKINGHAM COUNTY,0201,201 - WHITE HALL,955,30,985,3,1,5,10,"10,540",296,"10,836",67,11,11,133,"5,636,494","314,875","5,951,369","92,172","23,109","9,309","2,456"
Locality: 029 BUCKINGHAM COUNTY,0301,301 - CURDSVILLE,"1,035",29,"1,064",10,1,,10,"10,540",296,"10,836",67,11,11,133,"5,636,494","314,875","5,951,369","92,172","23,109","9,309","2,456"
Locality: 029 BUCKINGHAM COUNTY,0302,302 - NEW STORE,743,24,767,4,1,,10,"10,540",296,"10,836",67,11,11,133,"5,636,494","314,875","5,951,369","92,172","23,109","9,309","2,456"
Locality: 029 BUCKINGHAM COUNTY,0401,401 - MAYSVILLE,"1,780",34,"1,814",15,3,1,10,"10,540",296,"10,836",67,11,11,133,"5,636,494","314,875","5,951,369","92,172","23,109","9,309","2,456"
Locality: 029 BUCKINGHAM COUNTY,0501,501 - WRIGHTS,712,18,730,5,1,,10,"10,540",296,"10,836",67,11,11,133,"5,636,494","314,875","5,951,369","92,172","23,109","9,309","2,456"
Locality: 029 BUCKINGHAM COUNTY,0502,502 - GLENMORE,"1,001",36,"1,037",9,2,5,10,"10,540",296,"10,836",67,11,11,133,"5,636,494","314,875","5,951,369","92,172","23,109","9,309","2,456"
Locality: 029 BUCKINGHAM COUNTY,0601,601 - SLATE RIVER,"1,555",74,"1,629",9,2,,10,"10,540",296,"10,836",67,11,11,133,"5,636,494","314,875","5,951,369","92,172","23,109","9,309","2,456"
Locality: 029 BUCKINGHAM COUNTY,0701,701 - GOLD HILL,938,22,960,6,,,10,"10,540",296,"10,836",67,11,11,133,"5,636,494","314,875","5,951,369","92,172","23,109","9,309","2,456"
Locality: 031 CAMPBELL COUNTY,0101,101 - BROOKVILLE,"2,914",128,"3,042",37,3,5,16,"38,598","1,547","40,145",299,55,35,133,"5,636,494","314,875","5,951,369","92,172","23,109","9,309","2,456"
Locality: 031 CAMPBELL COUNTY,0102,102 - NEW LONDON,"2,944",299,"3,243",25,1,3,16,"38,598","1,547","40,145",299,55,35,133,"5,636,494","314,875","5,951,369","92,172","23,109","9,309","2,456"
Locality: 031 CAMPBELL COUNTY,0201,201 - WALKER,"2,537",172,"2,709",24,6,6,16,"38,598","1,547","40,145",299,55,35,133,"5,636,494","314,875","5,951,369","92,172","23,109","9,309","2,456"
Locality: 031 CAMPBELL COUNTY,0202,202 - BEDFORD SPRINGS,"3,315",93,"3,408",26,5,3,16,"38,598","1,547","40,145",299,55,35,133,"5,636,494","314,875","5,951,369","92,172","23,109","9,309","2,456"
Locality: 031 CAMPBELL COUNTY,0301,301 - EVINGTON,"1,154",30,"1,184",9,3,2,16,"38,598","1,547","40,145",299,55,35,133,"5,636,494","314,875","5,951,369","92,172","23,109","9,309","2,456"
Locality: 031 CAMPBELL COUNTY,0302,302 - OTTER RIVER,"1,037",33,"1,070",5,1,,16,"38,598","1,547","40,145",299,55,35,133,"5,636,494","314,875","5,951,369","92,172","23,109","9,309","2,456"
Locality: 031 CAMPBELL COUNTY,0303,303 - ALTAVISTA,"3,081",80,"3,161",17,4,1,16,"38,598","1,547","40,145",299,55,35,133,"5,636,494","314,875","5,951,369","92,172","23,109","9,309","2,456"
Locality: 031 CAMPBELL COUNTY,0401,401 - THREE FORKS,"1,907",35,"1,942",11,3,2,16,"38,598","1,547","40,145",299,55,35,133,"5,636,494","314,875","5,951,369","92,172","23,109","9,309","2,456"
Locality: 031 CAMPBELL COUNTY,0402,402 - COURT HOUSE,"3,584",97,"3,681",30,3,2,16,"38,598","1,547","40,145",299,55,35,133,"5,636,494","314,875","5,951,369","92,172","23,109","9,309","2,456"
Locality: 031 CAMPBELL COUNTY,0501,501 - SPRING HILL,"3,544",226,"3,770",35,13,1,16,"38,598","1,547","40,145",299,55,35,133,"5,636,494","314,875","5,951,369","92,172","23,109","9,309","2,456"
Locality: 031 CAMPBELL COUNTY,0502,502 - YELLOW BRANCH,"2,064",56,"2,120",13,2,2,16,"38,598","1,547","40,145",299,55,35,133,"5,636,494","314,875","5,951,369","92,172","23,109","9,309","2,456"
Locality: 031 CAMPBELL COUNTY,0601,601 - KINGS,"2,349",84,"2,433",12,2,1,16,"38,598","1,547","40,145",299,55,35,133,"5,636,494","314,875","5,951,369","92,172","23,109","9,309","2,456"
Locality: 031 CAMPBELL COUNTY,0602,602 - CONCORD,"2,961",78,"3,039",22,4,2,16,"38,598","1,547","40,145",299,55,35,133,"5,636,494","314,875","5,951,369","92,172","23,109","9,309","2,456"
Locality: 031 CAMPBELL COUNTY,0701,701 - BROOKNEAL,"1,787",56,"1,843",9,4,2,16,"38,598","1,547","40,145",299,55,35,133,"5,636,494","314,875","5,951,369","92,172","23,109","9,309","2,456"
Locality: 031 CAMPBELL COUNTY,0702,702 - GLADYS,"2,468",53,"2,521",17,1,3,16,"38,598","1,547","40,145",299,55,35,133,"5,636,494","314,875","5,951,369","92,172","23,109","9,309","2,456"
Locality: 031 CAMPBELL COUNTY,0703,703 - MORRIS CHURCH,952,27,979,7,,,16,"38,598","1,547","40,145",299,55,35,133,"5,636,494","314,875","5,951,369","92,172","23,109","9,309","2,456"
Locality: 033 CAROLINE COUNTY,0101,101 - BOWLING GREEN,"1,966",69,"2,035",26,2,,12,"21,368",831,"22,199",234,29,15,133,"5,636,494","314,875","5,951,369","92,172","23,109","9,309","2,456"
Locality: 033 CAROLINE COUNTY,0102,102 - SPARTA,"1,455",48,"1,503",11,1,,12,"21,368",831,"22,199",234,29,15,133,"5,636,494","314,875","5,951,369","92,172","23,109","9,309","2,456"
Locality: 033 CAROLINE COUNTY,0201,201 - NORTH MADISON,"1,724",79,"1,803",26,2,3,12,"21,368",831,"22,199",234,29,15,133,"5,636,494","314,875","5,951,369","92,172","23,109","9,309","2,456"
Locality: 033 CAROLINE COUNTY,0202,202 - SOUTH MADISON,"2,337",105,"2,442",26,4,2,12,"21,368",831,"22,199",234,29,15,133,"5,636,494","314,875","5,951,369","92,172","23,109","9,309","2,456"
Locality: 033 CAROLINE COUNTY,0301,301 - PORT ROYAL,964,45,"1,009",13,5,2,12,"21,368",831,"22,199",234,29,15,133,"5,636,494","314,875","5,951,369","92,172","23,109","9,309","2,456"
Locality: 033 CAROLINE COUNTY,0302,302 - WOODFORD,"2,324",69,"2,393",21,4,1,12,"21,368",831,"22,199",234,29,15,133,"5,636,494","314,875","5,951,369","92,172","23,109","9,309","2,456"
Locality: 033 CAROLINE COUNTY,0401,401 - DAWN,"2,635",96,"2,731",12,2,,12,"21,368",831,"22,199",234,29,15,133,"5,636,494","314,875","5,951,369","92,172","23,109","9,309","2,456"
Locality: 033 CAROLINE COUNTY,0402,402 - CARMEL CHURCH,853,18,871,7,,,12,"21,368",831,"22,199",234,29,15,133,"5,636,494","314,875","5,951,369","92,172","23,109","9,309","2,456"
Locality: 033 CAROLINE COUNTY,0501,501 - WEST MATTAPONI,"1,948",72,"2,020",27,1,2,12,"21,368",831,"22,199",234,29,15,133,"5,636,494","314,875","5,951,369","92,172","23,109","9,309","2,456"
Locality: 033 CAROLINE COUNTY,0502,502 - MILFORD,"1,643",44,"1,687",13,2,,12,"21,368",831,"22,199",234,29,15,133,"5,636,494","314,875","5,951,369","92,172","23,109","9,309","2,456"
Locality: 033 CAROLINE COUNTY,0601,601 - CHILESBURG,"2,014",98,"2,112",28,6,1,12,"21,368",831,"22,199",234,29,15,133,"5,636,494","314,875","5,951,369","92,172","23,109","9,309","2,456"
Locality: 033 CAROLINE COUNTY,0602,602 - LAKE,"1,505",88,"1,593",24,,4,12,"21,368",831,"22,199",234,29,15,133,"5,636,494","314,875","5,951,369","92,172","23,109","9,309","2,456"
Locality: 035 CARROLL COUNTY,0101,101 - MT BETHEL,939,26,965,2,,1,17,"20,215",460,"20,675",82,9,5,133,"5,636,494","314,875","5,951,369","92,172","23,109","9,309","2,456"
Locality: 035 CARROLL COUNTY,0102,102 - ST PAUL,"1,247",20,"1,267",1,1,,17,"20,215",460,"20,675",82,9,5,133,"5,636,494","314,875","5,951,369","92,172","23,109","9,309","2,456"
Locality: 035 CARROLL COUNTY,0103,103 - LAMBSBURG,773,11,784,4,,,17,"20,215",460,"20,675",82,9,5,133,"5,636,494","314,875","5,951,369","92,172","23,109","9,309","2,456"
Locality: 035 CARROLL COUNTY,0105,105 - FANCY GAP,"1,037",28,"1,065",4,,1,17,"20,215",460,"20,675",82,9,5,133,"5,636,494","314,875","5,951,369","92,172","23,109","9,309","2,456"
Locality: 035 CARROLL COUNTY,0201,201 - HILLSVILLE B,"2,250",55,"2,305",13,4,,17,"20,215",460,"20,675",82,9,5,133,"5,636,494","314,875","5,951,369","92,172","23,109","9,309","2,456"
Locality: 035 CARROLL COUNTY,0202,202 - LAUREL FORK,818,17,835,10,1,,17,"20,215",460,"20,675",82,9,5,133,"5,636,494","314,875","5,951,369","92,172","23,109","9,309","2,456"
Locality: 035 CARROLL COUNTY,0203,203 - GLADESBORO,"1,113",22,"1,135",6,1,2,17,"20,215",460,"20,675",82,9,5,133,"5,636,494","314,875","5,951,369","92,172","23,109","9,309","2,456"
Locality: 035 CARROLL COUNTY,0301,301 - HILLSVILLE C,"2,630",59,"2,689",8,1,,17,"20,215",460,"20,675",82,9,5,133,"5,636,494","314,875","5,951,369","92,172","23,109","9,309","2,456"
Locality: 035 CARROLL COUNTY,0302,302 - SYLVATUS,897,19,916,4,,,17,"20,215",460,"20,675",82,9,5,133,"5,636,494","314,875","5,951,369","92,172","23,109","9,309","2,456"
Locality: 035 CARROLL COUNTY,0303,303 - DUGSPUR,489,8,497,4,,,17,"20,215",460,"20,675",82,9,5,133,"5,636,494","314,875","5,951,369","92,172","23,109","9,309","2,456"
Locality: 035 CARROLL COUNTY,0401,401 - OAKLAND,"1,828",46,"1,874",6,,1,17,"20,215",460,"20,675",82,9,5,133,"5,636,494","314,875","5,951,369","92,172","23,109","9,309","2,456"
Locality: 035 CARROLL COUNTY,0402,402 - WOODLAWN D,"1,803",41,"1,844",7,,,17,"20,215",460,"20,675",82,9,5,133,"5,636,494","314,875","5,951,369","92,172","23,109","9,309","2,456"
Locality: 035 CARROLL COUNTY,0406,406 - WOODLAWN F,356,9,365,1,,,17,"20,215",460,"20,675",82,9,5,133,"5,636,494","314,875","5,951,369","92,172","23,109","9,309","2,456"
Locality: 035 CARROLL COUNTY,0501,501 - VAUGHAN,648,5,653,1,,,17,"20,215",460,"20,675",82,9,5,133,"5,636,494","314,875","5,951,369","92,172","23,109","9,309","2,456"
Locality: 035 CARROLL COUNTY,0502,502 - GLADEVILLE,"1,630",49,"1,679",4,,,17,"20,215",460,"20,675",82,9,5,133,"5,636,494","314,875","5,951,369","92,172","23,109","9,309","2,456"
Locality: 035 CARROLL COUNTY,0503,503 - WOODLAWN E,835,15,850,3,1,,17,"20,215",460,"20,675",82,9,5,133,"5,636,494","314,875","5,951,369","92,172","23,109","9,309","2,456"
Locality: 035 CARROLL COUNTY,0504,504 - LAUREL,922,30,952,4,,,17,"20,215",460,"20,675",82,9,5,133,"5,636,494","314,875","5,951,369","92,172","23,109","9,309","2,456"
Locality: 036 CHARLES CITY COUNTY,0101,101 - PRECINCT 1-1,"1,927",49,"1,976",15,2,5,3,"5,512",140,"5,652",37,8,12,133,"5,636,494","314,875","5,951,369","92,172","23,109","9,309","2,456"
Locality: 036 CHARLES CITY COUNTY,0201,201 - PRECINCT 2-1,"1,747",40,"1,787",9,2,,3,"5,512",140,"5,652",37,8,12,133,"5,636,494","314,875","5,951,369","92,172","23,109","9,309","2,456"
Locality: 036 CHARLES CITY COUNTY,0301,301 - PRECINCT 3-1,"1,838",51,"1,889",13,4,7,3,"5,512",140,"5,652",37,8,12,133,"5,636,494","314,875","5,951,369","92,172","23,109","9,309","2,456"
Locality: 037 CHARLOTTE COUNTY,0101,101 - COUNTY SEAT,"1,253",25,"1,278",3,1,2,7,"8,128",209,"8,337",42,5,6,133,"5,636,494","314,875","5,951,369","92,172","23,109","9,309","2,456"
Locality: 037 CHARLOTTE COUNTY,0201,201 - RED OAK WYLLIESBURG,"1,184",26,"1,210",8,,1,7,"8,128",209,"8,337",42,5,6,133,"5,636,494","314,875","5,951,369","92,172","23,109","9,309","2,456"
Locality: 037 CHARLOTTE COUNTY,0302,302 - DRAKES BRANCH,993,37,"1,030",3,,1,7,"8,128",209,"8,337",42,5,6,133,"5,636,494","314,875","5,951,369","92,172","23,109","9,309","2,456"
Locality: 037 CHARLOTTE COUNTY,0401,401 - KEYSVILLE,"1,243",34,"1,277",7,2,2,7,"8,128",209,"8,337",42,5,6,133,"5,636,494","314,875","5,951,369","92,172","23,109","9,309","2,456"
Locality: 037 CHARLOTTE COUNTY,0501,501 - CULLEN/RED HOUSE,"1,104",31,"1,135",4,,,7,"8,128",209,"8,337",42,5,6,133,"5,636,494","314,875","5,951,369","92,172","23,109","9,309","2,456"
Locality: 037 CHARLOTTE COUNTY,0602,602 - PHENIX,"1,227",27,"1,254",9,2,,7,"8,128",209,"8,337",42,5,6,133,"5,636,494","314,875","5,951,369","92,172","23,109","9,309","2,456"
Locality: 037 CHARLOTTE COUNTY,0702,702 - BACON/SAXE,"1,124",29,"1,153",8,,,7,"8,128",209,"8,337",42,5,6,133,"5,636,494","314,875","5,951,369","92,172","23,109","9,309","2,456"
Locality: 041 CHESTERFIELD COUNTY,0101,101 - BELLWOOD,"2,526",195,"2,721",21,3,,80,"248,872","12,433","261,305","2,693",499,235,133,"5,636,494","314,875","5,951,369","92,172","23,109","9,309","2,456"
Locality: 041 CHESTERFIELD COUNTY,0102,102 - SOUTH CHESTER,"3,458",260,"3,718",66,9,9,80,"248,872","12,433","261,305","2,693",499,235,133,"5,636,494","314,875","5,951,369","92,172","23,109","9,309","2,456"
Locality: 041 CHESTERFIELD COUNTY,0103,103 - ENON,"4,632",255,"4,887",136,8,3,80,"248,872","12,433","261,305","2,693",499,235,133,"5,636,494","314,875","5,951,369","92,172","23,109","9,309","2,456"
Locality: 041 CHESTERFIELD COUNTY,0104,104 - NORTH CHESTER,"3,948",201,"4,149",51,10,5,80,"248,872","12,433","261,305","2,693",499,235,133,"5,636,494","314,875","5,951,369","92,172","23,109","9,309","2,456"
Locality: 041 CHESTERFIELD COUNTY,0105,105 - DREWRYS BLUFF,"2,970",205,"3,175",19,3,2,80,"248,872","12,433","261,305","2,693",499,235,133,"5,636,494","314,875","5,951,369","92,172","23,109","9,309","2,456"
Locality: 041 CHESTERFIELD COUNTY,0106,106 - HARROWGATE,"4,997",429,"5,426",97,17,2,80,"248,872","12,433","261,305","2,693",499,235,133,"5,636,494","314,875","5,951,369","92,172","23,109","9,309","2,456"
Locality: 041 CHESTERFIELD COUNTY,0107,107 - WELLS,"3,265",234,"3,499",74,4,1,80,"248,872","12,433","261,305","2,693",499,235,133,"5,636,494","314,875","5,951,369","92,172","23,109","9,309","2,456"
Locality: 041 CHESTERFIELD COUNTY,0108,108 - ECOFF,"5,024",261,"5,285",84,12,2,80,"248,872","12,433","261,305","2,693",499,235,133,"5,636,494","314,875","5,951,369","92,172","23,109","9,309","2,456"
Locality: 041 CHESTERFIELD COUNTY,0109,109 - ELIZABETH SCOTT,"5,265",286,"5,551",152,17,8,80,"248,872","12,433","261,305","2,693",499,235,133,"5,636,494","314,875","5,951,369","92,172","23,109","9,309","2,456"
Locality: 041 CHESTERFIELD COUNTY,0110,110 - DUTCH GAP,"2,248",106,"2,354",49,17,3,80,"248,872","12,433","261,305","2,693",499,235,133,"5,636,494","314,875","5,951,369","92,172","23,109","9,309","2,456"
Locality: 041 CHESTERFIELD COUNTY,0111,111 - IRON BRIDGE,"2,795",159,"2,954",39,2,,80,"248,872","12,433","261,305","2,693",499,235,133,"5,636,494","314,875","5,951,369","92,172","23,109","9,309","2,456"
Locality: 041 CHESTERFIELD COUNTY,0112,112 - CARVER,"2,858",135,"2,993",59,12,2,80,"248,872","12,433","261,305","2,693",499,235,133,"5,636,494","314,875","5,951,369","92,172","23,109","9,309","2,456"
Locality: 041 CHESTERFIELD COUNTY,0113,113 - IRON BRIDGE NORTH,"3,033",238,"3,271",52,7,1,80,"248,872","12,433","261,305","2,693",499,235,133,"5,636,494","314,875","5,951,369","92,172","23,109","9,309","2,456"
Locality: 041 CHESTERFIELD COUNTY,0201,201 - GATES,"2,714",172,"2,886",22,3,5,80,"248,872","12,433","261,305","2,693",499,235,133,"5,636,494","314,875","5,951,369","92,172","23,109","9,309","2,456"
Locality: 041 CHESTERFIELD COUNTY,0202,202 - BEULAH,"4,081",179,"4,260",51,3,1,80,"248,872","12,433","261,305","2,693",499,235,133,"5,636,494","314,875","5,951,369","92,172","23,109","9,309","2,456"
Locality: 041 CHESTERFIELD COUNTY,0203,203 - BIRD,"1,864",86,"1,950",15,3,1,80,"248,872","12,433","261,305","2,693",499,235,133,"5,636,494","314,875","5,951,369","92,172","23,109","9,309","2,456"
Locality: 041 CHESTERFIELD COUNTY,0204,204 - JACOBS,"2,028",86,"2,114",22,2,1,80,"248,872","12,433","261,305","2,693",499,235,133,"5,636,494","314,875","5,951,369","92,172","23,109","9,309","2,456"
Locality: 041 CHESTERFIELD COUNTY,0205,205 - FALLING CREEK,"3,634",190,"3,824",39,7,,80,"248,872","12,433","261,305","2,693",499,235,133,"5,636,494","314,875","5,951,369","92,172","23,109","9,309","2,456"
Locality: 041 CHESTERFIELD COUNTY,0206,206 - BELMONT,"2,021",192,"2,213",20,2,3,80,"248,872","12,433","261,305","2,693",499,235,133,"5,636,494","314,875","5,951,369","92,172","23,109","9,309","2,456"
Locality: 041 CHESTERFIELD COUNTY,0207,207 - CHIPPENHAM,"1,255",111,"1,366",11,2,1,80,"248,872","12,433","261,305","2,693",499,235,133,"5,636,494","314,875","5,951,369","92,172","23,109","9,309","2,456"
Locality: 041 CHESTERFIELD COUNTY,0208,208 - MEADOWBROOK,"3,221",166,"3,387",26,3,1,80,"248,872","12,433","261,305","2,693",499,235,133,"5,636,494","314,875","5,951,369","92,172","23,109","9,309","2,456"
Locality: 041 CHESTERFIELD COUNTY,0209,209 - SALEM CHURCH,"3,418",161,"3,579",38,12,5,80,"248,872","12,433","261,305","2,693",499,235,133,"5,636,494","314,875","5,951,369","92,172","23,109","9,309","2,456"
Locality: 041 CHESTERFIELD COUNTY,0210,210 - FIVE FORKS,"4,565",190,"4,755",66,9,,80,"248,872","12,433","261,305","2,693",499,235,133,"5,636,494","314,875","5,951,369","92,172","23,109","9,309","2,456"
Locality: 041 CHESTERFIELD COUNTY,0211,211 - NASH,"4,690",151,"4,841",72,11,1,80,"248,872","12,433","261,305","2,693",499,235,133,"5,636,494","314,875","5,951,369","92,172","23,109","9,309","2,456"
Locality: 041 CHESTERFIELD COUNTY,0212,212 - ST. LUKE'S,"2,064",75,"2,139",15,,2,80,"248,872","12,433","261,305","2,693",499,235,133,"5,636,494","314,875","5,951,369","92,172","23,109","9,309","2,456"
Locality: 041 CHESTERFIELD COUNTY,0213,213 - SOUTHSIDE,"1,976",115,"2,091",20,1,,80,"248,872","12,433","261,305","2,693",499,235,133,"5,636,494","314,875","5,951,369","92,172","23,109","9,309","2,456"
Locality: 041 CHESTERFIELD COUNTY,0214,214 - HOPKINS,699,61,760,13,,,80,"248,872","12,433","261,305","2,693",499,235,133,"5,636,494","314,875","5,951,369","92,172","23,109","9,309","2,456"
Locality: 041 CHESTERFIELD COUNTY,0215,215 - North Bird,"1,588",41,"1,629",17,1,,80,"248,872","12,433","261,305","2,693",499,235,133,"5,636,494","314,875","5,951,369","92,172","23,109","9,309","2,456"
Locality: 041 CHESTERFIELD COUNTY,0216,216 - RIDGEDALE,"3,332",123,"3,455",40,2,1,80,"248,872","12,433","261,305","2,693",499,235,133,"5,636,494","314,875","5,951,369","92,172","23,109","9,309","2,456"
Locality: 041 CHESTERFIELD COUNTY,0301,301 - ETTRICK,"4,678",796,"5,474",46,2,1,80,"248,872","12,433","261,305","2,693",499,235,133,"5,636,494","314,875","5,951,369","92,172","23,109","9,309","2,456"
Locality: 041 CHESTERFIELD COUNTY,0302,302 - DEER RUN,"1,366",38,"1,404",16,3,1,80,"248,872","12,433","261,305","2,693",499,235,133,"5,636,494","314,875","5,951,369","92,172","23,109","9,309","2,456"
Locality: 041 CHESTERFIELD COUNTY,0303,303 - MATOACA,"4,369",205,"4,574",41,5,,80,"248,872","12,433","261,305","2,693",499,235,133,"5,636,494","314,875","5,951,369","92,172","23,109","9,309","2,456"
Locality: 041 CHESTERFIELD COUNTY,0304,304 - WINFREES STORE,"2,584",100,"2,684",20,,,80,"248,872","12,433","261,305","2,693",499,235,133,"5,636,494","314,875","5,951,369","92,172","23,109","9,309","2,456"
Locality: 041 CHESTERFIELD COUNTY,0305,305 - BEACH,"1,272",39,"1,311",7,,,80,"248,872","12,433","261,305","2,693",499,235,133,"5,636,494","314,875","5,951,369","92,172","23,109","9,309","2,456"
Locality: 041 CHESTERFIELD COUNTY,0306,306 - WINTERPOCK,"3,887",96,"3,983",28,4,4,80,"248,872","12,433","261,305","2,693",499,235,133,"5,636,494","314,875","5,951,369","92,172","23,109","9,309","2,456"
Locality: 041 CHESTERFIELD COUNTY,0307,307 - COSBY,"6,180",259,"6,439",71,12,5,80,"248,872","12,433","261,305","2,693",499,235,133,"5,636,494","314,875","5,951,369","92,172","23,109","9,309","2,456"
Locality: 041 CHESTERFIELD COUNTY,0308,308 - SOUTH MANCHESTER,"1,348",154,"1,502",24,5,,80,"248,872","12,433","261,305","2,693",499,235,133,"5,636,494","314,875","5,951,369","92,172","23,109","9,309","2,456"
Locality: 041 CHESTERFIELD COUNTY,0309,309 - SKINQUARTER,"3,334",102,"3,436",30,4,,80,"248,872","12,433","261,305","2,693",499,235,133,"5,636,494","314,875","5,951,369","92,172","23,109","9,309","2,456"
Locality: 041 CHESTERFIELD COUNTY,0310,310 - TOMAHAWK,"3,236",142,"3,378",32,9,8,80,"248,872","12,433","261,305","2,693",499,235,133,"5,636,494","314,875","5,951,369","92,172","23,109","9,309","2,456"
Locality: 041 CHESTERFIELD COUNTY,0313,313 - WOOLRIDGE,"4,975",207,"5,182",52,12,4,80,"248,872","12,433","261,305","2,693",499,235,133,"5,636,494","314,875","5,951,369","92,172","23,109","9,309","2,456"
Locality: 041 CHESTERFIELD COUNTY,0314,314 - LONGHOUSE,"1,737",60,"1,797",19,2,1,80,"248,872","12,433","261,305","2,693",499,235,133,"5,636,494","314,875","5,951,369","92,172","23,109","9,309","2,456"
Locality: 041 CHESTERFIELD COUNTY,0315,315 - BAILEY BRIDGE,"3,661",120,"3,781",28,4,1,80,"248,872","12,433","261,305","2,693",499,235,133,"5,636,494","314,875","5,951,369","92,172","23,109","9,309","2,456"
Locality: 041 CHESTERFIELD COUNTY,0316,316 - SPRING RUN,"3,421",145,"3,566",31,5,3,80,"248,872","12,433","261,305","2,693",499,235,133,"5,636,494","314,875","5,951,369","92,172","23,109","9,309","2,456"
Locality: 041 CHESTERFIELD COUNTY,0317,317 - BIRKDALE,"4,908",171,"5,079",50,18,3,80,"248,872","12,433","261,305","2,693",499,235,133,"5,636,494","314,875","5,951,369","92,172","23,109","9,309","2,456"
Locality: 041 CHESTERFIELD COUNTY,0318,318 - WEST BEACH,"1,182",40,"1,222",11,,1,80,"248,872","12,433","261,305","2,693",499,235,133,"5,636,494","314,875","5,951,369","92,172","23,109","9,309","2,456"
Locality: 041 CHESTERFIELD COUNTY,0319,319 - MAGNOLIA,"5,298",156,"5,454",92,5,1,80,"248,872","12,433","261,305","2,693",499,235,133,"5,636,494","314,875","5,951,369","92,172","23,109","9,309","2,456"
Locality: 041 CHESTERFIELD COUNTY,0401,401 - HARBOUR POINTE,"2,111",103,"2,214",15,3,8,80,"248,872","12,433","261,305","2,693",499,235,133,"5,636,494","314,875","5,951,369","92,172","23,109","9,309","2,456"
Locality: 041 CHESTERFIELD COUNTY,0402,402 - GENITO,"1,831",91,"1,922",13,3,1,80,"248,872","12,433","261,305","2,693",499,235,133,"5,636,494","314,875","5,951,369","92,172","23,109","9,309","2,456"
Locality: 041 CHESTERFIELD COUNTY,0403,403 - BRANDERMILL,"3,595",177,"3,772",36,7,2,80,"248,872","12,433","261,305","2,693",499,235,133,"5,636,494","314,875","5,951,369","92,172","23,109","9,309","2,456"
Locality: 041 CHESTERFIELD COUNTY,0404,404 - PROVIDENCE,"3,220",145,"3,365",26,10,6,80,"248,872","12,433","261,305","2,693",499,235,133,"5,636,494","314,875","5,951,369","92,172","23,109","9,309","2,456"
Locality: 041 CHESTERFIELD COUNTY,0405,405 - LA PRADE,"3,225",134,"3,359",22,9,9,80,"248,872","12,433","261,305","2,693",499,235,133,"5,636,494","314,875","5,951,369","92,172","23,109","9,309","2,456"
Locality: 041 CHESTERFIELD COUNTY,0406,406 - SMOKETREE,"2,630",70,"2,700",12,7,2,80,"248,872","12,433","261,305","2,693",499,235,133,"5,636,494","314,875","5,951,369","92,172","23,109","9,309","2,456"
Locality: 041 CHESTERFIELD COUNTY,0407,407 - MONACAN,"1,843",66,"1,909",13,3,5,80,"248,872","12,433","261,305","2,693",499,235,133,"5,636,494","314,875","5,951,369","92,172","23,109","9,309","2,456"
Locality: 041 CHESTERFIELD COUNTY,0408,408 - REAMS,"4,436",207,"4,643",28,3,5,80,"248,872","12,433","261,305","2,693",499,235,133,"5,636,494","314,875","5,951,369","92,172","23,109","9,309","2,456"
Locality: 041 CHESTERFIELD COUNTY,0409,409 - MANCHESTER,"1,674",66,"1,740",18,2,2,80,"248,872","12,433","261,305","2,693",499,235,133,"5,636,494","314,875","5,951,369","92,172","23,109","9,309","2,456"
Locality: 041 CHESTERFIELD COUNTY,0410,410 - WAGSTAFF,"2,084",77,"2,161",11,2,5,80,"248,872","12,433","261,305","2,693",499,235,133,"5,636,494","314,875","5,951,369","92,172","23,109","9,309","2,456"
Locality: 041 CHESTERFIELD COUNTY,0411,411 - SWIFT CREEK,"3,136",154,"3,290",19,15,7,80,"248,872","12,433","261,305","2,693",499,235,133,"5,636,494","314,875","5,951,369","92,172","23,109","9,309","2,456"
Locality: 041 CHESTERFIELD COUNTY,0412,412 - CLOVER HILL,"4,100",188,"4,288",46,5,5,80,"248,872","12,433","261,305","2,693",499,235,133,"5,636,494","314,875","5,951,369","92,172","23,109","9,309","2,456"
Locality: 041 CHESTERFIELD COUNTY,0413,413 - SHENANDOAH,"2,873",138,"3,011",16,12,3,80,"248,872","12,433","261,305","2,693",499,235,133,"5,636,494","314,875","5,951,369","92,172","23,109","9,309","2,456"
Locality: 041 CHESTERFIELD COUNTY,0414,414 - CRENSHAW,"5,288",268,"5,556",53,5,2,80,"248,872","12,433","261,305","2,693",499,235,133,"5,636,494","314,875","5,951,369","92,172","23,109","9,309","2,456"
Locality: 041 CHESTERFIELD COUNTY,0415,415 - EVERGREEN,"3,326",112,"3,438",19,5,3,80,"248,872","12,433","261,305","2,693",499,235,133,"5,636,494","314,875","5,951,369","92,172","23,109","9,309","2,456"
Locality: 041 CHESTERFIELD COUNTY,0416,416 - EVERGREEN WEST,"2,412",142,"2,554",23,5,3,80,"248,872","12,433","261,305","2,693",499,235,133,"5,636,494","314,875","5,951,369","92,172","23,109","9,309","2,456"
Locality: 041 CHESTERFIELD COUNTY,0417,417 - EDGEWATER,"1,984",61,"2,045",13,2,,80,"248,872","12,433","261,305","2,693",499,235,133,"5,636,494","314,875","5,951,369","92,172","23,109","9,309","2,456"
Locality: 041 CHESTERFIELD COUNTY,0501,501 - HUGUENOT,"2,411",111,"2,522",17,8,3,80,"248,872","12,433","261,305","2,693",499,235,133,"5,636,494","314,875","5,951,369","92,172","23,109","9,309","2,456"
Locality: 041 CHESTERFIELD COUNTY,0502,502 - CRESTWOOD,"1,611",84,"1,695",7,4,4,80,"248,872","12,433","261,305","2,693",499,235,133,"5,636,494","314,875","5,951,369","92,172","23,109","9,309","2,456"
Locality: 041 CHESTERFIELD COUNTY,0503,503 - MIDLOTHIAN,"3,763",157,"3,920",24,9,2,80,"248,872","12,433","261,305","2,693",499,235,133,"5,636,494","314,875","5,951,369","92,172","23,109","9,309","2,456"
Locality: 041 CHESTERFIELD COUNTY,0504,504 - ROBIOUS,"5,026",146,"5,172",21,20,13,80,"248,872","12,433","261,305","2,693",499,235,133,"5,636,494","314,875","5,951,369","92,172","23,109","9,309","2,456"
Locality: 041 CHESTERFIELD COUNTY,0505,505 - BON AIR,"3,087",111,"3,198",10,11,8,80,"248,872","12,433","261,305","2,693",499,235,133,"5,636,494","314,875","5,951,369","92,172","23,109","9,309","2,456"
Locality: 041 CHESTERFIELD COUNTY,0506,506 - GREENFIELD,"3,143",180,"3,323",17,4,2,80,"248,872","12,433","261,305","2,693",499,235,133,"5,636,494","314,875","5,951,369","92,172","23,109","9,309","2,456"
Locality: 041 CHESTERFIELD COUNTY,0507,507 - SALISBURY,"4,172",125,"4,297",15,11,7,80,"248,872","12,433","261,305","2,693",499,235,133,"5,636,494","314,875","5,951,369","92,172","23,109","9,309","2,456"
Locality: 041 CHESTERFIELD COUNTY,0508,508 - BELGRADE,"3,678",200,"3,878",39,12,7,80,"248,872","12,433","261,305","2,693",499,235,133,"5,636,494","314,875","5,951,369","92,172","23,109","9,309","2,456"
Locality: 041 CHESTERFIELD COUNTY,0509,509 - CRANBECK,"2,349",188,"2,537",16,4,2,80,"248,872","12,433","261,305","2,693",499,235,133,"5,636,494","314,875","5,951,369","92,172","23,109","9,309","2,456"
Locality: 041 CHESTERFIELD COUNTY,0510,510 - SYCAMORE,"3,239",103,"3,342",32,8,2,80,"248,872","12,433","261,305","2,693",499,235,133,"5,636,494","314,875","5,951,369","92,172","23,109","9,309","2,456"
Locality: 041 CHESTERFIELD COUNTY,0511,511 - BLACK HEATH,"2,096",52,"2,148",10,7,1,80,"248,872","12,433","261,305","2,693",499,235,133,"5,636,494","314,875","5,951,369","92,172","23,109","9,309","2,456"
Locality: 041 CHESTERFIELD COUNTY,0513,513 - BEAUFONT,"1,783",192,"1,975",15,4,5,80,"248,872","12,433","261,305","2,693",499,235,133,"5,636,494","314,875","5,951,369","92,172","23,109","9,309","2,456"
Locality: 041 CHESTERFIELD COUNTY,0514,514 - WATKINS,"3,836",138,"3,974",36,12,5,80,"248,872","12,433","261,305","2,693",499,235,133,"5,636,494","314,875","5,951,369","92,172","23,109","9,309","2,456"
Locality: 041 CHESTERFIELD COUNTY,0515,515 - DAVIS,"3,141",236,"3,377",32,6,1,80,"248,872","12,433","261,305","2,693",499,235,133,"5,636,494","314,875","5,951,369","92,172","23,109","9,309","2,456"
Locality: 041 CHESTERFIELD COUNTY,0516,516 - POCOSHOCK,"1,986",77,"2,063",13,3,7,80,"248,872","12,433","261,305","2,693",499,235,133,"5,636,494","314,875","5,951,369","92,172","23,109","9,309","2,456"
Locality: 041 CHESTERFIELD COUNTY,0517,517 - ROSELAND,"2,144",84,"2,228",11,5,,80,"248,872","12,433","261,305","2,693",499,235,133,"5,636,494","314,875","5,951,369","92,172","23,109","9,309","2,456"
Locality: 041 CHESTERFIELD COUNTY,0518,518 - MIDLOTHIAN NORTH,"4,034",157,"4,191",11,1,5,80,"248,872","12,433","261,305","2,693",499,235,133,"5,636,494","314,875","5,951,369","92,172","23,109","9,309","2,456"
Locality: 043 CLARKE COUNTY,0101,101 - RUSSELL,"2,384",75,"2,459",12,7,4,7,"11,287",427,"11,714",88,25,30,133,"5,636,494","314,875","5,951,369","92,172","23,109","9,309","2,456"
Locality: 043 CLARKE COUNTY,0201,201 - BERRYVILLE,"2,040",97,"2,137",18,,6,7,"11,287",427,"11,714",88,25,30,133,"5,636,494","314,875","5,951,369","92,172","23,109","9,309","2,456"
Locality: 043 CLARKE COUNTY,0301,301 - MILLWOOD,"1,746",59,"1,805",16,4,7,7,"11,287",427,"11,714",88,25,30,133,"5,636,494","314,875","5,951,369","92,172","23,109","9,309","2,456"
Locality: 043 CLARKE COUNTY,0302,302 - PINE GROVE,729,27,756,5,4,,7,"11,287",427,"11,714",88,25,30,133,"5,636,494","314,875","5,951,369","92,172","23,109","9,309","2,456"
Locality: 043 CLARKE COUNTY,0401,401 - WHITE POST,"2,210",87,"2,297",18,5,8,7,"11,287",427,"11,714",88,25,30,133,"5,636,494","314,875","5,951,369","92,172","23,109","9,309","2,456"
Locality: 043 CLARKE COUNTY,0501,501 - BUCKMARSH,"1,571",59,"1,630",14,4,4,7,"11,287",427,"11,714",88,25,30,133,"5,636,494","314,875","5,951,369","92,172","23,109","9,309","2,456"
Locality: 043 CLARKE COUNTY,0502,502 - BLUE RIDGE,607,23,630,5,1,1,7,"11,287",427,"11,714",88,25,30,133,"5,636,494","314,875","5,951,369","92,172","23,109","9,309","2,456"
Locality: 045 CRAIG COUNTY,0101,101 - COURT HOUSE,732,35,767,1,,,8,"3,840",121,"3,961",14,5,2,133,"5,636,494","314,875","5,951,369","92,172","23,109","9,309","2,456"
Locality: 045 CRAIG COUNTY,0201,201 - AMMENDALE PRECINCT,788,28,816,3,2,,8,"3,840",121,"3,961",14,5,2,133,"5,636,494","314,875","5,951,369","92,172","23,109","9,309","2,456"
Locality: 045 CRAIG COUNTY,0301,301 - GIVENS & REYNOLDS STORE,455,14,469,1,2,,8,"3,840",121,"3,961",14,5,2,133,"5,636,494","314,875","5,951,369","92,172","23,109","9,309","2,456"
Locality: 045 CRAIG COUNTY,0303,303 - MARSHALLS STORE,368,7,375,3,,,8,"3,840",121,"3,961",14,5,2,133,"5,636,494","314,875","5,951,369","92,172","23,109","9,309","2,456"
Locality: 045 CRAIG COUNTY,0401,401 - BARBOURS CREEK,349,6,355,3,,1,8,"3,840",121,"3,961",14,5,2,133,"5,636,494","314,875","5,951,369","92,172","23,109","9,309","2,456"
Locality: 045 CRAIG COUNTY,0402,402 - PAINT BANK,68,3,71,1,,1,8,"3,840",121,"3,961",14,5,2,133,"5,636,494","314,875","5,951,369","92,172","23,109","9,309","2,456"
Locality: 045 CRAIG COUNTY,0403,403 - CRAIG SPRINGS,352,12,364,1,,,8,"3,840",121,"3,961",14,5,2,133,"5,636,494","314,875","5,951,369","92,172","23,109","9,309","2,456"
Locality: 045 CRAIG COUNTY,0501,501 - CRAIG CITY,728,16,744,1,1,,8,"3,840",121,"3,961",14,5,2,133,"5,636,494","314,875","5,951,369","92,172","23,109","9,309","2,456"
Locality: 047 CULPEPER COUNTY,0101,101 - WEST FAIRFAX,"4,629",201,"4,830",61,6,8,15,"34,305","1,226","35,531",331,81,43,133,"5,636,494","314,875","5,951,369","92,172","23,109","9,309","2,456"
Locality: 047 CULPEPER COUNTY,0201,201 - EAST FAIRFAX,"4,325",203,"4,528",42,11,1,15,"34,305","1,226","35,531",331,81,43,133,"5,636,494","314,875","5,951,369","92,172","23,109","9,309","2,456"
Locality: 047 CULPEPER COUNTY,0302,302 - EGGBORNSVILLE,"2,031",59,"2,090",18,7,1,15,"34,305","1,226","35,531",331,81,43,133,"5,636,494","314,875","5,951,369","92,172","23,109","9,309","2,456"
Locality: 047 CULPEPER COUNTY,0303,303 - CARDOVA,"1,832",58,"1,890",5,4,1,15,"34,305","1,226","35,531",331,81,43,133,"5,636,494","314,875","5,951,369","92,172","23,109","9,309","2,456"
Locality: 047 CULPEPER COUNTY,0304,304 - WILLOW SHADE,886,43,929,6,1,,15,"34,305","1,226","35,531",331,81,43,133,"5,636,494","314,875","5,951,369","92,172","23,109","9,309","2,456"
Locality: 047 CULPEPER COUNTY,0401,401 - ELDORADO,"2,126",64,"2,190",19,,4,15,"34,305","1,226","35,531",331,81,43,133,"5,636,494","314,875","5,951,369","92,172","23,109","9,309","2,456"
Locality: 047 CULPEPER COUNTY,0402,402 - BROWNS STORE,"3,444",77,"3,521",22,18,7,15,"34,305","1,226","35,531",331,81,43,133,"5,636,494","314,875","5,951,369","92,172","23,109","9,309","2,456"
Locality: 047 CULPEPER COUNTY,0501,501 - JEFFERSONTON,"2,820",100,"2,920",44,6,9,15,"34,305","1,226","35,531",331,81,43,133,"5,636,494","314,875","5,951,369","92,172","23,109","9,309","2,456"
Locality: 047 CULPEPER COUNTY,0502,502 - RIXEYVILLE,"2,554",85,"2,639",24,3,1,15,"34,305","1,226","35,531",331,81,43,133,"5,636,494","314,875","5,951,369","92,172","23,109","9,309","2,456"
Locality: 047 CULPEPER COUNTY,0601,601 - MITCHELLS,422,18,440,5,1,,15,"34,305","1,226","35,531",331,81,43,133,"5,636,494","314,875","5,951,369","92,172","23,109","9,309","2,456"
Locality: 047 CULPEPER COUNTY,0602,602 - PEARL SAMPLE,"3,110",100,"3,210",25,7,3,15,"34,305","1,226","35,531",331,81,43,133,"5,636,494","314,875","5,951,369","92,172","23,109","9,309","2,456"
Locality: 047 CULPEPER COUNTY,0603,603 - SOUTH RIDGE,"1,000",61,"1,061",8,,2,15,"34,305","1,226","35,531",331,81,43,133,"5,636,494","314,875","5,951,369","92,172","23,109","9,309","2,456"
Locality: 047 CULPEPER COUNTY,0702,702 - BRANDY STATION,"2,971",96,"3,067",32,15,6,15,"34,305","1,226","35,531",331,81,43,133,"5,636,494","314,875","5,951,369","92,172","23,109","9,309","2,456"
Locality: 047 CULPEPER COUNTY,0703,703 - LIGNUM,"1,396",38,"1,434",11,2,,15,"34,305","1,226","35,531",331,81,43,133,"5,636,494","314,875","5,951,369","92,172","23,109","9,309","2,456"
Locality: 047 CULPEPER COUNTY,0704,704 - RICHARDSVILLE,759,23,782,9,,,15,"34,305","1,226","35,531",331,81,43,133,"5,636,494","314,875","5,951,369","92,172","23,109","9,309","2,456"
Locality: 049 CUMBERLAND COUNTY,0101,101 - PRECINCT 1,"1,455",39,"1,494",10,1,,5,"6,993",229,"7,222",39,5,4,133,"5,636,494","314,875","5,951,369","92,172","23,109","9,309","2,456"
Locality: 049 CUMBERLAND COUNTY,0201,201 - PRECINCT 2,"1,507",47,"1,554",5,2,1,5,"6,993",229,"7,222",39,5,4,133,"5,636,494","314,875","5,951,369","92,172","23,109","9,309","2,456"
Locality: 049 CUMBERLAND COUNTY,0301,301 - PRECINCT 3,"1,362",48,"1,410",8,,,5,"6,993",229,"7,222",39,5,4,133,"5,636,494","314,875","5,951,369","92,172","23,109","9,309","2,456"
Locality: 049 CUMBERLAND COUNTY,0401,401 - PRECINCT 4,"1,364",43,"1,407",6,1,2,5,"6,993",229,"7,222",39,5,4,133,"5,636,494","314,875","5,951,369","92,172","23,109","9,309","2,456"
Locality: 049 CUMBERLAND COUNTY,0501,501 - PRECINCT 5,"1,305",52,"1,357",10,1,1,5,"6,993",229,"7,222",39,5,4,133,"5,636,494","314,875","5,951,369","92,172","23,109","9,309","2,456"
Locality: 051 DICKENSON COUNTY,0101,101 - SOUTH CLINTWOOD,"2,055",88,"2,143",7,,1,11,"9,689",456,"10,145",44,1,3,133,"5,636,494","314,875","5,951,369","92,172","23,109","9,309","2,456"
Locality: 051 DICKENSON COUNTY,0201,201 - NORA,693,34,727,4,,,11,"9,689",456,"10,145",44,1,3,133,"5,636,494","314,875","5,951,369","92,172","23,109","9,309","2,456"
Locality: 051 DICKENSON COUNTY,0202,202 - FRYING PAN,248,15,263,,,,11,"9,689",456,"10,145",44,1,3,133,"5,636,494","314,875","5,951,369","92,172","23,109","9,309","2,456"
Locality: 051 DICKENSON COUNTY,0203,203 - CLINCHCO,902,43,945,4,,1,11,"9,689",456,"10,145",44,1,3,133,"5,636,494","314,875","5,951,369","92,172","23,109","9,309","2,456"
Locality: 051 DICKENSON COUNTY,0301,301 - WEST DANTE,284,9,293,,,,11,"9,689",456,"10,145",44,1,3,133,"5,636,494","314,875","5,951,369","92,172","23,109","9,309","2,456"
Locality: 051 DICKENSON COUNTY,0302,302 - HERALD,561,17,578,3,,,11,"9,689",456,"10,145",44,1,3,133,"5,636,494","314,875","5,951,369","92,172","23,109","9,309","2,456"
Locality: 051 DICKENSON COUNTY,0303,303 - RIDGE,594,47,641,4,,,11,"9,689",456,"10,145",44,1,3,133,"5,636,494","314,875","5,951,369","92,172","23,109","9,309","2,456"
Locality: 051 DICKENSON COUNTY,0304,304 - LONGS FORK,506,,506,3,,,11,"9,689",456,"10,145",44,1,3,133,"5,636,494","314,875","5,951,369","92,172","23,109","9,309","2,456"
Locality: 051 DICKENSON COUNTY,0401,401 - HAYSI-COLLEY,"1,851",107,"1,958",8,1,,11,"9,689",456,"10,145",44,1,3,133,"5,636,494","314,875","5,951,369","92,172","23,109","9,309","2,456"
Locality: 051 DICKENSON COUNTY,0501,501 - TARPON,500,25,525,6,,,11,"9,689",456,"10,145",44,1,3,133,"5,636,494","314,875","5,951,369","92,172","23,109","9,309","2,456"
Locality: 051 DICKENSON COUNTY,0502,502 - NORTH CLINTWOOD,"1,495",71,"1,566",5,,1,11,"9,689",456,"10,145",44,1,3,133,"5,636,494","314,875","5,951,369","92,172","23,109","9,309","2,456"
Locality: 053 DINWIDDIE COUNTY,0101,101 - WHITE OAK,780,19,799,8,,,13,"19,561",788,"20,349",170,13,4,133,"5,636,494","314,875","5,951,369","92,172","23,109","9,309","2,456"
Locality: 053 DINWIDDIE COUNTY,0102,102 - ROCKY RUN,"1,298",61,"1,359",7,1,,13,"19,561",788,"20,349",170,13,4,133,"5,636,494","314,875","5,951,369","92,172","23,109","9,309","2,456"
Locality: 053 DINWIDDIE COUNTY,0103,103 - CHURCH ROAD,"1,804",47,"1,851",17,1,,13,"19,561",788,"20,349",170,13,4,133,"5,636,494","314,875","5,951,369","92,172","23,109","9,309","2,456"
Locality: 053 DINWIDDIE COUNTY,0201,201 - ROHOIC,"1,246",55,"1,301",17,,,13,"19,561",788,"20,349",170,13,4,133,"5,636,494","314,875","5,951,369","92,172","23,109","9,309","2,456"
Locality: 053 DINWIDDIE COUNTY,0202,202 - SUTHERLAND,"2,916",104,"3,020",26,6,1,13,"19,561",788,"20,349",170,13,4,133,"5,636,494","314,875","5,951,369","92,172","23,109","9,309","2,456"
Locality: 053 DINWIDDIE COUNTY,0301,301 - REAMS,777,40,817,4,,,13,"19,561",788,"20,349",170,13,4,133,"5,636,494","314,875","5,951,369","92,172","23,109","9,309","2,456"
Locality: 053 DINWIDDIE COUNTY,0302,302 - NEW HOPE,"1,377",64,"1,441",13,5,1,13,"19,561",788,"20,349",170,13,4,133,"5,636,494","314,875","5,951,369","92,172","23,109","9,309","2,456"
Locality: 053 DINWIDDIE COUNTY,0303,303 - LITTLE ZION,"1,988",60,"2,048",11,,,13,"19,561",788,"20,349",170,13,4,133,"5,636,494","314,875","5,951,369","92,172","23,109","9,309","2,456"
Locality: 053 DINWIDDIE COUNTY,0401,401 - DINWIDDIE,"1,978",74,"2,052",21,,,13,"19,561",788,"20,349",170,13,4,133,"5,636,494","314,875","5,951,369","92,172","23,109","9,309","2,456"
Locality: 053 DINWIDDIE COUNTY,0402,402 - MCKENNEY,"1,201",35,"1,236",9,,,13,"19,561",788,"20,349",170,13,4,133,"5,636,494","314,875","5,951,369","92,172","23,109","9,309","2,456"
Locality: 053 DINWIDDIE COUNTY,0403,403 - CHERRY HILL,777,28,805,7,,,13,"19,561",788,"20,349",170,13,4,133,"5,636,494","314,875","5,951,369","92,172","23,109","9,309","2,456"
Locality: 053 DINWIDDIE COUNTY,0501,501 - EDGEHILL,477,40,517,9,,,13,"19,561",788,"20,349",170,13,4,133,"5,636,494","314,875","5,951,369","92,172","23,109","9,309","2,456"
Locality: 053 DINWIDDIE COUNTY,0502,502 - CHESDIN,"2,942",161,"3,103",21,,2,13,"19,561",788,"20,349",170,13,4,133,"5,636,494","314,875","5,951,369","92,172","23,109","9,309","2,456"
Locality: 057 ESSEX COUNTY,0101,101 - GREATER TAPPAHANNOCK,"1,817",87,"1,904",15,4,,4,"7,778",257,"8,035",54,9,,133,"5,636,494","314,875","5,951,369","92,172","23,109","9,309","2,456"
Locality: 057 ESSEX COUNTY,0201,201 - NORTH,"1,898",67,"1,965",15,1,,4,"7,778",257,"8,035",54,9,,133,"5,636,494","314,875","5,951,369","92,172","23,109","9,309","2,456"
Locality: 057 ESSEX COUNTY,0301,301 - SOUTH,"2,101",54,"2,155",17,3,,4,"7,778",257,"8,035",54,9,,133,"5,636,494","314,875","5,951,369","92,172","23,109","9,309","2,456"
Locality: 057 ESSEX COUNTY,0401,401 - CENTRAL,"1,962",49,"2,011",7,1,,4,"7,778",257,"8,035",54,9,,133,"5,636,494","314,875","5,951,369","92,172","23,109","9,309","2,456"
Locality: 059 FAIRFAX COUNTY,0104,104 - CHAPEL,"2,473",98,"2,571",25,18,10,247,"733,888","40,585","774,473","10,056","5,644","2,280",133,"5,636,494","314,875","5,951,369","92,172","23,109","9,309","2,456"
Locality: 059 FAIRFAX COUNTY,0105,105 - FAIRVIEW,"4,821",225,"5,046",79,26,10,247,"733,888","40,585","774,473","10,056","5,644","2,280",133,"5,636,494","314,875","5,951,369","92,172","23,109","9,309","2,456"
Locality: 059 FAIRFAX COUNTY,0106,106 - HERITAGE,"4,059",236,"4,295",37,18,11,247,"733,888","40,585","774,473","10,056","5,644","2,280",133,"5,636,494","314,875","5,951,369","92,172","23,109","9,309","2,456"
Locality: 059 FAIRFAX COUNTY,0108,108 - KINGS PARK,"2,504",79,"2,583",35,25,9,247,"733,888","40,585","774,473","10,056","5,644","2,280",133,"5,636,494","314,875","5,951,369","92,172","23,109","9,309","2,456"
Locality: 059 FAIRFAX COUNTY,0109,109 - LITTLE RUN,"1,299",37,"1,336",23,11,8,247,"733,888","40,585","774,473","10,056","5,644","2,280",133,"5,636,494","314,875","5,951,369","92,172","23,109","9,309","2,456"
Locality: 059 FAIRFAX COUNTY,0110,110 - NORTH SPRINGFIELD,"4,444",185,"4,629",51,14,7,247,"733,888","40,585","774,473","10,056","5,644","2,280",133,"5,636,494","314,875","5,951,369","92,172","23,109","9,309","2,456"
Locality: 059 FAIRFAX COUNTY,0113,113 - CANTERBURY,"4,160",152,"4,312",70,41,9,247,"733,888","40,585","774,473","10,056","5,644","2,280",133,"5,636,494","314,875","5,951,369","92,172","23,109","9,309","2,456"
Locality: 059 FAIRFAX COUNTY,0114,114 - OLDE CREEK,"2,280",95,"2,375",33,26,4,247,"733,888","40,585","774,473","10,056","5,644","2,280",133,"5,636,494","314,875","5,951,369","92,172","23,109","9,309","2,456"
Locality: 059 FAIRFAX COUNTY,0115,115 - RAVENSWORTH,"1,840",60,"1,900",19,13,9,247,"733,888","40,585","774,473","10,056","5,644","2,280",133,"5,636,494","314,875","5,951,369","92,172","23,109","9,309","2,456"
Locality: 059 FAIRFAX COUNTY,0116,116 - WAKEFIELD,"2,314",85,"2,399",49,29,10,247,"733,888","40,585","774,473","10,056","5,644","2,280",133,"5,636,494","314,875","5,951,369","92,172","23,109","9,309","2,456"
Locality: 059 FAIRFAX COUNTY,0117,117 - WOODSON,"3,078",153,"3,231",35,34,14,247,"733,888","40,585","774,473","10,056","5,644","2,280",133,"5,636,494","314,875","5,951,369","92,172","23,109","9,309","2,456"
Locality: 059 FAIRFAX COUNTY,0118,118 - LAKE BRADDOCK,"4,197",224,"4,421",64,24,10,247,"733,888","40,585","774,473","10,056","5,644","2,280",133,"5,636,494","314,875","5,951,369","92,172","23,109","9,309","2,456"
Locality: 059 FAIRFAX COUNTY,0119,119 - LAUREL,"4,176",201,"4,377",80,30,18,247,"733,888","40,585","774,473","10,056","5,644","2,280",133,"5,636,494","314,875","5,951,369","92,172","23,109","9,309","2,456"
Locality: 059 FAIRFAX COUNTY,0120,120 - SIDEBURN,"3,198",131,"3,329",72,17,4,247,"733,888","40,585","774,473","10,056","5,644","2,280",133,"5,636,494","314,875","5,951,369","92,172","23,109","9,309","2,456"
Locality: 059 FAIRFAX COUNTY,0121,121 - VILLA,"2,168",106,"2,274",17,14,,247,"733,888","40,585","774,473","10,056","5,644","2,280",133,"5,636,494","314,875","5,951,369","92,172","23,109","9,309","2,456"
Locality: 059 FAIRFAX COUNTY,0123,123 - ROBINSON,"4,430",222,"4,652",75,27,14,247,"733,888","40,585","774,473","10,056","5,644","2,280",133,"5,636,494","314,875","5,951,369","92,172","23,109","9,309","2,456"
Locality: 059 FAIRFAX COUNTY,0125,125 - SIGNAL HILL,"3,244",131,"3,375",65,26,10,247,"733,888","40,585","774,473","10,056","5,644","2,280",133,"5,636,494","314,875","5,951,369","92,172","23,109","9,309","2,456"
Locality: 059 FAIRFAX COUNTY,0126,126 - BONNIE BRAE,"2,495",105,"2,600",35,21,3,247,"733,888","40,585","774,473","10,056","5,644","2,280",133,"5,636,494","314,875","5,951,369","92,172","23,109","9,309","2,456"
Locality: 059 FAIRFAX COUNTY,0127,127 - BURKE CENTRE,"4,665",245,"4,910",84,37,13,247,"733,888","40,585","774,473","10,056","5,644","2,280",133,"5,636,494","314,875","5,951,369","92,172","23,109","9,309","2,456"
Locality: 059 FAIRFAX COUNTY,0128,128 - CARDINAL,"2,390",117,"2,507",38,14,2,247,"733,888","40,585","774,473","10,056","5,644","2,280",133,"5,636,494","314,875","5,951,369","92,172","23,109","9,309","2,456"
Locality: 059 FAIRFAX COUNTY,0129,129 - KEENE MILL,"1,787",70,"1,857",49,13,4,247,"733,888","40,585","774,473","10,056","5,644","2,280",133,"5,636,494","314,875","5,951,369","92,172","23,109","9,309","2,456"
Locality: 059 FAIRFAX COUNTY,0130,130 - TERRA CENTRE,"2,407",134,"2,541",52,19,3,247,"733,888","40,585","774,473","10,056","5,644","2,280",133,"5,636,494","314,875","5,951,369","92,172","23,109","9,309","2,456"
Locality: 059 FAIRFAX COUNTY,0131,131 - EAGLE VIEW,"3,896",244,"4,140",40,19,10,247,"733,888","40,585","774,473","10,056","5,644","2,280",133,"5,636,494","314,875","5,951,369","92,172","23,109","9,309","2,456"
Locality: 059 FAIRFAX COUNTY,0132,132 - MONUMENT,"4,946",407,"5,353",63,39,17,247,"733,888","40,585","774,473","10,056","5,644","2,280",133,"5,636,494","314,875","5,951,369","92,172","23,109","9,309","2,456"
Locality: 059 FAIRFAX COUNTY,0133,133 - DANBURY,726,28,754,10,6,3,247,"733,888","40,585","774,473","10,056","5,644","2,280",133,"5,636,494","314,875","5,951,369","92,172","23,109","9,309","2,456"
Locality: 059 FAIRFAX COUNTY,0134,134 - UNIVERSITY,"1,993",409,"2,402",20,11,2,247,"733,888","40,585","774,473","10,056","5,644","2,280",133,"5,636,494","314,875","5,951,369","92,172","23,109","9,309","2,456"
Locality: 059 FAIRFAX COUNTY,0201,201 - ARMSTRONG,"3,798",279,"4,077",27,61,16,247,"733,888","40,585","774,473","10,056","5,644","2,280",133,"5,636,494","314,875","5,951,369","92,172","23,109","9,309","2,456"
Locality: 059 FAIRFAX COUNTY,0202,202 - FLINT HILL,"3,103",124,"3,227",21,42,10,247,"733,888","40,585","774,473","10,056","5,644","2,280",133,"5,636,494","314,875","5,951,369","92,172","23,109","9,309","2,456"
Locality: 059 FAIRFAX COUNTY,0203,203 - FLORIS,"3,923",139,"4,062",20,26,8,247,"733,888","40,585","774,473","10,056","5,644","2,280",133,"5,636,494","314,875","5,951,369","92,172","23,109","9,309","2,456"
Locality: 059 FAIRFAX COUNTY,0204,204 - MADISON,988,48,"1,036",10,6,3,247,"733,888","40,585","774,473","10,056","5,644","2,280",133,"5,636,494","314,875","5,951,369","92,172","23,109","9,309","2,456"
Locality: 059 FAIRFAX COUNTY,0208,208 - RESTON #1,"4,463",435,"4,898",44,41,19,247,"733,888","40,585","774,473","10,056","5,644","2,280",133,"5,636,494","314,875","5,951,369","92,172","23,109","9,309","2,456"
Locality: 059 FAIRFAX COUNTY,0209,209 - RESTON #2,"3,571",198,"3,769",37,44,13,247,"733,888","40,585","774,473","10,056","5,644","2,280",133,"5,636,494","314,875","5,951,369","92,172","23,109","9,309","2,456"
Locality: 059 FAIRFAX COUNTY,0213,213 - VIENNA #1,"4,231",169,"4,400",38,33,16,247,"733,888","40,585","774,473","10,056","5,644","2,280",133,"5,636,494","314,875","5,951,369","92,172","23,109","9,309","2,456"
Locality: 059 FAIRFAX COUNTY,0214,214 - VIENNA #2,"3,400",137,"3,537",21,29,15,247,"733,888","40,585","774,473","10,056","5,644","2,280",133,"5,636,494","314,875","5,951,369","92,172","23,109","9,309","2,456"
Locality: 059 FAIRFAX COUNTY,0216,216 - VIENNA #4,"1,615",80,"1,695",8,8,3,247,"733,888","40,585","774,473","10,056","5,644","2,280",133,"5,636,494","314,875","5,951,369","92,172","23,109","9,309","2,456"
Locality: 059 FAIRFAX COUNTY,0218,218 - VIENNA #6,"2,391",78,"2,469",14,20,10,247,"733,888","40,585","774,473","10,056","5,644","2,280",133,"5,636,494","314,875","5,951,369","92,172","23,109","9,309","2,456"
Locality: 059 FAIRFAX COUNTY,0219,219 - WESTBRIAR,"3,815",202,"4,017",37,38,16,247,"733,888","40,585","774,473","10,056","5,644","2,280",133,"5,636,494","314,875","5,951,369","92,172","23,109","9,309","2,456"
Locality: 059 FAIRFAX COUNTY,0220,220 - DOGWOOD,"4,356",223,"4,579",31,21,9,247,"733,888","40,585","774,473","10,056","5,644","2,280",133,"5,636,494","314,875","5,951,369","92,172","23,109","9,309","2,456"
Locality: 059 FAIRFAX COUNTY,0221,221 - HUNTERS WOODS,"2,833",93,"2,926",14,34,8,247,"733,888","40,585","774,473","10,056","5,644","2,280",133,"5,636,494","314,875","5,951,369","92,172","23,109","9,309","2,456"
Locality: 059 FAIRFAX COUNTY,0222,222 - RESTON #3,"2,241",121,"2,362",14,44,12,247,"733,888","40,585","774,473","10,056","5,644","2,280",133,"5,636,494","314,875","5,951,369","92,172","23,109","9,309","2,456"
Locality: 059 FAIRFAX COUNTY,0223,223 - GLADE,"3,943",193,"4,136",22,45,13,247,"733,888","40,585","774,473","10,056","5,644","2,280",133,"5,636,494","314,875","5,951,369","92,172","23,109","9,309","2,456"
Locality: 059 FAIRFAX COUNTY,0224,224 - SOUTH LAKES,"5,292",288,"5,580",36,48,35,247,"733,888","40,585","774,473","10,056","5,644","2,280",133,"5,636,494","314,875","5,951,369","92,172","23,109","9,309","2,456"
Locality: 059 FAIRFAX COUNTY,0225,225 - HUGHES,"4,096",302,"4,398",27,49,20,247,"733,888","40,585","774,473","10,056","5,644","2,280",133,"5,636,494","314,875","5,951,369","92,172","23,109","9,309","2,456"
Locality: 059 FAIRFAX COUNTY,0226,226 - WOLFTRAP,"3,652",151,"3,803",30,34,18,247,"733,888","40,585","774,473","10,056","5,644","2,280",133,"5,636,494","314,875","5,951,369","92,172","23,109","9,309","2,456"
Locality: 059 FAIRFAX COUNTY,0227,227 - SUNRISE VALLEY,"1,915",63,"1,978",8,14,7,247,"733,888","40,585","774,473","10,056","5,644","2,280",133,"5,636,494","314,875","5,951,369","92,172","23,109","9,309","2,456"
Locality: 059 FAIRFAX COUNTY,0229,229 - FOX MILL,"4,628",174,"4,802",27,41,13,247,"733,888","40,585","774,473","10,056","5,644","2,280",133,"5,636,494","314,875","5,951,369","92,172","23,109","9,309","2,456"
Locality: 059 FAIRFAX COUNTY,0233,233 - NORTH POINT,"3,634",154,"3,788",16,22,18,247,"733,888","40,585","774,473","10,056","5,644","2,280",133,"5,636,494","314,875","5,951,369","92,172","23,109","9,309","2,456"
Locality: 059 FAIRFAX COUNTY,0234,234 - ALDRIN,"2,973",205,"3,178",19,37,13,247,"733,888","40,585","774,473","10,056","5,644","2,280",133,"5,636,494","314,875","5,951,369","92,172","23,109","9,309","2,456"
Locality: 059 FAIRFAX COUNTY,0235,235 - FRYING PAN,"3,128",168,"3,296",24,25,23,247,"733,888","40,585","774,473","10,056","5,644","2,280",133,"5,636,494","314,875","5,951,369","92,172","23,109","9,309","2,456"
Locality: 059 FAIRFAX COUNTY,0236,236 - STUART,"1,397",55,"1,452",8,15,3,247,"733,888","40,585","774,473","10,056","5,644","2,280",133,"5,636,494","314,875","5,951,369","92,172","23,109","9,309","2,456"
Locality: 059 FAIRFAX COUNTY,0237,237 - MCNAIR,"3,836",285,"4,121",28,16,6,247,"733,888","40,585","774,473","10,056","5,644","2,280",133,"5,636,494","314,875","5,951,369","92,172","23,109","9,309","2,456"
Locality: 059 FAIRFAX COUNTY,0238,238 - CAMERON GLEN,"4,410",384,"4,794",37,54,7,247,"733,888","40,585","774,473","10,056","5,644","2,280",133,"5,636,494","314,875","5,951,369","92,172","23,109","9,309","2,456"
Locality: 059 FAIRFAX COUNTY,0240,240 - COLVIN,"2,625",94,"2,719",16,24,12,247,"733,888","40,585","774,473","10,056","5,644","2,280",133,"5,636,494","314,875","5,951,369","92,172","23,109","9,309","2,456"
Locality: 059 FAIRFAX COUNTY,0301,301 - CHAIN BRIDGE,"3,814",195,"4,009",28,57,33,247,"733,888","40,585","774,473","10,056","5,644","2,280",133,"5,636,494","314,875","5,951,369","92,172","23,109","9,309","2,456"
Locality: 059 FAIRFAX COUNTY,0302,302 - CHESTERBROOK,"2,758",112,"2,870",14,33,21,247,"733,888","40,585","774,473","10,056","5,644","2,280",133,"5,636,494","314,875","5,951,369","92,172","23,109","9,309","2,456"
Locality: 059 FAIRFAX COUNTY,0303,303 - CHURCHILL,"1,615",71,"1,686",18,16,5,247,"733,888","40,585","774,473","10,056","5,644","2,280",133,"5,636,494","314,875","5,951,369","92,172","23,109","9,309","2,456"
Locality: 059 FAIRFAX COUNTY,0304,304 - COOPER,"2,432",145,"2,577",11,28,8,247,"733,888","40,585","774,473","10,056","5,644","2,280",133,"5,636,494","314,875","5,951,369","92,172","23,109","9,309","2,456"
Locality: 059 FAIRFAX COUNTY,0305,305 - EL NIDO,"2,461",90,"2,551",14,39,23,247,"733,888","40,585","774,473","10,056","5,644","2,280",133,"5,636,494","314,875","5,951,369","92,172","23,109","9,309","2,456"
Locality: 059 FAIRFAX COUNTY,0306,306 - GREAT FALLS,"2,192",104,"2,296",13,19,10,247,"733,888","40,585","774,473","10,056","5,644","2,280",133,"5,636,494","314,875","5,951,369","92,172","23,109","9,309","2,456"
Locality: 059 FAIRFAX COUNTY,0307,307 - HAYCOCK,"2,601",78,"2,679",14,33,16,247,"733,888","40,585","774,473","10,056","5,644","2,280",133,"5,636,494","314,875","5,951,369","92,172","23,109","9,309","2,456"
Locality: 059 FAIRFAX COUNTY,0309,309 - KENMORE,"4,072",187,"4,259",23,33,21,247,"733,888","40,585","774,473","10,056","5,644","2,280",133,"5,636,494","314,875","5,951,369","92,172","23,109","9,309","2,456"
Locality: 059 FAIRFAX COUNTY,0310,310 - KIRBY,"2,238",97,"2,335",16,34,30,247,"733,888","40,585","774,473","10,056","5,644","2,280",133,"5,636,494","314,875","5,951,369","92,172","23,109","9,309","2,456"
Locality: 059 FAIRFAX COUNTY,0311,311 - LANGLEY,"2,197",124,"2,321",13,33,13,247,"733,888","40,585","774,473","10,056","5,644","2,280",133,"5,636,494","314,875","5,951,369","92,172","23,109","9,309","2,456"
Locality: 059 FAIRFAX COUNTY,0312,312 - LONGFELLOW,"2,673",117,"2,790",36,53,17,247,"733,888","40,585","774,473","10,056","5,644","2,280",133,"5,636,494","314,875","5,951,369","92,172","23,109","9,309","2,456"
Locality: 059 FAIRFAX COUNTY,0314,314 - MCLEAN,"2,834",134,"2,968",20,41,19,247,"733,888","40,585","774,473","10,056","5,644","2,280",133,"5,636,494","314,875","5,951,369","92,172","23,109","9,309","2,456"
Locality: 059 FAIRFAX COUNTY,0315,315 - PIMMIT,"3,426",203,"3,629",35,21,15,247,"733,888","40,585","774,473","10,056","5,644","2,280",133,"5,636,494","314,875","5,951,369","92,172","23,109","9,309","2,456"
Locality: 059 FAIRFAX COUNTY,0316,316 - SALONA #1,"1,024",46,"1,070",7,13,14,247,"733,888","40,585","774,473","10,056","5,644","2,280",133,"5,636,494","314,875","5,951,369","92,172","23,109","9,309","2,456"
Locality: 059 FAIRFAX COUNTY,0317,317 - WESTHAMPTON,"2,362",105,"2,467",21,41,13,247,"733,888","40,585","774,473","10,056","5,644","2,280",133,"5,636,494","314,875","5,951,369","92,172","23,109","9,309","2,456"
Locality: 059 FAIRFAX COUNTY,0318,318 - WESTMORELAND,"1,540",86,"1,626",14,26,23,247,"733,888","40,585","774,473","10,056","5,644","2,280",133,"5,636,494","314,875","5,951,369","92,172","23,109","9,309","2,456"
Locality: 059 FAIRFAX COUNTY,0319,319 - HERNDON #1,"4,149",181,"4,330",22,23,7,247,"733,888","40,585","774,473","10,056","5,644","2,280",133,"5,636,494","314,875","5,951,369","92,172","23,109","9,309","2,456"
Locality: 059 FAIRFAX COUNTY,0320,320 - HERNDON #2,"4,351",233,"4,584",33,32,15,247,"733,888","40,585","774,473","10,056","5,644","2,280",133,"5,636,494","314,875","5,951,369","92,172","23,109","9,309","2,456"
Locality: 059 FAIRFAX COUNTY,0321,321 - CLEARVIEW,"4,075",171,"4,246",32,27,13,247,"733,888","40,585","774,473","10,056","5,644","2,280",133,"5,636,494","314,875","5,951,369","92,172","23,109","9,309","2,456"
Locality: 059 FAIRFAX COUNTY,0322,322 - FORESTVILLE,"3,402",144,"3,546",13,24,13,247,"733,888","40,585","774,473","10,056","5,644","2,280",133,"5,636,494","314,875","5,951,369","92,172","23,109","9,309","2,456"
Locality: 059 FAIRFAX COUNTY,0323,323 - SHOUSE,"2,351",76,"2,427",14,15,6,247,"733,888","40,585","774,473","10,056","5,644","2,280",133,"5,636,494","314,875","5,951,369","92,172","23,109","9,309","2,456"
Locality: 059 FAIRFAX COUNTY,0324,324 - HERNDON #3,"3,913",305,"4,218",23,32,5,247,"733,888","40,585","774,473","10,056","5,644","2,280",133,"5,636,494","314,875","5,951,369","92,172","23,109","9,309","2,456"
Locality: 059 FAIRFAX COUNTY,0325,325 - HUTCHISON,"2,427",188,"2,615",32,7,7,247,"733,888","40,585","774,473","10,056","5,644","2,280",133,"5,636,494","314,875","5,951,369","92,172","23,109","9,309","2,456"
Locality: 059 FAIRFAX COUNTY,0327,327 - SUGARLAND,"3,662",177,"3,839",24,36,13,247,"733,888","40,585","774,473","10,056","5,644","2,280",133,"5,636,494","314,875","5,951,369","92,172","23,109","9,309","2,456"
Locality: 059 FAIRFAX COUNTY,0328,328 - HICKORY,"3,510",156,"3,666",18,32,12,247,"733,888","40,585","774,473","10,056","5,644","2,280",133,"5,636,494","314,875","5,951,369","92,172","23,109","9,309","2,456"
Locality: 059 FAIRFAX COUNTY,0329,329 - SENECA,"3,652",153,"3,805",14,24,11,247,"733,888","40,585","774,473","10,056","5,644","2,280",133,"5,636,494","314,875","5,951,369","92,172","23,109","9,309","2,456"
Locality: 059 FAIRFAX COUNTY,0331,331 - SPRING HILL,"2,374",73,"2,447",16,21,11,247,"733,888","40,585","774,473","10,056","5,644","2,280",133,"5,636,494","314,875","5,951,369","92,172","23,109","9,309","2,456"
Locality: 059 FAIRFAX COUNTY,0332,332 - COATES,"4,724",519,"5,243",61,24,6,247,"733,888","40,585","774,473","10,056","5,644","2,280",133,"5,636,494","314,875","5,951,369","92,172","23,109","9,309","2,456"
Locality: 059 FAIRFAX COUNTY,0333,333 - SALONA #2,"1,859",69,"1,928",13,50,23,247,"733,888","40,585","774,473","10,056","5,644","2,280",133,"5,636,494","314,875","5,951,369","92,172","23,109","9,309","2,456"
Locality: 059 FAIRFAX COUNTY,0401,401 - BUSH HILL,"3,460",157,"3,617",65,20,5,247,"733,888","40,585","774,473","10,056","5,644","2,280",133,"5,636,494","314,875","5,951,369","92,172","23,109","9,309","2,456"
Locality: 059 FAIRFAX COUNTY,0402,402 - CAMERON,"1,209",64,"1,273",19,8,4,247,"733,888","40,585","774,473","10,056","5,644","2,280",133,"5,636,494","314,875","5,951,369","92,172","23,109","9,309","2,456"
Locality: 059 FAIRFAX COUNTY,0403,403 - FORESTDALE,"1,405",91,"1,496",26,13,3,247,"733,888","40,585","774,473","10,056","5,644","2,280",133,"5,636,494","314,875","5,951,369","92,172","23,109","9,309","2,456"
Locality: 059 FAIRFAX COUNTY,0404,404 - FRANCONIA,"4,029",240,"4,269",66,18,9,247,"733,888","40,585","774,473","10,056","5,644","2,280",133,"5,636,494","314,875","5,951,369","92,172","23,109","9,309","2,456"
Locality: 059 FAIRFAX COUNTY,0405,405 - GROVETON,"2,130",201,"2,331",53,3,1,247,"733,888","40,585","774,473","10,056","5,644","2,280",133,"5,636,494","314,875","5,951,369","92,172","23,109","9,309","2,456"
Locality: 059 FAIRFAX COUNTY,0406,406 - HAYFIELD,"2,410",124,"2,534",65,18,4,247,"733,888","40,585","774,473","10,056","5,644","2,280",133,"5,636,494","314,875","5,951,369","92,172","23,109","9,309","2,456"
Locality: 059 FAIRFAX COUNTY,0408,408 - MOUNT EAGLE,"2,772",299,"3,071",63,28,9,247,"733,888","40,585","774,473","10,056","5,644","2,280",133,"5,636,494","314,875","5,951,369","92,172","23,109","9,309","2,456"
Locality: 059 FAIRFAX COUNTY,0409,409 - PIONEER,"4,155",248,"4,403",58,29,10,247,"733,888","40,585","774,473","10,056","5,644","2,280",133,"5,636,494","314,875","5,951,369","92,172","23,109","9,309","2,456"
Locality: 059 FAIRFAX COUNTY,0410,410 - ROSE HILL,"4,800",280,"5,080",93,33,7,247,"733,888","40,585","774,473","10,056","5,644","2,280",133,"5,636,494","314,875","5,951,369","92,172","23,109","9,309","2,456"
Locality: 059 FAIRFAX COUNTY,0411,411 - VIRGINIA HILLS,"2,473",120,"2,593",38,16,1,247,"733,888","40,585","774,473","10,056","5,644","2,280",133,"5,636,494","314,875","5,951,369","92,172","23,109","9,309","2,456"
Locality: 059 FAIRFAX COUNTY,0413,413 - FAIRFIELD,"2,792",189,"2,981",45,4,,247,"733,888","40,585","774,473","10,056","5,644","2,280",133,"5,636,494","314,875","5,951,369","92,172","23,109","9,309","2,456"
Locality: 059 FAIRFAX COUNTY,0415,415 - CRESTWOOD,"2,890",102,"2,992",40,9,8,247,"733,888","40,585","774,473","10,056","5,644","2,280",133,"5,636,494","314,875","5,951,369","92,172","23,109","9,309","2,456"
Locality: 059 FAIRFAX COUNTY,0417,417 - GARFIELD,"4,044",191,"4,235",52,23,6,247,"733,888","40,585","774,473","10,056","5,644","2,280",133,"5,636,494","314,875","5,951,369","92,172","23,109","9,309","2,456"
Locality: 059 FAIRFAX COUNTY,0418,418 - LYNBROOK,"2,266",97,"2,363",27,14,9,247,"733,888","40,585","774,473","10,056","5,644","2,280",133,"5,636,494","314,875","5,951,369","92,172","23,109","9,309","2,456"
Locality: 059 FAIRFAX COUNTY,0419,419 - LANE #1,"1,374",77,"1,451",21,9,3,247,"733,888","40,585","774,473","10,056","5,644","2,280",133,"5,636,494","314,875","5,951,369","92,172","23,109","9,309","2,456"
Locality: 059 FAIRFAX COUNTY,0420,420 - VILLAGES,"4,760",305,"5,065",122,38,10,247,"733,888","40,585","774,473","10,056","5,644","2,280",133,"5,636,494","314,875","5,951,369","92,172","23,109","9,309","2,456"
Locality: 059 FAIRFAX COUNTY,0421,421 - KINGSTOWNE,"3,962",301,"4,263",113,44,10,247,"733,888","40,585","774,473","10,056","5,644","2,280",133,"5,636,494","314,875","5,951,369","92,172","23,109","9,309","2,456"
Locality: 059 FAIRFAX COUNTY,0422,422 - VAN DORN,"3,833",330,"4,163",74,18,9,247,"733,888","40,585","774,473","10,056","5,644","2,280",133,"5,636,494","314,875","5,951,369","92,172","23,109","9,309","2,456"
Locality: 059 FAIRFAX COUNTY,0423,423 - CLERMONT,"2,762",131,"2,893",59,21,15,247,"733,888","40,585","774,473","10,056","5,644","2,280",133,"5,636,494","314,875","5,951,369","92,172","23,109","9,309","2,456"
Locality: 059 FAIRFAX COUNTY,0424,424 - HUNTLEY,"2,750",146,"2,896",59,16,5,247,"733,888","40,585","774,473","10,056","5,644","2,280",133,"5,636,494","314,875","5,951,369","92,172","23,109","9,309","2,456"
Locality: 059 FAIRFAX COUNTY,0426,426 - GREENSPRING,"1,755",32,"1,787",2,6,6,247,"733,888","40,585","774,473","10,056","5,644","2,280",133,"5,636,494","314,875","5,951,369","92,172","23,109","9,309","2,456"
Locality: 059 FAIRFAX COUNTY,0427,427 - ISLAND CREEK,"2,757",158,"2,915",92,23,4,247,"733,888","40,585","774,473","10,056","5,644","2,280",133,"5,636,494","314,875","5,951,369","92,172","23,109","9,309","2,456"
Locality: 059 FAIRFAX COUNTY,0428,428 - PINEWOOD,"3,401",228,"3,629",54,9,3,247,"733,888","40,585","774,473","10,056","5,644","2,280",133,"5,636,494","314,875","5,951,369","92,172","23,109","9,309","2,456"
Locality: 059 FAIRFAX COUNTY,0429,429 - HYBLA VALLEY,"3,756",251,"4,007",60,5,2,247,"733,888","40,585","774,473","10,056","5,644","2,280",133,"5,636,494","314,875","5,951,369","92,172","23,109","9,309","2,456"
Locality: 059 FAIRFAX COUNTY,0430,430 - LANE #2,"2,276",120,"2,396",39,22,5,247,"733,888","40,585","774,473","10,056","5,644","2,280",133,"5,636,494","314,875","5,951,369","92,172","23,109","9,309","2,456"
Locality: 059 FAIRFAX COUNTY,0501,501 - BAILEYS #1,"2,285",129,"2,414",21,33,12,247,"733,888","40,585","774,473","10,056","5,644","2,280",133,"5,636,494","314,875","5,951,369","92,172","23,109","9,309","2,456"
Locality: 059 FAIRFAX COUNTY,0502,502 - BARCROFT,"1,386",65,"1,451",12,21,9,247,"733,888","40,585","774,473","10,056","5,644","2,280",133,"5,636,494","314,875","5,951,369","92,172","23,109","9,309","2,456"
Locality: 059 FAIRFAX COUNTY,0503,503 - BELVEDERE,"1,744",68,"1,812",16,19,12,247,"733,888","40,585","774,473","10,056","5,644","2,280",133,"5,636,494","314,875","5,951,369","92,172","23,109","9,309","2,456"
Locality: 059 FAIRFAX COUNTY,0504,504 - BRISTOW,"2,803",154,"2,957",20,15,4,247,"733,888","40,585","774,473","10,056","5,644","2,280",133,"5,636,494","314,875","5,951,369","92,172","23,109","9,309","2,456"
Locality: 059 FAIRFAX COUNTY,0505,505 - GLEN FOREST,"3,080",169,"3,249",20,27,9,247,"733,888","40,585","774,473","10,056","5,644","2,280",133,"5,636,494","314,875","5,951,369","92,172","23,109","9,309","2,456"
Locality: 059 FAIRFAX COUNTY,0506,506 - HOLMES #1,695,50,745,10,1,2,247,"733,888","40,585","774,473","10,056","5,644","2,280",133,"5,636,494","314,875","5,951,369","92,172","23,109","9,309","2,456"
Locality: 059 FAIRFAX COUNTY,0507,507 - LINCOLNIA,"3,585",288,"3,873",56,12,8,247,"733,888","40,585","774,473","10,056","5,644","2,280",133,"5,636,494","314,875","5,951,369","92,172","23,109","9,309","2,456"
Locality: 059 FAIRFAX COUNTY,0508,508 - MASONVILLE,"3,007",114,"3,121",24,16,11,247,"733,888","40,585","774,473","10,056","5,644","2,280",133,"5,636,494","314,875","5,951,369","92,172","23,109","9,309","2,456"
Locality: 059 FAIRFAX COUNTY,0509,509 - PLAZA,"1,177",46,"1,223",6,12,9,247,"733,888","40,585","774,473","10,056","5,644","2,280",133,"5,636,494","314,875","5,951,369","92,172","23,109","9,309","2,456"
Locality: 059 FAIRFAX COUNTY,0510,510 - PARKLAWN,"2,343",91,"2,434",17,14,6,247,"733,888","40,585","774,473","10,056","5,644","2,280",133,"5,636,494","314,875","5,951,369","92,172","23,109","9,309","2,456"
Locality: 059 FAIRFAX COUNTY,0511,511 - RAVENWOOD,"2,668",114,"2,782",20,48,11,247,"733,888","40,585","774,473","10,056","5,644","2,280",133,"5,636,494","314,875","5,951,369","92,172","23,109","9,309","2,456"
Locality: 059 FAIRFAX COUNTY,0512,512 - SLEEPY HOLLOW,"1,525",61,"1,586",14,11,3,247,"733,888","40,585","774,473","10,056","5,644","2,280",133,"5,636,494","314,875","5,951,369","92,172","23,109","9,309","2,456"
Locality: 059 FAIRFAX COUNTY,0513,513 - SAINT ALBANS,"2,621",106,"2,727",32,28,14,247,"733,888","40,585","774,473","10,056","5,644","2,280",133,"5,636,494","314,875","5,951,369","92,172","23,109","9,309","2,456"
Locality: 059 FAIRFAX COUNTY,0514,514 - CROSSROADS,"1,229",107,"1,336",19,8,3,247,"733,888","40,585","774,473","10,056","5,644","2,280",133,"5,636,494","314,875","5,951,369","92,172","23,109","9,309","2,456"
Locality: 059 FAIRFAX COUNTY,0515,515 - WESTLAWN,"1,823",74,"1,897",15,14,4,247,"733,888","40,585","774,473","10,056","5,644","2,280",133,"5,636,494","314,875","5,951,369","92,172","23,109","9,309","2,456"
Locality: 059 FAIRFAX COUNTY,0516,516 - WEYANOKE #1,"1,407",77,"1,484",21,7,5,247,"733,888","40,585","774,473","10,056","5,644","2,280",133,"5,636,494","314,875","5,951,369","92,172","23,109","9,309","2,456"
Locality: 059 FAIRFAX COUNTY,0517,517 - WILLSTON,"2,031",150,"2,181",18,9,8,247,"733,888","40,585","774,473","10,056","5,644","2,280",133,"5,636,494","314,875","5,951,369","92,172","23,109","9,309","2,456"
Locality: 059 FAIRFAX COUNTY,0518,518 - COLUMBIA,"3,011",173,"3,184",19,12,10,247,"733,888","40,585","774,473","10,056","5,644","2,280",133,"5,636,494","314,875","5,951,369","92,172","23,109","9,309","2,456"
Locality: 059 FAIRFAX COUNTY,0519,519 - HUMMER,"2,151",78,"2,229",16,17,9,247,"733,888","40,585","774,473","10,056","5,644","2,280",133,"5,636,494","314,875","5,951,369","92,172","23,109","9,309","2,456"
Locality: 059 FAIRFAX COUNTY,0520,520 - SKYLINE,"2,654",420,"3,074",21,27,15,247,"733,888","40,585","774,473","10,056","5,644","2,280",133,"5,636,494","314,875","5,951,369","92,172","23,109","9,309","2,456"
Locality: 059 FAIRFAX COUNTY,0521,521 - BROOK HILL,"2,374",117,"2,491",25,6,7,247,"733,888","40,585","774,473","10,056","5,644","2,280",133,"5,636,494","314,875","5,951,369","92,172","23,109","9,309","2,456"
Locality: 059 FAIRFAX COUNTY,0522,522 - CAMELOT #1,339,14,353,3,2,,247,"733,888","40,585","774,473","10,056","5,644","2,280",133,"5,636,494","314,875","5,951,369","92,172","23,109","9,309","2,456"
Locality: 059 FAIRFAX COUNTY,0523,523 - POE,"2,873",143,"3,016",31,21,13,247,"733,888","40,585","774,473","10,056","5,644","2,280",133,"5,636,494","314,875","5,951,369","92,172","23,109","9,309","2,456"
Locality: 059 FAIRFAX COUNTY,0525,525 - WALNUT HILL,"3,637",214,"3,851",21,20,14,247,"733,888","40,585","774,473","10,056","5,644","2,280",133,"5,636,494","314,875","5,951,369","92,172","23,109","9,309","2,456"
Locality: 059 FAIRFAX COUNTY,0526,526 - BREN MAR,"3,693",321,"4,014",66,23,8,247,"733,888","40,585","774,473","10,056","5,644","2,280",133,"5,636,494","314,875","5,951,369","92,172","23,109","9,309","2,456"
Locality: 059 FAIRFAX COUNTY,0527,527 - EDSALL,"2,276",95,"2,371",24,16,6,247,"733,888","40,585","774,473","10,056","5,644","2,280",133,"5,636,494","314,875","5,951,369","92,172","23,109","9,309","2,456"
Locality: 059 FAIRFAX COUNTY,0528,528 - RIDGELEA,"1,316",63,"1,379",17,17,5,247,"733,888","40,585","774,473","10,056","5,644","2,280",133,"5,636,494","314,875","5,951,369","92,172","23,109","9,309","2,456"
Locality: 059 FAIRFAX COUNTY,0530,530 - HOLMES #2,"1,954",137,"2,091",17,11,8,247,"733,888","40,585","774,473","10,056","5,644","2,280",133,"5,636,494","314,875","5,951,369","92,172","23,109","9,309","2,456"
Locality: 059 FAIRFAX COUNTY,0531,531 - BAILEYS #2,"1,409",74,"1,483",12,4,,247,"733,888","40,585","774,473","10,056","5,644","2,280",133,"5,636,494","314,875","5,951,369","92,172","23,109","9,309","2,456"
Locality: 059 FAIRFAX COUNTY,0532,532 - WEYANOKE #2,"1,990",152,"2,142",34,8,3,247,"733,888","40,585","774,473","10,056","5,644","2,280",133,"5,636,494","314,875","5,951,369","92,172","23,109","9,309","2,456"
Locality: 059 FAIRFAX COUNTY,0534,534 - CAMELOT #2,"1,102",53,"1,155",14,15,,247,"733,888","40,585","774,473","10,056","5,644","2,280",133,"5,636,494","314,875","5,951,369","92,172","23,109","9,309","2,456"
Locality: 059 FAIRFAX COUNTY,0601,601 - BELLE HAVEN,"2,352",121,"2,473",22,12,7,247,"733,888","40,585","774,473","10,056","5,644","2,280",133,"5,636,494","314,875","5,951,369","92,172","23,109","9,309","2,456"
Locality: 059 FAIRFAX COUNTY,0602,602 - BELLEVIEW,"2,391",180,"2,571",36,36,12,247,"733,888","40,585","774,473","10,056","5,644","2,280",133,"5,636,494","314,875","5,951,369","92,172","23,109","9,309","2,456"
Locality: 059 FAIRFAX COUNTY,0604,604 - BUCKNELL,"4,040",350,"4,390",65,18,8,247,"733,888","40,585","774,473","10,056","5,644","2,280",133,"5,636,494","314,875","5,951,369","92,172","23,109","9,309","2,456"
Locality: 059 FAIRFAX COUNTY,0605,605 - FORT HUNT,"2,500",118,"2,618",57,19,12,247,"733,888","40,585","774,473","10,056","5,644","2,280",133,"5,636,494","314,875","5,951,369","92,172","23,109","9,309","2,456"
Locality: 059 FAIRFAX COUNTY,0606,606 - HOLLIN HALL,"2,824",100,"2,924",49,22,8,247,"733,888","40,585","774,473","10,056","5,644","2,280",133,"5,636,494","314,875","5,951,369","92,172","23,109","9,309","2,456"
Locality: 059 FAIRFAX COUNTY,0607,607 - HUNTINGTON,"4,165",454,"4,619",90,27,14,247,"733,888","40,585","774,473","10,056","5,644","2,280",133,"5,636,494","314,875","5,951,369","92,172","23,109","9,309","2,456"
Locality: 059 FAIRFAX COUNTY,0608,608 - KIRKSIDE,"2,109",103,"2,212",43,28,16,247,"733,888","40,585","774,473","10,056","5,644","2,280",133,"5,636,494","314,875","5,951,369","92,172","23,109","9,309","2,456"
Locality: 059 FAIRFAX COUNTY,0609,609 - MARLAN,"2,363",102,"2,465",45,24,6,247,"733,888","40,585","774,473","10,056","5,644","2,280",133,"5,636,494","314,875","5,951,369","92,172","23,109","9,309","2,456"
Locality: 059 FAIRFAX COUNTY,0610,610 - SHERWOOD,"2,404",89,"2,493",42,7,8,247,"733,888","40,585","774,473","10,056","5,644","2,280",133,"5,636,494","314,875","5,951,369","92,172","23,109","9,309","2,456"
Locality: 059 FAIRFAX COUNTY,0611,611 - STRATFORD,"3,087",128,"3,215",62,22,8,247,"733,888","40,585","774,473","10,056","5,644","2,280",133,"5,636,494","314,875","5,951,369","92,172","23,109","9,309","2,456"
Locality: 059 FAIRFAX COUNTY,0612,612 - WAYNEWOOD,"1,391",60,"1,451",45,2,3,247,"733,888","40,585","774,473","10,056","5,644","2,280",133,"5,636,494","314,875","5,951,369","92,172","23,109","9,309","2,456"
Locality: 059 FAIRFAX COUNTY,0613,613 - WESTGATE,"4,285",420,"4,705",596,22,10,247,"733,888","40,585","774,473","10,056","5,644","2,280",133,"5,636,494","314,875","5,951,369","92,172","23,109","9,309","2,456"
Locality: 059 FAIRFAX COUNTY,0614,614 - RIVERSIDE,"2,210",108,"2,318",60,15,5,247,"733,888","40,585","774,473","10,056","5,644","2,280",133,"5,636,494","314,875","5,951,369","92,172","23,109","9,309","2,456"
Locality: 059 FAIRFAX COUNTY,0615,615 - WOODLEY,"3,166",197,"3,363",82,12,8,247,"733,888","40,585","774,473","10,056","5,644","2,280",133,"5,636,494","314,875","5,951,369","92,172","23,109","9,309","2,456"
Locality: 059 FAIRFAX COUNTY,0616,616 - GUNSTON,"2,751",159,"2,910",71,15,4,247,"733,888","40,585","774,473","10,056","5,644","2,280",133,"5,636,494","314,875","5,951,369","92,172","23,109","9,309","2,456"
Locality: 059 FAIRFAX COUNTY,0617,617 - LORTON,"2,750",133,"2,883",61,8,2,247,"733,888","40,585","774,473","10,056","5,644","2,280",133,"5,636,494","314,875","5,951,369","92,172","23,109","9,309","2,456"
Locality: 059 FAIRFAX COUNTY,0618,618 - NEWINGTON,"5,287",246,"5,533",97,23,7,247,"733,888","40,585","774,473","10,056","5,644","2,280",133,"5,636,494","314,875","5,951,369","92,172","23,109","9,309","2,456"
Locality: 059 FAIRFAX COUNTY,0619,619 - BELVOIR,"3,949",202,"4,151",105,17,6,247,"733,888","40,585","774,473","10,056","5,644","2,280",133,"5,636,494","314,875","5,951,369","92,172","23,109","9,309","2,456"
Locality: 059 FAIRFAX COUNTY,0621,621 - GROSVENOR,"2,566",390,"2,956",72,33,6,247,"733,888","40,585","774,473","10,056","5,644","2,280",133,"5,636,494","314,875","5,951,369","92,172","23,109","9,309","2,456"
Locality: 059 FAIRFAX COUNTY,0622,622 - LORTON STATION,"4,048",315,"4,363",118,25,8,247,"733,888","40,585","774,473","10,056","5,644","2,280",133,"5,636,494","314,875","5,951,369","92,172","23,109","9,309","2,456"
Locality: 059 FAIRFAX COUNTY,0623,623 - ALBAN,"3,132",161,"3,293",37,17,1,247,"733,888","40,585","774,473","10,056","5,644","2,280",133,"5,636,494","314,875","5,951,369","92,172","23,109","9,309","2,456"
Locality: 059 FAIRFAX COUNTY,0626,626 - SARATOGA,"3,690",169,"3,859",84,21,9,247,"733,888","40,585","774,473","10,056","5,644","2,280",133,"5,636,494","314,875","5,951,369","92,172","23,109","9,309","2,456"
Locality: 059 FAIRFAX COUNTY,0627,627 - WOODLAWN,"4,557",513,"5,070",359,14,8,247,"733,888","40,585","774,473","10,056","5,644","2,280",133,"5,636,494","314,875","5,951,369","92,172","23,109","9,309","2,456"
Locality: 059 FAIRFAX COUNTY,0628,628 - LAUREL HILL,"4,921",270,"5,191",131,20,3,247,"733,888","40,585","774,473","10,056","5,644","2,280",133,"5,636,494","314,875","5,951,369","92,172","23,109","9,309","2,456"
Locality: 059 FAIRFAX COUNTY,0629,629 - SOUTH COUNTY,"3,727",204,"3,931",95,22,6,247,"733,888","40,585","774,473","10,056","5,644","2,280",133,"5,636,494","314,875","5,951,369","92,172","23,109","9,309","2,456"
Locality: 059 FAIRFAX COUNTY,0630,630 - ARMY,754,51,805,16,8,2,247,"733,888","40,585","774,473","10,056","5,644","2,280",133,"5,636,494","314,875","5,951,369","92,172","23,109","9,309","2,456"
Locality: 059 FAIRFAX COUNTY,0701,701 - BLAKE,"4,853",283,"5,136",39,59,10,247,"733,888","40,585","774,473","10,056","5,644","2,280",133,"5,636,494","314,875","5,951,369","92,172","23,109","9,309","2,456"
Locality: 059 FAIRFAX COUNTY,0703,703 - FORT BUFFALO,"2,198",183,"2,381",33,22,6,247,"733,888","40,585","774,473","10,056","5,644","2,280",133,"5,636,494","314,875","5,951,369","92,172","23,109","9,309","2,456"
Locality: 059 FAIRFAX COUNTY,0704,704 - FREEDOM HILL,"2,512",109,"2,621",30,36,21,247,"733,888","40,585","774,473","10,056","5,644","2,280",133,"5,636,494","314,875","5,951,369","92,172","23,109","9,309","2,456"
Locality: 059 FAIRFAX COUNTY,0705,705 - GRAHAM - GREENWAY,"3,664",166,"3,830",33,26,9,247,"733,888","40,585","774,473","10,056","5,644","2,280",133,"5,636,494","314,875","5,951,369","92,172","23,109","9,309","2,456"
Locality: 059 FAIRFAX COUNTY,0707,707 - MANTUA,"2,404",95,"2,499",19,41,20,247,"733,888","40,585","774,473","10,056","5,644","2,280",133,"5,636,494","314,875","5,951,369","92,172","23,109","9,309","2,456"
Locality: 059 FAIRFAX COUNTY,0708,708 - MARSHALL,"5,010",333,"5,343",49,68,37,247,"733,888","40,585","774,473","10,056","5,644","2,280",133,"5,636,494","314,875","5,951,369","92,172","23,109","9,309","2,456"
Locality: 059 FAIRFAX COUNTY,0709,709 - MOSBY,"3,807",273,"4,080",53,45,14,247,"733,888","40,585","774,473","10,056","5,644","2,280",133,"5,636,494","314,875","5,951,369","92,172","23,109","9,309","2,456"
Locality: 059 FAIRFAX COUNTY,0710,710 - PINE SPRING,"2,344",138,"2,482",16,20,17,247,"733,888","40,585","774,473","10,056","5,644","2,280",133,"5,636,494","314,875","5,951,369","92,172","23,109","9,309","2,456"
Locality: 059 FAIRFAX COUNTY,0711,711 - PRICE,"2,192",94,"2,286",30,20,5,247,"733,888","40,585","774,473","10,056","5,644","2,280",133,"5,636,494","314,875","5,951,369","92,172","23,109","9,309","2,456"
Locality: 059 FAIRFAX COUNTY,0712,712 - SHREVE,"1,497",59,"1,556",14,31,6,247,"733,888","40,585","774,473","10,056","5,644","2,280",133,"5,636,494","314,875","5,951,369","92,172","23,109","9,309","2,456"
Locality: 059 FAIRFAX COUNTY,0713,713 - TIMBER LANE,"3,377",148,"3,525",28,33,15,247,"733,888","40,585","774,473","10,056","5,644","2,280",133,"5,636,494","314,875","5,951,369","92,172","23,109","9,309","2,456"
Locality: 059 FAIRFAX COUNTY,0714,714 - WALKER,"3,771",186,"3,957",29,25,18,247,"733,888","40,585","774,473","10,056","5,644","2,280",133,"5,636,494","314,875","5,951,369","92,172","23,109","9,309","2,456"
Locality: 059 FAIRFAX COUNTY,0717,717 - WOODBURN,"2,047",153,"2,200",20,18,22,247,"733,888","40,585","774,473","10,056","5,644","2,280",133,"5,636,494","314,875","5,951,369","92,172","23,109","9,309","2,456"
Locality: 059 FAIRFAX COUNTY,0718,718 - PINE RIDGE,"2,563",121,"2,684",26,18,14,247,"733,888","40,585","774,473","10,056","5,644","2,280",133,"5,636,494","314,875","5,951,369","92,172","23,109","9,309","2,456"
Locality: 059 FAIRFAX COUNTY,0720,720 - THOREAU,"3,023",105,"3,128",28,39,7,247,"733,888","40,585","774,473","10,056","5,644","2,280",133,"5,636,494","314,875","5,951,369","92,172","23,109","9,309","2,456"
Locality: 059 FAIRFAX COUNTY,0721,721 - MERRIFIELD,"4,514",531,"5,045",48,45,9,247,"733,888","40,585","774,473","10,056","5,644","2,280",133,"5,636,494","314,875","5,951,369","92,172","23,109","9,309","2,456"
Locality: 059 FAIRFAX COUNTY,0723,723 - GALLOWS EAST,"2,141",217,"2,358",24,40,21,247,"733,888","40,585","774,473","10,056","5,644","2,280",133,"5,636,494","314,875","5,951,369","92,172","23,109","9,309","2,456"
Locality: 059 FAIRFAX COUNTY,0726,726 - MAGARITY,"4,164",394,"4,558",35,60,25,247,"733,888","40,585","774,473","10,056","5,644","2,280",133,"5,636,494","314,875","5,951,369","92,172","23,109","9,309","2,456"
Locality: 059 FAIRFAX COUNTY,0727,727 - OAKTON,"2,677",112,"2,789",22,21,8,247,"733,888","40,585","774,473","10,056","5,644","2,280",133,"5,636,494","314,875","5,951,369","92,172","23,109","9,309","2,456"
Locality: 059 FAIRFAX COUNTY,0729,729 - NOTTOWAY,"3,779",225,"4,004",42,91,28,247,"733,888","40,585","774,473","10,056","5,644","2,280",133,"5,636,494","314,875","5,951,369","92,172","23,109","9,309","2,456"
Locality: 059 FAIRFAX COUNTY,0730,730 - PENDERBROOK,"3,909",228,"4,137",32,25,7,247,"733,888","40,585","774,473","10,056","5,644","2,280",133,"5,636,494","314,875","5,951,369","92,172","23,109","9,309","2,456"
Locality: 059 FAIRFAX COUNTY,0731,731 - TYSONS,"4,356",551,"4,907",41,45,8,247,"733,888","40,585","774,473","10,056","5,644","2,280",133,"5,636,494","314,875","5,951,369","92,172","23,109","9,309","2,456"
Locality: 059 FAIRFAX COUNTY,0732,732 - OAK MARR,"3,931",242,"4,173",30,28,11,247,"733,888","40,585","774,473","10,056","5,644","2,280",133,"5,636,494","314,875","5,951,369","92,172","23,109","9,309","2,456"
Locality: 059 FAIRFAX COUNTY,0733,733 - KILMER,"4,524",256,"4,780",45,59,16,247,"733,888","40,585","774,473","10,056","5,644","2,280",133,"5,636,494","314,875","5,951,369","92,172","23,109","9,309","2,456"
Locality: 059 FAIRFAX COUNTY,0734,734 - HUNTERS BRANCH,"2,663",181,"2,844",27,26,9,247,"733,888","40,585","774,473","10,056","5,644","2,280",133,"5,636,494","314,875","5,951,369","92,172","23,109","9,309","2,456"
Locality: 059 FAIRFAX COUNTY,0735,735 - ROTONDA,"1,400",100,"1,500",9,22,20,247,"733,888","40,585","774,473","10,056","5,644","2,280",133,"5,636,494","314,875","5,951,369","92,172","23,109","9,309","2,456"
Locality: 059 FAIRFAX COUNTY,0801,801 - BURKE,"5,103",267,"5,370",74,32,18,247,"733,888","40,585","774,473","10,056","5,644","2,280",133,"5,636,494","314,875","5,951,369","92,172","23,109","9,309","2,456"
Locality: 059 FAIRFAX COUNTY,0802,802 - CEDAR LAKE,"1,597",107,"1,704",21,12,3,247,"733,888","40,585","774,473","10,056","5,644","2,280",133,"5,636,494","314,875","5,951,369","92,172","23,109","9,309","2,456"
Locality: 059 FAIRFAX COUNTY,0803,803 - CLIFTON,"4,572",164,"4,736",48,23,6,247,"733,888","40,585","774,473","10,056","5,644","2,280",133,"5,636,494","314,875","5,951,369","92,172","23,109","9,309","2,456"
Locality: 059 FAIRFAX COUNTY,0804,804 - COLCHESTER,"1,946",73,"2,019",18,7,4,247,"733,888","40,585","774,473","10,056","5,644","2,280",133,"5,636,494","314,875","5,951,369","92,172","23,109","9,309","2,456"
Locality: 059 FAIRFAX COUNTY,0805,805 - FAIRFAX STATION,"1,639",49,"1,688",30,8,4,247,"733,888","40,585","774,473","10,056","5,644","2,280",133,"5,636,494","314,875","5,951,369","92,172","23,109","9,309","2,456"
Locality: 059 FAIRFAX COUNTY,0806,806 - SYDENSTRICKER,"3,464",132,"3,596",80,22,3,247,"733,888","40,585","774,473","10,056","5,644","2,280",133,"5,636,494","314,875","5,951,369","92,172","23,109","9,309","2,456"
Locality: 059 FAIRFAX COUNTY,0807,807 - HUNT VALLEY,"2,209",104,"2,313",64,14,8,247,"733,888","40,585","774,473","10,056","5,644","2,280",133,"5,636,494","314,875","5,951,369","92,172","23,109","9,309","2,456"
Locality: 059 FAIRFAX COUNTY,0811,811 - POHICK,"2,176",127,"2,303",41,26,2,247,"733,888","40,585","774,473","10,056","5,644","2,280",133,"5,636,494","314,875","5,951,369","92,172","23,109","9,309","2,456"
Locality: 059 FAIRFAX COUNTY,0812,812 - VALLEY,"2,980",119,"3,099",62,17,10,247,"733,888","40,585","774,473","10,056","5,644","2,280",133,"5,636,494","314,875","5,951,369","92,172","23,109","9,309","2,456"
Locality: 059 FAIRFAX COUNTY,0815,815 - WOODYARD,"2,888",110,"2,998",40,14,7,247,"733,888","40,585","774,473","10,056","5,644","2,280",133,"5,636,494","314,875","5,951,369","92,172","23,109","9,309","2,456"
Locality: 059 FAIRFAX COUNTY,0824,824 - ORANGE,"4,017",189,"4,206",118,38,11,247,"733,888","40,585","774,473","10,056","5,644","2,280",133,"5,636,494","314,875","5,951,369","92,172","23,109","9,309","2,456"
Locality: 059 FAIRFAX COUNTY,0825,825 - CHERRY RUN,"2,891",137,"3,028",85,22,13,247,"733,888","40,585","774,473","10,056","5,644","2,280",133,"5,636,494","314,875","5,951,369","92,172","23,109","9,309","2,456"
Locality: 059 FAIRFAX COUNTY,0827,827 - IRVING,"2,666",121,"2,787",51,10,12,247,"733,888","40,585","774,473","10,056","5,644","2,280",133,"5,636,494","314,875","5,951,369","92,172","23,109","9,309","2,456"
Locality: 059 FAIRFAX COUNTY,0833,833 - WHITE OAKS,"3,192",144,"3,336",59,22,6,247,"733,888","40,585","774,473","10,056","5,644","2,280",133,"5,636,494","314,875","5,951,369","92,172","23,109","9,309","2,456"
Locality: 059 FAIRFAX COUNTY,0838,838 - SANGSTER,"2,343",91,"2,434",71,20,4,247,"733,888","40,585","774,473","10,056","5,644","2,280",133,"5,636,494","314,875","5,951,369","92,172","23,109","9,309","2,456"
Locality: 059 FAIRFAX COUNTY,0839,839 - SILVERBROOK,"3,670",139,"3,809",88,13,10,247,"733,888","40,585","774,473","10,056","5,644","2,280",133,"5,636,494","314,875","5,951,369","92,172","23,109","9,309","2,456"
Locality: 059 FAIRFAX COUNTY,0840,840 - WEST SPRINGFIELD,"3,132",139,"3,271",90,26,2,247,"733,888","40,585","774,473","10,056","5,644","2,280",133,"5,636,494","314,875","5,951,369","92,172","23,109","9,309","2,456"
Locality: 059 FAIRFAX COUNTY,0841,841 - POPES HEAD,"1,642",77,"1,719",12,4,1,247,"733,888","40,585","774,473","10,056","5,644","2,280",133,"5,636,494","314,875","5,951,369","92,172","23,109","9,309","2,456"
Locality: 059 FAIRFAX COUNTY,0842,842 - PARKWAY,"2,417",83,"2,500",56,10,5,247,"733,888","40,585","774,473","10,056","5,644","2,280",133,"5,636,494","314,875","5,951,369","92,172","23,109","9,309","2,456"
Locality: 059 FAIRFAX COUNTY,0843,843 - FAIR LAKES,"3,479",213,"3,692",37,23,3,247,"733,888","40,585","774,473","10,056","5,644","2,280",133,"5,636,494","314,875","5,951,369","92,172","23,109","9,309","2,456"
Locality: 059 FAIRFAX COUNTY,0844,844 - CENTERPOINTE,"3,355",310,"3,665",26,16,12,247,"733,888","40,585","774,473","10,056","5,644","2,280",133,"5,636,494","314,875","5,951,369","92,172","23,109","9,309","2,456"
Locality: 059 FAIRFAX COUNTY,0845,845 - FOUNTAINHEAD,"4,084",208,"4,292",60,12,3,247,"733,888","40,585","774,473","10,056","5,644","2,280",133,"5,636,494","314,875","5,951,369","92,172","23,109","9,309","2,456"
Locality: 059 FAIRFAX COUNTY,0846,846 - GREENBRIAR EAST,"3,758",262,"4,020",37,30,6,247,"733,888","40,585","774,473","10,056","5,644","2,280",133,"5,636,494","314,875","5,951,369","92,172","23,109","9,309","2,456"
Locality: 059 FAIRFAX COUNTY,0847,847 - GREENBRIAR WEST,"2,441",140,"2,581",29,8,3,247,"733,888","40,585","774,473","10,056","5,644","2,280",133,"5,636,494","314,875","5,951,369","92,172","23,109","9,309","2,456"
Locality: 059 FAIRFAX COUNTY,0848,848 - FAIR OAKS,"4,127",212,"4,339",40,21,1,247,"733,888","40,585","774,473","10,056","5,644","2,280",133,"5,636,494","314,875","5,951,369","92,172","23,109","9,309","2,456"
Locality: 059 FAIRFAX COUNTY,0849,849 - NEWGATE,"4,959",173,"5,132",63,27,11,247,"733,888","40,585","774,473","10,056","5,644","2,280",133,"5,636,494","314,875","5,951,369","92,172","23,109","9,309","2,456"
Locality: 059 FAIRFAX COUNTY,0850,850 - SOUTH RUN,"2,971",119,"3,090",87,24,9,247,"733,888","40,585","774,473","10,056","5,644","2,280",133,"5,636,494","314,875","5,951,369","92,172","23,109","9,309","2,456"
Locality: 059 FAIRFAX COUNTY,0851,851 - WILLOW SPRINGS,"2,978",100,"3,078",23,13,8,247,"733,888","40,585","774,473","10,056","5,644","2,280",133,"5,636,494","314,875","5,951,369","92,172","23,109","9,309","2,456"
Locality: 059 FAIRFAX COUNTY,0901,901 - CENTRE RIDGE,"3,616",211,"3,827",43,21,5,247,"733,888","40,585","774,473","10,056","5,644","2,280",133,"5,636,494","314,875","5,951,369","92,172","23,109","9,309","2,456"
Locality: 059 FAIRFAX COUNTY,0902,902 - BROOKFIELD,"4,478",221,"4,699",29,13,15,247,"733,888","40,585","774,473","10,056","5,644","2,280",133,"5,636,494","314,875","5,951,369","92,172","23,109","9,309","2,456"
Locality: 059 FAIRFAX COUNTY,0903,903 - CUB RUN,"4,480",213,"4,693",36,19,1,247,"733,888","40,585","774,473","10,056","5,644","2,280",133,"5,636,494","314,875","5,951,369","92,172","23,109","9,309","2,456"
Locality: 059 FAIRFAX COUNTY,0904,904 - STONECROFT,"1,681",100,"1,781",9,8,6,247,"733,888","40,585","774,473","10,056","5,644","2,280",133,"5,636,494","314,875","5,951,369","92,172","23,109","9,309","2,456"
Locality: 059 FAIRFAX COUNTY,0905,905 - FRANKLIN,862,39,901,2,7,1,247,"733,888","40,585","774,473","10,056","5,644","2,280",133,"5,636,494","314,875","5,951,369","92,172","23,109","9,309","2,456"
Locality: 059 FAIRFAX COUNTY,0908,908 - HIDDEN MEADOW,"2,385",81,"2,466",13,12,6,247,"733,888","40,585","774,473","10,056","5,644","2,280",133,"5,636,494","314,875","5,951,369","92,172","23,109","9,309","2,456"
Locality: 059 FAIRFAX COUNTY,0909,909 - OAK HILL,"2,161",92,"2,253",20,6,1,247,"733,888","40,585","774,473","10,056","5,644","2,280",133,"5,636,494","314,875","5,951,369","92,172","23,109","9,309","2,456"
Locality: 059 FAIRFAX COUNTY,0910,910 - LONDON TOWNE,"4,206",201,"4,407",31,23,2,247,"733,888","40,585","774,473","10,056","5,644","2,280",133,"5,636,494","314,875","5,951,369","92,172","23,109","9,309","2,456"
Locality: 059 FAIRFAX COUNTY,0911,911 - NAVY,"3,860",152,"4,012",19,19,13,247,"733,888","40,585","774,473","10,056","5,644","2,280",133,"5,636,494","314,875","5,951,369","92,172","23,109","9,309","2,456"
Locality: 059 FAIRFAX COUNTY,0913,913 - ROCKY RUN,"4,533",150,"4,683",30,19,8,247,"733,888","40,585","774,473","10,056","5,644","2,280",133,"5,636,494","314,875","5,951,369","92,172","23,109","9,309","2,456"
Locality: 059 FAIRFAX COUNTY,0914,914 - VALE,"2,519",111,"2,630",16,24,6,247,"733,888","40,585","774,473","10,056","5,644","2,280",133,"5,636,494","314,875","5,951,369","92,172","23,109","9,309","2,456"
Locality: 059 FAIRFAX COUNTY,0915,915 - VIRGINIA RUN,"2,798",136,"2,934",25,11,4,247,"733,888","40,585","774,473","10,056","5,644","2,280",133,"5,636,494","314,875","5,951,369","92,172","23,109","9,309","2,456"
Locality: 059 FAIRFAX COUNTY,0916,916 - WAPLES MILL,"4,497",137,"4,634",33,29,20,247,"733,888","40,585","774,473","10,056","5,644","2,280",133,"5,636,494","314,875","5,951,369","92,172","23,109","9,309","2,456"
Locality: 059 FAIRFAX COUNTY,0917,917 - STONE NORTH,"2,081",91,"2,172",21,11,1,247,"733,888","40,585","774,473","10,056","5,644","2,280",133,"5,636,494","314,875","5,951,369","92,172","23,109","9,309","2,456"
Locality: 059 FAIRFAX COUNTY,0918,918 - CENTREVILLE,"4,938",276,"5,214",36,16,9,247,"733,888","40,585","774,473","10,056","5,644","2,280",133,"5,636,494","314,875","5,951,369","92,172","23,109","9,309","2,456"
Locality: 059 FAIRFAX COUNTY,0919,919 - GREEN TRAILS,"4,587",211,"4,798",36,27,19,247,"733,888","40,585","774,473","10,056","5,644","2,280",133,"5,636,494","314,875","5,951,369","92,172","23,109","9,309","2,456"
Locality: 059 FAIRFAX COUNTY,0920,920 - CHANTILLY,"3,326",107,"3,433",19,15,4,247,"733,888","40,585","774,473","10,056","5,644","2,280",133,"5,636,494","314,875","5,951,369","92,172","23,109","9,309","2,456"
Locality: 059 FAIRFAX COUNTY,0921,921 - DEER PARK,"3,538",127,"3,665",25,22,2,247,"733,888","40,585","774,473","10,056","5,644","2,280",133,"5,636,494","314,875","5,951,369","92,172","23,109","9,309","2,456"
Locality: 059 FAIRFAX COUNTY,0923,923 - BULL RUN,"2,649",101,"2,750",31,10,6,247,"733,888","40,585","774,473","10,056","5,644","2,280",133,"5,636,494","314,875","5,951,369","92,172","23,109","9,309","2,456"
Locality: 059 FAIRFAX COUNTY,0924,924 - SPINDLE,"2,278",164,"2,442",19,8,2,247,"733,888","40,585","774,473","10,056","5,644","2,280",133,"5,636,494","314,875","5,951,369","92,172","23,109","9,309","2,456"
Locality: 059 FAIRFAX COUNTY,0925,925 - OLD MILL,"2,015",101,"2,116",31,9,2,247,"733,888","40,585","774,473","10,056","5,644","2,280",133,"5,636,494","314,875","5,951,369","92,172","23,109","9,309","2,456"
Locality: 059 FAIRFAX COUNTY,0926,926 - POWELL,"5,657",305,"5,962",45,21,5,247,"733,888","40,585","774,473","10,056","5,644","2,280",133,"5,636,494","314,875","5,951,369","92,172","23,109","9,309","2,456"
Locality: 059 FAIRFAX COUNTY,0927,927 - ARMFIELD,"2,183",75,"2,258",13,11,4,247,"733,888","40,585","774,473","10,056","5,644","2,280",133,"5,636,494","314,875","5,951,369","92,172","23,109","9,309","2,456"
Locality: 059 FAIRFAX COUNTY,0928,928 - POPLAR TREE,"2,969",69,"3,038",20,8,4,247,"733,888","40,585","774,473","10,056","5,644","2,280",133,"5,636,494","314,875","5,951,369","92,172","23,109","9,309","2,456"
Locality: 059 FAIRFAX COUNTY,0929,929 - DIFFICULT RUN,790,25,815,5,3,2,247,"733,888","40,585","774,473","10,056","5,644","2,280",133,"5,636,494","314,875","5,951,369","92,172","23,109","9,309","2,456"
Locality: 059 FAIRFAX COUNTY,0930,930 - LEES CORNER ,"2,305",90,"2,395",18,28,5,247,"733,888","40,585","774,473","10,056","5,644","2,280",133,"5,636,494","314,875","5,951,369","92,172","23,109","9,309","2,456"
Locality: 059 FAIRFAX COUNTY,0931,931 - CARSON,"3,028",142,"3,170",22,21,13,247,"733,888","40,585","774,473","10,056","5,644","2,280",133,"5,636,494","314,875","5,951,369","92,172","23,109","9,309","2,456"
Locality: 059 FAIRFAX COUNTY,0932,932 - STONE SOUTH,"1,878",117,"1,995",20,6,,247,"733,888","40,585","774,473","10,056","5,644","2,280",133,"5,636,494","314,875","5,951,369","92,172","23,109","9,309","2,456"
Locality: 059 FAIRFAX COUNTY,0933,933 - COMPTON,811,46,857,5,,,247,"733,888","40,585","774,473","10,056","5,644","2,280",133,"5,636,494","314,875","5,951,369","92,172","23,109","9,309","2,456"
Locality: 061 FAUQUIER COUNTY,0101,101 - KETTLE RUN,"1,278",45,"1,323",10,6,,20,"51,996","2,717","54,713",442,239,28,133,"5,636,494","314,875","5,951,369","92,172","23,109","9,309","2,456"
Locality: 061 FAUQUIER COUNTY,0102,102 - CATLETT,"3,187",172,"3,359",34,9,,20,"51,996","2,717","54,713",442,239,28,133,"5,636,494","314,875","5,951,369","92,172","23,109","9,309","2,456"
Locality: 061 FAUQUIER COUNTY,0103,103 - CASANOVA,"1,435",80,"1,515",9,5,,20,"51,996","2,717","54,713",442,239,28,133,"5,636,494","314,875","5,951,369","92,172","23,109","9,309","2,456"
Locality: 061 FAUQUIER COUNTY,0104,104 - LOIS,"1,339",51,"1,390",14,,,20,"51,996","2,717","54,713",442,239,28,133,"5,636,494","314,875","5,951,369","92,172","23,109","9,309","2,456"
Locality: 061 FAUQUIER COUNTY,0105,105 - OPAL,"1,360",60,"1,420",12,,,20,"51,996","2,717","54,713",442,239,28,133,"5,636,494","314,875","5,951,369","92,172","23,109","9,309","2,456"
Locality: 061 FAUQUIER COUNTY,0106,106 - BALDWIN RIDGE,"1,824",78,"1,902",19,5,1,20,"51,996","2,717","54,713",442,239,28,133,"5,636,494","314,875","5,951,369","92,172","23,109","9,309","2,456"
Locality: 061 FAUQUIER COUNTY,0201,201 - COURTHOUSE,"3,672",231,"3,903",32,25,2,20,"51,996","2,717","54,713",442,239,28,133,"5,636,494","314,875","5,951,369","92,172","23,109","9,309","2,456"
Locality: 061 FAUQUIER COUNTY,0202,202 - AIRLIE,"2,696",124,"2,820",17,10,3,20,"51,996","2,717","54,713",442,239,28,133,"5,636,494","314,875","5,951,369","92,172","23,109","9,309","2,456"
Locality: 061 FAUQUIER COUNTY,0203,203 - WARRENTON,"3,263",223,"3,486",20,15,2,20,"51,996","2,717","54,713",442,239,28,133,"5,636,494","314,875","5,951,369","92,172","23,109","9,309","2,456"
Locality: 061 FAUQUIER COUNTY,0301,301 - MORRISVILLE,"2,129",93,"2,222",26,5,3,20,"51,996","2,717","54,713",442,239,28,133,"5,636,494","314,875","5,951,369","92,172","23,109","9,309","2,456"
Locality: 061 FAUQUIER COUNTY,0302,302 - REMINGTON,"3,206",173,"3,379",26,6,1,20,"51,996","2,717","54,713",442,239,28,133,"5,636,494","314,875","5,951,369","92,172","23,109","9,309","2,456"
Locality: 061 FAUQUIER COUNTY,0303,303 - BEALETON,"4,163",262,"4,425",41,4,1,20,"51,996","2,717","54,713",442,239,28,133,"5,636,494","314,875","5,951,369","92,172","23,109","9,309","2,456"
Locality: 061 FAUQUIER COUNTY,0401,401 - MARSHALL,"2,942",148,"3,090",27,12,1,20,"51,996","2,717","54,713",442,239,28,133,"5,636,494","314,875","5,951,369","92,172","23,109","9,309","2,456"
Locality: 061 FAUQUIER COUNTY,0402,402 - LEEDS,"2,574",143,"2,717",16,27,2,20,"51,996","2,717","54,713",442,239,28,133,"5,636,494","314,875","5,951,369","92,172","23,109","9,309","2,456"
Locality: 061 FAUQUIER COUNTY,0403,403 - WATERLOO,"3,236",124,"3,360",35,18,2,20,"51,996","2,717","54,713",442,239,28,133,"5,636,494","314,875","5,951,369","92,172","23,109","9,309","2,456"
Locality: 061 FAUQUIER COUNTY,0404,404 - SPRINGS VALLEY,"1,530",79,"1,609",5,14,3,20,"51,996","2,717","54,713",442,239,28,133,"5,636,494","314,875","5,951,369","92,172","23,109","9,309","2,456"
Locality: 061 FAUQUIER COUNTY,0501,501 - THE PLAINS,"2,462",175,"2,637",11,28,2,20,"51,996","2,717","54,713",442,239,28,133,"5,636,494","314,875","5,951,369","92,172","23,109","9,309","2,456"
Locality: 061 FAUQUIER COUNTY,0502,502 - NEW BALTIMORE,"2,743",143,"2,886",30,15,1,20,"51,996","2,717","54,713",442,239,28,133,"5,636,494","314,875","5,951,369","92,172","23,109","9,309","2,456"
Locality: 061 FAUQUIER COUNTY,0503,503 - BROAD RUN,"2,316",105,"2,421",31,17,2,20,"51,996","2,717","54,713",442,239,28,133,"5,636,494","314,875","5,951,369","92,172","23,109","9,309","2,456"
Locality: 061 FAUQUIER COUNTY,0504,504 - VINT HILL,"4,641",208,"4,849",27,18,2,20,"51,996","2,717","54,713",442,239,28,133,"5,636,494","314,875","5,951,369","92,172","23,109","9,309","2,456"
Locality: 063 FLOYD COUNTY,0101,101 - LOCUST GROVE,"2,237",85,"2,322",11,3,1,5,"11,247",369,"11,616",54,21,8,133,"5,636,494","314,875","5,951,369","92,172","23,109","9,309","2,456"
Locality: 063 FLOYD COUNTY,0201,201 - LITTLE RIVER,"2,504",79,"2,583",15,3,1,5,"11,247",369,"11,616",54,21,8,133,"5,636,494","314,875","5,951,369","92,172","23,109","9,309","2,456"
Locality: 063 FLOYD COUNTY,0301,301 - COURTHOUSE,"2,111",75,"2,186",11,6,1,5,"11,247",369,"11,616",54,21,8,133,"5,636,494","314,875","5,951,369","92,172","23,109","9,309","2,456"
Locality: 063 FLOYD COUNTY,0401,401 - BURKS FORK,"2,221",80,"2,301",8,3,3,5,"11,247",369,"11,616",54,21,8,133,"5,636,494","314,875","5,951,369","92,172","23,109","9,309","2,456"
Locality: 063 FLOYD COUNTY,0501,501 - INDIAN VALLEY,"2,174",50,"2,224",9,6,2,5,"11,247",369,"11,616",54,21,8,133,"5,636,494","314,875","5,951,369","92,172","23,109","9,309","2,456"
Locality: 065 FLUVANNA COUNTY,0101,101 - PALMYRA,"4,579",155,"4,734",41,19,4,5,"19,657",625,"20,282",154,57,16,133,"5,636,494","314,875","5,951,369","92,172","23,109","9,309","2,456"
Locality: 065 FLUVANNA COUNTY,0201,201 - COLUMBIA,"3,117",72,"3,189",19,5,3,5,"19,657",625,"20,282",154,57,16,133,"5,636,494","314,875","5,951,369","92,172","23,109","9,309","2,456"
Locality: 065 FLUVANNA COUNTY,0301,301 - FORK UNION,"3,354",85,"3,439",17,6,3,5,"19,657",625,"20,282",154,57,16,133,"5,636,494","314,875","5,951,369","92,172","23,109","9,309","2,456"
Locality: 065 FLUVANNA COUNTY,0401,401 - CUNNINGHAM,"4,334",145,"4,479",39,11,3,5,"19,657",625,"20,282",154,57,16,133,"5,636,494","314,875","5,951,369","92,172","23,109","9,309","2,456"
Locality: 065 FLUVANNA COUNTY,0501,501 - RIVANNA,"4,273",168,"4,441",38,16,3,5,"19,657",625,"20,282",154,57,16,133,"5,636,494","314,875","5,951,369","92,172","23,109","9,309","2,456"
Locality: 067 FRANKLIN COUNTY,0102,102 - BURNT CHIMNEY,"2,662",54,"2,716",10,4,3,23,"37,974","1,083","39,057",159,34,25,133,"5,636,494","314,875","5,951,369","92,172","23,109","9,309","2,456"
Locality: 067 FRANKLIN COUNTY,0103,103 - SCRUGGS,"4,473",140,"4,613",13,8,3,23,"37,974","1,083","39,057",159,34,25,133,"5,636,494","314,875","5,951,369","92,172","23,109","9,309","2,456"
Locality: 067 FRANKLIN COUNTY,0201,201 - GLADE HILL,"2,312",52,"2,364",7,3,1,23,"37,974","1,083","39,057",159,34,25,133,"5,636,494","314,875","5,951,369","92,172","23,109","9,309","2,456"
Locality: 067 FRANKLIN COUNTY,0202,202 - PENHOOK,"1,665",57,"1,722",7,4,3,23,"37,974","1,083","39,057",159,34,25,133,"5,636,494","314,875","5,951,369","92,172","23,109","9,309","2,456"
Locality: 067 FRANKLIN COUNTY,0203,203 - HODGESVILLE,398,13,411,4,,2,23,"37,974","1,083","39,057",159,34,25,133,"5,636,494","314,875","5,951,369","92,172","23,109","9,309","2,456"
Locality: 067 FRANKLIN COUNTY,0204,204 - DUDLEY,"1,400",51,"1,451",7,,2,23,"37,974","1,083","39,057",159,34,25,133,"5,636,494","314,875","5,951,369","92,172","23,109","9,309","2,456"
Locality: 067 FRANKLIN COUNTY,0301,301 - SNOW CREEK,"1,034",20,"1,054",5,2,1,23,"37,974","1,083","39,057",159,34,25,133,"5,636,494","314,875","5,951,369","92,172","23,109","9,309","2,456"
Locality: 067 FRANKLIN COUNTY,0302,302 - FORK MOUNTAIN,899,18,917,4,,,23,"37,974","1,083","39,057",159,34,25,133,"5,636,494","314,875","5,951,369","92,172","23,109","9,309","2,456"
Locality: 067 FRANKLIN COUNTY,0303,303 - SONTAG,"1,972",62,"2,034",7,,1,23,"37,974","1,083","39,057",159,34,25,133,"5,636,494","314,875","5,951,369","92,172","23,109","9,309","2,456"
Locality: 067 FRANKLIN COUNTY,0304,304 - DICKINSON,763,8,771,2,,2,23,"37,974","1,083","39,057",159,34,25,133,"5,636,494","314,875","5,951,369","92,172","23,109","9,309","2,456"
Locality: 067 FRANKLIN COUNTY,0401,401 - HENRY,"1,869",63,"1,932",11,,,23,"37,974","1,083","39,057",159,34,25,133,"5,636,494","314,875","5,951,369","92,172","23,109","9,309","2,456"
Locality: 067 FRANKLIN COUNTY,0402,402 - FERRUM,"1,241",51,"1,292",4,2,2,23,"37,974","1,083","39,057",159,34,25,133,"5,636,494","314,875","5,951,369","92,172","23,109","9,309","2,456"
Locality: 067 FRANKLIN COUNTY,0403,403 - ENDICOTT,"1,032",25,"1,057",9,,,23,"37,974","1,083","39,057",159,34,25,133,"5,636,494","314,875","5,951,369","92,172","23,109","9,309","2,456"
Locality: 067 FRANKLIN COUNTY,0501,501 - WAIDSBORO,"1,262",32,"1,294",6,3,,23,"37,974","1,083","39,057",159,34,25,133,"5,636,494","314,875","5,951,369","92,172","23,109","9,309","2,456"
Locality: 067 FRANKLIN COUNTY,0502,502 - CALLAWAY,"1,682",38,"1,720",7,1,,23,"37,974","1,083","39,057",159,34,25,133,"5,636,494","314,875","5,951,369","92,172","23,109","9,309","2,456"
Locality: 067 FRANKLIN COUNTY,0503,503 - BOWMANS,924,33,957,4,,1,23,"37,974","1,083","39,057",159,34,25,133,"5,636,494","314,875","5,951,369","92,172","23,109","9,309","2,456"
Locality: 067 FRANKLIN COUNTY,0504,504 - GOGGINSVILLE,"1,327",32,"1,359",6,1,1,23,"37,974","1,083","39,057",159,34,25,133,"5,636,494","314,875","5,951,369","92,172","23,109","9,309","2,456"
Locality: 067 FRANKLIN COUNTY,0601,601 - BOONES MILL,"2,335",59,"2,394",9,1,1,23,"37,974","1,083","39,057",159,34,25,133,"5,636,494","314,875","5,951,369","92,172","23,109","9,309","2,456"
Locality: 067 FRANKLIN COUNTY,0602,602 - BONBROOK,"2,047",54,"2,101",7,2,,23,"37,974","1,083","39,057",159,34,25,133,"5,636,494","314,875","5,951,369","92,172","23,109","9,309","2,456"
Locality: 067 FRANKLIN COUNTY,0603,603 - COOPERS COVE,"1,434",40,"1,474",5,1,,23,"37,974","1,083","39,057",159,34,25,133,"5,636,494","314,875","5,951,369","92,172","23,109","9,309","2,456"
Locality: 067 FRANKLIN COUNTY,0701,701 - ROCKY MOUNT EAST,"2,273",95,"2,368",9,1,2,23,"37,974","1,083","39,057",159,34,25,133,"5,636,494","314,875","5,951,369","92,172","23,109","9,309","2,456"
Locality: 067 FRANKLIN COUNTY,0702,702 - ROCKY MOUNT WEST,"1,634",54,"1,688",7,,,23,"37,974","1,083","39,057",159,34,25,133,"5,636,494","314,875","5,951,369","92,172","23,109","9,309","2,456"
Locality: 067 FRANKLIN COUNTY,0703,703 - ROCKY MOUNT SOUTH,"1,336",32,"1,368",9,1,,23,"37,974","1,083","39,057",159,34,25,133,"5,636,494","314,875","5,951,369","92,172","23,109","9,309","2,456"
Locality: 069 FREDERICK COUNTY,0101,101 - RUSSELLS,"2,372",63,"2,435",15,8,6,21,"62,278","2,819","65,097",474,113,49,133,"5,636,494","314,875","5,951,369","92,172","23,109","9,309","2,456"
Locality: 069 FREDERICK COUNTY,0102,102 - GORE,"3,250",159,"3,409",23,2,2,21,"62,278","2,819","65,097",474,113,49,133,"5,636,494","314,875","5,951,369","92,172","23,109","9,309","2,456"
Locality: 069 FREDERICK COUNTY,0103,103 - KERNSTOWN,"2,859",88,"2,947",18,8,3,21,"62,278","2,819","65,097",474,113,49,133,"5,636,494","314,875","5,951,369","92,172","23,109","9,309","2,456"
Locality: 069 FREDERICK COUNTY,0104,104 - CEDAR CREEK,"1,898",83,"1,981",11,5,1,21,"62,278","2,819","65,097",474,113,49,133,"5,636,494","314,875","5,951,369","92,172","23,109","9,309","2,456"
Locality: 069 FREDERICK COUNTY,0201,201 - GAINESBOROUGH,"1,658",59,"1,717",10,,1,21,"62,278","2,819","65,097",474,113,49,133,"5,636,494","314,875","5,951,369","92,172","23,109","9,309","2,456"
Locality: 069 FREDERICK COUNTY,0202,202 - ALBIN,"2,556",85,"2,641",24,7,1,21,"62,278","2,819","65,097",474,113,49,133,"5,636,494","314,875","5,951,369","92,172","23,109","9,309","2,456"
Locality: 069 FREDERICK COUNTY,0203,203 - REDLAND,"3,505",157,"3,662",32,8,1,21,"62,278","2,819","65,097",474,113,49,133,"5,636,494","314,875","5,951,369","92,172","23,109","9,309","2,456"
Locality: 069 FREDERICK COUNTY,0204,204 - NAIN,"2,804",100,"2,904",14,5,5,21,"62,278","2,819","65,097",474,113,49,133,"5,636,494","314,875","5,951,369","92,172","23,109","9,309","2,456"
Locality: 069 FREDERICK COUNTY,0301,301 - CLEAR BROOK,"1,771",76,"1,847",6,2,3,21,"62,278","2,819","65,097",474,113,49,133,"5,636,494","314,875","5,951,369","92,172","23,109","9,309","2,456"
Locality: 069 FREDERICK COUNTY,0302,302 - NEFF'S TOWN,"4,827",295,"5,122",36,2,3,21,"62,278","2,819","65,097",474,113,49,133,"5,636,494","314,875","5,951,369","92,172","23,109","9,309","2,456"
Locality: 069 FREDERICK COUNTY,0303,303 - WHITE HALL,"3,812",161,"3,973",30,7,3,21,"62,278","2,819","65,097",474,113,49,133,"5,636,494","314,875","5,951,369","92,172","23,109","9,309","2,456"
Locality: 069 FREDERICK COUNTY,0401,401 - CARPERS VALLEY,"2,736",114,"2,850",25,3,,21,"62,278","2,819","65,097",474,113,49,133,"5,636,494","314,875","5,951,369","92,172","23,109","9,309","2,456"
Locality: 069 FREDERICK COUNTY,0402,402 - SHENANDOAH,"1,913",78,"1,991",13,3,1,21,"62,278","2,819","65,097",474,113,49,133,"5,636,494","314,875","5,951,369","92,172","23,109","9,309","2,456"
Locality: 069 FREDERICK COUNTY,0403,403 - PARKIN'S MILL,"2,855",152,"3,007",18,4,3,21,"62,278","2,819","65,097",474,113,49,133,"5,636,494","314,875","5,951,369","92,172","23,109","9,309","2,456"
Locality: 069 FREDERICK COUNTY,0404,404 - ARMEL,"2,532",93,"2,625",26,6,1,21,"62,278","2,819","65,097",474,113,49,133,"5,636,494","314,875","5,951,369","92,172","23,109","9,309","2,456"
Locality: 069 FREDERICK COUNTY,0501,501 - STEPHENS CITY,"3,133",119,"3,252",23,5,,21,"62,278","2,819","65,097",474,113,49,133,"5,636,494","314,875","5,951,369","92,172","23,109","9,309","2,456"
Locality: 069 FREDERICK COUNTY,0502,502 - NEWTOWN,"4,045",226,"4,271",27,6,5,21,"62,278","2,819","65,097",474,113,49,133,"5,636,494","314,875","5,951,369","92,172","23,109","9,309","2,456"
Locality: 069 FREDERICK COUNTY,0503,503 - CANTERBURG,"4,427",169,"4,596",45,14,1,21,"62,278","2,819","65,097",474,113,49,133,"5,636,494","314,875","5,951,369","92,172","23,109","9,309","2,456"
Locality: 069 FREDERICK COUNTY,0601,601 - MILLBROOK,"1,980",115,"2,095",16,5,3,21,"62,278","2,819","65,097",474,113,49,133,"5,636,494","314,875","5,951,369","92,172","23,109","9,309","2,456"
Locality: 069 FREDERICK COUNTY,0602,602 - ASH HOLLOW,"2,879",216,"3,095",25,2,2,21,"62,278","2,819","65,097",474,113,49,133,"5,636,494","314,875","5,951,369","92,172","23,109","9,309","2,456"
Locality: 069 FREDERICK COUNTY,0603,603 - GREENWOOD,"4,466",211,"4,677",37,11,4,21,"62,278","2,819","65,097",474,113,49,133,"5,636,494","314,875","5,951,369","92,172","23,109","9,309","2,456"
Locality: 071 GILES COUNTY,0101,101 - GLEN LYN,180,11,191,,,,9,"11,606",345,"11,951",45,3,9,133,"5,636,494","314,875","5,951,369","92,172","23,109","9,309","2,456"
Locality: 071 GILES COUNTY,0102,102 - RICH CREEK,842,37,879,3,,,9,"11,606",345,"11,951",45,3,9,133,"5,636,494","314,875","5,951,369","92,172","23,109","9,309","2,456"
Locality: 071 GILES COUNTY,0103,103 - NARROWS,"2,417",78,"2,495",9,1,1,9,"11,606",345,"11,951",45,3,9,133,"5,636,494","314,875","5,951,369","92,172","23,109","9,309","2,456"
Locality: 071 GILES COUNTY,0201,201 - PEARISBURG,"3,103",93,"3,196",11,,5,9,"11,606",345,"11,951",45,3,9,133,"5,636,494","314,875","5,951,369","92,172","23,109","9,309","2,456"
Locality: 071 GILES COUNTY,0202,202 - STAFFORDSVILLE,515,13,528,2,,,9,"11,606",345,"11,951",45,3,9,133,"5,636,494","314,875","5,951,369","92,172","23,109","9,309","2,456"
Locality: 071 GILES COUNTY,0203,203 - WHITE GATE,286,8,294,,,,9,"11,606",345,"11,951",45,3,9,133,"5,636,494","314,875","5,951,369","92,172","23,109","9,309","2,456"
Locality: 071 GILES COUNTY,0301,301 - EGGLESTON,877,19,896,4,,2,9,"11,606",345,"11,951",45,3,9,133,"5,636,494","314,875","5,951,369","92,172","23,109","9,309","2,456"
Locality: 071 GILES COUNTY,0302,302 - PEMBROKE,"2,253",53,"2,306",8,1,1,9,"11,606",345,"11,951",45,3,9,133,"5,636,494","314,875","5,951,369","92,172","23,109","9,309","2,456"
Locality: 071 GILES COUNTY,0303,303 - NEWPORT,"1,133",33,"1,166",8,1,,9,"11,606",345,"11,951",45,3,9,133,"5,636,494","314,875","5,951,369","92,172","23,109","9,309","2,456"
Locality: 073 GLOUCESTER COUNTY,0101,101 - HARCUM,"2,092",72,"2,164",39,3,1,11,"28,322",957,"29,279",510,55,16,133,"5,636,494","314,875","5,951,369","92,172","23,109","9,309","2,456"
Locality: 073 GLOUCESTER COUNTY,0102,102 - SALEM,"1,844",45,"1,889",22,2,1,11,"28,322",957,"29,279",510,55,16,133,"5,636,494","314,875","5,951,369","92,172","23,109","9,309","2,456"
Locality: 073 GLOUCESTER COUNTY,0103,103 - PEASLEY,"1,370",48,"1,418",16,1,,11,"28,322",957,"29,279",510,55,16,133,"5,636,494","314,875","5,951,369","92,172","23,109","9,309","2,456"
Locality: 073 GLOUCESTER COUNTY,0201,201 - COURTHOUSE,"2,130",53,"2,183",31,11,2,11,"28,322",957,"29,279",510,55,16,133,"5,636,494","314,875","5,951,369","92,172","23,109","9,309","2,456"
Locality: 073 GLOUCESTER COUNTY,0202,202 - BOTETOURT,"3,335",121,"3,456",85,6,4,11,"28,322",957,"29,279",510,55,16,133,"5,636,494","314,875","5,951,369","92,172","23,109","9,309","2,456"
Locality: 073 GLOUCESTER COUNTY,0301,301 - WHITE MARSH,"2,529",85,"2,614",41,3,,11,"28,322",957,"29,279",510,55,16,133,"5,636,494","314,875","5,951,369","92,172","23,109","9,309","2,456"
Locality: 073 GLOUCESTER COUNTY,0302,302 - ROANES,"3,359",115,"3,474",71,9,1,11,"28,322",957,"29,279",510,55,16,133,"5,636,494","314,875","5,951,369","92,172","23,109","9,309","2,456"
Locality: 073 GLOUCESTER COUNTY,0401,401 - HAYES,"3,099",127,"3,226",43,6,2,11,"28,322",957,"29,279",510,55,16,133,"5,636,494","314,875","5,951,369","92,172","23,109","9,309","2,456"
Locality: 073 GLOUCESTER COUNTY,0402,402 - SARAHS CREEK,"2,468",88,"2,556",49,3,1,11,"28,322",957,"29,279",510,55,16,133,"5,636,494","314,875","5,951,369","92,172","23,109","9,309","2,456"
Locality: 073 GLOUCESTER COUNTY,0501,501 - ACHILLES,"3,482",123,"3,605",63,6,2,11,"28,322",957,"29,279",510,55,16,133,"5,636,494","314,875","5,951,369","92,172","23,109","9,309","2,456"
Locality: 073 GLOUCESTER COUNTY,0502,502 - WALKER,"2,614",80,"2,694",50,5,2,11,"28,322",957,"29,279",510,55,16,133,"5,636,494","314,875","5,951,369","92,172","23,109","9,309","2,456"
Locality: 075 GOOCHLAND COUNTY,0101,101 - FIFE,"1,402",45,"1,447",6,,1,10,"19,925",552,"20,477",121,52,16,133,"5,636,494","314,875","5,951,369","92,172","23,109","9,309","2,456"
Locality: 075 GOOCHLAND COUNTY,0102,102 - HADENSVILLE,"2,232",67,"2,299",20,2,,10,"19,925",552,"20,477",121,52,16,133,"5,636,494","314,875","5,951,369","92,172","23,109","9,309","2,456"
Locality: 075 GOOCHLAND COUNTY,0201,201 - THREE SQUARE,630,14,644,4,3,3,10,"19,925",552,"20,477",121,52,16,133,"5,636,494","314,875","5,951,369","92,172","23,109","9,309","2,456"
Locality: 075 GOOCHLAND COUNTY,0202,202 - SANDY HOOK,"2,833",62,"2,895",23,2,1,10,"19,925",552,"20,477",121,52,16,133,"5,636,494","314,875","5,951,369","92,172","23,109","9,309","2,456"
Locality: 075 GOOCHLAND COUNTY,0301,301 - GOOCHLAND COURT HOUSE 1,"1,916",44,"1,960",9,10,1,10,"19,925",552,"20,477",121,52,16,133,"5,636,494","314,875","5,951,369","92,172","23,109","9,309","2,456"
Locality: 075 GOOCHLAND COUNTY,0302,302 - GOOCHLAND COURT HOUSE 2,878,28,906,2,1,2,10,"19,925",552,"20,477",121,52,16,133,"5,636,494","314,875","5,951,369","92,172","23,109","9,309","2,456"
Locality: 075 GOOCHLAND COUNTY,0401,401 - SHALLOW WELL,"2,671",62,"2,733",13,12,2,10,"19,925",552,"20,477",121,52,16,133,"5,636,494","314,875","5,951,369","92,172","23,109","9,309","2,456"
Locality: 075 GOOCHLAND COUNTY,0402,402 - CENTERVILLE,"2,503",70,"2,573",16,3,1,10,"19,925",552,"20,477",121,52,16,133,"5,636,494","314,875","5,951,369","92,172","23,109","9,309","2,456"
Locality: 075 GOOCHLAND COUNTY,0501,501 - MANAKIN,"2,929",54,"2,983",23,12,5,10,"19,925",552,"20,477",121,52,16,133,"5,636,494","314,875","5,951,369","92,172","23,109","9,309","2,456"
Locality: 075 GOOCHLAND COUNTY,0502,502 - BLAIR,"1,931",106,"2,037",5,7,,10,"19,925",552,"20,477",121,52,16,133,"5,636,494","314,875","5,951,369","92,172","23,109","9,309","2,456"
Locality: 077 GRAYSON COUNTY,0101,101 - BRIDLE CREEK,406,11,417,1,,,15,"10,423",293,"10,716",46,5,8,133,"5,636,494","314,875","5,951,369","92,172","23,109","9,309","2,456"
Locality: 077 GRAYSON COUNTY,0102,102 - FLATRIDGE,242,7,249,,,,15,"10,423",293,"10,716",46,5,8,133,"5,636,494","314,875","5,951,369","92,172","23,109","9,309","2,456"
Locality: 077 GRAYSON COUNTY,0103,103 - GRANT,433,14,447,2,,1,15,"10,423",293,"10,716",46,5,8,133,"5,636,494","314,875","5,951,369","92,172","23,109","9,309","2,456"
Locality: 077 GRAYSON COUNTY,0104,104 - MOUTH OF WILSON,280,13,293,,1,1,15,"10,423",293,"10,716",46,5,8,133,"5,636,494","314,875","5,951,369","92,172","23,109","9,309","2,456"
Locality: 077 GRAYSON COUNTY,0105,105 - MOUNT ROGERS,355,9,364,3,,,15,"10,423",293,"10,716",46,5,8,133,"5,636,494","314,875","5,951,369","92,172","23,109","9,309","2,456"
Locality: 077 GRAYSON COUNTY,0106,106 - RUGBY,330,5,335,1,,,15,"10,423",293,"10,716",46,5,8,133,"5,636,494","314,875","5,951,369","92,172","23,109","9,309","2,456"
Locality: 077 GRAYSON COUNTY,0107,107 - TROUTDALE,198,4,202,,,,15,"10,423",293,"10,716",46,5,8,133,"5,636,494","314,875","5,951,369","92,172","23,109","9,309","2,456"
Locality: 077 GRAYSON COUNTY,0108,108 - COMERS ROCK,278,6,284,1,,,15,"10,423",293,"10,716",46,5,8,133,"5,636,494","314,875","5,951,369","92,172","23,109","9,309","2,456"
Locality: 077 GRAYSON COUNTY,0202,202 - ELK CREEK,688,17,705,8,,,15,"10,423",293,"10,716",46,5,8,133,"5,636,494","314,875","5,951,369","92,172","23,109","9,309","2,456"
Locality: 077 GRAYSON COUNTY,0203,203 - INDEPENDENCE,"2,001",54,"2,055",6,2,1,15,"10,423",293,"10,716",46,5,8,133,"5,636,494","314,875","5,951,369","92,172","23,109","9,309","2,456"
Locality: 077 GRAYSON COUNTY,0301,301 - BAYWOOD,"1,125",51,"1,176",8,,,15,"10,423",293,"10,716",46,5,8,133,"5,636,494","314,875","5,951,369","92,172","23,109","9,309","2,456"
Locality: 077 GRAYSON COUNTY,0302,302 - FAIRVIEW,"1,524",40,"1,564",5,1,1,15,"10,423",293,"10,716",46,5,8,133,"5,636,494","314,875","5,951,369","92,172","23,109","9,309","2,456"
Locality: 077 GRAYSON COUNTY,0401,401 - FRIES,627,20,647,3,,2,15,"10,423",293,"10,716",46,5,8,133,"5,636,494","314,875","5,951,369","92,172","23,109","9,309","2,456"
Locality: 077 GRAYSON COUNTY,0402,402 - PROVIDENCE,"1,322",24,"1,346",5,1,2,15,"10,423",293,"10,716",46,5,8,133,"5,636,494","314,875","5,951,369","92,172","23,109","9,309","2,456"
Locality: 077 GRAYSON COUNTY,0403,403 - OLDTOWN,614,18,632,3,,,15,"10,423",293,"10,716",46,5,8,133,"5,636,494","314,875","5,951,369","92,172","23,109","9,309","2,456"
Locality: 079 GREENE COUNTY,0101,101 - DYKE,"1,315",25,"1,340",6,3,4,5,"13,984",410,"14,394",162,40,20,133,"5,636,494","314,875","5,951,369","92,172","23,109","9,309","2,456"
Locality: 079 GREENE COUNTY,0102,102 - SWIFT RUN,"2,005",54,"2,059",21,6,,5,"13,984",410,"14,394",162,40,20,133,"5,636,494","314,875","5,951,369","92,172","23,109","9,309","2,456"
Locality: 079 GREENE COUNTY,0201,201 - RUCKERSVILLE,"3,755",135,"3,890",49,10,4,5,"13,984",410,"14,394",162,40,20,133,"5,636,494","314,875","5,951,369","92,172","23,109","9,309","2,456"
Locality: 079 GREENE COUNTY,0301,301 - STANARDSVILLE,"3,160",90,"3,250",32,4,7,5,"13,984",410,"14,394",162,40,20,133,"5,636,494","314,875","5,951,369","92,172","23,109","9,309","2,456"
Locality: 079 GREENE COUNTY,0401,401 - MIDWAY,"3,749",106,"3,855",54,17,5,5,"13,984",410,"14,394",162,40,20,133,"5,636,494","314,875","5,951,369","92,172","23,109","9,309","2,456"
Locality: 081 GREENSVILLE COUNTY,0101,101 - PRECINCT 1-A,667,12,679,7,,,9,"6,173",200,"6,373",44,1,,133,"5,636,494","314,875","5,951,369","92,172","23,109","9,309","2,456"
Locality: 081 GREENSVILLE COUNTY,0102,102 - PRECINCT 1-B,286,9,295,3,,,9,"6,173",200,"6,373",44,1,,133,"5,636,494","314,875","5,951,369","92,172","23,109","9,309","2,456"
Locality: 081 GREENSVILLE COUNTY,0103,103 - PRECINCT 1-C,531,19,550,6,,,9,"6,173",200,"6,373",44,1,,133,"5,636,494","314,875","5,951,369","92,172","23,109","9,309","2,456"
Locality: 081 GREENSVILLE COUNTY,0201,201 - PRECINCT 2-A,768,28,796,10,,,9,"6,173",200,"6,373",44,1,,133,"5,636,494","314,875","5,951,369","92,172","23,109","9,309","2,456"
Locality: 081 GREENSVILLE COUNTY,0202,202 - PRECINCT 2-B,848,26,874,1,,,9,"6,173",200,"6,373",44,1,,133,"5,636,494","314,875","5,951,369","92,172","23,109","9,309","2,456"
Locality: 081 GREENSVILLE COUNTY,0302,302 - PRECINCT 3-A,"1,559",58,"1,617",6,,,9,"6,173",200,"6,373",44,1,,133,"5,636,494","314,875","5,951,369","92,172","23,109","9,309","2,456"
Locality: 081 GREENSVILLE COUNTY,0401,401 - PRECINCT 4-A,424,12,436,3,,,9,"6,173",200,"6,373",44,1,,133,"5,636,494","314,875","5,951,369","92,172","23,109","9,309","2,456"
Locality: 081 GREENSVILLE COUNTY,0402,402 - PRECINCT 4-B,759,27,786,7,1,,9,"6,173",200,"6,373",44,1,,133,"5,636,494","314,875","5,951,369","92,172","23,109","9,309","2,456"
Locality: 081 GREENSVILLE COUNTY,0403,403 - PRECINCT 4-C,331,9,340,1,,,9,"6,173",200,"6,373",44,1,,133,"5,636,494","314,875","5,951,369","92,172","23,109","9,309","2,456"
Locality: 083 HALIFAX COUNTY,0101,101 - CHILDREY,"1,045",21,"1,066",4,,,20,"23,960",589,"24,549",148,24,,133,"5,636,494","314,875","5,951,369","92,172","23,109","9,309","2,456"
Locality: 083 HALIFAX COUNTY,0102,102 - LIBERTY,558,15,573,7,1,,20,"23,960",589,"24,549",148,24,,133,"5,636,494","314,875","5,951,369","92,172","23,109","9,309","2,456"
Locality: 083 HALIFAX COUNTY,0103,103 - REPUBLICAN GROVE,"1,226",35,"1,261",6,,,20,"23,960",589,"24,549",148,24,,133,"5,636,494","314,875","5,951,369","92,172","23,109","9,309","2,456"
Locality: 083 HALIFAX COUNTY,0201,201 - CLAYS MILL,811,11,822,6,,,20,"23,960",589,"24,549",148,24,,133,"5,636,494","314,875","5,951,369","92,172","23,109","9,309","2,456"
Locality: 083 HALIFAX COUNTY,0202,202 - CROSSROADS,731,17,748,4,2,,20,"23,960",589,"24,549",148,24,,133,"5,636,494","314,875","5,951,369","92,172","23,109","9,309","2,456"
Locality: 083 HALIFAX COUNTY,0203,203 - CLOVER,"1,243",26,"1,269",12,,,20,"23,960",589,"24,549",148,24,,133,"5,636,494","314,875","5,951,369","92,172","23,109","9,309","2,456"
Locality: 083 HALIFAX COUNTY,0302,302 - MEADVILLE,529,16,545,7,,,20,"23,960",589,"24,549",148,24,,133,"5,636,494","314,875","5,951,369","92,172","23,109","9,309","2,456"
Locality: 083 HALIFAX COUNTY,0304,304 - VERNON HILL,863,23,886,10,1,,20,"23,960",589,"24,549",148,24,,133,"5,636,494","314,875","5,951,369","92,172","23,109","9,309","2,456"
Locality: 083 HALIFAX COUNTY,0305,305 - SINAI,"1,847",45,"1,892",8,1,,20,"23,960",589,"24,549",148,24,,133,"5,636,494","314,875","5,951,369","92,172","23,109","9,309","2,456"
Locality: 083 HALIFAX COUNTY,0401,401 - COURTHOUSE,"1,493",47,"1,540",5,3,,20,"23,960",589,"24,549",148,24,,133,"5,636,494","314,875","5,951,369","92,172","23,109","9,309","2,456"
Locality: 083 HALIFAX COUNTY,0403,403 - CENTER,"1,435",36,"1,471",11,2,,20,"23,960",589,"24,549",148,24,,133,"5,636,494","314,875","5,951,369","92,172","23,109","9,309","2,456"
Locality: 083 HALIFAX COUNTY,0502,502 - DAN RIVER,"2,052",57,"2,109",11,4,,20,"23,960",589,"24,549",148,24,,133,"5,636,494","314,875","5,951,369","92,172","23,109","9,309","2,456"
Locality: 083 HALIFAX COUNTY,0503,503 - SCOTTSBURG,965,14,979,3,2,,20,"23,960",589,"24,549",148,24,,133,"5,636,494","314,875","5,951,369","92,172","23,109","9,309","2,456"
Locality: 083 HALIFAX COUNTY,0601,601 - BLACK WALNUT,"1,202",25,"1,227",10,2,,20,"23,960",589,"24,549",148,24,,133,"5,636,494","314,875","5,951,369","92,172","23,109","9,309","2,456"
Locality: 083 HALIFAX COUNTY,0603,603 - MT CARMEL,"1,595",45,"1,640",7,2,,20,"23,960",589,"24,549",148,24,,133,"5,636,494","314,875","5,951,369","92,172","23,109","9,309","2,456"
Locality: 083 HALIFAX COUNTY,0605,605 - UNION,490,10,500,4,,,20,"23,960",589,"24,549",148,24,,133,"5,636,494","314,875","5,951,369","92,172","23,109","9,309","2,456"
Locality: 083 HALIFAX COUNTY,0701,701 - HYCO,"1,574",27,"1,601",16,1,,20,"23,960",589,"24,549",148,24,,133,"5,636,494","314,875","5,951,369","92,172","23,109","9,309","2,456"
Locality: 083 HALIFAX COUNTY,0702,702 - MIDWAY,999,14,"1,013",3,3,,20,"23,960",589,"24,549",148,24,,133,"5,636,494","314,875","5,951,369","92,172","23,109","9,309","2,456"
Locality: 083 HALIFAX COUNTY,0703,703 - VIRGILINA,709,17,726,2,,,20,"23,960",589,"24,549",148,24,,133,"5,636,494","314,875","5,951,369","92,172","23,109","9,309","2,456"
Locality: 083 HALIFAX COUNTY,0801,801 - SOUTH BOSTON,"2,593",88,"2,681",12,,,20,"23,960",589,"24,549",148,24,,133,"5,636,494","314,875","5,951,369","92,172","23,109","9,309","2,456"
Locality: 085 HANOVER COUNTY,0101,101 - ASHLAND,"2,108",72,"2,180",15,11,3,36,"82,772","2,094","84,866",673,155,49,133,"5,636,494","314,875","5,951,369","92,172","23,109","9,309","2,456"
Locality: 085 HANOVER COUNTY,0104,104 - SLIDING HILL,"2,229",68,"2,297",21,5,2,36,"82,772","2,094","84,866",673,155,49,133,"5,636,494","314,875","5,951,369","92,172","23,109","9,309","2,456"
Locality: 085 HANOVER COUNTY,0105,105 - BERKLEY,"2,130",90,"2,220",16,9,1,36,"82,772","2,094","84,866",673,155,49,133,"5,636,494","314,875","5,951,369","92,172","23,109","9,309","2,456"
Locality: 085 HANOVER COUNTY,0106,106 - KERSEY CREEK,"1,254",30,"1,284",10,2,1,36,"82,772","2,094","84,866",673,155,49,133,"5,636,494","314,875","5,951,369","92,172","23,109","9,309","2,456"
Locality: 085 HANOVER COUNTY,0107,107 - CHICKAHOMINY,"1,691",46,"1,737",10,11,2,36,"82,772","2,094","84,866",673,155,49,133,"5,636,494","314,875","5,951,369","92,172","23,109","9,309","2,456"
Locality: 085 HANOVER COUNTY,0201,201 - BEAVERDAM,"3,053",73,"3,126",34,3,1,36,"82,772","2,094","84,866",673,155,49,133,"5,636,494","314,875","5,951,369","92,172","23,109","9,309","2,456"
Locality: 085 HANOVER COUNTY,0202,202 - BLUNTS,"1,462",40,"1,502",10,4,4,36,"82,772","2,094","84,866",673,155,49,133,"5,636,494","314,875","5,951,369","92,172","23,109","9,309","2,456"
Locality: 085 HANOVER COUNTY,0203,203 - WILMINGTON PARISH,"2,240",56,"2,296",12,12,,36,"82,772","2,094","84,866",673,155,49,133,"5,636,494","314,875","5,951,369","92,172","23,109","9,309","2,456"
Locality: 085 HANOVER COUNTY,0206,206 - COURTHOUSE,"2,202",36,"2,238",18,1,3,36,"82,772","2,094","84,866",673,155,49,133,"5,636,494","314,875","5,951,369","92,172","23,109","9,309","2,456"
Locality: 085 HANOVER COUNTY,0208,208 - OAK KNOLL,"2,026",40,"2,066",16,3,,36,"82,772","2,094","84,866",673,155,49,133,"5,636,494","314,875","5,951,369","92,172","23,109","9,309","2,456"
Locality: 085 HANOVER COUNTY,0209,209 - WEST HANOVER,647,16,663,4,,,36,"82,772","2,094","84,866",673,155,49,133,"5,636,494","314,875","5,951,369","92,172","23,109","9,309","2,456"
Locality: 085 HANOVER COUNTY,0210,210 - OAK HILL,735,18,753,5,1,,36,"82,772","2,094","84,866",673,155,49,133,"5,636,494","314,875","5,951,369","92,172","23,109","9,309","2,456"
Locality: 085 HANOVER COUNTY,0301,301 - CLAY,"2,672",46,"2,718",16,3,1,36,"82,772","2,094","84,866",673,155,49,133,"5,636,494","314,875","5,951,369","92,172","23,109","9,309","2,456"
Locality: 085 HANOVER COUNTY,0303,303 - SHADY GROVE,"2,541",71,"2,612",21,2,1,36,"82,772","2,094","84,866",673,155,49,133,"5,636,494","314,875","5,951,369","92,172","23,109","9,309","2,456"
Locality: 085 HANOVER COUNTY,0304,304 - ATLEE,"6,142",151,"6,293",52,15,5,36,"82,772","2,094","84,866",673,155,49,133,"5,636,494","314,875","5,951,369","92,172","23,109","9,309","2,456"
Locality: 085 HANOVER COUNTY,0305,305 - COOL SPRING,"2,554",55,"2,609",21,6,1,36,"82,772","2,094","84,866",673,155,49,133,"5,636,494","314,875","5,951,369","92,172","23,109","9,309","2,456"
Locality: 085 HANOVER COUNTY,0401,401 - BATTLEFIELD,"2,643",62,"2,705",22,2,,36,"82,772","2,094","84,866",673,155,49,133,"5,636,494","314,875","5,951,369","92,172","23,109","9,309","2,456"
Locality: 085 HANOVER COUNTY,0403,403 - COLD HARBOR,"3,312",90,"3,402",27,2,5,36,"82,772","2,094","84,866",673,155,49,133,"5,636,494","314,875","5,951,369","92,172","23,109","9,309","2,456"
Locality: 085 HANOVER COUNTY,0404,404 - BLACK CREEK,"2,913",45,"2,958",20,10,3,36,"82,772","2,094","84,866",673,155,49,133,"5,636,494","314,875","5,951,369","92,172","23,109","9,309","2,456"
Locality: 085 HANOVER COUNTY,0405,405 - PEBBLE CREEK,"1,637",30,"1,667",8,3,2,36,"82,772","2,094","84,866",673,155,49,133,"5,636,494","314,875","5,951,369","92,172","23,109","9,309","2,456"
Locality: 085 HANOVER COUNTY,0406,406 - BEAVERDAM CREEK,688,40,728,12,,,36,"82,772","2,094","84,866",673,155,49,133,"5,636,494","314,875","5,951,369","92,172","23,109","9,309","2,456"
Locality: 085 HANOVER COUNTY,0502,502 - RURAL POINT,"2,632",65,"2,697",28,2,,36,"82,772","2,094","84,866",673,155,49,133,"5,636,494","314,875","5,951,369","92,172","23,109","9,309","2,456"
Locality: 085 HANOVER COUNTY,0503,503 - NEWMAN,"2,280",93,"2,373",25,4,1,36,"82,772","2,094","84,866",673,155,49,133,"5,636,494","314,875","5,951,369","92,172","23,109","9,309","2,456"
Locality: 085 HANOVER COUNTY,0504,504 - STUDLEY,"1,632",29,"1,661",15,2,1,36,"82,772","2,094","84,866",673,155,49,133,"5,636,494","314,875","5,951,369","92,172","23,109","9,309","2,456"
Locality: 085 HANOVER COUNTY,0505,505 - TOTOPOTOMOY,"1,330",28,"1,358",9,2,1,36,"82,772","2,094","84,866",673,155,49,133,"5,636,494","314,875","5,951,369","92,172","23,109","9,309","2,456"
Locality: 085 HANOVER COUNTY,0506,506 - GEORGETOWN,"2,090",44,"2,134",31,2,3,36,"82,772","2,094","84,866",673,155,49,133,"5,636,494","314,875","5,951,369","92,172","23,109","9,309","2,456"
Locality: 085 HANOVER COUNTY,0507,507 - LAUREL MEADOW,"2,445",70,"2,515",26,1,,36,"82,772","2,094","84,866",673,155,49,133,"5,636,494","314,875","5,951,369","92,172","23,109","9,309","2,456"
Locality: 085 HANOVER COUNTY,0601,601 - VILLAGE,"3,894",65,"3,959",34,5,2,36,"82,772","2,094","84,866",673,155,49,133,"5,636,494","314,875","5,951,369","92,172","23,109","9,309","2,456"
Locality: 085 HANOVER COUNTY,0602,602 - LEE DAVIS,"3,641",120,"3,761",27,1,,36,"82,772","2,094","84,866",673,155,49,133,"5,636,494","314,875","5,951,369","92,172","23,109","9,309","2,456"
Locality: 085 HANOVER COUNTY,0603,603 - MECHANICSVILLE,"2,325",95,"2,420",23,3,,36,"82,772","2,094","84,866",673,155,49,133,"5,636,494","314,875","5,951,369","92,172","23,109","9,309","2,456"
Locality: 085 HANOVER COUNTY,0604,604 - HANOVER GROVE,"1,830",43,"1,873",13,1,,36,"82,772","2,094","84,866",673,155,49,133,"5,636,494","314,875","5,951,369","92,172","23,109","9,309","2,456"
Locality: 085 HANOVER COUNTY,0701,701 - FARRINGTON,"2,632",50,"2,682",16,7,3,36,"82,772","2,094","84,866",673,155,49,133,"5,636,494","314,875","5,951,369","92,172","23,109","9,309","2,456"
Locality: 085 HANOVER COUNTY,0702,702 - MONTPELIER,"2,298",52,"2,350",13,7,1,36,"82,772","2,094","84,866",673,155,49,133,"5,636,494","314,875","5,951,369","92,172","23,109","9,309","2,456"
Locality: 085 HANOVER COUNTY,0703,703 - ROCKVILLE,"2,392",50,"2,442",18,2,,36,"82,772","2,094","84,866",673,155,49,133,"5,636,494","314,875","5,951,369","92,172","23,109","9,309","2,456"
Locality: 085 HANOVER COUNTY,0704,704 - ELMONT,"3,057",86,"3,143",18,4,2,36,"82,772","2,094","84,866",673,155,49,133,"5,636,494","314,875","5,951,369","92,172","23,109","9,309","2,456"
Locality: 085 HANOVER COUNTY,0705,705 - SOUTH ANNA,"1,415",29,"1,444",7,7,,36,"82,772","2,094","84,866",673,155,49,133,"5,636,494","314,875","5,951,369","92,172","23,109","9,309","2,456"
Locality: 087 HENRICO COUNTY,0101,101 - COALPIT,"4,046",116,"4,162",37,10,8,91,"226,822","9,407","236,229","1,799",490,434,133,"5,636,494","314,875","5,951,369","92,172","23,109","9,309","2,456"
Locality: 087 HENRICO COUNTY,0102,102 - DUMBARTON,"3,575",226,"3,801",39,8,2,91,"226,822","9,407","236,229","1,799",490,434,133,"5,636,494","314,875","5,951,369","92,172","23,109","9,309","2,456"
Locality: 087 HENRICO COUNTY,0103,103 - GLEN ALLEN,"4,522",160,"4,682",39,5,5,91,"226,822","9,407","236,229","1,799",490,434,133,"5,636,494","314,875","5,951,369","92,172","23,109","9,309","2,456"
Locality: 087 HENRICO COUNTY,0105,105 - GREENDALE,"3,390",138,"3,528",21,6,2,91,"226,822","9,407","236,229","1,799",490,434,133,"5,636,494","314,875","5,951,369","92,172","23,109","9,309","2,456"
Locality: 087 HENRICO COUNTY,0106,106 - HERMITAGE,"3,558",147,"3,705",41,6,2,91,"226,822","9,407","236,229","1,799",490,434,133,"5,636,494","314,875","5,951,369","92,172","23,109","9,309","2,456"
Locality: 087 HENRICO COUNTY,0108,108 - HUNGARY CREEK,"3,999",112,"4,111",23,14,13,91,"226,822","9,407","236,229","1,799",490,434,133,"5,636,494","314,875","5,951,369","92,172","23,109","9,309","2,456"
Locality: 087 HENRICO COUNTY,0109,109 - HUNTON,"1,033",28,"1,061",5,,1,91,"226,822","9,407","236,229","1,799",490,434,133,"5,636,494","314,875","5,951,369","92,172","23,109","9,309","2,456"
Locality: 087 HENRICO COUNTY,0110,110 - JOHNSON,"4,463",288,"4,751",60,7,5,91,"226,822","9,407","236,229","1,799",490,434,133,"5,636,494","314,875","5,951,369","92,172","23,109","9,309","2,456"
Locality: 087 HENRICO COUNTY,0111,111 - LAKESIDE,"4,043",134,"4,177",19,5,8,91,"226,822","9,407","236,229","1,799",490,434,133,"5,636,494","314,875","5,951,369","92,172","23,109","9,309","2,456"
Locality: 087 HENRICO COUNTY,0112,112 - LONGAN,"2,828",140,"2,968",24,3,3,91,"226,822","9,407","236,229","1,799",490,434,133,"5,636,494","314,875","5,951,369","92,172","23,109","9,309","2,456"
Locality: 087 HENRICO COUNTY,0113,113 - MAUDE TREVVETT,"1,279",27,"1,306",7,3,3,91,"226,822","9,407","236,229","1,799",490,434,133,"5,636,494","314,875","5,951,369","92,172","23,109","9,309","2,456"
Locality: 087 HENRICO COUNTY,0114,114 - MONUMENT HILLS,"1,049",37,"1,086",4,7,22,91,"226,822","9,407","236,229","1,799",490,434,133,"5,636,494","314,875","5,951,369","92,172","23,109","9,309","2,456"
Locality: 087 HENRICO COUNTY,0115,115 - STAPLES MILL,"4,030",97,"4,127",27,10,5,91,"226,822","9,407","236,229","1,799",490,434,133,"5,636,494","314,875","5,951,369","92,172","23,109","9,309","2,456"
Locality: 087 HENRICO COUNTY,0117,117 - WESTWOOD,"2,167",71,"2,238",10,7,16,91,"226,822","9,407","236,229","1,799",490,434,133,"5,636,494","314,875","5,951,369","92,172","23,109","9,309","2,456"
Locality: 087 HENRICO COUNTY,0201,201 - ADAMS,"2,192",67,"2,259",22,3,3,91,"226,822","9,407","236,229","1,799",490,434,133,"5,636,494","314,875","5,951,369","92,172","23,109","9,309","2,456"
Locality: 087 HENRICO COUNTY,0202,202 - AZALEA,"3,716",261,"3,977",39,,,91,"226,822","9,407","236,229","1,799",490,434,133,"5,636,494","314,875","5,951,369","92,172","23,109","9,309","2,456"
Locality: 087 HENRICO COUNTY,0203,203 - BELMONT,"2,801",139,"2,940",26,2,3,91,"226,822","9,407","236,229","1,799",490,434,133,"5,636,494","314,875","5,951,369","92,172","23,109","9,309","2,456"
Locality: 087 HENRICO COUNTY,0204,204 - BROOKLAND,783,35,818,2,4,1,91,"226,822","9,407","236,229","1,799",490,434,133,"5,636,494","314,875","5,951,369","92,172","23,109","9,309","2,456"
Locality: 087 HENRICO COUNTY,0205,205 - CANTERBURY,703,8,711,,2,1,91,"226,822","9,407","236,229","1,799",490,434,133,"5,636,494","314,875","5,951,369","92,172","23,109","9,309","2,456"
Locality: 087 HENRICO COUNTY,0206,206 - CENTRAL GARDENS,"2,887",121,"3,008",32,1,,91,"226,822","9,407","236,229","1,799",490,434,133,"5,636,494","314,875","5,951,369","92,172","23,109","9,309","2,456"
Locality: 087 HENRICO COUNTY,0207,207 - CHAMBERLAYNE,"2,647",58,"2,705",13,2,6,91,"226,822","9,407","236,229","1,799",490,434,133,"5,636,494","314,875","5,951,369","92,172","23,109","9,309","2,456"
Locality: 087 HENRICO COUNTY,0208,208 - FAIRFIELD,"2,779",223,"3,002",25,2,1,91,"226,822","9,407","236,229","1,799",490,434,133,"5,636,494","314,875","5,951,369","92,172","23,109","9,309","2,456"
Locality: 087 HENRICO COUNTY,0209,209 - GLEN LEA,"1,862",61,"1,923",15,1,,91,"226,822","9,407","236,229","1,799",490,434,133,"5,636,494","314,875","5,951,369","92,172","23,109","9,309","2,456"
Locality: 087 HENRICO COUNTY,0210,210 - GREENWOOD,"1,646",52,"1,698",14,3,2,91,"226,822","9,407","236,229","1,799",490,434,133,"5,636,494","314,875","5,951,369","92,172","23,109","9,309","2,456"
Locality: 087 HENRICO COUNTY,0211,211 - HIGHLAND GARDENS,"1,237",44,"1,281",9,,2,91,"226,822","9,407","236,229","1,799",490,434,133,"5,636,494","314,875","5,951,369","92,172","23,109","9,309","2,456"
Locality: 087 HENRICO COUNTY,0212,212 - HOLLYBROOK,"1,009",46,"1,055",8,2,3,91,"226,822","9,407","236,229","1,799",490,434,133,"5,636,494","314,875","5,951,369","92,172","23,109","9,309","2,456"
Locality: 087 HENRICO COUNTY,0213,213 - HUNGARY,"1,863",71,"1,934",12,2,2,91,"226,822","9,407","236,229","1,799",490,434,133,"5,636,494","314,875","5,951,369","92,172","23,109","9,309","2,456"
Locality: 087 HENRICO COUNTY,0214,214 - LONGDALE,"1,774",58,"1,832",10,1,2,91,"226,822","9,407","236,229","1,799",490,434,133,"5,636,494","314,875","5,951,369","92,172","23,109","9,309","2,456"
Locality: 087 HENRICO COUNTY,0215,215 - MAPLEWOOD,"2,911",86,"2,997",25,2,2,91,"226,822","9,407","236,229","1,799",490,434,133,"5,636,494","314,875","5,951,369","92,172","23,109","9,309","2,456"
Locality: 087 HENRICO COUNTY,0216,216 - MOODY,"1,076",70,"1,146",6,2,1,91,"226,822","9,407","236,229","1,799",490,434,133,"5,636,494","314,875","5,951,369","92,172","23,109","9,309","2,456"
Locality: 087 HENRICO COUNTY,0217,217 - MOUNTAIN,886,30,916,9,1,,91,"226,822","9,407","236,229","1,799",490,434,133,"5,636,494","314,875","5,951,369","92,172","23,109","9,309","2,456"
Locality: 087 HENRICO COUNTY,0218,218 - OAKVIEW,238,10,248,,,,91,"226,822","9,407","236,229","1,799",490,434,133,"5,636,494","314,875","5,951,369","92,172","23,109","9,309","2,456"
Locality: 087 HENRICO COUNTY,0219,219 - RANDOLPH,346,17,363,3,,,91,"226,822","9,407","236,229","1,799",490,434,133,"5,636,494","314,875","5,951,369","92,172","23,109","9,309","2,456"
Locality: 087 HENRICO COUNTY,0220,220 - RATCLIFFE,"3,861",181,"4,042",30,2,2,91,"226,822","9,407","236,229","1,799",490,434,133,"5,636,494","314,875","5,951,369","92,172","23,109","9,309","2,456"
Locality: 087 HENRICO COUNTY,0221,221 - STRATFORD HALL,454,16,470,1,,,91,"226,822","9,407","236,229","1,799",490,434,133,"5,636,494","314,875","5,951,369","92,172","23,109","9,309","2,456"
Locality: 087 HENRICO COUNTY,0222,222 - WILDER,"2,028",57,"2,085",19,4,2,91,"226,822","9,407","236,229","1,799",490,434,133,"5,636,494","314,875","5,951,369","92,172","23,109","9,309","2,456"
Locality: 087 HENRICO COUNTY,0223,223 - YELLOW TAVERN,"4,000",204,"4,204",33,5,10,91,"226,822","9,407","236,229","1,799",490,434,133,"5,636,494","314,875","5,951,369","92,172","23,109","9,309","2,456"
Locality: 087 HENRICO COUNTY,0224,224 - ESSEX VILLAGE,"1,105",81,"1,186",8,,,91,"226,822","9,407","236,229","1,799",490,434,133,"5,636,494","314,875","5,951,369","92,172","23,109","9,309","2,456"
Locality: 087 HENRICO COUNTY,0301,301 - CAUSEWAY,"2,594",153,"2,747",17,12,5,91,"226,822","9,407","236,229","1,799",490,434,133,"5,636,494","314,875","5,951,369","92,172","23,109","9,309","2,456"
Locality: 087 HENRICO COUNTY,0302,302 - CEDARFIELD,"2,680",64,"2,744",11,10,11,91,"226,822","9,407","236,229","1,799",490,434,133,"5,636,494","314,875","5,951,369","92,172","23,109","9,309","2,456"
Locality: 087 HENRICO COUNTY,0303,303 - INNSBROOK,"3,146",130,"3,276",17,7,5,91,"226,822","9,407","236,229","1,799",490,434,133,"5,636,494","314,875","5,951,369","92,172","23,109","9,309","2,456"
Locality: 087 HENRICO COUNTY,0304,304 - JACKSON DAVIS,"1,824",57,"1,881",12,7,12,91,"226,822","9,407","236,229","1,799",490,434,133,"5,636,494","314,875","5,951,369","92,172","23,109","9,309","2,456"
Locality: 087 HENRICO COUNTY,0305,305 - NUCKOLS FARM,"3,576",106,"3,682",20,12,5,91,"226,822","9,407","236,229","1,799",490,434,133,"5,636,494","314,875","5,951,369","92,172","23,109","9,309","2,456"
Locality: 087 HENRICO COUNTY,0306,306 - POCAHONTAS,"3,047",185,"3,232",20,14,16,91,"226,822","9,407","236,229","1,799",490,434,133,"5,636,494","314,875","5,951,369","92,172","23,109","9,309","2,456"
Locality: 087 HENRICO COUNTY,0307,307 - RIDGE,"1,618",64,"1,682",13,3,5,91,"226,822","9,407","236,229","1,799",490,434,133,"5,636,494","314,875","5,951,369","92,172","23,109","9,309","2,456"
Locality: 087 HENRICO COUNTY,0308,308 - RIVERS EDGE,"3,303",129,"3,432",15,7,4,91,"226,822","9,407","236,229","1,799",490,434,133,"5,636,494","314,875","5,951,369","92,172","23,109","9,309","2,456"
Locality: 087 HENRICO COUNTY,0309,309 - SADLER,"3,490",124,"3,614",16,15,9,91,"226,822","9,407","236,229","1,799",490,434,133,"5,636,494","314,875","5,951,369","92,172","23,109","9,309","2,456"
Locality: 087 HENRICO COUNTY,0310,310 - SHADY GROVE,"3,645",127,"3,772",30,19,17,91,"226,822","9,407","236,229","1,799",490,434,133,"5,636,494","314,875","5,951,369","92,172","23,109","9,309","2,456"
Locality: 087 HENRICO COUNTY,0311,311 - SHORT PUMP,"2,211",74,"2,285",13,6,5,91,"226,822","9,407","236,229","1,799",490,434,133,"5,636,494","314,875","5,951,369","92,172","23,109","9,309","2,456"
Locality: 087 HENRICO COUNTY,0312,312 - SPRINGFIELD,"2,139",139,"2,278",18,4,2,91,"226,822","9,407","236,229","1,799",490,434,133,"5,636,494","314,875","5,951,369","92,172","23,109","9,309","2,456"
Locality: 087 HENRICO COUNTY,0313,313 - STONEY RUN,"4,019",151,"4,170",31,16,14,91,"226,822","9,407","236,229","1,799",490,434,133,"5,636,494","314,875","5,951,369","92,172","23,109","9,309","2,456"
Locality: 087 HENRICO COUNTY,0314,314 - THREE CHOPT,"3,029",131,"3,160",23,7,6,91,"226,822","9,407","236,229","1,799",490,434,133,"5,636,494","314,875","5,951,369","92,172","23,109","9,309","2,456"
Locality: 087 HENRICO COUNTY,0315,315 - TUCKER,"3,938",344,"4,282",47,7,3,91,"226,822","9,407","236,229","1,799",490,434,133,"5,636,494","314,875","5,951,369","92,172","23,109","9,309","2,456"
Locality: 087 HENRICO COUNTY,0316,316 - COLONIAL TRAIL,"2,628",195,"2,823",17,10,6,91,"226,822","9,407","236,229","1,799",490,434,133,"5,636,494","314,875","5,951,369","92,172","23,109","9,309","2,456"
Locality: 087 HENRICO COUNTY,0401,401 - QUIOCCASIN ,"3,047",112,"3,159",24,12,14,91,"226,822","9,407","236,229","1,799",490,434,133,"5,636,494","314,875","5,951,369","92,172","23,109","9,309","2,456"
Locality: 087 HENRICO COUNTY,0402,402 - CRESTVIEW,"2,603",147,"2,750",24,4,13,91,"226,822","9,407","236,229","1,799",490,434,133,"5,636,494","314,875","5,951,369","92,172","23,109","9,309","2,456"
Locality: 087 HENRICO COUNTY,0403,403 - DERBYSHIRE,"1,950",51,"2,001",10,8,2,91,"226,822","9,407","236,229","1,799",490,434,133,"5,636,494","314,875","5,951,369","92,172","23,109","9,309","2,456"
Locality: 087 HENRICO COUNTY,0404,404 - FREEMAN,"1,778",72,"1,850",6,8,8,91,"226,822","9,407","236,229","1,799",490,434,133,"5,636,494","314,875","5,951,369","92,172","23,109","9,309","2,456"
Locality: 087 HENRICO COUNTY,0405,405 - GAYTON,"3,250",94,"3,344",23,19,5,91,"226,822","9,407","236,229","1,799",490,434,133,"5,636,494","314,875","5,951,369","92,172","23,109","9,309","2,456"
Locality: 087 HENRICO COUNTY,0406,406 - GODWIN,"2,361",86,"2,447",15,6,7,91,"226,822","9,407","236,229","1,799",490,434,133,"5,636,494","314,875","5,951,369","92,172","23,109","9,309","2,456"
Locality: 087 HENRICO COUNTY,0407,407 - LAKEWOOD,"2,192",96,"2,288",12,4,3,91,"226,822","9,407","236,229","1,799",490,434,133,"5,636,494","314,875","5,951,369","92,172","23,109","9,309","2,456"
Locality: 087 HENRICO COUNTY,0408,408 - LAUDERDALE,"2,728",119,"2,847",27,,4,91,"226,822","9,407","236,229","1,799",490,434,133,"5,636,494","314,875","5,951,369","92,172","23,109","9,309","2,456"
Locality: 087 HENRICO COUNTY,0409,409 - MAYBEURY,"2,574",101,"2,675",23,16,7,91,"226,822","9,407","236,229","1,799",490,434,133,"5,636,494","314,875","5,951,369","92,172","23,109","9,309","2,456"
Locality: 087 HENRICO COUNTY,0410,410 - MOORELAND,"1,707",49,"1,756",7,15,5,91,"226,822","9,407","236,229","1,799",490,434,133,"5,636,494","314,875","5,951,369","92,172","23,109","9,309","2,456"
Locality: 087 HENRICO COUNTY,0411,411 - PEMBERTON,"2,623",128,"2,751",45,5,8,91,"226,822","9,407","236,229","1,799",490,434,133,"5,636,494","314,875","5,951,369","92,172","23,109","9,309","2,456"
Locality: 087 HENRICO COUNTY,0412,412 - PINCHBECK,"3,278",167,"3,445",41,1,9,91,"226,822","9,407","236,229","1,799",490,434,133,"5,636,494","314,875","5,951,369","92,172","23,109","9,309","2,456"
Locality: 087 HENRICO COUNTY,0413,413 - RIDGEFIELD,"3,301",113,"3,414",24,8,13,91,"226,822","9,407","236,229","1,799",490,434,133,"5,636,494","314,875","5,951,369","92,172","23,109","9,309","2,456"
Locality: 087 HENRICO COUNTY,0414,414 - ROLLINGWOOD,"1,923",37,"1,960",14,15,6,91,"226,822","9,407","236,229","1,799",490,434,133,"5,636,494","314,875","5,951,369","92,172","23,109","9,309","2,456"
Locality: 087 HENRICO COUNTY,0415,415 - SKIPWITH,"1,660",79,"1,739",23,4,3,91,"226,822","9,407","236,229","1,799",490,434,133,"5,636,494","314,875","5,951,369","92,172","23,109","9,309","2,456"
Locality: 087 HENRICO COUNTY,0416,416 - SPOTTSWOOD,"1,120",28,"1,148",5,2,5,91,"226,822","9,407","236,229","1,799",490,434,133,"5,636,494","314,875","5,951,369","92,172","23,109","9,309","2,456"
Locality: 087 HENRICO COUNTY,0417,417 - TUCKAHOE,"3,730",94,"3,824",16,24,31,91,"226,822","9,407","236,229","1,799",490,434,133,"5,636,494","314,875","5,951,369","92,172","23,109","9,309","2,456"
Locality: 087 HENRICO COUNTY,0418,418 - WELBORNE,"2,149",162,"2,311",11,6,3,91,"226,822","9,407","236,229","1,799",490,434,133,"5,636,494","314,875","5,951,369","92,172","23,109","9,309","2,456"
Locality: 087 HENRICO COUNTY,0419,419 - WEST END,"2,680",110,"2,790",18,12,4,91,"226,822","9,407","236,229","1,799",490,434,133,"5,636,494","314,875","5,951,369","92,172","23,109","9,309","2,456"
Locality: 087 HENRICO COUNTY,0501,501 - ANTIOCH,"1,952",45,"1,997",16,,1,91,"226,822","9,407","236,229","1,799",490,434,133,"5,636,494","314,875","5,951,369","92,172","23,109","9,309","2,456"
Locality: 087 HENRICO COUNTY,0502,502 - CEDAR FORK,"1,487",45,"1,532",8,,1,91,"226,822","9,407","236,229","1,799",490,434,133,"5,636,494","314,875","5,951,369","92,172","23,109","9,309","2,456"
Locality: 087 HENRICO COUNTY,0503,503 - CHICKAHOMINY,"2,624",59,"2,683",22,1,,91,"226,822","9,407","236,229","1,799",490,434,133,"5,636,494","314,875","5,951,369","92,172","23,109","9,309","2,456"
Locality: 087 HENRICO COUNTY,0504,504 - DONAHOE,"1,990",63,"2,053",21,1,,91,"226,822","9,407","236,229","1,799",490,434,133,"5,636,494","314,875","5,951,369","92,172","23,109","9,309","2,456"
Locality: 087 HENRICO COUNTY,0505,505 - DOREY,"2,952",95,"3,047",36,4,1,91,"226,822","9,407","236,229","1,799",490,434,133,"5,636,494","314,875","5,951,369","92,172","23,109","9,309","2,456"
Locality: 087 HENRICO COUNTY,0506,506 - EANES,"3,318",145,"3,463",29,7,4,91,"226,822","9,407","236,229","1,799",490,434,133,"5,636,494","314,875","5,951,369","92,172","23,109","9,309","2,456"
Locality: 087 HENRICO COUNTY,0507,507 - ELKO,744,20,764,6,,2,91,"226,822","9,407","236,229","1,799",490,434,133,"5,636,494","314,875","5,951,369","92,172","23,109","9,309","2,456"
Locality: 087 HENRICO COUNTY,0508,508 - HIGHLAND SPRINGS,"2,464",103,"2,567",18,2,1,91,"226,822","9,407","236,229","1,799",490,434,133,"5,636,494","314,875","5,951,369","92,172","23,109","9,309","2,456"
Locality: 087 HENRICO COUNTY,0509,509 - LABURNUM,"2,483",147,"2,630",22,,,91,"226,822","9,407","236,229","1,799",490,434,133,"5,636,494","314,875","5,951,369","92,172","23,109","9,309","2,456"
Locality: 087 HENRICO COUNTY,0510,510 - MEHFOUD,"2,217",71,"2,288",29,1,2,91,"226,822","9,407","236,229","1,799",490,434,133,"5,636,494","314,875","5,951,369","92,172","23,109","9,309","2,456"
Locality: 087 HENRICO COUNTY,0511,511 - MONTROSE,"4,734",174,"4,908",36,2,3,91,"226,822","9,407","236,229","1,799",490,434,133,"5,636,494","314,875","5,951,369","92,172","23,109","9,309","2,456"
Locality: 087 HENRICO COUNTY,0512,512 - NINE MILE,"1,439",54,"1,493",10,3,1,91,"226,822","9,407","236,229","1,799",490,434,133,"5,636,494","314,875","5,951,369","92,172","23,109","9,309","2,456"
Locality: 087 HENRICO COUNTY,0513,513 - PLEASANTS,"3,470",183,"3,653",25,1,,91,"226,822","9,407","236,229","1,799",490,434,133,"5,636,494","314,875","5,951,369","92,172","23,109","9,309","2,456"
Locality: 087 HENRICO COUNTY,0514,514 - ROLFE,"3,491",144,"3,635",41,4,1,91,"226,822","9,407","236,229","1,799",490,434,133,"5,636,494","314,875","5,951,369","92,172","23,109","9,309","2,456"
Locality: 087 HENRICO COUNTY,0515,515 - SANDSTON,"2,269",94,"2,363",22,,2,91,"226,822","9,407","236,229","1,799",490,434,133,"5,636,494","314,875","5,951,369","92,172","23,109","9,309","2,456"
Locality: 087 HENRICO COUNTY,0516,516 - SULLIVANS,"3,622",133,"3,755",23,2,1,91,"226,822","9,407","236,229","1,799",490,434,133,"5,636,494","314,875","5,951,369","92,172","23,109","9,309","2,456"
Locality: 087 HENRICO COUNTY,0517,517 - TOWN HALL,997,29,"1,026",8,1,1,91,"226,822","9,407","236,229","1,799",490,434,133,"5,636,494","314,875","5,951,369","92,172","23,109","9,309","2,456"
Locality: 087 HENRICO COUNTY,0518,518 - WHITLOCKS,"2,242",68,"2,310",22,4,,91,"226,822","9,407","236,229","1,799",490,434,133,"5,636,494","314,875","5,951,369","92,172","23,109","9,309","2,456"
Locality: 089 HENRY COUNTY,0101,101 - BASSETT NUMBER TWO,862,32,894,5,1,,24,"34,985",991,"35,976",257,20,13,133,"5,636,494","314,875","5,951,369","92,172","23,109","9,309","2,456"
Locality: 089 HENRY COUNTY,0102,102 - GUNVILLE,"1,675",60,"1,735",10,,,24,"34,985",991,"35,976",257,20,13,133,"5,636,494","314,875","5,951,369","92,172","23,109","9,309","2,456"
Locality: 089 HENRY COUNTY,0103,103 - SCOTT'S TANYARD,"2,653",56,"2,709",14,1,,24,"34,985",991,"35,976",257,20,13,133,"5,636,494","314,875","5,951,369","92,172","23,109","9,309","2,456"
Locality: 089 HENRY COUNTY,0201,201 - FIELDALE,984,18,"1,002",10,,,24,"34,985",991,"35,976",257,20,13,133,"5,636,494","314,875","5,951,369","92,172","23,109","9,309","2,456"
Locality: 089 HENRY COUNTY,0202,202 - HORSEPASTURE #1,"1,687",52,"1,739",14,1,,24,"34,985",991,"35,976",257,20,13,133,"5,636,494","314,875","5,951,369","92,172","23,109","9,309","2,456"
Locality: 089 HENRY COUNTY,0203,203 - HORSEPASTURE #2,"1,453",37,"1,490",10,1,,24,"34,985",991,"35,976",257,20,13,133,"5,636,494","314,875","5,951,369","92,172","23,109","9,309","2,456"
Locality: 089 HENRY COUNTY,0204,204 - SPENCER,"1,787",34,"1,821",11,1,,24,"34,985",991,"35,976",257,20,13,133,"5,636,494","314,875","5,951,369","92,172","23,109","9,309","2,456"
Locality: 089 HENRY COUNTY,0302,302 - AXTON,"1,131",24,"1,155",8,,,24,"34,985",991,"35,976",257,20,13,133,"5,636,494","314,875","5,951,369","92,172","23,109","9,309","2,456"
Locality: 089 HENRY COUNTY,0303,303 - IRISBURG,"2,137",52,"2,189",20,,2,24,"34,985",991,"35,976",257,20,13,133,"5,636,494","314,875","5,951,369","92,172","23,109","9,309","2,456"
Locality: 089 HENRY COUNTY,0304,304 - MOUNT OLIVET,"2,050",50,"2,100",13,2,1,24,"34,985",991,"35,976",257,20,13,133,"5,636,494","314,875","5,951,369","92,172","23,109","9,309","2,456"
Locality: 089 HENRY COUNTY,0305,305 - MOUNTAIN VALLEY,"1,023",26,"1,049",6,,,24,"34,985",991,"35,976",257,20,13,133,"5,636,494","314,875","5,951,369","92,172","23,109","9,309","2,456"
Locality: 089 HENRY COUNTY,0401,401 - COLLINSVILLE NUMBER 1,"1,154",37,"1,191",5,,,24,"34,985",991,"35,976",257,20,13,133,"5,636,494","314,875","5,951,369","92,172","23,109","9,309","2,456"
Locality: 089 HENRY COUNTY,0402,402 - DANIELS CREEK,"1,422",61,"1,483",11,,1,24,"34,985",991,"35,976",257,20,13,133,"5,636,494","314,875","5,951,369","92,172","23,109","9,309","2,456"
Locality: 089 HENRY COUNTY,0404,404 - COLLINSVILLE NUMBER 2,"2,126",74,"2,200",7,5,1,24,"34,985",991,"35,976",257,20,13,133,"5,636,494","314,875","5,951,369","92,172","23,109","9,309","2,456"
Locality: 089 HENRY COUNTY,0405,405 - MOUNTAIN VIEW,"1,092",41,"1,133",2,,4,24,"34,985",991,"35,976",257,20,13,133,"5,636,494","314,875","5,951,369","92,172","23,109","9,309","2,456"
Locality: 089 HENRY COUNTY,0501,501 - BASSETT NUMBER ONE,"1,012",37,"1,049",7,1,1,24,"34,985",991,"35,976",257,20,13,133,"5,636,494","314,875","5,951,369","92,172","23,109","9,309","2,456"
Locality: 089 HENRY COUNTY,0502,502 - FIGSBORO,"1,246",28,"1,274",13,1,,24,"34,985",991,"35,976",257,20,13,133,"5,636,494","314,875","5,951,369","92,172","23,109","9,309","2,456"
Locality: 089 HENRY COUNTY,0503,503 - STANLEYTOWN,"2,039",78,"2,117",27,1,1,24,"34,985",991,"35,976",257,20,13,133,"5,636,494","314,875","5,951,369","92,172","23,109","9,309","2,456"
Locality: 089 HENRY COUNTY,0504,504 - OAK LEVEL,725,17,742,7,,,24,"34,985",991,"35,976",257,20,13,133,"5,636,494","314,875","5,951,369","92,172","23,109","9,309","2,456"
Locality: 089 HENRY COUNTY,0505,505 - DYERS STORE,757,17,774,9,,,24,"34,985",991,"35,976",257,20,13,133,"5,636,494","314,875","5,951,369","92,172","23,109","9,309","2,456"
Locality: 089 HENRY COUNTY,0601,601 - FONTAINE,"1,662",43,"1,705",12,2,2,24,"34,985",991,"35,976",257,20,13,133,"5,636,494","314,875","5,951,369","92,172","23,109","9,309","2,456"
Locality: 089 HENRY COUNTY,0602,602 - HILLCREST,813,26,839,7,,,24,"34,985",991,"35,976",257,20,13,133,"5,636,494","314,875","5,951,369","92,172","23,109","9,309","2,456"
Locality: 089 HENRY COUNTY,0603,603 - RIDGEWAY #1,"2,093",46,"2,139",19,3,,24,"34,985",991,"35,976",257,20,13,133,"5,636,494","314,875","5,951,369","92,172","23,109","9,309","2,456"
Locality: 089 HENRY COUNTY,0604,604 - RIDGEWAY #2,"1,402",45,"1,447",10,,,24,"34,985",991,"35,976",257,20,13,133,"5,636,494","314,875","5,951,369","92,172","23,109","9,309","2,456"
Locality: 091 HIGHLAND COUNTY,0001,001 - MONTEREY,622,9,631,1,,,6,"1,855",25,"1,880",10,2,,133,"5,636,494","314,875","5,951,369","92,172","23,109","9,309","2,456"
Locality: 091 HIGHLAND COUNTY,0003,003 - WILSONS MILL,142,3,145,1,2,,6,"1,855",25,"1,880",10,2,,133,"5,636,494","314,875","5,951,369","92,172","23,109","9,309","2,456"
Locality: 091 HIGHLAND COUNTY,0005,005 - BLUE GRASS,350,6,356,3,,,6,"1,855",25,"1,880",10,2,,133,"5,636,494","314,875","5,951,369","92,172","23,109","9,309","2,456"
Locality: 091 HIGHLAND COUNTY,0007,007 - MILL GAP,212,1,213,2,,,6,"1,855",25,"1,880",10,2,,133,"5,636,494","314,875","5,951,369","92,172","23,109","9,309","2,456"
Locality: 091 HIGHLAND COUNTY,0008,008 - MCDOWELL,400,4,404,2,,,6,"1,855",25,"1,880",10,2,,133,"5,636,494","314,875","5,951,369","92,172","23,109","9,309","2,456"
Locality: 091 HIGHLAND COUNTY,0010,010 - HEADWATERS,129,2,131,1,,,6,"1,855",25,"1,880",10,2,,133,"5,636,494","314,875","5,951,369","92,172","23,109","9,309","2,456"
Locality: 093 ISLE OF WIGHT COUNTY,0101,101 - SMITHFIELD,"3,331",94,"3,425",88,7,9,14,"29,101","1,041","30,142",745,45,23,133,"5,636,494","314,875","5,951,369","92,172","23,109","9,309","2,456"
Locality: 093 ISLE OF WIGHT COUNTY,0102,102 - CYPRESS CREEK,"2,787",146,"2,933",82,5,3,14,"29,101","1,041","30,142",745,45,23,133,"5,636,494","314,875","5,951,369","92,172","23,109","9,309","2,456"
Locality: 093 ISLE OF WIGHT COUNTY,0201,201 - BARTLETT,"3,435",122,"3,557",123,8,,14,"29,101","1,041","30,142",745,45,23,133,"5,636,494","314,875","5,951,369","92,172","23,109","9,309","2,456"
Locality: 093 ISLE OF WIGHT COUNTY,0202,202 - CARROLLTON,"3,710",218,"3,928",148,4,2,14,"29,101","1,041","30,142",745,45,23,133,"5,636,494","314,875","5,951,369","92,172","23,109","9,309","2,456"
Locality: 093 ISLE OF WIGHT COUNTY,0301,301 - RUSHMERE,"2,373",68,"2,441",33,3,5,14,"29,101","1,041","30,142",745,45,23,133,"5,636,494","314,875","5,951,369","92,172","23,109","9,309","2,456"
Locality: 093 ISLE OF WIGHT COUNTY,0302,302 - PONS,"2,697",64,"2,761",48,1,1,14,"29,101","1,041","30,142",745,45,23,133,"5,636,494","314,875","5,951,369","92,172","23,109","9,309","2,456"
Locality: 093 ISLE OF WIGHT COUNTY,0401,401 - COURTHOUSE,"1,114",21,"1,135",13,1,,14,"29,101","1,041","30,142",745,45,23,133,"5,636,494","314,875","5,951,369","92,172","23,109","9,309","2,456"
Locality: 093 ISLE OF WIGHT COUNTY,0402,402 - WINDSOR,"2,282",79,"2,361",40,,,14,"29,101","1,041","30,142",745,45,23,133,"5,636,494","314,875","5,951,369","92,172","23,109","9,309","2,456"
Locality: 093 ISLE OF WIGHT COUNTY,0403,403 - LONGVIEW,"2,356",64,"2,420",90,9,2,14,"29,101","1,041","30,142",745,45,23,133,"5,636,494","314,875","5,951,369","92,172","23,109","9,309","2,456"
Locality: 093 ISLE OF WIGHT COUNTY,0501,501 - WALTERS,"1,156",29,"1,185",15,1,,14,"29,101","1,041","30,142",745,45,23,133,"5,636,494","314,875","5,951,369","92,172","23,109","9,309","2,456"
Locality: 093 ISLE OF WIGHT COUNTY,0502,502 - CAMPS MILL,552,33,585,4,,,14,"29,101","1,041","30,142",745,45,23,133,"5,636,494","314,875","5,951,369","92,172","23,109","9,309","2,456"
Locality: 093 ISLE OF WIGHT COUNTY,0503,503 - CARRSVILLE,870,30,900,11,3,,14,"29,101","1,041","30,142",745,45,23,133,"5,636,494","314,875","5,951,369","92,172","23,109","9,309","2,456"
Locality: 093 ISLE OF WIGHT COUNTY,0504,504 - ZUNI,"1,599",57,"1,656",32,3,1,14,"29,101","1,041","30,142",745,45,23,133,"5,636,494","314,875","5,951,369","92,172","23,109","9,309","2,456"
Locality: 093 ISLE OF WIGHT COUNTY,0505,505 - RAYNOR,839,16,855,18,,,14,"29,101","1,041","30,142",745,45,23,133,"5,636,494","314,875","5,951,369","92,172","23,109","9,309","2,456"
Locality: 095 JAMES CITY COUNTY,0101,101 - BERKELEY A,"3,441",153,"3,594",74,14,15,19,"59,329","2,632","61,961","1,250",198,118,133,"5,636,494","314,875","5,951,369","92,172","23,109","9,309","2,456"
Locality: 095 JAMES CITY COUNTY,0102,102 - BERKELEY B,"2,462",95,"2,557",59,9,2,19,"59,329","2,632","61,961","1,250",198,118,133,"5,636,494","314,875","5,951,369","92,172","23,109","9,309","2,456"
Locality: 095 JAMES CITY COUNTY,0103,103 - BERKELEY C,"4,963",197,"5,160",81,12,11,19,"59,329","2,632","61,961","1,250",198,118,133,"5,636,494","314,875","5,951,369","92,172","23,109","9,309","2,456"
Locality: 095 JAMES CITY COUNTY,0104,104- BERKELEY D,"1,291",68,"1,359",26,5,4,19,"59,329","2,632","61,961","1,250",198,118,133,"5,636,494","314,875","5,951,369","92,172","23,109","9,309","2,456"
Locality: 095 JAMES CITY COUNTY,0201,201 - JAMESTOWN A,"1,148",67,"1,215",20,4,5,19,"59,329","2,632","61,961","1,250",198,118,133,"5,636,494","314,875","5,951,369","92,172","23,109","9,309","2,456"
Locality: 095 JAMES CITY COUNTY,0202,202 - JAMESTOWN B,"4,003",296,"4,299",74,12,7,19,"59,329","2,632","61,961","1,250",198,118,133,"5,636,494","314,875","5,951,369","92,172","23,109","9,309","2,456"
Locality: 095 JAMES CITY COUNTY,0203,203 - JAMESTOWN C,"2,937",178,"3,115",80,17,8,19,"59,329","2,632","61,961","1,250",198,118,133,"5,636,494","314,875","5,951,369","92,172","23,109","9,309","2,456"
Locality: 095 JAMES CITY COUNTY,0204,204 - JAMESTOWN D,"3,788",138,"3,926",67,13,11,19,"59,329","2,632","61,961","1,250",198,118,133,"5,636,494","314,875","5,951,369","92,172","23,109","9,309","2,456"
Locality: 095 JAMES CITY COUNTY,0301,301 - POWHATAN A,"4,255",157,"4,412",93,17,7,19,"59,329","2,632","61,961","1,250",198,118,133,"5,636,494","314,875","5,951,369","92,172","23,109","9,309","2,456"
Locality: 095 JAMES CITY COUNTY,0302,302 - POWHATAN B,"1,394",61,"1,455",40,1,,19,"59,329","2,632","61,961","1,250",198,118,133,"5,636,494","314,875","5,951,369","92,172","23,109","9,309","2,456"
Locality: 095 JAMES CITY COUNTY,0303,303 - POWHATAN C,"1,605",43,"1,648",21,2,1,19,"59,329","2,632","61,961","1,250",198,118,133,"5,636,494","314,875","5,951,369","92,172","23,109","9,309","2,456"
Locality: 095 JAMES CITY COUNTY,0304,304 - POWHATAN D,"3,725",225,"3,950",100,7,4,19,"59,329","2,632","61,961","1,250",198,118,133,"5,636,494","314,875","5,951,369","92,172","23,109","9,309","2,456"
Locality: 095 JAMES CITY COUNTY,0401,401 - STONEHOUSE A,"4,329",186,"4,515",124,11,,19,"59,329","2,632","61,961","1,250",198,118,133,"5,636,494","314,875","5,951,369","92,172","23,109","9,309","2,456"
Locality: 095 JAMES CITY COUNTY,0402,402 - STONEHOUSE B,"5,925",205,"6,130",99,18,5,19,"59,329","2,632","61,961","1,250",198,118,133,"5,636,494","314,875","5,951,369","92,172","23,109","9,309","2,456"
Locality: 095 JAMES CITY COUNTY,0403,403 - STONEHOUSE C,"3,744",102,"3,846",97,16,4,19,"59,329","2,632","61,961","1,250",198,118,133,"5,636,494","314,875","5,951,369","92,172","23,109","9,309","2,456"
Locality: 095 JAMES CITY COUNTY,0501,501 - ROBERTS A,"1,990",147,"2,137",44,2,1,19,"59,329","2,632","61,961","1,250",198,118,133,"5,636,494","314,875","5,951,369","92,172","23,109","9,309","2,456"
Locality: 095 JAMES CITY COUNTY,0502,502 - ROBERTS B,"3,887",127,"4,014",60,25,20,19,"59,329","2,632","61,961","1,250",198,118,133,"5,636,494","314,875","5,951,369","92,172","23,109","9,309","2,456"
Locality: 095 JAMES CITY COUNTY,0503,503 - ROBERTS C,795,57,852,17,1,3,19,"59,329","2,632","61,961","1,250",198,118,133,"5,636,494","314,875","5,951,369","92,172","23,109","9,309","2,456"
Locality: 095 JAMES CITY COUNTY,0504,504 - ROBERTS D,"3,647",130,"3,777",74,12,10,19,"59,329","2,632","61,961","1,250",198,118,133,"5,636,494","314,875","5,951,369","92,172","23,109","9,309","2,456"
Locality: 097 KING & QUEEN COUNTY,0101,101 - OWENTON,"1,009",23,"1,032",2,,,5,"5,151",149,"5,300",28,3,2,133,"5,636,494","314,875","5,951,369","92,172","23,109","9,309","2,456"
Locality: 097 KING & QUEEN COUNTY,0201,201 - CLARKS,"1,041",23,"1,064",6,1,,5,"5,151",149,"5,300",28,3,2,133,"5,636,494","314,875","5,951,369","92,172","23,109","9,309","2,456"
Locality: 097 KING & QUEEN COUNTY,0301,301 - SHACKLEFORDS,"1,033",40,"1,073",8,1,,5,"5,151",149,"5,300",28,3,2,133,"5,636,494","314,875","5,951,369","92,172","23,109","9,309","2,456"
Locality: 097 KING & QUEEN COUNTY,0401,401 - COURTHOUSE,"1,112",31,"1,143",10,1,1,5,"5,151",149,"5,300",28,3,2,133,"5,636,494","314,875","5,951,369","92,172","23,109","9,309","2,456"
Locality: 097 KING & QUEEN COUNTY,0501,501 - OLDMILL,956,32,988,2,,1,5,"5,151",149,"5,300",28,3,2,133,"5,636,494","314,875","5,951,369","92,172","23,109","9,309","2,456"
Locality: 099 KING GEORGE COUNTY,0101,101 - COURTHOUSE,"3,442",160,"3,602",83,7,1,5,"18,125",755,"18,880",467,30,16,133,"5,636,494","314,875","5,951,369","92,172","23,109","9,309","2,456"
Locality: 099 KING GEORGE COUNTY,0102,102 - PASSAPATANZY,"1,567",51,"1,618",24,2,1,5,"18,125",755,"18,880",467,30,16,133,"5,636,494","314,875","5,951,369","92,172","23,109","9,309","2,456"
Locality: 099 KING GEORGE COUNTY,0201,201 - MONROE,"4,456",182,"4,638",133,8,10,5,"18,125",755,"18,880",467,30,16,133,"5,636,494","314,875","5,951,369","92,172","23,109","9,309","2,456"
Locality: 099 KING GEORGE COUNTY,0301,301 - DAHLGREN,"4,084",235,"4,319",148,8,2,5,"18,125",755,"18,880",467,30,16,133,"5,636,494","314,875","5,951,369","92,172","23,109","9,309","2,456"
Locality: 099 KING GEORGE COUNTY,0401,401 - SHILOH,"4,576",127,"4,703",79,5,2,5,"18,125",755,"18,880",467,30,16,133,"5,636,494","314,875","5,951,369","92,172","23,109","9,309","2,456"
Locality: 101 KING WILLIAM COUNTY,0101,101 - WEST POINT,"2,294",129,"2,423",28,2,4,6,"13,082",420,"13,502",104,5,10,133,"5,636,494","314,875","5,951,369","92,172","23,109","9,309","2,456"
Locality: 101 KING WILLIAM COUNTY,0201,201 - SWEET HALL,895,37,932,9,,,6,"13,082",420,"13,502",104,5,10,133,"5,636,494","314,875","5,951,369","92,172","23,109","9,309","2,456"
Locality: 101 KING WILLIAM COUNTY,0202,202 - COURTHOUSE,"1,706",41,"1,747",15,,1,6,"13,082",420,"13,502",104,5,10,133,"5,636,494","314,875","5,951,369","92,172","23,109","9,309","2,456"
Locality: 101 KING WILLIAM COUNTY,0301,301 - AYLETT,"2,654",64,"2,718",16,,3,6,"13,082",420,"13,502",104,5,10,133,"5,636,494","314,875","5,951,369","92,172","23,109","9,309","2,456"
Locality: 101 KING WILLIAM COUNTY,0401,401 - MANQUIN,"2,847",79,"2,926",18,2,1,6,"13,082",420,"13,502",104,5,10,133,"5,636,494","314,875","5,951,369","92,172","23,109","9,309","2,456"
Locality: 101 KING WILLIAM COUNTY,0501,501 - MANGOHICK,"2,686",70,"2,756",18,1,1,6,"13,082",420,"13,502",104,5,10,133,"5,636,494","314,875","5,951,369","92,172","23,109","9,309","2,456"
Locality: 103 LANCASTER COUNTY,0101,101 - PRECINCT 1-1,"1,765",72,"1,837",8,3,1,6,"8,786",255,"9,041",49,14,21,133,"5,636,494","314,875","5,951,369","92,172","23,109","9,309","2,456"
Locality: 103 LANCASTER COUNTY,0201,201 - PRECINCT 2-1,"1,612",47,"1,659",10,2,1,6,"8,786",255,"9,041",49,14,21,133,"5,636,494","314,875","5,951,369","92,172","23,109","9,309","2,456"
Locality: 103 LANCASTER COUNTY,0301,301 - PRECINCT 3-1,"1,303",31,"1,334",10,1,2,6,"8,786",255,"9,041",49,14,21,133,"5,636,494","314,875","5,951,369","92,172","23,109","9,309","2,456"
Locality: 103 LANCASTER COUNTY,0302,302 - PRECINCT 3-2,622,17,639,,1,4,6,"8,786",255,"9,041",49,14,21,133,"5,636,494","314,875","5,951,369","92,172","23,109","9,309","2,456"
Locality: 103 LANCASTER COUNTY,0401,401 - PRECINCT 4-1,"1,560",32,"1,592",9,3,1,6,"8,786",255,"9,041",49,14,21,133,"5,636,494","314,875","5,951,369","92,172","23,109","9,309","2,456"
Locality: 103 LANCASTER COUNTY,0501,501 - PRECINCT 5-1,"1,924",56,"1,980",12,4,12,6,"8,786",255,"9,041",49,14,21,133,"5,636,494","314,875","5,951,369","92,172","23,109","9,309","2,456"
Locality: 105 LEE COUNTY,0101,101 - ELYDALE,824,40,864,5,1,,16,"14,722",503,"15,225",61,3,4,133,"5,636,494","314,875","5,951,369","92,172","23,109","9,309","2,456"
Locality: 105 LEE COUNTY,0102,102 - EWING,797,39,836,5,1,,16,"14,722",503,"15,225",61,3,4,133,"5,636,494","314,875","5,951,369","92,172","23,109","9,309","2,456"
Locality: 105 LEE COUNTY,0103,103 - ROSE HILL,"1,468",63,"1,531",2,,,16,"14,722",503,"15,225",61,3,4,133,"5,636,494","314,875","5,951,369","92,172","23,109","9,309","2,456"
Locality: 105 LEE COUNTY,0201,201 - BLACKWATER,270,13,283,1,,,16,"14,722",503,"15,225",61,3,4,133,"5,636,494","314,875","5,951,369","92,172","23,109","9,309","2,456"
Locality: 105 LEE COUNTY,0202,202 - FLATWOODS,"1,074",33,"1,107",5,,,16,"14,722",503,"15,225",61,3,4,133,"5,636,494","314,875","5,951,369","92,172","23,109","9,309","2,456"
Locality: 105 LEE COUNTY,0203,203 - JONESVILLE,"1,744",64,"1,808",6,,2,16,"14,722",503,"15,225",61,3,4,133,"5,636,494","314,875","5,951,369","92,172","23,109","9,309","2,456"
Locality: 105 LEE COUNTY,0301,301 - BEN HUR,"1,794",57,"1,851",9,1,,16,"14,722",503,"15,225",61,3,4,133,"5,636,494","314,875","5,951,369","92,172","23,109","9,309","2,456"
Locality: 105 LEE COUNTY,0302,302 - WOODWAY,"1,166",40,"1,206",6,,1,16,"14,722",503,"15,225",61,3,4,133,"5,636,494","314,875","5,951,369","92,172","23,109","9,309","2,456"
Locality: 105 LEE COUNTY,0401,401 - STICKLEYVILLE,659,18,677,1,,,16,"14,722",503,"15,225",61,3,4,133,"5,636,494","314,875","5,951,369","92,172","23,109","9,309","2,456"
Locality: 105 LEE COUNTY,0402,402 - JASPER,491,16,507,3,,,16,"14,722",503,"15,225",61,3,4,133,"5,636,494","314,875","5,951,369","92,172","23,109","9,309","2,456"
Locality: 105 LEE COUNTY,0403,403 - SEMINARY,604,17,621,2,,,16,"14,722",503,"15,225",61,3,4,133,"5,636,494","314,875","5,951,369","92,172","23,109","9,309","2,456"
Locality: 105 LEE COUNTY,0404,404 - DRYDEN,"1,234",28,"1,262",8,,1,16,"14,722",503,"15,225",61,3,4,133,"5,636,494","314,875","5,951,369","92,172","23,109","9,309","2,456"
Locality: 105 LEE COUNTY,0501,501 - SAINT CHARLES,694,21,715,1,,,16,"14,722",503,"15,225",61,3,4,133,"5,636,494","314,875","5,951,369","92,172","23,109","9,309","2,456"
Locality: 105 LEE COUNTY,0502,502 - PENNINGTON,"1,437",43,"1,480",6,,,16,"14,722",503,"15,225",61,3,4,133,"5,636,494","314,875","5,951,369","92,172","23,109","9,309","2,456"
Locality: 105 LEE COUNTY,0503,503 - ROBBINS CHAPEL,193,4,197,,,,16,"14,722",503,"15,225",61,3,4,133,"5,636,494","314,875","5,951,369","92,172","23,109","9,309","2,456"
Locality: 105 LEE COUNTY,0504,504 - KEOKEE,273,7,280,1,,,16,"14,722",503,"15,225",61,3,4,133,"5,636,494","314,875","5,951,369","92,172","23,109","9,309","2,456"
Locality: 107 LOUDOUN COUNTY,0107,107 - LITTLE RIVER,"2,989",107,"3,096",29,17,5,98,"269,435","12,884","282,319","2,313","1,876",661,133,"5,636,494","314,875","5,951,369","92,172","23,109","9,309","2,456"
Locality: 107 LOUDOUN COUNTY,0108,108 - MERCER,"2,860",115,"2,975",39,9,3,98,"269,435","12,884","282,319","2,313","1,876",661,133,"5,636,494","314,875","5,951,369","92,172","23,109","9,309","2,456"
Locality: 107 LOUDOUN COUNTY,0112,112 - FREEDOM,"2,498",99,"2,597",25,15,7,98,"269,435","12,884","282,319","2,313","1,876",661,133,"5,636,494","314,875","5,951,369","92,172","23,109","9,309","2,456"
Locality: 107 LOUDOUN COUNTY,0114,114 - DULLES SOUTH,"3,022",96,"3,118",34,11,4,98,"269,435","12,884","282,319","2,313","1,876",661,133,"5,636,494","314,875","5,951,369","92,172","23,109","9,309","2,456"
Locality: 107 LOUDOUN COUNTY,0117,117 - CARTER,"1,609",127,"1,736",13,5,14,98,"269,435","12,884","282,319","2,313","1,876",661,133,"5,636,494","314,875","5,951,369","92,172","23,109","9,309","2,456"
Locality: 107 LOUDOUN COUNTY,0118,118 - MOOREFIELD,"3,466",211,"3,677",32,16,6,98,"269,435","12,884","282,319","2,313","1,876",661,133,"5,636,494","314,875","5,951,369","92,172","23,109","9,309","2,456"
Locality: 107 LOUDOUN COUNTY,0119,119 - ARCOLA,"2,579",148,"2,727",30,9,3,98,"269,435","12,884","282,319","2,313","1,876",661,133,"5,636,494","314,875","5,951,369","92,172","23,109","9,309","2,456"
Locality: 107 LOUDOUN COUNTY,0120,120 - LUNSFORD,"3,500",137,"3,637",33,15,2,98,"269,435","12,884","282,319","2,313","1,876",661,133,"5,636,494","314,875","5,951,369","92,172","23,109","9,309","2,456"
Locality: 107 LOUDOUN COUNTY,0121,121 - TOWN HALL,"1,823",114,"1,937",13,8,2,98,"269,435","12,884","282,319","2,313","1,876",661,133,"5,636,494","314,875","5,951,369","92,172","23,109","9,309","2,456"
Locality: 107 LOUDOUN COUNTY,0122,122 - HUTCHISON FARM,"3,413",129,"3,542",19,22,12,98,"269,435","12,884","282,319","2,313","1,876",661,133,"5,636,494","314,875","5,951,369","92,172","23,109","9,309","2,456"
Locality: 107 LOUDOUN COUNTY,0123,123 - CARDINAL RIDGE,"1,757",69,"1,826",19,7,5,98,"269,435","12,884","282,319","2,313","1,876",661,133,"5,636,494","314,875","5,951,369","92,172","23,109","9,309","2,456"
Locality: 107 LOUDOUN COUNTY,0124,124 - LIBERTY,"2,505",138,"2,643",29,28,4,98,"269,435","12,884","282,319","2,313","1,876",661,133,"5,636,494","314,875","5,951,369","92,172","23,109","9,309","2,456"
Locality: 107 LOUDOUN COUNTY,0125,125 - ROCK RIDGE,"2,711",69,"2,780",9,21,10,98,"269,435","12,884","282,319","2,313","1,876",661,133,"5,636,494","314,875","5,951,369","92,172","23,109","9,309","2,456"
Locality: 107 LOUDOUN COUNTY,0126,126-GOSHEN POST,"3,113",150,"3,263",37,18,5,98,"269,435","12,884","282,319","2,313","1,876",661,133,"5,636,494","314,875","5,951,369","92,172","23,109","9,309","2,456"
Locality: 107 LOUDOUN COUNTY,0207,207 - RIVER BEND,"1,800",64,"1,864",13,12,4,98,"269,435","12,884","282,319","2,313","1,876",661,133,"5,636,494","314,875","5,951,369","92,172","23,109","9,309","2,456"
Locality: 107 LOUDOUN COUNTY,0208,208 - ALGONKIAN,"1,854",112,"1,966",18,16,6,98,"269,435","12,884","282,319","2,313","1,876",661,133,"5,636,494","314,875","5,951,369","92,172","23,109","9,309","2,456"
Locality: 107 LOUDOUN COUNTY,0209,209 - POTOMAC FALLS,"2,798",120,"2,918",23,29,6,98,"269,435","12,884","282,319","2,313","1,876",661,133,"5,636,494","314,875","5,951,369","92,172","23,109","9,309","2,456"
Locality: 107 LOUDOUN COUNTY,0210,210 - CASCADES,"3,507",230,"3,737",36,34,14,98,"269,435","12,884","282,319","2,313","1,876",661,133,"5,636,494","314,875","5,951,369","92,172","23,109","9,309","2,456"
Locality: 107 LOUDOUN COUNTY,0213,213 - COUNTRYSIDE,"1,156",87,"1,243",8,13,4,98,"269,435","12,884","282,319","2,313","1,876",661,133,"5,636,494","314,875","5,951,369","92,172","23,109","9,309","2,456"
Locality: 107 LOUDOUN COUNTY,0214,214 - SUGARLAND NORTH,"3,417",133,"3,550",28,28,11,98,"269,435","12,884","282,319","2,313","1,876",661,133,"5,636,494","314,875","5,951,369","92,172","23,109","9,309","2,456"
Locality: 107 LOUDOUN COUNTY,0215,215 - SUGARLAND SOUTH,"3,077",136,"3,213",28,21,5,98,"269,435","12,884","282,319","2,313","1,876",661,133,"5,636,494","314,875","5,951,369","92,172","23,109","9,309","2,456"
Locality: 107 LOUDOUN COUNTY,0216,216 - LOWES ISLAND,"2,694",115,"2,809",21,32,7,98,"269,435","12,884","282,319","2,313","1,876",661,133,"5,636,494","314,875","5,951,369","92,172","23,109","9,309","2,456"
Locality: 107 LOUDOUN COUNTY,0217,217 - SOUTH BANK,"3,273",148,"3,421",18,23,19,98,"269,435","12,884","282,319","2,313","1,876",661,133,"5,636,494","314,875","5,951,369","92,172","23,109","9,309","2,456"
Locality: 107 LOUDOUN COUNTY,0218,218 - UNIVERSITY CENTER,"2,632",238,"2,870",26,21,11,98,"269,435","12,884","282,319","2,313","1,876",661,133,"5,636,494","314,875","5,951,369","92,172","23,109","9,309","2,456"
Locality: 107 LOUDOUN COUNTY,0219,219 - GALILEE CHURCH,"2,454",159,"2,613",16,12,8,98,"269,435","12,884","282,319","2,313","1,876",661,133,"5,636,494","314,875","5,951,369","92,172","23,109","9,309","2,456"
Locality: 107 LOUDOUN COUNTY,0301,301 - PURCELLVILLE,"3,404",163,"3,567",35,19,4,98,"269,435","12,884","282,319","2,313","1,876",661,133,"5,636,494","314,875","5,951,369","92,172","23,109","9,309","2,456"
Locality: 107 LOUDOUN COUNTY,0302,302 - ROUND HILL,"2,861",135,"2,996",29,17,6,98,"269,435","12,884","282,319","2,313","1,876",661,133,"5,636,494","314,875","5,951,369","92,172","23,109","9,309","2,456"
Locality: 107 LOUDOUN COUNTY,0303,303 - HILLSBORO,"2,657",113,"2,770",19,17,4,98,"269,435","12,884","282,319","2,313","1,876",661,133,"5,636,494","314,875","5,951,369","92,172","23,109","9,309","2,456"
Locality: 107 LOUDOUN COUNTY,0305,305 - PHILOMONT,"1,314",46,"1,360",19,5,8,98,"269,435","12,884","282,319","2,313","1,876",661,133,"5,636,494","314,875","5,951,369","92,172","23,109","9,309","2,456"
Locality: 107 LOUDOUN COUNTY,0307,307 - MIDDLEBURG,"1,375",65,"1,440",9,7,10,98,"269,435","12,884","282,319","2,313","1,876",661,133,"5,636,494","314,875","5,951,369","92,172","23,109","9,309","2,456"
Locality: 107 LOUDOUN COUNTY,0308,308 - ST LOUIS,"1,435",56,"1,491",5,12,4,98,"269,435","12,884","282,319","2,313","1,876",661,133,"5,636,494","314,875","5,951,369","92,172","23,109","9,309","2,456"
Locality: 107 LOUDOUN COUNTY,0309,309 - ALDIE,"1,019",35,"1,054",5,4,3,98,"269,435","12,884","282,319","2,313","1,876",661,133,"5,636,494","314,875","5,951,369","92,172","23,109","9,309","2,456"
Locality: 107 LOUDOUN COUNTY,0310,310 - MOUNTAIN VIEW,"3,899",195,"4,094",41,22,3,98,"269,435","12,884","282,319","2,313","1,876",661,133,"5,636,494","314,875","5,951,369","92,172","23,109","9,309","2,456"
Locality: 107 LOUDOUN COUNTY,0311,311 - ROUND HILL ELEMENTARY,"3,339",122,"3,461",30,17,3,98,"269,435","12,884","282,319","2,313","1,876",661,133,"5,636,494","314,875","5,951,369","92,172","23,109","9,309","2,456"
Locality: 107 LOUDOUN COUNTY,0312,312 - BRIAR WOODS,"3,287",156,"3,443",29,33,12,98,"269,435","12,884","282,319","2,313","1,876",661,133,"5,636,494","314,875","5,951,369","92,172","23,109","9,309","2,456"
Locality: 107 LOUDOUN COUNTY,0313,313 - PINEBROOK,"3,662",107,"3,769",33,26,6,98,"269,435","12,884","282,319","2,313","1,876",661,133,"5,636,494","314,875","5,951,369","92,172","23,109","9,309","2,456"
Locality: 107 LOUDOUN COUNTY,0314,314 - LEGACY,"2,881",140,"3,021",24,18,8,98,"269,435","12,884","282,319","2,313","1,876",661,133,"5,636,494","314,875","5,951,369","92,172","23,109","9,309","2,456"
Locality: 107 LOUDOUN COUNTY,0315,315 - FIREHOUSE,964,34,998,13,7,3,98,"269,435","12,884","282,319","2,313","1,876",661,133,"5,636,494","314,875","5,951,369","92,172","23,109","9,309","2,456"
Locality: 107 LOUDOUN COUNTY,0316,316 - CREIGHTON'S CORNER,"3,988",261,"4,249",53,46,6,98,"269,435","12,884","282,319","2,313","1,876",661,133,"5,636,494","314,875","5,951,369","92,172","23,109","9,309","2,456"
Locality: 107 LOUDOUN COUNTY,0318,318 - MADISON'S TRUST,"4,245",127,"4,372",34,26,3,98,"269,435","12,884","282,319","2,313","1,876",661,133,"5,636,494","314,875","5,951,369","92,172","23,109","9,309","2,456"
Locality: 107 LOUDOUN COUNTY,0319,319 - JOHN CHAMPE,"5,623",150,"5,773",47,19,3,98,"269,435","12,884","282,319","2,313","1,876",661,133,"5,636,494","314,875","5,951,369","92,172","23,109","9,309","2,456"
Locality: 107 LOUDOUN COUNTY,0320,320 - STONE HILL,"4,949",186,"5,135",43,29,6,98,"269,435","12,884","282,319","2,313","1,876",661,133,"5,636,494","314,875","5,951,369","92,172","23,109","9,309","2,456"
Locality: 107 LOUDOUN COUNTY,0321,321 - BRAMBLETON MIDDLE,"2,069",103,"2,172",17,19,3,98,"269,435","12,884","282,319","2,313","1,876",661,133,"5,636,494","314,875","5,951,369","92,172","23,109","9,309","2,456"
Locality: 107 LOUDOUN COUNTY,0322,322-BUFFALO TRAIL,"2,526",72,"2,598",25,7,3,98,"269,435","12,884","282,319","2,313","1,876",661,133,"5,636,494","314,875","5,951,369","92,172","23,109","9,309","2,456"
Locality: 107 LOUDOUN COUNTY,0401,401 - WEST LOVETTSVILLE,"3,825",147,"3,972",43,19,4,98,"269,435","12,884","282,319","2,313","1,876",661,133,"5,636,494","314,875","5,951,369","92,172","23,109","9,309","2,456"
Locality: 107 LOUDOUN COUNTY,0402,402 - WATERFORD,"3,254",141,"3,395",35,22,16,98,"269,435","12,884","282,319","2,313","1,876",661,133,"5,636,494","314,875","5,951,369","92,172","23,109","9,309","2,456"
Locality: 107 LOUDOUN COUNTY,0403,403 - LUCKETTS,"3,869",164,"4,033",41,40,11,98,"269,435","12,884","282,319","2,313","1,876",661,133,"5,636,494","314,875","5,951,369","92,172","23,109","9,309","2,456"
Locality: 107 LOUDOUN COUNTY,0407,407 - HARPER PARK,"2,019",83,"2,102",12,14,5,98,"269,435","12,884","282,319","2,313","1,876",661,133,"5,636,494","314,875","5,951,369","92,172","23,109","9,309","2,456"
Locality: 107 LOUDOUN COUNTY,0408,408 - EVERGREEN,"4,100",161,"4,261",35,24,7,98,"269,435","12,884","282,319","2,313","1,876",661,133,"5,636,494","314,875","5,951,369","92,172","23,109","9,309","2,456"
Locality: 107 LOUDOUN COUNTY,0409,409 - CLARKES GAP,"3,282",106,"3,388",28,23,12,98,"269,435","12,884","282,319","2,313","1,876",661,133,"5,636,494","314,875","5,951,369","92,172","23,109","9,309","2,456"
Locality: 107 LOUDOUN COUNTY,0411,411 - EAST LOVETTSVILLE,"2,381",92,"2,473",22,15,6,98,"269,435","12,884","282,319","2,313","1,876",661,133,"5,636,494","314,875","5,951,369","92,172","23,109","9,309","2,456"
Locality: 107 LOUDOUN COUNTY,0413,413 - TUSCARORA,155,6,161,1,,1,98,"269,435","12,884","282,319","2,313","1,876",661,133,"5,636,494","314,875","5,951,369","92,172","23,109","9,309","2,456"
Locality: 107 LOUDOUN COUNTY,0414,414 - RED ROCK,"1,780",76,"1,856",6,11,2,98,"269,435","12,884","282,319","2,313","1,876",661,133,"5,636,494","314,875","5,951,369","92,172","23,109","9,309","2,456"
Locality: 107 LOUDOUN COUNTY,0416,416 - HAMILTON,"3,583",146,"3,729",24,23,6,98,"269,435","12,884","282,319","2,313","1,876",661,133,"5,636,494","314,875","5,951,369","92,172","23,109","9,309","2,456"
Locality: 107 LOUDOUN COUNTY,0420,420 - RIVER CREEK,"2,947",137,"3,084",20,21,24,98,"269,435","12,884","282,319","2,313","1,876",661,133,"5,636,494","314,875","5,951,369","92,172","23,109","9,309","2,456"
Locality: 107 LOUDOUN COUNTY,0421,421 - BETWEEN THE HILLS,365,34,399,2,3,,98,"269,435","12,884","282,319","2,313","1,876",661,133,"5,636,494","314,875","5,951,369","92,172","23,109","9,309","2,456"
Locality: 107 LOUDOUN COUNTY,0422,422 - SYCOLIN CREEK,"2,359",105,"2,464",20,10,4,98,"269,435","12,884","282,319","2,313","1,876",661,133,"5,636,494","314,875","5,951,369","92,172","23,109","9,309","2,456"
Locality: 107 LOUDOUN COUNTY,0501,501 - WEST LEESBURG,"2,980",145,"3,125",25,23,16,98,"269,435","12,884","282,319","2,313","1,876",661,133,"5,636,494","314,875","5,951,369","92,172","23,109","9,309","2,456"
Locality: 107 LOUDOUN COUNTY,0502,502 - EAST LEESBURG,"3,494",232,"3,726",30,21,12,98,"269,435","12,884","282,319","2,313","1,876",661,133,"5,636,494","314,875","5,951,369","92,172","23,109","9,309","2,456"
Locality: 107 LOUDOUN COUNTY,0503,503 - DRY MILL,"1,522",44,"1,566",9,13,6,98,"269,435","12,884","282,319","2,313","1,876",661,133,"5,636,494","314,875","5,951,369","92,172","23,109","9,309","2,456"
Locality: 107 LOUDOUN COUNTY,0504,504 - SMARTS MILL,"3,382",159,"3,541",35,17,13,98,"269,435","12,884","282,319","2,313","1,876",661,133,"5,636,494","314,875","5,951,369","92,172","23,109","9,309","2,456"
Locality: 107 LOUDOUN COUNTY,0505,505 - COOL SPRING,"3,214",145,"3,359",36,22,8,98,"269,435","12,884","282,319","2,313","1,876",661,133,"5,636,494","314,875","5,951,369","92,172","23,109","9,309","2,456"
Locality: 107 LOUDOUN COUNTY,0506,506 - BRANDON PARK,"1,981",179,"2,160",10,10,2,98,"269,435","12,884","282,319","2,313","1,876",661,133,"5,636,494","314,875","5,951,369","92,172","23,109","9,309","2,456"
Locality: 107 LOUDOUN COUNTY,0507,507 - GREENWAY,"1,625",86,"1,711",11,15,10,98,"269,435","12,884","282,319","2,313","1,876",661,133,"5,636,494","314,875","5,951,369","92,172","23,109","9,309","2,456"
Locality: 107 LOUDOUN COUNTY,0508,508 - BALLS BLUFF,"3,054",144,"3,198",31,22,8,98,"269,435","12,884","282,319","2,313","1,876",661,133,"5,636,494","314,875","5,951,369","92,172","23,109","9,309","2,456"
Locality: 107 LOUDOUN COUNTY,0509,509 - TOLBERT,"4,055",225,"4,280",36,17,5,98,"269,435","12,884","282,319","2,313","1,876",661,133,"5,636,494","314,875","5,951,369","92,172","23,109","9,309","2,456"
Locality: 107 LOUDOUN COUNTY,0510,510 - HERITAGE,"1,895",67,"1,962",12,9,1,98,"269,435","12,884","282,319","2,313","1,876",661,133,"5,636,494","314,875","5,951,369","92,172","23,109","9,309","2,456"
Locality: 107 LOUDOUN COUNTY,0615,615 - HILLSIDE,"2,810",128,"2,938",24,34,5,98,"269,435","12,884","282,319","2,313","1,876",661,133,"5,636,494","314,875","5,951,369","92,172","23,109","9,309","2,456"
Locality: 107 LOUDOUN COUNTY,0616,616 - EAGLE RIDGE,"3,178",119,"3,297",23,28,5,98,"269,435","12,884","282,319","2,313","1,876",661,133,"5,636,494","314,875","5,951,369","92,172","23,109","9,309","2,456"
Locality: 107 LOUDOUN COUNTY,0617,617 - OAK GROVE,"1,332",74,"1,406",9,6,,98,"269,435","12,884","282,319","2,313","1,876",661,133,"5,636,494","314,875","5,951,369","92,172","23,109","9,309","2,456"
Locality: 107 LOUDOUN COUNTY,0619,619 - RIDGETOP,"1,872",251,"2,123",22,12,7,98,"269,435","12,884","282,319","2,313","1,876",661,133,"5,636,494","314,875","5,951,369","92,172","23,109","9,309","2,456"
Locality: 107 LOUDOUN COUNTY,0620,620 - RUSSELL BRANCH,"3,335",184,"3,519",28,37,5,98,"269,435","12,884","282,319","2,313","1,876",661,133,"5,636,494","314,875","5,951,369","92,172","23,109","9,309","2,456"
Locality: 107 LOUDOUN COUNTY,0621,621 - DOMINION TRAIL,"3,755",160,"3,915",16,32,9,98,"269,435","12,884","282,319","2,313","1,876",661,133,"5,636,494","314,875","5,951,369","92,172","23,109","9,309","2,456"
Locality: 107 LOUDOUN COUNTY,0622,622 - FARMWELL STATION,"4,010",179,"4,189",30,34,7,98,"269,435","12,884","282,319","2,313","1,876",661,133,"5,636,494","314,875","5,951,369","92,172","23,109","9,309","2,456"
Locality: 107 LOUDOUN COUNTY,0623,623 - WELLER,"4,480",138,"4,618",22,25,5,98,"269,435","12,884","282,319","2,313","1,876",661,133,"5,636,494","314,875","5,951,369","92,172","23,109","9,309","2,456"
Locality: 107 LOUDOUN COUNTY,0625,625 - MILL RUN,"1,378",36,"1,414",21,4,4,98,"269,435","12,884","282,319","2,313","1,876",661,133,"5,636,494","314,875","5,951,369","92,172","23,109","9,309","2,456"
Locality: 107 LOUDOUN COUNTY,0626,626 - ASHBY PONDS,"1,748",20,"1,768",3,5,2,98,"269,435","12,884","282,319","2,313","1,876",661,133,"5,636,494","314,875","5,951,369","92,172","23,109","9,309","2,456"
Locality: 107 LOUDOUN COUNTY,0627,627 - ASHBROOK,"1,228",108,"1,336",8,8,8,98,"269,435","12,884","282,319","2,313","1,876",661,133,"5,636,494","314,875","5,951,369","92,172","23,109","9,309","2,456"
Locality: 107 LOUDOUN COUNTY,0628,628 - MOOREFIELD STATION,"4,290",369,"4,659",59,31,9,98,"269,435","12,884","282,319","2,313","1,876",661,133,"5,636,494","314,875","5,951,369","92,172","23,109","9,309","2,456"
Locality: 107 LOUDOUN COUNTY,0629,629 - DISCOVERY,"1,015",91,"1,106",6,5,1,98,"269,435","12,884","282,319","2,313","1,876",661,133,"5,636,494","314,875","5,951,369","92,172","23,109","9,309","2,456"
Locality: 107 LOUDOUN COUNTY,0701,701 - SULLY,"2,816",136,"2,952",24,17,2,98,"269,435","12,884","282,319","2,313","1,876",661,133,"5,636,494","314,875","5,951,369","92,172","23,109","9,309","2,456"
Locality: 107 LOUDOUN COUNTY,0702,702 - PARK VIEW,"2,528",124,"2,652",13,16,1,98,"269,435","12,884","282,319","2,313","1,876",661,133,"5,636,494","314,875","5,951,369","92,172","23,109","9,309","2,456"
Locality: 107 LOUDOUN COUNTY,0703,703 - ROLLING RIDGE,"2,875",201,"3,076",19,23,5,98,"269,435","12,884","282,319","2,313","1,876",661,133,"5,636,494","314,875","5,951,369","92,172","23,109","9,309","2,456"
Locality: 107 LOUDOUN COUNTY,0705,705 - FOREST GROVE,"3,551",220,"3,771",41,25,10,98,"269,435","12,884","282,319","2,313","1,876",661,133,"5,636,494","314,875","5,951,369","92,172","23,109","9,309","2,456"
Locality: 107 LOUDOUN COUNTY,0707,707 - CLAUDE MOORE PARK,"2,413",147,"2,560",27,26,8,98,"269,435","12,884","282,319","2,313","1,876",661,133,"5,636,494","314,875","5,951,369","92,172","23,109","9,309","2,456"
Locality: 107 LOUDOUN COUNTY,0708,708 - SENECA,"2,670",140,"2,810",21,29,11,98,"269,435","12,884","282,319","2,313","1,876",661,133,"5,636,494","314,875","5,951,369","92,172","23,109","9,309","2,456"
Locality: 107 LOUDOUN COUNTY,0709,709 - MIRROR RIDGE,"2,892",147,"3,039",28,22,9,98,"269,435","12,884","282,319","2,313","1,876",661,133,"5,636,494","314,875","5,951,369","92,172","23,109","9,309","2,456"
Locality: 107 LOUDOUN COUNTY,0710,710 - STERLING,"2,430",126,"2,556",29,19,8,98,"269,435","12,884","282,319","2,313","1,876",661,133,"5,636,494","314,875","5,951,369","92,172","23,109","9,309","2,456"
Locality: 107 LOUDOUN COUNTY,0808,808 - STONE BRIDGE,"3,599",166,"3,765",22,30,12,98,"269,435","12,884","282,319","2,313","1,876",661,133,"5,636,494","314,875","5,951,369","92,172","23,109","9,309","2,456"
Locality: 107 LOUDOUN COUNTY,0810,810 - CEDAR LANE,"2,935",151,"3,086",13,21,6,98,"269,435","12,884","282,319","2,313","1,876",661,133,"5,636,494","314,875","5,951,369","92,172","23,109","9,309","2,456"
Locality: 107 LOUDOUN COUNTY,0813,813 - SELDENS LANDING,"2,527",206,"2,733",19,16,5,98,"269,435","12,884","282,319","2,313","1,876",661,133,"5,636,494","314,875","5,951,369","92,172","23,109","9,309","2,456"
Locality: 107 LOUDOUN COUNTY,0814,814 - NEWTON - LEE,"3,414",171,"3,585",25,30,10,98,"269,435","12,884","282,319","2,313","1,876",661,133,"5,636,494","314,875","5,951,369","92,172","23,109","9,309","2,456"
Locality: 107 LOUDOUN COUNTY,0815,815 - BELMONT RIDGE,"3,634",125,"3,759",10,33,15,98,"269,435","12,884","282,319","2,313","1,876",661,133,"5,636,494","314,875","5,951,369","92,172","23,109","9,309","2,456"
Locality: 107 LOUDOUN COUNTY,0817,817 - SANDERS CORNER,"3,862",232,"4,094",38,37,7,98,"269,435","12,884","282,319","2,313","1,876",661,133,"5,636,494","314,875","5,951,369","92,172","23,109","9,309","2,456"
Locality: 107 LOUDOUN COUNTY,0818,818 - BROAD RUN,"2,512",105,"2,617",17,35,8,98,"269,435","12,884","282,319","2,313","1,876",661,133,"5,636,494","314,875","5,951,369","92,172","23,109","9,309","2,456"
Locality: 107 LOUDOUN COUNTY,0819,819 - HERITAGE CHURCH,"2,275",116,"2,391",27,15,7,98,"269,435","12,884","282,319","2,313","1,876",661,133,"5,636,494","314,875","5,951,369","92,172","23,109","9,309","2,456"
Locality: 107 LOUDOUN COUNTY,0820,820 - BELMONT STATION,"2,792",107,"2,899",26,28,8,98,"269,435","12,884","282,319","2,313","1,876",661,133,"5,636,494","314,875","5,951,369","92,172","23,109","9,309","2,456"
Locality: 107 LOUDOUN COUNTY,0822,822 - RIVERSIDE,"2,154",66,"2,220",13,7,8,98,"269,435","12,884","282,319","2,313","1,876",661,133,"5,636,494","314,875","5,951,369","92,172","23,109","9,309","2,456"
Locality: 109 LOUISA COUNTY,0101,101 - ZION,"3,207",99,"3,306",28,6,4,15,"27,391",786,"28,177",184,40,20,133,"5,636,494","314,875","5,951,369","92,172","23,109","9,309","2,456"
Locality: 109 LOUISA COUNTY,0102,102 - MECHANICSVILLE,"1,648",39,"1,687",13,2,2,15,"27,391",786,"28,177",184,40,20,133,"5,636,494","314,875","5,951,369","92,172","23,109","9,309","2,456"
Locality: 109 LOUISA COUNTY,0201,201 - LOUISA #1,"1,956",66,"2,022",18,2,1,15,"27,391",786,"28,177",184,40,20,133,"5,636,494","314,875","5,951,369","92,172","23,109","9,309","2,456"
Locality: 109 LOUISA COUNTY,0202,202 - LOUISA #2,"1,750",49,"1,799",13,7,1,15,"27,391",786,"28,177",184,40,20,133,"5,636,494","314,875","5,951,369","92,172","23,109","9,309","2,456"
Locality: 109 LOUISA COUNTY,0301,301 - PATRICK HENRY NO 1,"3,196",89,"3,285",16,6,2,15,"27,391",786,"28,177",184,40,20,133,"5,636,494","314,875","5,951,369","92,172","23,109","9,309","2,456"
Locality: 109 LOUISA COUNTY,0302,302 - PATRICK HENRY #2,834,31,865,6,,,15,"27,391",786,"28,177",184,40,20,133,"5,636,494","314,875","5,951,369","92,172","23,109","9,309","2,456"
Locality: 109 LOUISA COUNTY,0401,401 - MINERAL,"3,197",94,"3,291",25,2,,15,"27,391",786,"28,177",184,40,20,133,"5,636,494","314,875","5,951,369","92,172","23,109","9,309","2,456"
Locality: 109 LOUISA COUNTY,0402,402 - YANCEYVILLE,864,30,894,5,1,1,15,"27,391",786,"28,177",184,40,20,133,"5,636,494","314,875","5,951,369","92,172","23,109","9,309","2,456"
Locality: 109 LOUISA COUNTY,0501,501 - FREDERICKS HALL,"1,035",33,"1,068",4,,,15,"27,391",786,"28,177",184,40,20,133,"5,636,494","314,875","5,951,369","92,172","23,109","9,309","2,456"
Locality: 109 LOUISA COUNTY,0502,502 - CUCKOO,"1,389",43,"1,432",7,,2,15,"27,391",786,"28,177",184,40,20,133,"5,636,494","314,875","5,951,369","92,172","23,109","9,309","2,456"
Locality: 109 LOUISA COUNTY,0503,503 - ELK CREEK,"1,256",29,"1,285",8,10,,15,"27,391",786,"28,177",184,40,20,133,"5,636,494","314,875","5,951,369","92,172","23,109","9,309","2,456"
Locality: 109 LOUISA COUNTY,0601,601 - BUMPASS,"1,603",44,"1,647",11,1,,15,"27,391",786,"28,177",184,40,20,133,"5,636,494","314,875","5,951,369","92,172","23,109","9,309","2,456"
Locality: 109 LOUISA COUNTY,0602,602 - LOCUST CREEK,"1,914",38,"1,952",7,,2,15,"27,391",786,"28,177",184,40,20,133,"5,636,494","314,875","5,951,369","92,172","23,109","9,309","2,456"
Locality: 109 LOUISA COUNTY,0701,701 - SHELTONS MILL,"2,012",69,"2,081",10,1,5,15,"27,391",786,"28,177",184,40,20,133,"5,636,494","314,875","5,951,369","92,172","23,109","9,309","2,456"
Locality: 109 LOUISA COUNTY,0702,702 - SOUTH ANNA,"1,530",33,"1,563",13,2,,15,"27,391",786,"28,177",184,40,20,133,"5,636,494","314,875","5,951,369","92,172","23,109","9,309","2,456"
Locality: 111 LUNENBURG COUNTY,0101,101 - PLYMOUTH,979,29,"1,008",6,,1,11,"7,763",245,"8,008",54,3,2,133,"5,636,494","314,875","5,951,369","92,172","23,109","9,309","2,456"
Locality: 111 LUNENBURG COUNTY,0201,201 - BROWNS STORE,830,23,853,5,2,,11,"7,763",245,"8,008",54,3,2,133,"5,636,494","314,875","5,951,369","92,172","23,109","9,309","2,456"
Locality: 111 LUNENBURG COUNTY,0301,301 - ROSEBUD,570,15,585,3,,,11,"7,763",245,"8,008",54,3,2,133,"5,636,494","314,875","5,951,369","92,172","23,109","9,309","2,456"
Locality: 111 LUNENBURG COUNTY,0302,302 - FLAT ROCK,701,18,719,4,,,11,"7,763",245,"8,008",54,3,2,133,"5,636,494","314,875","5,951,369","92,172","23,109","9,309","2,456"
Locality: 111 LUNENBURG COUNTY,0401,401 - ARROWHEAD GUN CLUB,399,9,408,3,,,11,"7,763",245,"8,008",54,3,2,133,"5,636,494","314,875","5,951,369","92,172","23,109","9,309","2,456"
Locality: 111 LUNENBURG COUNTY,0402,402 - PLEASANT GROVE,852,35,887,8,,,11,"7,763",245,"8,008",54,3,2,133,"5,636,494","314,875","5,951,369","92,172","23,109","9,309","2,456"
Locality: 111 LUNENBURG COUNTY,0501,501 - REEDY CREEK,557,13,570,2,,,11,"7,763",245,"8,008",54,3,2,133,"5,636,494","314,875","5,951,369","92,172","23,109","9,309","2,456"
Locality: 111 LUNENBURG COUNTY,0502,502 - PEOPLES COMMUNITY CENTER,670,16,686,2,1,,11,"7,763",245,"8,008",54,3,2,133,"5,636,494","314,875","5,951,369","92,172","23,109","9,309","2,456"
Locality: 111 LUNENBURG COUNTY,0601,601 - HOUNDS CREEK,"1,043",41,"1,084",15,,,11,"7,763",245,"8,008",54,3,2,133,"5,636,494","314,875","5,951,369","92,172","23,109","9,309","2,456"
Locality: 111 LUNENBURG COUNTY,0701,701 - MEHERRIN FIRE DEPARTMENT,522,23,545,4,,,11,"7,763",245,"8,008",54,3,2,133,"5,636,494","314,875","5,951,369","92,172","23,109","9,309","2,456"
Locality: 111 LUNENBURG COUNTY,0702,702 - VICTORIA PUBLIC LIBRARY,640,23,663,2,,1,11,"7,763",245,"8,008",54,3,2,133,"5,636,494","314,875","5,951,369","92,172","23,109","9,309","2,456"
Locality: 113 MADISON COUNTY,0001,001 - OAK PARK,"1,180",42,"1,222",7,2,4,9,"9,863",274,"10,137",63,15,12,133,"5,636,494","314,875","5,951,369","92,172","23,109","9,309","2,456"
Locality: 113 MADISON COUNTY,0002,002 - RADIANT,"1,707",40,"1,747",14,3,,9,"9,863",274,"10,137",63,15,12,133,"5,636,494","314,875","5,951,369","92,172","23,109","9,309","2,456"
Locality: 113 MADISON COUNTY,0003,003 - ROCHELLE,801,20,821,2,1,,9,"9,863",274,"10,137",63,15,12,133,"5,636,494","314,875","5,951,369","92,172","23,109","9,309","2,456"
Locality: 113 MADISON COUNTY,0004,004 - GRAVES MILL,85,3,88,1,,1,9,"9,863",274,"10,137",63,15,12,133,"5,636,494","314,875","5,951,369","92,172","23,109","9,309","2,456"
Locality: 113 MADISON COUNTY,0005,005 - MADISON,"1,866",56,"1,922",9,2,3,9,"9,863",274,"10,137",63,15,12,133,"5,636,494","314,875","5,951,369","92,172","23,109","9,309","2,456"
Locality: 113 MADISON COUNTY,0006,006 - WOLFTOWN,"1,010",36,"1,046",12,3,,9,"9,863",274,"10,137",63,15,12,133,"5,636,494","314,875","5,951,369","92,172","23,109","9,309","2,456"
Locality: 113 MADISON COUNTY,0007,007 - BRIGHTWOOD,"1,856",46,"1,902",11,,1,9,"9,863",274,"10,137",63,15,12,133,"5,636,494","314,875","5,951,369","92,172","23,109","9,309","2,456"
Locality: 113 MADISON COUNTY,0008,008 - CRIGLERSVILLE,836,18,854,5,4,3,9,"9,863",274,"10,137",63,15,12,133,"5,636,494","314,875","5,951,369","92,172","23,109","9,309","2,456"
Locality: 113 MADISON COUNTY,0009,009 - ETLAN,522,13,535,2,,,9,"9,863",274,"10,137",63,15,12,133,"5,636,494","314,875","5,951,369","92,172","23,109","9,309","2,456"
Locality: 115 MATHEWS COUNTY,0001,001 - CHESAPEAKE,"1,580",72,"1,652",17,7,1,3,"6,918",292,"7,210",69,18,2,133,"5,636,494","314,875","5,951,369","92,172","23,109","9,309","2,456"
Locality: 115 MATHEWS COUNTY,0002,002 - WESTVILLE,"2,447",108,"2,555",19,7,,3,"6,918",292,"7,210",69,18,2,133,"5,636,494","314,875","5,951,369","92,172","23,109","9,309","2,456"
Locality: 115 MATHEWS COUNTY,0003,003 - PIANKATANK,"2,891",112,"3,003",33,4,1,3,"6,918",292,"7,210",69,18,2,133,"5,636,494","314,875","5,951,369","92,172","23,109","9,309","2,456"
Locality: 117 MECKLENBURG COUNTY,0101,101 - WRIGHTS STORE,772,22,794,11,1,,23,"21,740",742,"22,482",157,13,6,133,"5,636,494","314,875","5,951,369","92,172","23,109","9,309","2,456"
Locality: 117 MECKLENBURG COUNTY,0102,102 - PEARSONS STORE,289,7,296,,,,23,"21,740",742,"22,482",157,13,6,133,"5,636,494","314,875","5,951,369","92,172","23,109","9,309","2,456"
Locality: 117 MECKLENBURG COUNTY,0103,103 - SOUTH CLARKSVILLE,"1,397",42,"1,439",4,1,1,23,"21,740",742,"22,482",157,13,6,133,"5,636,494","314,875","5,951,369","92,172","23,109","9,309","2,456"
Locality: 117 MECKLENBURG COUNTY,0201,201 - BOYDTON,763,17,780,7,1,,23,"21,740",742,"22,482",157,13,6,133,"5,636,494","314,875","5,951,369","92,172","23,109","9,309","2,456"
Locality: 117 MECKLENBURG COUNTY,0202,202 - BLUESTONE SENIOR HIGH SCHOOL,348,6,354,,,,23,"21,740",742,"22,482",157,13,6,133,"5,636,494","314,875","5,951,369","92,172","23,109","9,309","2,456"
Locality: 117 MECKLENBURG COUNTY,0203,203 - CHASE CITY VFW POST,656,30,686,6,1,1,23,"21,740",742,"22,482",157,13,6,133,"5,636,494","314,875","5,951,369","92,172","23,109","9,309","2,456"
Locality: 117 MECKLENBURG COUNTY,0301,301 - BRACEY,"1,560",62,"1,622",11,,1,23,"21,740",742,"22,482",157,13,6,133,"5,636,494","314,875","5,951,369","92,172","23,109","9,309","2,456"
Locality: 117 MECKLENBURG COUNTY,0302,302 - LACROSSE,"1,043",25,"1,068",7,1,,23,"21,740",742,"22,482",157,13,6,133,"5,636,494","314,875","5,951,369","92,172","23,109","9,309","2,456"
Locality: 117 MECKLENBURG COUNTY,0401,401 - AMERICAN LEGION HALL,"2,266",85,"2,351",20,1,,23,"21,740",742,"22,482",157,13,6,133,"5,636,494","314,875","5,951,369","92,172","23,109","9,309","2,456"
Locality: 117 MECKLENBURG COUNTY,0402,402 - PARK VIEW MIDDLE SCHOOL,280,3,283,1,,,23,"21,740",742,"22,482",157,13,6,133,"5,636,494","314,875","5,951,369","92,172","23,109","9,309","2,456"
Locality: 117 MECKLENBURG COUNTY,0501,501 - SOUTH HILL,"2,544",96,"2,640",16,2,1,23,"21,740",742,"22,482",157,13,6,133,"5,636,494","314,875","5,951,369","92,172","23,109","9,309","2,456"
Locality: 117 MECKLENBURG COUNTY,0601,601 - BASKERVILLE,"1,037",57,"1,094",7,,,23,"21,740",742,"22,482",157,13,6,133,"5,636,494","314,875","5,951,369","92,172","23,109","9,309","2,456"
Locality: 117 MECKLENBURG COUNTY,0602,602 - UNION LEVEL,548,21,569,8,,,23,"21,740",742,"22,482",157,13,6,133,"5,636,494","314,875","5,951,369","92,172","23,109","9,309","2,456"
Locality: 117 MECKLENBURG COUNTY,0603,603 - SMITH CROSSROADS,374,9,383,3,,,23,"21,740",742,"22,482",157,13,6,133,"5,636,494","314,875","5,951,369","92,172","23,109","9,309","2,456"
Locality: 117 MECKLENBURG COUNTY,0604,604 - LAKE GASTON,654,35,689,12,1,,23,"21,740",742,"22,482",157,13,6,133,"5,636,494","314,875","5,951,369","92,172","23,109","9,309","2,456"
Locality: 117 MECKLENBURG COUNTY,0701,701 - CHASE CITY,"1,161",30,"1,191",7,1,,23,"21,740",742,"22,482",157,13,6,133,"5,636,494","314,875","5,951,369","92,172","23,109","9,309","2,456"
Locality: 117 MECKLENBURG COUNTY,0702,702 - SUNSHINE,879,26,905,2,,,23,"21,740",742,"22,482",157,13,6,133,"5,636,494","314,875","5,951,369","92,172","23,109","9,309","2,456"
Locality: 117 MECKLENBURG COUNTY,0801,801 - FINCHLEY,367,8,375,4,,,23,"21,740",742,"22,482",157,13,6,133,"5,636,494","314,875","5,951,369","92,172","23,109","9,309","2,456"
Locality: 117 MECKLENBURG COUNTY,0802,802 - BLUESTONE,"1,180",49,"1,229",10,1,1,23,"21,740",742,"22,482",157,13,6,133,"5,636,494","314,875","5,951,369","92,172","23,109","9,309","2,456"
Locality: 117 MECKLENBURG COUNTY,0803,803 - CHASE CITY ELEMENTARY SCHOOL,818,20,838,5,,,23,"21,740",742,"22,482",157,13,6,133,"5,636,494","314,875","5,951,369","92,172","23,109","9,309","2,456"
Locality: 117 MECKLENBURG COUNTY,0901,901 - AVERETT,291,5,296,2,,,23,"21,740",742,"22,482",157,13,6,133,"5,636,494","314,875","5,951,369","92,172","23,109","9,309","2,456"
Locality: 117 MECKLENBURG COUNTY,0902,902 - BUFFALO SPRINGS,525,10,535,2,,,23,"21,740",742,"22,482",157,13,6,133,"5,636,494","314,875","5,951,369","92,172","23,109","9,309","2,456"
Locality: 117 MECKLENBURG COUNTY,0903,903 - CLARKSVILLE,"1,988",77,"2,065",12,2,1,23,"21,740",742,"22,482",157,13,6,133,"5,636,494","314,875","5,951,369","92,172","23,109","9,309","2,456"
Locality: 119 MIDDLESEX COUNTY,0101,101 - SALUDA,597,23,620,10,3,,6,"8,362",242,"8,604",58,22,6,133,"5,636,494","314,875","5,951,369","92,172","23,109","9,309","2,456"
Locality: 119 MIDDLESEX COUNTY,0102,102 - URBANNA,936,43,979,,4,1,6,"8,362",242,"8,604",58,22,6,133,"5,636,494","314,875","5,951,369","92,172","23,109","9,309","2,456"
Locality: 119 MIDDLESEX COUNTY,0201,201 - NEW MARKET,"1,857",40,"1,897",7,6,,6,"8,362",242,"8,604",58,22,6,133,"5,636,494","314,875","5,951,369","92,172","23,109","9,309","2,456"
Locality: 119 MIDDLESEX COUNTY,0302,302 - CHURCH VIEW,"1,575",33,"1,608",10,1,1,6,"8,362",242,"8,604",58,22,6,133,"5,636,494","314,875","5,951,369","92,172","23,109","9,309","2,456"
Locality: 119 MIDDLESEX COUNTY,0401,401- HARMONY VILLAGE,"1,587",57,"1,644",13,5,3,6,"8,362",242,"8,604",58,22,6,133,"5,636,494","314,875","5,951,369","92,172","23,109","9,309","2,456"
Locality: 119 MIDDLESEX COUNTY,0501,501 - WILTON,"1,810",46,"1,856",18,3,1,6,"8,362",242,"8,604",58,22,6,133,"5,636,494","314,875","5,951,369","92,172","23,109","9,309","2,456"
Locality: 121 MONTGOMERY COUNTY,0101,101 - PRECINCT A-1,"2,663",130,"2,793",24,8,4,24,"56,715","4,220","60,935",416,172,108,133,"5,636,494","314,875","5,951,369","92,172","23,109","9,309","2,456"
Locality: 121 MONTGOMERY COUNTY,0102,102 - PRECINCT A-2,"2,413",280,"2,693",15,15,12,24,"56,715","4,220","60,935",416,172,108,133,"5,636,494","314,875","5,951,369","92,172","23,109","9,309","2,456"
Locality: 121 MONTGOMERY COUNTY,0103,103 - PRECINCT A-3,"3,619",259,"3,878",28,24,19,24,"56,715","4,220","60,935",416,172,108,133,"5,636,494","314,875","5,951,369","92,172","23,109","9,309","2,456"
Locality: 121 MONTGOMERY COUNTY,0201,201 - PRECINCT B-1,404,23,427,2,1,,24,"56,715","4,220","60,935",416,172,108,133,"5,636,494","314,875","5,951,369","92,172","23,109","9,309","2,456"
Locality: 121 MONTGOMERY COUNTY,0202,202 - PRECINCT B-2,"3,632",239,"3,871",27,7,3,24,"56,715","4,220","60,935",416,172,108,133,"5,636,494","314,875","5,951,369","92,172","23,109","9,309","2,456"
Locality: 121 MONTGOMERY COUNTY,0203,203 - PRECINCT B-3,"2,273",146,"2,419",18,,,24,"56,715","4,220","60,935",416,172,108,133,"5,636,494","314,875","5,951,369","92,172","23,109","9,309","2,456"
Locality: 121 MONTGOMERY COUNTY,0204,204 - PRECINCT B-4,"3,792",259,"4,051",31,5,4,24,"56,715","4,220","60,935",416,172,108,133,"5,636,494","314,875","5,951,369","92,172","23,109","9,309","2,456"
Locality: 121 MONTGOMERY COUNTY,0301,301 - PRECINCT C-1,"2,798",111,"2,909",18,3,,24,"56,715","4,220","60,935",416,172,108,133,"5,636,494","314,875","5,951,369","92,172","23,109","9,309","2,456"
Locality: 121 MONTGOMERY COUNTY,0302,302 - PRECINCT C-2,"2,456",78,"2,534",11,3,2,24,"56,715","4,220","60,935",416,172,108,133,"5,636,494","314,875","5,951,369","92,172","23,109","9,309","2,456"
Locality: 121 MONTGOMERY COUNTY,0303,303 - PRECINCT C-3,890,22,912,2,,,24,"56,715","4,220","60,935",416,172,108,133,"5,636,494","314,875","5,951,369","92,172","23,109","9,309","2,456"
Locality: 121 MONTGOMERY COUNTY,0304,304 - PRECINCT C-4,"2,879",178,"3,057",22,4,2,24,"56,715","4,220","60,935",416,172,108,133,"5,636,494","314,875","5,951,369","92,172","23,109","9,309","2,456"
Locality: 121 MONTGOMERY COUNTY,0401,401 - PRECINCT D-1,"1,498",75,"1,573",11,2,1,24,"56,715","4,220","60,935",416,172,108,133,"5,636,494","314,875","5,951,369","92,172","23,109","9,309","2,456"
Locality: 121 MONTGOMERY COUNTY,0402,402 - PRECINCT D-2,"2,304",34,"2,338",10,3,1,24,"56,715","4,220","60,935",416,172,108,133,"5,636,494","314,875","5,951,369","92,172","23,109","9,309","2,456"
Locality: 121 MONTGOMERY COUNTY,0403,403 - PRECINCT D-3,"2,134",71,"2,205",12,1,1,24,"56,715","4,220","60,935",416,172,108,133,"5,636,494","314,875","5,951,369","92,172","23,109","9,309","2,456"
Locality: 121 MONTGOMERY COUNTY,0404,404 - PRECINCT D-4,"1,079",8,"1,087",5,3,,24,"56,715","4,220","60,935",416,172,108,133,"5,636,494","314,875","5,951,369","92,172","23,109","9,309","2,456"
Locality: 121 MONTGOMERY COUNTY,0405,405 - PRECINCT D-5,"2,853",181,"3,034",22,1,2,24,"56,715","4,220","60,935",416,172,108,133,"5,636,494","314,875","5,951,369","92,172","23,109","9,309","2,456"
Locality: 121 MONTGOMERY COUNTY,0501,501 - PRECINCT E-1,"3,370",254,"3,624",21,10,5,24,"56,715","4,220","60,935",416,172,108,133,"5,636,494","314,875","5,951,369","92,172","23,109","9,309","2,456"
Locality: 121 MONTGOMERY COUNTY,0502,502 - PRECINCT E-2,"1,809",58,"1,867",11,1,2,24,"56,715","4,220","60,935",416,172,108,133,"5,636,494","314,875","5,951,369","92,172","23,109","9,309","2,456"
Locality: 121 MONTGOMERY COUNTY,0503,503 - PRECINCT E-3,923,377,"1,300",4,3,2,24,"56,715","4,220","60,935",416,172,108,133,"5,636,494","314,875","5,951,369","92,172","23,109","9,309","2,456"
Locality: 121 MONTGOMERY COUNTY,0601,601 - PRECINCT F-1,"3,063",279,"3,342",28,17,10,24,"56,715","4,220","60,935",416,172,108,133,"5,636,494","314,875","5,951,369","92,172","23,109","9,309","2,456"
Locality: 121 MONTGOMERY COUNTY,0602,602 - PRECINCT F-2,"2,883",359,"3,242",29,26,19,24,"56,715","4,220","60,935",416,172,108,133,"5,636,494","314,875","5,951,369","92,172","23,109","9,309","2,456"
Locality: 121 MONTGOMERY COUNTY,0603,603 - PRECINCT F-3,671,164,835,13,2,,24,"56,715","4,220","60,935",416,172,108,133,"5,636,494","314,875","5,951,369","92,172","23,109","9,309","2,456"
Locality: 121 MONTGOMERY COUNTY,0701,701 - PRECINCT G-1,"3,765",291,"4,056",34,26,12,24,"56,715","4,220","60,935",416,172,108,133,"5,636,494","314,875","5,951,369","92,172","23,109","9,309","2,456"
Locality: 121 MONTGOMERY COUNTY,0702,702 - PRECINCT G-2,"2,544",344,"2,888",18,7,7,24,"56,715","4,220","60,935",416,172,108,133,"5,636,494","314,875","5,951,369","92,172","23,109","9,309","2,456"
Locality: 125 NELSON COUNTY,0101,101 - ROCKFISH,"2,194",62,"2,256",11,3,7,9,"11,465",308,"11,773",64,19,27,133,"5,636,494","314,875","5,951,369","92,172","23,109","9,309","2,456"
Locality: 125 NELSON COUNTY,0201,201 - LOVINGSTON,"1,363",28,"1,391",7,3,1,9,"11,465",308,"11,773",64,19,27,133,"5,636,494","314,875","5,951,369","92,172","23,109","9,309","2,456"
Locality: 125 NELSON COUNTY,0202,202 - SCHUYLER,796,17,813,3,,2,9,"11,465",308,"11,773",64,19,27,133,"5,636,494","314,875","5,951,369","92,172","23,109","9,309","2,456"
Locality: 125 NELSON COUNTY,0301,301 - SHIPMAN,"1,798",48,"1,846",6,,1,9,"11,465",308,"11,773",64,19,27,133,"5,636,494","314,875","5,951,369","92,172","23,109","9,309","2,456"
Locality: 125 NELSON COUNTY,0302,302 - GLADSTONE,311,6,317,2,,,9,"11,465",308,"11,773",64,19,27,133,"5,636,494","314,875","5,951,369","92,172","23,109","9,309","2,456"
Locality: 125 NELSON COUNTY,0401,401 - ROSELAND,"1,927",50,"1,977",11,3,4,9,"11,465",308,"11,773",64,19,27,133,"5,636,494","314,875","5,951,369","92,172","23,109","9,309","2,456"
Locality: 125 NELSON COUNTY,0402,402 - MONTEBELLO,178,6,184,1,1,,9,"11,465",308,"11,773",64,19,27,133,"5,636,494","314,875","5,951,369","92,172","23,109","9,309","2,456"
Locality: 125 NELSON COUNTY,0501,501 - FABER,843,30,873,1,1,3,9,"11,465",308,"11,773",64,19,27,133,"5,636,494","314,875","5,951,369","92,172","23,109","9,309","2,456"
Locality: 125 NELSON COUNTY,0502,502 - NELLYSFORD,"2,055",61,"2,116",22,8,9,9,"11,465",308,"11,773",64,19,27,133,"5,636,494","314,875","5,951,369","92,172","23,109","9,309","2,456"
Locality: 127 NEW KENT COUNTY,0102,102 - TUNSTALL,810,25,835,10,1,,10,"17,613",416,"18,029",205,31,1,133,"5,636,494","314,875","5,951,369","92,172","23,109","9,309","2,456"
Locality: 127 NEW KENT COUNTY,0103,103 - SOUTHERN BRANCH,"2,519",39,"2,558",19,4,,10,"17,613",416,"18,029",205,31,1,133,"5,636,494","314,875","5,951,369","92,172","23,109","9,309","2,456"
Locality: 127 NEW KENT COUNTY,0201,201 - QUINTON,"2,306",62,"2,368",23,7,,10,"17,613",416,"18,029",205,31,1,133,"5,636,494","314,875","5,951,369","92,172","23,109","9,309","2,456"
Locality: 127 NEW KENT COUNTY,0202,202 - KENTWOOD,"1,503",29,"1,532",14,1,,10,"17,613",416,"18,029",205,31,1,133,"5,636,494","314,875","5,951,369","92,172","23,109","9,309","2,456"
Locality: 127 NEW KENT COUNTY,0301,301 - WATKINS,"1,841",26,"1,867",23,2,,10,"17,613",416,"18,029",205,31,1,133,"5,636,494","314,875","5,951,369","92,172","23,109","9,309","2,456"
Locality: 127 NEW KENT COUNTY,0302,302 - CUMBERLAND,"1,955",41,"1,996",27,2,,10,"17,613",416,"18,029",205,31,1,133,"5,636,494","314,875","5,951,369","92,172","23,109","9,309","2,456"
Locality: 127 NEW KENT COUNTY,0401,401 - PROVIDENCE FORGE,"2,523",80,"2,603",44,9,1,10,"17,613",416,"18,029",205,31,1,133,"5,636,494","314,875","5,951,369","92,172","23,109","9,309","2,456"
Locality: 127 NEW KENT COUNTY,0403,403 - MOUNTCASTLE,"1,016",35,"1,051",4,1,,10,"17,613",416,"18,029",205,31,1,133,"5,636,494","314,875","5,951,369","92,172","23,109","9,309","2,456"
Locality: 127 NEW KENT COUNTY,0501,501 - ELTHAM,"1,338",39,"1,377",15,,,10,"17,613",416,"18,029",205,31,1,133,"5,636,494","314,875","5,951,369","92,172","23,109","9,309","2,456"
Locality: 127 NEW KENT COUNTY,0502,502 - CHICKAHOMINY RIVER,"1,802",40,"1,842",26,4,,10,"17,613",416,"18,029",205,31,1,133,"5,636,494","314,875","5,951,369","92,172","23,109","9,309","2,456"
Locality: 131 NORTHAMPTON COUNTY,0101,101 - PRECINCT 1-1,"2,223",145,"2,368",27,15,3,5,"9,016",535,"9,551",82,26,10,133,"5,636,494","314,875","5,951,369","92,172","23,109","9,309","2,456"
Locality: 131 NORTHAMPTON COUNTY,0201,201 - PRECINCT 2-1,"1,755",98,"1,853",18,4,,5,"9,016",535,"9,551",82,26,10,133,"5,636,494","314,875","5,951,369","92,172","23,109","9,309","2,456"
Locality: 131 NORTHAMPTON COUNTY,0301,301 - PRECINCT 3-1,"1,561",95,"1,656",10,2,2,5,"9,016",535,"9,551",82,26,10,133,"5,636,494","314,875","5,951,369","92,172","23,109","9,309","2,456"
Locality: 131 NORTHAMPTON COUNTY,0401,401 - PRECINCT 4-1,"1,681",84,"1,765",10,5,3,5,"9,016",535,"9,551",82,26,10,133,"5,636,494","314,875","5,951,369","92,172","23,109","9,309","2,456"
Locality: 131 NORTHAMPTON COUNTY,0501,501 - PRECINCT 5-1,"1,796",113,"1,909",17,,2,5,"9,016",535,"9,551",82,26,10,133,"5,636,494","314,875","5,951,369","92,172","23,109","9,309","2,456"
Locality: 133 NORTHUMBERLAND COUNTY,0101,101 - 1A,"1,614",47,"1,661",6,7,3,5,"9,716",341,"10,057",71,15,11,133,"5,636,494","314,875","5,951,369","92,172","23,109","9,309","2,456"
Locality: 133 NORTHUMBERLAND COUNTY,0201,201 - 2A,"1,951",60,"2,011",7,2,2,5,"9,716",341,"10,057",71,15,11,133,"5,636,494","314,875","5,951,369","92,172","23,109","9,309","2,456"
Locality: 133 NORTHUMBERLAND COUNTY,0301,301 - 3A,"1,670",62,"1,732",13,1,1,5,"9,716",341,"10,057",71,15,11,133,"5,636,494","314,875","5,951,369","92,172","23,109","9,309","2,456"
Locality: 133 NORTHUMBERLAND COUNTY,0401,401 - 4A,"2,252",89,"2,341",27,4,3,5,"9,716",341,"10,057",71,15,11,133,"5,636,494","314,875","5,951,369","92,172","23,109","9,309","2,456"
Locality: 133 NORTHUMBERLAND COUNTY,0501,501 - 5A,"2,229",83,"2,312",18,1,2,5,"9,716",341,"10,057",71,15,11,133,"5,636,494","314,875","5,951,369","92,172","23,109","9,309","2,456"
Locality: 135 NOTTOWAY COUNTY,0101,101 - PRECINCT 1-1,"1,097",20,"1,117",8,1,,9,"9,231",289,"9,520",99,5,4,133,"5,636,494","314,875","5,951,369","92,172","23,109","9,309","2,456"
Locality: 135 NOTTOWAY COUNTY,0102,102 - PRECINCT 1-2,801,24,825,6,,1,9,"9,231",289,"9,520",99,5,4,133,"5,636,494","314,875","5,951,369","92,172","23,109","9,309","2,456"
Locality: 135 NOTTOWAY COUNTY,0201,201 - PRECINCT 2-1,"1,499",60,"1,559",16,,1,9,"9,231",289,"9,520",99,5,4,133,"5,636,494","314,875","5,951,369","92,172","23,109","9,309","2,456"
Locality: 135 NOTTOWAY COUNTY,0202,202 - PRECINCT 2-2,561,15,576,8,,,9,"9,231",289,"9,520",99,5,4,133,"5,636,494","314,875","5,951,369","92,172","23,109","9,309","2,456"
Locality: 135 NOTTOWAY COUNTY,0301,301 - PRECINCT 3-1,890,21,911,7,,,9,"9,231",289,"9,520",99,5,4,133,"5,636,494","314,875","5,951,369","92,172","23,109","9,309","2,456"
Locality: 135 NOTTOWAY COUNTY,0302,302 - PRECINCT 3-2,556,16,572,2,1,,9,"9,231",289,"9,520",99,5,4,133,"5,636,494","314,875","5,951,369","92,172","23,109","9,309","2,456"
Locality: 135 NOTTOWAY COUNTY,0401,401 - PRECINCT 4-1,995,36,"1,031",10,1,,9,"9,231",289,"9,520",99,5,4,133,"5,636,494","314,875","5,951,369","92,172","23,109","9,309","2,456"
Locality: 135 NOTTOWAY COUNTY,0402,402 - PRECINCT 4-2,897,22,919,14,,,9,"9,231",289,"9,520",99,5,4,133,"5,636,494","314,875","5,951,369","92,172","23,109","9,309","2,456"
Locality: 135 NOTTOWAY COUNTY,0501,501 - PRECINCT 5-1,"1,935",75,"2,010",28,2,2,9,"9,231",289,"9,520",99,5,4,133,"5,636,494","314,875","5,951,369","92,172","23,109","9,309","2,456"
Locality: 137 ORANGE COUNTY,0101,101 - ONE WEST,"2,447",79,"2,526",13,9,,10,"26,347",915,"27,262",300,57,40,133,"5,636,494","314,875","5,951,369","92,172","23,109","9,309","2,456"
Locality: 137 ORANGE COUNTY,0102,102 - ONE EAST,"2,520",73,"2,593",18,5,5,10,"26,347",915,"27,262",300,57,40,133,"5,636,494","314,875","5,951,369","92,172","23,109","9,309","2,456"
Locality: 137 ORANGE COUNTY,0201,201 - TWO WEST,"2,806",59,"2,865",29,,2,10,"26,347",915,"27,262",300,57,40,133,"5,636,494","314,875","5,951,369","92,172","23,109","9,309","2,456"
Locality: 137 ORANGE COUNTY,0202,202 - TWO EAST,"2,313",86,"2,399",32,1,,10,"26,347",915,"27,262",300,57,40,133,"5,636,494","314,875","5,951,369","92,172","23,109","9,309","2,456"
Locality: 137 ORANGE COUNTY,0301,301 - THREE WEST,"3,295",120,"3,415",26,5,8,10,"26,347",915,"27,262",300,57,40,133,"5,636,494","314,875","5,951,369","92,172","23,109","9,309","2,456"
Locality: 137 ORANGE COUNTY,0302,302 - THREE EAST,968,25,993,10,,1,10,"26,347",915,"27,262",300,57,40,133,"5,636,494","314,875","5,951,369","92,172","23,109","9,309","2,456"
Locality: 137 ORANGE COUNTY,0401,401 - FOUR WEST,"2,727",67,"2,794",32,6,,10,"26,347",915,"27,262",300,57,40,133,"5,636,494","314,875","5,951,369","92,172","23,109","9,309","2,456"
Locality: 137 ORANGE COUNTY,0402,402 - FOUR EAST,"3,087",132,"3,219",66,4,2,10,"26,347",915,"27,262",300,57,40,133,"5,636,494","314,875","5,951,369","92,172","23,109","9,309","2,456"
Locality: 137 ORANGE COUNTY,0501,501 - FIVE SOUTH,"2,934",146,"3,080",28,8,11,10,"26,347",915,"27,262",300,57,40,133,"5,636,494","314,875","5,951,369","92,172","23,109","9,309","2,456"
Locality: 137 ORANGE COUNTY,0502,502 - FIVE NORTH,"3,250",128,"3,378",46,19,11,10,"26,347",915,"27,262",300,57,40,133,"5,636,494","314,875","5,951,369","92,172","23,109","9,309","2,456"
Locality: 139 PAGE COUNTY,0101,101 - WEST LURAY,"3,196",94,"3,290",15,1,5,5,"16,352",408,"16,760",97,25,16,133,"5,636,494","314,875","5,951,369","92,172","23,109","9,309","2,456"
Locality: 139 PAGE COUNTY,0201,201 - EAST LURAY,"3,376",104,"3,480",21,9,,5,"16,352",408,"16,760",97,25,16,133,"5,636,494","314,875","5,951,369","92,172","23,109","9,309","2,456"
Locality: 139 PAGE COUNTY,0301,301 - MARKSVILLE,"3,654",81,"3,735",30,9,10,5,"16,352",408,"16,760",97,25,16,133,"5,636,494","314,875","5,951,369","92,172","23,109","9,309","2,456"
Locality: 139 PAGE COUNTY,0401,401 - NEWPORT,"2,946",59,"3,005",11,2,1,5,"16,352",408,"16,760",97,25,16,133,"5,636,494","314,875","5,951,369","92,172","23,109","9,309","2,456"
Locality: 139 PAGE COUNTY,0501,501 - SHENANDOAH,"3,180",70,"3,250",20,4,,5,"16,352",408,"16,760",97,25,16,133,"5,636,494","314,875","5,951,369","92,172","23,109","9,309","2,456"
Locality: 141 PATRICK COUNTY,0101,101 - ARARAT,842,23,865,5,1,,13,"12,337",281,"12,618",59,13,2,133,"5,636,494","314,875","5,951,369","92,172","23,109","9,309","2,456"
Locality: 141 PATRICK COUNTY,0102,102 - CLAUDVILLE,778,16,794,4,1,,13,"12,337",281,"12,618",59,13,2,133,"5,636,494","314,875","5,951,369","92,172","23,109","9,309","2,456"
Locality: 141 PATRICK COUNTY,0103,103 - WILLIS GAP,866,19,885,2,2,,13,"12,337",281,"12,618",59,13,2,133,"5,636,494","314,875","5,951,369","92,172","23,109","9,309","2,456"
Locality: 141 PATRICK COUNTY,0201,201 - DRY POND,481,7,488,4,1,,13,"12,337",281,"12,618",59,13,2,133,"5,636,494","314,875","5,951,369","92,172","23,109","9,309","2,456"
Locality: 141 PATRICK COUNTY,0202,202 - PATRICK SPRINGS,"1,213",24,"1,237",4,,,13,"12,337",281,"12,618",59,13,2,133,"5,636,494","314,875","5,951,369","92,172","23,109","9,309","2,456"
Locality: 141 PATRICK COUNTY,0203,203 - RUSSELL CREEK,956,23,979,3,,,13,"12,337",281,"12,618",59,13,2,133,"5,636,494","314,875","5,951,369","92,172","23,109","9,309","2,456"
Locality: 141 PATRICK COUNTY,0301,301 - CRITZ/STELLA,"1,456",30,"1,486",14,,1,13,"12,337",281,"12,618",59,13,2,133,"5,636,494","314,875","5,951,369","92,172","23,109","9,309","2,456"
Locality: 141 PATRICK COUNTY,0302,302 - LIBERTY,992,19,"1,011",8,,,13,"12,337",281,"12,618",59,13,2,133,"5,636,494","314,875","5,951,369","92,172","23,109","9,309","2,456"
Locality: 141 PATRICK COUNTY,0401,401 - MEADOWS OF DAN,990,21,"1,011",4,4,1,13,"12,337",281,"12,618",59,13,2,133,"5,636,494","314,875","5,951,369","92,172","23,109","9,309","2,456"
Locality: 141 PATRICK COUNTY,0402,402 - STUART FAIRGROUNDS,"1,318",39,"1,357",4,1,,13,"12,337",281,"12,618",59,13,2,133,"5,636,494","314,875","5,951,369","92,172","23,109","9,309","2,456"
Locality: 141 PATRICK COUNTY,0501,501 - STUART COMMUNITY,579,22,601,1,1,,13,"12,337",281,"12,618",59,13,2,133,"5,636,494","314,875","5,951,369","92,172","23,109","9,309","2,456"
Locality: 141 PATRICK COUNTY,0502,502 - ELAMSVILLE,840,17,857,3,,,13,"12,337",281,"12,618",59,13,2,133,"5,636,494","314,875","5,951,369","92,172","23,109","9,309","2,456"
Locality: 141 PATRICK COUNTY,0503,503 - WOOLWINE,"1,026",21,"1,047",3,2,,13,"12,337",281,"12,618",59,13,2,133,"5,636,494","314,875","5,951,369","92,172","23,109","9,309","2,456"
Locality: 143 PITTSYLVANIA COUNTY,0103,103 - TWIN SPRINGS,"3,323",81,"3,404",17,5,5,29,"43,404","1,322","44,726",322,31,32,133,"5,636,494","314,875","5,951,369","92,172","23,109","9,309","2,456"
Locality: 143 PITTSYLVANIA COUNTY,0105,105 - CHATHAM,"1,190",115,"1,305",9,5,2,29,"43,404","1,322","44,726",322,31,32,133,"5,636,494","314,875","5,951,369","92,172","23,109","9,309","2,456"
Locality: 143 PITTSYLVANIA COUNTY,0106,106 - TUNSTALL,"1,426",47,"1,473",5,,1,29,"43,404","1,322","44,726",322,31,32,133,"5,636,494","314,875","5,951,369","92,172","23,109","9,309","2,456"
Locality: 143 PITTSYLVANIA COUNTY,0108,108 - WEST BLAIRS,846,27,873,9,,,29,"43,404","1,322","44,726",322,31,32,133,"5,636,494","314,875","5,951,369","92,172","23,109","9,309","2,456"
Locality: 143 PITTSYLVANIA COUNTY,0201,201 - CALLANDS,"1,234",26,"1,260",7,,,29,"43,404","1,322","44,726",322,31,32,133,"5,636,494","314,875","5,951,369","92,172","23,109","9,309","2,456"
Locality: 143 PITTSYLVANIA COUNTY,0202,202- BEARSKIN,383,10,393,3,,,29,"43,404","1,322","44,726",322,31,32,133,"5,636,494","314,875","5,951,369","92,172","23,109","9,309","2,456"
Locality: 143 PITTSYLVANIA COUNTY,0204,204 - SANDY LEVEL,896,18,914,10,1,2,29,"43,404","1,322","44,726",322,31,32,133,"5,636,494","314,875","5,951,369","92,172","23,109","9,309","2,456"
Locality: 143 PITTSYLVANIA COUNTY,0206,206 - CLIMAX,957,23,980,6,3,1,29,"43,404","1,322","44,726",322,31,32,133,"5,636,494","314,875","5,951,369","92,172","23,109","9,309","2,456"
Locality: 143 PITTSYLVANIA COUNTY,0207,207 - GRETNA,"2,452",68,"2,520",21,2,,29,"43,404","1,322","44,726",322,31,32,133,"5,636,494","314,875","5,951,369","92,172","23,109","9,309","2,456"
Locality: 143 PITTSYLVANIA COUNTY,0301,301 - CENTRAL,"1,219",40,"1,259",8,,,29,"43,404","1,322","44,726",322,31,32,133,"5,636,494","314,875","5,951,369","92,172","23,109","9,309","2,456"
Locality: 143 PITTSYLVANIA COUNTY,0305,305 - RICEVILLE,"1,079",40,"1,119",11,1,,29,"43,404","1,322","44,726",322,31,32,133,"5,636,494","314,875","5,951,369","92,172","23,109","9,309","2,456"
Locality: 143 PITTSYLVANIA COUNTY,0307,307 - EAST BLAIRS,"1,507",59,"1,566",17,,1,29,"43,404","1,322","44,726",322,31,32,133,"5,636,494","314,875","5,951,369","92,172","23,109","9,309","2,456"
Locality: 143 PITTSYLVANIA COUNTY,0308,308 - MT AIRY,678,12,690,8,,,29,"43,404","1,322","44,726",322,31,32,133,"5,636,494","314,875","5,951,369","92,172","23,109","9,309","2,456"
Locality: 143 PITTSYLVANIA COUNTY,0309,309 - EAST GRETNA,806,27,833,10,,,29,"43,404","1,322","44,726",322,31,32,133,"5,636,494","314,875","5,951,369","92,172","23,109","9,309","2,456"
Locality: 143 PITTSYLVANIA COUNTY,0402,402 - KEELING,"1,402",41,"1,443",7,1,3,29,"43,404","1,322","44,726",322,31,32,133,"5,636,494","314,875","5,951,369","92,172","23,109","9,309","2,456"
Locality: 143 PITTSYLVANIA COUNTY,0404,404 - KENTUCK,"2,450",57,"2,507",17,3,,29,"43,404","1,322","44,726",322,31,32,133,"5,636,494","314,875","5,951,369","92,172","23,109","9,309","2,456"
Locality: 143 PITTSYLVANIA COUNTY,0405,405 - RINGGOLD,"2,737",82,"2,819",16,,6,29,"43,404","1,322","44,726",322,31,32,133,"5,636,494","314,875","5,951,369","92,172","23,109","9,309","2,456"
Locality: 143 PITTSYLVANIA COUNTY,0501,501 - HURT,"2,249",61,"2,310",23,1,1,29,"43,404","1,322","44,726",322,31,32,133,"5,636,494","314,875","5,951,369","92,172","23,109","9,309","2,456"
Locality: 143 PITTSYLVANIA COUNTY,0502,502 - MOTLEY SYCAMORE,"2,304",57,"2,361",12,,,29,"43,404","1,322","44,726",322,31,32,133,"5,636,494","314,875","5,951,369","92,172","23,109","9,309","2,456"
Locality: 143 PITTSYLVANIA COUNTY,0503,503 - RENAN,"1,258",19,"1,277",9,2,,29,"43,404","1,322","44,726",322,31,32,133,"5,636,494","314,875","5,951,369","92,172","23,109","9,309","2,456"
Locality: 143 PITTSYLVANIA COUNTY,0603,603 - STONY MILL,"1,702",51,"1,753",16,1,3,29,"43,404","1,322","44,726",322,31,32,133,"5,636,494","314,875","5,951,369","92,172","23,109","9,309","2,456"
Locality: 143 PITTSYLVANIA COUNTY,0604,604 - SWANSONVILLE,"1,435",31,"1,466",10,1,,29,"43,404","1,322","44,726",322,31,32,133,"5,636,494","314,875","5,951,369","92,172","23,109","9,309","2,456"
Locality: 143 PITTSYLVANIA COUNTY,0605,605 - WHITMELL,"1,331",34,"1,365",13,1,,29,"43,404","1,322","44,726",322,31,32,133,"5,636,494","314,875","5,951,369","92,172","23,109","9,309","2,456"
Locality: 143 PITTSYLVANIA COUNTY,0606,606 - BROSVILLE,"1,366",38,"1,404",13,1,1,29,"43,404","1,322","44,726",322,31,32,133,"5,636,494","314,875","5,951,369","92,172","23,109","9,309","2,456"
Locality: 143 PITTSYLVANIA COUNTY,0607,607 - DRY FORK,578,16,594,3,,,29,"43,404","1,322","44,726",322,31,32,133,"5,636,494","314,875","5,951,369","92,172","23,109","9,309","2,456"
Locality: 143 PITTSYLVANIA COUNTY,0702,702 - BACHELORS HALL,"1,827",50,"1,877",10,1,3,29,"43,404","1,322","44,726",322,31,32,133,"5,636,494","314,875","5,951,369","92,172","23,109","9,309","2,456"
Locality: 143 PITTSYLVANIA COUNTY,0703,703 - FERRY ROAD,419,19,438,1,,,29,"43,404","1,322","44,726",322,31,32,133,"5,636,494","314,875","5,951,369","92,172","23,109","9,309","2,456"
Locality: 143 PITTSYLVANIA COUNTY,0704,704 - MT HERMON,"2,966",122,"3,088",19,1,3,29,"43,404","1,322","44,726",322,31,32,133,"5,636,494","314,875","5,951,369","92,172","23,109","9,309","2,456"
Locality: 143 PITTSYLVANIA COUNTY,0705,705 - MT CROSS,"1,384",51,"1,435",12,1,,29,"43,404","1,322","44,726",322,31,32,133,"5,636,494","314,875","5,951,369","92,172","23,109","9,309","2,456"
Locality: 145 POWHATAN COUNTY,0101,101 - SUBLETTS,"2,417",58,"2,475",25,5,1,12,"22,950",541,"23,491",184,32,18,133,"5,636,494","314,875","5,951,369","92,172","23,109","9,309","2,456"
Locality: 145 POWHATAN COUNTY,0102,102 - MANAKIN,"1,738",36,"1,774",6,4,3,12,"22,950",541,"23,491",184,32,18,133,"5,636,494","314,875","5,951,369","92,172","23,109","9,309","2,456"
Locality: 145 POWHATAN COUNTY,0103,103 - FLAT ROCK,"1,395",37,"1,432",4,2,1,12,"22,950",541,"23,491",184,32,18,133,"5,636,494","314,875","5,951,369","92,172","23,109","9,309","2,456"
Locality: 145 POWHATAN COUNTY,0201,201 - POWHATAN STATION,"1,908",55,"1,963",14,2,1,12,"22,950",541,"23,491",184,32,18,133,"5,636,494","314,875","5,951,369","92,172","23,109","9,309","2,456"
Locality: 145 POWHATAN COUNTY,0202,202 - GRACELAND,"2,462",49,"2,511",18,4,2,12,"22,950",541,"23,491",184,32,18,133,"5,636,494","314,875","5,951,369","92,172","23,109","9,309","2,456"
Locality: 145 POWHATAN COUNTY,0301,301 - BETHESDA,"2,207",59,"2,266",15,4,1,12,"22,950",541,"23,491",184,32,18,133,"5,636,494","314,875","5,951,369","92,172","23,109","9,309","2,456"
Locality: 145 POWHATAN COUNTY,0302,302 - LEE'S LANDING,"1,982",56,"2,038",16,3,2,12,"22,950",541,"23,491",184,32,18,133,"5,636,494","314,875","5,951,369","92,172","23,109","9,309","2,456"
Locality: 145 POWHATAN COUNTY,0401,401 - POWHATAN COURTHOUSE,"3,397",73,"3,470",26,3,4,12,"22,950",541,"23,491",184,32,18,133,"5,636,494","314,875","5,951,369","92,172","23,109","9,309","2,456"
Locality: 145 POWHATAN COUNTY,0402,402 - MT ZION ,"1,352",21,"1,373",15,1,1,12,"22,950",541,"23,491",184,32,18,133,"5,636,494","314,875","5,951,369","92,172","23,109","9,309","2,456"
Locality: 145 POWHATAN COUNTY,0501,501 - SMITH CROSS ROADS,"1,973",52,"2,025",17,3,2,12,"22,950",541,"23,491",184,32,18,133,"5,636,494","314,875","5,951,369","92,172","23,109","9,309","2,456"
Locality: 145 POWHATAN COUNTY,0502,502 - PINEVILLE,"1,082",21,"1,103",10,1,,12,"22,950",541,"23,491",184,32,18,133,"5,636,494","314,875","5,951,369","92,172","23,109","9,309","2,456"
Locality: 145 POWHATAN COUNTY,0503,503 - TOBACCOVILLE,"1,037",24,"1,061",18,,,12,"22,950",541,"23,491",184,32,18,133,"5,636,494","314,875","5,951,369","92,172","23,109","9,309","2,456"
Locality: 147 PRINCE EDWARD COUNTY,0101,101 - FARMVILLE,"1,729",87,"1,816",22,6,1,10,"12,744",542,"13,286",91,29,2,133,"5,636,494","314,875","5,951,369","92,172","23,109","9,309","2,456"
Locality: 147 PRINCE EDWARD COUNTY,0201,201 - LOCKETT,"1,983",53,"2,036",9,1,,10,"12,744",542,"13,286",91,29,2,133,"5,636,494","314,875","5,951,369","92,172","23,109","9,309","2,456"
Locality: 147 PRINCE EDWARD COUNTY,0301,301 - LEIGH,"1,250",45,"1,295",8,,,10,"12,744",542,"13,286",91,29,2,133,"5,636,494","314,875","5,951,369","92,172","23,109","9,309","2,456"
Locality: 147 PRINCE EDWARD COUNTY,0302,302 - MT PLEASANT,720,25,745,6,2,,10,"12,744",542,"13,286",91,29,2,133,"5,636,494","314,875","5,951,369","92,172","23,109","9,309","2,456"
Locality: 147 PRINCE EDWARD COUNTY,0401,401 - HAMPDEN,"1,359",59,"1,418",9,4,,10,"12,744",542,"13,286",91,29,2,133,"5,636,494","314,875","5,951,369","92,172","23,109","9,309","2,456"
Locality: 147 PRINCE EDWARD COUNTY,0501,501 - DARLINGTON HTS,939,38,977,8,2,,10,"12,744",542,"13,286",91,29,2,133,"5,636,494","314,875","5,951,369","92,172","23,109","9,309","2,456"
Locality: 147 PRINCE EDWARD COUNTY,0502,502 - BUFFALO HTS,660,38,698,5,2,,10,"12,744",542,"13,286",91,29,2,133,"5,636,494","314,875","5,951,369","92,172","23,109","9,309","2,456"
Locality: 147 PRINCE EDWARD COUNTY,0601,601 - PROSPECT,"1,980",54,"2,034",15,2,,10,"12,744",542,"13,286",91,29,2,133,"5,636,494","314,875","5,951,369","92,172","23,109","9,309","2,456"
Locality: 147 PRINCE EDWARD COUNTY,0701,701 - WEST END,"1,305",74,"1,379",6,7,1,10,"12,744",542,"13,286",91,29,2,133,"5,636,494","314,875","5,951,369","92,172","23,109","9,309","2,456"
Locality: 147 PRINCE EDWARD COUNTY,0801,801 - CENTER,819,69,888,3,3,,10,"12,744",542,"13,286",91,29,2,133,"5,636,494","314,875","5,951,369","92,172","23,109","9,309","2,456"
Locality: 149 PRINCE GEORGE COUNTY,0101,101 - RICHARD BLAND,"1,360",66,"1,426",14,1,2,10,"22,358","1,858","24,216","1,645",29,10,133,"5,636,494","314,875","5,951,369","92,172","23,109","9,309","2,456"
Locality: 149 PRINCE GEORGE COUNTY,0102,102 - TEMPLETON,"3,614",78,"3,692",57,,1,10,"22,358","1,858","24,216","1,645",29,10,133,"5,636,494","314,875","5,951,369","92,172","23,109","9,309","2,456"
Locality: 149 PRINCE GEORGE COUNTY,0103,103 - UNION BRANCH,"2,224",77,"2,301",34,5,,10,"22,358","1,858","24,216","1,645",29,10,133,"5,636,494","314,875","5,951,369","92,172","23,109","9,309","2,456"
Locality: 149 PRINCE GEORGE COUNTY,0104,104 - RIVES,"1,822",612,"2,434",700,2,1,10,"22,358","1,858","24,216","1,645",29,10,133,"5,636,494","314,875","5,951,369","92,172","23,109","9,309","2,456"
Locality: 149 PRINCE GEORGE COUNTY,0105,105 - HARRISON,836,19,855,5,1,1,10,"22,358","1,858","24,216","1,645",29,10,133,"5,636,494","314,875","5,951,369","92,172","23,109","9,309","2,456"
Locality: 149 PRINCE GEORGE COUNTY,0201,201 - BLAND,"3,558",140,"3,698",80,5,,10,"22,358","1,858","24,216","1,645",29,10,133,"5,636,494","314,875","5,951,369","92,172","23,109","9,309","2,456"
Locality: 149 PRINCE GEORGE COUNTY,0202,202 - BLACK WATER,"2,465",75,"2,540",37,1,2,10,"22,358","1,858","24,216","1,645",29,10,133,"5,636,494","314,875","5,951,369","92,172","23,109","9,309","2,456"
Locality: 149 PRINCE GEORGE COUNTY,0203,203 - BRANDON,880,20,900,17,2,,10,"22,358","1,858","24,216","1,645",29,10,133,"5,636,494","314,875","5,951,369","92,172","23,109","9,309","2,456"
Locality: 149 PRINCE GEORGE COUNTY,0204,204 - COURTS BLDG,"3,017",211,"3,228",125,3,2,10,"22,358","1,858","24,216","1,645",29,10,133,"5,636,494","314,875","5,951,369","92,172","23,109","9,309","2,456"
Locality: 149 PRINCE GEORGE COUNTY,0205,205 - JEFFERSON PARK,"2,582",560,"3,142",576,9,1,10,"22,358","1,858","24,216","1,645",29,10,133,"5,636,494","314,875","5,951,369","92,172","23,109","9,309","2,456"
Locality: 153 PRINCE WILLIAM COUNTY,0101,101 - BRENTSVILLE,"2,923",100,"3,023",53,2,,93,"288,339","16,734","305,073","6,499","1,618",114,133,"5,636,494","314,875","5,951,369","92,172","23,109","9,309","2,456"
Locality: 153 PRINCE WILLIAM COUNTY,0102,102 - CEDAR POINT,"4,435",216,"4,651",75,18,,93,"288,339","16,734","305,073","6,499","1,618",114,133,"5,636,494","314,875","5,951,369","92,172","23,109","9,309","2,456"
Locality: 153 PRINCE WILLIAM COUNTY,0103,103 - GLENKIRK,"3,084",130,"3,214",38,23,,93,"288,339","16,734","305,073","6,499","1,618",114,133,"5,636,494","314,875","5,951,369","92,172","23,109","9,309","2,456"
Locality: 153 PRINCE WILLIAM COUNTY,0104,104 - NOKESVILLE,"3,588",142,"3,730",53,15,1,93,"288,339","16,734","305,073","6,499","1,618",114,133,"5,636,494","314,875","5,951,369","92,172","23,109","9,309","2,456"
Locality: 153 PRINCE WILLIAM COUNTY,0105,105 - LIMESTONE,"4,551",278,"4,829",88,31,2,93,"288,339","16,734","305,073","6,499","1,618",114,133,"5,636,494","314,875","5,951,369","92,172","23,109","9,309","2,456"
Locality: 153 PRINCE WILLIAM COUNTY,0106,106 - WESTGATE,"2,704",298,"3,002",30,11,,93,"288,339","16,734","305,073","6,499","1,618",114,133,"5,636,494","314,875","5,951,369","92,172","23,109","9,309","2,456"
Locality: 153 PRINCE WILLIAM COUNTY,0107,107 - MARSTELLER,"4,559",204,"4,763",54,40,5,93,"288,339","16,734","305,073","6,499","1,618",114,133,"5,636,494","314,875","5,951,369","92,172","23,109","9,309","2,456"
Locality: 153 PRINCE WILLIAM COUNTY,0108,108 - VICTORY,"4,900",215,"5,115",59,24,3,93,"288,339","16,734","305,073","6,499","1,618",114,133,"5,636,494","314,875","5,951,369","92,172","23,109","9,309","2,456"
Locality: 153 PRINCE WILLIAM COUNTY,0109,109 - CHRIS YUNG,"3,893",223,"4,116",49,25,,93,"288,339","16,734","305,073","6,499","1,618",114,133,"5,636,494","314,875","5,951,369","92,172","23,109","9,309","2,456"
Locality: 153 PRINCE WILLIAM COUNTY,0110,110 - BUCKLAND MILLS,"3,199",218,"3,417",37,14,1,93,"288,339","16,734","305,073","6,499","1,618",114,133,"5,636,494","314,875","5,951,369","92,172","23,109","9,309","2,456"
Locality: 153 PRINCE WILLIAM COUNTY,0111,111 - BRISTOW RUN,"1,941",97,"2,038",25,6,,93,"288,339","16,734","305,073","6,499","1,618",114,133,"5,636,494","314,875","5,951,369","92,172","23,109","9,309","2,456"
Locality: 153 PRINCE WILLIAM COUNTY,0112,112 - BURKE-NICKENS,"4,451",192,"4,643",70,23,3,93,"288,339","16,734","305,073","6,499","1,618",114,133,"5,636,494","314,875","5,951,369","92,172","23,109","9,309","2,456"
Locality: 153 PRINCE WILLIAM COUNTY,0114,114 - PINEY BRANCH,"2,964",158,"3,122",47,15,2,93,"288,339","16,734","305,073","6,499","1,618",114,133,"5,636,494","314,875","5,951,369","92,172","23,109","9,309","2,456"
Locality: 153 PRINCE WILLIAM COUNTY,0201,201 - SAUNDERS,"2,625",117,"2,742",57,7,,93,"288,339","16,734","305,073","6,499","1,618",114,133,"5,636,494","314,875","5,951,369","92,172","23,109","9,309","2,456"
Locality: 153 PRINCE WILLIAM COUNTY,0202,202 - MARSHALL,"3,286",149,"3,435",83,34,4,93,"288,339","16,734","305,073","6,499","1,618",114,133,"5,636,494","314,875","5,951,369","92,172","23,109","9,309","2,456"
Locality: 153 PRINCE WILLIAM COUNTY,0203,203 - BENNETT,"3,435",169,"3,604",37,28,1,93,"288,339","16,734","305,073","6,499","1,618",114,133,"5,636,494","314,875","5,951,369","92,172","23,109","9,309","2,456"
Locality: 153 PRINCE WILLIAM COUNTY,0204,204 - ELLIS,"3,113",180,"3,293",28,13,,93,"288,339","16,734","305,073","6,499","1,618",114,133,"5,636,494","314,875","5,951,369","92,172","23,109","9,309","2,456"
Locality: 153 PRINCE WILLIAM COUNTY,0205,205 - BUCKHALL,"3,785",166,"3,951",72,11,1,93,"288,339","16,734","305,073","6,499","1,618",114,133,"5,636,494","314,875","5,951,369","92,172","23,109","9,309","2,456"
Locality: 153 PRINCE WILLIAM COUNTY,0206,206 - COLES,"2,461",101,"2,562",40,12,,93,"288,339","16,734","305,073","6,499","1,618",114,133,"5,636,494","314,875","5,951,369","92,172","23,109","9,309","2,456"
Locality: 153 PRINCE WILLIAM COUNTY,0207,207 - SPRIGGS,"3,949",163,"4,112",112,27,,93,"288,339","16,734","305,073","6,499","1,618",114,133,"5,636,494","314,875","5,951,369","92,172","23,109","9,309","2,456"
Locality: 153 PRINCE WILLIAM COUNTY,0208,208 - HYLTON,"2,486",94,"2,580",67,19,,93,"288,339","16,734","305,073","6,499","1,618",114,133,"5,636,494","314,875","5,951,369","92,172","23,109","9,309","2,456"
Locality: 153 PRINCE WILLIAM COUNTY,0209,209 - INDEPENDENT HILL,"2,258",95,"2,353",44,11,,93,"288,339","16,734","305,073","6,499","1,618",114,133,"5,636,494","314,875","5,951,369","92,172","23,109","9,309","2,456"
Locality: 153 PRINCE WILLIAM COUNTY,0210,210 - PENN,"3,173",108,"3,281",74,16,,93,"288,339","16,734","305,073","6,499","1,618",114,133,"5,636,494","314,875","5,951,369","92,172","23,109","9,309","2,456"
Locality: 153 PRINCE WILLIAM COUNTY,0211,211 - SIGNAL HILL,"3,354",179,"3,533",53,13,3,93,"288,339","16,734","305,073","6,499","1,618",114,133,"5,636,494","314,875","5,951,369","92,172","23,109","9,309","2,456"
Locality: 153 PRINCE WILLIAM COUNTY,0212,212 - YORKSHIRE,"4,644",292,"4,936",58,22,,93,"288,339","16,734","305,073","6,499","1,618",114,133,"5,636,494","314,875","5,951,369","92,172","23,109","9,309","2,456"
Locality: 153 PRINCE WILLIAM COUNTY,0213,213 - SARATOGA,"2,001",102,"2,103",43,11,,93,"288,339","16,734","305,073","6,499","1,618",114,133,"5,636,494","314,875","5,951,369","92,172","23,109","9,309","2,456"
Locality: 153 PRINCE WILLIAM COUNTY,0214,214 - LUCASVILLE,"1,931",74,"2,005",13,5,,93,"288,339","16,734","305,073","6,499","1,618",114,133,"5,636,494","314,875","5,951,369","92,172","23,109","9,309","2,456"
Locality: 153 PRINCE WILLIAM COUNTY,0215,215 - ROSA PARKS,"2,523",120,"2,643",52,14,1,93,"288,339","16,734","305,073","6,499","1,618",114,133,"5,636,494","314,875","5,951,369","92,172","23,109","9,309","2,456"
Locality: 153 PRINCE WILLIAM COUNTY,0301,301 - DUMFRIES,"2,686",150,"2,836",49,9,2,93,"288,339","16,734","305,073","6,499","1,618",114,133,"5,636,494","314,875","5,951,369","92,172","23,109","9,309","2,456"
Locality: 153 PRINCE WILLIAM COUNTY,0302,302 - POTOMAC,"2,978",233,"3,211",116,8,1,93,"288,339","16,734","305,073","6,499","1,618",114,133,"5,636,494","314,875","5,951,369","92,172","23,109","9,309","2,456"
Locality: 153 PRINCE WILLIAM COUNTY,0303,303 - GRAHAM PARK,"2,106",202,"2,308",72,6,2,93,"288,339","16,734","305,073","6,499","1,618",114,133,"5,636,494","314,875","5,951,369","92,172","23,109","9,309","2,456"
Locality: 153 PRINCE WILLIAM COUNTY,0304,304 - QUANTICO,962,241,"1,203",545,13,6,93,"288,339","16,734","305,073","6,499","1,618",114,133,"5,636,494","314,875","5,951,369","92,172","23,109","9,309","2,456"
Locality: 153 PRINCE WILLIAM COUNTY,0305,305 - PATTIE,"3,003",172,"3,175",115,40,1,93,"288,339","16,734","305,073","6,499","1,618",114,133,"5,636,494","314,875","5,951,369","92,172","23,109","9,309","2,456"
Locality: 153 PRINCE WILLIAM COUNTY,0306,306 - WASHINGTON-REID,"3,231",156,"3,387",82,14,1,93,"288,339","16,734","305,073","6,499","1,618",114,133,"5,636,494","314,875","5,951,369","92,172","23,109","9,309","2,456"
Locality: 153 PRINCE WILLIAM COUNTY,0307,307 - HENDERSON,"2,742",148,"2,890",113,18,1,93,"288,339","16,734","305,073","6,499","1,618",114,133,"5,636,494","314,875","5,951,369","92,172","23,109","9,309","2,456"
Locality: 153 PRINCE WILLIAM COUNTY,0308,308 - MONTCLAIR,"1,823",96,"1,919",54,7,,93,"288,339","16,734","305,073","6,499","1,618",114,133,"5,636,494","314,875","5,951,369","92,172","23,109","9,309","2,456"
Locality: 153 PRINCE WILLIAM COUNTY,0309,309 - ASHLAND ,"2,242",145,"2,387",97,17,,93,"288,339","16,734","305,073","6,499","1,618",114,133,"5,636,494","314,875","5,951,369","92,172","23,109","9,309","2,456"
Locality: 153 PRINCE WILLIAM COUNTY,0310,310 - FOREST PARK,"2,759",190,"2,949",106,15,2,93,"288,339","16,734","305,073","6,499","1,618",114,133,"5,636,494","314,875","5,951,369","92,172","23,109","9,309","2,456"
Locality: 153 PRINCE WILLIAM COUNTY,0311,311 - SWANS CREEK,"5,900",257,"6,157",214,20,1,93,"288,339","16,734","305,073","6,499","1,618",114,133,"5,636,494","314,875","5,951,369","92,172","23,109","9,309","2,456"
Locality: 153 PRINCE WILLIAM COUNTY,0312,312 - TRIANGLE ,"3,367",224,"3,591",94,13,1,93,"288,339","16,734","305,073","6,499","1,618",114,133,"5,636,494","314,875","5,951,369","92,172","23,109","9,309","2,456"
Locality: 153 PRINCE WILLIAM COUNTY,0313,313 - CARDINAL,"2,479",146,"2,625",77,22,,93,"288,339","16,734","305,073","6,499","1,618",114,133,"5,636,494","314,875","5,951,369","92,172","23,109","9,309","2,456"
Locality: 153 PRINCE WILLIAM COUNTY,0314,314 - CABIN BRANCH,"2,356",116,"2,472",82,11,,93,"288,339","16,734","305,073","6,499","1,618",114,133,"5,636,494","314,875","5,951,369","92,172","23,109","9,309","2,456"
Locality: 153 PRINCE WILLIAM COUNTY,0315,315 - WILLIAMS,"1,858",180,"2,038",41,15,,93,"288,339","16,734","305,073","6,499","1,618",114,133,"5,636,494","314,875","5,951,369","92,172","23,109","9,309","2,456"
Locality: 153 PRINCE WILLIAM COUNTY,0401,401 - EVERGREEN,"3,198",122,"3,320",37,19,2,93,"288,339","16,734","305,073","6,499","1,618",114,133,"5,636,494","314,875","5,951,369","92,172","23,109","9,309","2,456"
Locality: 153 PRINCE WILLIAM COUNTY,0402,402 - BATTLEFIELD,"3,906",186,"4,092",67,29,1,93,"288,339","16,734","305,073","6,499","1,618",114,133,"5,636,494","314,875","5,951,369","92,172","23,109","9,309","2,456"
Locality: 153 PRINCE WILLIAM COUNTY,0403,403 - BULL RUN,"3,169",134,"3,303",47,16,2,93,"288,339","16,734","305,073","6,499","1,618",114,133,"5,636,494","314,875","5,951,369","92,172","23,109","9,309","2,456"
Locality: 153 PRINCE WILLIAM COUNTY,0404,404 - BEN LOMOND,"3,283",307,"3,590",53,13,3,93,"288,339","16,734","305,073","6,499","1,618",114,133,"5,636,494","314,875","5,951,369","92,172","23,109","9,309","2,456"
Locality: 153 PRINCE WILLIAM COUNTY,0405,405 - UNITY BRAXTON,"3,774",374,"4,148",51,19,4,93,"288,339","16,734","305,073","6,499","1,618",114,133,"5,636,494","314,875","5,951,369","92,172","23,109","9,309","2,456"
Locality: 153 PRINCE WILLIAM COUNTY,0406,406 - ALVEY,"1,855",59,"1,914",13,10,,93,"288,339","16,734","305,073","6,499","1,618",114,133,"5,636,494","314,875","5,951,369","92,172","23,109","9,309","2,456"
Locality: 153 PRINCE WILLIAM COUNTY,0407,407 - HERITAGE HUNT,"3,999",164,"4,163",26,21,,93,"288,339","16,734","305,073","6,499","1,618",114,133,"5,636,494","314,875","5,951,369","92,172","23,109","9,309","2,456"
Locality: 153 PRINCE WILLIAM COUNTY,0408,408 - SUDLEY,"2,026",99,"2,125",17,7,1,93,"288,339","16,734","305,073","6,499","1,618",114,133,"5,636,494","314,875","5,951,369","92,172","23,109","9,309","2,456"
Locality: 153 PRINCE WILLIAM COUNTY,0409,409 - TYLER,"3,740",204,"3,944",43,31,1,93,"288,339","16,734","305,073","6,499","1,618",114,133,"5,636,494","314,875","5,951,369","92,172","23,109","9,309","2,456"
Locality: 153 PRINCE WILLIAM COUNTY,0410,410 - MOUNTAIN VIEW,"4,110",240,"4,350",84,28,,93,"288,339","16,734","305,073","6,499","1,618",114,133,"5,636,494","314,875","5,951,369","92,172","23,109","9,309","2,456"
Locality: 153 PRINCE WILLIAM COUNTY,0411,411 - MULLEN,"3,783",276,"4,059",56,8,,93,"288,339","16,734","305,073","6,499","1,618",114,133,"5,636,494","314,875","5,951,369","92,172","23,109","9,309","2,456"
Locality: 153 PRINCE WILLIAM COUNTY,0412,412 - CATHARPIN,"2,168",79,"2,247",28,13,2,93,"288,339","16,734","305,073","6,499","1,618",114,133,"5,636,494","314,875","5,951,369","92,172","23,109","9,309","2,456"
Locality: 153 PRINCE WILLIAM COUNTY,0413,413 - REAGAN,"4,881",234,"5,115",66,38,1,93,"288,339","16,734","305,073","6,499","1,618",114,133,"5,636,494","314,875","5,951,369","92,172","23,109","9,309","2,456"
Locality: 153 PRINCE WILLIAM COUNTY,0501,501 - LAKE RIDGE,"2,857",155,"3,012",68,29,2,93,"288,339","16,734","305,073","6,499","1,618",114,133,"5,636,494","314,875","5,951,369","92,172","23,109","9,309","2,456"
Locality: 153 PRINCE WILLIAM COUNTY,0502,502 - OCCOQUAN,"2,113",125,"2,238",53,19,,93,"288,339","16,734","305,073","6,499","1,618",114,133,"5,636,494","314,875","5,951,369","92,172","23,109","9,309","2,456"
Locality: 153 PRINCE WILLIAM COUNTY,0503,503 - OLD BRIDGE,"2,700",232,"2,932",58,12,2,93,"288,339","16,734","305,073","6,499","1,618",114,133,"5,636,494","314,875","5,951,369","92,172","23,109","9,309","2,456"
Locality: 153 PRINCE WILLIAM COUNTY,0504,504 - ROCKLEDGE,"2,250",96,"2,346",36,15,1,93,"288,339","16,734","305,073","6,499","1,618",114,133,"5,636,494","314,875","5,951,369","92,172","23,109","9,309","2,456"
Locality: 153 PRINCE WILLIAM COUNTY,0505,505 - MOHICAN,"3,001",158,"3,159",89,30,,93,"288,339","16,734","305,073","6,499","1,618",114,133,"5,636,494","314,875","5,951,369","92,172","23,109","9,309","2,456"
Locality: 153 PRINCE WILLIAM COUNTY,0506,506 - BETHEL,"4,094",206,"4,300",79,32,,93,"288,339","16,734","305,073","6,499","1,618",114,133,"5,636,494","314,875","5,951,369","92,172","23,109","9,309","2,456"
Locality: 153 PRINCE WILLIAM COUNTY,0507,507 - CHINN,"2,799",138,"2,937",49,15,1,93,"288,339","16,734","305,073","6,499","1,618",114,133,"5,636,494","314,875","5,951,369","92,172","23,109","9,309","2,456"
Locality: 153 PRINCE WILLIAM COUNTY,0508,508 - SPRINGWOODS,"2,263",130,"2,393",51,9,3,93,"288,339","16,734","305,073","6,499","1,618",114,133,"5,636,494","314,875","5,951,369","92,172","23,109","9,309","2,456"
Locality: 153 PRINCE WILLIAM COUNTY,0509,509 - MC COART,"3,447",157,"3,604",77,30,2,93,"288,339","16,734","305,073","6,499","1,618",114,133,"5,636,494","314,875","5,951,369","92,172","23,109","9,309","2,456"
Locality: 153 PRINCE WILLIAM COUNTY,0510,510 - YATES FORD,"1,936",87,"2,023",42,11,,93,"288,339","16,734","305,073","6,499","1,618",114,133,"5,636,494","314,875","5,951,369","92,172","23,109","9,309","2,456"
Locality: 153 PRINCE WILLIAM COUNTY,0511,511 - WESTRIDGE,"3,517",206,"3,723",99,36,1,93,"288,339","16,734","305,073","6,499","1,618",114,133,"5,636,494","314,875","5,951,369","92,172","23,109","9,309","2,456"
Locality: 153 PRINCE WILLIAM COUNTY,0512,512 - YORK,"3,379",246,"3,625",78,23,4,93,"288,339","16,734","305,073","6,499","1,618",114,133,"5,636,494","314,875","5,951,369","92,172","23,109","9,309","2,456"
Locality: 153 PRINCE WILLIAM COUNTY,0513,513 - LYNNWOOD,"2,964",141,"3,105",98,15,,93,"288,339","16,734","305,073","6,499","1,618",114,133,"5,636,494","314,875","5,951,369","92,172","23,109","9,309","2,456"
Locality: 153 PRINCE WILLIAM COUNTY,0514,514 - ANTIETAM,"3,337",169,"3,506",66,21,4,93,"288,339","16,734","305,073","6,499","1,618",114,133,"5,636,494","314,875","5,951,369","92,172","23,109","9,309","2,456"
Locality: 153 PRINCE WILLIAM COUNTY,0601,601 - DALE,"2,903",171,"3,074",36,10,,93,"288,339","16,734","305,073","6,499","1,618",114,133,"5,636,494","314,875","5,951,369","92,172","23,109","9,309","2,456"
Locality: 153 PRINCE WILLIAM COUNTY,0602,602 - BEVILLE,"4,364",229,"4,593",82,15,3,93,"288,339","16,734","305,073","6,499","1,618",114,133,"5,636,494","314,875","5,951,369","92,172","23,109","9,309","2,456"
Locality: 153 PRINCE WILLIAM COUNTY,0603,603 - HAMPTON,"2,439",149,"2,588",39,12,3,93,"288,339","16,734","305,073","6,499","1,618",114,133,"5,636,494","314,875","5,951,369","92,172","23,109","9,309","2,456"
Locality: 153 PRINCE WILLIAM COUNTY,0604,604 - GIDEON,"2,961",170,"3,131",32,16,5,93,"288,339","16,734","305,073","6,499","1,618",114,133,"5,636,494","314,875","5,951,369","92,172","23,109","9,309","2,456"
Locality: 153 PRINCE WILLIAM COUNTY,0605,605 - MINNIEVILLE,"2,817",139,"2,956",38,14,1,93,"288,339","16,734","305,073","6,499","1,618",114,133,"5,636,494","314,875","5,951,369","92,172","23,109","9,309","2,456"
Locality: 153 PRINCE WILLIAM COUNTY,0606,606 - BEL AIR,"2,826",139,"2,965",41,7,5,93,"288,339","16,734","305,073","6,499","1,618",114,133,"5,636,494","314,875","5,951,369","92,172","23,109","9,309","2,456"
Locality: 153 PRINCE WILLIAM COUNTY,0607,607 - KERRYDALE,"3,514",211,"3,725",47,12,1,93,"288,339","16,734","305,073","6,499","1,618",114,133,"5,636,494","314,875","5,951,369","92,172","23,109","9,309","2,456"
Locality: 153 PRINCE WILLIAM COUNTY,0608,608 - ENTERPRISE,"2,814",141,"2,955",51,11,3,93,"288,339","16,734","305,073","6,499","1,618",114,133,"5,636,494","314,875","5,951,369","92,172","23,109","9,309","2,456"
Locality: 153 PRINCE WILLIAM COUNTY,0609,609 - KING,"3,564",175,"3,739",81,15,1,93,"288,339","16,734","305,073","6,499","1,618",114,133,"5,636,494","314,875","5,951,369","92,172","23,109","9,309","2,456"
Locality: 153 PRINCE WILLIAM COUNTY,0610,610 - FITZGERALD,"3,597",216,"3,813",82,16,1,93,"288,339","16,734","305,073","6,499","1,618",114,133,"5,636,494","314,875","5,951,369","92,172","23,109","9,309","2,456"
Locality: 153 PRINCE WILLIAM COUNTY,0611,611 - NEABSCO,"2,337",182,"2,519",52,12,1,93,"288,339","16,734","305,073","6,499","1,618",114,133,"5,636,494","314,875","5,951,369","92,172","23,109","9,309","2,456"
Locality: 153 PRINCE WILLIAM COUNTY,0701,701 - BELMONT,"3,318",284,"3,602",100,19,,93,"288,339","16,734","305,073","6,499","1,618",114,133,"5,636,494","314,875","5,951,369","92,172","23,109","9,309","2,456"
Locality: 153 PRINCE WILLIAM COUNTY,0702,702 - LIBRARY,"3,300",316,"3,616",151,29,,93,"288,339","16,734","305,073","6,499","1,618",114,133,"5,636,494","314,875","5,951,369","92,172","23,109","9,309","2,456"
Locality: 153 PRINCE WILLIAM COUNTY,0703,703 - LYNN,"2,038",197,"2,235",38,9,3,93,"288,339","16,734","305,073","6,499","1,618",114,133,"5,636,494","314,875","5,951,369","92,172","23,109","9,309","2,456"
Locality: 153 PRINCE WILLIAM COUNTY,0704,704 - PORTER,"3,125",277,"3,402",58,8,2,93,"288,339","16,734","305,073","6,499","1,618",114,133,"5,636,494","314,875","5,951,369","92,172","23,109","9,309","2,456"
Locality: 153 PRINCE WILLIAM COUNTY,0705,705 - POTOMAC VIEW,"2,223",139,"2,362",33,9,,93,"288,339","16,734","305,073","6,499","1,618",114,133,"5,636,494","314,875","5,951,369","92,172","23,109","9,309","2,456"
Locality: 153 PRINCE WILLIAM COUNTY,0706,706 - RIPPON,"3,432",190,"3,622",101,17,,93,"288,339","16,734","305,073","6,499","1,618",114,133,"5,636,494","314,875","5,951,369","92,172","23,109","9,309","2,456"
Locality: 153 PRINCE WILLIAM COUNTY,0707,707 - KILBY,"2,723",172,"2,895",55,11,2,93,"288,339","16,734","305,073","6,499","1,618",114,133,"5,636,494","314,875","5,951,369","92,172","23,109","9,309","2,456"
Locality: 153 PRINCE WILLIAM COUNTY,0708,708 - RIVER OAKS,"3,445",273,"3,718",90,17,,93,"288,339","16,734","305,073","6,499","1,618",114,133,"5,636,494","314,875","5,951,369","92,172","23,109","9,309","2,456"
Locality: 153 PRINCE WILLIAM COUNTY,0709,709 - FREEDOM,"3,582",282,"3,864",136,36,,93,"288,339","16,734","305,073","6,499","1,618",114,133,"5,636,494","314,875","5,951,369","92,172","23,109","9,309","2,456"
Locality: 153 PRINCE WILLIAM COUNTY,0710,710 - POWELLS CREEK,"3,140",263,"3,403",85,24,1,93,"288,339","16,734","305,073","6,499","1,618",114,133,"5,636,494","314,875","5,951,369","92,172","23,109","9,309","2,456"
Locality: 153 PRINCE WILLIAM COUNTY,0711,711 - GRAYSON,"3,678",280,"3,958",66,11,,93,"288,339","16,734","305,073","6,499","1,618",114,133,"5,636,494","314,875","5,951,369","92,172","23,109","9,309","2,456"
Locality: 153 PRINCE WILLIAM COUNTY,0712,712 - LEESYLVANIA,"2,942",179,"3,121",106,21,,93,"288,339","16,734","305,073","6,499","1,618",114,133,"5,636,494","314,875","5,951,369","92,172","23,109","9,309","2,456"
Locality: 155 PULASKI COUNTY,0101,101 - BELSPRING,896,13,909,,,1,12,"22,754",588,"23,342",130,16,17,133,"5,636,494","314,875","5,951,369","92,172","23,109","9,309","2,456"
Locality: 155 PULASKI COUNTY,0102,102 - NEW RIVER,"2,805",86,"2,891",13,2,,12,"22,754",588,"23,342",130,16,17,133,"5,636,494","314,875","5,951,369","92,172","23,109","9,309","2,456"
Locality: 155 PULASKI COUNTY,0103,103 - WEST CLOYD,"1,410",19,"1,429",9,,2,12,"22,754",588,"23,342",130,16,17,133,"5,636,494","314,875","5,951,369","92,172","23,109","9,309","2,456"
Locality: 155 PULASKI COUNTY,0201,201 - DRAPER,"1,614",22,"1,636",12,4,3,12,"22,754",588,"23,342",130,16,17,133,"5,636,494","314,875","5,951,369","92,172","23,109","9,309","2,456"
Locality: 155 PULASKI COUNTY,0202,202 - SOUTH PULASKI,476,19,495,1,,,12,"22,754",588,"23,342",130,16,17,133,"5,636,494","314,875","5,951,369","92,172","23,109","9,309","2,456"
Locality: 155 PULASKI COUNTY,0203,203 - NEWBERN,"2,663",85,"2,748",17,2,6,12,"22,754",588,"23,342",130,16,17,133,"5,636,494","314,875","5,951,369","92,172","23,109","9,309","2,456"
Locality: 155 PULASKI COUNTY,0301,301 - DUBLIN,"2,425",69,"2,494",10,2,,12,"22,754",588,"23,342",130,16,17,133,"5,636,494","314,875","5,951,369","92,172","23,109","9,309","2,456"
Locality: 155 PULASKI COUNTY,0302,302 - HIWASSEE,553,6,559,6,,,12,"22,754",588,"23,342",130,16,17,133,"5,636,494","314,875","5,951,369","92,172","23,109","9,309","2,456"
Locality: 155 PULASKI COUNTY,0304,304 - SNOWVILLE,"1,270",32,"1,302",6,1,3,12,"22,754",588,"23,342",130,16,17,133,"5,636,494","314,875","5,951,369","92,172","23,109","9,309","2,456"
Locality: 155 PULASKI COUNTY,0401,401 - MASSIE,"3,493",100,"3,593",24,3,,12,"22,754",588,"23,342",130,16,17,133,"5,636,494","314,875","5,951,369","92,172","23,109","9,309","2,456"
Locality: 155 PULASKI COUNTY,0402,402 - WALKER,996,19,"1,015",2,1,,12,"22,754",588,"23,342",130,16,17,133,"5,636,494","314,875","5,951,369","92,172","23,109","9,309","2,456"
Locality: 155 PULASKI COUNTY,0501,501 - ROBINSON,"4,153",118,"4,271",30,1,2,12,"22,754",588,"23,342",130,16,17,133,"5,636,494","314,875","5,951,369","92,172","23,109","9,309","2,456"
Locality: 157 RAPPAHANNOCK COUNTY,0101,101 - WASHINGTON,"1,237",40,"1,277",5,6,,6,"5,966",182,"6,148",30,27,23,133,"5,636,494","314,875","5,951,369","92,172","23,109","9,309","2,456"
Locality: 157 RAPPAHANNOCK COUNTY,0201,201 - AMISSVILLE,"1,208",36,"1,244",8,5,1,6,"5,966",182,"6,148",30,27,23,133,"5,636,494","314,875","5,951,369","92,172","23,109","9,309","2,456"
Locality: 157 RAPPAHANNOCK COUNTY,0301,301 - SPERRYVILLE,"1,089",29,"1,118",4,8,10,6,"5,966",182,"6,148",30,27,23,133,"5,636,494","314,875","5,951,369","92,172","23,109","9,309","2,456"
Locality: 157 RAPPAHANNOCK COUNTY,0401,401 - SCRABBLE,"1,177",39,"1,216",8,4,6,6,"5,966",182,"6,148",30,27,23,133,"5,636,494","314,875","5,951,369","92,172","23,109","9,309","2,456"
Locality: 157 RAPPAHANNOCK COUNTY,0501,501 - CHESTER GAP,541,12,553,1,1,1,6,"5,966",182,"6,148",30,27,23,133,"5,636,494","314,875","5,951,369","92,172","23,109","9,309","2,456"
Locality: 157 RAPPAHANNOCK COUNTY,0502,502 - FLINT HILL,714,26,740,4,3,5,6,"5,966",182,"6,148",30,27,23,133,"5,636,494","314,875","5,951,369","92,172","23,109","9,309","2,456"
Locality: 159 RICHMOND COUNTY,0101,101 - PRECINCT 1-1,"1,154",33,"1,187",9,3,1,5,"5,427",177,"5,604",41,9,3,133,"5,636,494","314,875","5,951,369","92,172","23,109","9,309","2,456"
Locality: 159 RICHMOND COUNTY,0201,201 - PRECINCT 2-1,"1,044",40,"1,084",12,2,,5,"5,427",177,"5,604",41,9,3,133,"5,636,494","314,875","5,951,369","92,172","23,109","9,309","2,456"
Locality: 159 RICHMOND COUNTY,0301,301 - PRECINCT 3-1,"1,034",26,"1,060",10,2,,5,"5,427",177,"5,604",41,9,3,133,"5,636,494","314,875","5,951,369","92,172","23,109","9,309","2,456"
Locality: 159 RICHMOND COUNTY,0401,401 - PRECINCT 4-1,"1,159",41,"1,200",7,,2,5,"5,427",177,"5,604",41,9,3,133,"5,636,494","314,875","5,951,369","92,172","23,109","9,309","2,456"
Locality: 159 RICHMOND COUNTY,0501,501 - PRECINCT 5-1,"1,036",37,"1,073",3,2,,5,"5,427",177,"5,604",41,9,3,133,"5,636,494","314,875","5,951,369","92,172","23,109","9,309","2,456"
Locality: 161 ROANOKE COUNTY,0101,101 - CATAWBA,791,35,826,3,1,,33,"68,594","3,311","71,905",423,162,42,133,"5,636,494","314,875","5,951,369","92,172","23,109","9,309","2,456"
Locality: 161 ROANOKE COUNTY,0102,102 - MASON VALLEY,755,28,783,3,2,,33,"68,594","3,311","71,905",423,162,42,133,"5,636,494","314,875","5,951,369","92,172","23,109","9,309","2,456"
Locality: 161 ROANOKE COUNTY,0103,103 - GLENVAR,"2,513",86,"2,599",19,3,,33,"68,594","3,311","71,905",423,162,42,133,"5,636,494","314,875","5,951,369","92,172","23,109","9,309","2,456"
Locality: 161 ROANOKE COUNTY,0104,104 - NORTHSIDE,"1,562",72,"1,634",17,2,1,33,"68,594","3,311","71,905",423,162,42,133,"5,636,494","314,875","5,951,369","92,172","23,109","9,309","2,456"
Locality: 161 ROANOKE COUNTY,0105,105 - PETERS CREEK,"3,271",126,"3,397",23,7,,33,"68,594","3,311","71,905",423,162,42,133,"5,636,494","314,875","5,951,369","92,172","23,109","9,309","2,456"
Locality: 161 ROANOKE COUNTY,0106,106 - GREEN HILL,"2,793",98,"2,891",16,8,,33,"68,594","3,311","71,905",423,162,42,133,"5,636,494","314,875","5,951,369","92,172","23,109","9,309","2,456"
Locality: 161 ROANOKE COUNTY,0107,107 - BENNETT SPRINGS,"1,034",46,"1,080",3,7,1,33,"68,594","3,311","71,905",423,162,42,133,"5,636,494","314,875","5,951,369","92,172","23,109","9,309","2,456"
Locality: 161 ROANOKE COUNTY,0108,108 - WILDWOOD,"1,571",60,"1,631",16,,2,33,"68,594","3,311","71,905",423,162,42,133,"5,636,494","314,875","5,951,369","92,172","23,109","9,309","2,456"
Locality: 161 ROANOKE COUNTY,0201,201 - PLANTATION,"2,244",96,"2,340",3,7,,33,"68,594","3,311","71,905",423,162,42,133,"5,636,494","314,875","5,951,369","92,172","23,109","9,309","2,456"
Locality: 161 ROANOKE COUNTY,0202,202 - BURLINGTON,"1,698",119,"1,817",10,1,3,33,"68,594","3,311","71,905",423,162,42,133,"5,636,494","314,875","5,951,369","92,172","23,109","9,309","2,456"
Locality: 161 ROANOKE COUNTY,0203,203 - MOUNTAIN VIEW,"3,130",104,"3,234",20,5,,33,"68,594","3,311","71,905",423,162,42,133,"5,636,494","314,875","5,951,369","92,172","23,109","9,309","2,456"
Locality: 161 ROANOKE COUNTY,0204,204 - BOTETOURT SPRINGS,"2,493",89,"2,582",17,7,,33,"68,594","3,311","71,905",423,162,42,133,"5,636,494","314,875","5,951,369","92,172","23,109","9,309","2,456"
Locality: 161 ROANOKE COUNTY,0205,205 - ORCHARDS,"3,556",142,"3,698",26,3,,33,"68,594","3,311","71,905",423,162,42,133,"5,636,494","314,875","5,951,369","92,172","23,109","9,309","2,456"
Locality: 161 ROANOKE COUNTY,0206,206 - HOLLINS,"1,073",180,"1,253",7,7,,33,"68,594","3,311","71,905",423,162,42,133,"5,636,494","314,875","5,951,369","92,172","23,109","9,309","2,456"
Locality: 161 ROANOKE COUNTY,0301,301 - BENT MOUNTAIN,680,22,702,3,1,,33,"68,594","3,311","71,905",423,162,42,133,"5,636,494","314,875","5,951,369","92,172","23,109","9,309","2,456"
Locality: 161 ROANOKE COUNTY,0302,302 - POAGES MILL,"3,146",112,"3,258",20,9,5,33,"68,594","3,311","71,905",423,162,42,133,"5,636,494","314,875","5,951,369","92,172","23,109","9,309","2,456"
Locality: 161 ROANOKE COUNTY,0303,303 - WINDSOR HILLS,"1,727",96,"1,823",9,,2,33,"68,594","3,311","71,905",423,162,42,133,"5,636,494","314,875","5,951,369","92,172","23,109","9,309","2,456"
Locality: 161 ROANOKE COUNTY,0304,304 - OAK GROVE,"3,315",152,"3,467",22,22,1,33,"68,594","3,311","71,905",423,162,42,133,"5,636,494","314,875","5,951,369","92,172","23,109","9,309","2,456"
Locality: 161 ROANOKE COUNTY,0305,305 - CASTLE ROCK,"3,694",191,"3,885",24,14,7,33,"68,594","3,311","71,905",423,162,42,133,"5,636,494","314,875","5,951,369","92,172","23,109","9,309","2,456"
Locality: 161 ROANOKE COUNTY,0306,306 - GARST MILL,"1,742",117,"1,859",10,5,,33,"68,594","3,311","71,905",423,162,42,133,"5,636,494","314,875","5,951,369","92,172","23,109","9,309","2,456"
Locality: 161 ROANOKE COUNTY,0401,401 - SOUTH LINDENWOOD,"1,991",63,"2,054",8,2,4,33,"68,594","3,311","71,905",423,162,42,133,"5,636,494","314,875","5,951,369","92,172","23,109","9,309","2,456"
Locality: 161 ROANOKE COUNTY,0402,402 - BONSACK,621,17,638,7,1,2,33,"68,594","3,311","71,905",423,162,42,133,"5,636,494","314,875","5,951,369","92,172","23,109","9,309","2,456"
Locality: 161 ROANOKE COUNTY,0403,403 - NORTH VINTON,"2,230",118,"2,348",15,2,,33,"68,594","3,311","71,905",423,162,42,133,"5,636,494","314,875","5,951,369","92,172","23,109","9,309","2,456"
Locality: 161 ROANOKE COUNTY,0404,404 - SOUTH VINTON,"2,805",167,"2,972",15,2,,33,"68,594","3,311","71,905",423,162,42,133,"5,636,494","314,875","5,951,369","92,172","23,109","9,309","2,456"
Locality: 161 ROANOKE COUNTY,0405,405 - NORTH LINDENWOOD,"2,101",83,"2,184",9,3,1,33,"68,594","3,311","71,905",423,162,42,133,"5,636,494","314,875","5,951,369","92,172","23,109","9,309","2,456"
Locality: 161 ROANOKE COUNTY,0406,406 - MOUNT PLEASANT,"2,722",78,"2,800",15,1,1,33,"68,594","3,311","71,905",423,162,42,133,"5,636,494","314,875","5,951,369","92,172","23,109","9,309","2,456"
Locality: 161 ROANOKE COUNTY,0501,501 - COTTON HILL,"1,775",87,"1,862",11,5,2,33,"68,594","3,311","71,905",423,162,42,133,"5,636,494","314,875","5,951,369","92,172","23,109","9,309","2,456"
Locality: 161 ROANOKE COUNTY,0502,502 - PENN FOREST,"1,502",69,"1,571",8,4,2,33,"68,594","3,311","71,905",423,162,42,133,"5,636,494","314,875","5,951,369","92,172","23,109","9,309","2,456"
Locality: 161 ROANOKE COUNTY,0503,503 - CAVE SPRING,"1,919",81,"2,000",10,9,,33,"68,594","3,311","71,905",423,162,42,133,"5,636,494","314,875","5,951,369","92,172","23,109","9,309","2,456"
Locality: 161 ROANOKE COUNTY,0504,504 - OGDEN,"1,888",212,"2,100",16,5,1,33,"68,594","3,311","71,905",423,162,42,133,"5,636,494","314,875","5,951,369","92,172","23,109","9,309","2,456"
Locality: 161 ROANOKE COUNTY,0505,505 - CLEARBROOK,"1,530",71,"1,601",9,2,,33,"68,594","3,311","71,905",423,162,42,133,"5,636,494","314,875","5,951,369","92,172","23,109","9,309","2,456"
Locality: 161 ROANOKE COUNTY,0506,506 - MOUNT VERNON,"1,534",118,"1,652",7,5,2,33,"68,594","3,311","71,905",423,162,42,133,"5,636,494","314,875","5,951,369","92,172","23,109","9,309","2,456"
Locality: 161 ROANOKE COUNTY,0507,507 - HUNTING HILLS,"3,188",176,"3,364",22,10,5,33,"68,594","3,311","71,905",423,162,42,133,"5,636,494","314,875","5,951,369","92,172","23,109","9,309","2,456"
Locality: 163 ROCKBRIDGE COUNTY,0101,101 - AIRPORT,"1,379",22,"1,401",14,6,8,17,"15,374",406,"15,780",112,51,22,133,"5,636,494","314,875","5,951,369","92,172","23,109","9,309","2,456"
Locality: 163 ROCKBRIDGE COUNTY,0102,102 - BEN SALEM,927,21,948,8,3,1,17,"15,374",406,"15,780",112,51,22,133,"5,636,494","314,875","5,951,369","92,172","23,109","9,309","2,456"
Locality: 163 ROCKBRIDGE COUNTY,0103,103 - PLANK ROAD,531,12,543,,3,3,17,"15,374",406,"15,780",112,51,22,133,"5,636,494","314,875","5,951,369","92,172","23,109","9,309","2,456"
Locality: 163 ROCKBRIDGE COUNTY,0104,104 - EFFINGER,543,14,557,5,2,,17,"15,374",406,"15,780",112,51,22,133,"5,636,494","314,875","5,951,369","92,172","23,109","9,309","2,456"
Locality: 163 ROCKBRIDGE COUNTY,0201,201 - COLLIERSTOWN,917,36,953,6,5,1,17,"15,374",406,"15,780",112,51,22,133,"5,636,494","314,875","5,951,369","92,172","23,109","9,309","2,456"
Locality: 163 ROCKBRIDGE COUNTY,0202,202 - HIGHLAND BELLE,"1,766",44,"1,810",14,8,3,17,"15,374",406,"15,780",112,51,22,133,"5,636,494","314,875","5,951,369","92,172","23,109","9,309","2,456"
Locality: 163 ROCKBRIDGE COUNTY,0203,203 - VO-TECH,555,49,604,7,1,,17,"15,374",406,"15,780",112,51,22,133,"5,636,494","314,875","5,951,369","92,172","23,109","9,309","2,456"
Locality: 163 ROCKBRIDGE COUNTY,0301,301 - MAURY RIVER,960,24,984,6,1,,17,"15,374",406,"15,780",112,51,22,133,"5,636,494","314,875","5,951,369","92,172","23,109","9,309","2,456"
Locality: 163 ROCKBRIDGE COUNTY,0302,302 - NATURAL BRIDGE,"1,044",23,"1,067",2,,,17,"15,374",406,"15,780",112,51,22,133,"5,636,494","314,875","5,951,369","92,172","23,109","9,309","2,456"
Locality: 163 ROCKBRIDGE COUNTY,0303,303 - FALLING SPRING,483,15,498,4,,1,17,"15,374",406,"15,780",112,51,22,133,"5,636,494","314,875","5,951,369","92,172","23,109","9,309","2,456"
Locality: 163 ROCKBRIDGE COUNTY,0401,401 - FAIRFIELD,"1,010",16,"1,026",5,7,3,17,"15,374",406,"15,780",112,51,22,133,"5,636,494","314,875","5,951,369","92,172","23,109","9,309","2,456"
Locality: 163 ROCKBRIDGE COUNTY,0402,402 - MOUNTAIN VIEW,"1,585",39,"1,624",4,7,,17,"15,374",406,"15,780",112,51,22,133,"5,636,494","314,875","5,951,369","92,172","23,109","9,309","2,456"
Locality: 163 ROCKBRIDGE COUNTY,0403,403 - VESUVIUS,522,12,534,3,1,,17,"15,374",406,"15,780",112,51,22,133,"5,636,494","314,875","5,951,369","92,172","23,109","9,309","2,456"
Locality: 163 ROCKBRIDGE COUNTY,0501,501 - GOSHEN,566,14,580,4,,1,17,"15,374",406,"15,780",112,51,22,133,"5,636,494","314,875","5,951,369","92,172","23,109","9,309","2,456"
Locality: 163 ROCKBRIDGE COUNTY,0502,502 - MEADOWVIEW,987,32,"1,019",13,,,17,"15,374",406,"15,780",112,51,22,133,"5,636,494","314,875","5,951,369","92,172","23,109","9,309","2,456"
Locality: 163 ROCKBRIDGE COUNTY,0503,503 - ROCKBRIDGE BATHS,596,14,610,5,5,,17,"15,374",406,"15,780",112,51,22,133,"5,636,494","314,875","5,951,369","92,172","23,109","9,309","2,456"
Locality: 163 ROCKBRIDGE COUNTY,0504,504 - ROCKBRIDGE,"1,003",19,"1,022",12,2,1,17,"15,374",406,"15,780",112,51,22,133,"5,636,494","314,875","5,951,369","92,172","23,109","9,309","2,456"
Locality: 165 ROCKINGHAM COUNTY,0101,101 - BROADWAY,"2,709",88,"2,797",13,3,3,31,"53,761","1,496","55,257",303,92,54,133,"5,636,494","314,875","5,951,369","92,172","23,109","9,309","2,456"
Locality: 165 ROCKINGHAM COUNTY,0102,102 - TIMBERVILLE,"1,659",62,"1,721",4,6,1,31,"53,761","1,496","55,257",303,92,54,133,"5,636,494","314,875","5,951,369","92,172","23,109","9,309","2,456"
Locality: 165 ROCKINGHAM COUNTY,0103,103 - FULKS RUN,"1,499",50,"1,549",6,1,,31,"53,761","1,496","55,257",303,92,54,133,"5,636,494","314,875","5,951,369","92,172","23,109","9,309","2,456"
Locality: 165 ROCKINGHAM COUNTY,0104,104 - BERGTON,494,8,502,3,1,1,31,"53,761","1,496","55,257",303,92,54,133,"5,636,494","314,875","5,951,369","92,172","23,109","9,309","2,456"
Locality: 165 ROCKINGHAM COUNTY,0105,105 - LACEY SPRING,"1,165",21,"1,186",4,1,,31,"53,761","1,496","55,257",303,92,54,133,"5,636,494","314,875","5,951,369","92,172","23,109","9,309","2,456"
Locality: 165 ROCKINGHAM COUNTY,0106,106 - TENTH LEGION,"1,115",32,"1,147",3,1,,31,"53,761","1,496","55,257",303,92,54,133,"5,636,494","314,875","5,951,369","92,172","23,109","9,309","2,456"
Locality: 165 ROCKINGHAM COUNTY,0107,107 - PLAINS,"1,207",27,"1,234",4,3,3,31,"53,761","1,496","55,257",303,92,54,133,"5,636,494","314,875","5,951,369","92,172","23,109","9,309","2,456"
Locality: 165 ROCKINGHAM COUNTY,0108,108 - LITTLE NORTH MOUNTAIN,858,23,881,4,1,,31,"53,761","1,496","55,257",303,92,54,133,"5,636,494","314,875","5,951,369","92,172","23,109","9,309","2,456"
Locality: 165 ROCKINGHAM COUNTY,0201,201 - SINGERS GLEN,"1,642",16,"1,658",8,2,5,31,"53,761","1,496","55,257",303,92,54,133,"5,636,494","314,875","5,951,369","92,172","23,109","9,309","2,456"
Locality: 165 ROCKINGHAM COUNTY,0202,202 - EDOM,"2,895",76,"2,971",21,7,2,31,"53,761","1,496","55,257",303,92,54,133,"5,636,494","314,875","5,951,369","92,172","23,109","9,309","2,456"
Locality: 165 ROCKINGHAM COUNTY,0203,203 - DAYTON,"1,168",36,"1,204",8,6,1,31,"53,761","1,496","55,257",303,92,54,133,"5,636,494","314,875","5,951,369","92,172","23,109","9,309","2,456"
Locality: 165 ROCKINGHAM COUNTY,0204,204 - MT CLINTON,"1,816",34,"1,850",6,6,4,31,"53,761","1,496","55,257",303,92,54,133,"5,636,494","314,875","5,951,369","92,172","23,109","9,309","2,456"
Locality: 165 ROCKINGHAM COUNTY,0205,205 - SILVER LAKE,"2,361",50,"2,411",21,9,4,31,"53,761","1,496","55,257",303,92,54,133,"5,636,494","314,875","5,951,369","92,172","23,109","9,309","2,456"
Locality: 165 ROCKINGHAM COUNTY,0301,301 - KEEZLETOWN,"1,194",36,"1,230",12,9,4,31,"53,761","1,496","55,257",303,92,54,133,"5,636,494","314,875","5,951,369","92,172","23,109","9,309","2,456"
Locality: 165 ROCKINGHAM COUNTY,0302,302 - PORT REPUBLIC,"1,883",54,"1,937",14,,,31,"53,761","1,496","55,257",303,92,54,133,"5,636,494","314,875","5,951,369","92,172","23,109","9,309","2,456"
Locality: 165 ROCKINGHAM COUNTY,0303,303 - MELROSE,"1,015",23,"1,038",8,,,31,"53,761","1,496","55,257",303,92,54,133,"5,636,494","314,875","5,951,369","92,172","23,109","9,309","2,456"
Locality: 165 ROCKINGHAM COUNTY,0304,304 - GROTTOES,"1,951",60,"2,011",5,1,1,31,"53,761","1,496","55,257",303,92,54,133,"5,636,494","314,875","5,951,369","92,172","23,109","9,309","2,456"
Locality: 165 ROCKINGHAM COUNTY,0305,305 - MASSANETTA SPRINGS,"2,686",130,"2,816",24,3,2,31,"53,761","1,496","55,257",303,92,54,133,"5,636,494","314,875","5,951,369","92,172","23,109","9,309","2,456"
Locality: 165 ROCKINGHAM COUNTY,0306,306 - CROSS KEYS,608,14,622,3,,1,31,"53,761","1,496","55,257",303,92,54,133,"5,636,494","314,875","5,951,369","92,172","23,109","9,309","2,456"
Locality: 165 ROCKINGHAM COUNTY,0307,307 - CROSSROADS,"2,968",79,"3,047",11,6,4,31,"53,761","1,496","55,257",303,92,54,133,"5,636,494","314,875","5,951,369","92,172","23,109","9,309","2,456"
Locality: 165 ROCKINGHAM COUNTY,0401,401 - WEST BRIDGEWATER,"1,443",48,"1,491",9,1,2,31,"53,761","1,496","55,257",303,92,54,133,"5,636,494","314,875","5,951,369","92,172","23,109","9,309","2,456"
Locality: 165 ROCKINGHAM COUNTY,0402,402 - MONTEZUMA,"1,737",20,"1,757",8,2,,31,"53,761","1,496","55,257",303,92,54,133,"5,636,494","314,875","5,951,369","92,172","23,109","9,309","2,456"
Locality: 165 ROCKINGHAM COUNTY,0403,403 - MT CRAWFORD,307,8,315,1,,,31,"53,761","1,496","55,257",303,92,54,133,"5,636,494","314,875","5,951,369","92,172","23,109","9,309","2,456"
Locality: 165 ROCKINGHAM COUNTY,0404,404 - NORTH RIVER,"2,274",93,"2,367",13,2,1,31,"53,761","1,496","55,257",303,92,54,133,"5,636,494","314,875","5,951,369","92,172","23,109","9,309","2,456"
Locality: 165 ROCKINGHAM COUNTY,0405,405 - OTTOBINE,"2,170",33,"2,203",8,,,31,"53,761","1,496","55,257",303,92,54,133,"5,636,494","314,875","5,951,369","92,172","23,109","9,309","2,456"
Locality: 165 ROCKINGHAM COUNTY,0406,406 - EAST BRIDGEWATER,"2,111",103,"2,214",9,9,3,31,"53,761","1,496","55,257",303,92,54,133,"5,636,494","314,875","5,951,369","92,172","23,109","9,309","2,456"
Locality: 165 ROCKINGHAM COUNTY,0501,501 - ELKTON,"2,012",53,"2,065",16,4,1,31,"53,761","1,496","55,257",303,92,54,133,"5,636,494","314,875","5,951,369","92,172","23,109","9,309","2,456"
Locality: 165 ROCKINGHAM COUNTY,0502,502 - SWIFT RUN,"2,893",65,"2,958",14,1,1,31,"53,761","1,496","55,257",303,92,54,133,"5,636,494","314,875","5,951,369","92,172","23,109","9,309","2,456"
Locality: 165 ROCKINGHAM COUNTY,0503,503 - MCGAHEYSVILLE,"2,530",49,"2,579",16,4,3,31,"53,761","1,496","55,257",303,92,54,133,"5,636,494","314,875","5,951,369","92,172","23,109","9,309","2,456"
Locality: 165 ROCKINGHAM COUNTY,0504,504 - SOUTH FORK,"1,302",20,"1,322",10,1,1,31,"53,761","1,496","55,257",303,92,54,133,"5,636,494","314,875","5,951,369","92,172","23,109","9,309","2,456"
Locality: 165 ROCKINGHAM COUNTY,0505,505 - STONY RUN,"2,089",85,"2,174",17,2,6,31,"53,761","1,496","55,257",303,92,54,133,"5,636,494","314,875","5,951,369","92,172","23,109","9,309","2,456"
Locality: 167 RUSSELL COUNTY,0101,101 - MOCCASIN,"1,342",28,"1,370",7,,,15,"18,517",444,"18,961",71,11,3,133,"5,636,494","314,875","5,951,369","92,172","23,109","9,309","2,456"
Locality: 167 RUSSELL COUNTY,0102,102 - COPPER CREEK,"1,067",21,"1,088",3,1,,15,"18,517",444,"18,961",71,11,3,133,"5,636,494","314,875","5,951,369","92,172","23,109","9,309","2,456"
Locality: 167 RUSSELL COUNTY,0103,103 - SOUTH CASTLEWOOD,807,28,835,5,,,15,"18,517",444,"18,961",71,11,3,133,"5,636,494","314,875","5,951,369","92,172","23,109","9,309","2,456"
Locality: 167 RUSSELL COUNTY,0201,201 - NORTH CASTLEWOOD,"2,297",60,"2,357",17,3,1,15,"18,517",444,"18,961",71,11,3,133,"5,636,494","314,875","5,951,369","92,172","23,109","9,309","2,456"
Locality: 167 RUSSELL COUNTY,0202,202 - DANTE,547,15,562,3,,,15,"18,517",444,"18,961",71,11,3,133,"5,636,494","314,875","5,951,369","92,172","23,109","9,309","2,456"
Locality: 167 RUSSELL COUNTY,0301,301 - COOKS MILL,421,8,429,,1,,15,"18,517",444,"18,961",71,11,3,133,"5,636,494","314,875","5,951,369","92,172","23,109","9,309","2,456"
Locality: 167 RUSSELL COUNTY,0302,302 - DAUGHERTY,555,6,561,3,,,15,"18,517",444,"18,961",71,11,3,133,"5,636,494","314,875","5,951,369","92,172","23,109","9,309","2,456"
Locality: 167 RUSSELL COUNTY,0303,303 - NEW GARDEN,"1,383",24,"1,407",6,,,15,"18,517",444,"18,961",71,11,3,133,"5,636,494","314,875","5,951,369","92,172","23,109","9,309","2,456"
Locality: 167 RUSSELL COUNTY,0304,304 - CLEVELAND,733,37,770,2,,1,15,"18,517",444,"18,961",71,11,3,133,"5,636,494","314,875","5,951,369","92,172","23,109","9,309","2,456"
Locality: 167 RUSSELL COUNTY,0401,401 - DRILL,173,5,178,1,,,15,"18,517",444,"18,961",71,11,3,133,"5,636,494","314,875","5,951,369","92,172","23,109","9,309","2,456"
Locality: 167 RUSSELL COUNTY,0402,402 - SWORDS CREEK,"1,915",36,"1,951",5,1,,15,"18,517",444,"18,961",71,11,3,133,"5,636,494","314,875","5,951,369","92,172","23,109","9,309","2,456"
Locality: 167 RUSSELL COUNTY,0403,403 - HONAKER,950,24,974,4,,,15,"18,517",444,"18,961",71,11,3,133,"5,636,494","314,875","5,951,369","92,172","23,109","9,309","2,456"
Locality: 167 RUSSELL COUNTY,0501,501 - WEST LEBANON,"3,029",76,"3,105",8,2,1,15,"18,517",444,"18,961",71,11,3,133,"5,636,494","314,875","5,951,369","92,172","23,109","9,309","2,456"
Locality: 167 RUSSELL COUNTY,0601,601 -  EAST LEBANON,"1,468",34,"1,502",3,1,,15,"18,517",444,"18,961",71,11,3,133,"5,636,494","314,875","5,951,369","92,172","23,109","9,309","2,456"
Locality: 167 RUSSELL COUNTY,0602,602 - ELK GARDEN,"1,830",42,"1,872",4,2,,15,"18,517",444,"18,961",71,11,3,133,"5,636,494","314,875","5,951,369","92,172","23,109","9,309","2,456"
Locality: 169 SCOTT COUNTY,0101,101 - WEBER CITY,"1,213",43,"1,256",3,,,17,"15,323",364,"15,687",39,4,,133,"5,636,494","314,875","5,951,369","92,172","23,109","9,309","2,456"
Locality: 169 SCOTT COUNTY,0102,102 - YUMA,"1,359",22,"1,381",5,,,17,"15,323",364,"15,687",39,4,,133,"5,636,494","314,875","5,951,369","92,172","23,109","9,309","2,456"
Locality: 169 SCOTT COUNTY,0202,202 - WEBER CITY EAST,884,22,906,1,,,17,"15,323",364,"15,687",39,4,,133,"5,636,494","314,875","5,951,369","92,172","23,109","9,309","2,456"
Locality: 169 SCOTT COUNTY,0203,203 - HILTONS,"1,294",29,"1,323",7,,,17,"15,323",364,"15,687",39,4,,133,"5,636,494","314,875","5,951,369","92,172","23,109","9,309","2,456"
Locality: 169 SCOTT COUNTY,0204,204 - CLARK'S,337,13,350,3,,,17,"15,323",364,"15,687",39,4,,133,"5,636,494","314,875","5,951,369","92,172","23,109","9,309","2,456"
Locality: 169 SCOTT COUNTY,0301,301 - NICKELSVILLE,970,25,995,6,2,,17,"15,323",364,"15,687",39,4,,133,"5,636,494","314,875","5,951,369","92,172","23,109","9,309","2,456"
Locality: 169 SCOTT COUNTY,0302,302 - SNOWFLAKE,687,13,700,3,,,17,"15,323",364,"15,687",39,4,,133,"5,636,494","314,875","5,951,369","92,172","23,109","9,309","2,456"
Locality: 169 SCOTT COUNTY,0303,303 - TWIN SPRINGS,759,5,764,,,,17,"15,323",364,"15,687",39,4,,133,"5,636,494","314,875","5,951,369","92,172","23,109","9,309","2,456"
Locality: 169 SCOTT COUNTY,0304,304 - COPPER CREEK,245,3,248,,,,17,"15,323",364,"15,687",39,4,,133,"5,636,494","314,875","5,951,369","92,172","23,109","9,309","2,456"
Locality: 169 SCOTT COUNTY,0401,401 - GATE CITY,"2,780",74,"2,854",5,2,,17,"15,323",364,"15,687",39,4,,133,"5,636,494","314,875","5,951,369","92,172","23,109","9,309","2,456"
Locality: 169 SCOTT COUNTY,0501,501 - DUNGANNON,598,17,615,1,,,17,"15,323",364,"15,687",39,4,,133,"5,636,494","314,875","5,951,369","92,172","23,109","9,309","2,456"
Locality: 169 SCOTT COUNTY,0502,502 - FORT BLACKMORE,627,13,640,1,,,17,"15,323",364,"15,687",39,4,,133,"5,636,494","314,875","5,951,369","92,172","23,109","9,309","2,456"
Locality: 169 SCOTT COUNTY,0503,503 - MANVILLE,432,9,441,1,,,17,"15,323",364,"15,687",39,4,,133,"5,636,494","314,875","5,951,369","92,172","23,109","9,309","2,456"
Locality: 169 SCOTT COUNTY,0504,504 - RYE COVE,869,23,892,,,,17,"15,323",364,"15,687",39,4,,133,"5,636,494","314,875","5,951,369","92,172","23,109","9,309","2,456"
Locality: 169 SCOTT COUNTY,0601,601 - CLINCHPORT,640,12,652,2,,,17,"15,323",364,"15,687",39,4,,133,"5,636,494","314,875","5,951,369","92,172","23,109","9,309","2,456"
Locality: 169 SCOTT COUNTY,0602,602 - DUFFIELD-PATTONSVILLE,"1,285",37,"1,322",1,,,17,"15,323",364,"15,687",39,4,,133,"5,636,494","314,875","5,951,369","92,172","23,109","9,309","2,456"
Locality: 169 SCOTT COUNTY,0603,603 - FAIRVIEW,344,4,348,,,,17,"15,323",364,"15,687",39,4,,133,"5,636,494","314,875","5,951,369","92,172","23,109","9,309","2,456"
Locality: 171 SHENANDOAH COUNTY,0101,101 - ORKNEY SPRINGS,"1,534",58,"1,592",7,,10,12,"30,452","1,038","31,490",163,21,46,133,"5,636,494","314,875","5,951,369","92,172","23,109","9,309","2,456"
Locality: 171 SHENANDOAH COUNTY,0103,103 - NEW MARKET,"3,503",121,"3,624",11,4,9,12,"30,452","1,038","31,490",163,21,46,133,"5,636,494","314,875","5,951,369","92,172","23,109","9,309","2,456"
Locality: 171 SHENANDOAH COUNTY,0201,201 - CONICVILLE,"2,447",34,"2,481",13,6,,12,"30,452","1,038","31,490",163,21,46,133,"5,636,494","314,875","5,951,369","92,172","23,109","9,309","2,456"
Locality: 171 SHENANDOAH COUNTY,0202,202 - MT JACKSON,"2,191",62,"2,253",8,,1,12,"30,452","1,038","31,490",163,21,46,133,"5,636,494","314,875","5,951,369","92,172","23,109","9,309","2,456"
Locality: 171 SHENANDOAH COUNTY,0302,302 - EDINBURG,"2,122",58,"2,180",8,2,1,12,"30,452","1,038","31,490",163,21,46,133,"5,636,494","314,875","5,951,369","92,172","23,109","9,309","2,456"
Locality: 171 SHENANDOAH COUNTY,0303,303 - ST LUKE,"2,092",42,"2,134",7,1,1,12,"30,452","1,038","31,490",163,21,46,133,"5,636,494","314,875","5,951,369","92,172","23,109","9,309","2,456"
Locality: 171 SHENANDOAH COUNTY,0304,304 - FORT VALLEY,"1,139",33,"1,172",13,,1,12,"30,452","1,038","31,490",163,21,46,133,"5,636,494","314,875","5,951,369","92,172","23,109","9,309","2,456"
Locality: 171 SHENANDOAH COUNTY,0401,401 - WOODSTOCK,"4,877",223,"5,100",31,4,9,12,"30,452","1,038","31,490",163,21,46,133,"5,636,494","314,875","5,951,369","92,172","23,109","9,309","2,456"
Locality: 171 SHENANDOAH COUNTY,0501,501 - CEDAR CREEK,208,4,212,1,1,,12,"30,452","1,038","31,490",163,21,46,133,"5,636,494","314,875","5,951,369","92,172","23,109","9,309","2,456"
Locality: 171 SHENANDOAH COUNTY,0503,503 - TOMS BROOK,"3,073",84,"3,157",14,1,4,12,"30,452","1,038","31,490",163,21,46,133,"5,636,494","314,875","5,951,369","92,172","23,109","9,309","2,456"
Locality: 171 SHENANDOAH COUNTY,0504,504 - LEBANON CHURCH,"2,111",61,"2,172",14,,2,12,"30,452","1,038","31,490",163,21,46,133,"5,636,494","314,875","5,951,369","92,172","23,109","9,309","2,456"
Locality: 171 SHENANDOAH COUNTY,0601,601 - STRASBURG,"5,155",258,"5,413",36,2,8,12,"30,452","1,038","31,490",163,21,46,133,"5,636,494","314,875","5,951,369","92,172","23,109","9,309","2,456"
Locality: 173 SMYTH COUNTY,0101,101 - SALTVILLE,"2,651",50,"2,701",13,,,14,"19,347",448,"19,795",91,9,4,133,"5,636,494","314,875","5,951,369","92,172","23,109","9,309","2,456"
Locality: 173 SMYTH COUNTY,0201,201 - SEVEN MILE FORD,"1,911",36,"1,947",14,1,,14,"19,347",448,"19,795",91,9,4,133,"5,636,494","314,875","5,951,369","92,172","23,109","9,309","2,456"
Locality: 173 SMYTH COUNTY,0202,202 - RICH VALLEY,750,12,762,4,,,14,"19,347",448,"19,795",91,9,4,133,"5,636,494","314,875","5,951,369","92,172","23,109","9,309","2,456"
Locality: 173 SMYTH COUNTY,0301,301 - CHILHOWIE,"2,210",42,"2,252",12,,2,14,"19,347",448,"19,795",91,9,4,133,"5,636,494","314,875","5,951,369","92,172","23,109","9,309","2,456"
Locality: 173 SMYTH COUNTY,0302,302 - ST CLAIR,652,8,660,5,,,14,"19,347",448,"19,795",91,9,4,133,"5,636,494","314,875","5,951,369","92,172","23,109","9,309","2,456"
Locality: 173 SMYTH COUNTY,0401,401 - EAST PARK,"1,700",54,"1,754",5,3,,14,"19,347",448,"19,795",91,9,4,133,"5,636,494","314,875","5,951,369","92,172","23,109","9,309","2,456"
Locality: 173 SMYTH COUNTY,0402,402 - WEST PARK,992,50,"1,042",4,1,,14,"19,347",448,"19,795",91,9,4,133,"5,636,494","314,875","5,951,369","92,172","23,109","9,309","2,456"
Locality: 173 SMYTH COUNTY,0501,501 - ATKINS,"1,773",40,"1,813",4,,,14,"19,347",448,"19,795",91,9,4,133,"5,636,494","314,875","5,951,369","92,172","23,109","9,309","2,456"
Locality: 173 SMYTH COUNTY,0502,502 - WASSONA,"1,125",26,"1,151",2,1,,14,"19,347",448,"19,795",91,9,4,133,"5,636,494","314,875","5,951,369","92,172","23,109","9,309","2,456"
Locality: 173 SMYTH COUNTY,0601,601 - ROYAL OAK EAST,"1,834",55,"1,889",8,,,14,"19,347",448,"19,795",91,9,4,133,"5,636,494","314,875","5,951,369","92,172","23,109","9,309","2,456"
Locality: 173 SMYTH COUNTY,0602,602 - ROYAL OAK WEST,821,26,847,8,3,,14,"19,347",448,"19,795",91,9,4,133,"5,636,494","314,875","5,951,369","92,172","23,109","9,309","2,456"
Locality: 173 SMYTH COUNTY,0701,701 - ADWOLFE,"1,760",29,"1,789",7,,1,14,"19,347",448,"19,795",91,9,4,133,"5,636,494","314,875","5,951,369","92,172","23,109","9,309","2,456"
Locality: 173 SMYTH COUNTY,0702,702 - SUGAR GROVE,"1,008",15,"1,023",4,,1,14,"19,347",448,"19,795",91,9,4,133,"5,636,494","314,875","5,951,369","92,172","23,109","9,309","2,456"
Locality: 173 SMYTH COUNTY,0703,703 - KONNAROCK,160,5,165,1,,,14,"19,347",448,"19,795",91,9,4,133,"5,636,494","314,875","5,951,369","92,172","23,109","9,309","2,456"
Locality: 175 SOUTHAMPTON COUNTY,0101,101 - BERLIN,871,31,902,18,,,13,"12,478",431,"12,909",136,9,5,133,"5,636,494","314,875","5,951,369","92,172","23,109","9,309","2,456"
Locality: 175 SOUTHAMPTON COUNTY,0102,102 - IVOR,"1,212",41,"1,253",16,1,,13,"12,478",431,"12,909",136,9,5,133,"5,636,494","314,875","5,951,369","92,172","23,109","9,309","2,456"
Locality: 175 SOUTHAMPTON COUNTY,0201,201 - BOYKINS,"1,306",32,"1,338",9,,,13,"12,478",431,"12,909",136,9,5,133,"5,636,494","314,875","5,951,369","92,172","23,109","9,309","2,456"
Locality: 175 SOUTHAMPTON COUNTY,0202,202 - BRANCHVILLE,422,11,433,1,,,13,"12,478",431,"12,909",136,9,5,133,"5,636,494","314,875","5,951,369","92,172","23,109","9,309","2,456"
Locality: 175 SOUTHAMPTON COUNTY,0301,301 - CAPRON,"1,012",23,"1,035",2,1,1,13,"12,478",431,"12,909",136,9,5,133,"5,636,494","314,875","5,951,369","92,172","23,109","9,309","2,456"
Locality: 175 SOUTHAMPTON COUNTY,0302,302 - SEBRELL,991,38,"1,029",12,2,,13,"12,478",431,"12,909",136,9,5,133,"5,636,494","314,875","5,951,369","92,172","23,109","9,309","2,456"
Locality: 175 SOUTHAMPTON COUNTY,0401,401 - DREWRYVILLE,777,37,814,5,1,1,13,"12,478",431,"12,909",136,9,5,133,"5,636,494","314,875","5,951,369","92,172","23,109","9,309","2,456"
Locality: 175 SOUTHAMPTON COUNTY,0501,501 - HUNTERDALE,"1,545",53,"1,598",33,1,1,13,"12,478",431,"12,909",136,9,5,133,"5,636,494","314,875","5,951,369","92,172","23,109","9,309","2,456"
Locality: 175 SOUTHAMPTON COUNTY,0502,502 - FORKS-OF-THE-RIVER,681,23,704,4,1,1,13,"12,478",431,"12,909",136,9,5,133,"5,636,494","314,875","5,951,369","92,172","23,109","9,309","2,456"
Locality: 175 SOUTHAMPTON COUNTY,0601,601 - COURTLAND,"1,361",43,"1,404",16,2,1,13,"12,478",431,"12,909",136,9,5,133,"5,636,494","314,875","5,951,369","92,172","23,109","9,309","2,456"
Locality: 175 SOUTHAMPTON COUNTY,0602,602 - SEDLEY,517,26,543,5,,,13,"12,478",431,"12,909",136,9,5,133,"5,636,494","314,875","5,951,369","92,172","23,109","9,309","2,456"
Locality: 175 SOUTHAMPTON COUNTY,0701,701 - BLACKWATER RIVER,799,31,830,7,,,13,"12,478",431,"12,909",136,9,5,133,"5,636,494","314,875","5,951,369","92,172","23,109","9,309","2,456"
Locality: 175 SOUTHAMPTON COUNTY,0702,702 - NEWSOMS,984,42,"1,026",8,,,13,"12,478",431,"12,909",136,9,5,133,"5,636,494","314,875","5,951,369","92,172","23,109","9,309","2,456"
Locality: 177 SPOTSYLVANIA COUNTY,0101,101 - PARTLOW,"2,861",100,"2,961",51,,1,26,"96,563","4,399","100,962","1,892",243,81,133,"5,636,494","314,875","5,951,369","92,172","23,109","9,309","2,456"
Locality: 177 SPOTSYLVANIA COUNTY,0102,102 - BLAYDES CORNER,"3,219",132,"3,351",42,3,,26,"96,563","4,399","100,962","1,892",243,81,133,"5,636,494","314,875","5,951,369","92,172","23,109","9,309","2,456"
Locality: 177 SPOTSYLVANIA COUNTY,0103,103 - TRAVELERS REST,"4,477",131,"4,608",69,7,6,26,"96,563","4,399","100,962","1,892",243,81,133,"5,636,494","314,875","5,951,369","92,172","23,109","9,309","2,456"
Locality: 177 SPOTSYLVANIA COUNTY,0104,104 - MASSAPONAX,"3,489",159,"3,648",93,4,3,26,"96,563","4,399","100,962","1,892",243,81,133,"5,636,494","314,875","5,951,369","92,172","23,109","9,309","2,456"
Locality: 177 SPOTSYLVANIA COUNTY,0201,201 - WILDERNESS SCHOOL,"3,158",166,"3,324",55,9,3,26,"96,563","4,399","100,962","1,892",243,81,133,"5,636,494","314,875","5,951,369","92,172","23,109","9,309","2,456"
Locality: 177 SPOTSYLVANIA COUNTY,0202,202 - WILDERNESS FIRE,"3,188",132,"3,320",58,12,6,26,"96,563","4,399","100,962","1,892",243,81,133,"5,636,494","314,875","5,951,369","92,172","23,109","9,309","2,456"
Locality: 177 SPOTSYLVANIA COUNTY,0203,203 - NI RIVER ELYS FORD,"2,890",132,"3,022",72,18,4,26,"96,563","4,399","100,962","1,892",243,81,133,"5,636,494","314,875","5,951,369","92,172","23,109","9,309","2,456"
Locality: 177 SPOTSYLVANIA COUNTY,0204,204 - CHANCELLOR,"4,034",222,"4,256",85,17,3,26,"96,563","4,399","100,962","1,892",243,81,133,"5,636,494","314,875","5,951,369","92,172","23,109","9,309","2,456"
Locality: 177 SPOTSYLVANIA COUNTY,0301,301 - PLANK ROAD,"3,947",161,"4,108",70,10,2,26,"96,563","4,399","100,962","1,892",243,81,133,"5,636,494","314,875","5,951,369","92,172","23,109","9,309","2,456"
Locality: 177 SPOTSYLVANIA COUNTY,0302,302 - HAZEL RUN,"4,056",213,"4,269",55,6,2,26,"96,563","4,399","100,962","1,892",243,81,133,"5,636,494","314,875","5,951,369","92,172","23,109","9,309","2,456"
Locality: 177 SPOTSYLVANIA COUNTY,0303,303 - RIVERBEND,"5,292",203,"5,495",109,13,5,26,"96,563","4,399","100,962","1,892",243,81,133,"5,636,494","314,875","5,951,369","92,172","23,109","9,309","2,456"
Locality: 177 SPOTSYLVANIA COUNTY,0401,401 - SUMMIT,"4,516",218,"4,734",86,10,3,26,"96,563","4,399","100,962","1,892",243,81,133,"5,636,494","314,875","5,951,369","92,172","23,109","9,309","2,456"
Locality: 177 SPOTSYLVANIA COUNTY,0402,402 - PARKSIDE,"5,322",291,"5,613",142,14,2,26,"96,563","4,399","100,962","1,892",243,81,133,"5,636,494","314,875","5,951,369","92,172","23,109","9,309","2,456"
Locality: 177 SPOTSYLVANIA COUNTY,0403,403 - LEE HILL,"4,691",265,"4,956",96,13,3,26,"96,563","4,399","100,962","1,892",243,81,133,"5,636,494","314,875","5,951,369","92,172","23,109","9,309","2,456"
Locality: 177 SPOTSYLVANIA COUNTY,0501,501 - BELMONT,"2,511",96,"2,607",40,1,2,26,"96,563","4,399","100,962","1,892",243,81,133,"5,636,494","314,875","5,951,369","92,172","23,109","9,309","2,456"
Locality: 177 SPOTSYLVANIA COUNTY,0502,502 - BROKENBURG,"2,353",80,"2,433",31,4,,26,"96,563","4,399","100,962","1,892",243,81,133,"5,636,494","314,875","5,951,369","92,172","23,109","9,309","2,456"
Locality: 177 SPOTSYLVANIA COUNTY,0503,503 - POST OAK,"2,561",62,"2,623",39,1,,26,"96,563","4,399","100,962","1,892",243,81,133,"5,636,494","314,875","5,951,369","92,172","23,109","9,309","2,456"
Locality: 177 SPOTSYLVANIA COUNTY,0504,504 - COURTHOUSE,"3,536",152,"3,688",60,19,6,26,"96,563","4,399","100,962","1,892",243,81,133,"5,636,494","314,875","5,951,369","92,172","23,109","9,309","2,456"
Locality: 177 SPOTSYLVANIA COUNTY,0505,505 - BROCK,"3,947",156,"4,103",83,14,2,26,"96,563","4,399","100,962","1,892",243,81,133,"5,636,494","314,875","5,951,369","92,172","23,109","9,309","2,456"
Locality: 177 SPOTSYLVANIA COUNTY,0601,601 - SALEM,"4,194",206,"4,400",81,9,3,26,"96,563","4,399","100,962","1,892",243,81,133,"5,636,494","314,875","5,951,369","92,172","23,109","9,309","2,456"
Locality: 177 SPOTSYLVANIA COUNTY,0602,602 - SMITH STATION,"5,005",230,"5,235",111,11,3,26,"96,563","4,399","100,962","1,892",243,81,133,"5,636,494","314,875","5,951,369","92,172","23,109","9,309","2,456"
Locality: 177 SPOTSYLVANIA COUNTY,0603,603 - PIEDMONT,"2,596",133,"2,729",54,4,4,26,"96,563","4,399","100,962","1,892",243,81,133,"5,636,494","314,875","5,951,369","92,172","23,109","9,309","2,456"
Locality: 177 SPOTSYLVANIA COUNTY,0701,701 - BATTLEFIELD,"2,918",145,"3,063",55,8,5,26,"96,563","4,399","100,962","1,892",243,81,133,"5,636,494","314,875","5,951,369","92,172","23,109","9,309","2,456"
Locality: 177 SPOTSYLVANIA COUNTY,0702,702 - BRENTS MILL,"4,591",291,"4,882",93,17,2,26,"96,563","4,399","100,962","1,892",243,81,133,"5,636,494","314,875","5,951,369","92,172","23,109","9,309","2,456"
Locality: 177 SPOTSYLVANIA COUNTY,0703,703 - FAIRVIEW,"2,163",119,"2,282",35,3,3,26,"96,563","4,399","100,962","1,892",243,81,133,"5,636,494","314,875","5,951,369","92,172","23,109","9,309","2,456"
Locality: 177 SPOTSYLVANIA COUNTY,0704,704 - GAYLE,"5,048",204,"5,252",127,16,8,26,"96,563","4,399","100,962","1,892",243,81,133,"5,636,494","314,875","5,951,369","92,172","23,109","9,309","2,456"
Locality: 179 STAFFORD COUNTY,0101,101 - HARTWOOD,"5,928",248,"6,176",244,30,2,27,"100,628","5,795","106,423","4,433",518,42,133,"5,636,494","314,875","5,951,369","92,172","23,109","9,309","2,456"
Locality: 179 STAFFORD COUNTY,0102,102 - ROCKY RUN,"3,680",145,"3,825",106,11,1,27,"100,628","5,795","106,423","4,433",518,42,133,"5,636,494","314,875","5,951,369","92,172","23,109","9,309","2,456"
Locality: 179 STAFFORD COUNTY,0103,103 - SIMPSON,"3,850",215,"4,065",179,20,1,27,"100,628","5,795","106,423","4,433",518,42,133,"5,636,494","314,875","5,951,369","92,172","23,109","9,309","2,456"
Locality: 179 STAFFORD COUNTY,0104,104 - COLLEGE,"4,558",199,"4,757",149,22,1,27,"100,628","5,795","106,423","4,433",518,42,133,"5,636,494","314,875","5,951,369","92,172","23,109","9,309","2,456"
Locality: 179 STAFFORD COUNTY,0201,201 - ROCK HILL,"2,957",170,"3,127",149,9,1,27,"100,628","5,795","106,423","4,433",518,42,133,"5,636,494","314,875","5,951,369","92,172","23,109","9,309","2,456"
Locality: 179 STAFFORD COUNTY,0202,202 - ROSEVILLE,"4,022",214,"4,236",219,19,2,27,"100,628","5,795","106,423","4,433",518,42,133,"5,636,494","314,875","5,951,369","92,172","23,109","9,309","2,456"
Locality: 179 STAFFORD COUNTY,0203,203 - RUBY,"2,813",160,"2,973",116,16,,27,"100,628","5,795","106,423","4,433",518,42,133,"5,636,494","314,875","5,951,369","92,172","23,109","9,309","2,456"
Locality: 179 STAFFORD COUNTY,0204,204 - STEFANIGA,"4,343",216,"4,559",236,31,1,27,"100,628","5,795","106,423","4,433",518,42,133,"5,636,494","314,875","5,951,369","92,172","23,109","9,309","2,456"
Locality: 179 STAFFORD COUNTY,0301,301 - GRIFFIS,"3,053",313,"3,366",184,7,,27,"100,628","5,795","106,423","4,433",518,42,133,"5,636,494","314,875","5,951,369","92,172","23,109","9,309","2,456"
Locality: 179 STAFFORD COUNTY,0302,302 - WIDEWATER,"4,541",262,"4,803",207,20,1,27,"100,628","5,795","106,423","4,433",518,42,133,"5,636,494","314,875","5,951,369","92,172","23,109","9,309","2,456"
Locality: 179 STAFFORD COUNTY,0303,303 - HARBOUR,"2,155",159,"2,314",125,20,4,27,"100,628","5,795","106,423","4,433",518,42,133,"5,636,494","314,875","5,951,369","92,172","23,109","9,309","2,456"
Locality: 179 STAFFORD COUNTY,0304,304 - BARRETT,"1,826",111,"1,937",89,8,2,27,"100,628","5,795","106,423","4,433",518,42,133,"5,636,494","314,875","5,951,369","92,172","23,109","9,309","2,456"
Locality: 179 STAFFORD COUNTY,0401,401 - AQUIA,"1,715",158,"1,873",107,15,,27,"100,628","5,795","106,423","4,433",518,42,133,"5,636,494","314,875","5,951,369","92,172","23,109","9,309","2,456"
Locality: 179 STAFFORD COUNTY,0402,402 - COURTHOUSE,"5,350",417,"5,767",265,22,2,27,"100,628","5,795","106,423","4,433",518,42,133,"5,636,494","314,875","5,951,369","92,172","23,109","9,309","2,456"
Locality: 179 STAFFORD COUNTY,0403,403 - BROOKE,"4,876",262,"5,138",219,31,,27,"100,628","5,795","106,423","4,433",518,42,133,"5,636,494","314,875","5,951,369","92,172","23,109","9,309","2,456"
Locality: 179 STAFFORD COUNTY,0404,404 - GOVERNMENT ISLAND,"2,677",217,"2,894",156,26,2,27,"100,628","5,795","106,423","4,433",518,42,133,"5,636,494","314,875","5,951,369","92,172","23,109","9,309","2,456"
Locality: 179 STAFFORD COUNTY,0501,501 - GRAFTON,"4,491",178,"4,669",131,26,4,27,"100,628","5,795","106,423","4,433",518,42,133,"5,636,494","314,875","5,951,369","92,172","23,109","9,309","2,456"
Locality: 179 STAFFORD COUNTY,0502,502 - FALMOUTH,"3,258",148,"3,406",75,17,2,27,"100,628","5,795","106,423","4,433",518,42,133,"5,636,494","314,875","5,951,369","92,172","23,109","9,309","2,456"
Locality: 179 STAFFORD COUNTY,0503,503 - DREW,"3,627",174,"3,801",116,8,1,27,"100,628","5,795","106,423","4,433",518,42,133,"5,636,494","314,875","5,951,369","92,172","23,109","9,309","2,456"
Locality: 179 STAFFORD COUNTY,0504,504 - GAYLE,"2,964",170,"3,134",54,7,,27,"100,628","5,795","106,423","4,433",518,42,133,"5,636,494","314,875","5,951,369","92,172","23,109","9,309","2,456"
Locality: 179 STAFFORD COUNTY,0601,601 - FERRY FARM,"2,787",149,"2,936",63,15,3,27,"100,628","5,795","106,423","4,433",518,42,133,"5,636,494","314,875","5,951,369","92,172","23,109","9,309","2,456"
Locality: 179 STAFFORD COUNTY,0602,602 - CHATHAM,"3,663",204,"3,867",114,17,,27,"100,628","5,795","106,423","4,433",518,42,133,"5,636,494","314,875","5,951,369","92,172","23,109","9,309","2,456"
Locality: 179 STAFFORD COUNTY,0603,603 - WHITE OAK,"3,981",128,"4,109",103,17,2,27,"100,628","5,795","106,423","4,433",518,42,133,"5,636,494","314,875","5,951,369","92,172","23,109","9,309","2,456"
Locality: 179 STAFFORD COUNTY,0604,604 - ENGLAND RUN,"2,909",221,"3,130",92,8,,27,"100,628","5,795","106,423","4,433",518,42,133,"5,636,494","314,875","5,951,369","92,172","23,109","9,309","2,456"
Locality: 179 STAFFORD COUNTY,0701,701 - WOODLANDS,"5,644",333,"5,977",374,27,4,27,"100,628","5,795","106,423","4,433",518,42,133,"5,636,494","314,875","5,951,369","92,172","23,109","9,309","2,456"
Locality: 179 STAFFORD COUNTY,0702,702 - WHITSON,"3,667",315,"3,982",205,24,2,27,"100,628","5,795","106,423","4,433",518,42,133,"5,636,494","314,875","5,951,369","92,172","23,109","9,309","2,456"
Locality: 179 STAFFORD COUNTY,0703,703 - HAMPTON,"5,293",309,"5,602",356,45,4,27,"100,628","5,795","106,423","4,433",518,42,133,"5,636,494","314,875","5,951,369","92,172","23,109","9,309","2,456"
Locality: 181 SURRY COUNTY,0101,101 - SURRY,"1,149",27,"1,176",10,2,,6,"5,406",172,"5,578",66,7,,133,"5,636,494","314,875","5,951,369","92,172","23,109","9,309","2,456"
Locality: 181 SURRY COUNTY,0201,201 - BACONS CASTLE,"1,052",36,"1,088",13,1,,6,"5,406",172,"5,578",66,7,,133,"5,636,494","314,875","5,951,369","92,172","23,109","9,309","2,456"
Locality: 181 SURRY COUNTY,0301,301 - DENDRON,"1,071",44,"1,115",16,1,,6,"5,406",172,"5,578",66,7,,133,"5,636,494","314,875","5,951,369","92,172","23,109","9,309","2,456"
Locality: 181 SURRY COUNTY,0401,401 - CARSLEY,"1,085",31,"1,116",13,,,6,"5,406",172,"5,578",66,7,,133,"5,636,494","314,875","5,951,369","92,172","23,109","9,309","2,456"
Locality: 181 SURRY COUNTY,0501,501 - CLAREMONT,677,15,692,13,3,,6,"5,406",172,"5,578",66,7,,133,"5,636,494","314,875","5,951,369","92,172","23,109","9,309","2,456"
Locality: 181 SURRY COUNTY,0502,502 - SPRING GROVE,372,19,391,1,,,6,"5,406",172,"5,578",66,7,,133,"5,636,494","314,875","5,951,369","92,172","23,109","9,309","2,456"
Locality: 183 SUSSEX COUNTY,0101,101 - WAVERLY,"1,110",41,"1,151",11,1,,11,"6,848",204,"7,052",62,3,,133,"5,636,494","314,875","5,951,369","92,172","23,109","9,309","2,456"
Locality: 183 SUSSEX COUNTY,0201,201 - STONY CREEK,815,28,843,6,,,11,"6,848",204,"7,052",62,3,,133,"5,636,494","314,875","5,951,369","92,172","23,109","9,309","2,456"
Locality: 183 SUSSEX COUNTY,0202,202 - LITTLE MILL,224,5,229,,,,11,"6,848",204,"7,052",62,3,,133,"5,636,494","314,875","5,951,369","92,172","23,109","9,309","2,456"
Locality: 183 SUSSEX COUNTY,0301,301 - COURTHOUSE,889,27,916,10,,,11,"6,848",204,"7,052",62,3,,133,"5,636,494","314,875","5,951,369","92,172","23,109","9,309","2,456"
Locality: 183 SUSSEX COUNTY,0302,302 - WAKEFIELD,241,3,244,1,,,11,"6,848",204,"7,052",62,3,,133,"5,636,494","314,875","5,951,369","92,172","23,109","9,309","2,456"
Locality: 183 SUSSEX COUNTY,0401,401 - MARS HILL,"1,017",26,"1,043",16,2,,11,"6,848",204,"7,052",62,3,,133,"5,636,494","314,875","5,951,369","92,172","23,109","9,309","2,456"
Locality: 183 SUSSEX COUNTY,0402,402 - WEST WAKEFIELD,134,3,137,,,,11,"6,848",204,"7,052",62,3,,133,"5,636,494","314,875","5,951,369","92,172","23,109","9,309","2,456"
Locality: 183 SUSSEX COUNTY,0501,501 - HENRY,818,18,836,7,,,11,"6,848",204,"7,052",62,3,,133,"5,636,494","314,875","5,951,369","92,172","23,109","9,309","2,456"
Locality: 183 SUSSEX COUNTY,0502,502 - YALE,374,17,391,3,,,11,"6,848",204,"7,052",62,3,,133,"5,636,494","314,875","5,951,369","92,172","23,109","9,309","2,456"
Locality: 183 SUSSEX COUNTY,0601,601 - BLACKWATER,765,18,783,4,,,11,"6,848",204,"7,052",62,3,,133,"5,636,494","314,875","5,951,369","92,172","23,109","9,309","2,456"
Locality: 183 SUSSEX COUNTY,0602,602 - NEWVILLE,461,18,479,4,,,11,"6,848",204,"7,052",62,3,,133,"5,636,494","314,875","5,951,369","92,172","23,109","9,309","2,456"
Locality: 185 TAZEWELL COUNTY,0101,101 - INDIAN VALLEY,876,52,928,3,,,20,"25,649","1,984","27,633",136,13,11,133,"5,636,494","314,875","5,951,369","92,172","23,109","9,309","2,456"
Locality: 185 TAZEWELL COUNTY,0102,102 - TIP TOP,620,50,670,2,,1,20,"25,649","1,984","27,633",136,13,11,133,"5,636,494","314,875","5,951,369","92,172","23,109","9,309","2,456"
Locality: 185 TAZEWELL COUNTY,0103,103 - MUNDY TOWN,"1,386",83,"1,469",10,2,,20,"25,649","1,984","27,633",136,13,11,133,"5,636,494","314,875","5,951,369","92,172","23,109","9,309","2,456"
Locality: 185 TAZEWELL COUNTY,0104,104 - FALLS MILLS,718,71,789,3,,,20,"25,649","1,984","27,633",136,13,11,133,"5,636,494","314,875","5,951,369","92,172","23,109","9,309","2,456"
Locality: 185 TAZEWELL COUNTY,0106,106 - POCAHONTAS,322,32,354,3,,,20,"25,649","1,984","27,633",136,13,11,133,"5,636,494","314,875","5,951,369","92,172","23,109","9,309","2,456"
Locality: 185 TAZEWELL COUNTY,0107,107 - AMONATE,114,43,157,,,,20,"25,649","1,984","27,633",136,13,11,133,"5,636,494","314,875","5,951,369","92,172","23,109","9,309","2,456"
Locality: 185 TAZEWELL COUNTY,0109,109 - BISHOP,268,28,296,1,,,20,"25,649","1,984","27,633",136,13,11,133,"5,636,494","314,875","5,951,369","92,172","23,109","9,309","2,456"
Locality: 185 TAZEWELL COUNTY,0112,112 - BANDY,253,44,297,,,,20,"25,649","1,984","27,633",136,13,11,133,"5,636,494","314,875","5,951,369","92,172","23,109","9,309","2,456"
Locality: 185 TAZEWELL COUNTY,0203,203 - BURKES GARDEN,149,19,168,,1,,20,"25,649","1,984","27,633",136,13,11,133,"5,636,494","314,875","5,951,369","92,172","23,109","9,309","2,456"
Locality: 185 TAZEWELL COUNTY,0204,204 - CLEAR FORK,711,37,748,3,1,,20,"25,649","1,984","27,633",136,13,11,133,"5,636,494","314,875","5,951,369","92,172","23,109","9,309","2,456"
Locality: 185 TAZEWELL COUNTY,0207,207 - FREESTONE,186,25,211,1,,,20,"25,649","1,984","27,633",136,13,11,133,"5,636,494","314,875","5,951,369","92,172","23,109","9,309","2,456"
Locality: 185 TAZEWELL COUNTY,0209,209 - JEFFERSONVILLE,"3,794",179,"3,973",23,1,,20,"25,649","1,984","27,633",136,13,11,133,"5,636,494","314,875","5,951,369","92,172","23,109","9,309","2,456"
Locality: 185 TAZEWELL COUNTY,0214,214 - THOMPSON VALLEY,730,51,781,2,1,,20,"25,649","1,984","27,633",136,13,11,133,"5,636,494","314,875","5,951,369","92,172","23,109","9,309","2,456"
Locality: 185 TAZEWELL COUNTY,0301,301 - CEDAR BLUFF,"2,691",289,"2,980",11,1,3,20,"25,649","1,984","27,633",136,13,11,133,"5,636,494","314,875","5,951,369","92,172","23,109","9,309","2,456"
Locality: 185 TAZEWELL COUNTY,0302,302 - BAPTIST VALLEY,605,50,655,2,1,,20,"25,649","1,984","27,633",136,13,11,133,"5,636,494","314,875","5,951,369","92,172","23,109","9,309","2,456"
Locality: 185 TAZEWELL COUNTY,0303,303 - PAINT LICK,"2,067",68,"2,135",14,,,20,"25,649","1,984","27,633",136,13,11,133,"5,636,494","314,875","5,951,369","92,172","23,109","9,309","2,456"
Locality: 185 TAZEWELL COUNTY,0401,401 - RICHLANDS,"4,690",287,"4,977",24,2,3,20,"25,649","1,984","27,633",136,13,11,133,"5,636,494","314,875","5,951,369","92,172","23,109","9,309","2,456"
Locality: 185 TAZEWELL COUNTY,0402,402 - JEWELL RIDGE,303,48,351,6,,,20,"25,649","1,984","27,633",136,13,11,133,"5,636,494","314,875","5,951,369","92,172","23,109","9,309","2,456"
Locality: 185 TAZEWELL COUNTY,0501,501 - SPRINGVILLE,"1,810",167,"1,977",10,3,2,20,"25,649","1,984","27,633",136,13,11,133,"5,636,494","314,875","5,951,369","92,172","23,109","9,309","2,456"
Locality: 185 TAZEWELL COUNTY,0502,502 - GRAHAM,"3,356",361,"3,717",18,,2,20,"25,649","1,984","27,633",136,13,11,133,"5,636,494","314,875","5,951,369","92,172","23,109","9,309","2,456"
Locality: 187 WARREN COUNTY,0101,101 - FORK TOWN,"2,055",116,"2,171",14,8,4,11,"28,058","1,247","29,305",232,53,17,133,"5,636,494","314,875","5,951,369","92,172","23,109","9,309","2,456"
Locality: 187 WARREN COUNTY,0102,102 - OTTERBURN,"3,378",113,"3,491",31,1,,11,"28,058","1,247","29,305",232,53,17,133,"5,636,494","314,875","5,951,369","92,172","23,109","9,309","2,456"
Locality: 187 WARREN COUNTY,0201,201 - HAPPY CREEK,"2,936",139,"3,075",30,8,4,11,"28,058","1,247","29,305",232,53,17,133,"5,636,494","314,875","5,951,369","92,172","23,109","9,309","2,456"
Locality: 187 WARREN COUNTY,0202,202 - LINDEN,"2,659",119,"2,778",14,8,,11,"28,058","1,247","29,305",232,53,17,133,"5,636,494","314,875","5,951,369","92,172","23,109","9,309","2,456"
Locality: 187 WARREN COUNTY,0301,301 - NORTH RIVER,"2,688",114,"2,802",21,3,3,11,"28,058","1,247","29,305",232,53,17,133,"5,636,494","314,875","5,951,369","92,172","23,109","9,309","2,456"
Locality: 187 WARREN COUNTY,0302,302 - RIVERTON,"2,871",105,"2,976",28,4,,11,"28,058","1,247","29,305",232,53,17,133,"5,636,494","314,875","5,951,369","92,172","23,109","9,309","2,456"
Locality: 187 WARREN COUNTY,0401,401 - EAST SHENANDOAH,"4,370",258,"4,628",52,8,3,11,"28,058","1,247","29,305",232,53,17,133,"5,636,494","314,875","5,951,369","92,172","23,109","9,309","2,456"
Locality: 187 WARREN COUNTY,0402,402 - TOWN - WEST SHENANDOAH,"1,739",53,"1,792",9,2,,11,"28,058","1,247","29,305",232,53,17,133,"5,636,494","314,875","5,951,369","92,172","23,109","9,309","2,456"
Locality: 187 WARREN COUNTY,0501,501 - SOUTH RIVER,"3,462",165,"3,627",17,9,3,11,"28,058","1,247","29,305",232,53,17,133,"5,636,494","314,875","5,951,369","92,172","23,109","9,309","2,456"
Locality: 187 WARREN COUNTY,0502,502 - BENTONVILLE,"1,071",46,"1,117",10,1,,11,"28,058","1,247","29,305",232,53,17,133,"5,636,494","314,875","5,951,369","92,172","23,109","9,309","2,456"
Locality: 187 WARREN COUNTY,0504,504 - BROWNTOWN,829,19,848,6,1,,11,"28,058","1,247","29,305",232,53,17,133,"5,636,494","314,875","5,951,369","92,172","23,109","9,309","2,456"
Locality: 191 WASHINGTON COUNTY,0101,101 - EAST ABINGDON,"3,625",169,"3,794",14,5,3,19,"37,349","1,167","38,516",216,38,17,133,"5,636,494","314,875","5,951,369","92,172","23,109","9,309","2,456"
Locality: 191 WASHINGTON COUNTY,0102,102 - WEST ABINGDON,"1,897",88,"1,985",10,4,2,19,"37,349","1,167","38,516",216,38,17,133,"5,636,494","314,875","5,951,369","92,172","23,109","9,309","2,456"
Locality: 191 WASHINGTON COUNTY,0201,201 - CLINCHBURG,"1,117",37,"1,154",3,1,,19,"37,349","1,167","38,516",216,38,17,133,"5,636,494","314,875","5,951,369","92,172","23,109","9,309","2,456"
Locality: 191 WASHINGTON COUNTY,0202,202 - GREENDALE,"1,911",43,"1,954",9,2,,19,"37,349","1,167","38,516",216,38,17,133,"5,636,494","314,875","5,951,369","92,172","23,109","9,309","2,456"
Locality: 191 WASHINGTON COUNTY,0203,203 - HAYTERS GAP,664,19,683,5,,1,19,"37,349","1,167","38,516",216,38,17,133,"5,636,494","314,875","5,951,369","92,172","23,109","9,309","2,456"
Locality: 191 WASHINGTON COUNTY,0204,204 WOODLAND HILLS,"1,607",42,"1,649",10,,,19,"37,349","1,167","38,516",216,38,17,133,"5,636,494","314,875","5,951,369","92,172","23,109","9,309","2,456"
Locality: 191 WASHINGTON COUNTY,0301,301 - WATAUGA,"2,846",98,"2,944",14,4,1,19,"37,349","1,167","38,516",216,38,17,133,"5,636,494","314,875","5,951,369","92,172","23,109","9,309","2,456"
Locality: 191 WASHINGTON COUNTY,0302,302 - SOUTH ABINGDON,"3,005",135,"3,140",19,8,1,19,"37,349","1,167","38,516",216,38,17,133,"5,636,494","314,875","5,951,369","92,172","23,109","9,309","2,456"
Locality: 191 WASHINGTON COUNTY,0401,401 - GLADE SPRING,"2,154",53,"2,207",13,1,2,19,"37,349","1,167","38,516",216,38,17,133,"5,636,494","314,875","5,951,369","92,172","23,109","9,309","2,456"
Locality: 191 WASHINGTON COUNTY,0402,402 - MEADOWVIEW,"2,673",74,"2,747",15,1,3,19,"37,349","1,167","38,516",216,38,17,133,"5,636,494","314,875","5,951,369","92,172","23,109","9,309","2,456"
Locality: 191 WASHINGTON COUNTY,0501,501 - RHEA VALLEY,"3,190",71,"3,261",26,2,1,19,"37,349","1,167","38,516",216,38,17,133,"5,636,494","314,875","5,951,369","92,172","23,109","9,309","2,456"
Locality: 191 WASHINGTON COUNTY,0502,502 - DAMASCUS,"1,595",46,"1,641",9,4,,19,"37,349","1,167","38,516",216,38,17,133,"5,636,494","314,875","5,951,369","92,172","23,109","9,309","2,456"
Locality: 191 WASHINGTON COUNTY,0504,504 - GREEN COVE,253,1,254,,,,19,"37,349","1,167","38,516",216,38,17,133,"5,636,494","314,875","5,951,369","92,172","23,109","9,309","2,456"
Locality: 191 WASHINGTON COUNTY,0601,601 - BURSON PLACE,"2,632",64,"2,696",9,,1,19,"37,349","1,167","38,516",216,38,17,133,"5,636,494","314,875","5,951,369","92,172","23,109","9,309","2,456"
Locality: 191 WASHINGTON COUNTY,0602,602 - MENDOTA,504,12,516,5,,,19,"37,349","1,167","38,516",216,38,17,133,"5,636,494","314,875","5,951,369","92,172","23,109","9,309","2,456"
Locality: 191 WASHINGTON COUNTY,0603,603 - VALLEY INSTITUTE,"2,010",43,"2,053",15,1,2,19,"37,349","1,167","38,516",216,38,17,133,"5,636,494","314,875","5,951,369","92,172","23,109","9,309","2,456"
Locality: 191 WASHINGTON COUNTY,0701,701 - HIGH POINT,"2,190",62,"2,252",12,4,,19,"37,349","1,167","38,516",216,38,17,133,"5,636,494","314,875","5,951,369","92,172","23,109","9,309","2,456"
Locality: 191 WASHINGTON COUNTY,0702,702 - WALLACE,"1,060",26,"1,086",12,,,19,"37,349","1,167","38,516",216,38,17,133,"5,636,494","314,875","5,951,369","92,172","23,109","9,309","2,456"
Locality: 191 WASHINGTON COUNTY,0703,703 - JOHN BATTLE,"2,416",84,"2,500",16,1,,19,"37,349","1,167","38,516",216,38,17,133,"5,636,494","314,875","5,951,369","92,172","23,109","9,309","2,456"
Locality: 193 WESTMORELAND COUNTY,0101,101 - PRECINCT 1-1,"1,505",54,"1,559",10,4,,8,"13,123",505,"13,628",154,27,6,133,"5,636,494","314,875","5,951,369","92,172","23,109","9,309","2,456"
Locality: 193 WESTMORELAND COUNTY,0102,102 - PRECINCT 1-2,863,21,884,8,1,2,8,"13,123",505,"13,628",154,27,6,133,"5,636,494","314,875","5,951,369","92,172","23,109","9,309","2,456"
Locality: 193 WESTMORELAND COUNTY,0201,201 - PRECINCT 2-1,"1,821",58,"1,879",10,10,2,8,"13,123",505,"13,628",154,27,6,133,"5,636,494","314,875","5,951,369","92,172","23,109","9,309","2,456"
Locality: 193 WESTMORELAND COUNTY,0202,202 - PRECINCT 2-2,"1,006",27,"1,033",16,,,8,"13,123",505,"13,628",154,27,6,133,"5,636,494","314,875","5,951,369","92,172","23,109","9,309","2,456"
Locality: 193 WESTMORELAND COUNTY,0301,301 - PRECINCT 3-1,"1,408",43,"1,451",13,,,8,"13,123",505,"13,628",154,27,6,133,"5,636,494","314,875","5,951,369","92,172","23,109","9,309","2,456"
Locality: 193 WESTMORELAND COUNTY,0302,302 - PRECINCT 3-2,"1,190",42,"1,232",14,2,,8,"13,123",505,"13,628",154,27,6,133,"5,636,494","314,875","5,951,369","92,172","23,109","9,309","2,456"
Locality: 193 WESTMORELAND COUNTY,0401,401 - PRECINCT 4-1,"2,667",110,"2,777",34,1,,8,"13,123",505,"13,628",154,27,6,133,"5,636,494","314,875","5,951,369","92,172","23,109","9,309","2,456"
Locality: 193 WESTMORELAND COUNTY,0501,501 - PRECINCT 5-1,"2,663",150,"2,813",49,9,2,8,"13,123",505,"13,628",154,27,6,133,"5,636,494","314,875","5,951,369","92,172","23,109","9,309","2,456"
Locality: 195 WISE COUNTY,0101,101 - APPALACHIA,"1,473",55,"1,528",5,1,,12,"23,331",803,"24,134",109,20,1,133,"5,636,494","314,875","5,951,369","92,172","23,109","9,309","2,456"
Locality: 195 WISE COUNTY,0102,102 - DORCHESTER,940,20,960,2,1,,12,"23,331",803,"24,134",109,20,1,133,"5,636,494","314,875","5,951,369","92,172","23,109","9,309","2,456"
Locality: 195 WISE COUNTY,0103,103 - GUEST RIVER VOTING PLACE,978,38,"1,016",4,,,12,"23,331",803,"24,134",109,20,1,133,"5,636,494","314,875","5,951,369","92,172","23,109","9,309","2,456"
Locality: 195 WISE COUNTY,0104,104 - WEST POUND,"2,495",70,"2,565",9,1,,12,"23,331",803,"24,134",109,20,1,133,"5,636,494","314,875","5,951,369","92,172","23,109","9,309","2,456"
Locality: 195 WISE COUNTY,0201,201 - NORTH COEBURN,"1,366",44,"1,410",4,,,12,"23,331",803,"24,134",109,20,1,133,"5,636,494","314,875","5,951,369","92,172","23,109","9,309","2,456"
Locality: 195 WISE COUNTY,0202,202 - WISE,"3,621",156,"3,777",18,6,,12,"23,331",803,"24,134",109,20,1,133,"5,636,494","314,875","5,951,369","92,172","23,109","9,309","2,456"
Locality: 195 WISE COUNTY,0203,203 - EAST POUND,655,16,671,3,,,12,"23,331",803,"24,134",109,20,1,133,"5,636,494","314,875","5,951,369","92,172","23,109","9,309","2,456"
Locality: 195 WISE COUNTY,0301,301 - BIG STONE GAP,"2,948",103,"3,051",14,5,1,12,"23,331",803,"24,134",109,20,1,133,"5,636,494","314,875","5,951,369","92,172","23,109","9,309","2,456"
Locality: 195 WISE COUNTY,0302,302 - EAST STONE GAP,"2,831",97,"2,928",11,2,,12,"23,331",803,"24,134",109,20,1,133,"5,636,494","314,875","5,951,369","92,172","23,109","9,309","2,456"
Locality: 195 WISE COUNTY,0401,401 - CLINCH VALLEY,"2,389",74,"2,463",18,2,,12,"23,331",803,"24,134",109,20,1,133,"5,636,494","314,875","5,951,369","92,172","23,109","9,309","2,456"
Locality: 195 WISE COUNTY,0402,402 - SOUTH COEBURN,"2,705",105,"2,810",15,2,,12,"23,331",803,"24,134",109,20,1,133,"5,636,494","314,875","5,951,369","92,172","23,109","9,309","2,456"
Locality: 195 WISE COUNTY,0403,403 - ST PAUL,930,25,955,6,,,12,"23,331",803,"24,134",109,20,1,133,"5,636,494","314,875","5,951,369","92,172","23,109","9,309","2,456"
Locality: 197 WYTHE COUNTY,0101,101 - ROYAL OAK,790,18,808,7,,,11,"19,958",535,"20,493",105,12,9,133,"5,636,494","314,875","5,951,369","92,172","23,109","9,309","2,456"
Locality: 197 WYTHE COUNTY,0102,102 - RURAL RETREAT,"2,624",55,"2,679",14,,1,11,"19,958",535,"20,493",105,12,9,133,"5,636,494","314,875","5,951,369","92,172","23,109","9,309","2,456"
Locality: 197 WYTHE COUNTY,0203,203 - WEST WYTHEVILLE,"3,336",106,"3,442",17,3,5,11,"19,958",535,"20,493",105,12,9,133,"5,636,494","314,875","5,951,369","92,172","23,109","9,309","2,456"
Locality: 197 WYTHE COUNTY,0303,303 - EAST WYTHEVILLE,"3,424",137,"3,561",19,3,3,11,"19,958",535,"20,493",105,12,9,133,"5,636,494","314,875","5,951,369","92,172","23,109","9,309","2,456"
Locality: 197 WYTHE COUNTY,0401,401 - FORT CHISWELL,"1,583",38,"1,621",6,,,11,"19,958",535,"20,493",105,12,9,133,"5,636,494","314,875","5,951,369","92,172","23,109","9,309","2,456"
Locality: 197 WYTHE COUNTY,0402,402 - MAX MEADOWS,"1,739",30,"1,769",7,1,,11,"19,958",535,"20,493",105,12,9,133,"5,636,494","314,875","5,951,369","92,172","23,109","9,309","2,456"
Locality: 197 WYTHE COUNTY,0501,501 - JACKSON MEMORIAL,"1,337",26,"1,363",9,,,11,"19,958",535,"20,493",105,12,9,133,"5,636,494","314,875","5,951,369","92,172","23,109","9,309","2,456"
Locality: 197 WYTHE COUNTY,0502,502 - SHEFFEY,"1,844",43,"1,887",11,2,,11,"19,958",535,"20,493",105,12,9,133,"5,636,494","314,875","5,951,369","92,172","23,109","9,309","2,456"
Locality: 197 WYTHE COUNTY,0601,601 - HUDDLE,802,18,820,4,1,,11,"19,958",535,"20,493",105,12,9,133,"5,636,494","314,875","5,951,369","92,172","23,109","9,309","2,456"
Locality: 197 WYTHE COUNTY,0602,602 - ZION,"1,406",43,"1,449",7,1,,11,"19,958",535,"20,493",105,12,9,133,"5,636,494","314,875","5,951,369","92,172","23,109","9,309","2,456"
Locality: 197 WYTHE COUNTY,0603,603   EVERGREEN,"1,073",21,"1,094",4,1,,11,"19,958",535,"20,493",105,12,9,133,"5,636,494","314,875","5,951,369","92,172","23,109","9,309","2,456"
Locality: 199 YORK COUNTY,0101,101 - QUEENS LAKE,"2,334",86,"2,420",100,21,5,13,"46,737","2,355","49,092","2,418",243,50,133,"5,636,494","314,875","5,951,369","92,172","23,109","9,309","2,456"
Locality: 199 YORK COUNTY,0102,102 - WALLER MILL,"4,218",173,"4,391",127,57,4,13,"46,737","2,355","49,092","2,418",243,50,133,"5,636,494","314,875","5,951,369","92,172","23,109","9,309","2,456"
Locality: 199 YORK COUNTY,0103,103 - MAGRUDER,"4,507",241,"4,748",296,14,2,13,"46,737","2,355","49,092","2,418",243,50,133,"5,636,494","314,875","5,951,369","92,172","23,109","9,309","2,456"
Locality: 199 YORK COUNTY,0201,201 - COVENTRY,"4,410",368,"4,778",499,20,5,13,"46,737","2,355","49,092","2,418",243,50,133,"5,636,494","314,875","5,951,369","92,172","23,109","9,309","2,456"
Locality: 199 YORK COUNTY,0202,202 - KILN CREEK,"2,451",129,"2,580",121,11,2,13,"46,737","2,355","49,092","2,418",243,50,133,"5,636,494","314,875","5,951,369","92,172","23,109","9,309","2,456"
Locality: 199 YORK COUNTY,0301,301 - SEAFORD,"3,964",135,"4,099",105,6,3,13,"46,737","2,355","49,092","2,418",243,50,133,"5,636,494","314,875","5,951,369","92,172","23,109","9,309","2,456"
Locality: 199 YORK COUNTY,0302,302 - YORKTOWN,"2,991",122,"3,113",131,14,3,13,"46,737","2,355","49,092","2,418",243,50,133,"5,636,494","314,875","5,951,369","92,172","23,109","9,309","2,456"
Locality: 199 YORK COUNTY,0303,303 - EDGEHILL,"3,510",197,"3,707",188,19,9,13,"46,737","2,355","49,092","2,418",243,50,133,"5,636,494","314,875","5,951,369","92,172","23,109","9,309","2,456"
Locality: 199 YORK COUNTY,0401,401 - HARWOODS MILL,"3,826",130,"3,956",109,14,3,13,"46,737","2,355","49,092","2,418",243,50,133,"5,636,494","314,875","5,951,369","92,172","23,109","9,309","2,456"
Locality: 199 YORK COUNTY,0402,402 - DARE,"3,886",184,"4,070",116,24,6,13,"46,737","2,355","49,092","2,418",243,50,133,"5,636,494","314,875","5,951,369","92,172","23,109","9,309","2,456"
Locality: 199 YORK COUNTY,0403,403 - GRAFTON,"2,170",87,"2,257",74,8,,13,"46,737","2,355","49,092","2,418",243,50,133,"5,636,494","314,875","5,951,369","92,172","23,109","9,309","2,456"
Locality: 199 YORK COUNTY,0501,501 - TABB,"4,060",187,"4,247",170,13,4,13,"46,737","2,355","49,092","2,418",243,50,133,"5,636,494","314,875","5,951,369","92,172","23,109","9,309","2,456"
Locality: 199 YORK COUNTY,0502,502 - BETHEL,"4,410",316,"4,726",382,22,4,13,"46,737","2,355","49,092","2,418",243,50,133,"5,636,494","314,875","5,951,369","92,172","23,109","9,309","2,456"
Locality: 510 ALEXANDRIA CITY,0101,101 - LADREY SENIOR BUILDING,"2,852",274,"3,126",22,51,9,30,"96,302","11,024","107,326","1,133","1,477",542,133,"5,636,494","314,875","5,951,369","92,172","23,109","9,309","2,456"
Locality: 510 ALEXANDRIA CITY,0102,102 - CITY HALL,"2,804",217,"3,021",22,70,21,30,"96,302","11,024","107,326","1,133","1,477",542,133,"5,636,494","314,875","5,951,369","92,172","23,109","9,309","2,456"
Locality: 510 ALEXANDRIA CITY,0103,103 - LYLES CROUCH SCHOOL,"3,715",432,"4,147",54,75,49,30,"96,302","11,024","107,326","1,133","1,477",542,133,"5,636,494","314,875","5,951,369","92,172","23,109","9,309","2,456"
Locality: 510 ALEXANDRIA CITY,0104,104 - DURANT CENTER,"2,921",316,"3,237",33,44,29,30,"96,302","11,024","107,326","1,133","1,477",542,133,"5,636,494","314,875","5,951,369","92,172","23,109","9,309","2,456"
Locality: 510 ALEXANDRIA CITY,0105,105 - LEE CENTER,"2,596",338,"2,934",40,41,12,30,"96,302","11,024","107,326","1,133","1,477",542,133,"5,636,494","314,875","5,951,369","92,172","23,109","9,309","2,456"
Locality: 510 ALEXANDRIA CITY,0106,106 - CORA KELLY,"4,057",638,"4,695",52,51,16,30,"96,302","11,024","107,326","1,133","1,477",542,133,"5,636,494","314,875","5,951,369","92,172","23,109","9,309","2,456"
Locality: 510 ALEXANDRIA CITY,0107,107 - MT VERNON RECREATION CENTER,"4,157",422,"4,579",56,102,32,30,"96,302","11,024","107,326","1,133","1,477",542,133,"5,636,494","314,875","5,951,369","92,172","23,109","9,309","2,456"
Locality: 510 ALEXANDRIA CITY,0108,108 - GEORGE WASHINGTON MIDDLE SCH,"4,029",401,"4,430",39,76,20,30,"96,302","11,024","107,326","1,133","1,477",542,133,"5,636,494","314,875","5,951,369","92,172","23,109","9,309","2,456"
Locality: 510 ALEXANDRIA CITY,0109,109 - FIRE DEPARTMENT HEADQUARTERS,"2,506",258,"2,764",51,103,12,30,"96,302","11,024","107,326","1,133","1,477",542,133,"5,636,494","314,875","5,951,369","92,172","23,109","9,309","2,456"
Locality: 510 ALEXANDRIA CITY,0110,110 - CHARLES HOUSTON CENTER,"3,481",453,"3,934",58,57,11,30,"96,302","11,024","107,326","1,133","1,477",542,133,"5,636,494","314,875","5,951,369","92,172","23,109","9,309","2,456"
Locality: 510 ALEXANDRIA CITY,0111,111 - POTOMAC YARD,"1,647",294,"1,941",26,28,2,30,"96,302","11,024","107,326","1,133","1,477",542,133,"5,636,494","314,875","5,951,369","92,172","23,109","9,309","2,456"
Locality: 510 ALEXANDRIA CITY,0112,112 - ALEX RENEW,"2,471",459,"2,930",46,42,11,30,"96,302","11,024","107,326","1,133","1,477",542,133,"5,636,494","314,875","5,951,369","92,172","23,109","9,309","2,456"
Locality: 510 ALEXANDRIA CITY,0201,201 - NAOMI L. BROOKS SCHOOL,"2,764",192,"2,956",24,60,23,30,"96,302","11,024","107,326","1,133","1,477",542,133,"5,636,494","314,875","5,951,369","92,172","23,109","9,309","2,456"
Locality: 510 ALEXANDRIA CITY,0202,202 - GEORGE MASON SCHOOL,"2,833",124,"2,957",15,28,21,30,"96,302","11,024","107,326","1,133","1,477",542,133,"5,636,494","314,875","5,951,369","92,172","23,109","9,309","2,456"
Locality: 510 ALEXANDRIA CITY,0203,203 - CHARLES BARRETT CENTER,"2,639",305,"2,944",28,58,24,30,"96,302","11,024","107,326","1,133","1,477",542,133,"5,636,494","314,875","5,951,369","92,172","23,109","9,309","2,456"
Locality: 510 ALEXANDRIA CITY,0204,204 - BLESSED SACRAMENT CHURCH,"2,675",142,"2,817",23,34,13,30,"96,302","11,024","107,326","1,133","1,477",542,133,"5,636,494","314,875","5,951,369","92,172","23,109","9,309","2,456"
Locality: 510 ALEXANDRIA CITY,0205,205 - DOUGLAS MACARTHUR SCHOOL,"3,904",393,"4,297",40,68,22,30,"96,302","11,024","107,326","1,133","1,477",542,133,"5,636,494","314,875","5,951,369","92,172","23,109","9,309","2,456"
Locality: 510 ALEXANDRIA CITY,0206,206 - CHINQUAPIN PARK RECREATION CTR,"2,954",285,"3,239",28,40,17,30,"96,302","11,024","107,326","1,133","1,477",542,133,"5,636,494","314,875","5,951,369","92,172","23,109","9,309","2,456"
Locality: 510 ALEXANDRIA CITY,0207,207 - TEMPLE BETH EL SYNAGOGUE,"3,865",268,"4,133",44,53,20,30,"96,302","11,024","107,326","1,133","1,477",542,133,"5,636,494","314,875","5,951,369","92,172","23,109","9,309","2,456"
Locality: 510 ALEXANDRIA CITY,0208,208 - NOVA ARTS CENTER,"4,140",688,"4,828",66,64,17,30,"96,302","11,024","107,326","1,133","1,477",542,133,"5,636,494","314,875","5,951,369","92,172","23,109","9,309","2,456"
Locality: 510 ALEXANDRIA CITY,0209,209 - JAMES K POLK SCHOOL,"3,959",393,"4,352",36,52,22,30,"96,302","11,024","107,326","1,133","1,477",542,133,"5,636,494","314,875","5,951,369","92,172","23,109","9,309","2,456"
Locality: 510 ALEXANDRIA CITY,0210,210 - The Hermitage,"2,270",191,"2,461",20,13,3,30,"96,302","11,024","107,326","1,133","1,477",542,133,"5,636,494","314,875","5,951,369","92,172","23,109","9,309","2,456"
Locality: 510 ALEXANDRIA CITY,0302,302 - PATRICK HENRY REC CENTER,"3,082",510,"3,592",33,21,22,30,"96,302","11,024","107,326","1,133","1,477",542,133,"5,636,494","314,875","5,951,369","92,172","23,109","9,309","2,456"
Locality: 510 ALEXANDRIA CITY,0303,303 - CHARLES E BEATLEY LIBRARY,"3,110",366,"3,476",22,29,9,30,"96,302","11,024","107,326","1,133","1,477",542,133,"5,636,494","314,875","5,951,369","92,172","23,109","9,309","2,456"
Locality: 510 ALEXANDRIA CITY,0304,304 - SAMUEL TUCKER SCHOOL,"3,544",538,"4,082",40,40,16,30,"96,302","11,024","107,326","1,133","1,477",542,133,"5,636,494","314,875","5,951,369","92,172","23,109","9,309","2,456"
Locality: 510 ALEXANDRIA CITY,0305,305 - JOHN ADAMS SCHOOL,"3,887",614,"4,501",32,28,15,30,"96,302","11,024","107,326","1,133","1,477",542,133,"5,636,494","314,875","5,951,369","92,172","23,109","9,309","2,456"
Locality: 510 ALEXANDRIA CITY,0306,306 - WILLIAM RAMSAY SCHOOL,"4,164",448,"4,612",44,26,26,30,"96,302","11,024","107,326","1,133","1,477",542,133,"5,636,494","314,875","5,951,369","92,172","23,109","9,309","2,456"
Locality: 510 ALEXANDRIA CITY,0307,307 - SOUTH PORT,"3,403",303,"3,706",28,28,20,30,"96,302","11,024","107,326","1,133","1,477",542,133,"5,636,494","314,875","5,951,369","92,172","23,109","9,309","2,456"
Locality: 510 ALEXANDRIA CITY,0308,308 - CAMERON STATION COMMUNITY CTR,"3,461",360,"3,821",96,71,15,30,"96,302","11,024","107,326","1,133","1,477",542,133,"5,636,494","314,875","5,951,369","92,172","23,109","9,309","2,456"
Locality: 510 ALEXANDRIA CITY,0309,309 - OLYMPUS CONDO,"2,412",402,"2,814",15,24,13,30,"96,302","11,024","107,326","1,133","1,477",542,133,"5,636,494","314,875","5,951,369","92,172","23,109","9,309","2,456"
Locality: 520 BRISTOL CITY,0001,001 - FIRST WARD,"2,163",183,"2,346",10,2,,4,"10,946",860,"11,806",75,11,8,133,"5,636,494","314,875","5,951,369","92,172","23,109","9,309","2,456"
Locality: 520 BRISTOL CITY,0002,002 - SECOND WARD,"2,607",246,"2,853",24,6,4,4,"10,946",860,"11,806",75,11,8,133,"5,636,494","314,875","5,951,369","92,172","23,109","9,309","2,456"
Locality: 520 BRISTOL CITY,0003,003 - THIRD WARD,"2,290",219,"2,509",26,2,2,4,"10,946",860,"11,806",75,11,8,133,"5,636,494","314,875","5,951,369","92,172","23,109","9,309","2,456"
Locality: 520 BRISTOL CITY,0004,004 - FOURTH WARD,"3,886",212,"4,098",15,1,2,4,"10,946",860,"11,806",75,11,8,133,"5,636,494","314,875","5,951,369","92,172","23,109","9,309","2,456"
Locality: 530 BUENA VISTA CITY,0001,001 - FIRST WARD,"2,087",91,"2,178",7,2,1,2,"4,015",296,"4,311",19,8,4,133,"5,636,494","314,875","5,951,369","92,172","23,109","9,309","2,456"
Locality: 530 BUENA VISTA CITY,0002,002 - SECOND WARD,"1,928",205,"2,133",12,6,3,2,"4,015",296,"4,311",19,8,4,133,"5,636,494","314,875","5,951,369","92,172","23,109","9,309","2,456"
Locality: 540 CHARLOTTESVILLE CITY,0101,101 - Key Recreation,"3,830",291,"4,121",16,45,26,9,"30,845","2,704","33,549",184,339,179,133,"5,636,494","314,875","5,951,369","92,172","23,109","9,309","2,456"
Locality: 540 CHARLOTTESVILLE CITY,0102,102 - CLARK,"4,131",238,"4,369",24,26,16,9,"30,845","2,704","33,549",184,339,179,133,"5,636,494","314,875","5,951,369","92,172","23,109","9,309","2,456"
Locality: 540 CHARLOTTESVILLE CITY,0201,201 - CARVER,"3,589",356,"3,945",24,51,19,9,"30,845","2,704","33,549",184,339,179,133,"5,636,494","314,875","5,951,369","92,172","23,109","9,309","2,456"
Locality: 540 CHARLOTTESVILLE CITY,0202,202 - WALKER,"4,126",168,"4,294",25,51,29,9,"30,845","2,704","33,549",184,339,179,133,"5,636,494","314,875","5,951,369","92,172","23,109","9,309","2,456"
Locality: 540 CHARLOTTESVILLE CITY,0301,301 - BENJAMIN TONSLER,"3,526",287,"3,813",23,35,8,9,"30,845","2,704","33,549",184,339,179,133,"5,636,494","314,875","5,951,369","92,172","23,109","9,309","2,456"
Locality: 540 CHARLOTTESVILLE CITY,0302,302 - JOHNSON,"4,189",298,"4,487",28,44,12,9,"30,845","2,704","33,549",184,339,179,133,"5,636,494","314,875","5,951,369","92,172","23,109","9,309","2,456"
Locality: 540 CHARLOTTESVILLE CITY,0303,303 - BUFORD,"2,193",262,"2,455",18,30,19,9,"30,845","2,704","33,549",184,339,179,133,"5,636,494","314,875","5,951,369","92,172","23,109","9,309","2,456"
Locality: 540 CHARLOTTESVILLE CITY,0401,401 - VENABLE,"2,526",437,"2,963",11,19,12,9,"30,845","2,704","33,549",184,339,179,133,"5,636,494","314,875","5,951,369","92,172","23,109","9,309","2,456"
Locality: 540 CHARLOTTESVILLE CITY,0402,402 - ALUMNI HALL,"2,735",367,"3,102",15,38,38,9,"30,845","2,704","33,549",184,339,179,133,"5,636,494","314,875","5,951,369","92,172","23,109","9,309","2,456"
Locality: 550 CHESAPEAKE CITY,0001,001 - GREAT BRIDGE,"2,761",128,"2,889",99,6,,63,"160,932","10,385","171,317","7,533",397,68,133,"5,636,494","314,875","5,951,369","92,172","23,109","9,309","2,456"
Locality: 550 CHESAPEAKE CITY,0002,002 - BETHEL,"2,610",119,"2,729",152,3,,63,"160,932","10,385","171,317","7,533",397,68,133,"5,636,494","314,875","5,951,369","92,172","23,109","9,309","2,456"
Locality: 550 CHESAPEAKE CITY,0003,003 - CAMELOT,"2,357",138,"2,495",89,8,,63,"160,932","10,385","171,317","7,533",397,68,133,"5,636,494","314,875","5,951,369","92,172","23,109","9,309","2,456"
Locality: 550 CHESAPEAKE CITY,0004,004 - CHURCHLAND,"2,407",122,"2,529",79,8,1,63,"160,932","10,385","171,317","7,533",397,68,133,"5,636,494","314,875","5,951,369","92,172","23,109","9,309","2,456"
Locality: 550 CHESAPEAKE CITY,0005,005 - CRESTWOOD,"2,697",182,"2,879",119,9,1,63,"160,932","10,385","171,317","7,533",397,68,133,"5,636,494","314,875","5,951,369","92,172","23,109","9,309","2,456"
Locality: 550 CHESAPEAKE CITY,0006,006 - DEEP CREEK,"2,805",167,"2,972",172,1,,63,"160,932","10,385","171,317","7,533",397,68,133,"5,636,494","314,875","5,951,369","92,172","23,109","9,309","2,456"
Locality: 550 CHESAPEAKE CITY,0007,007 - GREENBRIER,"2,452",169,"2,621",101,11,,63,"160,932","10,385","171,317","7,533",397,68,133,"5,636,494","314,875","5,951,369","92,172","23,109","9,309","2,456"
Locality: 550 CHESAPEAKE CITY,0008,008 - SOUTH NORFOLK RECREATION,"3,192",192,"3,384",152,2,1,63,"160,932","10,385","171,317","7,533",397,68,133,"5,636,494","314,875","5,951,369","92,172","23,109","9,309","2,456"
Locality: 550 CHESAPEAKE CITY,0009,009 - BELLS MILL,"3,759",174,"3,933",189,16,2,63,"160,932","10,385","171,317","7,533",397,68,133,"5,636,494","314,875","5,951,369","92,172","23,109","9,309","2,456"
Locality: 550 CHESAPEAKE CITY,0010,010 - OSCAR SMITH,"1,497",89,"1,586",54,2,,63,"160,932","10,385","171,317","7,533",397,68,133,"5,636,494","314,875","5,951,369","92,172","23,109","9,309","2,456"
Locality: 550 CHESAPEAKE CITY,0011,011 - GENEVA PARK,"2,630",228,"2,858",78,1,,63,"160,932","10,385","171,317","7,533",397,68,133,"5,636,494","314,875","5,951,369","92,172","23,109","9,309","2,456"
Locality: 550 CHESAPEAKE CITY,0012,012 - GEORGETOWN,"2,261",131,"2,392",74,2,,63,"160,932","10,385","171,317","7,533",397,68,133,"5,636,494","314,875","5,951,369","92,172","23,109","9,309","2,456"
Locality: 550 CHESAPEAKE CITY,0013,013 - GILMERTON,"2,351",161,"2,512",106,4,,63,"160,932","10,385","171,317","7,533",397,68,133,"5,636,494","314,875","5,951,369","92,172","23,109","9,309","2,456"
Locality: 550 CHESAPEAKE CITY,0014,014 - GRASSFIELD,"3,774",260,"4,034",192,20,5,63,"160,932","10,385","171,317","7,533",397,68,133,"5,636,494","314,875","5,951,369","92,172","23,109","9,309","2,456"
Locality: 550 CHESAPEAKE CITY,0015,015 - GREENBRIER MIDDLE SCHOOL,"3,237",401,"3,638",158,9,2,63,"160,932","10,385","171,317","7,533",397,68,133,"5,636,494","314,875","5,951,369","92,172","23,109","9,309","2,456"
Locality: 550 CHESAPEAKE CITY,0016,016 - HICKORY GROVE,"2,907",123,"3,030",105,8,2,63,"160,932","10,385","171,317","7,533",397,68,133,"5,636,494","314,875","5,951,369","92,172","23,109","9,309","2,456"
Locality: 550 CHESAPEAKE CITY,0017,017 - INDIAN CREEK,"2,008",90,"2,098",78,9,,63,"160,932","10,385","171,317","7,533",397,68,133,"5,636,494","314,875","5,951,369","92,172","23,109","9,309","2,456"
Locality: 550 CHESAPEAKE CITY,0018,018 - INDIAN RIVER,"2,369",165,"2,534",102,1,,63,"160,932","10,385","171,317","7,533",397,68,133,"5,636,494","314,875","5,951,369","92,172","23,109","9,309","2,456"
Locality: 550 CHESAPEAKE CITY,0019,019 - JOLLIFF,"1,761",100,"1,861",95,6,,63,"160,932","10,385","171,317","7,533",397,68,133,"5,636,494","314,875","5,951,369","92,172","23,109","9,309","2,456"
Locality: 550 CHESAPEAKE CITY,0020,020 - E W CHITTUM,"2,819",116,"2,935",113,9,1,63,"160,932","10,385","171,317","7,533",397,68,133,"5,636,494","314,875","5,951,369","92,172","23,109","9,309","2,456"
Locality: 550 CHESAPEAKE CITY,0021,021 - FELLOWSHIP,"2,758",160,"2,918",87,4,1,63,"160,932","10,385","171,317","7,533",397,68,133,"5,636,494","314,875","5,951,369","92,172","23,109","9,309","2,456"
Locality: 550 CHESAPEAKE CITY,0022,022 - NORFOLK HIGHLANDS,"1,892",104,"1,996",76,1,,63,"160,932","10,385","171,317","7,533",397,68,133,"5,636,494","314,875","5,951,369","92,172","23,109","9,309","2,456"
Locality: 550 CHESAPEAKE CITY,0023,023 - OAK GROVE,"3,026",195,"3,221",117,8,1,63,"160,932","10,385","171,317","7,533",397,68,133,"5,636,494","314,875","5,951,369","92,172","23,109","9,309","2,456"
Locality: 550 CHESAPEAKE CITY,0024,024 - OAKLETTE,"2,726",192,"2,918",89,2,2,63,"160,932","10,385","171,317","7,533",397,68,133,"5,636,494","314,875","5,951,369","92,172","23,109","9,309","2,456"
Locality: 550 CHESAPEAKE CITY,0025,025 - ST JULIANS,"2,417",203,"2,620",73,1,1,63,"160,932","10,385","171,317","7,533",397,68,133,"5,636,494","314,875","5,951,369","92,172","23,109","9,309","2,456"
Locality: 550 CHESAPEAKE CITY,0026,026 - JOHNSON PARK,"1,473",128,"1,601",62,3,,63,"160,932","10,385","171,317","7,533",397,68,133,"5,636,494","314,875","5,951,369","92,172","23,109","9,309","2,456"
Locality: 550 CHESAPEAKE CITY,0027,027 - SILVERWOOD,"2,697",136,"2,833",106,6,2,63,"160,932","10,385","171,317","7,533",397,68,133,"5,636,494","314,875","5,951,369","92,172","23,109","9,309","2,456"
Locality: 550 CHESAPEAKE CITY,0028,028 - SUNRAY I,470,22,492,29,,,63,"160,932","10,385","171,317","7,533",397,68,133,"5,636,494","314,875","5,951,369","92,172","23,109","9,309","2,456"
Locality: 550 CHESAPEAKE CITY,0029,029 - TANGLEWOOD,"2,252",100,"2,352",94,2,,63,"160,932","10,385","171,317","7,533",397,68,133,"5,636,494","314,875","5,951,369","92,172","23,109","9,309","2,456"
Locality: 550 CHESAPEAKE CITY,0030,030 - SOUTH NORFOLK,"1,385",79,"1,464",48,2,,63,"160,932","10,385","171,317","7,533",397,68,133,"5,636,494","314,875","5,951,369","92,172","23,109","9,309","2,456"
Locality: 550 CHESAPEAKE CITY,0031,031 - CARVER SCHOOL,"3,485",235,"3,720",101,3,,63,"160,932","10,385","171,317","7,533",397,68,133,"5,636,494","314,875","5,951,369","92,172","23,109","9,309","2,456"
Locality: 550 CHESAPEAKE CITY,0032,032 - PROVIDENCE,"3,834",268,"4,102",116,4,,63,"160,932","10,385","171,317","7,533",397,68,133,"5,636,494","314,875","5,951,369","92,172","23,109","9,309","2,456"
Locality: 550 CHESAPEAKE CITY,0033,033 - WESTOVER,"1,576",137,"1,713",54,2,2,63,"160,932","10,385","171,317","7,533",397,68,133,"5,636,494","314,875","5,951,369","92,172","23,109","9,309","2,456"
Locality: 550 CHESAPEAKE CITY,0034,034 - HICKORY MIDDLE SCHOOL,"3,420",186,"3,606",132,15,,63,"160,932","10,385","171,317","7,533",397,68,133,"5,636,494","314,875","5,951,369","92,172","23,109","9,309","2,456"
Locality: 550 CHESAPEAKE CITY,0035,035 - TAYLOR ROAD,"1,890",161,"2,051",74,2,,63,"160,932","10,385","171,317","7,533",397,68,133,"5,636,494","314,875","5,951,369","92,172","23,109","9,309","2,456"
Locality: 550 CHESAPEAKE CITY,0036,036 - GREAT BRIDGE BAPTIST CHURCH,"2,699",220,"2,919",105,6,1,63,"160,932","10,385","171,317","7,533",397,68,133,"5,636,494","314,875","5,951,369","92,172","23,109","9,309","2,456"
Locality: 550 CHESAPEAKE CITY,0037,037 - BRIDGETOWN,"2,808",146,"2,954",168,11,3,63,"160,932","10,385","171,317","7,533",397,68,133,"5,636,494","314,875","5,951,369","92,172","23,109","9,309","2,456"
Locality: 550 CHESAPEAKE CITY,0038,038 - BAILEY CREEK,"2,258",101,"2,359",64,8,,63,"160,932","10,385","171,317","7,533",397,68,133,"5,636,494","314,875","5,951,369","92,172","23,109","9,309","2,456"
Locality: 550 CHESAPEAKE CITY,0039,039 - LAKE DRUMMOND,"1,994",122,"2,116",90,7,1,63,"160,932","10,385","171,317","7,533",397,68,133,"5,636,494","314,875","5,951,369","92,172","23,109","9,309","2,456"
Locality: 550 CHESAPEAKE CITY,0041,041 - JOHN T WEST,"4,271",241,"4,512",310,11,3,63,"160,932","10,385","171,317","7,533",397,68,133,"5,636,494","314,875","5,951,369","92,172","23,109","9,309","2,456"
Locality: 550 CHESAPEAKE CITY,0042,042 - PARKWAYS,"2,474",178,"2,652",109,4,1,63,"160,932","10,385","171,317","7,533",397,68,133,"5,636,494","314,875","5,951,369","92,172","23,109","9,309","2,456"
Locality: 550 CHESAPEAKE CITY,0043,043 - PLEASANT CROSSING,"2,463",96,"2,559",61,15,3,63,"160,932","10,385","171,317","7,533",397,68,133,"5,636,494","314,875","5,951,369","92,172","23,109","9,309","2,456"
Locality: 550 CHESAPEAKE CITY,0044,044 - NANSEMOND,"2,183",118,"2,301",108,6,1,63,"160,932","10,385","171,317","7,533",397,68,133,"5,636,494","314,875","5,951,369","92,172","23,109","9,309","2,456"
Locality: 550 CHESAPEAKE CITY,0045,045 - SUNRAY II,"1,080",65,"1,145",53,3,,63,"160,932","10,385","171,317","7,533",397,68,133,"5,636,494","314,875","5,951,369","92,172","23,109","9,309","2,456"
Locality: 550 CHESAPEAKE CITY,0046,046 - BELLS MILL II,"2,380",122,"2,502",141,6,1,63,"160,932","10,385","171,317","7,533",397,68,133,"5,636,494","314,875","5,951,369","92,172","23,109","9,309","2,456"
Locality: 550 CHESAPEAKE CITY,0048,048 - JOLLIFF MIDDLE SCHOOL,"3,172",259,"3,431",191,4,4,63,"160,932","10,385","171,317","7,533",397,68,133,"5,636,494","314,875","5,951,369","92,172","23,109","9,309","2,456"
Locality: 550 CHESAPEAKE CITY,0049,049 - WATERWAY,"2,475",163,"2,638",172,11,1,63,"160,932","10,385","171,317","7,533",397,68,133,"5,636,494","314,875","5,951,369","92,172","23,109","9,309","2,456"
Locality: 550 CHESAPEAKE CITY,0050,050 - RIVER WALK,"2,751",193,"2,944",156,13,1,63,"160,932","10,385","171,317","7,533",397,68,133,"5,636,494","314,875","5,951,369","92,172","23,109","9,309","2,456"
Locality: 550 CHESAPEAKE CITY,0051,051 - COOPERS WAY,"4,143",270,"4,413",257,12,2,63,"160,932","10,385","171,317","7,533",397,68,133,"5,636,494","314,875","5,951,369","92,172","23,109","9,309","2,456"
Locality: 550 CHESAPEAKE CITY,0052,052 - SHIPYARD ROAD,"2,106",129,"2,235",189,6,1,63,"160,932","10,385","171,317","7,533",397,68,133,"5,636,494","314,875","5,951,369","92,172","23,109","9,309","2,456"
Locality: 550 CHESAPEAKE CITY,0053,053 - FAIRWAYS,"4,139",466,"4,605",214,8,2,63,"160,932","10,385","171,317","7,533",397,68,133,"5,636,494","314,875","5,951,369","92,172","23,109","9,309","2,456"
Locality: 550 CHESAPEAKE CITY,0054,054 - PUGHSVILLE,"2,633",182,"2,815",122,3,2,63,"160,932","10,385","171,317","7,533",397,68,133,"5,636,494","314,875","5,951,369","92,172","23,109","9,309","2,456"
Locality: 550 CHESAPEAKE CITY,0055,055 - GEORGETOWN EAST,"1,742",93,"1,835",58,2,1,63,"160,932","10,385","171,317","7,533",397,68,133,"5,636,494","314,875","5,951,369","92,172","23,109","9,309","2,456"
Locality: 550 CHESAPEAKE CITY,0056,056 - GREEN TREE,"2,490",222,"2,712",109,12,,63,"160,932","10,385","171,317","7,533",397,68,133,"5,636,494","314,875","5,951,369","92,172","23,109","9,309","2,456"
Locality: 550 CHESAPEAKE CITY,0057,057 - CYPRESS,"2,739",365,"3,104",187,5,2,63,"160,932","10,385","171,317","7,533",397,68,133,"5,636,494","314,875","5,951,369","92,172","23,109","9,309","2,456"
Locality: 550 CHESAPEAKE CITY,0058,058 - EXPRESSWAY,"1,081",66,"1,147",26,3,,63,"160,932","10,385","171,317","7,533",397,68,133,"5,636,494","314,875","5,951,369","92,172","23,109","9,309","2,456"
Locality: 550 CHESAPEAKE CITY,0059,059 - CLEARFIELD,"2,538",131,"2,669",124,5,3,63,"160,932","10,385","171,317","7,533",397,68,133,"5,636,494","314,875","5,951,369","92,172","23,109","9,309","2,456"
Locality: 550 CHESAPEAKE CITY,0060,060 - PARKER ROAD,"2,895",147,"3,042",187,12,2,63,"160,932","10,385","171,317","7,533",397,68,133,"5,636,494","314,875","5,951,369","92,172","23,109","9,309","2,456"
Locality: 550 CHESAPEAKE CITY,0061,061 - CENTERVILLE,"3,349",159,"3,508",154,5,,63,"160,932","10,385","171,317","7,533",397,68,133,"5,636,494","314,875","5,951,369","92,172","23,109","9,309","2,456"
Locality: 550 CHESAPEAKE CITY,0062,062 - FENTRESS,"2,655",101,"2,756",117,7,1,63,"160,932","10,385","171,317","7,533",397,68,133,"5,636,494","314,875","5,951,369","92,172","23,109","9,309","2,456"
Locality: 550 CHESAPEAKE CITY,0063,063 - POPLAR BRANCH,"1,792",71,"1,863",74,4,,63,"160,932","10,385","171,317","7,533",397,68,133,"5,636,494","314,875","5,951,369","92,172","23,109","9,309","2,456"
Locality: 550 CHESAPEAKE CITY,0064,064 - DEEP CREEK II,"2,710",221,"2,931",270,8,4,63,"160,932","10,385","171,317","7,533",397,68,133,"5,636,494","314,875","5,951,369","92,172","23,109","9,309","2,456"
Locality: 550 CHESAPEAKE CITY,0065,065 - WATERWAY II,"2,957",177,"3,134",152,10,4,63,"160,932","10,385","171,317","7,533",397,68,133,"5,636,494","314,875","5,951,369","92,172","23,109","9,309","2,456"
Locality: 570 COLONIAL HEIGHTS CITY,0001,001 - FIRST,"1,885",140,"2,025",20,1,,5,"12,072",618,"12,690",195,17,3,133,"5,636,494","314,875","5,951,369","92,172","23,109","9,309","2,456"
Locality: 570 COLONIAL HEIGHTS CITY,0002,002 - SECOND,"2,201",126,"2,327",41,5,1,5,"12,072",618,"12,690",195,17,3,133,"5,636,494","314,875","5,951,369","92,172","23,109","9,309","2,456"
Locality: 570 COLONIAL HEIGHTS CITY,0003,003 - THIRD,"2,501",121,"2,622",43,3,2,5,"12,072",618,"12,690",195,17,3,133,"5,636,494","314,875","5,951,369","92,172","23,109","9,309","2,456"
Locality: 570 COLONIAL HEIGHTS CITY,0004,004 - FOURTH,"2,975",148,"3,123",42,4,,5,"12,072",618,"12,690",195,17,3,133,"5,636,494","314,875","5,951,369","92,172","23,109","9,309","2,456"
Locality: 570 COLONIAL HEIGHTS CITY,0005,005 - FIFTH,"2,510",83,"2,593",49,4,,5,"12,072",618,"12,690",195,17,3,133,"5,636,494","314,875","5,951,369","92,172","23,109","9,309","2,456"
Locality: 580 COVINGTON CITY,0101,101 - PRECINCT 1-1,644,31,675,5,,,5,"3,655",131,"3,786",21,1,4,133,"5,636,494","314,875","5,951,369","92,172","23,109","9,309","2,456"
Locality: 580 COVINGTON CITY,0201,201 - PRECINCT 2-1,744,20,764,2,,,5,"3,655",131,"3,786",21,1,4,133,"5,636,494","314,875","5,951,369","92,172","23,109","9,309","2,456"
Locality: 580 COVINGTON CITY,0301,301 - PRECINCT 3-1,684,34,718,7,,4,5,"3,655",131,"3,786",21,1,4,133,"5,636,494","314,875","5,951,369","92,172","23,109","9,309","2,456"
Locality: 580 COVINGTON CITY,0401,401 - PRECINCT 4-1,797,26,823,4,1,,5,"3,655",131,"3,786",21,1,4,133,"5,636,494","314,875","5,951,369","92,172","23,109","9,309","2,456"
Locality: 580 COVINGTON CITY,0501,501 - PRECINCT 5-1,786,20,806,3,,,5,"3,655",131,"3,786",21,1,4,133,"5,636,494","314,875","5,951,369","92,172","23,109","9,309","2,456"
Locality: 590 DANVILLE CITY,0001,001 - WARD ONE,890,58,948,1,,1,16,"27,192","1,224","28,416",62,23,17,133,"5,636,494","314,875","5,951,369","92,172","23,109","9,309","2,456"
Locality: 590 DANVILLE CITY,0002,002 - WARD TWO,871,63,934,,3,1,16,"27,192","1,224","28,416",62,23,17,133,"5,636,494","314,875","5,951,369","92,172","23,109","9,309","2,456"
Locality: 590 DANVILLE CITY,0003,003 - WARD THREE,"1,616",84,"1,700",9,5,4,16,"27,192","1,224","28,416",62,23,17,133,"5,636,494","314,875","5,951,369","92,172","23,109","9,309","2,456"
Locality: 590 DANVILLE CITY,0004,004 - WARD FOUR,"3,136",158,"3,294",9,2,3,16,"27,192","1,224","28,416",62,23,17,133,"5,636,494","314,875","5,951,369","92,172","23,109","9,309","2,456"
Locality: 590 DANVILLE CITY,0006,006 - WARD SIX,887,43,930,2,,,16,"27,192","1,224","28,416",62,23,17,133,"5,636,494","314,875","5,951,369","92,172","23,109","9,309","2,456"
Locality: 590 DANVILLE CITY,0007,007 - WARD SEVEN,"1,713",96,"1,809",1,2,,16,"27,192","1,224","28,416",62,23,17,133,"5,636,494","314,875","5,951,369","92,172","23,109","9,309","2,456"
Locality: 590 DANVILLE CITY,0008,008 - WARD EIGHT,"1,464",55,"1,519",3,2,,16,"27,192","1,224","28,416",62,23,17,133,"5,636,494","314,875","5,951,369","92,172","23,109","9,309","2,456"
Locality: 590 DANVILLE CITY,0009,009 - WARD NINE,"1,297",51,"1,348",3,,,16,"27,192","1,224","28,416",62,23,17,133,"5,636,494","314,875","5,951,369","92,172","23,109","9,309","2,456"
Locality: 590 DANVILLE CITY,0010,010 - WARD TEN,"1,727",74,"1,801",3,,2,16,"27,192","1,224","28,416",62,23,17,133,"5,636,494","314,875","5,951,369","92,172","23,109","9,309","2,456"
Locality: 590 DANVILLE CITY,0011,011 - WARD ELEVEN,"2,448",103,"2,551",5,,3,16,"27,192","1,224","28,416",62,23,17,133,"5,636,494","314,875","5,951,369","92,172","23,109","9,309","2,456"
Locality: 590 DANVILLE CITY,0012,012 - WARD TWELVE,"2,361",76,"2,437",2,2,,16,"27,192","1,224","28,416",62,23,17,133,"5,636,494","314,875","5,951,369","92,172","23,109","9,309","2,456"
Locality: 590 DANVILLE CITY,0013,013 - WARD THIRTEEN,"2,219",104,"2,323",9,5,2,16,"27,192","1,224","28,416",62,23,17,133,"5,636,494","314,875","5,951,369","92,172","23,109","9,309","2,456"
Locality: 590 DANVILLE CITY,0014,014 - WARD FOURTEEN,378,20,398,1,,,16,"27,192","1,224","28,416",62,23,17,133,"5,636,494","314,875","5,951,369","92,172","23,109","9,309","2,456"
Locality: 590 DANVILLE CITY,0015,015 - WARD FIFTEEN,"2,073",95,"2,168",5,1,,16,"27,192","1,224","28,416",62,23,17,133,"5,636,494","314,875","5,951,369","92,172","23,109","9,309","2,456"
Locality: 590 DANVILLE CITY,0016,016 - WARD SIXTEEN,"2,233",74,"2,307",5,1,,16,"27,192","1,224","28,416",62,23,17,133,"5,636,494","314,875","5,951,369","92,172","23,109","9,309","2,456"
Locality: 590 DANVILLE CITY,0017,017 - WARD SEVENTEEN,"1,879",70,"1,949",4,,1,16,"27,192","1,224","28,416",62,23,17,133,"5,636,494","314,875","5,951,369","92,172","23,109","9,309","2,456"
Locality: 595 EMPORIA CITY,0101,101 - PRECINCT 1-1,627,25,652,3,1,,7,"3,725",194,"3,919",31,4,,133,"5,636,494","314,875","5,951,369","92,172","23,109","9,309","2,456"
Locality: 595 EMPORIA CITY,0201,201 - PRECINCT 2-1,420,23,443,8,,,7,"3,725",194,"3,919",31,4,,133,"5,636,494","314,875","5,951,369","92,172","23,109","9,309","2,456"
Locality: 595 EMPORIA CITY,0301,301 - PRECINCT 3-1,539,33,572,3,,,7,"3,725",194,"3,919",31,4,,133,"5,636,494","314,875","5,951,369","92,172","23,109","9,309","2,456"
Locality: 595 EMPORIA CITY,0401,401 - PRECINCT 4-1,693,32,725,3,,,7,"3,725",194,"3,919",31,4,,133,"5,636,494","314,875","5,951,369","92,172","23,109","9,309","2,456"
Locality: 595 EMPORIA CITY,0501,501 - PRECINCT 5-1,400,28,428,1,1,,7,"3,725",194,"3,919",31,4,,133,"5,636,494","314,875","5,951,369","92,172","23,109","9,309","2,456"
Locality: 595 EMPORIA CITY,0601,601 - DISTRICT 6,561,29,590,10,2,,7,"3,725",194,"3,919",31,4,,133,"5,636,494","314,875","5,951,369","92,172","23,109","9,309","2,456"
Locality: 595 EMPORIA CITY,0701,701 - DISTRICT 7,485,24,509,3,,,7,"3,725",194,"3,919",31,4,,133,"5,636,494","314,875","5,951,369","92,172","23,109","9,309","2,456"
Locality: 600 FAIRFAX CITY,0001,001 - ONE,"2,596",144,"2,740",25,32,13,6,"16,389",792,"17,181",140,167,76,133,"5,636,494","314,875","5,951,369","92,172","23,109","9,309","2,456"
Locality: 600 FAIRFAX CITY,0002,002 - TWO,"2,552",117,"2,669",15,23,10,6,"16,389",792,"17,181",140,167,76,133,"5,636,494","314,875","5,951,369","92,172","23,109","9,309","2,456"
Locality: 600 FAIRFAX CITY,0003,003 - THREE,"3,596",185,"3,781",31,40,24,6,"16,389",792,"17,181",140,167,76,133,"5,636,494","314,875","5,951,369","92,172","23,109","9,309","2,456"
Locality: 600 FAIRFAX CITY,0004,004 - FOUR,"2,701",112,"2,813",26,19,12,6,"16,389",792,"17,181",140,167,76,133,"5,636,494","314,875","5,951,369","92,172","23,109","9,309","2,456"
Locality: 600 FAIRFAX CITY,0005,005 - FIVE,"2,596",118,"2,714",26,31,10,6,"16,389",792,"17,181",140,167,76,133,"5,636,494","314,875","5,951,369","92,172","23,109","9,309","2,456"
Locality: 600 FAIRFAX CITY,0006,006 - SIX,"2,348",116,"2,464",17,22,7,6,"16,389",792,"17,181",140,167,76,133,"5,636,494","314,875","5,951,369","92,172","23,109","9,309","2,456"
Locality: 610 FALLS CHURCH CITY,0001,001 - FIRST WARD,"3,396",216,"3,612",45,129,11,3,"10,068",770,"10,838",115,408,55,133,"5,636,494","314,875","5,951,369","92,172","23,109","9,309","2,456"
Locality: 610 FALLS CHURCH CITY,0002,002 - SECOND WARD,"2,886",327,"3,213",36,148,21,3,"10,068",770,"10,838",115,408,55,133,"5,636,494","314,875","5,951,369","92,172","23,109","9,309","2,456"
Locality: 610 FALLS CHURCH CITY,0003,003 - THIRD WARD,"3,786",227,"4,013",34,131,23,3,"10,068",770,"10,838",115,408,55,133,"5,636,494","314,875","5,951,369","92,172","23,109","9,309","2,456"
Locality: 620 FRANKLIN CITY,0101,101 - PRECINCT 1-1,"1,083",36,"1,119",11,4,2,6,"5,488",279,"5,767",64,6,5,133,"5,636,494","314,875","5,951,369","92,172","23,109","9,309","2,456"
Locality: 620 FRANKLIN CITY,0201,201 - PRECINCT 2-1,"1,016",47,"1,063",17,1,,6,"5,488",279,"5,767",64,6,5,133,"5,636,494","314,875","5,951,369","92,172","23,109","9,309","2,456"
Locality: 620 FRANKLIN CITY,0301,301 - PRECINCT 3-1,866,32,898,10,1,1,6,"5,488",279,"5,767",64,6,5,133,"5,636,494","314,875","5,951,369","92,172","23,109","9,309","2,456"
Locality: 620 FRANKLIN CITY,0401,401 - PRECINCT 4-1,813,45,858,9,,2,6,"5,488",279,"5,767",64,6,5,133,"5,636,494","314,875","5,951,369","92,172","23,109","9,309","2,456"
Locality: 620 FRANKLIN CITY,0501,501 - PRECINCT 5-1,775,43,818,4,,,6,"5,488",279,"5,767",64,6,5,133,"5,636,494","314,875","5,951,369","92,172","23,109","9,309","2,456"
Locality: 620 FRANKLIN CITY,0601,601 - PRECINCT 6-1,935,76,"1,011",13,,,6,"5,488",279,"5,767",64,6,5,133,"5,636,494","314,875","5,951,369","92,172","23,109","9,309","2,456"
Locality: 630 FREDERICKSBURG CITY,0101,101 - PRECINCT 1 - DISTRICT ONE,"5,043",376,"5,419",73,10,6,5,"17,150","1,305","18,455",240,47,20,133,"5,636,494","314,875","5,951,369","92,172","23,109","9,309","2,456"
Locality: 630 FREDERICKSBURG CITY,0201,201 - PRECINCT 1 - DISTRICT TWO,"3,638",220,"3,858",41,18,5,5,"17,150","1,305","18,455",240,47,20,133,"5,636,494","314,875","5,951,369","92,172","23,109","9,309","2,456"
Locality: 630 FREDERICKSBURG CITY,0301,301 - PRECINCT 1 - DISTRICT THREE,"3,905",332,"4,237",64,13,5,5,"17,150","1,305","18,455",240,47,20,133,"5,636,494","314,875","5,951,369","92,172","23,109","9,309","2,456"
Locality: 630 FREDERICKSBURG CITY,0401,401 - PRECINCT 1 - DISTRICT FOUR,"2,375",164,"2,539",18,4,4,5,"17,150","1,305","18,455",240,47,20,133,"5,636,494","314,875","5,951,369","92,172","23,109","9,309","2,456"
Locality: 630 FREDERICKSBURG CITY,0402,402 - PRECINCT 2 - DISTRICT FOUR,"2,189",213,"2,402",44,2,,5,"17,150","1,305","18,455",240,47,20,133,"5,636,494","314,875","5,951,369","92,172","23,109","9,309","2,456"
Locality: 640 GALAX CITY,0001,001 - EAST,"1,774",75,"1,849",22,3,,2,"3,764",168,"3,932",35,7,,133,"5,636,494","314,875","5,951,369","92,172","23,109","9,309","2,456"
Locality: 640 GALAX CITY,0005,005 - WEST,"1,990",93,"2,083",13,4,,2,"3,764",168,"3,932",35,7,,133,"5,636,494","314,875","5,951,369","92,172","23,109","9,309","2,456"
Locality: 650 HAMPTON CITY,0101,101 - ABERDEEN,"2,948",179,"3,127",132,1,2,30,"89,966","8,625","98,591","3,655",126,111,133,"5,636,494","314,875","5,951,369","92,172","23,109","9,309","2,456"
Locality: 650 HAMPTON CITY,0102,102 - BASSETTE,"3,021",200,"3,221",96,2,,30,"89,966","8,625","98,591","3,655",126,111,133,"5,636,494","314,875","5,951,369","92,172","23,109","9,309","2,456"
Locality: 650 HAMPTON CITY,0103,103 - CITY HALL,"2,258",233,"2,491",87,2,4,30,"89,966","8,625","98,591","3,655",126,111,133,"5,636,494","314,875","5,951,369","92,172","23,109","9,309","2,456"
Locality: 650 HAMPTON CITY,0104,104 - COOPER,"4,998",718,"5,716",393,3,6,30,"89,966","8,625","98,591","3,655",126,111,133,"5,636,494","314,875","5,951,369","92,172","23,109","9,309","2,456"
Locality: 650 HAMPTON CITY,0105,105 - EAST HAMPTON,"3,037","1,519","4,556",53,,2,30,"89,966","8,625","98,591","3,655",126,111,133,"5,636,494","314,875","5,951,369","92,172","23,109","9,309","2,456"
Locality: 650 HAMPTON CITY,0106,106 - ARMSTRONG,"3,031",231,"3,262",120,3,8,30,"89,966","8,625","98,591","3,655",126,111,133,"5,636,494","314,875","5,951,369","92,172","23,109","9,309","2,456"
Locality: 650 HAMPTON CITY,0107,107 - LINDSAY,"2,640",159,"2,799",91,1,4,30,"89,966","8,625","98,591","3,655",126,111,133,"5,636,494","314,875","5,951,369","92,172","23,109","9,309","2,456"
Locality: 650 HAMPTON CITY,0108,108 - THOMAS,"3,828",489,"4,317",131,3,4,30,"89,966","8,625","98,591","3,655",126,111,133,"5,636,494","314,875","5,951,369","92,172","23,109","9,309","2,456"
Locality: 650 HAMPTON CITY,0109,109 - PHENIX,"3,535",244,"3,779",99,7,2,30,"89,966","8,625","98,591","3,655",126,111,133,"5,636,494","314,875","5,951,369","92,172","23,109","9,309","2,456"
Locality: 650 HAMPTON CITY,0110,110 - PHOEBUS,866,51,917,28,2,1,30,"89,966","8,625","98,591","3,655",126,111,133,"5,636,494","314,875","5,951,369","92,172","23,109","9,309","2,456"
Locality: 650 HAMPTON CITY,0111,111 - HAMPTON LIBRARY,"1,130",161,"1,291",46,3,,30,"89,966","8,625","98,591","3,655",126,111,133,"5,636,494","314,875","5,951,369","92,172","23,109","9,309","2,456"
Locality: 650 HAMPTON CITY,0112,112 - SMITH,"4,032",350,"4,382",121,,5,30,"89,966","8,625","98,591","3,655",126,111,133,"5,636,494","314,875","5,951,369","92,172","23,109","9,309","2,456"
Locality: 650 HAMPTON CITY,0115,115 - WYTHE,"1,710",108,"1,818",78,6,6,30,"89,966","8,625","98,591","3,655",126,111,133,"5,636,494","314,875","5,951,369","92,172","23,109","9,309","2,456"
Locality: 650 HAMPTON CITY,0116,116 - JONES,"1,496",127,"1,623",49,2,4,30,"89,966","8,625","98,591","3,655",126,111,133,"5,636,494","314,875","5,951,369","92,172","23,109","9,309","2,456"
Locality: 650 HAMPTON CITY,0117,117 - KECOUGHTAN,"2,701",289,"2,990",124,7,2,30,"89,966","8,625","98,591","3,655",126,111,133,"5,636,494","314,875","5,951,369","92,172","23,109","9,309","2,456"
Locality: 650 HAMPTON CITY,0118,118 - MALLORY,"3,473",183,"3,656",98,4,3,30,"89,966","8,625","98,591","3,655",126,111,133,"5,636,494","314,875","5,951,369","92,172","23,109","9,309","2,456"
Locality: 650 HAMPTON CITY,0201,201 - BOOKER,"3,267",201,"3,468",127,7,6,30,"89,966","8,625","98,591","3,655",126,111,133,"5,636,494","314,875","5,951,369","92,172","23,109","9,309","2,456"
Locality: 650 HAMPTON CITY,0202,202 - BRYAN,"3,444",228,"3,672",107,5,7,30,"89,966","8,625","98,591","3,655",126,111,133,"5,636,494","314,875","5,951,369","92,172","23,109","9,309","2,456"
Locality: 650 HAMPTON CITY,0203,203 - BURBANK,"2,545",346,"2,891",238,6,1,30,"89,966","8,625","98,591","3,655",126,111,133,"5,636,494","314,875","5,951,369","92,172","23,109","9,309","2,456"
Locality: 650 HAMPTON CITY,0204,204 - FORREST,"2,608",219,"2,827",93,3,2,30,"89,966","8,625","98,591","3,655",126,111,133,"5,636,494","314,875","5,951,369","92,172","23,109","9,309","2,456"
Locality: 650 HAMPTON CITY,0205,205 - ASBURY,"4,333",240,"4,573",175,19,8,30,"89,966","8,625","98,591","3,655",126,111,133,"5,636,494","314,875","5,951,369","92,172","23,109","9,309","2,456"
Locality: 650 HAMPTON CITY,0208,208 - KRAFT,"4,469",248,"4,717",159,7,6,30,"89,966","8,625","98,591","3,655",126,111,133,"5,636,494","314,875","5,951,369","92,172","23,109","9,309","2,456"
Locality: 650 HAMPTON CITY,0209,209 - LANGLEY,"3,193",205,"3,398",117,1,5,30,"89,966","8,625","98,591","3,655",126,111,133,"5,636,494","314,875","5,951,369","92,172","23,109","9,309","2,456"
Locality: 650 HAMPTON CITY,0210,210 - MACHEN,"4,876",504,"5,380",280,8,4,30,"89,966","8,625","98,591","3,655",126,111,133,"5,636,494","314,875","5,951,369","92,172","23,109","9,309","2,456"
Locality: 650 HAMPTON CITY,0212,212 - BETHEL,"4,202",230,"4,432",133,8,4,30,"89,966","8,625","98,591","3,655",126,111,133,"5,636,494","314,875","5,951,369","92,172","23,109","9,309","2,456"
Locality: 650 HAMPTON CITY,0213,213 - PHILLIPS,"4,140",199,"4,339",162,3,6,30,"89,966","8,625","98,591","3,655",126,111,133,"5,636,494","314,875","5,951,369","92,172","23,109","9,309","2,456"
Locality: 650 HAMPTON CITY,0214,214 - TUCKER CAPPS,"3,781",421,"4,202",168,3,3,30,"89,966","8,625","98,591","3,655",126,111,133,"5,636,494","314,875","5,951,369","92,172","23,109","9,309","2,456"
Locality: 650 HAMPTON CITY,0215,215 - TYLER,"1,014",146,"1,160",29,5,,30,"89,966","8,625","98,591","3,655",126,111,133,"5,636,494","314,875","5,951,369","92,172","23,109","9,309","2,456"
Locality: 650 HAMPTON CITY,0216,216 - SANDY BOTTOM,"1,951",126,"2,077",70,2,6,30,"89,966","8,625","98,591","3,655",126,111,133,"5,636,494","314,875","5,951,369","92,172","23,109","9,309","2,456"
Locality: 650 HAMPTON CITY,0217,217 - SYMS,"1,439",71,"1,510",51,3,,30,"89,966","8,625","98,591","3,655",126,111,133,"5,636,494","314,875","5,951,369","92,172","23,109","9,309","2,456"
Locality: 660 HARRISONBURG CITY,0101,101 - NORTHEAST,"3,816",260,"4,076",17,5,14,8,"23,806","2,177","25,983",153,52,89,133,"5,636,494","314,875","5,951,369","92,172","23,109","9,309","2,456"
Locality: 660 HARRISONBURG CITY,0102,102 - EAST CENTRAL,"1,727",106,"1,833",9,4,3,8,"23,806","2,177","25,983",153,52,89,133,"5,636,494","314,875","5,951,369","92,172","23,109","9,309","2,456"
Locality: 660 HARRISONBURG CITY,0103,103 - SOUTHEAST,"3,779",311,"4,090",32,4,11,8,"23,806","2,177","25,983",153,52,89,133,"5,636,494","314,875","5,951,369","92,172","23,109","9,309","2,456"
Locality: 660 HARRISONBURG CITY,0104,104 - EAST,"3,657",285,"3,942",37,7,5,8,"23,806","2,177","25,983",153,52,89,133,"5,636,494","314,875","5,951,369","92,172","23,109","9,309","2,456"
Locality: 660 HARRISONBURG CITY,0201,201 - NORTHWEST,"3,364",169,"3,533",13,3,16,8,"23,806","2,177","25,983",153,52,89,133,"5,636,494","314,875","5,951,369","92,172","23,109","9,309","2,456"
Locality: 660 HARRISONBURG CITY,0202,202 - SOUTHWEST,"3,392",187,"3,579",18,9,13,8,"23,806","2,177","25,983",153,52,89,133,"5,636,494","314,875","5,951,369","92,172","23,109","9,309","2,456"
Locality: 660 HARRISONBURG CITY,0203,203 -  WEST,"3,163",157,"3,320",20,19,25,8,"23,806","2,177","25,983",153,52,89,133,"5,636,494","314,875","5,951,369","92,172","23,109","9,309","2,456"
Locality: 660 HARRISONBURG CITY,105,105 - South East Central,908,702,"1,610",7,1,2,8,"23,806","2,177","25,983",153,52,89,133,"5,636,494","314,875","5,951,369","92,172","23,109","9,309","2,456"
Locality: 670 HOPEWELL CITY,0101,101 - WARD ONE,"1,936",103,"2,039",29,1,,7,"14,392",934,"15,326",255,15,,133,"5,636,494","314,875","5,951,369","92,172","23,109","9,309","2,456"
Locality: 670 HOPEWELL CITY,0201,201 - WARD TWO,"1,721",172,"1,893",28,,,7,"14,392",934,"15,326",255,15,,133,"5,636,494","314,875","5,951,369","92,172","23,109","9,309","2,456"
Locality: 670 HOPEWELL CITY,0301,301 - WARD THREE,"2,264",113,"2,377",28,2,,7,"14,392",934,"15,326",255,15,,133,"5,636,494","314,875","5,951,369","92,172","23,109","9,309","2,456"
Locality: 670 HOPEWELL CITY,0401,401 - WARD FOUR,"2,853",165,"3,018",73,4,,7,"14,392",934,"15,326",255,15,,133,"5,636,494","314,875","5,951,369","92,172","23,109","9,309","2,456"
Locality: 670 HOPEWELL CITY,0501,501 - WARD FIVE,"1,917",109,"2,026",42,3,,7,"14,392",934,"15,326",255,15,,133,"5,636,494","314,875","5,951,369","92,172","23,109","9,309","2,456"
Locality: 670 HOPEWELL CITY,0601,601 - WARD SIX,"1,984",165,"2,149",27,2,,7,"14,392",934,"15,326",255,15,,133,"5,636,494","314,875","5,951,369","92,172","23,109","9,309","2,456"
Locality: 670 HOPEWELL CITY,0701,701 - WARD SEVEN,"1,717",107,"1,824",28,3,,7,"14,392",934,"15,326",255,15,,133,"5,636,494","314,875","5,951,369","92,172","23,109","9,309","2,456"
Locality: 678 LEXINGTON CITY,0001,001 - LEXINGTON,"3,774",359,"4,133",36,25,16,1,"3,774",359,"4,133",36,25,16,133,"5,636,494","314,875","5,951,369","92,172","23,109","9,309","2,456"
Locality: 680 LYNCHBURG CITY,0101,101 - FIRST WARD FIRST PRECINCT,"4,282",400,"4,682",50,11,10,18,"48,908","5,785","54,693",427,138,81,133,"5,636,494","314,875","5,951,369","92,172","23,109","9,309","2,456"
Locality: 680 LYNCHBURG CITY,0102,102 - FIRST WARD SECOND PRECINCT,"3,763",144,"3,907",16,18,12,18,"48,908","5,785","54,693",427,138,81,133,"5,636,494","314,875","5,951,369","92,172","23,109","9,309","2,456"
Locality: 680 LYNCHBURG CITY,0103,103 - FIRST WARD THIRD PRECINCT,"2,484",86,"2,570",16,12,3,18,"48,908","5,785","54,693",427,138,81,133,"5,636,494","314,875","5,951,369","92,172","23,109","9,309","2,456"
Locality: 680 LYNCHBURG CITY,0104,104 - FIRST WARD FOURTH PRECINCT,"1,303",103,"1,406",6,7,5,18,"48,908","5,785","54,693",427,138,81,133,"5,636,494","314,875","5,951,369","92,172","23,109","9,309","2,456"
Locality: 680 LYNCHBURG CITY,0105,105 - FIRST WARD FIFTH PRECINCT,"1,613",81,"1,694",7,11,3,18,"48,908","5,785","54,693",427,138,81,133,"5,636,494","314,875","5,951,369","92,172","23,109","9,309","2,456"
Locality: 680 LYNCHBURG CITY,0201,201 - SECOND WARD FIRST PRECINCT,"4,566",333,"4,899",40,7,9,18,"48,908","5,785","54,693",427,138,81,133,"5,636,494","314,875","5,951,369","92,172","23,109","9,309","2,456"
Locality: 680 LYNCHBURG CITY,0202,202 - SECOND WARD SECOND PRECINCT,"3,712",323,"4,035",34,4,1,18,"48,908","5,785","54,693",427,138,81,133,"5,636,494","314,875","5,951,369","92,172","23,109","9,309","2,456"
Locality: 680 LYNCHBURG CITY,0203,203 - SECOND WARD THIRD PRECINCT,"1,261",114,"1,375",8,2,2,18,"48,908","5,785","54,693",427,138,81,133,"5,636,494","314,875","5,951,369","92,172","23,109","9,309","2,456"
Locality: 680 LYNCHBURG CITY,0204,204 - SECOND WARD FOURTH PRECINCT,"1,100",66,"1,166",8,2,2,18,"48,908","5,785","54,693",427,138,81,133,"5,636,494","314,875","5,951,369","92,172","23,109","9,309","2,456"
Locality: 680 LYNCHBURG CITY,0301,301 - THIRD WARD FIRST PRECINCT,"1,799",128,"1,927",13,3,2,18,"48,908","5,785","54,693",427,138,81,133,"5,636,494","314,875","5,951,369","92,172","23,109","9,309","2,456"
Locality: 680 LYNCHBURG CITY,0302,302 - THIRD WARD SECOND PRECINCT,"2,133","2,317","4,450",17,3,2,18,"48,908","5,785","54,693",427,138,81,133,"5,636,494","314,875","5,951,369","92,172","23,109","9,309","2,456"
Locality: 680 LYNCHBURG CITY,0303,303 - THIRD WARD THIRD PRECINCT,"1,858",143,"2,001",14,6,2,18,"48,908","5,785","54,693",427,138,81,133,"5,636,494","314,875","5,951,369","92,172","23,109","9,309","2,456"
Locality: 680 LYNCHBURG CITY,0304,304 - THIRD WARD FOURTH PRECINCT,"1,779",155,"1,934",19,9,3,18,"48,908","5,785","54,693",427,138,81,133,"5,636,494","314,875","5,951,369","92,172","23,109","9,309","2,456"
Locality: 680 LYNCHBURG CITY,0305,305 - THIRD WARD FIFTH PRECINCT,"3,735",389,"4,124",46,8,6,18,"48,908","5,785","54,693",427,138,81,133,"5,636,494","314,875","5,951,369","92,172","23,109","9,309","2,456"
Locality: 680 LYNCHBURG CITY,0401,401 - FOURTH WARD FIRST PRECINCT,"4,773",414,"5,187",60,9,3,18,"48,908","5,785","54,693",427,138,81,133,"5,636,494","314,875","5,951,369","92,172","23,109","9,309","2,456"
Locality: 680 LYNCHBURG CITY,0402,402 - FOURTH WARD SECOND PRECINCT,"1,672",106,"1,778",17,1,3,18,"48,908","5,785","54,693",427,138,81,133,"5,636,494","314,875","5,951,369","92,172","23,109","9,309","2,456"
Locality: 680 LYNCHBURG CITY,0403,403 - FOURTH WARD THIRD PRECINCT,"3,599",298,"3,897",29,6,8,18,"48,908","5,785","54,693",427,138,81,133,"5,636,494","314,875","5,951,369","92,172","23,109","9,309","2,456"
Locality: 680 LYNCHBURG CITY,0404,404 - FOURTH WARD FOURTH PRECINCT,"3,476",185,"3,661",27,19,5,18,"48,908","5,785","54,693",427,138,81,133,"5,636,494","314,875","5,951,369","92,172","23,109","9,309","2,456"
Locality: 683 MANASSAS CITY,0001,001 - DEAN,"3,638",235,"3,873",42,9,4,6,"21,659","1,373","23,032",237,69,45,133,"5,636,494","314,875","5,951,369","92,172","23,109","9,309","2,456"
Locality: 683 MANASSAS CITY,0002,002 - WEEMS,"4,026",250,"4,276",36,11,11,6,"21,659","1,373","23,032",237,69,45,133,"5,636,494","314,875","5,951,369","92,172","23,109","9,309","2,456"
Locality: 683 MANASSAS CITY,0003,003 - METZ,"3,908",277,"4,185",47,15,3,6,"21,659","1,373","23,032",237,69,45,133,"5,636,494","314,875","5,951,369","92,172","23,109","9,309","2,456"
Locality: 683 MANASSAS CITY,0004,004 - HAYDON,"3,527",212,"3,739",36,17,14,6,"21,659","1,373","23,032",237,69,45,133,"5,636,494","314,875","5,951,369","92,172","23,109","9,309","2,456"
Locality: 683 MANASSAS CITY,0005,005 - BALDWIN,"3,624",238,"3,862",34,8,6,6,"21,659","1,373","23,032",237,69,45,133,"5,636,494","314,875","5,951,369","92,172","23,109","9,309","2,456"
Locality: 683 MANASSAS CITY,0006,006 - ROUND,"2,936",161,"3,097",42,9,7,6,"21,659","1,373","23,032",237,69,45,133,"5,636,494","314,875","5,951,369","92,172","23,109","9,309","2,456"
Locality: 685 MANASSAS PARK CITY,0001,001 - PRECINCT ONE,"2,986",253,"3,239",22,13,7,3,"8,076",602,"8,678",63,32,11,133,"5,636,494","314,875","5,951,369","92,172","23,109","9,309","2,456"
Locality: 685 MANASSAS PARK CITY,0002,002 - PRECINCT TWO,"2,539",138,"2,677",22,6,1,3,"8,076",602,"8,678",63,32,11,133,"5,636,494","314,875","5,951,369","92,172","23,109","9,309","2,456"
Locality: 685 MANASSAS PARK CITY,0003,003 - PRECINCT THREE,"2,551",211,"2,762",19,13,3,3,"8,076",602,"8,678",63,32,11,133,"5,636,494","314,875","5,951,369","92,172","23,109","9,309","2,456"
Locality: 690 MARTINSVILLE CITY,0001,001 - PRECINCT #1,859,38,897,4,,,6,"8,350",493,"8,843",39,5,6,133,"5,636,494","314,875","5,951,369","92,172","23,109","9,309","2,456"
Locality: 690 MARTINSVILLE CITY,0002,002 - PRECINCT #2,"1,822",108,"1,930",12,3,2,6,"8,350",493,"8,843",39,5,6,133,"5,636,494","314,875","5,951,369","92,172","23,109","9,309","2,456"
Locality: 690 MARTINSVILLE CITY,0003,003 - PRECINCT #3,"1,225",100,"1,325",3,,,6,"8,350",493,"8,843",39,5,6,133,"5,636,494","314,875","5,951,369","92,172","23,109","9,309","2,456"
Locality: 690 MARTINSVILLE CITY,0004,004 - PRECINCT #4,"1,894",119,"2,013",8,,,6,"8,350",493,"8,843",39,5,6,133,"5,636,494","314,875","5,951,369","92,172","23,109","9,309","2,456"
Locality: 690 MARTINSVILLE CITY,0005,005 - PRECINCT #5,"2,131",101,"2,232",11,2,4,6,"8,350",493,"8,843",39,5,6,133,"5,636,494","314,875","5,951,369","92,172","23,109","9,309","2,456"
Locality: 690 MARTINSVILLE CITY,0006,006 - PRECINCT #6,419,27,446,1,,,6,"8,350",493,"8,843",39,5,6,133,"5,636,494","314,875","5,951,369","92,172","23,109","9,309","2,456"
Locality: 700 NEWPORT NEWS CITY,0101,101 - DENBIGH,"4,245",378,"4,623",102,8,5,45,"112,009","9,534","121,543","3,765",205,124,133,"5,636,494","314,875","5,951,369","92,172","23,109","9,309","2,456"
Locality: 700 NEWPORT NEWS CITY,0102,102 - STONEY RUN,"4,536",565,"5,101",120,6,6,45,"112,009","9,534","121,543","3,765",205,124,133,"5,636,494","314,875","5,951,369","92,172","23,109","9,309","2,456"
Locality: 700 NEWPORT NEWS CITY,0103,103 - JENKINS,"3,927",616,"4,543",104,1,7,45,"112,009","9,534","121,543","3,765",205,124,133,"5,636,494","314,875","5,951,369","92,172","23,109","9,309","2,456"
Locality: 700 NEWPORT NEWS CITY,0104,104 - MCINTOSH,"2,883",353,"3,236",115,10,1,45,"112,009","9,534","121,543","3,765",205,124,133,"5,636,494","314,875","5,951,369","92,172","23,109","9,309","2,456"
Locality: 700 NEWPORT NEWS CITY,0105,105 - OYSTER POINT,978,79,"1,057",31,2,1,45,"112,009","9,534","121,543","3,765",205,124,133,"5,636,494","314,875","5,951,369","92,172","23,109","9,309","2,456"
Locality: 700 NEWPORT NEWS CITY,0106,106 - RESERVOIR,"4,968",560,"5,528",212,12,4,45,"112,009","9,534","121,543","3,765",205,124,133,"5,636,494","314,875","5,951,369","92,172","23,109","9,309","2,456"
Locality: 700 NEWPORT NEWS CITY,0107,107 - RICHNECK,"4,120",202,"4,322",156,11,4,45,"112,009","9,534","121,543","3,765",205,124,133,"5,636,494","314,875","5,951,369","92,172","23,109","9,309","2,456"
Locality: 700 NEWPORT NEWS CITY,0108,108 - KATHERINE JOHNSON,"3,565",557,"4,122",571,12,6,45,"112,009","9,534","121,543","3,765",205,124,133,"5,636,494","314,875","5,951,369","92,172","23,109","9,309","2,456"
Locality: 700 NEWPORT NEWS CITY,0109,109 - WINDSOR,"2,101",268,"2,369",71,1,5,45,"112,009","9,534","121,543","3,765",205,124,133,"5,636,494","314,875","5,951,369","92,172","23,109","9,309","2,456"
Locality: 700 NEWPORT NEWS CITY,0110,110 - GREENWOOD,"3,896",303,"4,199",229,6,2,45,"112,009","9,534","121,543","3,765",205,124,133,"5,636,494","314,875","5,951,369","92,172","23,109","9,309","2,456"
Locality: 700 NEWPORT NEWS CITY,0201,201 - BLAND,891,189,"1,080",58,1,1,45,"112,009","9,534","121,543","3,765",205,124,133,"5,636,494","314,875","5,951,369","92,172","23,109","9,309","2,456"
Locality: 700 NEWPORT NEWS CITY,0202,202 - BOULEVARD,"2,685",218,"2,903",45,6,5,45,"112,009","9,534","121,543","3,765",205,124,133,"5,636,494","314,875","5,951,369","92,172","23,109","9,309","2,456"
Locality: 700 NEWPORT NEWS CITY,0203,203 - CHARLES,"4,096",202,"4,298",134,9,9,45,"112,009","9,534","121,543","3,765",205,124,133,"5,636,494","314,875","5,951,369","92,172","23,109","9,309","2,456"
Locality: 700 NEWPORT NEWS CITY,0204,204 - MARINERS' MUSEUM,"1,798",272,"2,070",36,3,4,45,"112,009","9,534","121,543","3,765",205,124,133,"5,636,494","314,875","5,951,369","92,172","23,109","9,309","2,456"
Locality: 700 NEWPORT NEWS CITY,0205,205 - DEEP CREEK,"2,962",135,"3,097",77,6,1,45,"112,009","9,534","121,543","3,765",205,124,133,"5,636,494","314,875","5,951,369","92,172","23,109","9,309","2,456"
Locality: 700 NEWPORT NEWS CITY,0208,208 - HIDENWOOD,"1,690",68,"1,758",26,9,5,45,"112,009","9,534","121,543","3,765",205,124,133,"5,636,494","314,875","5,951,369","92,172","23,109","9,309","2,456"
Locality: 700 NEWPORT NEWS CITY,0209,209 - HILTON,"2,299",132,"2,431",69,5,7,45,"112,009","9,534","121,543","3,765",205,124,133,"5,636,494","314,875","5,951,369","92,172","23,109","9,309","2,456"
Locality: 700 NEWPORT NEWS CITY,0210,210 - KNOLLWOOD MEADOWS,"4,096",177,"4,273",143,9,3,45,"112,009","9,534","121,543","3,765",205,124,133,"5,636,494","314,875","5,951,369","92,172","23,109","9,309","2,456"
Locality: 700 NEWPORT NEWS CITY,0211,211 - PALMER,"3,625",371,"3,996",160,6,2,45,"112,009","9,534","121,543","3,765",205,124,133,"5,636,494","314,875","5,951,369","92,172","23,109","9,309","2,456"
Locality: 700 NEWPORT NEWS CITY,0212,212 - RIVERSIDE,"1,433",68,"1,501",21,9,2,45,"112,009","9,534","121,543","3,765",205,124,133,"5,636,494","314,875","5,951,369","92,172","23,109","9,309","2,456"
Locality: 700 NEWPORT NEWS CITY,0213,213 - SANFORD,"1,306",35,"1,341",48,1,,45,"112,009","9,534","121,543","3,765",205,124,133,"5,636,494","314,875","5,951,369","92,172","23,109","9,309","2,456"
Locality: 700 NEWPORT NEWS CITY,0215,215 - WARWICK,"1,728",132,"1,860",38,2,3,45,"112,009","9,534","121,543","3,765",205,124,133,"5,636,494","314,875","5,951,369","92,172","23,109","9,309","2,456"
Locality: 700 NEWPORT NEWS CITY,0216,216 - YATES,"1,763",71,"1,834",44,5,4,45,"112,009","9,534","121,543","3,765",205,124,133,"5,636,494","314,875","5,951,369","92,172","23,109","9,309","2,456"
Locality: 700 NEWPORT NEWS CITY,0217,217 - RIVERVIEW,"2,530",98,"2,628",62,8,7,45,"112,009","9,534","121,543","3,765",205,124,133,"5,636,494","314,875","5,951,369","92,172","23,109","9,309","2,456"
Locality: 700 NEWPORT NEWS CITY,0218,218 - KILN CREEK,"4,508",303,"4,811",182,16,2,45,"112,009","9,534","121,543","3,765",205,124,133,"5,636,494","314,875","5,951,369","92,172","23,109","9,309","2,456"
Locality: 700 NEWPORT NEWS CITY,0219,219 - DEER PARK,"4,130",621,"4,751",147,6,4,45,"112,009","9,534","121,543","3,765",205,124,133,"5,636,494","314,875","5,951,369","92,172","23,109","9,309","2,456"
Locality: 700 NEWPORT NEWS CITY,0302,302 - BRIARFIELD,"2,834",216,"3,050",53,1,,45,"112,009","9,534","121,543","3,765",205,124,133,"5,636,494","314,875","5,951,369","92,172","23,109","9,309","2,456"
Locality: 700 NEWPORT NEWS CITY,0303,303 - CARVER,"1,794",128,"1,922",28,,,45,"112,009","9,534","121,543","3,765",205,124,133,"5,636,494","314,875","5,951,369","92,172","23,109","9,309","2,456"
Locality: 700 NEWPORT NEWS CITY,0304,304 - CHESTNUT,"1,240",86,"1,326",27,1,,45,"112,009","9,534","121,543","3,765",205,124,133,"5,636,494","314,875","5,951,369","92,172","23,109","9,309","2,456"
Locality: 700 NEWPORT NEWS CITY,0305,305 - DOWNTOWN,"1,000",126,"1,126",48,2,1,45,"112,009","9,534","121,543","3,765",205,124,133,"5,636,494","314,875","5,951,369","92,172","23,109","9,309","2,456"
Locality: 700 NEWPORT NEWS CITY,0306,306 - DUNBAR,418,70,488,1,,,45,"112,009","9,534","121,543","3,765",205,124,133,"5,636,494","314,875","5,951,369","92,172","23,109","9,309","2,456"
Locality: 700 NEWPORT NEWS CITY,0307,307 - HUNTINGTON,"1,068",78,"1,146",13,1,1,45,"112,009","9,534","121,543","3,765",205,124,133,"5,636,494","314,875","5,951,369","92,172","23,109","9,309","2,456"
Locality: 700 NEWPORT NEWS CITY,0308,308 - JEFFERSON,"1,155",80,"1,235",17,,1,45,"112,009","9,534","121,543","3,765",205,124,133,"5,636,494","314,875","5,951,369","92,172","23,109","9,309","2,456"
Locality: 700 NEWPORT NEWS CITY,0309,309 - MAGRUDER,"1,189",67,"1,256",17,1,1,45,"112,009","9,534","121,543","3,765",205,124,133,"5,636,494","314,875","5,951,369","92,172","23,109","9,309","2,456"
Locality: 700 NEWPORT NEWS CITY,0310,310 - MARSHALL,"1,529",100,"1,629",17,1,,45,"112,009","9,534","121,543","3,765",205,124,133,"5,636,494","314,875","5,951,369","92,172","23,109","9,309","2,456"
Locality: 700 NEWPORT NEWS CITY,0311,311 - NEWMARKET,"3,076",139,"3,215",43,2,4,45,"112,009","9,534","121,543","3,765",205,124,133,"5,636,494","314,875","5,951,369","92,172","23,109","9,309","2,456"
Locality: 700 NEWPORT NEWS CITY,0312,312 - NEWSOME PARK,673,71,744,11,,,45,"112,009","9,534","121,543","3,765",205,124,133,"5,636,494","314,875","5,951,369","92,172","23,109","9,309","2,456"
Locality: 700 NEWPORT NEWS CITY,0313,313 - REED,"2,162",119,"2,281",31,2,1,45,"112,009","9,534","121,543","3,765",205,124,133,"5,636,494","314,875","5,951,369","92,172","23,109","9,309","2,456"
Locality: 700 NEWPORT NEWS CITY,0314,314 - RIVER,"1,562",206,"1,768",29,,2,45,"112,009","9,534","121,543","3,765",205,124,133,"5,636,494","314,875","5,951,369","92,172","23,109","9,309","2,456"
Locality: 700 NEWPORT NEWS CITY,0315,315 - SEDGEFIELD,"2,063",113,"2,176",43,2,1,45,"112,009","9,534","121,543","3,765",205,124,133,"5,636,494","314,875","5,951,369","92,172","23,109","9,309","2,456"
Locality: 700 NEWPORT NEWS CITY,0316,316 - SOUTH MORRISON,"2,717",225,"2,942",78,2,4,45,"112,009","9,534","121,543","3,765",205,124,133,"5,636,494","314,875","5,951,369","92,172","23,109","9,309","2,456"
Locality: 700 NEWPORT NEWS CITY,0317,317 - WASHINGTON,686,57,743,12,,,45,"112,009","9,534","121,543","3,765",205,124,133,"5,636,494","314,875","5,951,369","92,172","23,109","9,309","2,456"
Locality: 700 NEWPORT NEWS CITY,0318,318 - WILSON,"1,216",126,"1,342",19,2,2,45,"112,009","9,534","121,543","3,765",205,124,133,"5,636,494","314,875","5,951,369","92,172","23,109","9,309","2,456"
Locality: 700 NEWPORT NEWS CITY,0319,319 - SAUNDERS,"3,985",241,"4,226",104,7,5,45,"112,009","9,534","121,543","3,765",205,124,133,"5,636,494","314,875","5,951,369","92,172","23,109","9,309","2,456"
Locality: 700 NEWPORT NEWS CITY,0320,320 - WATKINS,"4,883",313,"5,196",173,11,1,45,"112,009","9,534","121,543","3,765",205,124,133,"5,636,494","314,875","5,951,369","92,172","23,109","9,309","2,456"
Locality: 710 NORFOLK CITY,0101,101 - GRANBY,"3,697",456,"4,153",22,2,12,48,"125,408","11,215","136,623",577,114,234,133,"5,636,494","314,875","5,951,369","92,172","23,109","9,309","2,456"
Locality: 710 NORFOLK CITY,0102,102 - OCEAN VIEW SCHOOL,"1,811",181,"1,992",8,3,4,48,"125,408","11,215","136,623",577,114,234,133,"5,636,494","314,875","5,951,369","92,172","23,109","9,309","2,456"
Locality: 710 NORFOLK CITY,0103,103 - NORTHSIDE,"2,234",177,"2,411",13,4,,48,"125,408","11,215","136,623",577,114,234,133,"5,636,494","314,875","5,951,369","92,172","23,109","9,309","2,456"
Locality: 710 NORFOLK CITY,0104,104 - TITUSTOWN ,"1,837",361,"2,198",37,,2,48,"125,408","11,215","136,623",577,114,234,133,"5,636,494","314,875","5,951,369","92,172","23,109","9,309","2,456"
Locality: 710 NORFOLK CITY,0106,106 - SECOND PRESBYTERIAN,"3,275",428,"3,703",26,7,14,48,"125,408","11,215","136,623",577,114,234,133,"5,636,494","314,875","5,951,369","92,172","23,109","9,309","2,456"
Locality: 710 NORFOLK CITY,0201,201 - LARCHMONT SCHOOL,"2,724",495,"3,219",18,3,18,48,"125,408","11,215","136,623",577,114,234,133,"5,636,494","314,875","5,951,369","92,172","23,109","9,309","2,456"
Locality: 710 NORFOLK CITY,0203,203 - GHENT SQUARE,"1,330",125,"1,455",4,3,12,48,"125,408","11,215","136,623",577,114,234,133,"5,636,494","314,875","5,951,369","92,172","23,109","9,309","2,456"
Locality: 710 NORFOLK CITY,0207,207 - LAMBERT'S POINT,"3,298",379,"3,677",3,5,5,48,"125,408","11,215","136,623",577,114,234,133,"5,636,494","314,875","5,951,369","92,172","23,109","9,309","2,456"
Locality: 710 NORFOLK CITY,0208,208 - LARCHMONT LIBRARY,"1,650",73,"1,723",21,10,2,48,"125,408","11,215","136,623",577,114,234,133,"5,636,494","314,875","5,951,369","92,172","23,109","9,309","2,456"
Locality: 710 NORFOLK CITY,0210,210 - MAURY,"2,521",216,"2,737",22,12,19,48,"125,408","11,215","136,623",577,114,234,133,"5,636,494","314,875","5,951,369","92,172","23,109","9,309","2,456"
Locality: 710 NORFOLK CITY,0211,211 - CHRYSLER MUSEUM,"3,575",468,"4,043",34,5,12,48,"125,408","11,215","136,623",577,114,234,133,"5,636,494","314,875","5,951,369","92,172","23,109","9,309","2,456"
Locality: 710 NORFOLK CITY,0212,212 - PARK PLACE,"2,192",183,"2,375",6,2,,48,"125,408","11,215","136,623",577,114,234,133,"5,636,494","314,875","5,951,369","92,172","23,109","9,309","2,456"
Locality: 710 NORFOLK CITY,0213,213 - TAYLOR ELEMENTARY SCHOOL,"2,795",289,"3,084",20,7,24,48,"125,408","11,215","136,623",577,114,234,133,"5,636,494","314,875","5,951,369","92,172","23,109","9,309","2,456"
Locality: 710 NORFOLK CITY,0214,214 - STUART,"2,834",196,"3,030",15,3,14,48,"125,408","11,215","136,623",577,114,234,133,"5,636,494","314,875","5,951,369","92,172","23,109","9,309","2,456"
Locality: 710 NORFOLK CITY,0215,215 - SUBURBAN PARK,"2,248",118,"2,366",9,1,8,48,"125,408","11,215","136,623",577,114,234,133,"5,636,494","314,875","5,951,369","92,172","23,109","9,309","2,456"
Locality: 710 NORFOLK CITY,0217,217 - WESLEY,"2,494",178,"2,672",14,,3,48,"125,408","11,215","136,623",577,114,234,133,"5,636,494","314,875","5,951,369","92,172","23,109","9,309","2,456"
Locality: 710 NORFOLK CITY,0218,218 - WILLARD,"3,451",207,"3,658",15,7,12,48,"125,408","11,215","136,623",577,114,234,133,"5,636,494","314,875","5,951,369","92,172","23,109","9,309","2,456"
Locality: 710 NORFOLK CITY,0301,301 - BALLENTINE,"2,777",190,"2,967",12,2,1,48,"125,408","11,215","136,623",577,114,234,133,"5,636,494","314,875","5,951,369","92,172","23,109","9,309","2,456"
Locality: 710 NORFOLK CITY,0302,302 - TANNERS CREEK,"1,750",191,"1,941",9,,2,48,"125,408","11,215","136,623",577,114,234,133,"5,636,494","314,875","5,951,369","92,172","23,109","9,309","2,456"
Locality: 710 NORFOLK CITY,0303,303 - BROAD CREEK,"3,048",194,"3,242",7,1,1,48,"125,408","11,215","136,623",577,114,234,133,"5,636,494","314,875","5,951,369","92,172","23,109","9,309","2,456"
Locality: 710 NORFOLK CITY,0304,304 - COLEMAN PLACE SCHOOL,"1,540",102,"1,642",4,,,48,"125,408","11,215","136,623",577,114,234,133,"5,636,494","314,875","5,951,369","92,172","23,109","9,309","2,456"
Locality: 710 NORFOLK CITY,0305,305 - LAFAYETTE-WINONA,"2,077",161,"2,238",11,,1,48,"125,408","11,215","136,623",577,114,234,133,"5,636,494","314,875","5,951,369","92,172","23,109","9,309","2,456"
Locality: 710 NORFOLK CITY,0306,306 - LINDENWOOD,"1,797",113,"1,910",3,,1,48,"125,408","11,215","136,623",577,114,234,133,"5,636,494","314,875","5,951,369","92,172","23,109","9,309","2,456"
Locality: 710 NORFOLK CITY,0309,309 - NORVIEW,"4,512",451,"4,963",17,,2,48,"125,408","11,215","136,623",577,114,234,133,"5,636,494","314,875","5,951,369","92,172","23,109","9,309","2,456"
Locality: 710 NORFOLK CITY,0310,310 - ROSEMONT,"3,764",415,"4,179",8,,4,48,"125,408","11,215","136,623",577,114,234,133,"5,636,494","314,875","5,951,369","92,172","23,109","9,309","2,456"
Locality: 710 NORFOLK CITY,0311,311 - SHERWOOD,"4,525",272,"4,797",16,3,5,48,"125,408","11,215","136,623",577,114,234,133,"5,636,494","314,875","5,951,369","92,172","23,109","9,309","2,456"
Locality: 710 NORFOLK CITY,0313,313 - UNION CHAPEL,"1,342",112,"1,454",4,,,48,"125,408","11,215","136,623",577,114,234,133,"5,636,494","314,875","5,951,369","92,172","23,109","9,309","2,456"
Locality: 710 NORFOLK CITY,0402,402 - BERKLEY,"2,012",104,"2,116",5,1,2,48,"125,408","11,215","136,623",577,114,234,133,"5,636,494","314,875","5,951,369","92,172","23,109","9,309","2,456"
Locality: 710 NORFOLK CITY,0404,404 - CAMPOSTELLA,"2,348",201,"2,549",8,,1,48,"125,408","11,215","136,623",577,114,234,133,"5,636,494","314,875","5,951,369","92,172","23,109","9,309","2,456"
Locality: 710 NORFOLK CITY,0405,405 - CHESTERFIELD,"2,686",403,"3,089",5,,1,48,"125,408","11,215","136,623",577,114,234,133,"5,636,494","314,875","5,951,369","92,172","23,109","9,309","2,456"
Locality: 710 NORFOLK CITY,0406,406 - BARRON BLACK,"1,809",133,"1,942",7,1,1,48,"125,408","11,215","136,623",577,114,234,133,"5,636,494","314,875","5,951,369","92,172","23,109","9,309","2,456"
Locality: 710 NORFOLK CITY,0408,408 - EASTON,"2,688",171,"2,859",9,2,1,48,"125,408","11,215","136,623",577,114,234,133,"5,636,494","314,875","5,951,369","92,172","23,109","9,309","2,456"
Locality: 710 NORFOLK CITY,0409,409 - FAIRLAWN,"1,941",136,"2,077",9,4,,48,"125,408","11,215","136,623",577,114,234,133,"5,636,494","314,875","5,951,369","92,172","23,109","9,309","2,456"
Locality: 710 NORFOLK CITY,0411,411 - RUFFNER ACADEMY,"1,719",178,"1,897",3,,,48,"125,408","11,215","136,623",577,114,234,133,"5,636,494","314,875","5,951,369","92,172","23,109","9,309","2,456"
Locality: 710 NORFOLK CITY,0412,412 - INGLESIDE,"2,182",134,"2,316",10,1,1,48,"125,408","11,215","136,623",577,114,234,133,"5,636,494","314,875","5,951,369","92,172","23,109","9,309","2,456"
Locality: 710 NORFOLK CITY,0413,413 - POPLAR HALLS,"3,522",329,"3,851",10,3,3,48,"125,408","11,215","136,623",577,114,234,133,"5,636,494","314,875","5,951,369","92,172","23,109","9,309","2,456"
Locality: 710 NORFOLK CITY,0414,414 - YOUNG PARK,"2,787",195,"2,982",8,1,1,48,"125,408","11,215","136,623",577,114,234,133,"5,636,494","314,875","5,951,369","92,172","23,109","9,309","2,456"
Locality: 710 NORFOLK CITY,0415,415 - LAKE TAYLOR HIGH SCHOOL,"2,507",158,"2,665",5,,2,48,"125,408","11,215","136,623",577,114,234,133,"5,636,494","314,875","5,951,369","92,172","23,109","9,309","2,456"
Locality: 710 NORFOLK CITY,0501,501 - BAYVIEW,"3,100",271,"3,371",13,3,4,48,"125,408","11,215","136,623",577,114,234,133,"5,636,494","314,875","5,951,369","92,172","23,109","9,309","2,456"
Locality: 710 NORFOLK CITY,0503,503 - EAST OCEAN VIEW,"3,560",424,"3,984",22,3,10,48,"125,408","11,215","136,623",577,114,234,133,"5,636,494","314,875","5,951,369","92,172","23,109","9,309","2,456"
Locality: 710 NORFOLK CITY,0504,504 - LARRYMORE,"2,329",211,"2,540",10,1,6,48,"125,408","11,215","136,623",577,114,234,133,"5,636,494","314,875","5,951,369","92,172","23,109","9,309","2,456"
Locality: 710 NORFOLK CITY,0505,505 - LITTLE CREEK,"1,988",127,"2,115",7,,2,48,"125,408","11,215","136,623",577,114,234,133,"5,636,494","314,875","5,951,369","92,172","23,109","9,309","2,456"
Locality: 710 NORFOLK CITY,0506,506 - OCEAN VIEW CENTER,"3,793",287,"4,080",11,5,2,48,"125,408","11,215","136,623",577,114,234,133,"5,636,494","314,875","5,951,369","92,172","23,109","9,309","2,456"
Locality: 710 NORFOLK CITY,0507,507 - PRETLOW,"3,016",268,"3,284",18,2,5,48,"125,408","11,215","136,623",577,114,234,133,"5,636,494","314,875","5,951,369","92,172","23,109","9,309","2,456"
Locality: 710 NORFOLK CITY,0509,509 - TARRALLTON,"2,886",195,"3,081",11,,4,48,"125,408","11,215","136,623",577,114,234,133,"5,636,494","314,875","5,951,369","92,172","23,109","9,309","2,456"
Locality: 710 NORFOLK CITY,0510,510 - THIRD PRESBYTERIAN,"2,908",213,"3,121",11,2,6,48,"125,408","11,215","136,623",577,114,234,133,"5,636,494","314,875","5,951,369","92,172","23,109","9,309","2,456"
Locality: 710 NORFOLK CITY,0511,511 - CROSSROADS,"2,953",187,"3,140",13,3,3,48,"125,408","11,215","136,623",577,114,234,133,"5,636,494","314,875","5,951,369","92,172","23,109","9,309","2,456"
Locality: 710 NORFOLK CITY,0512,512 - AZALEA GARDENS,"1,576",159,"1,735",4,2,1,48,"125,408","11,215","136,623",577,114,234,133,"5,636,494","314,875","5,951,369","92,172","23,109","9,309","2,456"
Locality: 720 NORTON CITY,0001,001 - EAST WARD,"2,417",105,"2,522",10,,,1,"2,417",105,"2,522",10,,,133,"5,636,494","314,875","5,951,369","92,172","23,109","9,309","2,456"
Locality: 730 PETERSBURG CITY,0101,101 - FIRST WARD FIRST PRECINCT,"2,693",249,"2,942",71,1,1,7,"21,708","1,459","23,167",411,50,5,133,"5,636,494","314,875","5,951,369","92,172","23,109","9,309","2,456"
Locality: 730 PETERSBURG CITY,0201,201 - SECOND WARD FIRST PRECINCT,"3,597",252,"3,849",81,8,1,7,"21,708","1,459","23,167",411,50,5,133,"5,636,494","314,875","5,951,369","92,172","23,109","9,309","2,456"
Locality: 730 PETERSBURG CITY,0301,301 - THIRD WARD FIRST PRECINCT,"3,526",179,"3,705",60,22,3,7,"21,708","1,459","23,167",411,50,5,133,"5,636,494","314,875","5,951,369","92,172","23,109","9,309","2,456"
Locality: 730 PETERSBURG CITY,0401,401 - FOURTH WARD FIRST PRECINCT,"3,120",248,"3,368",67,7,,7,"21,708","1,459","23,167",411,50,5,133,"5,636,494","314,875","5,951,369","92,172","23,109","9,309","2,456"
Locality: 730 PETERSBURG CITY,0501,501 - FIFTH WARD FIRST PRECINCT,"3,061",219,"3,280",50,7,,7,"21,708","1,459","23,167",411,50,5,133,"5,636,494","314,875","5,951,369","92,172","23,109","9,309","2,456"
Locality: 730 PETERSBURG CITY,0601,601 - SIXTH WARD FIRST PRECINCT,"2,657",161,"2,818",31,2,,7,"21,708","1,459","23,167",411,50,5,133,"5,636,494","314,875","5,951,369","92,172","23,109","9,309","2,456"
Locality: 730 PETERSBURG CITY,0701,701 - SEVENTH WARD FIRST PRECINCT,"3,054",151,"3,205",51,3,,7,"21,708","1,459","23,167",411,50,5,133,"5,636,494","314,875","5,951,369","92,172","23,109","9,309","2,456"
Locality: 735 POQUOSON CITY,0001,001 - CENTRAL,"3,000",107,"3,107",77,6,5,3,"9,156",339,"9,495",291,16,13,133,"5,636,494","314,875","5,951,369","92,172","23,109","9,309","2,456"
Locality: 735 POQUOSON CITY,0002,002 - EASTERN,"3,093",126,"3,219",138,5,4,3,"9,156",339,"9,495",291,16,13,133,"5,636,494","314,875","5,951,369","92,172","23,109","9,309","2,456"
Locality: 735 POQUOSON CITY,0003,003 - WESTERN,"3,063",106,"3,169",76,5,4,3,"9,156",339,"9,495",291,16,13,133,"5,636,494","314,875","5,951,369","92,172","23,109","9,309","2,456"
Locality: 740 PORTSMOUTH CITY,0001,001 - EMANUEL A. M. E. CHURCH ,"2,548",238,"2,786",171,8,8,31,"63,083","3,613","66,696","2,068",83,55,133,"5,636,494","314,875","5,951,369","92,172","23,109","9,309","2,456"
Locality: 740 PORTSMOUTH CITY,0005,005 - HAMPTON ROADS COMMUNITY HEALTH CENTER,"1,614",101,"1,715",42,,1,31,"63,083","3,613","66,696","2,068",83,55,133,"5,636,494","314,875","5,951,369","92,172","23,109","9,309","2,456"
Locality: 740 PORTSMOUTH CITY,0007,007- PARK VIEW ELEMENTARY SCHOOL,"1,487",140,"1,627",115,5,,31,"63,083","3,613","66,696","2,068",83,55,133,"5,636,494","314,875","5,951,369","92,172","23,109","9,309","2,456"
Locality: 740 PORTSMOUTH CITY,0009,009 - THIRD BAPTIST CHURCH,"2,195",118,"2,313",48,,,31,"63,083","3,613","66,696","2,068",83,55,133,"5,636,494","314,875","5,951,369","92,172","23,109","9,309","2,456"
Locality: 740 PORTSMOUTH CITY,0010,010 - PORT NORFOLK RECREATION CENTER,"1,114",116,"1,230",48,1,,31,"63,083","3,613","66,696","2,068",83,55,133,"5,636,494","314,875","5,951,369","92,172","23,109","9,309","2,456"
Locality: 740 PORTSMOUTH CITY,0011,011 - JOSEPH E. PARKER RECREATION CENTER,"1,629",89,"1,718",26,,1,31,"63,083","3,613","66,696","2,068",83,55,133,"5,636,494","314,875","5,951,369","92,172","23,109","9,309","2,456"
Locality: 740 PORTSMOUTH CITY,0013,013 - ST. MARK MISSIONARY BAPTIST CHURCH,"1,410",81,"1,491",30,,1,31,"63,083","3,613","66,696","2,068",83,55,133,"5,636,494","314,875","5,951,369","92,172","23,109","9,309","2,456"
Locality: 740 PORTSMOUTH CITY,0014,014 - BRIGHTON ELEMENTARY SCHOOL,"2,037",93,"2,130",49,1,2,31,"63,083","3,613","66,696","2,068",83,55,133,"5,636,494","314,875","5,951,369","92,172","23,109","9,309","2,456"
Locality: 740 PORTSMOUTH CITY,0016,016 - CRADOCK MIDDLE SCHOOL,"2,086",153,"2,239",122,3,1,31,"63,083","3,613","66,696","2,068",83,55,133,"5,636,494","314,875","5,951,369","92,172","23,109","9,309","2,456"
Locality: 740 PORTSMOUTH CITY,0017,017 - VICTORY LIFE FELLOWSHIP,"2,580",189,"2,769",87,1,,31,"63,083","3,613","66,696","2,068",83,55,133,"5,636,494","314,875","5,951,369","92,172","23,109","9,309","2,456"
Locality: 740 PORTSMOUTH CITY,0019,019 - VICTORY ELEMENTARY SCHOOL,"1,218",58,"1,276",31,2,,31,"63,083","3,613","66,696","2,068",83,55,133,"5,636,494","314,875","5,951,369","92,172","23,109","9,309","2,456"
Locality: 740 PORTSMOUTH CITY,0020,020 - NOBLE STREET BAPTIST CHURCH,"2,004",123,"2,127",90,2,2,31,"63,083","3,613","66,696","2,068",83,55,133,"5,636,494","314,875","5,951,369","92,172","23,109","9,309","2,456"
Locality: 740 PORTSMOUTH CITY,0021,021 - JOHN F. KENNEDY COMMUNITY CENTER,"1,275",74,"1,349",22,,,31,"63,083","3,613","66,696","2,068",83,55,133,"5,636,494","314,875","5,951,369","92,172","23,109","9,309","2,456"
Locality: 740 PORTSMOUTH CITY,0022,022 - ST. MARK DELIVERANCE CENTER,"2,015",119,"2,134",62,,1,31,"63,083","3,613","66,696","2,068",83,55,133,"5,636,494","314,875","5,951,369","92,172","23,109","9,309","2,456"
Locality: 740 PORTSMOUTH CITY,0023,023 - WESTHAVEN BAPTIST CHURCH,"1,732",76,"1,808",56,,1,31,"63,083","3,613","66,696","2,068",83,55,133,"5,636,494","314,875","5,951,369","92,172","23,109","9,309","2,456"
Locality: 740 PORTSMOUTH CITY,0024,024 - THE SENIOR STATION,"1,551",95,"1,646",45,9,1,31,"63,083","3,613","66,696","2,068",83,55,133,"5,636,494","314,875","5,951,369","92,172","23,109","9,309","2,456"
Locality: 740 PORTSMOUTH CITY,0025,025 - WATERVIEW ELEMENTARY SCHOOL,"1,878",103,"1,981",64,4,2,31,"63,083","3,613","66,696","2,068",83,55,133,"5,636,494","314,875","5,951,369","92,172","23,109","9,309","2,456"
Locality: 740 PORTSMOUTH CITY,0026,026 - WILLIAM E. WATERS MIDDLE SCHOOL,"1,894",82,"1,976",32,,,31,"63,083","3,613","66,696","2,068",83,55,133,"5,636,494","314,875","5,951,369","92,172","23,109","9,309","2,456"
Locality: 740 PORTSMOUTH CITY,0027,027 - CAVALIER MANOR RECREATION CENTER,"1,910",77,"1,987",30,2,,31,"63,083","3,613","66,696","2,068",83,55,133,"5,636,494","314,875","5,951,369","92,172","23,109","9,309","2,456"
Locality: 740 PORTSMOUTH CITY,0028,028 - LAKEVIEW ELEMENTARY SCHOOL,"2,460",66,"2,526",32,1,2,31,"63,083","3,613","66,696","2,068",83,55,133,"5,636,494","314,875","5,951,369","92,172","23,109","9,309","2,456"
Locality: 740 PORTSMOUTH CITY,0029,029 - MANOR HIGH SCHOOL,"1,263",53,"1,316",34,1,,31,"63,083","3,613","66,696","2,068",83,55,133,"5,636,494","314,875","5,951,369","92,172","23,109","9,309","2,456"
Locality: 740 PORTSMOUTH CITY,0030,030 - THE RESCUE CHURCH,"1,711",79,"1,790",47,,,31,"63,083","3,613","66,696","2,068",83,55,133,"5,636,494","314,875","5,951,369","92,172","23,109","9,309","2,456"
Locality: 740 PORTSMOUTH CITY,0031,031 - WEST PARK CHURCH OF CHRIST ,"2,894",183,"3,077",44,3,1,31,"63,083","3,613","66,696","2,068",83,55,133,"5,636,494","314,875","5,951,369","92,172","23,109","9,309","2,456"
Locality: 740 PORTSMOUTH CITY,0032,032 - HODGES MANOR ELEMENTARY SCHOOL ,"1,397",49,"1,446",34,1,1,31,"63,083","3,613","66,696","2,068",83,55,133,"5,636,494","314,875","5,951,369","92,172","23,109","9,309","2,456"
Locality: 740 PORTSMOUTH CITY,0033,033- PINECREST BAPTIST CHURCH,"1,225",47,"1,272",23,1,,31,"63,083","3,613","66,696","2,068",83,55,133,"5,636,494","314,875","5,951,369","92,172","23,109","9,309","2,456"
Locality: 740 PORTSMOUTH CITY,0034,034- CHURCHLAND BRANCH LIBRARY,"1,729",81,"1,810",58,4,10,31,"63,083","3,613","66,696","2,068",83,55,133,"5,636,494","314,875","5,951,369","92,172","23,109","9,309","2,456"
Locality: 740 PORTSMOUTH CITY,0035,035 - CHURCHLAND ELEMENTARY SCHOOL,"2,178",81,"2,259",72,5,1,31,"63,083","3,613","66,696","2,068",83,55,133,"5,636,494","314,875","5,951,369","92,172","23,109","9,309","2,456"
Locality: 740 PORTSMOUTH CITY,0036,036 - CHURCHLAND HIGH SCHOOL,"3,861",185,"4,046",162,11,5,31,"63,083","3,613","66,696","2,068",83,55,133,"5,636,494","314,875","5,951,369","92,172","23,109","9,309","2,456"
Locality: 740 PORTSMOUTH CITY,0037,037 - CHURCHLAND MIDDLE SCHOOL,"3,125",232,"3,357",124,3,8,31,"63,083","3,613","66,696","2,068",83,55,133,"5,636,494","314,875","5,951,369","92,172","23,109","9,309","2,456"
Locality: 740 PORTSMOUTH CITY,0038,038 - GROVE BAPTIST CHURCH,"3,683",256,"3,939",137,5,1,31,"63,083","3,613","66,696","2,068",83,55,133,"5,636,494","314,875","5,951,369","92,172","23,109","9,309","2,456"
Locality: 740 PORTSMOUTH CITY,0039,039 - CHURCHLAND PRIMARY AND INTERMEDIATE SCHOOL,"3,380",176,"3,556",131,10,5,31,"63,083","3,613","66,696","2,068",83,55,133,"5,636,494","314,875","5,951,369","92,172","23,109","9,309","2,456"
Locality: 750 RADFORD CITY,0001,001 - EAST PRECINCT,"2,103",241,"2,344",10,3,,4,"8,450",933,"9,383",52,10,1,133,"5,636,494","314,875","5,951,369","92,172","23,109","9,309","2,456"
Locality: 750 RADFORD CITY,0002,002 - CENTRAL PRECINCT,"2,139",147,"2,286",13,4,1,4,"8,450",933,"9,383",52,10,1,133,"5,636,494","314,875","5,951,369","92,172","23,109","9,309","2,456"
Locality: 750 RADFORD CITY,0003,003 - WEST PRECINCT,"2,556",100,"2,656",15,2,,4,"8,450",933,"9,383",52,10,1,133,"5,636,494","314,875","5,951,369","92,172","23,109","9,309","2,456"
Locality: 750 RADFORD CITY,0004,004 - NEW RIVER PRECINCT,"1,652",445,"2,097",14,1,,4,"8,450",933,"9,383",52,10,1,133,"5,636,494","314,875","5,951,369","92,172","23,109","9,309","2,456"
Locality: 760 RICHMOND CITY,0101,101 - ONE HUNDRED ONE,"1,244",499,"1,743",2,4,10,69,"142,460","14,601","157,061",202,263,258,133,"5,636,494","314,875","5,951,369","92,172","23,109","9,309","2,456"
Locality: 760 RICHMOND CITY,0102,102 - ONE HUNDRED TWO,"1,242",43,"1,285",,2,4,69,"142,460","14,601","157,061",202,263,258,133,"5,636,494","314,875","5,951,369","92,172","23,109","9,309","2,456"
Locality: 760 RICHMOND CITY,0104,104 - ONE HUNDRED FOUR,"1,976",79,"2,055",2,1,5,69,"142,460","14,601","157,061",202,263,258,133,"5,636,494","314,875","5,951,369","92,172","23,109","9,309","2,456"
Locality: 760 RICHMOND CITY,0105,105 - ONE HUNDRED FIVE,"1,854",108,"1,962",3,2,8,69,"142,460","14,601","157,061",202,263,258,133,"5,636,494","314,875","5,951,369","92,172","23,109","9,309","2,456"
Locality: 760 RICHMOND CITY,0106,106 - ONE HUNDRED SIX,"2,076",75,"2,151",4,12,4,69,"142,460","14,601","157,061",202,263,258,133,"5,636,494","314,875","5,951,369","92,172","23,109","9,309","2,456"
Locality: 760 RICHMOND CITY,0111,111 - ONE HUNDRED ELEVEN,"1,684",98,"1,782",5,4,10,69,"142,460","14,601","157,061",202,263,258,133,"5,636,494","314,875","5,951,369","92,172","23,109","9,309","2,456"
Locality: 760 RICHMOND CITY,0112,112 - ONE HUNDRED TWELVE,"1,471",92,"1,563",1,6,7,69,"142,460","14,601","157,061",202,263,258,133,"5,636,494","314,875","5,951,369","92,172","23,109","9,309","2,456"
Locality: 760 RICHMOND CITY,0113,113 - ONE HUNDRED THIRTEEN,"2,280",182,"2,462",7,11,9,69,"142,460","14,601","157,061",202,263,258,133,"5,636,494","314,875","5,951,369","92,172","23,109","9,309","2,456"
Locality: 760 RICHMOND CITY,0114,114 - ONE HUNDRED FOURTEEN,"2,723",231,"2,954",4,13,16,69,"142,460","14,601","157,061",202,263,258,133,"5,636,494","314,875","5,951,369","92,172","23,109","9,309","2,456"
Locality: 760 RICHMOND CITY,0115,115 - ONE HUNDRED FIFTEEN,"1,504",55,"1,559",2,4,8,69,"142,460","14,601","157,061",202,263,258,133,"5,636,494","314,875","5,951,369","92,172","23,109","9,309","2,456"
Locality: 760 RICHMOND CITY,0203,203 - TWO HUNDRED THREE,"1,678",53,"1,731",3,8,10,69,"142,460","14,601","157,061",202,263,258,133,"5,636,494","314,875","5,951,369","92,172","23,109","9,309","2,456"
Locality: 760 RICHMOND CITY,0204,204 - TWO HUNDRED FOUR,"2,455",329,"2,784",5,6,7,69,"142,460","14,601","157,061",202,263,258,133,"5,636,494","314,875","5,951,369","92,172","23,109","9,309","2,456"
Locality: 760 RICHMOND CITY,0206,206 - TWO HUNDRED SIX,"1,301",218,"1,519",2,7,3,69,"142,460","14,601","157,061",202,263,258,133,"5,636,494","314,875","5,951,369","92,172","23,109","9,309","2,456"
Locality: 760 RICHMOND CITY,0207,207 - TWO HUNDRED SEVEN,"2,502",278,"2,780",6,14,18,69,"142,460","14,601","157,061",202,263,258,133,"5,636,494","314,875","5,951,369","92,172","23,109","9,309","2,456"
Locality: 760 RICHMOND CITY,0208,208 - TWO HUNDRED EIGHT,"2,114",194,"2,308",2,12,6,69,"142,460","14,601","157,061",202,263,258,133,"5,636,494","314,875","5,951,369","92,172","23,109","9,309","2,456"
Locality: 760 RICHMOND CITY,0213,213 - TWO HUNDRED THIRTEEN,"3,471",539,"4,010",5,8,3,69,"142,460","14,601","157,061",202,263,258,133,"5,636,494","314,875","5,951,369","92,172","23,109","9,309","2,456"
Locality: 760 RICHMOND CITY,0214,214 - TWO HUNDRED FOURTEEN,"1,711",401,"2,112",4,,3,69,"142,460","14,601","157,061",202,263,258,133,"5,636,494","314,875","5,951,369","92,172","23,109","9,309","2,456"
Locality: 760 RICHMOND CITY,0215,215 - TWO HUNDRED FIFTEEN,"2,082",258,"2,340",1,1,1,69,"142,460","14,601","157,061",202,263,258,133,"5,636,494","314,875","5,951,369","92,172","23,109","9,309","2,456"
Locality: 760 RICHMOND CITY,0301,301 - THREE HUNDRED ONE,"1,415",214,"1,629",1,,,69,"142,460","14,601","157,061",202,263,258,133,"5,636,494","314,875","5,951,369","92,172","23,109","9,309","2,456"
Locality: 760 RICHMOND CITY,0302,302 - THREE HUNDRED TWO,"1,459",131,"1,590",2,,3,69,"142,460","14,601","157,061",202,263,258,133,"5,636,494","314,875","5,951,369","92,172","23,109","9,309","2,456"
Locality: 760 RICHMOND CITY,0303,303 - THREE HUNDRED THREE,"1,197",82,"1,279",1,1,1,69,"142,460","14,601","157,061",202,263,258,133,"5,636,494","314,875","5,951,369","92,172","23,109","9,309","2,456"
Locality: 760 RICHMOND CITY,0304,304 - THREE HUNDRED FOUR,"1,912",157,"2,069",3,,1,69,"142,460","14,601","157,061",202,263,258,133,"5,636,494","314,875","5,951,369","92,172","23,109","9,309","2,456"
Locality: 760 RICHMOND CITY,0305,305 - THREE HUNDRED FIVE,"1,917",212,"2,129",2,,1,69,"142,460","14,601","157,061",202,263,258,133,"5,636,494","314,875","5,951,369","92,172","23,109","9,309","2,456"
Locality: 760 RICHMOND CITY,0306,306 - THREE HUNDRED SIX,"1,547",392,"1,939",4,1,1,69,"142,460","14,601","157,061",202,263,258,133,"5,636,494","314,875","5,951,369","92,172","23,109","9,309","2,456"
Locality: 760 RICHMOND CITY,0307,307 - THREE HUNDRED SEVEN,"1,707",118,"1,825",2,7,3,69,"142,460","14,601","157,061",202,263,258,133,"5,636,494","314,875","5,951,369","92,172","23,109","9,309","2,456"
Locality: 760 RICHMOND CITY,0308,308 - THREE HUNDRED EIGHT,"1,791",111,"1,902",1,6,8,69,"142,460","14,601","157,061",202,263,258,133,"5,636,494","314,875","5,951,369","92,172","23,109","9,309","2,456"
Locality: 760 RICHMOND CITY,0309,309 - THREE HUNDRED NINE,"1,110",134,"1,244",,3,4,69,"142,460","14,601","157,061",202,263,258,133,"5,636,494","314,875","5,951,369","92,172","23,109","9,309","2,456"
Locality: 760 RICHMOND CITY,0310,310 - THREE HUNDRED TEN,955,150,"1,105",1,,,69,"142,460","14,601","157,061",202,263,258,133,"5,636,494","314,875","5,951,369","92,172","23,109","9,309","2,456"
Locality: 760 RICHMOND CITY,0402,402 - FOUR HUNDRED TWO,"2,887",133,"3,020",5,11,13,69,"142,460","14,601","157,061",202,263,258,133,"5,636,494","314,875","5,951,369","92,172","23,109","9,309","2,456"
Locality: 760 RICHMOND CITY,0404,404 - FOUR HUNDRED FOUR,"2,811",224,"3,035",4,3,6,69,"142,460","14,601","157,061",202,263,258,133,"5,636,494","314,875","5,951,369","92,172","23,109","9,309","2,456"
Locality: 760 RICHMOND CITY,0409,409 - FOUR HUNDRED NINE,"2,038",96,"2,134",5,6,7,69,"142,460","14,601","157,061",202,263,258,133,"5,636,494","314,875","5,951,369","92,172","23,109","9,309","2,456"
Locality: 760 RICHMOND CITY,0410,410 - FOUR HUNDRED TEN,"2,256",179,"2,435",4,3,2,69,"142,460","14,601","157,061",202,263,258,133,"5,636,494","314,875","5,951,369","92,172","23,109","9,309","2,456"
Locality: 760 RICHMOND CITY,0412,412 - FOUR HUNDRED TWELVE,"2,365",222,"2,587",5,,,69,"142,460","14,601","157,061",202,263,258,133,"5,636,494","314,875","5,951,369","92,172","23,109","9,309","2,456"
Locality: 760 RICHMOND CITY,0413,413 - FOUR HUNDRED THIRTEEN,"1,868",74,"1,942",4,6,5,69,"142,460","14,601","157,061",202,263,258,133,"5,636,494","314,875","5,951,369","92,172","23,109","9,309","2,456"
Locality: 760 RICHMOND CITY,0414,414 - FOUR HUNDRED FOURTEEN,"2,080",86,"2,166",3,5,5,69,"142,460","14,601","157,061",202,263,258,133,"5,636,494","314,875","5,951,369","92,172","23,109","9,309","2,456"
Locality: 760 RICHMOND CITY,0415,415 - FOUR HUNDRED FIFTEEN,"1,880",153,"2,033",6,8,3,69,"142,460","14,601","157,061",202,263,258,133,"5,636,494","314,875","5,951,369","92,172","23,109","9,309","2,456"
Locality: 760 RICHMOND CITY,0501,501 - FIVE HUNDRED ONE,"2,555",204,"2,759",2,8,9,69,"142,460","14,601","157,061",202,263,258,133,"5,636,494","314,875","5,951,369","92,172","23,109","9,309","2,456"
Locality: 760 RICHMOND CITY,0503,503 - FIVE HUNDRED THREE,"2,681",217,"2,898",3,9,4,69,"142,460","14,601","157,061",202,263,258,133,"5,636,494","314,875","5,951,369","92,172","23,109","9,309","2,456"
Locality: 760 RICHMOND CITY,0504,504 - FIVE HUNDRED FOUR,"3,470",437,"3,907",6,12,12,69,"142,460","14,601","157,061",202,263,258,133,"5,636,494","314,875","5,951,369","92,172","23,109","9,309","2,456"
Locality: 760 RICHMOND CITY,0505,505 - FIVE HUNDRED FIVE,"1,603",205,"1,808",2,5,,69,"142,460","14,601","157,061",202,263,258,133,"5,636,494","314,875","5,951,369","92,172","23,109","9,309","2,456"
Locality: 760 RICHMOND CITY,0508,508 - FIVE HUNDRED EIGHT,"1,194",125,"1,319",1,6,2,69,"142,460","14,601","157,061",202,263,258,133,"5,636,494","314,875","5,951,369","92,172","23,109","9,309","2,456"
Locality: 760 RICHMOND CITY,0509,509 - FIVE HUNDRED NINE,"2,136",213,"2,349",,2,1,69,"142,460","14,601","157,061",202,263,258,133,"5,636,494","314,875","5,951,369","92,172","23,109","9,309","2,456"
Locality: 760 RICHMOND CITY,0510,510 - FIVE HUNDRED TEN,"2,434",219,"2,653",3,3,2,69,"142,460","14,601","157,061",202,263,258,133,"5,636,494","314,875","5,951,369","92,172","23,109","9,309","2,456"
Locality: 760 RICHMOND CITY,0602,602 - SIX HUNDRED TWO,"1,967",182,"2,149",2,,1,69,"142,460","14,601","157,061",202,263,258,133,"5,636,494","314,875","5,951,369","92,172","23,109","9,309","2,456"
Locality: 760 RICHMOND CITY,0603,603 - SIX HUNDRED THREE,"2,036",183,"2,219",2,1,,69,"142,460","14,601","157,061",202,263,258,133,"5,636,494","314,875","5,951,369","92,172","23,109","9,309","2,456"
Locality: 760 RICHMOND CITY,0604,604 - SIX HUNDRED FOUR,"1,630",185,"1,815",,,,69,"142,460","14,601","157,061",202,263,258,133,"5,636,494","314,875","5,951,369","92,172","23,109","9,309","2,456"
Locality: 760 RICHMOND CITY,0606,606 - SIX HUNDRED SIX,"2,322",223,"2,545",3,1,1,69,"142,460","14,601","157,061",202,263,258,133,"5,636,494","314,875","5,951,369","92,172","23,109","9,309","2,456"
Locality: 760 RICHMOND CITY,0607,607 - SIX HUNDRED SEVEN,"2,456",586,"3,042",3,6,4,69,"142,460","14,601","157,061",202,263,258,133,"5,636,494","314,875","5,951,369","92,172","23,109","9,309","2,456"
Locality: 760 RICHMOND CITY,0609,609 - SIX HUNDRED NINE,"3,825",685,"4,510",11,5,1,69,"142,460","14,601","157,061",202,263,258,133,"5,636,494","314,875","5,951,369","92,172","23,109","9,309","2,456"
Locality: 760 RICHMOND CITY,0610,610 - SIX HUNDRED TEN,"1,997",180,"2,177",2,,,69,"142,460","14,601","157,061",202,263,258,133,"5,636,494","314,875","5,951,369","92,172","23,109","9,309","2,456"
Locality: 760 RICHMOND CITY,0701,701 - SEVEN HUNDRED ONE,"1,898",220,"2,118",2,,,69,"142,460","14,601","157,061",202,263,258,133,"5,636,494","314,875","5,951,369","92,172","23,109","9,309","2,456"
Locality: 760 RICHMOND CITY,0702,702 - SEVEN HUNDRED TWO,"1,991",244,"2,235",2,1,2,69,"142,460","14,601","157,061",202,263,258,133,"5,636,494","314,875","5,951,369","92,172","23,109","9,309","2,456"
Locality: 760 RICHMOND CITY,0703,703 - SEVEN HUNDRED THREE,"2,127",181,"2,308",,2,1,69,"142,460","14,601","157,061",202,263,258,133,"5,636,494","314,875","5,951,369","92,172","23,109","9,309","2,456"
Locality: 760 RICHMOND CITY,0705,705 - SEVEN HUNDRED FIVE,"1,700",146,"1,846",1,4,3,69,"142,460","14,601","157,061",202,263,258,133,"5,636,494","314,875","5,951,369","92,172","23,109","9,309","2,456"
Locality: 760 RICHMOND CITY,0706,706 - SEVEN HUNDRED SIX,"3,143",248,"3,391",2,3,1,69,"142,460","14,601","157,061",202,263,258,133,"5,636,494","314,875","5,951,369","92,172","23,109","9,309","2,456"
Locality: 760 RICHMOND CITY,0707,707 - SEVEN HUNDRED SEVEN,"3,459",299,"3,758",8,12,6,69,"142,460","14,601","157,061",202,263,258,133,"5,636,494","314,875","5,951,369","92,172","23,109","9,309","2,456"
Locality: 760 RICHMOND CITY,0708,708 - SEVEN HUNDRED EIGHT,"3,379",629,"4,008",6,7,5,69,"142,460","14,601","157,061",202,263,258,133,"5,636,494","314,875","5,951,369","92,172","23,109","9,309","2,456"
Locality: 760 RICHMOND CITY,0802,802 - EIGHT HUNDRED TWO,"1,798",148,"1,946",1,1,,69,"142,460","14,601","157,061",202,263,258,133,"5,636,494","314,875","5,951,369","92,172","23,109","9,309","2,456"
Locality: 760 RICHMOND CITY,0806,806 - EIGHT HUNDRED SIX,"2,397",279,"2,676",,,,69,"142,460","14,601","157,061",202,263,258,133,"5,636,494","314,875","5,951,369","92,172","23,109","9,309","2,456"
Locality: 760 RICHMOND CITY,0810,810 - EIGHT HUNDRED TEN,"1,776",141,"1,917",1,,1,69,"142,460","14,601","157,061",202,263,258,133,"5,636,494","314,875","5,951,369","92,172","23,109","9,309","2,456"
Locality: 760 RICHMOND CITY,0811,811 - EIGHT HUNDRED ELEVEN,"2,207",286,"2,493",,,1,69,"142,460","14,601","157,061",202,263,258,133,"5,636,494","314,875","5,951,369","92,172","23,109","9,309","2,456"
Locality: 760 RICHMOND CITY,0812,812 - EIGHT HUNDRED TWELVE,"2,780",176,"2,956",2,,,69,"142,460","14,601","157,061",202,263,258,133,"5,636,494","314,875","5,951,369","92,172","23,109","9,309","2,456"
Locality: 760 RICHMOND CITY,0814,814 - EIGHT HUNDRED FOURTEEN,"1,462",95,"1,557",2,,,69,"142,460","14,601","157,061",202,263,258,133,"5,636,494","314,875","5,951,369","92,172","23,109","9,309","2,456"
Locality: 760 RICHMOND CITY,0902,902 - NINE HUNDRED TWO,845,133,978,2,,1,69,"142,460","14,601","157,061",202,263,258,133,"5,636,494","314,875","5,951,369","92,172","23,109","9,309","2,456"
Locality: 760 RICHMOND CITY,0903,903 - NINE HUNDRED THREE,"2,255",177,"2,432",6,,1,69,"142,460","14,601","157,061",202,263,258,133,"5,636,494","314,875","5,951,369","92,172","23,109","9,309","2,456"
Locality: 760 RICHMOND CITY,0908,908 - NINE HUNDRED EIGHT,"2,121",275,"2,396",,,3,69,"142,460","14,601","157,061",202,263,258,133,"5,636,494","314,875","5,951,369","92,172","23,109","9,309","2,456"
Locality: 760 RICHMOND CITY,0909,909 - NINE HUNDRED NINE,"2,293",209,"2,502",5,,1,69,"142,460","14,601","157,061",202,263,258,133,"5,636,494","314,875","5,951,369","92,172","23,109","9,309","2,456"
Locality: 760 RICHMOND CITY,0910,910 - NINE HUNDRED TEN,"2,132",159,"2,291",7,,,69,"142,460","14,601","157,061",202,263,258,133,"5,636,494","314,875","5,951,369","92,172","23,109","9,309","2,456"
Locality: 760 RICHMOND CITY,0911,911 - NINE HUNDRED ELEVEN,"1,828",112,"1,940",4,,,69,"142,460","14,601","157,061",202,263,258,133,"5,636,494","314,875","5,951,369","92,172","23,109","9,309","2,456"
Locality: 770 ROANOKE CITY,0001,001 -Peters Creek,"2,831",145,"2,976",17,3,5,20,"60,627","3,747","64,374",365,72,63,133,"5,636,494","314,875","5,951,369","92,172","23,109","9,309","2,456"
Locality: 770 ROANOKE CITY,0002,002 - Grandview,"2,933",173,"3,106",25,3,4,20,"60,627","3,747","64,374",365,72,63,133,"5,636,494","314,875","5,951,369","92,172","23,109","9,309","2,456"
Locality: 770 ROANOKE CITY,0003,003 -Preston Park,"3,015",178,"3,193",23,2,,20,"60,627","3,747","64,374",365,72,63,133,"5,636,494","314,875","5,951,369","92,172","23,109","9,309","2,456"
Locality: 770 ROANOKE CITY,0004,004 - Williamson Road,"2,653",134,"2,787",16,3,,20,"60,627","3,747","64,374",365,72,63,133,"5,636,494","314,875","5,951,369","92,172","23,109","9,309","2,456"
Locality: 770 ROANOKE CITY,0005,005 - East Gate,"2,976",169,"3,145",17,1,1,20,"60,627","3,747","64,374",365,72,63,133,"5,636,494","314,875","5,951,369","92,172","23,109","9,309","2,456"
Locality: 770 ROANOKE CITY,0006,006 - Hollins Road,"3,619",258,"3,877",22,3,,20,"60,627","3,747","64,374",365,72,63,133,"5,636,494","314,875","5,951,369","92,172","23,109","9,309","2,456"
Locality: 770 ROANOKE CITY,0007,007 - Southeast,"2,562",244,"2,806",17,1,3,20,"60,627","3,747","64,374",365,72,63,133,"5,636,494","314,875","5,951,369","92,172","23,109","9,309","2,456"
Locality: 770 ROANOKE CITY,0008,008 - Lincoln Terrace,"2,623",147,"2,770",23,,,20,"60,627","3,747","64,374",365,72,63,133,"5,636,494","314,875","5,951,369","92,172","23,109","9,309","2,456"
Locality: 770 ROANOKE CITY,0009,009 - Highland,"3,079",483,"3,562",20,7,8,20,"60,627","3,747","64,374",365,72,63,133,"5,636,494","314,875","5,951,369","92,172","23,109","9,309","2,456"
Locality: 770 ROANOKE CITY,0010,010 - Old Southwest-Wasena,"3,412",236,"3,648",20,2,4,20,"60,627","3,747","64,374",365,72,63,133,"5,636,494","314,875","5,951,369","92,172","23,109","9,309","2,456"
Locality: 770 ROANOKE CITY,0011,011 - RALEIGH COURT,"3,386",176,"3,562",15,7,8,20,"60,627","3,747","64,374",365,72,63,133,"5,636,494","314,875","5,951,369","92,172","23,109","9,309","2,456"
Locality: 770 ROANOKE CITY,0012,012 - SOUTH ROANOKE,"2,627",124,"2,751",10,7,6,20,"60,627","3,747","64,374",365,72,63,133,"5,636,494","314,875","5,951,369","92,172","23,109","9,309","2,456"
Locality: 770 ROANOKE CITY,0013,013 - GARDEN CITY,"2,969",167,"3,136",12,,2,20,"60,627","3,747","64,374",365,72,63,133,"5,636,494","314,875","5,951,369","92,172","23,109","9,309","2,456"
Locality: 770 ROANOKE CITY,0014,014 - Crystal Spring,"3,120",211,"3,331",20,17,8,20,"60,627","3,747","64,374",365,72,63,133,"5,636,494","314,875","5,951,369","92,172","23,109","9,309","2,456"
Locality: 770 ROANOKE CITY,0015,015 - Grandin Court,"2,679",119,"2,798",15,4,5,20,"60,627","3,747","64,374",365,72,63,133,"5,636,494","314,875","5,951,369","92,172","23,109","9,309","2,456"
Locality: 770 ROANOKE CITY,0016,016 - Deyerle,"2,835",95,"2,930",10,4,1,20,"60,627","3,747","64,374",365,72,63,133,"5,636,494","314,875","5,951,369","92,172","23,109","9,309","2,456"
Locality: 770 ROANOKE CITY,0017,017 - LEE-HI,"3,259",179,"3,438",16,5,3,20,"60,627","3,747","64,374",365,72,63,133,"5,636,494","314,875","5,951,369","92,172","23,109","9,309","2,456"
Locality: 770 ROANOKE CITY,0018,018 - Summit Hills,"3,128",158,"3,286",24,1,,20,"60,627","3,747","64,374",365,72,63,133,"5,636,494","314,875","5,951,369","92,172","23,109","9,309","2,456"
Locality: 770 ROANOKE CITY,0019,019 - Forest Park,"3,177",174,"3,351",19,1,1,20,"60,627","3,747","64,374",365,72,63,133,"5,636,494","314,875","5,951,369","92,172","23,109","9,309","2,456"
Locality: 770 ROANOKE CITY,0020,020 - EUREKA PARK,"3,744",177,"3,921",24,1,4,20,"60,627","3,747","64,374",365,72,63,133,"5,636,494","314,875","5,951,369","92,172","23,109","9,309","2,456"
Locality: 775 SALEM CITY,0001,001 - NORTH SALEM NO 2,"2,063",157,"2,220",4,2,6,10,"16,700",887,"17,587",81,12,34,133,"5,636,494","314,875","5,951,369","92,172","23,109","9,309","2,456"
Locality: 775 SALEM CITY,0002,002 - CONEHURST,"1,240",74,"1,314",13,1,4,10,"16,700",887,"17,587",81,12,34,133,"5,636,494","314,875","5,951,369","92,172","23,109","9,309","2,456"
Locality: 775 SALEM CITY,0003,003 - BEVERLY HEIGHTS,"1,044",35,"1,079",7,,6,10,"16,700",887,"17,587",81,12,34,133,"5,636,494","314,875","5,951,369","92,172","23,109","9,309","2,456"
Locality: 775 SALEM CITY,0004,004 - WEST SALEM,"1,569",72,"1,641",3,2,1,10,"16,700",887,"17,587",81,12,34,133,"5,636,494","314,875","5,951,369","92,172","23,109","9,309","2,456"
Locality: 775 SALEM CITY,0005,005 - NORTH SALEM NO 1,"2,269",98,"2,367",14,1,1,10,"16,700",887,"17,587",81,12,34,133,"5,636,494","314,875","5,951,369","92,172","23,109","9,309","2,456"
Locality: 775 SALEM CITY,0006,006 - SOUTH SALEM NO 1,"1,345",58,"1,403",6,2,,10,"16,700",887,"17,587",81,12,34,133,"5,636,494","314,875","5,951,369","92,172","23,109","9,309","2,456"
Locality: 775 SALEM CITY,0007,007 - SOUTH SALEM NO 2,"1,682",123,"1,805",3,1,3,10,"16,700",887,"17,587",81,12,34,133,"5,636,494","314,875","5,951,369","92,172","23,109","9,309","2,456"
Locality: 775 SALEM CITY,0008,008 - EAST SALEM,795,47,842,2,,,10,"16,700",887,"17,587",81,12,34,133,"5,636,494","314,875","5,951,369","92,172","23,109","9,309","2,456"
Locality: 775 SALEM CITY,0009,009 - SOUTH SIDE HILLS,"2,136",94,"2,230",13,2,3,10,"16,700",887,"17,587",81,12,34,133,"5,636,494","314,875","5,951,369","92,172","23,109","9,309","2,456"
Locality: 775 SALEM CITY,0010,010 - HIDDEN VALLEY,"2,557",129,"2,686",16,1,10,10,"16,700",887,"17,587",81,12,34,133,"5,636,494","314,875","5,951,369","92,172","23,109","9,309","2,456"
Locality: 790 STAUNTON CITY,0101,101 - WARD NO 1,"3,658",166,"3,824",23,8,4,5,"16,733",842,"17,575",106,44,38,133,"5,636,494","314,875","5,951,369","92,172","23,109","9,309","2,456"
Locality: 790 STAUNTON CITY,0201,201 - WARD NO 2,"4,088",238,"4,326",32,6,3,5,"16,733",842,"17,575",106,44,38,133,"5,636,494","314,875","5,951,369","92,172","23,109","9,309","2,456"
Locality: 790 STAUNTON CITY,0301,301 - WARD NO 3,"3,179",106,"3,285",26,6,7,5,"16,733",842,"17,575",106,44,38,133,"5,636,494","314,875","5,951,369","92,172","23,109","9,309","2,456"
Locality: 790 STAUNTON CITY,0401,401 - WARD NO 4,"2,708",127,"2,835",8,9,5,5,"16,733",842,"17,575",106,44,38,133,"5,636,494","314,875","5,951,369","92,172","23,109","9,309","2,456"
Locality: 790 STAUNTON CITY,0501,501 - WARD NO 5,"3,100",205,"3,305",17,15,19,5,"16,733",842,"17,575",106,44,38,133,"5,636,494","314,875","5,951,369","92,172","23,109","9,309","2,456"
Locality: 800 SUFFOLK CITY,0101,101 - BELLEHARBOUR,"2,240",207,"2,447",151,6,2,27,"64,690","3,565","68,255","2,807",101,76,133,"5,636,494","314,875","5,951,369","92,172","23,109","9,309","2,456"
Locality: 800 SUFFOLK CITY,0102,102 - DRIVER,"4,097",144,"4,241",138,9,11,27,"64,690","3,565","68,255","2,807",101,76,133,"5,636,494","314,875","5,951,369","92,172","23,109","9,309","2,456"
Locality: 800 SUFFOLK CITY,0104,104 - BENNETTS CREEK,"3,061",211,"3,272",255,8,,27,"64,690","3,565","68,255","2,807",101,76,133,"5,636,494","314,875","5,951,369","92,172","23,109","9,309","2,456"
Locality: 800 SUFFOLK CITY,0201,201 - EBENEZER,"1,971",48,"2,019",52,3,7,27,"64,690","3,565","68,255","2,807",101,76,133,"5,636,494","314,875","5,951,369","92,172","23,109","9,309","2,456"
Locality: 800 SUFFOLK CITY,0202,202 - CHUCKATUCK,"2,064",72,"2,136",52,1,4,27,"64,690","3,565","68,255","2,807",101,76,133,"5,636,494","314,875","5,951,369","92,172","23,109","9,309","2,456"
Locality: 800 SUFFOLK CITY,0203,203 - KINGS FORK,"3,577",181,"3,758",190,4,,27,"64,690","3,565","68,255","2,807",101,76,133,"5,636,494","314,875","5,951,369","92,172","23,109","9,309","2,456"
Locality: 800 SUFFOLK CITY,0204,204 - HILLPOINT,"2,926",182,"3,108",229,1,8,27,"64,690","3,565","68,255","2,807",101,76,133,"5,636,494","314,875","5,951,369","92,172","23,109","9,309","2,456"
Locality: 800 SUFFOLK CITY,0301,301 - WHITE MARSH,911,59,970,29,1,1,27,"64,690","3,565","68,255","2,807",101,76,133,"5,636,494","314,875","5,951,369","92,172","23,109","9,309","2,456"
Locality: 800 SUFFOLK CITY,0302,302 - JOHN F KENNEDY,"3,398",214,"3,612",92,1,,27,"64,690","3,565","68,255","2,807",101,76,133,"5,636,494","314,875","5,951,369","92,172","23,109","9,309","2,456"
Locality: 800 SUFFOLK CITY,0304,304 - NANSEMOND RIVER,"2,920",160,"3,080",183,8,1,27,"64,690","3,565","68,255","2,807",101,76,133,"5,636,494","314,875","5,951,369","92,172","23,109","9,309","2,456"
Locality: 800 SUFFOLK CITY,0305,305 - SHOULDERS HILL,"1,155",49,"1,204",55,2,2,27,"64,690","3,565","68,255","2,807",101,76,133,"5,636,494","314,875","5,951,369","92,172","23,109","9,309","2,456"
Locality: 800 SUFFOLK CITY,0401,401 - AIRPORT,"1,641",69,"1,710",46,1,1,27,"64,690","3,565","68,255","2,807",101,76,133,"5,636,494","314,875","5,951,369","92,172","23,109","9,309","2,456"
Locality: 800 SUFFOLK CITY,0402,402 - WHALEYVILLE,"1,824",91,"1,915",56,3,,27,"64,690","3,565","68,255","2,807",101,76,133,"5,636,494","314,875","5,951,369","92,172","23,109","9,309","2,456"
Locality: 800 SUFFOLK CITY,0403,403 - SOUTHSIDE,"1,615",129,"1,744",25,,,27,"64,690","3,565","68,255","2,807",101,76,133,"5,636,494","314,875","5,951,369","92,172","23,109","9,309","2,456"
Locality: 800 SUFFOLK CITY,0404,404 - BOOKER T WASHINGTON,"2,335",199,"2,534",55,3,1,27,"64,690","3,565","68,255","2,807",101,76,133,"5,636,494","314,875","5,951,369","92,172","23,109","9,309","2,456"
Locality: 800 SUFFOLK CITY,0405,405 - PITTMANTOWN,704,22,726,19,,,27,"64,690","3,565","68,255","2,807",101,76,133,"5,636,494","314,875","5,951,369","92,172","23,109","9,309","2,456"
Locality: 800 SUFFOLK CITY,0501,501 - KILBYS MILL,"3,186",119,"3,305",87,2,6,27,"64,690","3,565","68,255","2,807",101,76,133,"5,636,494","314,875","5,951,369","92,172","23,109","9,309","2,456"
Locality: 800 SUFFOLK CITY,0502,502 - HOLLAND,"3,004",93,"3,097",83,1,1,27,"64,690","3,565","68,255","2,807",101,76,133,"5,636,494","314,875","5,951,369","92,172","23,109","9,309","2,456"
Locality: 800 SUFFOLK CITY,0504,504 - LAKE COHOON,"3,191",102,"3,293",94,3,7,27,"64,690","3,565","68,255","2,807",101,76,133,"5,636,494","314,875","5,951,369","92,172","23,109","9,309","2,456"
Locality: 800 SUFFOLK CITY,0601,601 - LAKESIDE,"2,951",184,"3,135",66,3,6,27,"64,690","3,565","68,255","2,807",101,76,133,"5,636,494","314,875","5,951,369","92,172","23,109","9,309","2,456"
Locality: 800 SUFFOLK CITY,0602,602 - OLDE TOWNE,890,79,969,18,1,1,27,"64,690","3,565","68,255","2,807",101,76,133,"5,636,494","314,875","5,951,369","92,172","23,109","9,309","2,456"
Locality: 800 SUFFOLK CITY,0603,603 - ELEPHANTS FORK/WESTHAVEN,971,49,"1,020",45,2,,27,"64,690","3,565","68,255","2,807",101,76,133,"5,636,494","314,875","5,951,369","92,172","23,109","9,309","2,456"
Locality: 800 SUFFOLK CITY,0604,604 - WILROY,"2,378",112,"2,490",166,4,,27,"64,690","3,565","68,255","2,807",101,76,133,"5,636,494","314,875","5,951,369","92,172","23,109","9,309","2,456"
Locality: 800 SUFFOLK CITY,0605,605 - HOLLYWOOD,"1,472",111,"1,583",29,1,2,27,"64,690","3,565","68,255","2,807",101,76,133,"5,636,494","314,875","5,951,369","92,172","23,109","9,309","2,456"
Locality: 800 SUFFOLK CITY,0702,702 - HARBOURVIEW,"3,772",198,"3,970",168,22,8,27,"64,690","3,565","68,255","2,807",101,76,133,"5,636,494","314,875","5,951,369","92,172","23,109","9,309","2,456"
Locality: 800 SUFFOLK CITY,0704,704 - BURBAGE GRANT,"2,868",167,"3,035",218,6,4,27,"64,690","3,565","68,255","2,807",101,76,133,"5,636,494","314,875","5,951,369","92,172","23,109","9,309","2,456"
Locality: 800 SUFFOLK CITY,0706,706 - HUNTERSVILLE,"3,568",314,"3,882",206,5,3,27,"64,690","3,565","68,255","2,807",101,76,133,"5,636,494","314,875","5,951,369","92,172","23,109","9,309","2,456"
Locality: 810 VIRGINIA BEACH CITY,0001,001 - NORTH BEACH,"4,110",233,"4,343",64,19,13,100,"298,849","21,523","320,372","15,507",881,367,133,"5,636,494","314,875","5,951,369","92,172","23,109","9,309","2,456"
Locality: 810 VIRGINIA BEACH CITY,0002,002 - SOUTH BEACH,"3,839",312,"4,151",135,12,3,100,"298,849","21,523","320,372","15,507",881,367,133,"5,636,494","314,875","5,951,369","92,172","23,109","9,309","2,456"
Locality: 810 VIRGINIA BEACH CITY,0003,003 - OCEAN LAKES,"2,367",156,"2,523",156,5,3,100,"298,849","21,523","320,372","15,507",881,367,133,"5,636,494","314,875","5,951,369","92,172","23,109","9,309","2,456"
Locality: 810 VIRGINIA BEACH CITY,0004,004 - LINKHORN,"3,495",253,"3,748",135,12,8,100,"298,849","21,523","320,372","15,507",881,367,133,"5,636,494","314,875","5,951,369","92,172","23,109","9,309","2,456"
Locality: 810 VIRGINIA BEACH CITY,0005,005 - SEATACK,"3,590",347,"3,937",158,3,2,100,"298,849","21,523","320,372","15,507",881,367,133,"5,636,494","314,875","5,951,369","92,172","23,109","9,309","2,456"
Locality: 810 VIRGINIA BEACH CITY,0006,006 - ALANTON,"3,369",126,"3,495",74,16,8,100,"298,849","21,523","320,372","15,507",881,367,133,"5,636,494","314,875","5,951,369","92,172","23,109","9,309","2,456"
Locality: 810 VIRGINIA BEACH CITY,0007,007 - KINGSTON,"1,901",54,"1,955",51,14,3,100,"298,849","21,523","320,372","15,507",881,367,133,"5,636,494","314,875","5,951,369","92,172","23,109","9,309","2,456"
Locality: 810 VIRGINIA BEACH CITY,0008,008 - LONDON BRIDGE,"3,868",282,"4,150",121,8,2,100,"298,849","21,523","320,372","15,507",881,367,133,"5,636,494","314,875","5,951,369","92,172","23,109","9,309","2,456"
Locality: 810 VIRGINIA BEACH CITY,0009,009 - TRANTWOOD,"2,807",105,"2,912",110,11,8,100,"298,849","21,523","320,372","15,507",881,367,133,"5,636,494","314,875","5,951,369","92,172","23,109","9,309","2,456"
Locality: 810 VIRGINIA BEACH CITY,0010,010 - GREAT NECK,"3,462",108,"3,570",84,13,4,100,"298,849","21,523","320,372","15,507",881,367,133,"5,636,494","314,875","5,951,369","92,172","23,109","9,309","2,456"
Locality: 810 VIRGINIA BEACH CITY,0011,011 - CAPE HENRY,"3,761",225,"3,986",195,25,15,100,"298,849","21,523","320,372","15,507",881,367,133,"5,636,494","314,875","5,951,369","92,172","23,109","9,309","2,456"
Locality: 810 VIRGINIA BEACH CITY,0012,012 - PLAZA,"3,553",237,"3,790",170,10,1,100,"298,849","21,523","320,372","15,507",881,367,133,"5,636,494","314,875","5,951,369","92,172","23,109","9,309","2,456"
Locality: 810 VIRGINIA BEACH CITY,0013,013 - MT TRASHMORE,"3,983",239,"4,222",210,9,2,100,"298,849","21,523","320,372","15,507",881,367,133,"5,636,494","314,875","5,951,369","92,172","23,109","9,309","2,456"
Locality: 810 VIRGINIA BEACH CITY,0014,014 - MALIBU,"3,282",184,"3,466",101,5,2,100,"298,849","21,523","320,372","15,507",881,367,133,"5,636,494","314,875","5,951,369","92,172","23,109","9,309","2,456"
Locality: 810 VIRGINIA BEACH CITY,0015,015 - OLD DONATION,"2,638",188,"2,826",113,7,4,100,"298,849","21,523","320,372","15,507",881,367,133,"5,636,494","314,875","5,951,369","92,172","23,109","9,309","2,456"
Locality: 810 VIRGINIA BEACH CITY,0016,016 - ARAGONA,"4,193",301,"4,494",184,9,2,100,"298,849","21,523","320,372","15,507",881,367,133,"5,636,494","314,875","5,951,369","92,172","23,109","9,309","2,456"
Locality: 810 VIRGINIA BEACH CITY,0017,017 - OCEAN PARK,"2,432",141,"2,573",129,6,8,100,"298,849","21,523","320,372","15,507",881,367,133,"5,636,494","314,875","5,951,369","92,172","23,109","9,309","2,456"
Locality: 810 VIRGINIA BEACH CITY,0018,018 - THOROUGHGOOD,"3,489",133,"3,622",126,21,12,100,"298,849","21,523","320,372","15,507",881,367,133,"5,636,494","314,875","5,951,369","92,172","23,109","9,309","2,456"
Locality: 810 VIRGINIA BEACH CITY,0019,019 - LAKE SMITH,"1,715",90,"1,805",66,4,1,100,"298,849","21,523","320,372","15,507",881,367,133,"5,636,494","314,875","5,951,369","92,172","23,109","9,309","2,456"
Locality: 810 VIRGINIA BEACH CITY,0020,020 - BAYSIDE,"2,646",137,"2,783",142,3,2,100,"298,849","21,523","320,372","15,507",881,367,133,"5,636,494","314,875","5,951,369","92,172","23,109","9,309","2,456"
Locality: 810 VIRGINIA BEACH CITY,0021,021 - DAVIS CORNER,"3,389",301,"3,690",248,5,2,100,"298,849","21,523","320,372","15,507",881,367,133,"5,636,494","314,875","5,951,369","92,172","23,109","9,309","2,456"
Locality: 810 VIRGINIA BEACH CITY,0022,022 - POINT O VIEW,"2,331",197,"2,528",74,3,7,100,"298,849","21,523","320,372","15,507",881,367,133,"5,636,494","314,875","5,951,369","92,172","23,109","9,309","2,456"
Locality: 810 VIRGINIA BEACH CITY,0023,023 - ARROWHEAD,"3,103",163,"3,266",120,12,14,100,"298,849","21,523","320,372","15,507",881,367,133,"5,636,494","314,875","5,951,369","92,172","23,109","9,309","2,456"
Locality: 810 VIRGINIA BEACH CITY,0024,024 - LARKSPUR,"2,220",172,"2,392",111,6,6,100,"298,849","21,523","320,372","15,507",881,367,133,"5,636,494","314,875","5,951,369","92,172","23,109","9,309","2,456"
Locality: 810 VIRGINIA BEACH CITY,0025,025 - AVALON,"4,424",256,"4,680",178,13,9,100,"298,849","21,523","320,372","15,507",881,367,133,"5,636,494","314,875","5,951,369","92,172","23,109","9,309","2,456"
Locality: 810 VIRGINIA BEACH CITY,0026,026 - FAIRFIELD,"2,767",119,"2,886",101,12,4,100,"298,849","21,523","320,372","15,507",881,367,133,"5,636,494","314,875","5,951,369","92,172","23,109","9,309","2,456"
Locality: 810 VIRGINIA BEACH CITY,0027,027 - EDWIN,"2,943",113,"3,056",93,12,2,100,"298,849","21,523","320,372","15,507",881,367,133,"5,636,494","314,875","5,951,369","92,172","23,109","9,309","2,456"
Locality: 810 VIRGINIA BEACH CITY,0028,028 - THALIA,"2,144",121,"2,265",93,7,1,100,"298,849","21,523","320,372","15,507",881,367,133,"5,636,494","314,875","5,951,369","92,172","23,109","9,309","2,456"
Locality: 810 VIRGINIA BEACH CITY,0029,029 - HOLLAND,"3,607",288,"3,895",177,3,3,100,"298,849","21,523","320,372","15,507",881,367,133,"5,636,494","314,875","5,951,369","92,172","23,109","9,309","2,456"
Locality: 810 VIRGINIA BEACH CITY,0030,030 - RED WING,"3,285",411,"3,696",468,11,3,100,"298,849","21,523","320,372","15,507",881,367,133,"5,636,494","314,875","5,951,369","92,172","23,109","9,309","2,456"
Locality: 810 VIRGINIA BEACH CITY,0031,031 - SIGMA,"3,580",130,"3,710",211,15,3,100,"298,849","21,523","320,372","15,507",881,367,133,"5,636,494","314,875","5,951,369","92,172","23,109","9,309","2,456"
Locality: 810 VIRGINIA BEACH CITY,0032,032 - CREEDS,"1,542",49,"1,591",40,2,3,100,"298,849","21,523","320,372","15,507",881,367,133,"5,636,494","314,875","5,951,369","92,172","23,109","9,309","2,456"
Locality: 810 VIRGINIA BEACH CITY,0033,033 - CAPPS SHOP,"1,661",49,"1,710",39,2,,100,"298,849","21,523","320,372","15,507",881,367,133,"5,636,494","314,875","5,951,369","92,172","23,109","9,309","2,456"
Locality: 810 VIRGINIA BEACH CITY,0034,034 - BLACKWATER,"1,003",44,"1,047",38,3,,100,"298,849","21,523","320,372","15,507",881,367,133,"5,636,494","314,875","5,951,369","92,172","23,109","9,309","2,456"
Locality: 810 VIRGINIA BEACH CITY,0035,035 - COURTHOUSE,"3,291",90,"3,381",82,9,1,100,"298,849","21,523","320,372","15,507",881,367,133,"5,636,494","314,875","5,951,369","92,172","23,109","9,309","2,456"
Locality: 810 VIRGINIA BEACH CITY,0036,036 - WINDSOR OAKS,"4,114",236,"4,350",204,10,6,100,"298,849","21,523","320,372","15,507",881,367,133,"5,636,494","314,875","5,951,369","92,172","23,109","9,309","2,456"
Locality: 810 VIRGINIA BEACH CITY,0037,037 - CHESAPEAKE BEACH,"3,003",425,"3,428",542,10,1,100,"298,849","21,523","320,372","15,507",881,367,133,"5,636,494","314,875","5,951,369","92,172","23,109","9,309","2,456"
Locality: 810 VIRGINIA BEACH CITY,0038,038 - WITCHDUCK,"3,840",168,"4,008",124,13,6,100,"298,849","21,523","320,372","15,507",881,367,133,"5,636,494","314,875","5,951,369","92,172","23,109","9,309","2,456"
Locality: 810 VIRGINIA BEACH CITY,0039,039 - PEMBROKE,"4,089",536,"4,625",208,22,4,100,"298,849","21,523","320,372","15,507",881,367,133,"5,636,494","314,875","5,951,369","92,172","23,109","9,309","2,456"
Locality: 810 VIRGINIA BEACH CITY,0040,040 - BONNEY,"3,041",431,"3,472",199,3,2,100,"298,849","21,523","320,372","15,507",881,367,133,"5,636,494","314,875","5,951,369","92,172","23,109","9,309","2,456"
Locality: 810 VIRGINIA BEACH CITY,0041,041 - COLLEGE PARK,"3,973",410,"4,383",169,9,5,100,"298,849","21,523","320,372","15,507",881,367,133,"5,636,494","314,875","5,951,369","92,172","23,109","9,309","2,456"
Locality: 810 VIRGINIA BEACH CITY,0042,042 - BRANDON,"3,119",198,"3,317",153,11,2,100,"298,849","21,523","320,372","15,507",881,367,133,"5,636,494","314,875","5,951,369","92,172","23,109","9,309","2,456"
Locality: 810 VIRGINIA BEACH CITY,0043,043 - BELLAMY,"3,201",230,"3,431",183,5,3,100,"298,849","21,523","320,372","15,507",881,367,133,"5,636,494","314,875","5,951,369","92,172","23,109","9,309","2,456"
Locality: 810 VIRGINIA BEACH CITY,0044,044 - CENTERVILLE,"3,758",256,"4,014",210,14,2,100,"298,849","21,523","320,372","15,507",881,367,133,"5,636,494","314,875","5,951,369","92,172","23,109","9,309","2,456"
Locality: 810 VIRGINIA BEACH CITY,0045,045 - TIMBERLAKE,"3,442",273,"3,715",273,9,1,100,"298,849","21,523","320,372","15,507",881,367,133,"5,636,494","314,875","5,951,369","92,172","23,109","9,309","2,456"
Locality: 810 VIRGINIA BEACH CITY,0046,046 - GREEN RUN,"3,083",216,"3,299",193,6,1,100,"298,849","21,523","320,372","15,507",881,367,133,"5,636,494","314,875","5,951,369","92,172","23,109","9,309","2,456"
Locality: 810 VIRGINIA BEACH CITY,0047,047 - KINGS GRANT,"3,395",215,"3,610",97,13,5,100,"298,849","21,523","320,372","15,507",881,367,133,"5,636,494","314,875","5,951,369","92,172","23,109","9,309","2,456"
Locality: 810 VIRGINIA BEACH CITY,0048,048 - WOLFSNARE,"3,420",191,"3,611",145,11,8,100,"298,849","21,523","320,372","15,507",881,367,133,"5,636,494","314,875","5,951,369","92,172","23,109","9,309","2,456"
Locality: 810 VIRGINIA BEACH CITY,0049,049 - LYNNHAVEN,"3,355",265,"3,620",90,14,5,100,"298,849","21,523","320,372","15,507",881,367,133,"5,636,494","314,875","5,951,369","92,172","23,109","9,309","2,456"
Locality: 810 VIRGINIA BEACH CITY,0050,050 - OCEANA,"2,500",260,"2,760",115,5,,100,"298,849","21,523","320,372","15,507",881,367,133,"5,636,494","314,875","5,951,369","92,172","23,109","9,309","2,456"
Locality: 810 VIRGINIA BEACH CITY,0051,051 - STRATFORD CHASE,"2,733",251,"2,984",127,11,7,100,"298,849","21,523","320,372","15,507",881,367,133,"5,636,494","314,875","5,951,369","92,172","23,109","9,309","2,456"
Locality: 810 VIRGINIA BEACH CITY,0052,052 - HOMESTEAD,"4,021",201,"4,222",182,10,5,100,"298,849","21,523","320,372","15,507",881,367,133,"5,636,494","314,875","5,951,369","92,172","23,109","9,309","2,456"
Locality: 810 VIRGINIA BEACH CITY,0053,053 - SHANNON,"2,399",278,"2,677",77,7,6,100,"298,849","21,523","320,372","15,507",881,367,133,"5,636,494","314,875","5,951,369","92,172","23,109","9,309","2,456"
Locality: 810 VIRGINIA BEACH CITY,0054,054 - CROMWELL,"2,254",148,"2,402",162,5,2,100,"298,849","21,523","320,372","15,507",881,367,133,"5,636,494","314,875","5,951,369","92,172","23,109","9,309","2,456"
Locality: 810 VIRGINIA BEACH CITY,0055,055 - MAGIC HOLLOW,"3,914",312,"4,226",196,4,1,100,"298,849","21,523","320,372","15,507",881,367,133,"5,636,494","314,875","5,951,369","92,172","23,109","9,309","2,456"
Locality: 810 VIRGINIA BEACH CITY,0056,056 - EDINBURGH,"1,435",53,"1,488",48,2,7,100,"298,849","21,523","320,372","15,507",881,367,133,"5,636,494","314,875","5,951,369","92,172","23,109","9,309","2,456"
Locality: 810 VIRGINIA BEACH CITY,0057,057 - SHERRY PARK,"1,943",229,"2,172",83,7,1,100,"298,849","21,523","320,372","15,507",881,367,133,"5,636,494","314,875","5,951,369","92,172","23,109","9,309","2,456"
Locality: 810 VIRGINIA BEACH CITY,0058,058 - GLENWOOD,"3,046",242,"3,288",197,16,3,100,"298,849","21,523","320,372","15,507",881,367,133,"5,636,494","314,875","5,951,369","92,172","23,109","9,309","2,456"
Locality: 810 VIRGINIA BEACH CITY,0059,059 - SHELTON PARK,"2,472",190,"2,662",154,9,3,100,"298,849","21,523","320,372","15,507",881,367,133,"5,636,494","314,875","5,951,369","92,172","23,109","9,309","2,456"
Locality: 810 VIRGINIA BEACH CITY,0060,060 - FOXFIRE,"3,697",126,"3,823",196,11,4,100,"298,849","21,523","320,372","15,507",881,367,133,"5,636,494","314,875","5,951,369","92,172","23,109","9,309","2,456"
Locality: 810 VIRGINIA BEACH CITY,0061,061 - BAKER,"3,719",658,"4,377",225,4,2,100,"298,849","21,523","320,372","15,507",881,367,133,"5,636,494","314,875","5,951,369","92,172","23,109","9,309","2,456"
Locality: 810 VIRGINIA BEACH CITY,0062,062 - LANDSTOWN,"3,445",168,"3,613",217,9,4,100,"298,849","21,523","320,372","15,507",881,367,133,"5,636,494","314,875","5,951,369","92,172","23,109","9,309","2,456"
Locality: 810 VIRGINIA BEACH CITY,0063,063 - CULVER,"4,130",236,"4,366",248,14,6,100,"298,849","21,523","320,372","15,507",881,367,133,"5,636,494","314,875","5,951,369","92,172","23,109","9,309","2,456"
Locality: 810 VIRGINIA BEACH CITY,0064,064 - ROSEMONT FOREST,"2,710",153,"2,863",193,5,2,100,"298,849","21,523","320,372","15,507",881,367,133,"5,636,494","314,875","5,951,369","92,172","23,109","9,309","2,456"
Locality: 810 VIRGINIA BEACH CITY,0065,065 - COLONIAL,"2,824",194,"3,018",181,15,3,100,"298,849","21,523","320,372","15,507",881,367,133,"5,636,494","314,875","5,951,369","92,172","23,109","9,309","2,456"
Locality: 810 VIRGINIA BEACH CITY,0066,066 - HUNT,"2,770",127,"2,897",140,8,3,100,"298,849","21,523","320,372","15,507",881,367,133,"5,636,494","314,875","5,951,369","92,172","23,109","9,309","2,456"
Locality: 810 VIRGINIA BEACH CITY,0067,067 - EASTERN SHORE,"1,893",259,"2,152",134,5,1,100,"298,849","21,523","320,372","15,507",881,367,133,"5,636,494","314,875","5,951,369","92,172","23,109","9,309","2,456"
Locality: 810 VIRGINIA BEACH CITY,0068,068 - MANOR,"2,726",192,"2,918",96,6,2,100,"298,849","21,523","320,372","15,507",881,367,133,"5,636,494","314,875","5,951,369","92,172","23,109","9,309","2,456"
Locality: 810 VIRGINIA BEACH CITY,0069,069 - SHELL,"2,623",254,"2,877",172,4,1,100,"298,849","21,523","320,372","15,507",881,367,133,"5,636,494","314,875","5,951,369","92,172","23,109","9,309","2,456"
Locality: 810 VIRGINIA BEACH CITY,0070,070 - CORPORATE LANDING,"3,946",298,"4,244",244,5,,100,"298,849","21,523","320,372","15,507",881,367,133,"5,636,494","314,875","5,951,369","92,172","23,109","9,309","2,456"
Locality: 810 VIRGINIA BEACH CITY,0071,071 - ROUND HILL,"1,877",93,"1,970",92,8,2,100,"298,849","21,523","320,372","15,507",881,367,133,"5,636,494","314,875","5,951,369","92,172","23,109","9,309","2,456"
Locality: 810 VIRGINIA BEACH CITY,0072,072 - RUDEE,"3,005",232,"3,237",67,11,7,100,"298,849","21,523","320,372","15,507",881,367,133,"5,636,494","314,875","5,951,369","92,172","23,109","9,309","2,456"
Locality: 810 VIRGINIA BEACH CITY,0073,073 - DAHLIA,"3,028",225,"3,253",211,4,5,100,"298,849","21,523","320,372","15,507",881,367,133,"5,636,494","314,875","5,951,369","92,172","23,109","9,309","2,456"
Locality: 810 VIRGINIA BEACH CITY,0074,074 - BUCKNER,"2,735",382,"3,117",111,3,2,100,"298,849","21,523","320,372","15,507",881,367,133,"5,636,494","314,875","5,951,369","92,172","23,109","9,309","2,456"
Locality: 810 VIRGINIA BEACH CITY,0075,075 - COLONY,"3,525",179,"3,704",141,18,9,100,"298,849","21,523","320,372","15,507",881,367,133,"5,636,494","314,875","5,951,369","92,172","23,109","9,309","2,456"
Locality: 810 VIRGINIA BEACH CITY,0076,076 - VILLAGE,"3,378",379,"3,757",199,4,1,100,"298,849","21,523","320,372","15,507",881,367,133,"5,636,494","314,875","5,951,369","92,172","23,109","9,309","2,456"
Locality: 810 VIRGINIA BEACH CITY,0077,077 - BROOKWOOD,"3,093",373,"3,466",181,4,1,100,"298,849","21,523","320,372","15,507",881,367,133,"5,636,494","314,875","5,951,369","92,172","23,109","9,309","2,456"
Locality: 810 VIRGINIA BEACH CITY,0078,078 - INDIAN LAKES,"2,646",165,"2,811",185,8,2,100,"298,849","21,523","320,372","15,507",881,367,133,"5,636,494","314,875","5,951,369","92,172","23,109","9,309","2,456"
Locality: 810 VIRGINIA BEACH CITY,0079,079 - PLEASANT HALL,"3,060",219,"3,279",151,6,1,100,"298,849","21,523","320,372","15,507",881,367,133,"5,636,494","314,875","5,951,369","92,172","23,109","9,309","2,456"
Locality: 810 VIRGINIA BEACH CITY,0080,080 - CHIMNEY HILL,"2,710",224,"2,934",169,4,2,100,"298,849","21,523","320,372","15,507",881,367,133,"5,636,494","314,875","5,951,369","92,172","23,109","9,309","2,456"
Locality: 810 VIRGINIA BEACH CITY,0081,081 - ROCK LAKE,"3,487",197,"3,684",225,10,2,100,"298,849","21,523","320,372","15,507",881,367,133,"5,636,494","314,875","5,951,369","92,172","23,109","9,309","2,456"
Locality: 810 VIRGINIA BEACH CITY,0082,082 - SHELBURNE,"2,502",134,"2,636",143,4,5,100,"298,849","21,523","320,372","15,507",881,367,133,"5,636,494","314,875","5,951,369","92,172","23,109","9,309","2,456"
Locality: 810 VIRGINIA BEACH CITY,0083,083 - STRAWBRIDGE,"3,434",185,"3,619",260,18,1,100,"298,849","21,523","320,372","15,507",881,367,133,"5,636,494","314,875","5,951,369","92,172","23,109","9,309","2,456"
Locality: 810 VIRGINIA BEACH CITY,0084,084 - TALLWOOD,"2,999",290,"3,289",178,18,3,100,"298,849","21,523","320,372","15,507",881,367,133,"5,636,494","314,875","5,951,369","92,172","23,109","9,309","2,456"
Locality: 810 VIRGINIA BEACH CITY,0085,085 - UPTON,"3,794",185,"3,979",189,11,6,100,"298,849","21,523","320,372","15,507",881,367,133,"5,636,494","314,875","5,951,369","92,172","23,109","9,309","2,456"
Locality: 810 VIRGINIA BEACH CITY,0086,086 - HAYGOOD,"3,258",158,"3,416",150,12,5,100,"298,849","21,523","320,372","15,507",881,367,133,"5,636,494","314,875","5,951,369","92,172","23,109","9,309","2,456"
Locality: 810 VIRGINIA BEACH CITY,0087,087 - HILLCREST,"2,740",126,"2,866",163,13,2,100,"298,849","21,523","320,372","15,507",881,367,133,"5,636,494","314,875","5,951,369","92,172","23,109","9,309","2,456"
Locality: 810 VIRGINIA BEACH CITY,0088,088 - NORTH LANDING,"2,813",143,"2,956",229,8,1,100,"298,849","21,523","320,372","15,507",881,367,133,"5,636,494","314,875","5,951,369","92,172","23,109","9,309","2,456"
Locality: 810 VIRGINIA BEACH CITY,0089,089 - LAKE CHRISTOPHER,"2,890",128,"3,018",162,18,5,100,"298,849","21,523","320,372","15,507",881,367,133,"5,636,494","314,875","5,951,369","92,172","23,109","9,309","2,456"
Locality: 810 VIRGINIA BEACH CITY,0090,090 - LAKE JOYCE,"2,141",115,"2,256",120,8,3,100,"298,849","21,523","320,372","15,507",881,367,133,"5,636,494","314,875","5,951,369","92,172","23,109","9,309","2,456"
Locality: 810 VIRGINIA BEACH CITY,0091,091 - LEXINGTON,"3,295",236,"3,531",261,8,7,100,"298,849","21,523","320,372","15,507",881,367,133,"5,636,494","314,875","5,951,369","92,172","23,109","9,309","2,456"
Locality: 810 VIRGINIA BEACH CITY,0092,092 - LITTLE NECK,"2,050",101,"2,151",62,4,5,100,"298,849","21,523","320,372","15,507",881,367,133,"5,636,494","314,875","5,951,369","92,172","23,109","9,309","2,456"
Locality: 810 VIRGINIA BEACH CITY,0093,093 - NEWTOWN,"3,509",466,"3,975",215,4,1,100,"298,849","21,523","320,372","15,507",881,367,133,"5,636,494","314,875","5,951,369","92,172","23,109","9,309","2,456"
Locality: 810 VIRGINIA BEACH CITY,0094,094 - PINEWOOD,"1,680",81,"1,761",60,7,1,100,"298,849","21,523","320,372","15,507",881,367,133,"5,636,494","314,875","5,951,369","92,172","23,109","9,309","2,456"
Locality: 810 VIRGINIA BEACH CITY,0095,095 - DAM NECK,"2,170",151,"2,321",140,8,2,100,"298,849","21,523","320,372","15,507",881,367,133,"5,636,494","314,875","5,951,369","92,172","23,109","9,309","2,456"
Locality: 810 VIRGINIA BEACH CITY,0096,096 - HILLTOP,"2,587",226,"2,813",89,5,5,100,"298,849","21,523","320,372","15,507",881,367,133,"5,636,494","314,875","5,951,369","92,172","23,109","9,309","2,456"
Locality: 810 VIRGINIA BEACH CITY,0097,097 - INDIAN RIVER,"2,834",244,"3,078",177,4,1,100,"298,849","21,523","320,372","15,507",881,367,133,"5,636,494","314,875","5,951,369","92,172","23,109","9,309","2,456"
Locality: 810 VIRGINIA BEACH CITY,0098,098 - INDEPENDENCE,"1,945",341,"2,286",188,3,,100,"298,849","21,523","320,372","15,507",881,367,133,"5,636,494","314,875","5,951,369","92,172","23,109","9,309","2,456"
Locality: 810 VIRGINIA BEACH CITY,0099,099 - SALEM WOODS,"2,461",180,"2,641",171,1,2,100,"298,849","21,523","320,372","15,507",881,367,133,"5,636,494","314,875","5,951,369","92,172","23,109","9,309","2,456"
Locality: 810 VIRGINIA BEACH CITY,0100,100 - SANDBRIDGE,"1,380",132,"1,512",44,8,3,100,"298,849","21,523","320,372","15,507",881,367,133,"5,636,494","314,875","5,951,369","92,172","23,109","9,309","2,456"
Locality: 820 WAYNESBORO CITY,0001,001 - WARD A,"2,658",156,"2,814",16,,1,4,"14,012",805,"14,817",71,28,7,133,"5,636,494","314,875","5,951,369","92,172","23,109","9,309","2,456"
Locality: 820 WAYNESBORO CITY,0002,002 - WARD B,"3,557",201,"3,758",15,20,3,4,"14,012",805,"14,817",71,28,7,133,"5,636,494","314,875","5,951,369","92,172","23,109","9,309","2,456"
Locality: 820 WAYNESBORO CITY,0003,003 - WARD C,"3,520",223,"3,743",24,3,,4,"14,012",805,"14,817",71,28,7,133,"5,636,494","314,875","5,951,369","92,172","23,109","9,309","2,456"
Locality: 820 WAYNESBORO CITY,0004,004 - WARD D,"4,277",225,"4,502",16,5,3,4,"14,012",805,"14,817",71,28,7,133,"5,636,494","314,875","5,951,369","92,172","23,109","9,309","2,456"
Locality: 830 WILLIAMSBURG CITY,0001,001 - STRYKER,"5,629",503,"6,132",107,32,17,2,"9,101",824,"9,925",147,70,29,133,"5,636,494","314,875","5,951,369","92,172","23,109","9,309","2,456"
Locality: 830 WILLIAMSBURG CITY,0002,002 - MATOAKA,"3,472",321,"3,793",40,38,12,2,"9,101",824,"9,925",147,70,29,133,"5,636,494","314,875","5,951,369","92,172","23,109","9,309","2,456"
Locality: 840 WINCHESTER CITY,0101,101 - MERRIMANS,"3,138",188,"3,326",26,23,9,6,"16,368","1,275","17,643",117,53,27,133,"5,636,494","314,875","5,951,369","92,172","23,109","9,309","2,456"
Locality: 840 WINCHESTER CITY,0102,102 - OLD TOWN,"2,322",136,"2,458",13,10,5,6,"16,368","1,275","17,643",117,53,27,133,"5,636,494","314,875","5,951,369","92,172","23,109","9,309","2,456"
Locality: 840 WINCHESTER CITY,0201,201 - VIRGINIA AVENUE,"3,278",339,"3,617",17,6,5,6,"16,368","1,275","17,643",117,53,27,133,"5,636,494","314,875","5,951,369","92,172","23,109","9,309","2,456"
Locality: 840 WINCHESTER CITY,0301,301 - WAR MEMORIAL,"3,172",284,"3,456",19,7,,6,"16,368","1,275","17,643",117,53,27,133,"5,636,494","314,875","5,951,369","92,172","23,109","9,309","2,456"
Locality: 840 WINCHESTER CITY,0401,401 - FREDERICK DOUGLASS,"1,827",196,"2,023",19,2,,6,"16,368","1,275","17,643",117,53,27,133,"5,636,494","314,875","5,951,369","92,172","23,109","9,309","2,456"
Locality: 840 WINCHESTER CITY,0402,402 - ROLLING HILLS,"2,631",132,"2,763",23,5,8,6,"16,368","1,275","17,643",117,53,27,133,"5,636,494","314,875","5,951,369","92,172","23,109","9,309","2,456"

